frame_id,rack_id,track_id,class_id,class_name,confidence,xmin,ymin,xmax,ymax,cx,cy
frame_0,Rack_1,51,1,a&w_small,0.8204970955848694,567,156,598,217,582,186
frame_0,Rack_1,53,1,a&w_small,0.8047189712524414,543,157,566,218,554,187
frame_0,Rack_1,44,1,a&w_small,0.8420193791389465,517,156,542,220,529,188
frame_0,Rack_1,37,1,a&w_small,0.8634569048881531,488,158,516,221,502,189
frame_0,Rack_1,26,1,a&w_small,0.8787470459938049,460,157,486,222,473,189
frame_0,Rack_1,32,1,a&w_small,0.8677460551261902,429,159,459,223,444,191
frame_0,Rack_1,29,1,a&w_small,0.8726724982261658,404,157,427,223,415,190
frame_0,Rack_1,43,4,coke_small,0.8435607552528381,380,157,403,223,391,190
frame_0,Rack_1,35,4,coke_small,0.8659072518348694,354,158,379,223,366,190
frame_0,Rack_1,45,4,coke_small,0.8381999731063843,328,157,354,224,341,190
frame_0,Rack_1,50,4,coke_small,0.8279169201850891,304,158,327,224,315,191
frame_0,Rack_1,30,4,coke_small,0.8723557591438293,277,160,303,223,290,191
frame_0,Rack_1,42,17,sprite_small,0.8501341938972473,248,159,275,230,261,194
frame_0,Rack_1,24,17,sprite_small,0.8927146792411804,225,160,248,238,236,199
frame_0,Rack_1,34,17,sprite_small,0.8663182258605957,206,162,225,239,215,200
frame_0,Rack_1,36,17,sprite_small,0.8649516105651855,181,165,206,241,193,203
frame_0,Rack_1,31,8,dew_med,0.8687416911125183,153,167,180,255,166,211
frame_0,Rack_1,20,8,dew_med,0.9019550681114197,128,169,152,257,140,213
frame_0,Rack_1,13,8,dew_med,0.9139928221702576,102,170,127,258,114,214
frame_0,Rack_1,12,8,dew_med,0.9142274260520935,78,174,101,259,89,216
frame_0,Rack_1,18,8,dew_med,0.9071424007415771,56,176,78,259,67,217
frame_0,Rack_1,14,8,dew_med,0.9117621183395386,32,176,55,261,43,218
frame_0,Rack_1,49,8,dew_med,0.8298448920249939,1,176,31,263,16,219
frame_0,Rack_2,52,3,coke_med,0.816907525062561,560,266,597,346,578,306
frame_0,Rack_2,40,3,coke_med,0.8536534309387207,524,265,559,346,541,305
frame_0,Rack_2,39,3,coke_med,0.85908043384552,497,265,523,347,510,306
frame_0,Rack_2,46,3,coke_med,0.8365819454193115,466,266,497,349,481,307
frame_0,Rack_2,21,3,coke_med,0.9006564617156982,437,265,466,349,451,307
frame_0,Rack_2,56,6,coke_v_med,0.581382691860199,408,263,437,350,422,306
frame_0,Rack_2,48,6,coke_v_med,0.8318042755126953,379,260,408,350,393,305
frame_0,Rack_2,33,6,coke_v_med,0.8665835857391357,349,254,379,350,364,302
frame_0,Rack_2,9,2,anw_med,0.9247889518737793,320,262,349,349,334,305
frame_0,Rack_2,23,2,anw_med,0.8972713947296143,289,264,320,349,304,306
frame_0,Rack_2,1,2,anw_med,0.9364275336265564,259,263,289,349,274,306
frame_0,Rack_2,28,2,anw_med,0.8739809989929199,230,265,258,349,244,307
frame_0,Rack_2,22,2,anw_med,0.9004443287849426,201,265,229,348,215,306
frame_0,Rack_2,41,15,pepsi_med,0.8512169718742371,165,272,192,349,178,310
frame_0,Rack_2,25,15,pepsi_med,0.8868507742881775,137,270,164,350,150,310
frame_0,Rack_2,10,15,pepsi_med,0.9215570092201233,109,270,136,352,122,311
frame_0,Rack_2,16,15,pepsi_med,0.9080752730369568,84,273,109,351,96,312
frame_0,Rack_2,15,15,pepsi_med,0.9116055369377136,56,275,83,350,69,312
frame_0,Rack_2,55,13,kick_med,0.6883307099342346,25,276,54,351,39,313
frame_0,Rack_2,54,13,kick_med,0.7294855117797852,2,278,25,351,13,314
frame_0,Rack_3,4,7,coke_z_big,0.933186948299408,508,374,555,492,531,433
frame_0,Rack_3,5,7,coke_z_big,0.9325025081634521,467,374,508,492,487,433
frame_0,Rack_3,3,7,coke_z_big,0.9349534511566162,426,376,466,492,446,434
frame_0,Rack_3,6,7,coke_z_big,0.9301919937133789,386,375,426,492,406,433
frame_0,Rack_3,27,5,coke_v_big,0.8773346543312073,347,375,384,492,365,433
frame_0,Rack_3,19,5,coke_v_big,0.9023509621620178,309,375,347,492,328,433
frame_0,Rack_3,17,5,coke_v_big,0.9072636961936951,273,375,308,491,290,433
frame_0,Rack_3,7,5,coke_v_big,0.9283520579338074,236,376,273,491,254,433
frame_0,Rack_3,2,5,coke_v_big,0.9358803033828735,198,378,235,492,216,435
frame_0,Rack_3,8,14,pepsi_big,0.925361156463623,162,375,197,492,179,433
frame_0,Rack_3,11,14,pepsi_big,0.9201093316078186,130,376,162,492,146,434
frame_0,Rack_3,47,14,pepsi_big,0.8349126577377319,96,376,131,491,113,433
frame_0,Rack_3,38,10,fanta_grape_big,0.8590825796127319,44,376,96,492,70,434
frame_1,Rack_1,51,1,a&w_small,0.7635445594787598,569,160,598,216,583,188
frame_1,Rack_1,53,1,a&w_small,0.802955687046051,543,160,566,218,554,189
frame_1,Rack_1,44,1,a&w_small,0.8177385330200195,517,159,542,220,529,189
frame_1,Rack_1,37,1,a&w_small,0.8427172303199768,488,160,515,221,501,190
frame_1,Rack_1,26,1,a&w_small,0.8749855160713196,460,159,486,223,473,191
frame_1,Rack_1,32,1,a&w_small,0.8595765233039856,429,160,458,224,443,192
frame_1,Rack_1,29,1,a&w_small,0.8544819951057434,405,159,428,223,416,191
frame_1,Rack_1,43,4,coke_small,0.8332225680351257,380,160,403,224,391,192
frame_1,Rack_1,35,4,coke_small,0.8634192943572998,355,160,379,224,367,192
frame_1,Rack_1,45,4,coke_small,0.833925187587738,329,159,354,224,341,191
frame_1,Rack_1,50,4,coke_small,0.7976157665252686,305,161,327,225,316,193
frame_1,Rack_1,30,4,coke_small,0.8562772870063782,278,163,304,224,291,193
frame_1,Rack_1,42,17,sprite_small,0.860917866230011,250,162,274,226,262,194
frame_1,Rack_1,24,17,sprite_small,0.8433208465576172,227,162,247,232,237,197
frame_1,Rack_1,34,17,sprite_small,0.8566595315933228,207,164,225,237,216,200
frame_1,Rack_1,36,17,sprite_small,0.8416248559951782,182,166,206,240,194,203
frame_1,Rack_1,31,8,dew_med,0.8626666069030762,154,167,180,254,167,210
frame_1,Rack_1,20,8,dew_med,0.8891992568969727,129,169,152,257,140,213
frame_1,Rack_1,13,8,dew_med,0.9199988842010498,102,171,127,258,114,214
frame_1,Rack_1,12,8,dew_med,0.8925141096115112,78,174,101,258,89,216
frame_1,Rack_1,18,8,dew_med,0.8926358819007874,57,176,78,259,67,217
frame_1,Rack_1,14,8,dew_med,0.9007753133773804,32,177,56,261,44,219
frame_1,Rack_1,49,8,dew_med,0.7611818909645081,3,176,32,262,17,219
frame_1,Rack_2,52,3,coke_med,0.8783398866653442,557,241,605,346,581,293
frame_1,Rack_2,40,3,coke_med,0.8795858025550842,519,245,564,347,541,296
frame_1,Rack_2,39,3,coke_med,0.8504595160484314,497,267,523,348,510,307
frame_1,Rack_2,46,3,coke_med,0.8150005340576172,466,264,497,349,481,306
frame_1,Rack_2,21,3,coke_med,0.884141206741333,436,262,467,350,451,306
frame_1,Rack_2,56,6,coke_v_med,0.5837329626083374,408,264,437,350,422,307
frame_1,Rack_2,48,6,coke_v_med,0.7924616932868958,379,260,408,350,393,305
frame_1,Rack_2,33,6,coke_v_med,0.8562915325164795,349,253,379,349,364,301
frame_1,Rack_2,9,2,anw_med,0.9220604300498962,321,262,350,349,335,305
frame_1,Rack_2,23,2,anw_med,0.8878380060195923,290,266,320,349,305,307
frame_1,Rack_2,1,2,anw_med,0.9098792672157288,259,265,288,349,273,307
frame_1,Rack_2,28,2,anw_med,0.8835354447364807,230,267,258,349,244,308
frame_1,Rack_2,22,2,anw_med,0.9078820943832397,201,267,229,348,215,307
frame_1,Rack_2,41,15,pepsi_med,0.851881206035614,166,274,192,349,179,311
frame_1,Rack_2,25,15,pepsi_med,0.8959078192710876,137,272,164,350,150,311
frame_1,Rack_2,10,15,pepsi_med,0.9159443974494934,110,271,136,352,123,311
frame_1,Rack_2,16,15,pepsi_med,0.8990190029144287,84,274,109,351,96,312
frame_1,Rack_2,15,15,pepsi_med,0.9134463667869568,56,275,83,350,69,312
frame_1,Rack_2,55,13,kick_med,0.7038373947143555,25,276,55,351,40,313
frame_1,Rack_2,54,13,kick_med,0.7471222281455994,4,279,27,351,15,315
frame_1,Rack_3,4,7,coke_z_big,0.9384980201721191,509,375,555,491,532,433
frame_1,Rack_3,5,7,coke_z_big,0.930467963218689,467,375,508,491,487,433
frame_1,Rack_3,3,7,coke_z_big,0.9342271685600281,427,376,466,492,446,434
frame_1,Rack_3,6,7,coke_z_big,0.9280824661254883,386,375,426,492,406,433
frame_1,Rack_3,27,5,coke_v_big,0.8782932758331299,348,375,384,492,366,433
frame_1,Rack_3,19,5,coke_v_big,0.90446537733078,309,375,347,492,328,433
frame_1,Rack_3,17,5,coke_v_big,0.9088075160980225,273,375,308,491,290,433
frame_1,Rack_3,7,5,coke_v_big,0.9309601187705994,236,376,273,491,254,433
frame_1,Rack_3,2,5,coke_v_big,0.9329800009727478,198,378,236,491,217,434
frame_1,Rack_3,8,14,pepsi_big,0.9233685731887817,162,375,198,491,180,433
frame_1,Rack_3,11,14,pepsi_big,0.9266630411148071,131,376,162,491,146,433
frame_1,Rack_3,47,14,pepsi_big,0.9025822281837463,96,376,131,491,113,433
frame_1,Rack_3,38,10,fanta_grape_big,0.892798125743866,46,376,97,491,71,433
frame_2,Rack_1,51,1,a&w_small,0.7703254222869873,569,160,598,216,583,188
frame_2,Rack_1,53,1,a&w_small,0.801192581653595,544,160,566,218,555,189
frame_2,Rack_1,44,1,a&w_small,0.8163185715675354,518,160,542,220,530,190
frame_2,Rack_1,37,1,a&w_small,0.8442774415016174,488,160,515,221,501,190
frame_2,Rack_1,26,1,a&w_small,0.8707937002182007,460,160,486,223,473,191
frame_2,Rack_1,32,1,a&w_small,0.8461189866065979,430,161,459,224,444,192
frame_2,Rack_1,29,1,a&w_small,0.8522371053695679,405,159,428,225,416,192
frame_2,Rack_1,43,4,coke_small,0.8433085083961487,380,160,403,224,391,192
frame_2,Rack_1,35,4,coke_small,0.8719255328178406,355,160,379,225,367,192
frame_2,Rack_1,45,4,coke_small,0.8620960712432861,329,161,353,225,341,193
frame_2,Rack_1,50,4,coke_small,0.8177332878112793,305,161,328,225,316,193
frame_2,Rack_1,30,4,coke_small,0.8786069750785828,278,163,304,225,291,194
frame_2,Rack_1,42,17,sprite_small,0.8439174890518188,250,163,274,226,262,194
frame_2,Rack_1,24,17,sprite_small,0.8650623559951782,227,163,247,231,237,197
frame_2,Rack_1,34,17,sprite_small,0.8668752312660217,207,164,225,235,216,199
frame_2,Rack_1,36,17,sprite_small,0.8512873649597168,182,166,206,239,194,202
frame_2,Rack_1,31,8,dew_med,0.8685688972473145,154,167,181,254,167,210
frame_2,Rack_1,20,8,dew_med,0.8946778774261475,129,169,153,257,141,213
frame_2,Rack_1,13,8,dew_med,0.9035974144935608,103,171,128,258,115,214
frame_2,Rack_1,12,8,dew_med,0.8997910618782043,79,174,102,258,90,216
frame_2,Rack_1,18,8,dew_med,0.9057667851448059,57,176,78,259,67,217
frame_2,Rack_1,14,8,dew_med,0.9009169340133667,33,177,56,261,44,219
frame_2,Rack_1,49,8,dew_med,0.8306488394737244,3,176,33,263,18,219
frame_2,Rack_2,52,3,coke_med,0.8790320158004761,556,237,606,346,581,291
frame_2,Rack_2,40,3,coke_med,0.8719050288200378,519,242,564,347,541,294
frame_2,Rack_2,39,3,coke_med,0.8469770550727844,497,267,523,348,510,307
frame_2,Rack_2,46,3,coke_med,0.8043383359909058,467,265,497,349,482,307
frame_2,Rack_2,21,3,coke_med,0.8860704302787781,437,265,467,349,452,307
frame_2,Rack_2,56,6,coke_v_med,0.5504927039146423,408,264,437,350,422,307
frame_2,Rack_2,48,6,coke_v_med,0.785191535949707,380,262,407,350,393,306
frame_2,Rack_2,33,6,coke_v_med,0.860333263874054,350,255,379,349,364,302
frame_2,Rack_2,9,2,anw_med,0.9206904768943787,321,261,350,349,335,305
frame_2,Rack_2,23,2,anw_med,0.8887423276901245,290,266,320,349,305,307
frame_2,Rack_2,1,2,anw_med,0.9161567687988281,260,265,289,349,274,307
frame_2,Rack_2,28,2,anw_med,0.8849216103553772,231,267,258,349,244,308
frame_2,Rack_2,22,2,anw_med,0.9103739261627197,201,268,229,348,215,308
frame_2,Rack_2,41,15,pepsi_med,0.8647853136062622,166,273,192,349,179,311
frame_2,Rack_2,25,15,pepsi_med,0.9140251278877258,138,272,164,350,151,311
frame_2,Rack_2,10,15,pepsi_med,0.907795250415802,110,272,136,352,123,312
frame_2,Rack_2,16,15,pepsi_med,0.899562656879425,84,274,110,351,97,312
frame_2,Rack_2,15,15,pepsi_med,0.919123649597168,56,275,84,350,70,312
frame_2,Rack_2,55,13,kick_med,0.5532170534133911,26,276,55,351,40,313
frame_2,Rack_2,54,13,kick_med,0.7351431846618652,5,279,28,351,16,315
frame_2,Rack_3,4,7,coke_z_big,0.9379416704177856,509,377,554,491,531,434
frame_2,Rack_3,5,7,coke_z_big,0.9283613562583923,467,377,508,491,487,434
frame_2,Rack_3,3,7,coke_z_big,0.936618983745575,427,378,466,492,446,435
frame_2,Rack_3,6,7,coke_z_big,0.9248998165130615,387,377,426,492,406,434
frame_2,Rack_3,27,5,coke_v_big,0.8739392161369324,348,376,384,492,366,434
frame_2,Rack_3,19,5,coke_v_big,0.9062964916229248,309,376,347,492,328,434
frame_2,Rack_3,17,5,coke_v_big,0.9023306369781494,274,376,309,491,291,433
frame_2,Rack_3,7,5,coke_v_big,0.9285237789154053,236,377,273,491,254,434
frame_2,Rack_3,2,5,coke_v_big,0.9290659427642822,199,378,236,491,217,434
frame_2,Rack_3,8,14,pepsi_big,0.9209595322608948,163,376,198,491,180,433
frame_2,Rack_3,11,14,pepsi_big,0.9278354048728943,131,377,162,491,146,434
frame_2,Rack_3,47,14,pepsi_big,0.914484977722168,97,377,131,491,114,434
frame_2,Rack_3,38,10,fanta_grape_big,0.8917995095252991,49,377,99,491,74,434
frame_2,Rack_3,57,10,fanta_grape_big,0.6293856501579285,31,377,56,491,43,434
frame_3,Rack_1,51,1,a&w_small,0.7758423686027527,569,160,598,216,583,188
frame_3,Rack_1,53,1,a&w_small,0.8072329163551331,544,160,566,218,555,189
frame_3,Rack_1,44,1,a&w_small,0.8207160830497742,518,160,542,220,530,190
frame_3,Rack_1,37,1,a&w_small,0.8551074862480164,489,160,516,221,502,190
frame_3,Rack_1,26,1,a&w_small,0.8777506947517395,460,160,486,223,473,191
frame_3,Rack_1,32,1,a&w_small,0.8617925643920898,430,161,459,224,444,192
frame_3,Rack_1,29,1,a&w_small,0.8500746488571167,406,159,428,224,417,191
frame_3,Rack_1,43,4,coke_small,0.8465830087661743,381,160,403,224,392,192
frame_3,Rack_1,35,4,coke_small,0.8636323809623718,355,161,379,225,367,193
frame_3,Rack_1,45,4,coke_small,0.8599373698234558,329,160,354,225,341,192
frame_3,Rack_1,50,4,coke_small,0.8387753367424011,305,161,328,225,316,193
frame_3,Rack_1,30,4,coke_small,0.8474851250648499,279,163,304,224,291,193
frame_3,Rack_1,42,17,sprite_small,0.836883008480072,250,163,274,227,262,195
frame_3,Rack_1,24,17,sprite_small,0.8515560626983643,227,163,248,234,237,198
frame_3,Rack_1,34,17,sprite_small,0.87861567735672,207,164,226,238,216,201
frame_3,Rack_1,36,17,sprite_small,0.8681032061576843,183,166,207,240,195,203
frame_3,Rack_1,31,8,dew_med,0.8610333800315857,154,168,181,254,167,211
frame_3,Rack_1,20,8,dew_med,0.8847233653068542,129,169,153,257,141,213
frame_3,Rack_1,13,8,dew_med,0.9390164613723755,103,172,128,258,115,215
frame_3,Rack_1,12,8,dew_med,0.8785726428031921,79,174,102,258,90,216
frame_3,Rack_1,18,8,dew_med,0.9016890525817871,58,176,79,259,68,217
frame_3,Rack_1,14,8,dew_med,0.8981508016586304,34,178,57,261,45,219
frame_3,Rack_1,49,8,dew_med,0.8608934879302979,5,177,34,263,19,220
frame_3,Rack_2,52,3,coke_med,0.8564251661300659,556,237,605,346,580,291
frame_3,Rack_2,40,3,coke_med,0.8546274900436401,519,242,564,347,541,294
frame_3,Rack_2,39,3,coke_med,0.8546992540359497,497,268,523,348,510,308
frame_3,Rack_2,46,3,coke_med,0.818170964717865,467,268,497,349,482,308
frame_3,Rack_2,21,3,coke_med,0.8638868927955627,437,266,467,349,452,307
frame_3,Rack_2,56,6,coke_v_med,0.6530255079269409,409,265,437,350,423,307
frame_3,Rack_2,48,6,coke_v_med,0.7762090563774109,379,256,409,350,394,303
frame_3,Rack_2,33,6,coke_v_med,0.8506819605827332,350,251,380,349,365,300
frame_3,Rack_2,9,2,anw_med,0.9168683290481567,321,257,351,349,336,303
frame_3,Rack_2,23,2,anw_med,0.8623565435409546,290,263,321,350,305,306
frame_3,Rack_2,1,2,anw_med,0.9076635241508484,260,266,289,349,274,307
frame_3,Rack_2,28,2,anw_med,0.8871925473213196,231,267,259,349,245,308
frame_3,Rack_2,22,2,anw_med,0.90427166223526,202,268,230,348,216,308
frame_3,Rack_2,41,15,pepsi_med,0.8641604781150818,166,272,193,349,179,310
frame_3,Rack_2,25,15,pepsi_med,0.9322772026062012,138,272,165,350,151,311
frame_3,Rack_2,10,15,pepsi_med,0.9246494174003601,110,272,136,352,123,312
frame_3,Rack_2,16,15,pepsi_med,0.9030658006668091,85,274,110,351,97,312
frame_3,Rack_2,15,15,pepsi_med,0.9176823496818542,57,275,84,350,70,312
frame_3,Rack_2,55,13,kick_med,0.7022252678871155,26,276,55,352,40,314
frame_3,Rack_2,54,13,kick_med,0.8212177753448486,5,278,28,352,16,315
frame_3,Rack_3,4,7,coke_z_big,0.9362285733222961,509,377,555,492,532,434
frame_3,Rack_3,5,7,coke_z_big,0.9304395914077759,467,377,508,491,487,434
frame_3,Rack_3,3,7,coke_z_big,0.9362547993659973,427,379,466,492,446,435
frame_3,Rack_3,6,7,coke_z_big,0.9242515563964844,387,377,426,492,406,434
frame_3,Rack_3,27,5,coke_v_big,0.869541347026825,348,376,385,492,366,434
frame_3,Rack_3,19,5,coke_v_big,0.9107027649879456,310,376,347,492,328,434
frame_3,Rack_3,17,5,coke_v_big,0.9024442434310913,274,376,309,491,291,433
frame_3,Rack_3,7,5,coke_v_big,0.9307281374931335,237,377,273,491,255,434
frame_3,Rack_3,2,5,coke_v_big,0.9217174053192139,199,378,236,491,217,434
frame_3,Rack_3,8,14,pepsi_big,0.9186994433403015,163,377,198,491,180,434
frame_3,Rack_3,11,14,pepsi_big,0.9319632649421692,132,377,163,491,147,434
frame_3,Rack_3,47,14,pepsi_big,0.8844192028045654,97,377,132,491,114,434
frame_3,Rack_3,38,10,fanta_grape_big,0.8987902402877808,50,378,101,491,75,434
frame_3,Rack_3,57,10,fanta_grape_big,0.5883660912513733,32,377,56,491,44,434
frame_4,Rack_1,51,1,a&w_small,0.7546023726463318,570,160,599,216,584,188
frame_4,Rack_1,53,1,a&w_small,0.8018408417701721,544,160,567,218,555,189
frame_4,Rack_1,44,1,a&w_small,0.823106050491333,518,160,543,220,530,190
frame_4,Rack_1,37,1,a&w_small,0.8453543186187744,489,160,516,221,502,190
frame_4,Rack_1,26,1,a&w_small,0.8746479153633118,461,160,487,223,474,191
frame_4,Rack_1,32,1,a&w_small,0.8627630472183228,431,161,459,224,445,192
frame_4,Rack_1,29,1,a&w_small,0.8454900979995728,406,159,429,224,417,191
frame_4,Rack_1,43,4,coke_small,0.8439247608184814,381,160,404,224,392,192
frame_4,Rack_1,35,4,coke_small,0.8522514700889587,355,161,379,225,367,193
frame_4,Rack_1,45,4,coke_small,0.8599422574043274,329,160,354,225,341,192
frame_4,Rack_1,50,4,coke_small,0.8511952757835388,305,162,328,224,316,193
frame_4,Rack_1,30,4,coke_small,0.8402419686317444,279,163,304,224,291,193
frame_4,Rack_1,42,17,sprite_small,0.8573246002197266,250,163,275,227,262,195
frame_4,Rack_1,24,17,sprite_small,0.8466021418571472,228,164,249,236,238,200
frame_4,Rack_1,34,17,sprite_small,0.8817358016967773,208,165,227,239,217,202
frame_4,Rack_1,36,17,sprite_small,0.8732313513755798,183,167,207,241,195,204
frame_4,Rack_1,31,8,dew_med,0.860379159450531,155,168,181,254,168,211
frame_4,Rack_1,20,8,dew_med,0.8856655955314636,130,169,153,257,141,213
frame_4,Rack_1,13,8,dew_med,0.9504572153091431,103,172,128,258,115,215
frame_4,Rack_1,12,8,dew_med,0.9028453826904297,79,174,102,259,90,216
frame_4,Rack_1,18,8,dew_med,0.890280544757843,58,177,79,259,68,218
frame_4,Rack_1,14,8,dew_med,0.9174477458000183,34,178,57,261,45,219
frame_4,Rack_1,49,8,dew_med,0.8339079022407532,5,177,34,263,19,220
frame_4,Rack_2,52,3,coke_med,0.8166447877883911,558,239,606,347,582,293
frame_4,Rack_2,40,3,coke_med,0.83766770362854,520,245,564,347,542,296
frame_4,Rack_2,39,3,coke_med,0.858323872089386,498,268,523,348,510,308
frame_4,Rack_2,46,3,coke_med,0.820467472076416,467,267,497,349,482,308
frame_4,Rack_2,21,3,coke_med,0.8690996170043945,438,266,467,349,452,307
frame_4,Rack_2,56,6,coke_v_med,0.6887162327766418,409,265,437,350,423,307
frame_4,Rack_2,48,6,coke_v_med,0.7802672386169434,379,253,409,350,394,301
frame_4,Rack_2,33,6,coke_v_med,0.8510145545005798,350,252,380,349,365,300
frame_4,Rack_2,9,2,anw_med,0.9240762591362,321,256,351,349,336,302
frame_4,Rack_2,23,2,anw_med,0.8621994853019714,290,265,321,350,305,307
frame_4,Rack_2,1,2,anw_med,0.9043756723403931,260,267,289,349,274,308
frame_4,Rack_2,28,2,anw_med,0.8835366368293762,231,267,259,349,245,308
frame_4,Rack_2,22,2,anw_med,0.909049928188324,202,268,230,348,216,308
frame_4,Rack_2,41,15,pepsi_med,0.8769178986549377,167,272,194,349,180,310
frame_4,Rack_2,25,15,pepsi_med,0.9320265650749207,138,272,165,350,151,311
frame_4,Rack_2,10,15,pepsi_med,0.9334368109703064,111,272,137,352,124,312
frame_4,Rack_2,16,15,pepsi_med,0.9013611078262329,85,274,111,352,98,313
frame_4,Rack_2,15,15,pepsi_med,0.9037607908248901,57,275,84,350,70,312
frame_4,Rack_2,55,13,kick_med,0.7217565774917603,27,276,56,352,41,314
frame_4,Rack_2,54,13,kick_med,0.8138055205345154,5,278,28,353,16,315
frame_4,Rack_3,4,7,coke_z_big,0.9391434788703918,509,378,555,491,532,434
frame_4,Rack_3,5,7,coke_z_big,0.9301335215568542,468,377,508,491,488,434
frame_4,Rack_3,3,7,coke_z_big,0.9340760111808777,428,379,466,492,447,435
frame_4,Rack_3,6,7,coke_z_big,0.9248161911964417,387,378,426,492,406,435
frame_4,Rack_3,27,5,coke_v_big,0.8682671785354614,348,377,385,492,366,434
frame_4,Rack_3,19,5,coke_v_big,0.9115548133850098,310,376,348,492,329,434
frame_4,Rack_3,17,5,coke_v_big,0.9035674333572388,274,376,309,491,291,433
frame_4,Rack_3,7,5,coke_v_big,0.9321489930152893,237,377,274,491,255,434
frame_4,Rack_3,2,5,coke_v_big,0.9151409268379211,199,378,237,491,218,434
frame_4,Rack_3,8,14,pepsi_big,0.9194876551628113,163,377,199,491,181,434
frame_4,Rack_3,11,14,pepsi_big,0.9298219084739685,132,377,164,491,148,434
frame_4,Rack_3,47,14,pepsi_big,0.8287780284881592,98,377,132,491,115,434
frame_4,Rack_3,38,10,fanta_grape_big,0.879921019077301,51,378,101,491,76,434
frame_4,Rack_3,57,10,fanta_grape_big,0.6358921527862549,33,377,57,491,45,434
frame_5,Rack_1,51,1,a&w_small,0.7413609027862549,570,160,599,216,584,188
frame_5,Rack_1,53,1,a&w_small,0.8100547790527344,544,160,567,218,555,189
frame_5,Rack_1,44,1,a&w_small,0.8251797556877136,519,160,543,220,531,190
frame_5,Rack_1,37,1,a&w_small,0.8336028456687927,489,161,516,221,502,191
frame_5,Rack_1,26,1,a&w_small,0.8684089183807373,461,160,487,223,474,191
frame_5,Rack_1,32,1,a&w_small,0.8644140958786011,431,161,460,224,445,192
frame_5,Rack_1,29,1,a&w_small,0.844498336315155,406,159,429,223,417,191
frame_5,Rack_1,43,4,coke_small,0.8431466221809387,381,160,404,224,392,192
frame_5,Rack_1,35,4,coke_small,0.8459699749946594,355,161,379,225,367,193
frame_5,Rack_1,45,4,coke_small,0.8597188591957092,329,160,354,225,341,192
frame_5,Rack_1,50,4,coke_small,0.8521912097930908,305,162,328,225,316,193
frame_5,Rack_1,30,4,coke_small,0.8489894270896912,279,163,304,224,291,193
frame_5,Rack_1,42,17,sprite_small,0.860402524471283,251,163,275,227,263,195
frame_5,Rack_1,24,17,sprite_small,0.8577507734298706,228,164,249,237,238,200
frame_5,Rack_1,34,17,sprite_small,0.8839274644851685,208,165,227,240,217,202
frame_5,Rack_1,36,17,sprite_small,0.8780081868171692,183,167,207,241,195,204
frame_5,Rack_1,31,8,dew_med,0.8512046337127686,155,168,181,255,168,211
frame_5,Rack_1,20,8,dew_med,0.8784314393997192,130,169,154,257,142,213
frame_5,Rack_1,13,8,dew_med,0.9523797035217285,103,171,129,258,116,214
frame_5,Rack_1,12,8,dew_med,0.917090654373169,80,174,103,259,91,216
frame_5,Rack_1,18,8,dew_med,0.8806481957435608,58,177,79,259,68,218
frame_5,Rack_1,14,8,dew_med,0.9069533348083496,34,179,58,261,46,220
frame_5,Rack_1,49,8,dew_med,0.7317978143692017,5,177,34,262,19,219
frame_5,Rack_2,52,3,coke_med,0.7836841940879822,558,239,606,347,582,293
frame_5,Rack_2,40,3,coke_med,0.847626805305481,521,244,564,347,542,295
frame_5,Rack_2,39,3,coke_med,0.8593606948852539,498,268,524,348,511,308
frame_5,Rack_2,46,3,coke_med,0.8201702833175659,468,266,498,349,483,307
frame_5,Rack_2,21,3,coke_med,0.8796085715293884,438,265,467,349,452,307
frame_5,Rack_2,56,6,coke_v_med,0.7089343070983887,409,265,438,350,423,307
frame_5,Rack_2,48,6,coke_v_med,0.7634655237197876,379,253,409,350,394,301
frame_5,Rack_2,33,6,coke_v_med,0.8509621024131775,350,253,380,350,365,301
frame_5,Rack_2,9,2,anw_med,0.9310352206230164,321,257,352,349,336,303
frame_5,Rack_2,23,2,anw_med,0.8835147619247437,291,266,321,350,306,308
frame_5,Rack_2,1,2,anw_med,0.8932044506072998,261,267,289,349,275,308
frame_5,Rack_2,28,2,anw_med,0.8816375732421875,232,267,259,349,245,308
frame_5,Rack_2,22,2,anw_med,0.9148995876312256,203,268,231,348,217,308
frame_5,Rack_2,41,15,pepsi_med,0.8871488571166992,167,272,194,349,180,310
frame_5,Rack_2,25,15,pepsi_med,0.9281507730484009,139,272,165,350,152,311
frame_5,Rack_2,10,15,pepsi_med,0.9330399036407471,111,273,137,352,124,312
frame_5,Rack_2,16,15,pepsi_med,0.9143103361129761,86,274,111,352,98,313
frame_5,Rack_2,15,15,pepsi_med,0.8992906212806702,58,275,85,350,71,312
frame_5,Rack_2,55,13,kick_med,0.6371802687644958,27,277,56,352,41,314
frame_5,Rack_2,54,13,kick_med,0.7849953770637512,5,279,28,353,16,316
frame_5,Rack_3,4,7,coke_z_big,0.9397301077842712,510,378,555,492,532,435
frame_5,Rack_3,5,7,coke_z_big,0.9354629516601562,468,377,508,492,488,434
frame_5,Rack_3,3,7,coke_z_big,0.9336082339286804,428,379,466,492,447,435
frame_5,Rack_3,6,7,coke_z_big,0.9283602237701416,387,378,426,492,406,435
frame_5,Rack_3,27,5,coke_v_big,0.8636873364448547,348,377,385,492,366,434
frame_5,Rack_3,19,5,coke_v_big,0.9131490588188171,310,376,348,492,329,434
frame_5,Rack_3,17,5,coke_v_big,0.9049601554870605,275,376,310,491,292,433
frame_5,Rack_3,7,5,coke_v_big,0.931071400642395,237,377,274,491,255,434
frame_5,Rack_3,2,5,coke_v_big,0.9128027558326721,199,378,237,492,218,435
frame_5,Rack_3,8,14,pepsi_big,0.9146335124969482,164,377,199,492,181,434
frame_5,Rack_3,11,14,pepsi_big,0.9366504549980164,133,377,164,491,148,434
frame_5,Rack_3,47,14,pepsi_big,0.8347346186637878,98,377,132,491,115,434
frame_5,Rack_3,38,10,fanta_grape_big,0.9145954251289368,52,378,102,492,77,435
frame_5,Rack_3,57,10,fanta_grape_big,0.5497376322746277,33,378,57,492,45,435
frame_6,Rack_1,51,1,a&w_small,0.7735596895217896,570,160,599,216,584,188
frame_6,Rack_1,53,1,a&w_small,0.819810688495636,544,160,567,218,555,189
frame_6,Rack_1,44,1,a&w_small,0.8188417553901672,519,160,543,220,531,190
frame_6,Rack_1,37,1,a&w_small,0.834182858467102,489,161,517,221,503,191
frame_6,Rack_1,26,1,a&w_small,0.8691616058349609,461,160,487,224,474,192
frame_6,Rack_1,32,1,a&w_small,0.8657548427581787,431,161,460,224,445,192
frame_6,Rack_1,29,1,a&w_small,0.8452825546264648,406,159,429,224,417,191
frame_6,Rack_1,43,4,coke_small,0.851271390914917,382,160,404,224,393,192
frame_6,Rack_1,35,4,coke_small,0.8483876585960388,356,161,380,224,368,192
frame_6,Rack_1,45,4,coke_small,0.853213369846344,329,161,354,224,341,192
frame_6,Rack_1,50,4,coke_small,0.8466140627861023,305,162,328,224,316,193
frame_6,Rack_1,30,4,coke_small,0.8589561581611633,279,163,305,224,292,193
frame_6,Rack_1,42,17,sprite_small,0.8533444404602051,251,163,275,227,263,195
frame_6,Rack_1,24,17,sprite_small,0.8571261763572693,228,164,250,236,239,200
frame_6,Rack_1,34,17,sprite_small,0.8796743750572205,209,165,228,240,218,202
frame_6,Rack_1,36,17,sprite_small,0.8811529874801636,184,167,208,241,196,204
frame_6,Rack_1,31,8,dew_med,0.8718996047973633,156,169,182,254,169,211
frame_6,Rack_1,20,8,dew_med,0.890963613986969,130,169,154,257,142,213
frame_6,Rack_1,13,8,dew_med,0.9549269080162048,104,171,129,258,116,214
frame_6,Rack_1,12,8,dew_med,0.924339234828949,80,174,103,259,91,216
frame_6,Rack_1,18,8,dew_med,0.9105935096740723,59,177,80,259,69,218
frame_6,Rack_1,14,8,dew_med,0.9059900641441345,35,179,58,261,46,220
frame_6,Rack_1,49,8,dew_med,0.8717702031135559,6,177,34,263,20,220
frame_6,Rack_2,52,3,coke_med,0.7686494588851929,558,239,606,347,582,293
frame_6,Rack_2,40,3,coke_med,0.8436223864555359,521,244,564,347,542,295
frame_6,Rack_2,39,3,coke_med,0.8565831780433655,498,268,524,348,511,308
frame_6,Rack_2,46,3,coke_med,0.8242167234420776,468,266,498,349,483,307
frame_6,Rack_2,21,3,coke_med,0.8840202689170837,438,264,468,349,453,306
frame_6,Rack_2,56,6,coke_v_med,0.6988944411277771,410,266,438,350,424,308
frame_6,Rack_2,48,6,coke_v_med,0.7984815835952759,379,254,409,350,394,302
frame_6,Rack_2,33,6,coke_v_med,0.8616536259651184,351,254,380,350,365,302
frame_6,Rack_2,9,2,anw_med,0.9342048168182373,322,259,352,349,337,304
frame_6,Rack_2,23,2,anw_med,0.8930745124816895,291,266,321,350,306,308
frame_6,Rack_2,1,2,anw_med,0.8878377676010132,261,267,290,349,275,308
frame_6,Rack_2,28,2,anw_med,0.8739025592803955,232,267,260,349,246,308
frame_6,Rack_2,22,2,anw_med,0.9156048893928528,203,268,231,349,217,308
frame_6,Rack_2,41,15,pepsi_med,0.8893647193908691,167,272,194,349,180,310
frame_6,Rack_2,25,15,pepsi_med,0.9207801222801208,139,273,166,350,152,311
frame_6,Rack_2,10,15,pepsi_med,0.926557719707489,112,273,137,352,124,312
frame_6,Rack_2,16,15,pepsi_med,0.9315445423126221,86,275,112,352,99,313
frame_6,Rack_2,15,15,pepsi_med,0.8885112404823303,59,276,86,351,72,313
frame_6,Rack_2,55,13,kick_med,0.6558319330215454,28,276,57,350,42,313
frame_6,Rack_2,54,13,kick_med,0.8010927438735962,5,278,28,352,16,315
frame_6,Rack_3,4,7,coke_z_big,0.9393776655197144,510,378,555,492,532,435
frame_6,Rack_3,5,7,coke_z_big,0.9301876425743103,468,377,508,492,488,434
frame_6,Rack_3,3,7,coke_z_big,0.9326781630516052,428,379,467,492,447,435
frame_6,Rack_3,6,7,coke_z_big,0.935150146484375,388,378,426,492,407,435
frame_6,Rack_3,27,5,coke_v_big,0.8643506765365601,349,377,385,492,367,434
frame_6,Rack_3,19,5,coke_v_big,0.911060631275177,310,376,348,492,329,434
frame_6,Rack_3,17,5,coke_v_big,0.9056864976882935,275,376,310,491,292,433
frame_6,Rack_3,7,5,coke_v_big,0.9303331971168518,238,377,274,491,256,434
frame_6,Rack_3,2,5,coke_v_big,0.9090566039085388,200,378,237,492,218,435
frame_6,Rack_3,8,14,pepsi_big,0.9160975217819214,164,377,199,492,181,434
frame_6,Rack_3,11,14,pepsi_big,0.9357121586799622,133,377,164,491,148,434
frame_6,Rack_3,47,14,pepsi_big,0.8232374787330627,98,378,133,492,115,435
frame_6,Rack_3,38,10,fanta_grape_big,0.8882246017456055,53,378,102,492,77,435
frame_7,Rack_1,51,1,a&w_small,0.7632796168327332,571,160,600,216,585,188
frame_7,Rack_1,53,1,a&w_small,0.8129690289497375,544,160,568,218,556,189
frame_7,Rack_1,44,1,a&w_small,0.8221337199211121,519,160,543,220,531,190
frame_7,Rack_1,37,1,a&w_small,0.8469194173812866,490,161,517,221,503,191
frame_7,Rack_1,26,1,a&w_small,0.8576676249504089,461,160,488,224,474,192
frame_7,Rack_1,32,1,a&w_small,0.8620169758796692,432,160,460,224,446,192
frame_7,Rack_1,29,1,a&w_small,0.850754976272583,407,159,429,224,418,191
frame_7,Rack_1,43,4,coke_small,0.8573192954063416,382,161,405,224,393,192
frame_7,Rack_1,35,4,coke_small,0.8715205192565918,356,161,380,224,368,192
frame_7,Rack_1,45,4,coke_small,0.8621785044670105,330,161,354,224,342,192
frame_7,Rack_1,50,4,coke_small,0.8292824029922485,306,162,328,224,317,193
frame_7,Rack_1,30,4,coke_small,0.8616390228271484,279,163,305,224,292,193
frame_7,Rack_1,42,17,sprite_small,0.850037157535553,251,163,276,227,263,195
frame_7,Rack_1,24,17,sprite_small,0.8435885906219482,228,164,250,237,239,200
frame_7,Rack_1,34,17,sprite_small,0.874649167060852,209,165,228,240,218,202
frame_7,Rack_1,36,17,sprite_small,0.8825930953025818,184,167,208,241,196,204
frame_7,Rack_1,31,8,dew_med,0.8758970499038696,156,168,182,254,169,211
frame_7,Rack_1,20,8,dew_med,0.8709308505058289,131,169,155,257,143,213
frame_7,Rack_1,13,8,dew_med,0.9504043459892273,104,171,130,258,117,214
frame_7,Rack_1,12,8,dew_med,0.9335428476333618,81,174,104,259,92,216
frame_7,Rack_1,18,8,dew_med,0.9210598468780518,60,177,81,259,70,218
frame_7,Rack_1,14,8,dew_med,0.9102332592010498,36,178,59,261,47,219
frame_7,Rack_1,49,8,dew_med,0.882167637348175,6,177,35,263,20,220
frame_7,Rack_2,52,3,coke_med,0.7599329948425293,559,240,606,347,582,293
frame_7,Rack_2,40,3,coke_med,0.8507328033447266,521,243,565,347,543,295
frame_7,Rack_2,39,3,coke_med,0.8501659631729126,498,268,524,348,511,308
frame_7,Rack_2,46,3,coke_med,0.8364167213439941,468,266,498,349,483,307
frame_7,Rack_2,21,3,coke_med,0.889151394367218,438,264,468,349,453,306
frame_7,Rack_2,56,6,coke_v_med,0.7347056865692139,410,266,438,350,424,308
frame_7,Rack_2,48,6,coke_v_med,0.8266080617904663,379,253,410,350,394,301
frame_7,Rack_2,33,6,coke_v_med,0.872619092464447,351,255,380,350,365,302
frame_7,Rack_2,9,2,anw_med,0.9325643181800842,322,258,352,349,337,303
frame_7,Rack_2,23,2,anw_med,0.8806869387626648,292,266,322,349,307,307
frame_7,Rack_2,1,2,anw_med,0.865268886089325,261,267,290,349,275,308
frame_7,Rack_2,28,2,anw_med,0.8576362729072571,232,267,260,349,246,308
frame_7,Rack_2,22,2,anw_med,0.9153831601142883,203,268,232,349,217,308
frame_7,Rack_2,41,15,pepsi_med,0.8787351846694946,168,273,194,349,181,311
frame_7,Rack_2,25,15,pepsi_med,0.8938835263252258,139,272,166,350,152,311
frame_7,Rack_2,10,15,pepsi_med,0.9162490367889404,112,273,138,352,125,312
frame_7,Rack_2,16,15,pepsi_med,0.9409903287887573,87,275,112,352,99,313
frame_7,Rack_2,15,15,pepsi_med,0.8947128057479858,59,276,86,352,72,314
frame_7,Rack_2,55,13,kick_med,0.6050565838813782,29,276,57,350,43,313
frame_7,Rack_2,54,13,kick_med,0.7632200717926025,6,278,29,352,17,315
frame_7,Rack_3,4,7,coke_z_big,0.940814733505249,509,376,556,492,532,434
frame_7,Rack_3,5,7,coke_z_big,0.9328397512435913,468,375,509,492,488,433
frame_7,Rack_3,3,7,coke_z_big,0.9346249103546143,428,377,467,492,447,434
frame_7,Rack_3,6,7,coke_z_big,0.9363688230514526,388,376,427,492,407,434
frame_7,Rack_3,27,5,coke_v_big,0.874375581741333,349,376,386,492,367,434
frame_7,Rack_3,19,5,coke_v_big,0.9091988801956177,310,376,349,492,329,434
frame_7,Rack_3,17,5,coke_v_big,0.9023211598396301,275,375,310,491,292,433
frame_7,Rack_3,7,5,coke_v_big,0.9336647391319275,238,377,275,491,256,434
frame_7,Rack_3,2,5,coke_v_big,0.9052391052246094,200,378,238,492,219,435
frame_7,Rack_3,8,14,pepsi_big,0.9189028143882751,164,376,200,492,182,434
frame_7,Rack_3,11,14,pepsi_big,0.9303443431854248,133,376,165,491,149,433
frame_7,Rack_3,47,14,pepsi_big,0.830659031867981,98,377,133,492,115,434
frame_7,Rack_3,38,10,fanta_grape_big,0.9272530674934387,54,377,103,492,78,434
frame_8,Rack_1,51,1,a&w_small,0.7544615864753723,571,160,600,216,585,188
frame_8,Rack_1,53,1,a&w_small,0.8148375153541565,545,160,568,218,556,189
frame_8,Rack_1,44,1,a&w_small,0.8208743929862976,519,160,543,220,531,190
frame_8,Rack_1,37,1,a&w_small,0.8593584895133972,490,161,517,221,503,191
frame_8,Rack_1,26,1,a&w_small,0.8732965588569641,462,160,488,224,475,192
frame_8,Rack_1,32,1,a&w_small,0.8700582981109619,432,160,461,224,446,192
frame_8,Rack_1,29,1,a&w_small,0.8575406670570374,407,159,430,224,418,191
frame_8,Rack_1,43,4,coke_small,0.865105152130127,382,161,405,224,393,192
frame_8,Rack_1,35,4,coke_small,0.8775676488876343,356,161,380,225,368,193
frame_8,Rack_1,45,4,coke_small,0.8678306341171265,330,161,355,224,342,192
frame_8,Rack_1,50,4,coke_small,0.8301399350166321,306,162,329,225,317,193
frame_8,Rack_1,30,4,coke_small,0.8681400418281555,280,163,305,224,292,193
frame_8,Rack_1,42,17,sprite_small,0.8514195084571838,251,163,276,227,263,195
frame_8,Rack_1,24,17,sprite_small,0.8496020436286926,229,164,250,235,239,199
frame_8,Rack_1,34,17,sprite_small,0.8716993927955627,209,165,228,240,218,202
frame_8,Rack_1,36,17,sprite_small,0.8796324729919434,184,167,209,241,196,204
frame_8,Rack_1,31,8,dew_med,0.8699729442596436,157,168,183,254,170,211
frame_8,Rack_1,20,8,dew_med,0.8669191598892212,131,169,155,257,143,213
frame_8,Rack_1,13,8,dew_med,0.9536312818527222,105,171,130,258,117,214
frame_8,Rack_1,12,8,dew_med,0.9375168085098267,81,174,104,258,92,216
frame_8,Rack_1,18,8,dew_med,0.9153193235397339,61,177,81,259,71,218
frame_8,Rack_1,14,8,dew_med,0.911708414554596,36,179,60,261,48,220
frame_8,Rack_1,49,8,dew_med,0.8826099038124084,7,178,35,263,21,220
frame_8,Rack_2,52,3,coke_med,0.730888843536377,560,241,605,346,582,293
frame_8,Rack_2,40,3,coke_med,0.8500661253929138,523,248,564,347,543,297
frame_8,Rack_2,39,3,coke_med,0.8371425867080688,499,268,524,348,511,308
frame_8,Rack_2,46,3,coke_med,0.8462045192718506,469,266,498,349,483,307
frame_8,Rack_2,21,3,coke_med,0.8860101699829102,439,265,469,349,454,307
frame_8,Rack_2,56,6,coke_v_med,0.728081226348877,410,266,438,350,424,308
frame_8,Rack_2,48,6,coke_v_med,0.8406872153282166,380,255,410,350,395,302
frame_8,Rack_2,33,6,coke_v_med,0.9061070680618286,352,259,380,349,366,304
frame_8,Rack_2,9,2,anw_med,0.9253459572792053,322,257,352,349,337,303
frame_8,Rack_2,23,2,anw_med,0.8828496932983398,292,266,322,348,307,307
frame_8,Rack_2,1,2,anw_med,0.8724043965339661,261,267,291,349,276,308
frame_8,Rack_2,28,2,anw_med,0.85528963804245,233,268,260,349,246,308
frame_8,Rack_2,22,2,anw_med,0.9141765832901001,204,268,232,349,218,308
frame_8,Rack_2,41,15,pepsi_med,0.8775191307067871,168,273,195,349,181,311
frame_8,Rack_2,25,15,pepsi_med,0.8775028586387634,140,271,167,350,153,310
frame_8,Rack_2,10,15,pepsi_med,0.9036487340927124,112,272,138,351,125,311
frame_8,Rack_2,16,15,pepsi_med,0.9353129863739014,87,275,112,352,99,313
frame_8,Rack_2,15,15,pepsi_med,0.8982865810394287,59,276,87,352,73,314
frame_8,Rack_2,55,13,kick_med,0.7848626971244812,30,277,58,350,44,313
frame_8,Rack_2,54,13,kick_med,0.8659444451332092,6,277,29,352,17,314
frame_8,Rack_3,4,7,coke_z_big,0.9361847639083862,510,375,556,492,533,433
frame_8,Rack_3,5,7,coke_z_big,0.9185960292816162,468,375,510,492,489,433
frame_8,Rack_3,3,7,coke_z_big,0.9294167757034302,428,376,468,492,448,434
frame_8,Rack_3,6,7,coke_z_big,0.9319427013397217,388,375,427,492,407,433
frame_8,Rack_3,27,5,coke_v_big,0.875796914100647,349,375,386,492,367,433
frame_8,Rack_3,19,5,coke_v_big,0.9067124724388123,311,375,349,492,330,433
frame_8,Rack_3,17,5,coke_v_big,0.9012916684150696,276,375,311,491,293,433
frame_8,Rack_3,7,5,coke_v_big,0.9334664940834045,239,376,276,491,257,433
frame_8,Rack_3,2,5,coke_v_big,0.9027761816978455,200,378,238,492,219,435
frame_8,Rack_3,8,14,pepsi_big,0.9211360216140747,164,375,200,492,182,433
frame_8,Rack_3,11,14,pepsi_big,0.9144114851951599,134,376,165,491,149,433
frame_8,Rack_3,47,14,pepsi_big,0.8488894701004028,99,376,134,492,116,434
frame_8,Rack_3,38,10,fanta_grape_big,0.9136370420455933,54,377,103,492,78,434
frame_9,Rack_1,51,1,a&w_small,0.7082129120826721,571,160,600,216,585,188
frame_9,Rack_1,53,1,a&w_small,0.7903644442558289,545,160,568,218,556,189
frame_9,Rack_1,44,1,a&w_small,0.819805383682251,520,160,544,220,532,190
frame_9,Rack_1,37,1,a&w_small,0.8649616241455078,490,161,518,221,504,191
frame_9,Rack_1,26,1,a&w_small,0.8794786334037781,463,160,489,223,476,191
frame_9,Rack_1,32,1,a&w_small,0.8691845536231995,433,161,461,223,447,192
frame_9,Rack_1,29,1,a&w_small,0.8695862293243408,408,160,430,222,419,191
frame_9,Rack_1,43,4,coke_small,0.8840640783309937,383,161,405,222,394,191
frame_9,Rack_1,35,4,coke_small,0.8946784734725952,357,161,381,222,369,191
frame_9,Rack_1,45,4,coke_small,0.829883873462677,331,162,355,222,343,192
frame_9,Rack_1,50,4,coke_small,0.8541725277900696,307,163,328,222,317,192
frame_9,Rack_1,30,4,coke_small,0.8188181519508362,280,163,305,222,292,192
frame_9,Rack_1,42,17,sprite_small,0.865486204624176,252,163,276,224,264,193
frame_9,Rack_1,24,17,sprite_small,0.8356495499610901,230,164,250,227,240,195
frame_9,Rack_1,34,17,sprite_small,0.8624250292778015,210,165,227,229,218,197
frame_9,Rack_1,36,17,sprite_small,0.8520198464393616,186,167,208,233,197,200
frame_9,Rack_1,31,8,dew_med,0.8682505488395691,157,168,184,255,170,211
frame_9,Rack_1,20,8,dew_med,0.904084324836731,132,169,156,257,144,213
frame_9,Rack_1,13,8,dew_med,0.9361024498939514,106,171,131,258,118,214
frame_9,Rack_1,12,8,dew_med,0.9527438879013062,82,173,105,258,93,215
frame_9,Rack_1,18,8,dew_med,0.9069035053253174,61,176,82,259,71,217
frame_9,Rack_1,14,8,dew_med,0.9158738851547241,37,178,60,261,48,219
frame_9,Rack_1,49,8,dew_med,0.8312416672706604,9,179,37,263,23,221
frame_9,Rack_2,52,3,coke_med,0.660896897315979,560,238,606,346,583,292
frame_9,Rack_2,40,3,coke_med,0.852911651134491,524,250,564,347,544,298
frame_9,Rack_2,39,3,coke_med,0.8521382808685303,499,268,525,348,512,308
frame_9,Rack_2,46,3,coke_med,0.8607260584831238,469,266,499,348,484,307
frame_9,Rack_2,21,3,coke_med,0.8831066489219666,439,266,469,349,454,307
frame_9,Rack_2,56,6,coke_v_med,0.5962676405906677,410,265,439,351,424,308
frame_9,Rack_2,48,6,coke_v_med,0.7943288683891296,380,252,410,350,395,301
frame_9,Rack_2,33,6,coke_v_med,0.8791897892951965,353,258,381,349,367,303
frame_9,Rack_2,9,2,anw_med,0.913087785243988,323,256,353,349,338,302
frame_9,Rack_2,23,2,anw_med,0.8510566353797913,293,264,323,348,308,306
frame_9,Rack_2,1,2,anw_med,0.8100180625915527,262,266,291,349,276,307
frame_9,Rack_2,28,2,anw_med,0.7858904004096985,233,267,261,348,247,307
frame_9,Rack_2,22,2,anw_med,0.8872320652008057,204,268,232,349,218,308
frame_9,Rack_2,41,15,pepsi_med,0.8820478916168213,168,272,195,349,181,310
frame_9,Rack_2,25,15,pepsi_med,0.882305920124054,140,270,168,350,154,310
frame_9,Rack_2,10,15,pepsi_med,0.9048215746879578,113,271,139,352,126,311
frame_9,Rack_2,16,15,pepsi_med,0.9265434741973877,88,275,113,352,100,313
frame_9,Rack_2,15,15,pepsi_med,0.8915754556655884,60,275,88,352,74,313
frame_9,Rack_2,55,13,kick_med,0.7578809857368469,30,276,59,349,44,312
frame_9,Rack_2,54,13,kick_med,0.8247091174125671,7,277,29,351,18,314
frame_9,Rack_3,4,7,coke_z_big,0.9321503043174744,510,374,557,492,533,433
frame_9,Rack_3,5,7,coke_z_big,0.9227330684661865,469,374,510,492,489,433
frame_9,Rack_3,3,7,coke_z_big,0.9255606532096863,428,376,468,492,448,434
frame_9,Rack_3,6,7,coke_z_big,0.933009147644043,388,375,428,492,408,433
frame_9,Rack_3,27,5,coke_v_big,0.8783503770828247,349,375,387,492,368,433
frame_9,Rack_3,19,5,coke_v_big,0.9031671285629272,311,375,349,492,330,433
frame_9,Rack_3,17,5,coke_v_big,0.9022484421730042,276,375,311,492,293,433
frame_9,Rack_3,7,5,coke_v_big,0.9377065896987915,239,376,276,491,257,433
frame_9,Rack_3,2,5,coke_v_big,0.9063521027565002,201,378,238,492,219,435
frame_9,Rack_3,8,14,pepsi_big,0.9245081543922424,165,375,200,492,182,433
frame_9,Rack_3,11,14,pepsi_big,0.9101467728614807,134,376,166,491,150,433
frame_9,Rack_3,47,14,pepsi_big,0.7956962585449219,100,376,134,492,117,434
frame_9,Rack_3,38,10,fanta_grape_big,0.8725059628486633,55,377,103,492,79,434
frame_10,Rack_1,51,1,a&w_small,0.6324484944343567,572,160,601,216,586,188
frame_10,Rack_1,53,1,a&w_small,0.7950220704078674,545,160,569,218,557,189
frame_10,Rack_1,44,1,a&w_small,0.8044936656951904,520,160,544,219,532,189
frame_10,Rack_1,37,1,a&w_small,0.8573371767997742,491,161,518,221,504,191
frame_10,Rack_1,26,1,a&w_small,0.8940269351005554,463,160,489,222,476,191
frame_10,Rack_1,32,1,a&w_small,0.8720279335975647,433,161,462,222,447,191
frame_10,Rack_1,29,1,a&w_small,0.8795241713523865,408,160,430,221,419,190
frame_10,Rack_1,43,4,coke_small,0.8802790641784668,384,161,406,222,395,191
frame_10,Rack_1,35,4,coke_small,0.8882911801338196,358,162,381,222,369,192
frame_10,Rack_1,45,4,coke_small,0.8421465158462524,331,161,355,221,343,191
frame_10,Rack_1,50,4,coke_small,0.849637508392334,307,163,329,221,318,192
frame_10,Rack_1,30,4,coke_small,0.8210468888282776,281,162,306,222,293,192
frame_10,Rack_1,42,17,sprite_small,0.8752821683883667,253,163,277,223,265,193
frame_10,Rack_1,24,17,sprite_small,0.8001765012741089,231,163,250,224,240,193
frame_10,Rack_1,34,17,sprite_small,0.8713080286979675,211,165,227,224,219,194
frame_10,Rack_1,36,17,sprite_small,0.8421251177787781,187,166,207,228,197,197
frame_10,Rack_1,31,8,dew_med,0.8569599390029907,158,167,184,254,171,210
frame_10,Rack_1,20,8,dew_med,0.8981403112411499,133,169,157,256,145,212
frame_10,Rack_1,13,8,dew_med,0.9398393034934998,106,171,131,258,118,214
frame_10,Rack_1,12,8,dew_med,0.9567962884902954,82,173,106,258,94,215
frame_10,Rack_1,18,8,dew_med,0.9170129299163818,61,176,82,259,71,217
frame_10,Rack_1,14,8,dew_med,0.9021320939064026,37,178,61,261,49,219
frame_10,Rack_1,49,8,dew_med,0.7889924645423889,10,179,38,263,24,221
frame_10,Rack_2,52,3,coke_med,0.7226929664611816,560,239,606,346,583,292
frame_10,Rack_2,40,3,coke_med,0.8885094523429871,523,244,565,347,544,295
frame_10,Rack_2,39,3,coke_med,0.836704671382904,499,267,525,348,512,307
frame_10,Rack_2,46,3,coke_med,0.8480873107910156,470,266,499,348,484,307
frame_10,Rack_2,21,3,coke_med,0.8849734663963318,440,266,469,349,454,307
frame_10,Rack_2,48,6,coke_v_med,0.7376742959022522,380,252,411,350,395,301
frame_10,Rack_2,33,6,coke_v_med,0.8687035441398621,353,261,381,349,367,305
frame_10,Rack_2,9,2,anw_med,0.9209998250007629,324,260,353,349,338,304
frame_10,Rack_2,23,2,anw_med,0.8845278024673462,293,265,323,349,308,307
frame_10,Rack_2,1,2,anw_med,0.8319272398948669,262,265,292,349,277,307
frame_10,Rack_2,28,2,anw_med,0.7880224585533142,234,267,261,348,247,307
frame_10,Rack_2,22,2,anw_med,0.8983924388885498,204,268,233,349,218,308
frame_10,Rack_2,41,15,pepsi_med,0.8962807655334473,169,272,196,349,182,310
frame_10,Rack_2,25,15,pepsi_med,0.8994119167327881,141,270,168,350,154,310
frame_10,Rack_2,10,15,pepsi_med,0.8965975642204285,114,271,140,352,127,311
frame_10,Rack_2,16,15,pepsi_med,0.910365879535675,88,275,113,351,100,313
frame_10,Rack_2,15,15,pepsi_med,0.8865667581558228,61,275,88,351,74,313
frame_10,Rack_2,55,13,kick_med,0.8386043310165405,31,276,60,349,45,312
frame_10,Rack_2,54,13,kick_med,0.8461405038833618,7,278,30,350,18,314
frame_10,Rack_2,58,13,kick_med,0.5708736181259155,0,276,5,356,2,316
frame_10,Rack_3,4,7,coke_z_big,0.9266077876091003,510,374,557,492,533,433
frame_10,Rack_3,5,7,coke_z_big,0.9233782291412354,469,374,511,492,490,433
frame_10,Rack_3,3,7,coke_z_big,0.9214632511138916,429,376,469,492,449,434
frame_10,Rack_3,6,7,coke_z_big,0.9252977967262268,389,375,428,492,408,433
frame_10,Rack_3,27,5,coke_v_big,0.8751558065414429,350,375,387,492,368,433
frame_10,Rack_3,19,5,coke_v_big,0.9061251878738403,311,375,350,492,330,433
frame_10,Rack_3,17,5,coke_v_big,0.8976958990097046,276,375,312,492,294,433
frame_10,Rack_3,7,5,coke_v_big,0.9227085113525391,239,376,277,491,258,433
frame_10,Rack_3,2,5,coke_v_big,0.9121886491775513,201,378,239,492,220,435
frame_10,Rack_3,8,14,pepsi_big,0.9300082325935364,165,375,201,492,183,433
frame_10,Rack_3,11,14,pepsi_big,0.9066985249519348,134,375,166,491,150,433
frame_10,Rack_3,47,14,pepsi_big,0.8449854850769043,100,376,135,492,117,434
frame_10,Rack_3,38,10,fanta_grape_big,0.8820850849151611,56,377,104,492,80,434
frame_11,Rack_1,51,1,a&w_small,0.6142477989196777,572,158,603,216,587,187
frame_11,Rack_1,53,1,a&w_small,0.8018909692764282,546,160,569,217,557,188
frame_11,Rack_1,44,1,a&w_small,0.7650048136711121,521,161,545,219,533,190
frame_11,Rack_1,37,1,a&w_small,0.835515558719635,492,161,519,220,505,190
frame_11,Rack_1,26,1,a&w_small,0.8834274411201477,464,160,489,222,476,191
frame_11,Rack_1,32,1,a&w_small,0.8445462584495544,434,161,462,221,448,191
frame_11,Rack_1,29,1,a&w_small,0.8644002079963684,409,160,430,221,419,190
frame_11,Rack_1,43,4,coke_small,0.8786799311637878,384,161,406,221,395,191
frame_11,Rack_1,35,4,coke_small,0.8659412860870361,358,162,382,221,370,191
frame_11,Rack_1,45,4,coke_small,0.8323847055435181,332,161,356,220,344,190
frame_11,Rack_1,50,4,coke_small,0.8258068561553955,308,163,330,220,319,191
frame_11,Rack_1,30,4,coke_small,0.863466739654541,281,163,306,221,293,192
frame_11,Rack_1,42,17,sprite_small,0.864579439163208,254,163,278,222,266,192
frame_11,Rack_1,24,17,sprite_small,0.8356199264526367,231,164,250,225,240,194
frame_11,Rack_1,34,17,sprite_small,0.8287411332130432,211,166,229,235,220,200
frame_11,Rack_1,36,17,sprite_small,0.8617856502532959,186,167,209,236,197,201
frame_11,Rack_1,31,8,dew_med,0.8704404830932617,158,168,185,254,171,211
frame_11,Rack_1,20,8,dew_med,0.8943035006523132,133,169,157,256,145,212
frame_11,Rack_1,13,8,dew_med,0.9359277486801147,107,171,132,258,119,214
frame_11,Rack_1,12,8,dew_med,0.9548053741455078,83,173,106,258,94,215
frame_11,Rack_1,18,8,dew_med,0.91254723072052,62,176,83,259,72,217
frame_11,Rack_1,14,8,dew_med,0.894377589225769,38,178,62,261,50,219
frame_11,Rack_1,49,8,dew_med,0.745771050453186,12,179,39,263,25,221
frame_11,Rack_2,52,3,coke_med,0.705527126789093,561,240,607,346,584,293
frame_11,Rack_2,40,3,coke_med,0.8877151608467102,524,243,566,347,545,295
frame_11,Rack_2,39,3,coke_med,0.7974730730056763,500,262,527,347,513,304
frame_11,Rack_2,46,3,coke_med,0.8548575639724731,470,265,500,348,485,306
frame_11,Rack_2,21,3,coke_med,0.8887404799461365,440,266,470,349,455,307
frame_11,Rack_2,56,6,coke_v_med,0.5709044933319092,412,266,440,348,426,307
frame_11,Rack_2,48,6,coke_v_med,0.7687028050422668,381,251,411,349,396,300
frame_11,Rack_2,33,6,coke_v_med,0.8884583711624146,354,259,382,348,368,303
frame_11,Rack_2,9,2,anw_med,0.9064388871192932,324,262,353,349,338,305
frame_11,Rack_2,23,2,anw_med,0.8863217234611511,293,265,324,348,308,306
frame_11,Rack_2,1,2,anw_med,0.8576344847679138,263,265,292,348,277,306
frame_11,Rack_2,28,2,anw_med,0.8551408052444458,234,266,262,348,248,307
frame_11,Rack_2,22,2,anw_med,0.9076014161109924,205,268,233,348,219,308
frame_11,Rack_2,41,15,pepsi_med,0.911779522895813,170,272,196,348,183,310
frame_11,Rack_2,25,15,pepsi_med,0.9055740833282471,141,269,169,349,155,309
frame_11,Rack_2,10,15,pepsi_med,0.8934739232063293,114,271,141,351,127,311
frame_11,Rack_2,16,15,pepsi_med,0.9071248769760132,89,274,114,350,101,312
frame_11,Rack_2,15,15,pepsi_med,0.9351567029953003,62,275,89,350,75,312
frame_11,Rack_2,55,13,kick_med,0.8919323682785034,31,276,60,349,45,312
frame_11,Rack_2,54,13,kick_med,0.8675122857093811,8,278,30,351,19,314
frame_11,Rack_2,58,13,kick_med,0.5728590488433838,0,276,6,357,3,316
frame_11,Rack_3,4,7,coke_z_big,0.922687292098999,511,374,558,492,534,433
frame_11,Rack_3,5,7,coke_z_big,0.9292867183685303,470,374,511,492,490,433
frame_11,Rack_3,3,7,coke_z_big,0.9196626543998718,429,375,469,492,449,433
frame_11,Rack_3,6,7,coke_z_big,0.9233296513557434,389,374,429,492,409,433
frame_11,Rack_3,27,5,coke_v_big,0.8916414976119995,351,375,388,492,369,433
frame_11,Rack_3,19,5,coke_v_big,0.9165903925895691,312,375,350,492,331,433
frame_11,Rack_3,17,5,coke_v_big,0.8995153903961182,277,375,312,491,294,433
frame_11,Rack_3,7,5,coke_v_big,0.9262025356292725,240,376,277,490,258,433
frame_11,Rack_3,2,5,coke_v_big,0.9186232089996338,202,378,240,491,221,434
frame_11,Rack_3,8,14,pepsi_big,0.9254510998725891,166,375,201,492,183,433
frame_11,Rack_3,11,14,pepsi_big,0.8985315561294556,135,375,167,491,151,433
frame_11,Rack_3,47,14,pepsi_big,0.7924294471740723,101,376,136,491,118,433
frame_11,Rack_3,38,10,fanta_grape_big,0.9033516049385071,57,377,104,491,80,434
frame_12,Rack_1,51,1,a&w_small,0.6472775936126709,572,158,603,216,587,187
frame_12,Rack_1,53,1,a&w_small,0.8071678876876831,547,160,570,217,558,188
frame_12,Rack_1,44,1,a&w_small,0.7917352318763733,522,161,546,219,534,190
frame_12,Rack_1,37,1,a&w_small,0.8380651473999023,492,161,519,220,505,190
frame_12,Rack_1,26,1,a&w_small,0.9088716506958008,464,160,490,222,477,191
frame_12,Rack_1,32,1,a&w_small,0.8392388224601746,434,161,462,222,448,191
frame_12,Rack_1,29,1,a&w_small,0.8843485116958618,409,160,431,221,420,190
frame_12,Rack_1,43,4,coke_small,0.8710969686508179,384,161,407,221,395,191
frame_12,Rack_1,35,4,coke_small,0.8529674410820007,359,161,383,222,371,191
frame_12,Rack_1,45,4,coke_small,0.8257773518562317,332,161,357,221,344,191
frame_12,Rack_1,50,4,coke_small,0.8738153576850891,308,163,330,220,319,191
frame_12,Rack_1,30,4,coke_small,0.8434670567512512,282,162,307,221,294,191
frame_12,Rack_1,42,17,sprite_small,0.8658197522163391,254,163,278,222,266,192
frame_12,Rack_1,24,17,sprite_small,0.8372079730033875,232,164,251,224,241,194
frame_12,Rack_1,34,17,sprite_small,0.8551285266876221,212,166,229,229,220,197
frame_12,Rack_1,36,17,sprite_small,0.8274232745170593,187,167,209,231,198,199
frame_12,Rack_1,31,8,dew_med,0.8847730159759521,159,168,185,253,172,210
frame_12,Rack_1,20,8,dew_med,0.8954520225524902,134,170,158,256,146,213
frame_12,Rack_1,13,8,dew_med,0.9437852501869202,108,172,133,258,120,215
frame_12,Rack_1,12,8,dew_med,0.9604806900024414,84,173,107,258,95,215
frame_12,Rack_1,18,8,dew_med,0.9340484738349915,63,176,83,259,73,217
frame_12,Rack_1,14,8,dew_med,0.9222055673599243,38,178,62,261,50,219
frame_12,Rack_1,49,8,dew_med,0.7375026345252991,12,179,38,263,25,221
frame_12,Rack_2,52,3,coke_med,0.7741097807884216,563,238,608,346,585,292
frame_12,Rack_2,40,3,coke_med,0.8771842122077942,525,242,566,347,545,294
frame_12,Rack_2,39,3,coke_med,0.8127636909484863,501,265,527,347,514,306
frame_12,Rack_2,46,3,coke_med,0.8706942796707153,471,266,500,348,485,307
frame_12,Rack_2,21,3,coke_med,0.8873762488365173,441,266,470,348,455,307
frame_12,Rack_2,56,6,coke_v_med,0.6953166127204895,412,263,441,348,426,305
frame_12,Rack_2,48,6,coke_v_med,0.7468969225883484,382,250,412,348,397,299
frame_12,Rack_2,33,6,coke_v_med,0.810793936252594,354,254,383,348,368,301
frame_12,Rack_2,9,2,anw_med,0.8704215288162231,324,257,354,349,339,303
frame_12,Rack_2,23,2,anw_med,0.8342105746269226,294,265,324,348,309,306
frame_12,Rack_2,1,2,anw_med,0.8575764894485474,264,265,293,348,278,306
frame_12,Rack_2,28,2,anw_med,0.8399479389190674,235,266,263,348,249,307
frame_12,Rack_2,22,2,anw_med,0.8929867148399353,206,268,234,348,220,308
frame_12,Rack_2,41,15,pepsi_med,0.9166556000709534,170,272,197,348,183,310
frame_12,Rack_2,25,15,pepsi_med,0.916706919670105,142,269,169,349,155,309
frame_12,Rack_2,10,15,pepsi_med,0.8902868628501892,115,271,141,350,128,310
frame_12,Rack_2,16,15,pepsi_med,0.9158785939216614,90,273,115,350,102,311
frame_12,Rack_2,15,15,pepsi_med,0.9337231516838074,62,275,89,350,75,312
frame_12,Rack_2,55,13,kick_med,0.8818147778511047,32,276,61,348,46,312
frame_12,Rack_2,54,13,kick_med,0.8274030685424805,9,278,31,350,20,314
frame_12,Rack_2,58,13,kick_med,0.5346680283546448,0,277,6,358,3,317
frame_12,Rack_3,4,7,coke_z_big,0.927849531173706,511,374,558,492,534,433
frame_12,Rack_3,5,7,coke_z_big,0.9329584240913391,470,374,512,492,491,433
frame_12,Rack_3,3,7,coke_z_big,0.9130980372428894,430,375,470,492,450,433
frame_12,Rack_3,6,7,coke_z_big,0.9216130971908569,389,374,429,492,409,433
frame_12,Rack_3,27,5,coke_v_big,0.8809964656829834,351,374,389,492,370,433
frame_12,Rack_3,19,5,coke_v_big,0.9103963971138,313,375,351,492,332,433
frame_12,Rack_3,17,5,coke_v_big,0.9144116640090942,277,375,313,491,295,433
frame_12,Rack_3,7,5,coke_v_big,0.9195889234542847,241,375,278,490,259,432
frame_12,Rack_3,2,5,coke_v_big,0.9239878058433533,203,377,240,491,221,434
frame_12,Rack_3,8,14,pepsi_big,0.9262567162513733,166,375,202,492,184,433
frame_12,Rack_3,11,14,pepsi_big,0.9035998582839966,136,374,167,491,151,432
frame_12,Rack_3,47,14,pepsi_big,0.8258805274963379,102,375,137,491,119,433
frame_12,Rack_3,38,10,fanta_grape_big,0.9191905856132507,58,376,105,491,81,433
frame_12,Rack_3,57,10,fanta_grape_big,0.5787760615348816,37,376,61,490,49,433
frame_13,Rack_1,51,1,a&w_small,0.6422203779220581,573,159,603,216,588,187
frame_13,Rack_1,53,1,a&w_small,0.8062022924423218,548,160,571,217,559,188
frame_13,Rack_1,44,1,a&w_small,0.8291941285133362,522,160,546,219,534,189
frame_13,Rack_1,37,1,a&w_small,0.8312855362892151,493,161,520,220,506,190
frame_13,Rack_1,26,1,a&w_small,0.8875465393066406,465,160,491,222,478,191
frame_13,Rack_1,32,1,a&w_small,0.8275141716003418,435,161,463,222,449,191
frame_13,Rack_1,29,1,a&w_small,0.8725412487983704,409,159,432,221,420,190
frame_13,Rack_1,43,4,coke_small,0.8729948997497559,385,162,407,222,396,192
frame_13,Rack_1,35,4,coke_small,0.8695968985557556,359,161,383,222,371,191
frame_13,Rack_1,45,4,coke_small,0.8699455261230469,333,161,357,221,345,191
frame_13,Rack_1,50,4,coke_small,0.87161785364151,309,162,331,221,320,191
frame_13,Rack_1,30,4,coke_small,0.8517019152641296,282,162,308,221,295,191
frame_13,Rack_1,42,17,sprite_small,0.8607243895530701,255,163,279,222,267,192
frame_13,Rack_1,24,17,sprite_small,0.8582232594490051,232,164,252,223,242,193
frame_13,Rack_1,34,17,sprite_small,0.8500841856002808,213,166,230,228,221,197
frame_13,Rack_1,36,17,sprite_small,0.8149966597557068,188,167,209,227,198,197
frame_13,Rack_1,31,8,dew_med,0.8771643042564392,159,167,186,253,172,210
frame_13,Rack_1,20,8,dew_med,0.8882592916488647,135,169,159,256,147,212
frame_13,Rack_1,13,8,dew_med,0.9381515979766846,108,172,133,257,120,214
frame_13,Rack_1,12,8,dew_med,0.9558696746826172,84,173,107,258,95,215
frame_13,Rack_1,18,8,dew_med,0.9328455328941345,64,176,84,258,74,217
frame_13,Rack_1,14,8,dew_med,0.9223864674568176,39,178,63,261,51,219
frame_13,Rack_2,52,3,coke_med,0.8226509690284729,564,238,609,345,586,291
frame_13,Rack_2,40,3,coke_med,0.8457217216491699,527,247,566,347,546,297
frame_13,Rack_2,39,3,coke_med,0.8489392995834351,501,266,528,347,514,306
frame_13,Rack_2,46,3,coke_med,0.8635935187339783,471,267,500,348,485,307
frame_13,Rack_2,21,3,coke_med,0.8834322690963745,442,266,471,348,456,307
frame_13,Rack_2,56,6,coke_v_med,0.6886058449745178,412,262,441,348,426,305
frame_13,Rack_2,48,6,coke_v_med,0.740147590637207,382,249,413,348,397,298
frame_13,Rack_2,33,6,coke_v_med,0.7342827320098877,354,252,384,348,369,300
frame_13,Rack_2,9,2,anw_med,0.8683268427848816,325,255,355,348,340,301
frame_13,Rack_2,23,2,anw_med,0.8352824449539185,295,265,325,348,310,306
frame_13,Rack_2,1,2,anw_med,0.8641114234924316,264,264,294,348,279,306
frame_13,Rack_2,28,2,anw_med,0.8571946620941162,235,266,264,349,249,307
frame_13,Rack_2,22,2,anw_med,0.8934443593025208,206,268,235,348,220,308
frame_13,Rack_2,41,15,pepsi_med,0.912050187587738,171,272,197,348,184,310
frame_13,Rack_2,25,15,pepsi_med,0.9122623205184937,142,269,170,349,156,309
frame_13,Rack_2,10,15,pepsi_med,0.8909381628036499,116,270,142,349,129,309
frame_13,Rack_2,16,15,pepsi_med,0.9103732705116272,90,273,116,349,103,311
frame_13,Rack_2,15,15,pepsi_med,0.914534330368042,63,275,90,349,76,312
frame_13,Rack_2,55,13,kick_med,0.869895875453949,33,276,62,348,47,312
frame_13,Rack_2,54,13,kick_med,0.8661057353019714,9,278,32,350,20,314
frame_13,Rack_2,58,13,kick_med,0.7054462432861328,0,277,6,357,3,317
frame_13,Rack_3,4,7,coke_z_big,0.9267829656600952,512,374,558,489,535,431
frame_13,Rack_3,5,7,coke_z_big,0.9379894733428955,471,374,512,490,491,432
frame_13,Rack_3,3,7,coke_z_big,0.91913241147995,431,375,470,490,450,432
frame_13,Rack_3,6,7,coke_z_big,0.9378503561019897,390,375,429,490,409,432
frame_13,Rack_3,27,5,coke_v_big,0.8887871503829956,352,375,389,490,370,432
frame_13,Rack_3,19,5,coke_v_big,0.9112079739570618,314,375,351,490,332,432
frame_13,Rack_3,17,5,coke_v_big,0.8990206718444824,278,375,313,490,295,432
frame_13,Rack_3,7,5,coke_v_big,0.9204232692718506,242,375,278,489,260,432
frame_13,Rack_3,2,5,coke_v_big,0.9220046997070312,204,377,241,489,222,433
frame_13,Rack_3,8,14,pepsi_big,0.9299986362457275,167,374,202,489,184,431
frame_13,Rack_3,11,14,pepsi_big,0.9039938449859619,136,374,168,489,152,431
frame_13,Rack_3,47,14,pepsi_big,0.8268424272537231,103,375,137,489,120,432
frame_13,Rack_3,38,10,fanta_grape_big,0.9230546355247498,59,376,105,489,82,432
frame_13,Rack_3,57,10,fanta_grape_big,0.5191068649291992,38,376,62,489,50,432
frame_14,Rack_1,51,1,a&w_small,0.6253869533538818,574,159,604,216,589,187
frame_14,Rack_1,53,1,a&w_small,0.8055729269981384,549,160,572,217,560,188
frame_14,Rack_1,44,1,a&w_small,0.8335288763046265,523,160,548,218,535,189
frame_14,Rack_1,37,1,a&w_small,0.8391534686088562,493,161,521,220,507,190
frame_14,Rack_1,26,1,a&w_small,0.8660508990287781,465,160,491,222,478,191
frame_14,Rack_1,32,1,a&w_small,0.8521339893341064,436,161,464,222,450,191
frame_14,Rack_1,29,1,a&w_small,0.8552113175392151,410,159,433,222,421,190
frame_14,Rack_1,43,4,coke_small,0.8671292066574097,385,161,408,222,396,191
frame_14,Rack_1,35,4,coke_small,0.8536046147346497,360,161,384,223,372,192
frame_14,Rack_1,45,4,coke_small,0.87464439868927,333,161,358,223,345,192
frame_14,Rack_1,50,4,coke_small,0.8468809127807617,309,162,332,222,320,192
frame_14,Rack_1,30,4,coke_small,0.8764585256576538,282,162,308,223,295,192
frame_14,Rack_1,42,17,sprite_small,0.870465874671936,255,164,280,225,267,194
frame_14,Rack_1,24,17,sprite_small,0.8948343992233276,232,164,254,230,243,197
frame_14,Rack_1,34,17,sprite_small,0.8663721680641174,213,166,232,235,222,200
frame_14,Rack_1,36,17,sprite_small,0.8631966710090637,188,168,212,236,200,202
frame_14,Rack_1,31,8,dew_med,0.8758449554443359,160,169,186,253,173,211
frame_14,Rack_1,20,8,dew_med,0.8598665595054626,135,171,159,255,147,213
frame_14,Rack_1,13,8,dew_med,0.9358521699905396,109,172,134,257,121,214
frame_14,Rack_1,12,8,dew_med,0.9290135502815247,85,174,108,258,96,216
frame_14,Rack_1,18,8,dew_med,0.85756516456604,64,177,85,258,74,217
frame_14,Rack_1,14,8,dew_med,0.9228937029838562,40,178,64,260,52,219
frame_14,Rack_1,49,8,dew_med,0.8071051836013794,12,182,38,263,25,222
frame_14,Rack_2,52,3,coke_med,0.8136215806007385,565,238,610,345,587,291
frame_14,Rack_2,40,3,coke_med,0.8239251971244812,529,250,567,347,548,298
frame_14,Rack_2,39,3,coke_med,0.821750819683075,502,266,528,347,515,306
frame_14,Rack_2,46,3,coke_med,0.8395823240280151,472,267,501,348,486,307
frame_14,Rack_2,21,3,coke_med,0.892530620098114,442,266,471,348,456,307
frame_14,Rack_2,56,6,coke_v_med,0.7042457461357117,413,261,442,348,427,304
frame_14,Rack_2,48,6,coke_v_med,0.7576669454574585,383,249,414,348,398,298
frame_14,Rack_2,33,6,coke_v_med,0.8509847521781921,355,253,384,348,369,300
frame_14,Rack_2,9,2,anw_med,0.9013875126838684,325,253,356,348,340,300
frame_14,Rack_2,23,2,anw_med,0.9039760828018188,295,263,326,348,310,305
frame_14,Rack_2,1,2,anw_med,0.8933255076408386,265,264,295,348,280,306
frame_14,Rack_2,28,2,anw_med,0.8877990245819092,236,266,264,348,250,307
frame_14,Rack_2,22,2,anw_med,0.894163966178894,207,268,235,348,221,308
frame_14,Rack_2,41,15,pepsi_med,0.9080256819725037,171,272,198,348,184,310
frame_14,Rack_2,25,15,pepsi_med,0.8987348079681396,143,269,171,349,157,309
frame_14,Rack_2,10,15,pepsi_med,0.9090529680252075,117,270,143,350,130,310
frame_14,Rack_2,16,15,pepsi_med,0.9066895246505737,91,272,116,349,103,310
frame_14,Rack_2,15,15,pepsi_med,0.8886350989341736,64,275,91,349,77,312
frame_14,Rack_2,55,13,kick_med,0.9010500311851501,34,276,63,348,48,312
frame_14,Rack_2,54,13,kick_med,0.8814569711685181,10,277,33,350,21,313
frame_14,Rack_2,58,13,kick_med,0.7280815839767456,0,276,7,357,3,316
frame_14,Rack_3,4,7,coke_z_big,0.9203407764434814,513,374,559,490,536,432
frame_14,Rack_3,5,7,coke_z_big,0.9324818849563599,472,374,512,490,492,432
frame_14,Rack_3,3,7,coke_z_big,0.9148505926132202,432,375,471,490,451,432
frame_14,Rack_3,6,7,coke_z_big,0.932505190372467,391,375,430,490,410,432
frame_14,Rack_3,27,5,coke_v_big,0.8990412950515747,353,375,390,490,371,432
frame_14,Rack_3,19,5,coke_v_big,0.9212136268615723,314,375,352,490,333,432
frame_14,Rack_3,17,5,coke_v_big,0.9135653972625732,279,375,314,489,296,432
frame_14,Rack_3,7,5,coke_v_big,0.9218668937683105,242,375,279,489,260,432
frame_14,Rack_3,2,5,coke_v_big,0.9194870591163635,204,377,242,489,223,433
frame_14,Rack_3,8,14,pepsi_big,0.9422613382339478,168,374,203,489,185,431
frame_14,Rack_3,11,14,pepsi_big,0.922879159450531,137,373,169,489,153,431
frame_14,Rack_3,47,14,pepsi_big,0.9179654717445374,103,374,137,489,120,431
frame_14,Rack_3,38,10,fanta_grape_big,0.9001477360725403,60,376,105,489,82,432
frame_14,Rack_3,57,10,fanta_grape_big,0.6724585890769958,39,376,64,489,51,432
frame_15,Rack_1,51,1,a&w_small,0.680117666721344,574,158,604,215,589,186
frame_15,Rack_1,53,1,a&w_small,0.8054339289665222,550,159,573,216,561,187
frame_15,Rack_1,44,1,a&w_small,0.8593804240226746,524,159,549,218,536,188
frame_15,Rack_1,37,1,a&w_small,0.8752032518386841,495,161,522,220,508,190
frame_15,Rack_1,26,1,a&w_small,0.8785803914070129,466,160,492,222,479,191
frame_15,Rack_1,32,1,a&w_small,0.8857866525650024,436,161,465,222,450,191
frame_15,Rack_1,29,1,a&w_small,0.8986916542053223,410,159,433,222,421,190
frame_15,Rack_1,43,4,coke_small,0.8459016680717468,386,162,409,222,397,192
frame_15,Rack_1,35,4,coke_small,0.866920530796051,361,161,385,222,373,191
frame_15,Rack_1,45,4,coke_small,0.863111674785614,334,161,359,222,346,191
frame_15,Rack_1,50,4,coke_small,0.8590883612632751,310,162,332,222,321,192
frame_15,Rack_1,30,4,coke_small,0.903813362121582,283,162,309,222,296,192
frame_15,Rack_1,42,17,sprite_small,0.8899100422859192,255,163,281,224,268,193
frame_15,Rack_1,24,17,sprite_small,0.8475498557090759,233,164,254,226,243,195
frame_15,Rack_1,34,17,sprite_small,0.7969105243682861,214,166,231,228,222,197
frame_15,Rack_1,36,17,sprite_small,0.8578822612762451,190,167,212,228,201,197
frame_15,Rack_1,31,8,dew_med,0.855146050453186,161,167,187,252,174,209
frame_15,Rack_1,20,8,dew_med,0.8561540842056274,136,169,160,255,148,212
frame_15,Rack_1,13,8,dew_med,0.9126455187797546,110,171,135,257,122,214
frame_15,Rack_1,12,8,dew_med,0.9567680358886719,86,173,109,257,97,215
frame_15,Rack_1,18,8,dew_med,0.915909469127655,65,176,86,258,75,217
frame_15,Rack_1,14,8,dew_med,0.9438439011573792,40,177,64,260,52,218
frame_15,Rack_1,49,8,dew_med,0.7205489873886108,14,187,38,262,26,224
frame_15,Rack_2,52,3,coke_med,0.8618226051330566,565,236,610,345,587,290
frame_15,Rack_2,40,3,coke_med,0.8247663378715515,528,244,568,346,548,295
frame_15,Rack_2,39,3,coke_med,0.7711119651794434,502,258,530,347,516,302
frame_15,Rack_2,46,3,coke_med,0.8303360939025879,471,257,503,347,487,302
frame_15,Rack_2,21,3,coke_med,0.9109621644020081,442,256,474,348,458,302
frame_15,Rack_2,56,6,coke_v_med,0.7129023671150208,412,251,444,348,428,299
frame_15,Rack_2,48,6,coke_v_med,0.759247362613678,384,247,415,348,399,297
frame_15,Rack_2,33,6,coke_v_med,0.8583567142486572,355,250,385,348,370,299
frame_15,Rack_2,9,2,anw_med,0.894787609577179,327,257,356,348,341,302
frame_15,Rack_2,23,2,anw_med,0.8728740811347961,296,264,326,348,311,306
frame_15,Rack_2,1,2,anw_med,0.8753255605697632,265,262,296,348,280,305
frame_15,Rack_2,28,2,anw_med,0.8577262163162231,237,267,265,348,251,307
frame_15,Rack_2,22,2,anw_med,0.8883552551269531,207,268,236,348,221,308
frame_15,Rack_2,41,15,pepsi_med,0.9012669324874878,172,272,198,348,185,310
frame_15,Rack_2,25,15,pepsi_med,0.8824885487556458,144,270,171,349,157,309
frame_15,Rack_2,10,15,pepsi_med,0.8970057964324951,117,270,143,350,130,310
frame_15,Rack_2,16,15,pepsi_med,0.9208267331123352,92,274,117,349,104,311
frame_15,Rack_2,15,15,pepsi_med,0.8885871171951294,64,274,91,349,77,311
frame_15,Rack_2,55,13,kick_med,0.9014497995376587,34,276,63,348,48,312
frame_15,Rack_2,54,13,kick_med,0.8832910656929016,10,277,34,351,22,314
frame_15,Rack_2,58,13,kick_med,0.7303715348243713,1,277,7,357,4,317
frame_15,Rack_3,4,7,coke_z_big,0.9325727224349976,514,374,559,489,536,431
frame_15,Rack_3,5,7,coke_z_big,0.9362748861312866,472,374,513,489,492,431
frame_15,Rack_3,3,7,coke_z_big,0.9167953729629517,432,375,471,489,451,432
frame_15,Rack_3,6,7,coke_z_big,0.9325106143951416,392,375,431,489,411,432
frame_15,Rack_3,27,5,coke_v_big,0.901490330696106,354,375,390,489,372,432
frame_15,Rack_3,19,5,coke_v_big,0.9244099259376526,315,374,353,489,334,431
frame_15,Rack_3,17,5,coke_v_big,0.8991783857345581,280,374,314,488,297,431
frame_15,Rack_3,7,5,coke_v_big,0.9225173592567444,243,375,279,488,261,431
frame_15,Rack_3,2,5,coke_v_big,0.9238796234130859,205,377,242,489,223,433
frame_15,Rack_3,8,14,pepsi_big,0.9388255476951599,169,373,204,489,186,431
frame_15,Rack_3,11,14,pepsi_big,0.9229223132133484,138,374,169,488,153,431
frame_15,Rack_3,47,14,pepsi_big,0.9172154664993286,104,374,138,488,121,431
frame_15,Rack_3,38,10,fanta_grape_big,0.8998540043830872,62,376,105,488,83,432
frame_15,Rack_3,57,10,fanta_grape_big,0.7785506844520569,40,376,65,488,52,432
frame_16,Rack_1,51,1,a&w_small,0.7798743844032288,574,153,607,216,590,184
frame_16,Rack_1,53,1,a&w_small,0.8494911789894104,551,160,574,216,562,188
frame_16,Rack_1,44,1,a&w_small,0.8570418357849121,526,159,550,218,538,188
frame_16,Rack_1,37,1,a&w_small,0.8900139331817627,495,160,523,220,509,190
frame_16,Rack_1,26,1,a&w_small,0.8979323506355286,467,160,493,221,480,190
frame_16,Rack_1,32,1,a&w_small,0.8990973830223083,437,161,466,222,451,191
frame_16,Rack_1,29,1,a&w_small,0.9078519940376282,411,159,434,222,422,190
frame_16,Rack_1,43,4,coke_small,0.851343035697937,387,160,410,222,398,191
frame_16,Rack_1,35,4,coke_small,0.8286470770835876,361,160,386,222,373,191
frame_16,Rack_1,45,4,coke_small,0.8662412762641907,335,160,360,222,347,191
frame_16,Rack_1,50,4,coke_small,0.8423577547073364,311,162,334,221,322,191
frame_16,Rack_1,30,4,coke_small,0.9139577746391296,284,162,310,222,297,192
frame_16,Rack_1,42,17,sprite_small,0.8946377038955688,256,162,282,223,269,192
frame_16,Rack_1,24,17,sprite_small,0.8289005756378174,234,162,255,224,244,193
frame_16,Rack_1,34,17,sprite_small,0.8326004147529602,215,164,232,224,223,194
frame_16,Rack_1,36,17,sprite_small,0.8557161688804626,191,165,212,224,201,194
frame_16,Rack_1,31,8,dew_med,0.8381291031837463,161,166,188,252,174,209
frame_16,Rack_1,20,8,dew_med,0.8582367897033691,136,168,161,255,148,211
frame_16,Rack_1,13,8,dew_med,0.89055997133255,111,171,135,257,123,214
frame_16,Rack_1,12,8,dew_med,0.9484146237373352,87,173,110,257,98,215
frame_16,Rack_1,18,8,dew_med,0.924231231212616,65,175,86,258,75,216
frame_16,Rack_1,14,8,dew_med,0.9213540554046631,41,177,65,260,53,218
frame_16,Rack_1,49,8,dew_med,0.5891590118408203,14,184,39,262,26,223
frame_16,Rack_2,52,3,coke_med,0.8621151447296143,566,237,610,344,588,290
frame_16,Rack_2,40,3,coke_med,0.7793565988540649,529,243,569,345,549,294
frame_16,Rack_2,39,3,coke_med,0.7499546408653259,503,262,530,346,516,304
frame_16,Rack_2,46,3,coke_med,0.798914909362793,473,262,503,347,488,304
frame_16,Rack_2,21,3,coke_med,0.9117832183837891,443,263,473,348,458,305
frame_16,Rack_2,56,6,coke_v_med,0.7528800368309021,414,256,444,348,429,302
frame_16,Rack_2,48,6,coke_v_med,0.7256358861923218,386,257,414,348,400,302
frame_16,Rack_2,33,6,coke_v_med,0.8269211053848267,356,249,386,348,371,298
frame_16,Rack_2,9,2,anw_med,0.9032955765724182,328,261,356,348,342,304
frame_16,Rack_2,23,2,anw_med,0.8949727416038513,296,262,328,348,312,305
frame_16,Rack_2,1,2,anw_med,0.8896832466125488,266,263,296,348,281,305
frame_16,Rack_2,28,2,anw_med,0.8788236379623413,237,267,265,347,251,307
frame_16,Rack_2,22,2,anw_med,0.9095560312271118,208,268,237,348,222,308
frame_16,Rack_2,41,15,pepsi_med,0.9055749773979187,173,271,199,348,186,309
frame_16,Rack_2,25,15,pepsi_med,0.8759384155273438,145,269,172,348,158,308
frame_16,Rack_2,10,15,pepsi_med,0.9116685390472412,118,270,144,349,131,309
frame_16,Rack_2,16,15,pepsi_med,0.9368599057197571,93,274,118,349,105,311
frame_16,Rack_2,15,15,pepsi_med,0.9076845049858093,65,273,92,349,78,311
frame_16,Rack_2,55,13,kick_med,0.9105914831161499,35,276,64,348,49,312
frame_16,Rack_2,54,13,kick_med,0.8857123255729675,11,276,35,351,23,313
frame_16,Rack_2,58,13,kick_med,0.7539250254631042,1,277,8,356,4,316
frame_16,Rack_3,4,7,coke_z_big,0.930459201335907,514,374,560,487,537,430
frame_16,Rack_3,5,7,coke_z_big,0.9387893080711365,473,374,513,488,493,431
frame_16,Rack_3,3,7,coke_z_big,0.9204050898551941,433,374,472,488,452,431
frame_16,Rack_3,6,7,coke_z_big,0.9333059191703796,393,375,431,488,412,431
frame_16,Rack_3,27,5,coke_v_big,0.9007737040519714,354,374,391,488,372,431
frame_16,Rack_3,19,5,coke_v_big,0.9186130166053772,316,374,353,488,334,431
frame_16,Rack_3,17,5,coke_v_big,0.8913750052452087,280,374,315,487,297,430
frame_16,Rack_3,7,5,coke_v_big,0.9093469977378845,244,375,280,487,262,431
frame_16,Rack_3,2,5,coke_v_big,0.9184457659721375,206,376,243,488,224,432
frame_16,Rack_3,8,14,pepsi_big,0.9430840611457825,170,373,204,488,187,430
frame_16,Rack_3,11,14,pepsi_big,0.9218059182167053,138,374,169,487,153,430
frame_16,Rack_3,47,14,pepsi_big,0.9270933866500854,104,375,138,487,121,431
frame_16,Rack_3,38,10,fanta_grape_big,0.9192945957183838,63,377,106,487,84,432
frame_16,Rack_3,57,10,fanta_grape_big,0.655354380607605,41,376,65,487,53,431
frame_16,Rack_3,61,12,fanta_straw_big,0.7420323491096497,0,376,13,487,6,431
frame_17,Rack_1,51,1,a&w_small,0.767132043838501,576,157,606,214,591,185
frame_17,Rack_1,53,1,a&w_small,0.8519894480705261,552,159,575,216,563,187
frame_17,Rack_1,44,1,a&w_small,0.8627752065658569,526,160,551,218,538,189
frame_17,Rack_1,37,1,a&w_small,0.8874487280845642,496,160,524,220,510,190
frame_17,Rack_1,26,1,a&w_small,0.892928421497345,468,160,494,221,481,190
frame_17,Rack_1,32,1,a&w_small,0.8848507404327393,437,161,466,222,451,191
frame_17,Rack_1,29,1,a&w_small,0.8790766000747681,412,159,436,222,424,190
frame_17,Rack_1,43,4,coke_small,0.8642470240592957,388,160,411,222,399,191
frame_17,Rack_1,35,4,coke_small,0.8056716322898865,362,160,387,222,374,191
frame_17,Rack_1,45,4,coke_small,0.8751673102378845,336,161,361,222,348,191
frame_17,Rack_1,50,4,coke_small,0.8561582565307617,312,161,335,222,323,191
frame_17,Rack_1,30,4,coke_small,0.872501015663147,285,161,311,221,298,191
frame_17,Rack_1,42,17,sprite_small,0.8935508728027344,257,161,283,223,270,192
frame_17,Rack_1,24,17,sprite_small,0.8082459568977356,234,162,256,223,245,192
frame_17,Rack_1,34,17,sprite_small,0.8455360531806946,215,164,232,222,223,193
frame_17,Rack_1,36,17,sprite_small,0.8269762396812439,192,165,213,223,202,194
frame_17,Rack_1,31,8,dew_med,0.8399384617805481,163,166,189,250,176,208
frame_17,Rack_1,20,8,dew_med,0.857082724571228,137,167,162,255,149,211
frame_17,Rack_1,13,8,dew_med,0.8887493014335632,111,170,136,257,123,213
frame_17,Rack_1,12,8,dew_med,0.9496201276779175,87,172,111,257,99,214
frame_17,Rack_1,18,8,dew_med,0.9256365299224854,66,174,87,258,76,216
frame_17,Rack_1,14,8,dew_med,0.9458644390106201,41,177,65,260,53,218
frame_17,Rack_1,49,8,dew_med,0.6191263794898987,15,183,40,261,27,222
frame_17,Rack_2,52,3,coke_med,0.8767542243003845,567,239,610,344,588,291
frame_17,Rack_2,40,3,coke_med,0.7761725783348083,532,256,567,345,549,300
frame_17,Rack_2,39,3,coke_med,0.7522559762001038,504,264,531,346,517,305
frame_17,Rack_2,46,3,coke_med,0.8339033126831055,475,266,504,347,489,306
frame_17,Rack_2,21,3,coke_med,0.9201000928878784,445,265,474,348,459,306
frame_17,Rack_2,56,6,coke_v_med,0.8101149201393127,415,256,445,348,430,302
frame_17,Rack_2,48,6,coke_v_med,0.5885499119758606,387,261,414,348,400,304
frame_17,Rack_2,33,6,coke_v_med,0.8060617446899414,357,248,387,348,372,298
frame_17,Rack_2,9,2,anw_med,0.8958255648612976,329,262,357,348,343,305
frame_17,Rack_2,23,2,anw_med,0.8631572723388672,297,261,328,348,312,304
frame_17,Rack_2,1,2,anw_med,0.868296205997467,267,263,297,348,282,305
frame_17,Rack_2,28,2,anw_med,0.832140326499939,238,266,266,347,252,306
frame_17,Rack_2,22,2,anw_med,0.8998883366584778,209,268,237,348,223,308
frame_17,Rack_2,41,15,pepsi_med,0.9014243483543396,173,271,199,348,186,309
frame_17,Rack_2,25,15,pepsi_med,0.8972811698913574,146,269,173,348,159,308
frame_17,Rack_2,10,15,pepsi_med,0.9205595254898071,119,270,145,348,132,309
frame_17,Rack_2,16,15,pepsi_med,0.9191709756851196,94,274,118,349,106,311
frame_17,Rack_2,15,15,pepsi_med,0.9162826538085938,66,273,93,348,79,310
frame_17,Rack_2,55,13,kick_med,0.8454039096832275,35,275,64,348,49,311
frame_17,Rack_2,54,13,kick_med,0.876395583152771,11,275,35,350,23,312
frame_17,Rack_2,58,13,kick_med,0.8228533267974854,1,277,8,355,4,316
frame_17,Rack_3,4,7,coke_z_big,0.9163239002227783,515,374,561,487,538,430
frame_17,Rack_3,5,7,coke_z_big,0.9404007792472839,474,374,514,488,494,431
frame_17,Rack_3,3,7,coke_z_big,0.9139091968536377,434,375,473,488,453,431
frame_17,Rack_3,6,7,coke_z_big,0.9320712685585022,393,375,432,488,412,431
frame_17,Rack_3,27,5,coke_v_big,0.887698769569397,355,375,392,488,373,431
frame_17,Rack_3,19,5,coke_v_big,0.9073053598403931,317,374,354,488,335,431
frame_17,Rack_3,17,5,coke_v_big,0.8922145366668701,281,374,315,487,298,430
frame_17,Rack_3,7,5,coke_v_big,0.8903499841690063,244,375,280,487,262,431
frame_17,Rack_3,2,5,coke_v_big,0.910879373550415,207,376,244,487,225,431
frame_17,Rack_3,8,14,pepsi_big,0.9432805180549622,170,373,205,487,187,430
frame_17,Rack_3,11,14,pepsi_big,0.9148344993591309,139,374,170,487,154,430
frame_17,Rack_3,47,14,pepsi_big,0.9301681518554688,105,374,139,487,122,430
frame_17,Rack_3,38,10,fanta_grape_big,0.9353430271148682,64,375,107,487,85,431
frame_17,Rack_3,57,10,fanta_grape_big,0.5194122791290283,42,375,66,487,54,431
frame_17,Rack_3,61,12,fanta_straw_big,0.6428936719894409,0,376,13,486,6,431
frame_18,Rack_1,51,1,a&w_small,0.763923168182373,578,158,607,213,592,185
frame_18,Rack_1,53,1,a&w_small,0.817340075969696,553,159,575,215,564,187
frame_18,Rack_1,44,1,a&w_small,0.8483840227127075,527,160,551,217,539,188
frame_18,Rack_1,37,1,a&w_small,0.8877160549163818,497,160,525,219,511,189
frame_18,Rack_1,26,1,a&w_small,0.8809223771095276,469,160,495,221,482,190
frame_18,Rack_1,32,1,a&w_small,0.8673537373542786,438,160,467,222,452,191
frame_18,Rack_1,29,1,a&w_small,0.8477706909179688,414,159,437,222,425,190
frame_18,Rack_1,43,4,coke_small,0.8614504337310791,389,160,412,222,400,191
frame_18,Rack_1,35,4,coke_small,0.8219300508499146,363,160,387,222,375,191
frame_18,Rack_1,45,4,coke_small,0.8505365252494812,337,161,362,221,349,191
frame_18,Rack_1,50,4,coke_small,0.8394269943237305,313,160,336,222,324,191
frame_18,Rack_1,30,4,coke_small,0.8903768658638,286,161,312,222,299,191
frame_18,Rack_1,42,17,sprite_small,0.9022371172904968,257,161,284,223,270,192
frame_18,Rack_1,24,17,sprite_small,0.8217056393623352,236,163,257,223,246,193
frame_18,Rack_1,34,17,sprite_small,0.8889460563659668,216,164,233,222,224,193
frame_18,Rack_1,36,17,sprite_small,0.7735105156898499,193,165,214,222,203,193
frame_18,Rack_1,31,8,dew_med,0.8532060980796814,163,164,190,251,176,207
frame_18,Rack_1,20,8,dew_med,0.8292142152786255,138,167,163,254,150,210
frame_18,Rack_1,13,8,dew_med,0.8663784265518188,112,170,137,257,124,213
frame_18,Rack_1,12,8,dew_med,0.9512942433357239,88,171,112,257,100,214
frame_18,Rack_1,18,8,dew_med,0.9409629106521606,67,174,88,258,77,216
frame_18,Rack_1,14,8,dew_med,0.9420455098152161,42,177,66,260,54,218
frame_18,Rack_1,49,8,dew_med,0.7454477548599243,15,180,41,261,28,220
frame_18,Rack_2,52,3,coke_med,0.8991591334342957,568,240,611,344,589,292
frame_18,Rack_2,40,3,coke_med,0.8184269070625305,534,260,567,345,550,302
frame_18,Rack_2,39,3,coke_med,0.748593807220459,506,265,531,346,518,305
frame_18,Rack_2,46,3,coke_med,0.8241341710090637,476,267,505,347,490,307
frame_18,Rack_2,21,3,coke_med,0.9325160980224609,446,267,474,347,460,307
frame_18,Rack_2,56,6,coke_v_med,0.8422779440879822,415,252,447,348,431,300
frame_18,Rack_2,48,6,coke_v_med,0.524729311466217,388,263,415,348,401,305
frame_18,Rack_2,33,6,coke_v_med,0.7792506217956543,358,248,388,348,373,298
frame_18,Rack_2,9,2,anw_med,0.8856735825538635,329,254,359,348,344,301
frame_18,Rack_2,23,2,anw_med,0.8590548634529114,298,260,329,348,313,304
frame_18,Rack_2,1,2,anw_med,0.8761020302772522,268,263,298,348,283,305
frame_18,Rack_2,28,2,anw_med,0.855089545249939,239,266,267,347,253,306
frame_18,Rack_2,22,2,anw_med,0.8825752139091492,210,268,238,347,224,307
frame_18,Rack_2,41,15,pepsi_med,0.918575644493103,174,271,200,347,187,309
frame_18,Rack_2,25,15,pepsi_med,0.9002457857131958,147,269,174,347,160,308
frame_18,Rack_2,10,15,pepsi_med,0.9216649532318115,120,269,145,348,132,308
frame_18,Rack_2,16,15,pepsi_med,0.9395201206207275,94,272,120,349,107,310
frame_18,Rack_2,15,15,pepsi_med,0.9162907600402832,66,273,94,347,80,310
frame_18,Rack_2,55,13,kick_med,0.876380205154419,36,275,66,348,51,311
frame_18,Rack_2,54,13,kick_med,0.9087398052215576,12,275,36,350,24,312
frame_18,Rack_2,58,13,kick_med,0.822245180606842,1,276,8,355,4,315
frame_18,Rack_3,4,7,coke_z_big,0.9090170860290527,516,374,562,487,539,430
frame_18,Rack_3,5,7,coke_z_big,0.9419970512390137,475,374,515,487,495,430
frame_18,Rack_3,3,7,coke_z_big,0.9137647747993469,434,375,473,488,453,431
frame_18,Rack_3,6,7,coke_z_big,0.9320379495620728,394,375,432,488,413,431
frame_18,Rack_3,27,5,coke_v_big,0.884131133556366,356,375,392,488,374,431
frame_18,Rack_3,19,5,coke_v_big,0.9111015796661377,317,374,355,488,336,431
frame_18,Rack_3,17,5,coke_v_big,0.8957613706588745,282,374,316,487,299,430
frame_18,Rack_3,7,5,coke_v_big,0.9039400815963745,245,375,281,487,263,431
frame_18,Rack_3,2,5,coke_v_big,0.9124165177345276,207,375,245,487,226,431
frame_18,Rack_3,8,14,pepsi_big,0.9444931149482727,171,374,206,487,188,430
frame_18,Rack_3,11,14,pepsi_big,0.9354451298713684,140,373,171,487,155,430
frame_18,Rack_3,47,14,pepsi_big,0.9192943572998047,106,374,140,487,123,430
frame_18,Rack_3,38,10,fanta_grape_big,0.9194520711898804,65,375,107,487,86,431
frame_18,Rack_3,57,10,fanta_grape_big,0.5531139969825745,42,375,66,486,54,430
frame_18,Rack_3,61,12,fanta_straw_big,0.7014974355697632,0,375,13,486,6,430
frame_19,Rack_1,51,1,a&w_small,0.7800966501235962,579,158,608,213,593,185
frame_19,Rack_1,53,1,a&w_small,0.8090389966964722,553,159,576,215,564,187
frame_19,Rack_1,44,1,a&w_small,0.8457905054092407,528,159,552,217,540,188
frame_19,Rack_1,37,1,a&w_small,0.8829615712165833,498,160,526,219,512,189
frame_19,Rack_1,26,1,a&w_small,0.8835420608520508,470,160,496,221,483,190
frame_19,Rack_1,32,1,a&w_small,0.877193808555603,440,161,469,222,454,191
frame_19,Rack_1,29,1,a&w_small,0.8378198742866516,415,159,438,222,426,190
frame_19,Rack_1,43,4,coke_small,0.8567092418670654,390,160,413,222,401,191
frame_19,Rack_1,35,4,coke_small,0.8371416330337524,364,160,388,222,376,191
frame_19,Rack_1,45,4,coke_small,0.8610343337059021,338,161,363,221,350,191
frame_19,Rack_1,50,4,coke_small,0.8401708602905273,313,160,337,222,325,191
frame_19,Rack_1,30,4,coke_small,0.9146664142608643,287,161,313,222,300,191
frame_19,Rack_1,42,17,sprite_small,0.8847000002861023,258,161,285,223,271,192
frame_19,Rack_1,24,17,sprite_small,0.8722618222236633,237,163,258,223,247,193
frame_19,Rack_1,34,17,sprite_small,0.9137592911720276,217,164,235,222,226,193
frame_19,Rack_1,36,17,sprite_small,0.8346647620201111,193,164,215,222,204,193
frame_19,Rack_1,31,8,dew_med,0.8675749897956848,164,164,191,252,177,208
frame_19,Rack_1,20,8,dew_med,0.8263126611709595,139,166,164,254,151,210
frame_19,Rack_1,13,8,dew_med,0.8782329559326172,113,170,138,257,125,213
frame_19,Rack_1,12,8,dew_med,0.9371164441108704,89,171,113,257,101,214
frame_19,Rack_1,18,8,dew_med,0.939911425113678,68,174,89,258,78,216
frame_19,Rack_1,14,8,dew_med,0.9309448599815369,43,177,67,259,55,218
frame_19,Rack_2,52,3,coke_med,0.9228165149688721,569,240,611,343,590,291
frame_19,Rack_2,40,3,coke_med,0.8080898523330688,535,259,568,345,551,302
frame_19,Rack_2,39,3,coke_med,0.7446561455726624,506,261,533,345,519,303
frame_19,Rack_2,46,3,coke_med,0.8279388546943665,477,267,506,347,491,307
frame_19,Rack_2,21,3,coke_med,0.9248892664909363,447,267,476,347,461,307
frame_19,Rack_2,56,6,coke_v_med,0.7837249636650085,417,254,448,348,432,301
frame_19,Rack_2,48,6,coke_v_med,0.719357430934906,389,263,416,348,402,305
frame_19,Rack_2,33,6,coke_v_med,0.875880777835846,359,250,389,348,374,299
frame_19,Rack_2,9,2,anw_med,0.9006650447845459,330,251,360,348,345,299
frame_19,Rack_2,23,2,anw_med,0.8810541033744812,299,264,329,347,314,305
frame_19,Rack_2,1,2,anw_med,0.8612961769104004,269,263,298,348,283,305
frame_19,Rack_2,28,2,anw_med,0.8690207600593567,240,266,268,347,254,306
frame_19,Rack_2,22,2,anw_med,0.8825441598892212,211,267,240,347,225,307
frame_19,Rack_2,41,15,pepsi_med,0.9207454323768616,175,270,201,348,188,309
frame_19,Rack_2,25,15,pepsi_med,0.910377025604248,148,268,175,347,161,307
frame_19,Rack_2,10,15,pepsi_med,0.921833336353302,121,269,146,348,133,308
frame_19,Rack_2,16,15,pepsi_med,0.9398945569992065,95,271,121,349,108,310
frame_19,Rack_2,15,15,pepsi_med,0.922411322593689,67,273,95,348,81,310
frame_19,Rack_2,55,13,kick_med,0.8285333514213562,37,275,67,348,52,311
frame_19,Rack_2,54,13,kick_med,0.8734948635101318,12,275,36,350,24,312
frame_19,Rack_3,4,7,coke_z_big,0.932758092880249,517,374,563,487,540,430
frame_19,Rack_3,5,7,coke_z_big,0.9396781325340271,476,374,516,488,496,431
frame_19,Rack_3,3,7,coke_z_big,0.9120224118232727,435,375,474,488,454,431
frame_19,Rack_3,6,7,coke_z_big,0.9283629655838013,395,375,434,488,414,431
frame_19,Rack_3,27,5,coke_v_big,0.8809723258018494,357,374,393,488,375,431
frame_19,Rack_3,19,5,coke_v_big,0.9111259579658508,318,374,356,488,337,431
frame_19,Rack_3,17,5,coke_v_big,0.8976301550865173,283,374,317,487,300,430
frame_19,Rack_3,7,5,coke_v_big,0.8970475196838379,246,375,282,487,264,431
frame_19,Rack_3,2,5,coke_v_big,0.9048710465431213,208,375,246,487,227,431
frame_19,Rack_3,8,14,pepsi_big,0.9455782771110535,172,373,207,487,189,430
frame_19,Rack_3,11,14,pepsi_big,0.930879533290863,141,373,172,487,156,430
frame_19,Rack_3,47,14,pepsi_big,0.9162963628768921,107,374,141,487,124,430
frame_19,Rack_3,38,10,fanta_grape_big,0.8434588313102722,66,375,108,486,87,430
frame_19,Rack_3,61,12,fanta_straw_big,0.7182388305664062,0,373,12,485,6,429
frame_20,Rack_1,51,1,a&w_small,0.7788720726966858,580,157,609,213,594,185
frame_20,Rack_1,53,1,a&w_small,0.8114709854125977,554,159,577,215,565,187
frame_20,Rack_1,44,1,a&w_small,0.8261869549751282,529,159,553,217,541,188
frame_20,Rack_1,37,1,a&w_small,0.8603326082229614,499,160,527,219,513,189
frame_20,Rack_1,26,1,a&w_small,0.8957652449607849,471,160,497,221,484,190
frame_20,Rack_1,32,1,a&w_small,0.8563839793205261,440,161,469,222,454,191
frame_20,Rack_1,29,1,a&w_small,0.8125631809234619,415,160,439,222,427,191
frame_20,Rack_1,43,4,coke_small,0.836078405380249,390,160,414,222,402,191
frame_20,Rack_1,35,4,coke_small,0.8227708339691162,365,161,390,223,377,192
frame_20,Rack_1,45,4,coke_small,0.8356883525848389,339,161,364,222,351,191
frame_20,Rack_1,50,4,coke_small,0.8491647243499756,314,161,338,223,326,192
frame_20,Rack_1,30,4,coke_small,0.8824470639228821,288,161,314,223,301,192
frame_20,Rack_1,42,17,sprite_small,0.8541913032531738,259,162,286,225,272,193
frame_20,Rack_1,24,17,sprite_small,0.8803670406341553,237,164,259,227,248,195
frame_20,Rack_1,34,17,sprite_small,0.8740137815475464,218,164,236,226,227,195
frame_20,Rack_1,36,17,sprite_small,0.7707815170288086,193,165,218,231,205,198
frame_20,Rack_1,31,8,dew_med,0.8801012635231018,165,165,192,252,178,208
frame_20,Rack_1,20,8,dew_med,0.8172468543052673,141,167,165,254,153,210
frame_20,Rack_1,13,8,dew_med,0.8763440251350403,114,170,139,257,126,213
frame_20,Rack_1,12,8,dew_med,0.9345231652259827,91,172,114,257,102,214
frame_20,Rack_1,18,8,dew_med,0.921645998954773,69,174,90,257,79,215
frame_20,Rack_1,14,8,dew_med,0.9176692962646484,45,177,69,259,57,218
frame_20,Rack_1,49,8,dew_med,0.8525413870811462,18,182,44,260,31,221
frame_20,Rack_2,52,3,coke_med,0.9245615601539612,570,239,613,343,591,291
frame_20,Rack_2,40,3,coke_med,0.8859372735023499,533,246,572,344,552,295
frame_20,Rack_2,39,3,coke_med,0.7594322562217712,506,254,535,345,520,299
frame_20,Rack_2,46,3,coke_med,0.8460387587547302,477,260,508,346,492,303
frame_20,Rack_2,21,3,coke_med,0.9013670682907104,448,263,478,347,463,305
frame_20,Rack_2,56,6,coke_v_med,0.7545428276062012,418,254,449,348,433,301
frame_20,Rack_2,48,6,coke_v_med,0.7826241850852966,390,263,417,348,403,305
frame_20,Rack_2,33,6,coke_v_med,0.834930956363678,360,251,390,348,375,299
frame_20,Rack_2,9,2,anw_med,0.8863978981971741,331,250,361,348,346,299
frame_20,Rack_2,23,2,anw_med,0.9068304896354675,300,265,330,347,315,306
frame_20,Rack_2,1,2,anw_med,0.8550416231155396,270,265,299,347,284,306
frame_20,Rack_2,28,2,anw_med,0.879779040813446,241,266,270,347,255,306
frame_20,Rack_2,22,2,anw_med,0.8976784944534302,213,267,241,347,227,307
frame_20,Rack_2,41,15,pepsi_med,0.9060261249542236,176,270,202,348,189,309
frame_20,Rack_2,25,15,pepsi_med,0.8991541266441345,148,268,176,347,162,307
frame_20,Rack_2,10,15,pepsi_med,0.9095475673675537,122,269,148,348,135,308
frame_20,Rack_2,16,15,pepsi_med,0.9099721908569336,96,271,122,349,109,310
frame_20,Rack_2,15,15,pepsi_med,0.9290034174919128,68,273,96,348,82,310
frame_20,Rack_2,55,13,kick_med,0.8180378079414368,38,275,68,349,53,312
frame_20,Rack_2,54,13,kick_med,0.8297746777534485,14,276,38,350,26,313
frame_20,Rack_3,4,7,coke_z_big,0.9331015348434448,518,373,564,487,541,430
frame_20,Rack_3,5,7,coke_z_big,0.936263918876648,477,373,517,488,497,430
frame_20,Rack_3,3,7,coke_z_big,0.901671290397644,436,374,475,488,455,431
frame_20,Rack_3,6,7,coke_z_big,0.9324749708175659,396,374,435,488,415,431
frame_20,Rack_3,27,5,coke_v_big,0.8984708189964294,358,373,395,488,376,430
frame_20,Rack_3,19,5,coke_v_big,0.9026776552200317,319,373,357,488,338,430
frame_20,Rack_3,17,5,coke_v_big,0.9029935002326965,283,373,318,487,300,430
frame_20,Rack_3,7,5,coke_v_big,0.8923355937004089,247,374,283,487,265,430
frame_20,Rack_3,2,5,coke_v_big,0.898120105266571,209,374,247,487,228,430
frame_20,Rack_3,8,14,pepsi_big,0.9460246562957764,173,372,208,487,190,429
frame_20,Rack_3,11,14,pepsi_big,0.9138680696487427,141,373,173,487,157,430
frame_20,Rack_3,47,14,pepsi_big,0.9181151390075684,108,373,142,487,125,430
frame_20,Rack_3,38,10,fanta_grape_big,0.7446815371513367,62,375,105,487,83,431
frame_21,Rack_1,51,1,a&w_small,0.7467524409294128,582,158,611,213,596,185
frame_21,Rack_1,53,1,a&w_small,0.7626881003379822,557,159,579,214,568,186
frame_21,Rack_1,44,1,a&w_small,0.8282693028450012,531,159,555,217,543,188
frame_21,Rack_1,37,1,a&w_small,0.8786826133728027,500,159,529,219,514,189
frame_21,Rack_1,26,1,a&w_small,0.8653126955032349,472,160,498,220,485,190
frame_21,Rack_1,32,1,a&w_small,0.8716283440589905,441,161,470,222,455,191
frame_21,Rack_1,29,1,a&w_small,0.8014412522315979,416,160,439,222,427,191
frame_21,Rack_1,43,4,coke_small,0.8038471341133118,391,160,415,222,403,191
frame_21,Rack_1,35,4,coke_small,0.8475582599639893,366,160,391,223,378,191
frame_21,Rack_1,45,4,coke_small,0.8597762584686279,340,160,365,222,352,191
frame_21,Rack_1,50,4,coke_small,0.8882871270179749,316,161,339,222,327,191
frame_21,Rack_1,30,4,coke_small,0.8992656469345093,289,161,316,222,302,191
frame_21,Rack_1,42,17,sprite_small,0.8823798894882202,261,162,287,223,274,192
frame_21,Rack_1,24,17,sprite_small,0.8715192675590515,239,164,260,224,249,194
frame_21,Rack_1,34,17,sprite_small,0.8443878293037415,219,164,238,223,228,193
frame_21,Rack_1,36,17,sprite_small,0.8527335524559021,195,165,218,226,206,195
frame_21,Rack_1,31,8,dew_med,0.833855926990509,167,164,193,252,180,208
frame_21,Rack_1,20,8,dew_med,0.8263725638389587,142,166,166,253,154,209
frame_21,Rack_1,13,8,dew_med,0.8810384273529053,116,170,141,256,128,213
frame_21,Rack_1,12,8,dew_med,0.9476746916770935,92,172,115,257,103,214
frame_21,Rack_1,18,8,dew_med,0.9461109042167664,71,174,92,258,81,216
frame_21,Rack_1,14,8,dew_med,0.9453138113021851,46,177,70,259,58,218
frame_21,Rack_1,49,8,dew_med,0.7208488583564758,16,179,44,261,30,220
frame_21,Rack_2,52,3,coke_med,0.8393025994300842,574,249,613,343,593,296
frame_21,Rack_2,40,3,coke_med,0.8652146458625793,535,249,572,344,553,296
frame_21,Rack_2,39,3,coke_med,0.8097005486488342,508,259,535,345,521,302
frame_21,Rack_2,46,3,coke_med,0.8324465751647949,479,263,508,346,493,304
frame_21,Rack_2,21,3,coke_med,0.9142903685569763,450,264,479,347,464,305
frame_21,Rack_2,56,6,coke_v_med,0.8396068811416626,420,261,449,348,434,304
frame_21,Rack_2,48,6,coke_v_med,0.7462751865386963,391,263,418,347,404,305
frame_21,Rack_2,33,6,coke_v_med,0.8081550598144531,363,259,390,347,376,303
frame_21,Rack_2,9,2,anw_med,0.8734511137008667,333,258,361,347,347,302
frame_21,Rack_2,23,2,anw_med,0.8575396537780762,302,264,332,347,317,305
frame_21,Rack_2,1,2,anw_med,0.7912572622299194,271,263,301,347,286,305
frame_21,Rack_2,28,2,anw_med,0.8551051616668701,243,264,271,347,257,305
frame_21,Rack_2,22,2,anw_med,0.8328965902328491,213,265,242,347,227,306
frame_21,Rack_2,41,15,pepsi_med,0.833789050579071,178,269,204,347,191,308
frame_21,Rack_2,25,15,pepsi_med,0.890061616897583,150,267,177,347,163,307
frame_21,Rack_2,10,15,pepsi_med,0.9009470343589783,123,268,149,348,136,308
frame_21,Rack_2,16,15,pepsi_med,0.9103251695632935,98,270,124,349,111,309
frame_21,Rack_2,15,15,pepsi_med,0.9182116389274597,70,272,98,348,84,310
frame_21,Rack_2,55,13,kick_med,0.7933833003044128,40,274,69,349,54,311
frame_21,Rack_2,54,13,kick_med,0.8806565999984741,17,275,40,349,28,312
frame_21,Rack_3,4,7,coke_z_big,0.9251404404640198,519,371,565,486,542,428
frame_21,Rack_3,5,7,coke_z_big,0.9498254060745239,478,371,519,487,498,429
frame_21,Rack_3,3,7,coke_z_big,0.9404352307319641,437,372,477,487,457,429
frame_21,Rack_3,6,7,coke_z_big,0.9299170970916748,397,372,436,487,416,429
frame_21,Rack_3,27,5,coke_v_big,0.8925157189369202,358,372,396,487,377,429
frame_21,Rack_3,19,5,coke_v_big,0.9053285717964172,320,372,358,488,339,430
frame_21,Rack_3,17,5,coke_v_big,0.9054163098335266,284,372,319,487,301,429
frame_21,Rack_3,7,5,coke_v_big,0.9008446931838989,248,374,284,486,266,430
frame_21,Rack_3,2,5,coke_v_big,0.8924740552902222,210,374,248,487,229,430
frame_21,Rack_3,8,14,pepsi_big,0.9408236145973206,174,371,209,487,191,429
frame_21,Rack_3,11,14,pepsi_big,0.9214459657669067,143,372,174,486,158,429
frame_21,Rack_3,47,14,pepsi_big,0.9307504296302795,109,373,144,486,126,429
frame_21,Rack_3,38,10,fanta_grape_big,0.8233595490455627,59,374,103,486,81,430
frame_21,Rack_3,57,10,fanta_grape_big,0.6000741124153137,52,374,79,486,65,430
frame_22,Rack_1,51,1,a&w_small,0.7689158916473389,584,159,613,212,598,185
frame_22,Rack_1,53,1,a&w_small,0.7941173911094666,559,159,581,213,570,186
frame_22,Rack_1,44,1,a&w_small,0.8107194304466248,532,159,556,216,544,187
frame_22,Rack_1,37,1,a&w_small,0.8587404489517212,502,159,530,218,516,188
frame_22,Rack_1,26,1,a&w_small,0.8510345816612244,474,160,500,220,487,190
frame_22,Rack_1,32,1,a&w_small,0.90184086561203,443,161,472,221,457,191
frame_22,Rack_1,29,1,a&w_small,0.7821229696273804,418,160,440,222,429,191
frame_22,Rack_1,43,4,coke_small,0.7953589558601379,393,160,417,222,405,191
frame_22,Rack_1,35,4,coke_small,0.8403146266937256,368,161,392,222,380,191
frame_22,Rack_1,45,4,coke_small,0.8453307151794434,341,159,367,223,354,191
frame_22,Rack_1,50,4,coke_small,0.8902385234832764,317,161,340,222,328,191
frame_22,Rack_1,30,4,coke_small,0.8887919783592224,291,161,317,222,304,191
frame_22,Rack_1,42,17,sprite_small,0.8892845511436462,262,162,289,223,275,192
frame_22,Rack_1,24,17,sprite_small,0.8589587807655334,240,162,262,223,251,192
frame_22,Rack_1,34,17,sprite_small,0.8607304096221924,220,163,239,223,229,193
frame_22,Rack_1,36,17,sprite_small,0.8433053493499756,197,164,220,224,208,194
frame_22,Rack_1,31,8,dew_med,0.8105209469795227,168,163,195,251,181,207
frame_22,Rack_1,20,8,dew_med,0.868056058883667,143,165,167,252,155,208
frame_22,Rack_1,13,8,dew_med,0.8865267634391785,117,169,142,255,129,212
frame_22,Rack_1,12,8,dew_med,0.9431045055389404,94,172,116,256,105,214
frame_22,Rack_1,18,8,dew_med,0.9360588192939758,72,174,93,257,82,215
frame_22,Rack_1,14,8,dew_med,0.9519213438034058,47,175,72,259,59,217
frame_22,Rack_1,49,8,dew_med,0.6781837344169617,18,177,46,260,32,218
frame_22,Rack_2,52,3,coke_med,0.8849504590034485,575,250,614,342,594,296
frame_22,Rack_2,40,3,coke_med,0.8890122771263123,537,250,573,343,555,296
frame_22,Rack_2,39,3,coke_med,0.8506659865379333,510,263,536,344,523,303
frame_22,Rack_2,46,3,coke_med,0.8103533983230591,481,264,510,345,495,304
frame_22,Rack_2,21,3,coke_med,0.8948658108711243,451,264,480,347,465,305
frame_22,Rack_2,56,6,coke_v_med,0.8344753980636597,422,262,450,347,436,304
frame_22,Rack_2,48,6,coke_v_med,0.7968307733535767,393,263,420,347,406,305
frame_22,Rack_2,33,6,coke_v_med,0.7594069838523865,364,263,391,347,377,305
frame_22,Rack_2,9,2,anw_med,0.840666651725769,334,262,362,347,348,304
frame_22,Rack_2,23,2,anw_med,0.8751556277275085,303,264,333,346,318,305
frame_22,Rack_2,1,2,anw_med,0.8615440726280212,272,263,302,346,287,304
frame_22,Rack_2,28,2,anw_med,0.8891547918319702,244,264,273,346,258,305
frame_22,Rack_2,22,2,anw_med,0.8996280431747437,214,264,244,347,229,305
frame_22,Rack_2,41,15,pepsi_med,0.8434054851531982,179,268,205,346,192,307
frame_22,Rack_2,25,15,pepsi_med,0.8803234100341797,151,266,179,346,165,306
frame_22,Rack_2,10,15,pepsi_med,0.8974617123603821,124,267,151,348,137,307
frame_22,Rack_2,16,15,pepsi_med,0.9109945297241211,99,270,125,348,112,309
frame_22,Rack_2,15,15,pepsi_med,0.88720703125,71,272,99,348,85,310
frame_22,Rack_2,55,13,kick_med,0.8447526097297668,41,274,71,350,56,312
frame_22,Rack_2,54,13,kick_med,0.8659160733222961,18,275,42,349,30,312
frame_22,Rack_3,4,7,coke_z_big,0.9297565817832947,520,370,567,486,543,428
frame_22,Rack_3,5,7,coke_z_big,0.9510077238082886,479,370,520,487,499,428
frame_22,Rack_3,3,7,coke_z_big,0.9432621002197266,438,371,478,487,458,429
frame_22,Rack_3,6,7,coke_z_big,0.9357272982597351,398,371,438,487,418,429
frame_22,Rack_3,27,5,coke_v_big,0.9024027585983276,359,371,397,487,378,429
frame_22,Rack_3,19,5,coke_v_big,0.9044958353042603,321,371,359,487,340,429
frame_22,Rack_3,17,5,coke_v_big,0.9152693152427673,286,371,321,486,303,428
frame_22,Rack_3,7,5,coke_v_big,0.9072774052619934,249,373,285,486,267,429
frame_22,Rack_3,2,5,coke_v_big,0.8864580988883972,212,374,249,487,230,430
frame_22,Rack_3,8,14,pepsi_big,0.9338462352752686,177,371,212,487,194,429
frame_22,Rack_3,11,14,pepsi_big,0.9222778677940369,145,371,177,486,161,428
frame_22,Rack_3,47,14,pepsi_big,0.9174379706382751,111,372,146,486,128,429
frame_22,Rack_3,38,10,fanta_grape_big,0.8041123747825623,57,373,103,486,80,429
frame_23,Rack_1,51,1,a&w_small,0.6439850330352783,586,159,615,211,600,185
frame_23,Rack_1,53,1,a&w_small,0.77189701795578,560,159,582,212,571,185
frame_23,Rack_1,44,1,a&w_small,0.8104475736618042,533,159,557,215,545,187
frame_23,Rack_1,37,1,a&w_small,0.8634595274925232,503,159,531,218,517,188
frame_23,Rack_1,26,1,a&w_small,0.8238579630851746,475,160,501,219,488,189
frame_23,Rack_1,32,1,a&w_small,0.9142246246337891,444,160,473,220,458,190
frame_23,Rack_1,29,1,a&w_small,0.8183928728103638,419,160,441,220,430,190
frame_23,Rack_1,43,4,coke_small,0.8357972502708435,395,161,418,220,406,190
frame_23,Rack_1,35,4,coke_small,0.837621808052063,370,161,394,221,382,191
frame_23,Rack_1,45,4,coke_small,0.8251000046730042,343,159,369,221,356,190
frame_23,Rack_1,50,4,coke_small,0.7719225883483887,319,161,342,220,330,190
frame_23,Rack_1,30,4,coke_small,0.8729375004768372,292,160,318,221,305,190
frame_23,Rack_1,42,17,sprite_small,0.8407691717147827,263,162,289,222,276,192
frame_23,Rack_1,24,17,sprite_small,0.8662533164024353,241,162,263,223,252,192
frame_23,Rack_1,34,17,sprite_small,0.8696321249008179,221,163,240,224,230,193
frame_23,Rack_1,36,17,sprite_small,0.8295996189117432,198,163,221,224,209,193
frame_23,Rack_1,31,8,dew_med,0.9072708487510681,169,164,196,252,182,208
frame_23,Rack_1,20,8,dew_med,0.8831223845481873,144,166,169,252,156,209
frame_23,Rack_1,13,8,dew_med,0.8738338351249695,118,169,143,254,130,211
frame_23,Rack_1,12,8,dew_med,0.903860867023468,95,172,118,255,106,213
frame_23,Rack_1,18,8,dew_med,0.9274857640266418,74,173,95,257,84,215
frame_23,Rack_1,14,8,dew_med,0.9223654270172119,49,175,73,258,61,216
frame_23,Rack_1,49,8,dew_med,0.5380297303199768,17,177,46,259,31,218
frame_23,Rack_2,52,3,coke_med,0.927399754524231,575,244,615,342,595,293
frame_23,Rack_2,40,3,coke_med,0.8752143979072571,540,257,573,342,556,299
frame_23,Rack_2,39,3,coke_med,0.8888486623764038,512,264,537,343,524,303
frame_23,Rack_2,46,3,coke_med,0.8234501481056213,482,265,511,344,496,304
frame_23,Rack_2,21,3,coke_med,0.913579523563385,452,265,481,346,466,305
frame_23,Rack_2,56,6,coke_v_med,0.6503614783287048,423,264,451,347,437,305
frame_23,Rack_2,48,6,coke_v_med,0.8126387596130371,394,263,421,346,407,304
frame_23,Rack_2,33,6,coke_v_med,0.6680426597595215,366,263,392,346,379,304
frame_23,Rack_2,9,2,anw_med,0.9045153856277466,336,263,363,346,349,304
frame_23,Rack_2,23,2,anw_med,0.8958643078804016,304,264,334,345,319,304
frame_23,Rack_2,1,2,anw_med,0.8778484463691711,274,263,303,345,288,304
frame_23,Rack_2,28,2,anw_med,0.8685015439987183,245,264,273,346,259,305
frame_23,Rack_2,22,2,anw_med,0.8834335803985596,216,264,245,346,230,305
frame_23,Rack_2,41,15,pepsi_med,0.8252092599868774,181,267,207,345,194,306
frame_23,Rack_2,25,15,pepsi_med,0.8926187753677368,153,266,180,345,166,305
frame_23,Rack_2,10,15,pepsi_med,0.9061830639839172,126,267,152,347,139,307
frame_23,Rack_2,16,15,pepsi_med,0.9150126576423645,101,270,126,348,113,309
frame_23,Rack_2,15,15,pepsi_med,0.8940836787223816,73,272,101,348,87,310
frame_23,Rack_2,55,13,kick_med,0.8047001361846924,43,275,73,350,58,312
frame_23,Rack_2,54,13,kick_med,0.8748534917831421,18,276,42,351,30,313
frame_23,Rack_2,58,13,kick_med,0.629547119140625,0,274,7,355,3,314
frame_23,Rack_3,4,7,coke_z_big,0.9385349750518799,521,369,568,486,544,427
frame_23,Rack_3,5,7,coke_z_big,0.9509922862052917,480,369,521,487,500,428
frame_23,Rack_3,3,7,coke_z_big,0.9382767677307129,439,370,479,487,459,428
frame_23,Rack_3,6,7,coke_z_big,0.9358359575271606,399,370,439,487,419,428
frame_23,Rack_3,27,5,coke_v_big,0.8989152908325195,360,370,398,487,379,428
frame_23,Rack_3,19,5,coke_v_big,0.8951295614242554,322,371,361,487,341,429
frame_23,Rack_3,17,5,coke_v_big,0.9205160737037659,287,370,322,486,304,428
frame_23,Rack_3,7,5,coke_v_big,0.9253636002540588,250,372,287,485,268,428
frame_23,Rack_3,2,5,coke_v_big,0.8941748142242432,213,373,251,486,232,429
frame_23,Rack_3,8,14,pepsi_big,0.9184919595718384,178,370,213,486,195,428
frame_23,Rack_3,11,14,pepsi_big,0.9164313077926636,146,371,178,486,162,428
frame_23,Rack_3,47,14,pepsi_big,0.9265096187591553,112,371,147,486,129,428
frame_23,Rack_3,38,10,fanta_grape_big,0.6528933048248291,56,372,105,486,80,429
frame_24,Rack_1,51,1,a&w_small,0.7116814851760864,587,157,617,211,602,184
frame_24,Rack_1,53,1,a&w_small,0.6967852711677551,560,158,583,212,571,185
frame_24,Rack_1,44,1,a&w_small,0.7769370079040527,535,158,559,214,547,186
frame_24,Rack_1,37,1,a&w_small,0.8392077088356018,505,158,533,217,519,187
frame_24,Rack_1,26,1,a&w_small,0.8495727181434631,476,158,502,218,489,188
frame_24,Rack_1,32,1,a&w_small,0.8512946963310242,444,159,474,219,459,189
frame_24,Rack_1,29,1,a&w_small,0.607246994972229,421,159,443,219,432,189
frame_24,Rack_1,43,4,coke_small,0.8523086309432983,396,159,420,219,408,189
frame_24,Rack_1,35,4,coke_small,0.8480775356292725,371,159,395,219,383,189
frame_24,Rack_1,45,4,coke_small,0.8390803933143616,344,158,370,219,357,188
frame_24,Rack_1,50,4,coke_small,0.8235531449317932,320,159,343,218,331,188
frame_24,Rack_1,30,4,coke_small,0.8852982521057129,294,159,320,219,307,189
frame_24,Rack_1,42,17,sprite_small,0.8868532180786133,265,161,291,220,278,190
frame_24,Rack_1,24,17,sprite_small,0.8688948750495911,242,161,264,221,253,191
frame_24,Rack_1,34,17,sprite_small,0.861626148223877,223,161,241,221,232,191
frame_24,Rack_1,36,17,sprite_small,0.719784677028656,199,160,222,221,210,190
frame_24,Rack_1,31,8,dew_med,0.8552478551864624,170,163,197,250,183,206
frame_24,Rack_1,20,8,dew_med,0.9271171689033508,146,164,170,252,158,208
frame_24,Rack_1,13,8,dew_med,0.8438026309013367,119,167,145,254,132,210
frame_24,Rack_1,12,8,dew_med,0.8704573512077332,96,170,119,255,107,212
frame_24,Rack_1,18,8,dew_med,0.9207026362419128,74,173,95,257,84,215
frame_24,Rack_1,14,8,dew_med,0.8905876278877258,50,175,74,259,62,217
frame_24,Rack_1,49,8,dew_med,0.5790531635284424,15,176,46,259,30,217
frame_24,Rack_2,52,3,coke_med,0.8741428852081299,574,239,617,341,595,290
frame_24,Rack_2,40,3,coke_med,0.9147909283638,540,248,577,342,558,295
frame_24,Rack_2,39,3,coke_med,0.7690112590789795,513,263,539,343,526,303
frame_24,Rack_2,46,3,coke_med,0.8044264316558838,484,264,512,344,498,304
frame_24,Rack_2,21,3,coke_med,0.91602623462677,454,264,483,345,468,304
frame_24,Rack_2,56,6,coke_v_med,0.7633175253868103,425,264,452,345,438,304
frame_24,Rack_2,48,6,coke_v_med,0.7022818922996521,396,264,422,345,409,304
frame_24,Rack_2,33,6,coke_v_med,0.7113867998123169,366,260,393,346,379,303
frame_24,Rack_2,9,2,anw_med,0.9095646142959595,337,263,364,345,350,304
frame_24,Rack_2,23,2,anw_med,0.8972293138504028,305,264,335,345,320,304
frame_24,Rack_2,1,2,anw_med,0.8835784196853638,275,263,304,344,289,303
frame_24,Rack_2,28,2,anw_med,0.8718685507774353,247,263,275,344,261,303
frame_24,Rack_2,22,2,anw_med,0.8733837604522705,217,263,246,344,231,303
frame_24,Rack_2,41,15,pepsi_med,0.8595213890075684,182,266,208,344,195,305
frame_24,Rack_2,25,15,pepsi_med,0.8929460048675537,154,265,181,344,167,304
frame_24,Rack_2,10,15,pepsi_med,0.9107000231742859,127,266,152,346,139,306
frame_24,Rack_2,16,15,pepsi_med,0.9171627163887024,102,269,127,346,114,307
frame_24,Rack_2,15,15,pepsi_med,0.8807497024536133,75,272,102,345,88,308
frame_24,Rack_2,55,13,kick_med,0.8149926066398621,45,274,74,348,59,311
frame_24,Rack_2,54,13,kick_med,0.8398396968841553,20,276,44,350,32,313
frame_24,Rack_2,58,13,kick_med,0.6974328756332397,0,274,8,355,4,314
frame_24,Rack_3,4,7,coke_z_big,0.942553699016571,522,369,569,485,545,427
frame_24,Rack_3,5,7,coke_z_big,0.9514819979667664,481,368,523,486,502,427
frame_24,Rack_3,3,7,coke_z_big,0.9431065917015076,440,369,481,486,460,427
frame_24,Rack_3,6,7,coke_z_big,0.9416145086288452,400,369,440,486,420,427
frame_24,Rack_3,27,5,coke_v_big,0.8932299017906189,361,369,399,486,380,427
frame_24,Rack_3,19,5,coke_v_big,0.903385579586029,323,370,362,486,342,428
frame_24,Rack_3,17,5,coke_v_big,0.9152920842170715,288,370,323,485,305,427
frame_24,Rack_3,7,5,coke_v_big,0.9357635974884033,251,371,288,485,269,428
frame_24,Rack_3,2,5,coke_v_big,0.9064995050430298,214,373,252,485,233,429
frame_24,Rack_3,8,14,pepsi_big,0.9146811962127686,179,369,214,486,196,427
frame_24,Rack_3,11,14,pepsi_big,0.9057024717330933,148,370,180,485,164,427
frame_24,Rack_3,47,14,pepsi_big,0.9209479093551636,114,371,149,485,131,428
frame_24,Rack_3,38,10,fanta_grape_big,0.8618293404579163,65,372,113,485,89,428
frame_25,Rack_1,51,1,a&w_small,0.7335245609283447,589,156,619,210,604,183
frame_25,Rack_1,53,1,a&w_small,0.710787296295166,562,157,585,212,573,184
frame_25,Rack_1,44,1,a&w_small,0.7886106967926025,536,157,561,213,548,185
frame_25,Rack_1,37,1,a&w_small,0.8201653957366943,506,157,534,216,520,186
frame_25,Rack_1,26,1,a&w_small,0.835625171661377,478,158,504,217,491,187
frame_25,Rack_1,32,1,a&w_small,0.863601803779602,446,158,475,218,460,188
frame_25,Rack_1,29,1,a&w_small,0.571313738822937,422,159,444,217,433,188
frame_25,Rack_1,43,4,coke_small,0.8325307369232178,397,158,421,218,409,188
frame_25,Rack_1,35,4,coke_small,0.8353407382965088,372,158,396,218,384,188
frame_25,Rack_1,45,4,coke_small,0.8257356286048889,345,157,371,218,358,187
frame_25,Rack_1,50,4,coke_small,0.7606490850448608,321,158,344,218,332,188
frame_25,Rack_1,30,4,coke_small,0.8592060208320618,295,158,321,218,308,188
frame_25,Rack_1,42,17,sprite_small,0.8484123945236206,264,160,293,226,278,193
frame_25,Rack_1,24,17,sprite_small,0.8707503080368042,242,159,267,228,254,193
frame_25,Rack_1,34,17,sprite_small,0.8709819316864014,223,160,244,229,233,194
frame_25,Rack_1,36,17,sprite_small,0.8133590817451477,198,160,225,232,211,196
frame_25,Rack_1,31,8,dew_med,0.9263596534729004,172,162,199,251,185,206
frame_25,Rack_1,20,8,dew_med,0.946137011051178,146,164,171,252,158,208
frame_25,Rack_1,13,8,dew_med,0.8954236507415771,120,167,145,253,132,210
frame_25,Rack_1,12,8,dew_med,0.9156490564346313,97,170,120,254,108,212
frame_25,Rack_1,18,8,dew_med,0.8906787037849426,76,173,97,256,86,214
frame_25,Rack_1,14,8,dew_med,0.9241228699684143,52,175,76,258,64,216
frame_25,Rack_1,49,8,dew_med,0.7274674773216248,18,176,49,259,33,217
frame_25,Rack_2,52,3,coke_med,0.8564027547836304,576,238,619,341,597,289
frame_25,Rack_2,40,3,coke_med,0.887199878692627,541,247,578,342,559,294
frame_25,Rack_2,39,3,coke_med,0.7680191993713379,515,263,540,343,527,303
frame_25,Rack_2,46,3,coke_med,0.8242756724357605,485,263,513,343,499,303
frame_25,Rack_2,21,3,coke_med,0.9265926480293274,455,263,484,344,469,303
frame_25,Rack_2,56,6,coke_v_med,0.7930987477302551,426,263,453,345,439,304
frame_25,Rack_2,48,6,coke_v_med,0.6780439019203186,397,263,423,344,410,303
frame_25,Rack_2,33,6,coke_v_med,0.775490939617157,367,260,394,345,380,302
frame_25,Rack_2,9,2,anw_med,0.9194080233573914,338,262,365,344,351,303
frame_25,Rack_2,23,2,anw_med,0.8920246958732605,307,262,336,344,321,303
frame_25,Rack_2,1,2,anw_med,0.8919298052787781,276,262,305,343,290,302
frame_25,Rack_2,28,2,anw_med,0.8806634545326233,248,262,276,343,262,302
frame_25,Rack_2,22,2,anw_med,0.8834713101387024,218,262,247,343,232,302
frame_25,Rack_2,41,15,pepsi_med,0.8700732588768005,184,265,210,343,197,304
frame_25,Rack_2,25,15,pepsi_med,0.8947508931159973,155,264,182,344,168,304
frame_25,Rack_2,10,15,pepsi_med,0.9025806188583374,128,266,153,344,140,305
frame_25,Rack_2,16,15,pepsi_med,0.9061026573181152,103,268,128,344,115,306
frame_25,Rack_2,15,15,pepsi_med,0.8964950442314148,76,270,103,344,89,307
frame_25,Rack_2,55,13,kick_med,0.7680069208145142,46,273,75,347,60,310
frame_25,Rack_2,54,13,kick_med,0.8588971495628357,22,275,46,348,34,311
frame_25,Rack_2,58,13,kick_med,0.5894830822944641,0,273,8,353,4,313
frame_25,Rack_3,4,7,coke_z_big,0.940642237663269,524,369,570,484,547,426
frame_25,Rack_3,5,7,coke_z_big,0.9412622451782227,482,368,524,485,503,426
frame_25,Rack_3,3,7,coke_z_big,0.9379801750183105,441,369,481,485,461,427
frame_25,Rack_3,6,7,coke_z_big,0.9350866675376892,401,369,441,485,421,427
frame_25,Rack_3,27,5,coke_v_big,0.8833228349685669,362,369,400,485,381,427
frame_25,Rack_3,19,5,coke_v_big,0.9057629704475403,325,370,362,485,343,427
frame_25,Rack_3,17,5,coke_v_big,0.9103626012802124,289,370,324,484,306,427
frame_25,Rack_3,7,5,coke_v_big,0.9435786008834839,253,370,289,484,271,427
frame_25,Rack_3,2,5,coke_v_big,0.9183729887008667,215,372,253,485,234,428
frame_25,Rack_3,8,14,pepsi_big,0.9000968337059021,180,369,215,485,197,427
frame_25,Rack_3,11,14,pepsi_big,0.8903332948684692,149,370,181,484,165,427
frame_25,Rack_3,47,14,pepsi_big,0.895818829536438,115,370,150,484,132,427
frame_25,Rack_3,38,10,fanta_grape_big,0.8798977136611938,70,371,117,484,93,427
frame_26,Rack_1,51,1,a&w_small,0.7122437357902527,590,156,620,210,605,183
frame_26,Rack_1,53,1,a&w_small,0.7439955472946167,563,157,587,212,575,184
frame_26,Rack_1,44,1,a&w_small,0.7832319736480713,537,157,561,213,549,185
frame_26,Rack_1,37,1,a&w_small,0.8201587796211243,507,157,535,216,521,186
frame_26,Rack_1,26,1,a&w_small,0.8210736513137817,479,158,504,217,491,187
frame_26,Rack_1,32,1,a&w_small,0.8581387400627136,447,158,476,217,461,187
frame_26,Rack_1,29,1,a&w_small,0.5942696332931519,423,159,444,216,433,187
frame_26,Rack_1,43,4,coke_small,0.8491392731666565,398,158,421,217,409,187
frame_26,Rack_1,35,4,coke_small,0.8434973955154419,373,158,397,217,385,187
frame_26,Rack_1,45,4,coke_small,0.8541241884231567,346,157,371,217,358,187
frame_26,Rack_1,50,4,coke_small,0.7717809677124023,322,158,345,217,333,187
frame_26,Rack_1,30,4,coke_small,0.8422295451164246,295,158,321,217,308,187
frame_26,Rack_1,42,17,sprite_small,0.8370771408081055,264,160,294,230,279,195
frame_26,Rack_1,24,17,sprite_small,0.855749785900116,243,159,269,232,256,195
frame_26,Rack_1,34,17,sprite_small,0.8823012709617615,223,159,246,233,234,196
frame_26,Rack_1,36,17,sprite_small,0.8461973071098328,198,160,227,235,212,197
frame_26,Rack_1,31,8,dew_med,0.9269493818283081,173,163,200,251,186,207
frame_26,Rack_1,20,8,dew_med,0.9304848909378052,147,164,172,251,159,207
frame_26,Rack_1,13,8,dew_med,0.8843255639076233,121,167,146,253,133,210
frame_26,Rack_1,12,8,dew_med,0.8952274322509766,98,170,121,254,109,212
frame_26,Rack_1,18,8,dew_med,0.8988227248191833,77,173,98,256,87,214
frame_26,Rack_1,14,8,dew_med,0.9148862957954407,53,175,77,258,65,216
frame_26,Rack_1,49,8,dew_med,0.8235873579978943,21,176,52,259,36,217
frame_26,Rack_2,52,3,coke_med,0.8303395509719849,577,237,620,341,598,289
frame_26,Rack_2,40,3,coke_med,0.9044734835624695,540,240,580,342,560,291
frame_26,Rack_2,39,3,coke_med,0.6891587376594543,514,252,543,342,528,297
frame_26,Rack_2,46,3,coke_med,0.7877740263938904,485,261,515,343,500,302
frame_26,Rack_2,21,3,coke_med,0.9070011377334595,455,263,485,344,470,303
frame_26,Rack_2,56,6,coke_v_med,0.6358098387718201,426,263,454,345,440,304
frame_26,Rack_2,48,6,coke_v_med,0.6095738410949707,397,264,424,343,410,303
frame_26,Rack_2,33,6,coke_v_med,0.7791174650192261,369,263,395,345,382,304
frame_26,Rack_2,9,2,anw_med,0.9132355451583862,339,263,366,343,352,303
frame_26,Rack_2,23,2,anw_med,0.9013068675994873,308,263,337,343,322,303
frame_26,Rack_2,1,2,anw_med,0.8826454877853394,277,263,306,343,291,303
frame_26,Rack_2,28,2,anw_med,0.8638413548469543,249,262,277,343,263,302
frame_26,Rack_2,22,2,anw_med,0.8898484706878662,219,263,248,343,233,303
frame_26,Rack_2,41,15,pepsi_med,0.8629133105278015,184,265,210,343,197,304
frame_26,Rack_2,25,15,pepsi_med,0.893403172492981,155,264,183,343,169,303
frame_26,Rack_2,10,15,pepsi_med,0.902114748954773,129,266,154,344,141,305
frame_26,Rack_2,16,15,pepsi_med,0.9102425575256348,104,269,129,344,116,306
frame_26,Rack_2,15,15,pepsi_med,0.9030405282974243,77,270,104,344,90,307
frame_26,Rack_2,55,13,kick_med,0.8379535675048828,47,273,76,346,61,309
frame_26,Rack_2,54,13,kick_med,0.8468936085700989,22,275,46,347,34,311
frame_26,Rack_2,58,13,kick_med,0.6029772162437439,0,272,8,352,4,312
frame_26,Rack_3,4,7,coke_z_big,0.942782998085022,524,369,570,483,547,426
frame_26,Rack_3,5,7,coke_z_big,0.9431987404823303,483,368,524,485,503,426
frame_26,Rack_3,3,7,coke_z_big,0.9452036023139954,442,369,482,484,462,426
frame_26,Rack_3,6,7,coke_z_big,0.942692220211029,402,369,442,484,422,426
frame_26,Rack_3,27,5,coke_v_big,0.903275728225708,363,369,401,484,382,426
frame_26,Rack_3,19,5,coke_v_big,0.9084879755973816,325,369,363,484,344,426
frame_26,Rack_3,17,5,coke_v_big,0.9002750515937805,290,369,325,483,307,426
frame_26,Rack_3,7,5,coke_v_big,0.9451673626899719,254,370,290,483,272,426
frame_26,Rack_3,2,5,coke_v_big,0.9201030731201172,216,372,253,484,234,428
frame_26,Rack_3,8,14,pepsi_big,0.9015630483627319,181,369,216,484,198,426
frame_26,Rack_3,11,14,pepsi_big,0.8782797455787659,150,369,182,484,166,426
frame_26,Rack_3,47,14,pepsi_big,0.9044944643974304,116,370,151,483,133,426
frame_26,Rack_3,38,10,fanta_grape_big,0.7789103984832764,72,371,118,483,95,427
frame_27,Rack_1,51,1,a&w_small,0.5565187335014343,590,155,619,210,604,182
frame_27,Rack_1,53,1,a&w_small,0.7457437515258789,565,157,588,211,576,184
frame_27,Rack_1,44,1,a&w_small,0.7595723271369934,538,157,562,213,550,185
frame_27,Rack_1,37,1,a&w_small,0.7983500361442566,508,157,536,215,522,186
frame_27,Rack_1,26,1,a&w_small,0.831494927406311,480,158,505,216,492,187
frame_27,Rack_1,32,1,a&w_small,0.8499644994735718,448,158,477,216,462,187
frame_27,Rack_1,29,1,a&w_small,0.6629933714866638,424,159,445,215,434,187
frame_27,Rack_1,43,4,coke_small,0.844724714756012,399,158,422,216,410,187
frame_27,Rack_1,35,4,coke_small,0.8315597176551819,374,158,398,216,386,187
frame_27,Rack_1,45,4,coke_small,0.8691251277923584,347,157,372,217,359,187
frame_27,Rack_1,50,4,coke_small,0.7159299254417419,322,158,346,217,334,187
frame_27,Rack_1,30,4,coke_small,0.8175806999206543,296,158,322,216,309,187
frame_27,Rack_1,42,17,sprite_small,0.8215281367301941,265,160,294,231,279,195
frame_27,Rack_1,24,17,sprite_small,0.868565559387207,243,158,269,233,256,195
frame_27,Rack_1,34,17,sprite_small,0.8882239460945129,224,159,247,234,235,196
frame_27,Rack_1,36,17,sprite_small,0.8495133519172668,199,160,228,237,213,198
frame_27,Rack_1,31,8,dew_med,0.9158759713172913,173,163,200,251,186,207
frame_27,Rack_1,20,8,dew_med,0.9127930998802185,148,165,173,251,160,208
frame_27,Rack_1,13,8,dew_med,0.8706679344177246,123,167,147,253,135,210
frame_27,Rack_1,12,8,dew_med,0.8678669929504395,99,170,122,254,110,212
frame_27,Rack_1,18,8,dew_med,0.8959457874298096,78,173,99,255,88,214
frame_27,Rack_1,14,8,dew_med,0.9004334211349487,54,175,78,257,66,216
frame_27,Rack_1,49,8,dew_med,0.7966976761817932,24,176,54,259,39,217
frame_27,Rack_2,52,3,coke_med,0.8281197547912598,578,237,621,341,599,289
frame_27,Rack_2,40,3,coke_med,0.8685630559921265,541,239,581,342,561,290
frame_27,Rack_2,39,3,coke_med,0.7652472853660583,516,258,542,342,529,300
frame_27,Rack_2,46,3,coke_med,0.8301267623901367,486,263,515,343,500,303
frame_27,Rack_2,21,3,coke_med,0.9181913137435913,456,263,485,343,470,303
frame_27,Rack_2,56,6,coke_v_med,0.5940081477165222,427,263,455,344,441,303
frame_27,Rack_2,48,6,coke_v_med,0.5687178373336792,398,262,425,344,411,303
frame_27,Rack_2,33,6,coke_v_med,0.7785294651985168,369,263,396,345,382,304
frame_27,Rack_2,9,2,anw_med,0.9103533029556274,340,262,367,343,353,302
frame_27,Rack_2,23,2,anw_med,0.8976674675941467,308,262,338,343,323,302
frame_27,Rack_2,1,2,anw_med,0.8388268351554871,278,262,307,343,292,302
frame_27,Rack_2,28,2,anw_med,0.8387739062309265,249,262,277,343,263,302
frame_27,Rack_2,22,2,anw_med,0.8713858723640442,220,262,249,343,234,302
frame_27,Rack_2,41,15,pepsi_med,0.8678609728813171,185,266,211,343,198,304
frame_27,Rack_2,25,15,pepsi_med,0.9026612639427185,156,264,184,343,170,303
frame_27,Rack_2,10,15,pepsi_med,0.9151127338409424,130,265,155,343,142,304
frame_27,Rack_2,16,15,pepsi_med,0.9118312001228333,105,268,129,344,117,306
frame_27,Rack_2,15,15,pepsi_med,0.8942387700080872,77,269,105,344,91,306
frame_27,Rack_2,55,13,kick_med,0.8318209052085876,48,274,76,345,62,309
frame_27,Rack_2,54,13,kick_med,0.8309878706932068,24,275,47,346,35,310
frame_27,Rack_2,63,13,kick_med,0.5583213567733765,10,276,23,350,16,313
frame_27,Rack_3,4,7,coke_z_big,0.9433284997940063,525,369,571,484,548,426
frame_27,Rack_3,5,7,coke_z_big,0.9342808723449707,484,368,525,485,504,426
frame_27,Rack_3,3,7,coke_z_big,0.9421322345733643,443,369,483,485,463,427
frame_27,Rack_3,6,7,coke_z_big,0.9343692064285278,403,369,442,485,422,427
frame_27,Rack_3,27,5,coke_v_big,0.8886552453041077,364,368,401,484,382,426
frame_27,Rack_3,19,5,coke_v_big,0.9096393585205078,326,369,364,485,345,427
frame_27,Rack_3,17,5,coke_v_big,0.8832550644874573,291,369,326,483,308,426
frame_27,Rack_3,7,5,coke_v_big,0.9353482127189636,254,370,291,483,272,426
frame_27,Rack_3,2,5,coke_v_big,0.9171582460403442,217,371,254,484,235,427
frame_27,Rack_3,8,14,pepsi_big,0.9020637273788452,182,369,216,485,199,427
frame_27,Rack_3,11,14,pepsi_big,0.872079074382782,150,369,182,484,166,426
frame_27,Rack_3,47,14,pepsi_big,0.9010214805603027,117,370,151,484,134,427
frame_27,Rack_3,38,10,fanta_grape_big,0.8180354237556458,74,371,119,483,96,427
frame_28,Rack_1,51,1,a&w_small,0.5342451930046082,590,156,619,210,604,183
frame_28,Rack_1,53,1,a&w_small,0.7361774444580078,566,157,589,211,577,184
frame_28,Rack_1,44,1,a&w_small,0.7639537453651428,539,157,563,213,551,185
frame_28,Rack_1,37,1,a&w_small,0.7985900640487671,509,158,537,214,523,186
frame_28,Rack_1,26,1,a&w_small,0.8336458206176758,480,158,506,216,493,187
frame_28,Rack_1,32,1,a&w_small,0.8254116773605347,448,158,478,215,463,186
frame_28,Rack_1,29,1,a&w_small,0.662382185459137,424,159,445,215,434,187
frame_28,Rack_1,43,4,coke_small,0.8467451930046082,400,158,423,215,411,186
frame_28,Rack_1,35,4,coke_small,0.8108921051025391,375,158,399,215,387,186
frame_28,Rack_1,45,4,coke_small,0.8559010028839111,347,157,373,217,360,187
frame_28,Rack_1,50,4,coke_small,0.7137857675552368,323,158,346,218,334,188
frame_28,Rack_1,30,4,coke_small,0.8156520128250122,296,158,322,216,309,187
frame_28,Rack_1,42,17,sprite_small,0.8325919508934021,266,160,295,232,280,196
frame_28,Rack_1,24,17,sprite_small,0.8719321489334106,244,158,270,233,257,195
frame_28,Rack_1,34,17,sprite_small,0.8927692174911499,225,159,247,235,236,197
frame_28,Rack_1,36,17,sprite_small,0.8478636145591736,200,160,228,237,214,198
frame_28,Rack_1,31,8,dew_med,0.898230254650116,174,163,201,250,187,206
frame_28,Rack_1,20,8,dew_med,0.9125920534133911,149,165,173,251,161,208
frame_28,Rack_1,13,8,dew_med,0.8620703816413879,124,168,148,253,136,210
frame_28,Rack_1,12,8,dew_med,0.8588173985481262,100,170,122,253,111,211
frame_28,Rack_1,18,8,dew_med,0.9124490022659302,79,173,100,255,89,214
frame_28,Rack_1,14,8,dew_med,0.8365182876586914,54,175,78,257,66,216
frame_28,Rack_1,49,8,dew_med,0.5941832065582275,25,176,55,259,40,217
frame_28,Rack_2,52,3,coke_med,0.8158313632011414,580,235,623,341,601,288
frame_28,Rack_2,40,3,coke_med,0.852928638458252,542,238,581,342,561,290
frame_28,Rack_2,39,3,coke_med,0.7153593301773071,516,260,543,342,529,301
frame_28,Rack_2,46,3,coke_med,0.8052953481674194,487,263,516,343,501,303
frame_28,Rack_2,21,3,coke_med,0.9001989364624023,457,263,486,343,471,303
frame_28,Rack_2,56,6,coke_v_med,0.6181296706199646,428,263,455,344,441,303
frame_28,Rack_2,48,6,coke_v_med,0.5729164481163025,398,262,426,344,412,303
frame_28,Rack_2,33,6,coke_v_med,0.8231064677238464,370,263,397,344,383,303
frame_28,Rack_2,9,2,anw_med,0.9144682884216309,341,262,368,343,354,302
frame_28,Rack_2,23,2,anw_med,0.9005969166755676,309,262,339,343,324,302
frame_28,Rack_2,1,2,anw_med,0.8454750180244446,279,261,308,342,293,301
frame_28,Rack_2,28,2,anw_med,0.8363947868347168,250,262,278,342,264,302
frame_28,Rack_2,22,2,anw_med,0.8679031133651733,220,262,249,342,234,302
frame_28,Rack_2,41,15,pepsi_med,0.894622266292572,186,266,212,343,199,304
frame_28,Rack_2,25,15,pepsi_med,0.9089499115943909,157,264,184,343,170,303
frame_28,Rack_2,10,15,pepsi_med,0.912442147731781,131,265,156,343,143,304
frame_28,Rack_2,16,15,pepsi_med,0.9146499633789062,105,267,130,344,117,305
frame_28,Rack_2,15,15,pepsi_med,0.8842869997024536,78,269,105,344,91,306
frame_28,Rack_2,55,13,kick_med,0.838781476020813,49,273,77,345,63,309
frame_28,Rack_2,54,13,kick_med,0.8748102784156799,26,275,49,346,37,310
frame_28,Rack_2,63,13,kick_med,0.8309231400489807,9,276,23,353,16,314
frame_28,Rack_3,4,7,coke_z_big,0.945622980594635,526,369,572,484,549,426
frame_28,Rack_3,5,7,coke_z_big,0.9411994814872742,485,368,526,485,505,426
frame_28,Rack_3,3,7,coke_z_big,0.939942479133606,444,369,484,485,464,427
frame_28,Rack_3,6,7,coke_z_big,0.9256657361984253,403,369,443,485,423,427
frame_28,Rack_3,27,5,coke_v_big,0.8834819197654724,365,368,402,484,383,426
frame_28,Rack_3,19,5,coke_v_big,0.9063488841056824,327,369,365,485,346,427
frame_28,Rack_3,17,5,coke_v_big,0.8757926225662231,292,369,326,484,309,426
frame_28,Rack_3,7,5,coke_v_big,0.928134560585022,255,370,291,483,273,426
frame_28,Rack_3,2,5,coke_v_big,0.9146023392677307,217,371,255,484,236,427
frame_28,Rack_3,8,14,pepsi_big,0.8927947282791138,182,369,217,485,199,427
frame_28,Rack_3,11,14,pepsi_big,0.864894449710846,151,369,183,484,167,426
frame_28,Rack_3,47,14,pepsi_big,0.8957934975624084,118,369,152,484,135,426
frame_28,Rack_3,38,10,fanta_grape_big,0.840009868144989,75,371,120,483,97,427
frame_28,Rack_3,57,10,fanta_grape_big,0.5521553754806519,54,371,81,483,67,427
frame_29,Rack_1,51,1,a&w_small,0.5395722389221191,592,156,621,210,606,183
frame_29,Rack_1,53,1,a&w_small,0.7663367986679077,566,157,590,211,578,184
frame_29,Rack_1,44,1,a&w_small,0.7903530597686768,540,157,564,213,552,185
frame_29,Rack_1,37,1,a&w_small,0.8199300765991211,510,158,538,215,524,186
frame_29,Rack_1,26,1,a&w_small,0.8190026879310608,481,157,507,216,494,186
frame_29,Rack_1,32,1,a&w_small,0.7950929999351501,449,158,479,215,464,186
frame_29,Rack_1,29,1,a&w_small,0.5314594507217407,425,159,446,215,435,187
frame_29,Rack_1,43,4,coke_small,0.8456635475158691,401,158,424,215,412,186
frame_29,Rack_1,35,4,coke_small,0.7876767516136169,376,158,399,215,387,186
frame_29,Rack_1,45,4,coke_small,0.837082028388977,348,157,374,217,361,187
frame_29,Rack_1,50,4,coke_small,0.7611393928527832,324,158,347,217,335,187
frame_29,Rack_1,30,4,coke_small,0.8061869144439697,297,158,323,216,310,187
frame_29,Rack_1,42,17,sprite_small,0.8287562727928162,267,160,296,232,281,196
frame_29,Rack_1,24,17,sprite_small,0.8730274438858032,245,158,270,233,257,195
frame_29,Rack_1,34,17,sprite_small,0.8940111994743347,226,159,248,235,237,197
frame_29,Rack_1,36,17,sprite_small,0.8114427924156189,201,160,229,237,215,198
frame_29,Rack_1,31,8,dew_med,0.8962545990943909,175,162,201,250,188,206
frame_29,Rack_1,20,8,dew_med,0.8779650926589966,150,164,174,251,162,207
frame_29,Rack_1,13,8,dew_med,0.8522371649742126,124,167,149,252,136,209
frame_29,Rack_1,12,8,dew_med,0.8651930093765259,101,170,123,253,112,211
frame_29,Rack_1,18,8,dew_med,0.9134088158607483,80,173,100,255,90,214
frame_29,Rack_1,14,8,dew_med,0.8508867025375366,55,175,79,257,67,216
frame_29,Rack_1,49,8,dew_med,0.7530761361122131,26,175,56,259,41,217
frame_29,Rack_2,52,3,coke_med,0.8304358720779419,581,239,623,341,602,290
frame_29,Rack_2,40,3,coke_med,0.817642331123352,545,248,581,341,563,294
frame_29,Rack_2,39,3,coke_med,0.8011693358421326,518,262,543,342,530,302
frame_29,Rack_2,46,3,coke_med,0.8177964091300964,488,263,516,343,502,303
frame_29,Rack_2,21,3,coke_med,0.9210351705551147,457,263,487,343,472,303
frame_29,Rack_2,56,6,coke_v_med,0.7271798253059387,428,263,456,344,442,303
frame_29,Rack_2,48,6,coke_v_med,0.7271650433540344,399,261,427,344,413,302
frame_29,Rack_2,33,6,coke_v_med,0.814760684967041,370,261,398,344,384,302
frame_29,Rack_2,9,2,anw_med,0.8962414264678955,341,261,369,343,355,302
frame_29,Rack_2,23,2,anw_med,0.8831952810287476,310,262,340,343,325,302
frame_29,Rack_2,1,2,anw_med,0.8452539443969727,279,261,309,342,294,301
frame_29,Rack_2,28,2,anw_med,0.8376594185829163,250,262,278,342,264,302
frame_29,Rack_2,22,2,anw_med,0.8428841233253479,221,263,250,342,235,302
frame_29,Rack_2,41,15,pepsi_med,0.8968732357025146,187,266,213,343,200,304
frame_29,Rack_2,25,15,pepsi_med,0.9032337069511414,158,264,185,343,171,303
frame_29,Rack_2,10,15,pepsi_med,0.9005142450332642,131,265,156,343,143,304
frame_29,Rack_2,16,15,pepsi_med,0.9028229117393494,106,267,131,343,118,305
frame_29,Rack_2,15,15,pepsi_med,0.8204922080039978,79,269,106,343,92,306
frame_29,Rack_2,55,13,kick_med,0.8373004794120789,49,273,78,346,63,309
frame_29,Rack_2,54,13,kick_med,0.8475198149681091,26,274,50,346,38,310
frame_29,Rack_2,63,13,kick_med,0.8379182815551758,9,276,23,354,16,315
frame_29,Rack_3,64,9,empty,0.5446221232414246,579,370,627,486,603,428
frame_29,Rack_3,4,7,coke_z_big,0.9417541027069092,526,369,572,484,549,426
frame_29,Rack_3,5,7,coke_z_big,0.9476587772369385,486,368,526,485,506,426
frame_29,Rack_3,3,7,coke_z_big,0.9429111480712891,445,369,485,485,465,427
frame_29,Rack_3,6,7,coke_z_big,0.9335110783576965,404,369,444,485,424,427
frame_29,Rack_3,27,5,coke_v_big,0.884484052658081,366,368,403,484,384,426
frame_29,Rack_3,19,5,coke_v_big,0.9089945554733276,327,369,365,485,346,427
frame_29,Rack_3,17,5,coke_v_big,0.8802239298820496,292,369,327,484,309,426
frame_29,Rack_3,7,5,coke_v_big,0.9161821007728577,256,370,292,483,274,426
frame_29,Rack_3,2,5,coke_v_big,0.9117867946624756,218,371,255,484,236,427
frame_29,Rack_3,8,14,pepsi_big,0.8976885080337524,183,369,218,485,200,427
frame_29,Rack_3,11,14,pepsi_big,0.8640792369842529,152,369,183,484,167,426
frame_29,Rack_3,47,14,pepsi_big,0.8922900557518005,118,369,152,484,135,426
frame_29,Rack_3,38,10,fanta_grape_big,0.8898720741271973,77,371,121,483,99,427
frame_29,Rack_3,57,10,fanta_grape_big,0.7424446940422058,55,371,81,483,68,427
frame_30,Rack_1,51,1,a&w_small,0.754174530506134,594,155,623,210,608,182
frame_30,Rack_1,53,1,a&w_small,0.7889654636383057,567,156,591,211,579,183
frame_30,Rack_1,44,1,a&w_small,0.7651880383491516,541,156,565,213,553,184
frame_30,Rack_1,37,1,a&w_small,0.8208180665969849,510,157,539,215,524,186
frame_30,Rack_1,26,1,a&w_small,0.8381821513175964,482,156,509,216,495,186
frame_30,Rack_1,32,1,a&w_small,0.8206612467765808,450,157,480,216,465,186
frame_30,Rack_1,29,1,a&w_small,0.638369083404541,426,158,448,215,437,186
frame_30,Rack_1,43,4,coke_small,0.8437592387199402,402,158,424,215,413,186
frame_30,Rack_1,35,4,coke_small,0.8013951182365417,376,158,400,215,388,186
frame_30,Rack_1,45,4,coke_small,0.8379426598548889,349,157,375,217,362,187
frame_30,Rack_1,50,4,coke_small,0.7973644137382507,325,158,348,216,336,187
frame_30,Rack_1,30,4,coke_small,0.8326590061187744,298,158,324,216,311,187
frame_30,Rack_1,42,17,sprite_small,0.8577249050140381,268,160,296,233,282,196
frame_30,Rack_1,24,17,sprite_small,0.8793742060661316,246,159,271,233,258,196
frame_30,Rack_1,34,17,sprite_small,0.892127513885498,227,160,249,235,238,197
frame_30,Rack_1,36,17,sprite_small,0.808143675327301,202,161,229,237,215,199
frame_30,Rack_1,31,8,dew_med,0.9047595858573914,175,164,202,250,188,207
frame_30,Rack_1,20,8,dew_med,0.8799585700035095,151,166,175,251,163,208
frame_30,Rack_1,13,8,dew_med,0.8921010494232178,125,169,149,252,137,210
frame_30,Rack_1,12,8,dew_med,0.9048260450363159,102,171,124,253,113,212
frame_30,Rack_1,18,8,dew_med,0.9005373120307922,80,173,101,255,90,214
frame_30,Rack_1,14,8,dew_med,0.920012354850769,56,175,80,257,68,216
frame_30,Rack_2,52,3,coke_med,0.8522598743438721,582,239,624,341,603,290
frame_30,Rack_2,40,3,coke_med,0.7763546109199524,547,256,580,341,563,298
frame_30,Rack_2,39,3,coke_med,0.7855879068374634,518,263,544,342,531,302
frame_30,Rack_2,46,3,coke_med,0.8153265714645386,488,264,517,343,502,303
frame_30,Rack_2,21,3,coke_med,0.9241983294487,458,263,487,343,472,303
frame_30,Rack_2,56,6,coke_v_med,0.6779693365097046,429,263,457,344,443,303
frame_30,Rack_2,48,6,coke_v_med,0.658146321773529,400,261,428,344,414,302
frame_30,Rack_2,33,6,coke_v_med,0.8021656274795532,371,261,398,343,384,302
frame_30,Rack_2,9,2,anw_med,0.8806618452072144,342,262,369,343,355,302
frame_30,Rack_2,23,2,anw_med,0.8819438219070435,310,262,340,343,325,302
frame_30,Rack_2,1,2,anw_med,0.8441460728645325,280,261,309,342,294,301
frame_30,Rack_2,28,2,anw_med,0.8565589189529419,251,262,279,342,265,302
frame_30,Rack_2,22,2,anw_med,0.8451221585273743,222,263,251,343,236,303
frame_30,Rack_2,41,15,pepsi_med,0.8921753168106079,187,266,213,343,200,304
frame_30,Rack_2,25,15,pepsi_med,0.8937872648239136,159,264,186,343,172,303
frame_30,Rack_2,10,15,pepsi_med,0.9010326862335205,132,265,157,343,144,304
frame_30,Rack_2,16,15,pepsi_med,0.895182728767395,107,267,132,343,119,305
frame_30,Rack_2,15,15,pepsi_med,0.9024693965911865,80,269,107,343,93,306
frame_30,Rack_2,55,13,kick_med,0.8691584467887878,50,273,79,348,64,310
frame_30,Rack_2,54,13,kick_med,0.8606700301170349,26,274,51,349,38,311
frame_30,Rack_2,63,13,kick_med,0.8602483868598938,9,276,23,354,16,315
frame_30,Rack_3,4,7,coke_z_big,0.9468116164207458,527,367,574,484,550,425
frame_30,Rack_3,5,7,coke_z_big,0.9479171633720398,486,366,527,484,506,425
frame_30,Rack_3,3,7,coke_z_big,0.9412407875061035,445,367,486,485,465,426
frame_30,Rack_3,6,7,coke_z_big,0.9398504495620728,405,367,445,485,425,426
frame_30,Rack_3,27,5,coke_v_big,0.8900207281112671,366,368,404,484,385,426
frame_30,Rack_3,19,5,coke_v_big,0.9116958379745483,328,368,366,485,347,426
frame_30,Rack_3,17,5,coke_v_big,0.8863887190818787,293,369,328,484,310,426
frame_30,Rack_3,7,5,coke_v_big,0.9075536131858826,256,370,293,483,274,426
frame_30,Rack_3,2,5,coke_v_big,0.9127048254013062,219,371,256,484,237,427
frame_30,Rack_3,8,14,pepsi_big,0.9035303592681885,184,368,219,485,201,426
frame_30,Rack_3,11,14,pepsi_big,0.8846213817596436,153,369,184,484,168,426
frame_30,Rack_3,47,14,pepsi_big,0.8974770903587341,119,369,153,484,136,426
frame_30,Rack_3,38,10,fanta_grape_big,0.8813527822494507,78,370,122,483,100,426
frame_30,Rack_3,57,10,fanta_grape_big,0.6594589352607727,56,370,82,483,69,426
frame_31,Rack_1,51,1,a&w_small,0.8301563858985901,594,154,624,210,609,182
frame_31,Rack_1,53,1,a&w_small,0.7755510210990906,567,155,592,211,579,183
frame_31,Rack_1,44,1,a&w_small,0.7749167680740356,542,155,567,213,554,184
frame_31,Rack_1,37,1,a&w_small,0.8626947999000549,511,156,541,216,526,186
frame_31,Rack_1,26,1,a&w_small,0.8497830033302307,483,156,510,218,496,187
frame_31,Rack_1,32,1,a&w_small,0.8867484331130981,451,156,482,218,466,187
frame_31,Rack_1,29,1,a&w_small,0.5964443683624268,426,157,449,218,437,187
frame_31,Rack_1,43,4,coke_small,0.8320006132125854,402,158,426,218,414,188
frame_31,Rack_1,35,4,coke_small,0.8107340931892395,376,157,401,217,388,187
frame_31,Rack_1,45,4,coke_small,0.8660426735877991,349,156,376,218,362,187
frame_31,Rack_1,50,4,coke_small,0.8489252924919128,325,157,349,218,337,187
frame_31,Rack_1,30,4,coke_small,0.8926746249198914,298,157,325,218,311,187
frame_31,Rack_1,42,17,sprite_small,0.8866150379180908,269,159,296,227,282,193
frame_31,Rack_1,24,17,sprite_small,0.8787794709205627,247,158,271,227,259,192
frame_31,Rack_1,34,17,sprite_small,0.8902590870857239,228,160,248,230,238,195
frame_31,Rack_1,36,17,sprite_small,0.7561919093132019,204,160,228,228,216,194
frame_31,Rack_1,31,8,dew_med,0.9010981321334839,176,163,202,250,189,206
frame_31,Rack_1,20,8,dew_med,0.8528298139572144,151,166,175,251,163,208
frame_31,Rack_1,13,8,dew_med,0.8342010974884033,126,168,150,252,138,210
frame_31,Rack_1,12,8,dew_med,0.921329140663147,102,171,125,253,113,212
frame_31,Rack_1,18,8,dew_med,0.9268434643745422,81,173,102,255,91,214
frame_31,Rack_1,14,8,dew_med,0.9478022456169128,56,175,80,257,68,216
frame_31,Rack_1,49,8,dew_med,0.7076207995414734,29,177,57,259,43,218
frame_31,Rack_1,65,8,dew_med,0.7508369088172913,11,177,32,260,21,218
frame_31,Rack_2,52,3,coke_med,0.8453309535980225,584,246,623,341,603,293
frame_31,Rack_2,40,3,coke_med,0.8117285966873169,549,261,581,342,565,301
frame_31,Rack_2,39,3,coke_med,0.7662152647972107,519,263,545,342,532,302
frame_31,Rack_2,46,3,coke_med,0.8355931043624878,489,264,518,343,503,303
frame_31,Rack_2,21,3,coke_med,0.9129977822303772,459,263,488,344,473,303
frame_31,Rack_2,56,6,coke_v_med,0.5430163741111755,430,264,458,344,444,304
frame_31,Rack_2,48,6,coke_v_med,0.6211473345756531,401,262,429,343,415,302
frame_31,Rack_2,33,6,coke_v_med,0.8501039147377014,372,262,399,343,385,302
frame_31,Rack_2,9,2,anw_med,0.8881638646125793,342,261,370,343,356,302
frame_31,Rack_2,23,2,anw_med,0.8606751561164856,311,262,341,343,326,302
frame_31,Rack_2,1,2,anw_med,0.8278308510780334,281,262,310,342,295,302
frame_31,Rack_2,28,2,anw_med,0.8822704553604126,252,262,280,343,266,302
frame_31,Rack_2,22,2,anw_med,0.884075403213501,222,263,251,343,236,303
frame_31,Rack_2,41,15,pepsi_med,0.88716721534729,188,267,213,343,200,305
frame_31,Rack_2,25,15,pepsi_med,0.8915095329284668,159,264,187,343,173,303
frame_31,Rack_2,10,15,pepsi_med,0.9031343460083008,132,265,158,343,145,304
frame_31,Rack_2,16,15,pepsi_med,0.8834505081176758,107,266,132,343,119,304
frame_31,Rack_2,15,15,pepsi_med,0.9054576754570007,80,268,108,343,94,305
frame_31,Rack_2,55,13,kick_med,0.8425368666648865,50,273,80,346,65,309
frame_31,Rack_2,54,13,kick_med,0.8766637444496155,27,275,51,348,39,311
frame_31,Rack_2,63,13,kick_med,0.8288493156433105,9,275,24,353,16,314
frame_31,Rack_3,64,9,empty,0.5440406799316406,581,370,630,486,605,428
frame_31,Rack_3,4,7,coke_z_big,0.938745379447937,528,368,574,484,551,426
frame_31,Rack_3,5,7,coke_z_big,0.945977509021759,487,367,528,485,507,426
frame_31,Rack_3,3,7,coke_z_big,0.944617748260498,446,368,486,485,466,426
frame_31,Rack_3,6,7,coke_z_big,0.9511845707893372,406,368,446,486,426,427
frame_31,Rack_3,27,5,coke_v_big,0.8872969150543213,367,368,404,485,385,426
frame_31,Rack_3,19,5,coke_v_big,0.9081997871398926,328,369,366,485,347,427
frame_31,Rack_3,17,5,coke_v_big,0.8965796232223511,293,369,328,484,310,426
frame_31,Rack_3,7,5,coke_v_big,0.913294792175293,257,370,293,484,275,427
frame_31,Rack_3,2,5,coke_v_big,0.9080659747123718,219,371,257,485,238,428
frame_31,Rack_3,8,14,pepsi_big,0.9156060814857483,185,369,219,485,202,427
frame_31,Rack_3,11,14,pepsi_big,0.9107211828231812,153,369,185,485,169,427
frame_31,Rack_3,47,14,pepsi_big,0.8983092904090881,119,369,154,485,136,427
frame_31,Rack_3,38,10,fanta_grape_big,0.8737472295761108,78,371,122,484,100,427
frame_31,Rack_3,57,10,fanta_grape_big,0.5011367797851562,56,370,82,483,69,426
frame_32,Rack_1,51,1,a&w_small,0.8178942203521729,594,154,624,211,609,182
frame_32,Rack_1,53,1,a&w_small,0.7833914160728455,568,154,593,211,580,182
frame_32,Rack_1,44,1,a&w_small,0.7952029705047607,543,154,568,212,555,183
frame_32,Rack_1,37,1,a&w_small,0.844984233379364,512,155,542,216,527,185
frame_32,Rack_1,26,1,a&w_small,0.8831508159637451,483,155,511,218,497,186
frame_32,Rack_1,32,1,a&w_small,0.8924509882926941,451,156,483,219,467,187
frame_32,Rack_1,29,1,a&w_small,0.7067995667457581,427,157,451,219,439,188
frame_32,Rack_1,43,4,coke_small,0.8090435862541199,402,158,427,219,414,188
frame_32,Rack_1,35,4,coke_small,0.8336929082870483,377,157,402,219,389,188
frame_32,Rack_1,45,4,coke_small,0.8549950122833252,350,156,377,219,363,187
frame_32,Rack_1,50,4,coke_small,0.8177803754806519,325,157,350,219,337,188
frame_32,Rack_1,30,4,coke_small,0.8758543729782104,298,157,326,219,312,188
frame_32,Rack_1,42,17,sprite_small,0.8807106018066406,270,159,296,224,283,191
frame_32,Rack_1,24,17,sprite_small,0.9005815982818604,248,159,271,226,259,192
frame_32,Rack_1,34,17,sprite_small,0.8901482820510864,229,160,248,226,238,193
frame_32,Rack_1,36,17,sprite_small,0.8106940984725952,205,160,228,224,216,192
frame_32,Rack_1,31,8,dew_med,0.8936446309089661,177,163,203,250,190,206
frame_32,Rack_1,20,8,dew_med,0.8747434616088867,152,166,176,251,164,208
frame_32,Rack_1,13,8,dew_med,0.849999189376831,126,167,151,253,138,210
frame_32,Rack_1,12,8,dew_med,0.9272244572639465,103,171,125,253,114,212
frame_32,Rack_1,18,8,dew_med,0.9298160672187805,81,173,102,255,91,214
frame_32,Rack_1,14,8,dew_med,0.95090252161026,57,174,81,257,69,215
frame_32,Rack_1,49,8,dew_med,0.6463780999183655,30,177,58,258,44,217
frame_32,Rack_1,65,8,dew_med,0.7268238067626953,11,178,32,259,21,218
frame_32,Rack_2,52,3,coke_med,0.8750115633010864,584,246,623,341,603,293
frame_32,Rack_2,40,3,coke_med,0.8351136445999146,549,260,582,342,565,301
frame_32,Rack_2,39,3,coke_med,0.7580685615539551,520,263,546,342,533,302
frame_32,Rack_2,46,3,coke_med,0.8168627619743347,490,264,519,343,504,303
frame_32,Rack_2,21,3,coke_med,0.9030625224113464,459,263,489,344,474,303
frame_32,Rack_2,56,6,coke_v_med,0.6757838129997253,431,264,459,344,445,304
frame_32,Rack_2,48,6,coke_v_med,0.6572486758232117,401,262,430,344,415,303
frame_32,Rack_2,33,6,coke_v_med,0.8186711668968201,373,263,400,344,386,303
frame_32,Rack_2,9,2,anw_med,0.898684024810791,343,261,371,343,357,302
frame_32,Rack_2,23,2,anw_med,0.8612063527107239,312,262,341,343,326,302
frame_32,Rack_2,1,2,anw_med,0.8495785593986511,281,262,310,342,295,302
frame_32,Rack_2,28,2,anw_med,0.8706032633781433,252,262,280,343,266,302
frame_32,Rack_2,22,2,anw_med,0.9048709273338318,223,263,252,343,237,303
frame_32,Rack_2,41,15,pepsi_med,0.8919585347175598,188,267,213,343,200,305
frame_32,Rack_2,25,15,pepsi_med,0.8816470503807068,160,264,187,343,173,303
frame_32,Rack_2,10,15,pepsi_med,0.9004319906234741,133,265,158,343,145,304
frame_32,Rack_2,16,15,pepsi_med,0.8854454159736633,108,267,133,344,120,305
frame_32,Rack_2,15,15,pepsi_med,0.8984211683273315,81,268,108,343,94,305
frame_32,Rack_2,55,13,kick_med,0.8321799039840698,51,273,80,346,65,309
frame_32,Rack_2,54,13,kick_med,0.8629441857337952,28,274,52,347,40,310
frame_32,Rack_2,63,13,kick_med,0.8472105860710144,9,275,24,353,16,314
frame_32,Rack_3,64,9,empty,0.5096799731254578,581,370,630,486,605,428
frame_32,Rack_3,4,7,coke_z_big,0.9270626306533813,529,369,575,484,552,426
frame_32,Rack_3,5,7,coke_z_big,0.9422296285629272,487,368,528,485,507,426
frame_32,Rack_3,3,7,coke_z_big,0.944180965423584,447,369,487,485,467,427
frame_32,Rack_3,6,7,coke_z_big,0.9515416026115417,406,369,446,486,426,427
frame_32,Rack_3,27,5,coke_v_big,0.8952268958091736,368,368,405,485,386,426
frame_32,Rack_3,19,5,coke_v_big,0.9120808243751526,329,369,367,485,348,427
frame_32,Rack_3,17,5,coke_v_big,0.898532509803772,294,369,329,484,311,426
frame_32,Rack_3,7,5,coke_v_big,0.9055368304252625,258,370,294,484,276,427
frame_32,Rack_3,2,5,coke_v_big,0.9057838916778564,220,372,257,485,238,428
frame_32,Rack_3,8,14,pepsi_big,0.9194315075874329,185,369,220,485,202,427
frame_32,Rack_3,11,14,pepsi_big,0.9008278250694275,154,370,186,484,170,427
frame_32,Rack_3,47,14,pepsi_big,0.8966670632362366,120,370,154,484,137,427
frame_32,Rack_3,38,10,fanta_grape_big,0.8690673112869263,79,371,122,484,100,427
frame_32,Rack_3,57,10,fanta_grape_big,0.5079026818275452,57,371,82,483,69,427
frame_33,Rack_1,51,1,a&w_small,0.8613886833190918,595,154,625,211,610,182
frame_33,Rack_1,53,1,a&w_small,0.7786248326301575,569,154,594,211,581,182
frame_33,Rack_1,44,1,a&w_small,0.8298349976539612,544,154,569,212,556,183
frame_33,Rack_1,37,1,a&w_small,0.8579182624816895,513,155,543,215,528,185
frame_33,Rack_1,26,1,a&w_small,0.8995221257209778,484,156,512,219,498,187
frame_33,Rack_1,32,1,a&w_small,0.8596998453140259,452,156,484,219,468,187
frame_33,Rack_1,29,1,a&w_small,0.6952626705169678,428,156,452,220,440,188
frame_33,Rack_1,43,4,coke_small,0.8383514881134033,403,158,428,221,415,189
frame_33,Rack_1,35,4,coke_small,0.8301442861557007,377,157,403,221,390,189
frame_33,Rack_1,45,4,coke_small,0.8692886829376221,350,156,378,221,364,188
frame_33,Rack_1,50,4,coke_small,0.8316689133644104,325,156,351,221,338,188
frame_33,Rack_1,30,4,coke_small,0.8955552577972412,298,157,326,221,312,189
frame_33,Rack_1,42,17,sprite_small,0.8596256375312805,271,158,297,223,284,190
frame_33,Rack_1,24,17,sprite_small,0.8753441572189331,249,158,271,224,260,191
frame_33,Rack_1,34,17,sprite_small,0.8736540675163269,230,159,248,223,239,191
frame_33,Rack_1,36,17,sprite_small,0.7039632201194763,206,159,229,223,217,191
frame_33,Rack_1,31,8,dew_med,0.8448574542999268,178,162,204,248,191,205
frame_33,Rack_1,20,8,dew_med,0.8578885197639465,152,164,177,250,164,207
frame_33,Rack_1,13,8,dew_med,0.8710368871688843,127,167,152,252,139,209
frame_33,Rack_1,12,8,dew_med,0.8568804860115051,103,169,126,253,114,211
frame_33,Rack_1,18,8,dew_med,0.8710043430328369,82,172,103,255,92,213
frame_33,Rack_1,14,8,dew_med,0.8879325985908508,58,174,82,257,70,215
frame_33,Rack_2,52,3,coke_med,0.8351772427558899,587,255,623,341,605,298
frame_33,Rack_2,40,3,coke_med,0.8547623753547668,550,258,583,342,566,300
frame_33,Rack_2,39,3,coke_med,0.7658920288085938,521,263,547,342,534,302
frame_33,Rack_2,46,3,coke_med,0.826317548751831,491,264,519,343,505,303
frame_33,Rack_2,21,3,coke_med,0.9165003895759583,460,263,490,344,475,303
frame_33,Rack_2,56,6,coke_v_med,0.643221378326416,432,264,460,343,446,303
frame_33,Rack_2,48,6,coke_v_med,0.6632072925567627,402,263,431,344,416,303
frame_33,Rack_2,33,6,coke_v_med,0.8107760548591614,373,264,401,344,387,304
frame_33,Rack_2,9,2,anw_med,0.8987578749656677,343,261,372,343,357,302
frame_33,Rack_2,23,2,anw_med,0.839675784111023,313,263,342,343,327,303
frame_33,Rack_2,1,2,anw_med,0.8597905039787292,282,262,311,343,296,302
frame_33,Rack_2,28,2,anw_med,0.8492461442947388,253,263,281,343,267,303
frame_33,Rack_2,22,2,anw_med,0.8978530764579773,224,263,252,343,238,303
frame_33,Rack_2,41,15,pepsi_med,0.8894517421722412,189,267,214,342,201,304
frame_33,Rack_2,25,15,pepsi_med,0.8904839158058167,160,264,188,343,174,303
frame_33,Rack_2,10,15,pepsi_med,0.9104864001274109,133,265,159,343,146,304
frame_33,Rack_2,16,15,pepsi_med,0.8998806476593018,108,267,134,345,121,306
frame_33,Rack_2,15,15,pepsi_med,0.8969923853874207,82,268,109,343,95,305
frame_33,Rack_2,55,13,kick_med,0.7950168251991272,51,272,81,347,66,309
frame_33,Rack_2,54,13,kick_med,0.855061411857605,29,274,52,347,40,310
frame_33,Rack_2,63,13,kick_med,0.8431697487831116,9,275,24,353,16,314
frame_33,Rack_3,64,9,empty,0.6002875566482544,582,370,631,486,606,428
frame_33,Rack_3,4,7,coke_z_big,0.918019711971283,530,369,575,484,552,426
frame_33,Rack_3,5,7,coke_z_big,0.9420564770698547,488,368,528,485,508,426
frame_33,Rack_3,3,7,coke_z_big,0.9472773671150208,448,369,487,484,467,426
frame_33,Rack_3,6,7,coke_z_big,0.9409025311470032,407,369,447,486,427,427
frame_33,Rack_3,27,5,coke_v_big,0.8917964100837708,368,369,406,485,387,427
frame_33,Rack_3,19,5,coke_v_big,0.9135383367538452,329,369,367,485,348,427
frame_33,Rack_3,17,5,coke_v_big,0.8873290419578552,295,369,330,484,312,426
frame_33,Rack_3,7,5,coke_v_big,0.8947750329971313,258,370,295,484,276,427
frame_33,Rack_3,2,5,coke_v_big,0.907034695148468,221,372,258,485,239,428
frame_33,Rack_3,8,14,pepsi_big,0.9203512668609619,186,369,220,485,203,427
frame_33,Rack_3,11,14,pepsi_big,0.9029276967048645,154,370,186,484,170,427
frame_33,Rack_3,47,14,pepsi_big,0.917063295841217,120,370,154,484,137,427
frame_33,Rack_3,38,10,fanta_grape_big,0.86554354429245,80,371,122,484,101,427
frame_33,Rack_3,57,10,fanta_grape_big,0.532383382320404,57,371,82,483,69,427
frame_34,Rack_1,51,1,a&w_small,0.8509566187858582,596,153,626,210,611,181
frame_34,Rack_1,53,1,a&w_small,0.8130959868431091,570,153,595,211,582,182
frame_34,Rack_1,44,1,a&w_small,0.818949818611145,545,154,570,212,557,183
frame_34,Rack_1,37,1,a&w_small,0.8541761040687561,513,155,543,215,528,185
frame_34,Rack_1,26,1,a&w_small,0.8776034116744995,485,155,512,219,498,187
frame_34,Rack_1,32,1,a&w_small,0.8760392665863037,453,156,485,219,469,187
frame_34,Rack_1,29,1,a&w_small,0.6930493116378784,429,156,453,220,441,188
frame_34,Rack_1,43,4,coke_small,0.8571199178695679,403,157,429,222,416,189
frame_34,Rack_1,35,4,coke_small,0.8278449773788452,377,156,404,222,390,189
frame_34,Rack_1,45,4,coke_small,0.8545006513595581,350,156,379,223,364,189
frame_34,Rack_1,50,4,coke_small,0.8174980878829956,326,156,352,223,339,189
frame_34,Rack_1,30,4,coke_small,0.8966597318649292,299,157,328,223,313,190
frame_34,Rack_1,42,17,sprite_small,0.8610408902168274,272,157,298,224,285,190
frame_34,Rack_1,24,17,sprite_small,0.9258246421813965,249,158,272,225,260,191
frame_34,Rack_1,34,17,sprite_small,0.8944799304008484,230,159,249,224,239,191
frame_34,Rack_1,36,17,sprite_small,0.8643546104431152,207,160,230,224,218,192
frame_34,Rack_1,31,8,dew_med,0.8747882843017578,178,163,204,248,191,205
frame_34,Rack_1,20,8,dew_med,0.8916592597961426,153,165,177,250,165,207
frame_34,Rack_1,13,8,dew_med,0.8790150880813599,127,167,152,252,139,209
frame_34,Rack_1,12,8,dew_med,0.862089216709137,104,170,126,253,115,211
frame_34,Rack_1,18,8,dew_med,0.9207244515419006,82,172,103,255,92,213
frame_34,Rack_1,14,8,dew_med,0.9230567812919617,58,174,82,257,70,215
frame_34,Rack_1,49,8,dew_med,0.6038823127746582,32,176,59,258,45,217
frame_34,Rack_2,52,3,coke_med,0.8784936666488647,586,250,625,341,605,295
frame_34,Rack_2,40,3,coke_med,0.8419333696365356,550,257,584,341,567,299
frame_34,Rack_2,39,3,coke_med,0.7694668769836426,521,263,547,342,534,302
frame_34,Rack_2,46,3,coke_med,0.8370941877365112,492,264,520,343,506,303
frame_34,Rack_2,21,3,coke_med,0.919166624546051,461,263,491,344,476,303
frame_34,Rack_2,56,6,coke_v_med,0.7241431474685669,432,264,460,344,446,304
frame_34,Rack_2,48,6,coke_v_med,0.6752468347549438,403,264,431,344,417,304
frame_34,Rack_2,33,6,coke_v_med,0.8374751210212708,374,262,401,344,387,303
frame_34,Rack_2,9,2,anw_med,0.90228670835495,344,262,372,343,358,302
frame_34,Rack_2,23,2,anw_med,0.8664304614067078,313,263,343,343,328,303
frame_34,Rack_2,1,2,anw_med,0.8903636336326599,283,263,312,343,297,303
frame_34,Rack_2,28,2,anw_med,0.8502103686332703,254,263,282,343,268,303
frame_34,Rack_2,22,2,anw_med,0.9126099944114685,224,263,253,343,238,303
frame_34,Rack_2,41,15,pepsi_med,0.8821947574615479,189,267,214,342,201,304
frame_34,Rack_2,25,15,pepsi_med,0.893517792224884,161,264,188,343,174,303
frame_34,Rack_2,10,15,pepsi_med,0.9158411026000977,134,265,159,343,146,304
frame_34,Rack_2,16,15,pepsi_med,0.9036206007003784,109,267,134,345,121,306
frame_34,Rack_2,15,15,pepsi_med,0.8943785429000854,82,268,109,343,95,305
frame_34,Rack_2,55,13,kick_med,0.8041999340057373,51,272,81,347,66,309
frame_34,Rack_2,54,13,kick_med,0.8667547702789307,29,274,53,347,41,310
frame_34,Rack_2,63,13,kick_med,0.8684476017951965,9,275,25,353,17,314
frame_34,Rack_3,64,9,empty,0.5925045013427734,582,370,631,486,606,428
frame_34,Rack_3,4,7,coke_z_big,0.9144335985183716,530,369,576,485,553,427
frame_34,Rack_3,5,7,coke_z_big,0.9395886659622192,488,369,529,485,508,427
frame_34,Rack_3,3,7,coke_z_big,0.9479444622993469,448,369,488,485,468,427
frame_34,Rack_3,6,7,coke_z_big,0.9335098266601562,408,369,447,486,427,427
frame_34,Rack_3,27,5,coke_v_big,0.8850262761116028,369,369,407,485,388,427
frame_34,Rack_3,19,5,coke_v_big,0.9074915647506714,330,369,368,485,349,427
frame_34,Rack_3,17,5,coke_v_big,0.8850271701812744,295,369,330,484,312,426
frame_34,Rack_3,7,5,coke_v_big,0.8925727009773254,259,370,295,484,277,427
frame_34,Rack_3,2,5,coke_v_big,0.9068437814712524,221,372,259,486,240,429
frame_34,Rack_3,8,14,pepsi_big,0.9267024397850037,186,369,221,485,203,427
frame_34,Rack_3,11,14,pepsi_big,0.9071677327156067,155,370,186,485,170,427
frame_34,Rack_3,47,14,pepsi_big,0.9207651615142822,120,370,154,485,137,427
frame_34,Rack_3,38,10,fanta_grape_big,0.8949200510978699,80,371,122,485,101,428
frame_34,Rack_3,57,10,fanta_grape_big,0.6207895874977112,57,371,83,483,70,427
frame_34,Rack_3,67,12,fanta_straw_big,0.730747401714325,2,371,33,480,17,425
frame_35,Rack_1,51,1,a&w_small,0.8393160700798035,597,153,627,210,612,181
frame_35,Rack_1,53,1,a&w_small,0.8177523016929626,570,153,595,211,582,182
frame_35,Rack_1,44,1,a&w_small,0.8036407828330994,546,154,571,212,558,183
frame_35,Rack_1,37,1,a&w_small,0.8393676280975342,514,155,545,216,529,185
frame_35,Rack_1,26,1,a&w_small,0.8729413151741028,486,155,513,219,499,187
frame_35,Rack_1,32,1,a&w_small,0.8717905879020691,454,156,486,219,470,187
frame_35,Rack_1,29,1,a&w_small,0.7018212080001831,430,156,454,221,442,188
frame_35,Rack_1,43,4,coke_small,0.853682279586792,404,157,430,222,417,189
frame_35,Rack_1,35,4,coke_small,0.823809802532196,377,156,404,223,390,189
frame_35,Rack_1,45,4,coke_small,0.85550856590271,351,156,379,224,365,190
frame_35,Rack_1,50,4,coke_small,0.8261832594871521,327,156,353,224,340,190
frame_35,Rack_1,30,4,coke_small,0.9051142334938049,299,156,328,224,313,190
frame_35,Rack_1,42,17,sprite_small,0.8558785915374756,272,158,299,225,285,191
frame_35,Rack_1,24,17,sprite_small,0.9236208200454712,250,158,273,226,261,192
frame_35,Rack_1,34,17,sprite_small,0.8827047348022461,230,159,250,225,240,192
frame_35,Rack_1,36,17,sprite_small,0.8218238353729248,207,160,231,225,219,192
frame_35,Rack_1,31,8,dew_med,0.874569296836853,179,163,205,248,192,205
frame_35,Rack_1,20,8,dew_med,0.8921204805374146,154,165,178,251,166,208
frame_35,Rack_1,13,8,dew_med,0.8814700245857239,128,167,153,252,140,209
frame_35,Rack_1,12,8,dew_med,0.8816542029380798,105,170,127,253,116,211
frame_35,Rack_1,18,8,dew_med,0.8813146352767944,83,172,104,255,93,213
frame_35,Rack_1,14,8,dew_med,0.9347327947616577,59,174,82,257,70,215
frame_35,Rack_1,49,8,dew_med,0.7686139345169067,32,177,60,258,46,217
frame_35,Rack_2,52,3,coke_med,0.8843466639518738,586,242,628,341,607,291
frame_35,Rack_2,40,3,coke_med,0.8522603511810303,549,248,586,342,567,295
frame_35,Rack_2,39,3,coke_med,0.7241760492324829,522,261,549,342,535,301
frame_35,Rack_2,46,3,coke_med,0.8173762559890747,492,264,521,343,506,303
frame_35,Rack_2,21,3,coke_med,0.9236109852790833,461,263,491,344,476,303
frame_35,Rack_2,56,6,coke_v_med,0.6821805834770203,433,263,461,345,447,304
frame_35,Rack_2,48,6,coke_v_med,0.5878176689147949,403,263,432,344,417,303
frame_35,Rack_2,33,6,coke_v_med,0.8349474668502808,374,263,402,345,388,304
frame_35,Rack_2,9,2,anw_med,0.8974113464355469,345,261,373,344,359,302
frame_35,Rack_2,23,2,anw_med,0.8964278697967529,314,263,343,343,328,303
frame_35,Rack_2,1,2,anw_med,0.9016101360321045,283,263,312,343,297,303
frame_35,Rack_2,28,2,anw_med,0.8681433796882629,254,263,282,344,268,303
frame_35,Rack_2,22,2,anw_med,0.9148301482200623,225,263,254,343,239,303
frame_35,Rack_2,41,15,pepsi_med,0.8653736710548401,190,267,215,343,202,305
frame_35,Rack_2,25,15,pepsi_med,0.8976914882659912,161,265,189,343,175,304
frame_35,Rack_2,10,15,pepsi_med,0.9123833775520325,135,265,160,344,147,304
frame_35,Rack_2,16,15,pepsi_med,0.9054333567619324,110,267,135,345,122,306
frame_35,Rack_2,15,15,pepsi_med,0.9042543768882751,82,268,110,344,96,306
frame_35,Rack_2,55,13,kick_med,0.7609670162200928,52,272,82,347,67,309
frame_35,Rack_2,54,13,kick_med,0.8595146536827087,29,274,53,348,41,311
frame_35,Rack_2,63,13,kick_med,0.8669556975364685,9,275,26,353,17,314
frame_35,Rack_3,64,9,empty,0.5456779599189758,582,370,632,486,607,428
frame_35,Rack_3,4,7,coke_z_big,0.9217336177825928,531,369,577,485,554,427
frame_35,Rack_3,5,7,coke_z_big,0.9421103596687317,489,369,530,486,509,427
frame_35,Rack_3,3,7,coke_z_big,0.9451233744621277,449,370,488,485,468,427
frame_35,Rack_3,6,7,coke_z_big,0.9230380058288574,408,369,448,486,428,427
frame_35,Rack_3,27,5,coke_v_big,0.879710853099823,369,369,407,485,388,427
frame_35,Rack_3,19,5,coke_v_big,0.9067742824554443,331,369,369,485,350,427
frame_35,Rack_3,17,5,coke_v_big,0.8895958065986633,296,369,331,485,313,427
frame_35,Rack_3,7,5,coke_v_big,0.8893070220947266,259,370,295,484,277,427
frame_35,Rack_3,2,5,coke_v_big,0.9093831181526184,222,372,259,486,240,429
frame_35,Rack_3,8,14,pepsi_big,0.9261476397514343,186,369,221,485,203,427
frame_35,Rack_3,11,14,pepsi_big,0.9066709876060486,155,370,187,485,171,427
frame_35,Rack_3,47,14,pepsi_big,0.9314954876899719,121,370,155,485,138,427
frame_35,Rack_3,38,10,fanta_grape_big,0.8973723649978638,81,371,122,485,101,428
frame_35,Rack_3,57,10,fanta_grape_big,0.6187626719474792,58,371,83,483,70,427
frame_35,Rack_3,67,12,fanta_straw_big,0.856721818447113,2,371,33,480,17,425
frame_36,Rack_1,51,1,a&w_small,0.7806646227836609,598,154,628,210,613,182
frame_36,Rack_1,53,1,a&w_small,0.781112790107727,571,154,596,211,583,182
frame_36,Rack_1,44,1,a&w_small,0.811635434627533,546,154,571,212,558,183
frame_36,Rack_1,37,1,a&w_small,0.8264257907867432,515,155,545,215,530,185
frame_36,Rack_1,26,1,a&w_small,0.8931121826171875,487,155,514,218,500,186
frame_36,Rack_1,32,1,a&w_small,0.8722733855247498,455,156,487,219,471,187
frame_36,Rack_1,29,1,a&w_small,0.6619301438331604,431,156,455,220,443,188
frame_36,Rack_1,43,4,coke_small,0.8622524738311768,405,157,431,222,418,189
frame_36,Rack_1,35,4,coke_small,0.8513563871383667,378,156,405,222,391,189
frame_36,Rack_1,45,4,coke_small,0.8699277639389038,352,156,380,223,366,189
frame_36,Rack_1,50,4,coke_small,0.894888162612915,328,156,354,223,341,189
frame_36,Rack_1,30,4,coke_small,0.92186039686203,300,156,329,223,314,189
frame_36,Rack_1,42,17,sprite_small,0.8913414478302002,273,158,299,224,286,191
frame_36,Rack_1,24,17,sprite_small,0.9368932843208313,251,158,273,224,262,191
frame_36,Rack_1,34,17,sprite_small,0.9058013558387756,231,158,250,223,240,190
frame_36,Rack_1,36,17,sprite_small,0.8257071375846863,208,159,231,223,219,191
frame_36,Rack_1,31,8,dew_med,0.8379802703857422,179,162,206,248,192,205
frame_36,Rack_1,20,8,dew_med,0.8917285203933716,154,164,178,250,166,207
frame_36,Rack_1,13,8,dew_med,0.8764959573745728,129,166,153,252,141,209
frame_36,Rack_1,12,8,dew_med,0.8871438503265381,106,169,128,253,117,211
frame_36,Rack_1,18,8,dew_med,0.8942593336105347,83,171,104,255,93,213
frame_36,Rack_1,14,8,dew_med,0.9262890815734863,59,173,83,257,71,215
frame_36,Rack_1,69,8,dew_med,0.5014164447784424,14,178,35,259,24,218
frame_36,Rack_2,52,3,coke_med,0.8817282915115356,587,244,628,341,607,292
frame_36,Rack_2,40,3,coke_med,0.8629437685012817,549,242,588,342,568,292
frame_36,Rack_2,39,3,coke_med,0.7604615092277527,523,262,550,342,536,302
frame_36,Rack_2,46,3,coke_med,0.8435043692588806,493,264,522,343,507,303
frame_36,Rack_2,21,3,coke_med,0.9029568433761597,463,263,492,344,477,303
frame_36,Rack_2,56,6,coke_v_med,0.6184812188148499,434,263,462,345,448,304
frame_36,Rack_2,70,3,coke_med,0.5265080332756042,434,264,462,344,448,304
frame_36,Rack_2,48,6,coke_v_med,0.5401650071144104,404,263,432,344,418,303
frame_36,Rack_2,33,6,coke_v_med,0.8571269512176514,375,262,403,344,389,303
frame_36,Rack_2,9,2,anw_med,0.9033408164978027,346,262,374,343,360,302
frame_36,Rack_2,23,2,anw_med,0.8910595178604126,314,263,344,343,329,303
frame_36,Rack_2,1,2,anw_med,0.8703344464302063,284,263,313,343,298,303
frame_36,Rack_2,28,2,anw_med,0.8610678315162659,255,263,283,343,269,303
frame_36,Rack_2,22,2,anw_med,0.8904330730438232,225,263,254,342,239,302
frame_36,Rack_2,41,15,pepsi_med,0.8742690682411194,190,266,215,343,202,304
frame_36,Rack_2,25,15,pepsi_med,0.9032055139541626,162,264,189,343,175,303
frame_36,Rack_2,10,15,pepsi_med,0.905182421207428,135,265,161,343,148,304
frame_36,Rack_2,16,15,pepsi_med,0.909135103225708,110,266,135,344,122,305
frame_36,Rack_2,15,15,pepsi_med,0.906705379486084,83,268,110,344,96,306
frame_36,Rack_2,55,13,kick_med,0.7801202535629272,52,272,82,347,67,309
frame_36,Rack_2,54,13,kick_med,0.8624667525291443,29,274,54,349,41,311
frame_36,Rack_2,63,13,kick_med,0.8712430000305176,9,275,26,354,17,314
frame_36,Rack_3,64,9,empty,0.5339682698249817,583,369,633,486,608,427
frame_36,Rack_3,4,7,coke_z_big,0.9225542545318604,532,367,578,485,555,426
frame_36,Rack_3,5,7,coke_z_big,0.9429065585136414,490,367,531,486,510,426
frame_36,Rack_3,3,7,coke_z_big,0.9393498301506042,449,368,489,485,469,426
frame_36,Rack_3,6,7,coke_z_big,0.9213352203369141,408,368,449,486,428,427
frame_36,Rack_3,27,5,coke_v_big,0.8740507960319519,370,368,408,485,389,426
frame_36,Rack_3,19,5,coke_v_big,0.9005212187767029,331,368,369,486,350,427
frame_36,Rack_3,17,5,coke_v_big,0.8887744545936584,296,369,331,485,313,427
frame_36,Rack_3,7,5,coke_v_big,0.8818382620811462,260,370,296,484,278,427
frame_36,Rack_3,2,5,coke_v_big,0.9010812044143677,222,372,260,486,241,429
frame_36,Rack_3,8,14,pepsi_big,0.9235977530479431,187,369,221,485,204,427
frame_36,Rack_3,11,14,pepsi_big,0.9115235209465027,156,369,187,485,171,427
frame_36,Rack_3,47,14,pepsi_big,0.9267433285713196,121,370,155,485,138,427
frame_36,Rack_3,38,10,fanta_grape_big,0.8741058111190796,81,371,122,485,101,428
frame_36,Rack_3,57,10,fanta_grape_big,0.5096814036369324,58,371,83,483,70,427
frame_36,Rack_3,67,12,fanta_straw_big,0.8892425894737244,2,370,33,480,17,425
frame_37,Rack_1,51,1,a&w_small,0.8023874759674072,600,154,630,210,615,182
frame_37,Rack_1,53,1,a&w_small,0.7913947105407715,573,154,598,211,585,182
frame_37,Rack_1,44,1,a&w_small,0.7872483134269714,547,154,572,212,559,183
frame_37,Rack_1,37,1,a&w_small,0.8657578825950623,516,154,546,215,531,184
frame_37,Rack_1,26,1,a&w_small,0.8715168237686157,488,155,515,217,501,186
frame_37,Rack_1,32,1,a&w_small,0.8452677726745605,456,156,488,219,472,187
frame_37,Rack_1,29,1,a&w_small,0.7828698754310608,432,156,455,220,443,188
frame_37,Rack_1,43,4,coke_small,0.8583857417106628,406,157,431,221,418,189
frame_37,Rack_1,35,4,coke_small,0.8462184071540833,380,156,406,221,393,188
frame_37,Rack_1,45,4,coke_small,0.887723982334137,353,156,380,221,366,188
frame_37,Rack_1,50,4,coke_small,0.8681274652481079,328,156,354,221,341,188
frame_37,Rack_1,30,4,coke_small,0.8950468301773071,301,156,329,221,315,188
frame_37,Rack_1,42,17,sprite_small,0.8756744265556335,274,158,299,223,286,190
frame_37,Rack_1,24,17,sprite_small,0.9228793978691101,251,158,274,224,262,191
frame_37,Rack_1,34,17,sprite_small,0.9025315046310425,232,159,250,222,241,190
frame_37,Rack_1,36,17,sprite_small,0.8226346373558044,208,160,231,223,219,191
frame_37,Rack_1,31,8,dew_med,0.8892087936401367,180,162,206,248,193,205
frame_37,Rack_1,20,8,dew_med,0.9057429432868958,155,164,179,251,167,207
frame_37,Rack_1,13,8,dew_med,0.8817728757858276,129,167,154,252,141,209
frame_37,Rack_1,12,8,dew_med,0.8826621174812317,106,169,128,253,117,211
frame_37,Rack_1,18,8,dew_med,0.907725989818573,83,171,105,255,94,213
frame_37,Rack_1,14,8,dew_med,0.9393191933631897,60,173,84,256,72,214
frame_37,Rack_1,49,8,dew_med,0.7514576315879822,33,175,61,258,47,216
frame_37,Rack_1,69,8,dew_med,0.585549533367157,15,176,36,259,25,217
frame_37,Rack_1,66,8,dew_med,0.5557345151901245,2,178,13,260,7,219
frame_37,Rack_2,52,3,coke_med,0.8575689196586609,589,245,629,341,609,293
frame_37,Rack_2,40,3,coke_med,0.8524274230003357,551,246,589,342,570,294
frame_37,Rack_2,39,3,coke_med,0.7920013070106506,524,262,551,342,537,302
frame_37,Rack_2,46,3,coke_med,0.8305249810218811,494,264,523,343,508,303
frame_37,Rack_2,21,3,coke_med,0.87265944480896,464,263,493,343,478,303
frame_37,Rack_2,70,3,coke_med,0.5964487791061401,434,264,462,344,448,304
frame_37,Rack_2,48,6,coke_v_med,0.6368671655654907,404,263,433,344,418,303
frame_37,Rack_2,33,6,coke_v_med,0.9041916131973267,375,262,404,344,389,303
frame_37,Rack_2,9,2,anw_med,0.906806230545044,346,262,374,343,360,302
frame_37,Rack_2,23,2,anw_med,0.9054868817329407,315,263,345,343,330,303
frame_37,Rack_2,1,2,anw_med,0.8780685067176819,284,263,313,343,298,303
frame_37,Rack_2,28,2,anw_med,0.8968816995620728,255,263,283,343,269,303
frame_37,Rack_2,22,2,anw_med,0.9156460762023926,226,263,255,342,240,302
frame_37,Rack_2,41,15,pepsi_med,0.8583629131317139,191,266,216,343,203,304
frame_37,Rack_2,25,15,pepsi_med,0.9032886624336243,162,264,190,343,176,303
frame_37,Rack_2,10,15,pepsi_med,0.90541672706604,136,265,161,344,148,304
frame_37,Rack_2,16,15,pepsi_med,0.908158540725708,111,267,136,345,123,306
frame_37,Rack_2,15,15,pepsi_med,0.9015247821807861,83,268,111,343,97,305
frame_37,Rack_2,55,13,kick_med,0.8093851804733276,53,271,83,347,68,309
frame_37,Rack_2,54,13,kick_med,0.8735318779945374,30,274,54,349,42,311
frame_37,Rack_2,63,13,kick_med,0.8635043501853943,9,275,27,354,18,314
frame_37,Rack_3,64,9,empty,0.5166419148445129,584,370,634,486,609,428
frame_37,Rack_3,4,7,coke_z_big,0.9286037683486938,533,369,579,485,556,427
frame_37,Rack_3,5,7,coke_z_big,0.9468109607696533,491,368,532,486,511,427
frame_37,Rack_3,3,7,coke_z_big,0.9418654441833496,450,369,490,486,470,427
frame_37,Rack_3,6,7,coke_z_big,0.9248634576797485,409,368,449,486,429,427
frame_37,Rack_3,27,5,coke_v_big,0.8722163438796997,370,369,408,485,389,427
frame_37,Rack_3,19,5,coke_v_big,0.8976645469665527,332,369,370,486,351,427
frame_37,Rack_3,17,5,coke_v_big,0.8905172944068909,296,369,332,485,314,427
frame_37,Rack_3,7,5,coke_v_big,0.8927093148231506,260,370,296,484,278,427
frame_37,Rack_3,2,5,coke_v_big,0.9064543843269348,223,372,260,486,241,429
frame_37,Rack_3,8,14,pepsi_big,0.9269675612449646,187,369,222,485,204,427
frame_37,Rack_3,11,14,pepsi_big,0.9225177764892578,156,370,188,485,172,427
frame_37,Rack_3,47,14,pepsi_big,0.9231763482093811,122,370,156,485,139,427
frame_37,Rack_3,38,10,fanta_grape_big,0.880186140537262,82,370,123,485,102,427
frame_37,Rack_3,57,10,fanta_grape_big,0.6355054974555969,59,371,84,484,71,427
frame_37,Rack_3,67,12,fanta_straw_big,0.8413552641868591,2,371,33,479,17,425
frame_38,Rack_1,51,1,a&w_small,0.7064693570137024,602,155,632,209,617,182
frame_38,Rack_1,53,1,a&w_small,0.8061928749084473,574,154,599,211,586,182
frame_38,Rack_1,44,1,a&w_small,0.7521514296531677,549,154,573,212,561,183
frame_38,Rack_1,37,1,a&w_small,0.8442820310592651,518,154,547,214,532,184
frame_38,Rack_1,26,1,a&w_small,0.857384443283081,489,155,516,218,502,186
frame_38,Rack_1,32,1,a&w_small,0.8364419937133789,457,156,489,219,473,187
frame_38,Rack_1,29,1,a&w_small,0.7881476879119873,433,156,456,220,444,188
frame_38,Rack_1,43,4,coke_small,0.8409413695335388,407,157,432,220,419,188
frame_38,Rack_1,35,4,coke_small,0.849365770816803,381,156,407,220,394,188
frame_38,Rack_1,45,4,coke_small,0.8600945472717285,354,156,381,220,367,188
frame_38,Rack_1,50,4,coke_small,0.8394274711608887,329,156,355,220,342,188
frame_38,Rack_1,30,4,coke_small,0.8569355607032776,302,157,330,220,316,188
frame_38,Rack_1,42,17,sprite_small,0.860607922077179,275,159,300,223,287,191
frame_38,Rack_1,24,17,sprite_small,0.890223503112793,252,159,275,225,263,192
frame_38,Rack_1,34,17,sprite_small,0.8963379263877869,233,159,251,221,242,190
frame_38,Rack_1,36,17,sprite_small,0.830571174621582,209,160,232,222,220,191
frame_38,Rack_1,31,8,dew_med,0.8894708156585693,180,162,207,249,193,205
frame_38,Rack_1,20,8,dew_med,0.8808655738830566,155,164,180,251,167,207
frame_38,Rack_1,13,8,dew_med,0.8929433226585388,130,166,155,252,142,209
frame_38,Rack_1,12,8,dew_med,0.8834487199783325,106,169,129,252,117,210
frame_38,Rack_1,18,8,dew_med,0.8921622037887573,84,170,106,254,95,212
frame_38,Rack_1,14,8,dew_med,0.9342917799949646,60,172,84,256,72,214
frame_38,Rack_1,49,8,dew_med,0.8188485503196716,34,175,61,258,47,216
frame_38,Rack_1,69,8,dew_med,0.5493020415306091,15,175,36,258,25,216
frame_38,Rack_1,66,8,dew_med,0.5735263228416443,2,177,13,259,7,218
frame_38,Rack_2,52,3,coke_med,0.7855278849601746,591,250,630,341,610,295
frame_38,Rack_2,40,3,coke_med,0.8765828609466553,552,249,589,341,570,295
frame_38,Rack_2,39,3,coke_med,0.8362127542495728,525,262,552,342,538,302
frame_38,Rack_2,46,3,coke_med,0.8006276488304138,495,264,524,343,509,303
frame_38,Rack_2,21,3,coke_med,0.8879346251487732,465,263,495,343,480,303
frame_38,Rack_2,70,3,coke_med,0.6659919023513794,435,264,463,344,449,304
frame_38,Rack_2,48,6,coke_v_med,0.6506222486495972,405,262,434,344,419,303
frame_38,Rack_2,33,6,coke_v_med,0.9209257960319519,376,262,405,344,390,303
frame_38,Rack_2,9,2,anw_med,0.9078209400177002,347,262,375,343,361,302
frame_38,Rack_2,23,2,anw_med,0.9220966100692749,315,263,345,343,330,303
frame_38,Rack_2,1,2,anw_med,0.8567419648170471,285,263,314,343,299,303
frame_38,Rack_2,28,2,anw_med,0.8819088935852051,256,263,284,343,270,303
frame_38,Rack_2,22,2,anw_med,0.9120734930038452,227,263,256,342,241,302
frame_38,Rack_2,41,15,pepsi_med,0.8407906889915466,192,266,217,343,204,304
frame_38,Rack_2,25,15,pepsi_med,0.8910389542579651,163,264,190,343,176,303
frame_38,Rack_2,10,15,pepsi_med,0.8998956680297852,136,265,162,345,149,305
frame_38,Rack_2,16,15,pepsi_med,0.9205663800239563,111,266,136,344,123,305
frame_38,Rack_2,15,15,pepsi_med,0.9135156869888306,84,267,111,343,97,305
frame_38,Rack_2,55,13,kick_med,0.7912059426307678,54,271,83,347,68,309
frame_38,Rack_2,54,13,kick_med,0.8608344793319702,31,274,54,348,42,311
frame_38,Rack_2,63,13,kick_med,0.8625996112823486,9,275,27,353,18,314
frame_38,Rack_3,4,7,coke_z_big,0.9320723414421082,534,369,580,484,557,426
frame_38,Rack_3,5,7,coke_z_big,0.9462735652923584,492,368,533,485,512,426
frame_38,Rack_3,3,7,coke_z_big,0.9330316781997681,451,370,491,485,471,427
frame_38,Rack_3,6,7,coke_z_big,0.9296325445175171,410,369,450,485,430,427
frame_38,Rack_3,27,5,coke_v_big,0.8584122657775879,371,369,409,485,390,427
frame_38,Rack_3,19,5,coke_v_big,0.8992653489112854,333,369,371,485,352,427
frame_38,Rack_3,17,5,coke_v_big,0.9054113626480103,297,368,332,484,314,426
frame_38,Rack_3,7,5,coke_v_big,0.8934779167175293,261,370,297,484,279,427
frame_38,Rack_3,2,5,coke_v_big,0.8985528349876404,224,371,261,485,242,428
frame_38,Rack_3,8,14,pepsi_big,0.9202579855918884,188,369,222,485,205,427
frame_38,Rack_3,11,14,pepsi_big,0.9246039390563965,157,369,188,484,172,426
frame_38,Rack_3,47,14,pepsi_big,0.8904950618743896,123,370,156,484,139,427
frame_38,Rack_3,38,10,fanta_grape_big,0.8316170573234558,82,370,123,484,102,427
frame_38,Rack_3,57,10,fanta_grape_big,0.6522691249847412,59,370,84,483,71,426
frame_38,Rack_3,67,12,fanta_straw_big,0.788877546787262,3,371,34,480,18,425
frame_39,Rack_1,51,1,a&w_small,0.6931039094924927,603,154,633,209,618,181
frame_39,Rack_1,53,1,a&w_small,0.8002710342407227,575,154,600,210,587,182
frame_39,Rack_1,44,1,a&w_small,0.7234249114990234,550,155,574,211,562,183
frame_39,Rack_1,37,1,a&w_small,0.8438177108764648,519,155,548,213,533,184
frame_39,Rack_1,26,1,a&w_small,0.863193690776825,491,155,517,216,504,185
frame_39,Rack_1,32,1,a&w_small,0.8139179348945618,459,156,489,218,474,187
frame_39,Rack_1,29,1,a&w_small,0.8125479817390442,434,157,457,219,445,188
frame_39,Rack_1,43,4,coke_small,0.8457629680633545,408,157,433,219,420,188
frame_39,Rack_1,35,4,coke_small,0.8944956660270691,383,157,408,220,395,188
frame_39,Rack_1,45,4,coke_small,0.8689644932746887,355,156,382,220,368,188
frame_39,Rack_1,50,4,coke_small,0.832403838634491,330,156,355,220,342,188
frame_39,Rack_1,30,4,coke_small,0.861004650592804,303,157,330,219,316,188
frame_39,Rack_1,42,17,sprite_small,0.8726728558540344,276,158,301,223,288,190
frame_39,Rack_1,24,17,sprite_small,0.8910796642303467,253,159,276,224,264,191
frame_39,Rack_1,34,17,sprite_small,0.894239068031311,234,159,252,220,243,189
frame_39,Rack_1,36,17,sprite_small,0.855593740940094,210,160,233,221,221,190
frame_39,Rack_1,31,8,dew_med,0.8811349868774414,181,161,208,248,194,204
frame_39,Rack_1,20,8,dew_med,0.9104957580566406,156,163,181,250,168,206
frame_39,Rack_1,13,8,dew_med,0.8570939898490906,130,165,155,251,142,208
frame_39,Rack_1,12,8,dew_med,0.8867802023887634,107,168,129,252,118,210
frame_39,Rack_1,18,8,dew_med,0.8797817230224609,85,170,106,253,95,211
frame_39,Rack_1,14,8,dew_med,0.9284014105796814,61,172,84,255,72,213
frame_39,Rack_1,49,8,dew_med,0.7908670902252197,34,175,61,257,47,216
frame_39,Rack_1,69,8,dew_med,0.5486782193183899,16,175,37,258,26,216
frame_39,Rack_1,66,8,dew_med,0.69363933801651,2,177,14,259,8,218
frame_39,Rack_2,52,3,coke_med,0.8796787858009338,591,236,636,340,613,288
frame_39,Rack_2,40,3,coke_med,0.8922569155693054,553,241,592,341,572,291
frame_39,Rack_2,39,3,coke_med,0.9109931588172913,525,253,554,342,539,297
frame_39,Rack_2,46,3,coke_med,0.783560037612915,495,254,527,343,511,298
frame_39,Rack_2,21,3,coke_med,0.8646429777145386,466,262,496,343,481,302
frame_39,Rack_2,56,6,coke_v_med,0.6259741187095642,436,262,465,343,450,302
frame_39,Rack_2,48,6,coke_v_med,0.5005857944488525,406,262,435,343,420,302
frame_39,Rack_2,33,6,coke_v_med,0.9073845744132996,377,261,406,343,391,302
frame_39,Rack_2,9,2,anw_med,0.9051879048347473,348,262,376,342,362,302
frame_39,Rack_2,23,2,anw_med,0.9197619557380676,316,263,346,342,331,302
frame_39,Rack_2,1,2,anw_med,0.8407927751541138,285,262,315,343,300,302
frame_39,Rack_2,28,2,anw_med,0.8741777539253235,257,263,285,342,271,302
frame_39,Rack_2,22,2,anw_med,0.9144436717033386,228,263,257,342,242,302
frame_39,Rack_2,41,15,pepsi_med,0.8409386873245239,193,265,218,342,205,303
frame_39,Rack_2,25,15,pepsi_med,0.8960013389587402,163,264,191,343,177,303
frame_39,Rack_2,10,15,pepsi_med,0.9052250385284424,137,264,163,344,150,304
frame_39,Rack_2,16,15,pepsi_med,0.9079834222793579,112,266,137,343,124,304
frame_39,Rack_2,15,15,pepsi_med,0.9137324690818787,85,267,112,343,98,305
frame_39,Rack_2,55,13,kick_med,0.7049696445465088,54,271,84,346,69,308
frame_39,Rack_2,54,13,kick_med,0.8327167630195618,31,275,54,345,42,310
frame_39,Rack_2,63,13,kick_med,0.8079755902290344,9,275,27,350,18,312
frame_39,Rack_3,64,9,empty,0.534730076789856,586,369,636,485,611,427
frame_39,Rack_3,4,7,coke_z_big,0.9312487840652466,535,367,581,485,558,426
frame_39,Rack_3,5,7,coke_z_big,0.9502630829811096,493,367,535,485,514,426
frame_39,Rack_3,3,7,coke_z_big,0.9425824880599976,452,368,492,486,472,427
frame_39,Rack_3,6,7,coke_z_big,0.945399284362793,411,367,451,486,431,426
frame_39,Rack_3,27,5,coke_v_big,0.852300226688385,372,368,410,485,391,426
frame_39,Rack_3,19,5,coke_v_big,0.8944135308265686,334,368,372,485,353,426
frame_39,Rack_3,17,5,coke_v_big,0.9127604365348816,298,368,333,484,315,426
frame_39,Rack_3,7,5,coke_v_big,0.8935295343399048,262,370,298,484,280,427
frame_39,Rack_3,2,5,coke_v_big,0.8933355212211609,224,371,262,485,243,428
frame_39,Rack_3,8,14,pepsi_big,0.9308975338935852,189,368,223,485,206,426
frame_39,Rack_3,11,14,pepsi_big,0.928708016872406,157,368,189,485,173,426
frame_39,Rack_3,47,14,pepsi_big,0.8999127745628357,123,369,157,485,140,427
frame_39,Rack_3,38,10,fanta_grape_big,0.865183413028717,83,370,124,484,103,427
frame_39,Rack_3,57,10,fanta_grape_big,0.6363725066184998,60,370,85,484,72,427
frame_39,Rack_3,67,12,fanta_straw_big,0.893744945526123,3,370,34,479,18,424
frame_40,Rack_1,51,1,a&w_small,0.8119953870773315,603,151,635,208,619,179
frame_40,Rack_1,53,1,a&w_small,0.7862050533294678,577,153,601,210,589,181
frame_40,Rack_1,44,1,a&w_small,0.7479082942008972,552,154,576,211,564,182
frame_40,Rack_1,37,1,a&w_small,0.8463507294654846,521,155,549,213,535,184
frame_40,Rack_1,26,1,a&w_small,0.8496637940406799,492,155,519,215,505,185
frame_40,Rack_1,32,1,a&w_small,0.8288476467132568,460,155,490,217,475,186
frame_40,Rack_1,29,1,a&w_small,0.826093852519989,435,157,458,218,446,187
frame_40,Rack_1,43,4,coke_small,0.840692937374115,410,158,434,218,422,188
frame_40,Rack_1,35,4,coke_small,0.8621671795845032,384,157,409,218,396,187
frame_40,Rack_1,45,4,coke_small,0.8267679214477539,357,156,383,219,370,187
frame_40,Rack_1,50,4,coke_small,0.8579015135765076,331,156,356,219,343,187
frame_40,Rack_1,30,4,coke_small,0.8525910973548889,305,156,331,218,318,187
frame_40,Rack_1,42,17,sprite_small,0.8754755258560181,276,158,303,226,289,192
frame_40,Rack_1,24,17,sprite_small,0.8995327353477478,254,158,277,228,265,193
frame_40,Rack_1,34,17,sprite_small,0.8633291125297546,234,158,254,228,244,193
frame_40,Rack_1,36,17,sprite_small,0.869084358215332,209,159,235,229,222,194
frame_40,Rack_1,31,8,dew_med,0.8821704387664795,182,161,208,248,195,204
frame_40,Rack_1,20,8,dew_med,0.9146431088447571,157,163,181,250,169,206
frame_40,Rack_1,13,8,dew_med,0.897333562374115,131,165,156,251,143,208
frame_40,Rack_1,12,8,dew_med,0.8755643963813782,108,168,130,251,119,209
frame_40,Rack_1,18,8,dew_med,0.87582927942276,86,170,107,252,96,211
frame_40,Rack_1,14,8,dew_med,0.9123029112815857,62,172,85,254,73,213
frame_40,Rack_1,49,8,dew_med,0.7760432362556458,35,173,62,256,48,214
frame_40,Rack_2,52,3,coke_med,0.8769618272781372,591,231,638,340,614,285
frame_40,Rack_2,40,3,coke_med,0.8661885261535645,554,239,594,341,574,290
frame_40,Rack_2,39,3,coke_med,0.8535652756690979,526,246,556,342,541,294
frame_40,Rack_2,46,3,coke_med,0.8763866424560547,494,243,530,342,512,292
frame_40,Rack_2,21,3,coke_med,0.8593378067016602,465,249,499,343,482,296
frame_40,Rack_2,56,6,coke_v_med,0.7280500531196594,437,261,466,343,451,302
frame_40,Rack_2,33,6,coke_v_med,0.8823539018630981,378,262,407,343,392,302
frame_40,Rack_2,9,2,anw_med,0.8763301372528076,349,262,377,343,363,302
frame_40,Rack_2,23,2,anw_med,0.9153615236282349,317,262,347,342,332,302
frame_40,Rack_2,1,2,anw_med,0.8374794721603394,286,262,315,342,300,302
frame_40,Rack_2,28,2,anw_med,0.8717471957206726,258,263,286,342,272,302
frame_40,Rack_2,22,2,anw_med,0.9073376655578613,229,263,257,341,243,302
frame_40,Rack_2,41,15,pepsi_med,0.8577658534049988,194,266,219,342,206,304
frame_40,Rack_2,25,15,pepsi_med,0.9010396599769592,164,263,192,342,178,302
frame_40,Rack_2,10,15,pepsi_med,0.9162753224372864,138,263,164,344,151,303
frame_40,Rack_2,16,15,pepsi_med,0.9130116105079651,113,265,137,343,125,304
frame_40,Rack_2,15,15,pepsi_med,0.9155420064926147,86,267,113,343,99,305
frame_40,Rack_2,55,13,kick_med,0.8085063695907593,55,270,84,346,69,308
frame_40,Rack_2,54,13,kick_med,0.864367663860321,32,275,55,344,43,309
frame_40,Rack_2,63,13,kick_med,0.8843835592269897,9,274,28,346,18,310
frame_40,Rack_3,4,7,coke_z_big,0.9319577813148499,536,366,583,485,559,425
frame_40,Rack_3,5,7,coke_z_big,0.954413652420044,494,366,536,486,515,426
frame_40,Rack_3,3,7,coke_z_big,0.9531998038291931,453,368,493,486,473,427
frame_40,Rack_3,6,7,coke_z_big,0.952005922794342,412,367,452,486,432,426
frame_40,Rack_3,27,5,coke_v_big,0.8756540417671204,373,367,411,486,392,426
frame_40,Rack_3,19,5,coke_v_big,0.9021322131156921,334,368,373,485,353,426
frame_40,Rack_3,17,5,coke_v_big,0.927212655544281,299,367,334,484,316,425
frame_40,Rack_3,7,5,coke_v_big,0.904832124710083,263,369,299,483,281,426
frame_40,Rack_3,2,5,coke_v_big,0.901016354560852,225,371,262,485,243,428
frame_40,Rack_3,8,14,pepsi_big,0.9317371249198914,189,367,224,485,206,426
frame_40,Rack_3,11,14,pepsi_big,0.9253867864608765,158,368,190,485,174,426
frame_40,Rack_3,47,14,pepsi_big,0.8953636884689331,124,368,158,485,141,426
frame_40,Rack_3,38,10,fanta_grape_big,0.8450325727462769,83,369,124,484,103,426
frame_40,Rack_3,57,10,fanta_grape_big,0.6481092572212219,61,370,86,484,73,427
frame_40,Rack_3,67,12,fanta_straw_big,0.8806399703025818,3,369,34,479,18,424
frame_41,Rack_1,51,1,a&w_small,0.7111455202102661,605,152,635,208,620,180
frame_41,Rack_1,53,1,a&w_small,0.8415307998657227,579,153,603,210,591,181
frame_41,Rack_1,44,1,a&w_small,0.8206237554550171,553,154,578,211,565,182
frame_41,Rack_1,37,1,a&w_small,0.8553847074508667,522,154,551,212,536,183
frame_41,Rack_1,26,1,a&w_small,0.8754727244377136,493,154,520,215,506,184
frame_41,Rack_1,32,1,a&w_small,0.8469584584236145,461,154,492,217,476,185
frame_41,Rack_1,29,1,a&w_small,0.8703032732009888,436,155,459,218,447,186
frame_41,Rack_1,43,4,coke_small,0.8625810742378235,411,155,436,218,423,186
frame_41,Rack_1,35,4,coke_small,0.8911953568458557,385,155,410,218,397,186
frame_41,Rack_1,45,4,coke_small,0.8554158210754395,357,154,384,218,370,186
frame_41,Rack_1,50,4,coke_small,0.8859453201293945,332,154,357,219,344,186
frame_41,Rack_1,30,4,coke_small,0.8619453310966492,305,154,333,218,319,186
frame_41,Rack_1,42,17,sprite_small,0.8445324897766113,278,156,303,222,290,189
frame_41,Rack_1,24,17,sprite_small,0.8700771927833557,255,157,278,223,266,190
frame_41,Rack_1,34,17,sprite_small,0.8601792454719543,235,156,255,223,245,189
frame_41,Rack_1,36,17,sprite_small,0.8192040920257568,211,157,235,223,223,190
frame_41,Rack_1,31,8,dew_med,0.8814001679420471,183,159,209,246,196,202
frame_41,Rack_1,20,8,dew_med,0.8495461940765381,157,160,182,249,169,204
frame_41,Rack_1,13,8,dew_med,0.8503029942512512,131,163,156,251,143,207
frame_41,Rack_1,12,8,dew_med,0.9393529891967773,108,166,131,251,119,208
frame_41,Rack_1,18,8,dew_med,0.9209529757499695,86,169,107,252,96,210
frame_41,Rack_1,14,8,dew_med,0.871798574924469,62,171,86,254,74,212
frame_41,Rack_2,52,3,coke_med,0.8668988347053528,592,228,639,339,615,283
frame_41,Rack_2,40,3,coke_med,0.9043983817100525,556,237,595,340,575,288
frame_41,Rack_2,39,3,coke_med,0.7468069791793823,528,247,557,341,542,294
frame_41,Rack_2,46,3,coke_med,0.861456036567688,496,245,530,342,513,293
frame_41,Rack_2,21,3,coke_med,0.8965363502502441,467,256,499,342,483,299
frame_41,Rack_2,70,3,coke_med,0.6217167973518372,439,262,467,342,453,302
frame_41,Rack_2,48,6,coke_v_med,0.7905805110931396,409,262,438,343,423,302
frame_41,Rack_2,33,6,coke_v_med,0.8731361031532288,379,262,408,342,393,302
frame_41,Rack_2,9,2,anw_med,0.875948429107666,350,261,378,342,364,301
frame_41,Rack_2,23,2,anw_med,0.8904218077659607,318,261,348,341,333,301
frame_41,Rack_2,1,2,anw_med,0.861352264881134,287,261,316,341,301,301
frame_41,Rack_2,28,2,anw_med,0.8723938465118408,258,261,286,341,272,301
frame_41,Rack_2,22,2,anw_med,0.9017316699028015,230,262,258,341,244,301
frame_41,Rack_2,41,15,pepsi_med,0.8754413723945618,194,264,219,341,206,302
frame_41,Rack_2,25,15,pepsi_med,0.8943224549293518,165,262,193,341,179,301
frame_41,Rack_2,10,15,pepsi_med,0.9033824801445007,138,262,164,343,151,302
frame_41,Rack_2,16,15,pepsi_med,0.9257345199584961,113,264,138,342,125,303
frame_41,Rack_2,15,15,pepsi_med,0.9129316806793213,86,266,113,343,99,304
frame_41,Rack_2,55,13,kick_med,0.7885437607765198,55,269,85,345,70,307
frame_41,Rack_2,54,13,kick_med,0.8314377069473267,33,272,56,344,44,308
frame_41,Rack_2,63,13,kick_med,0.8069548606872559,9,273,28,346,18,309
frame_41,Rack_3,4,7,coke_z_big,0.9344888925552368,537,366,584,485,560,425
frame_41,Rack_3,5,7,coke_z_big,0.9549820423126221,495,365,537,485,516,425
frame_41,Rack_3,3,7,coke_z_big,0.951607882976532,454,367,494,486,474,426
frame_41,Rack_3,6,7,coke_z_big,0.9378303289413452,413,366,454,486,433,426
frame_41,Rack_3,27,5,coke_v_big,0.8812601566314697,374,367,412,486,393,426
frame_41,Rack_3,19,5,coke_v_big,0.911096453666687,335,367,374,485,354,426
frame_41,Rack_3,17,5,coke_v_big,0.9339696168899536,299,366,335,484,317,425
frame_41,Rack_3,7,5,coke_v_big,0.9063603281974792,263,369,299,483,281,426
frame_41,Rack_3,2,5,coke_v_big,0.91059809923172,226,371,263,485,244,428
frame_41,Rack_3,8,14,pepsi_big,0.9340791702270508,190,367,225,485,207,426
frame_41,Rack_3,11,14,pepsi_big,0.9243102073669434,159,367,191,485,175,426
frame_41,Rack_3,47,14,pepsi_big,0.9152954816818237,125,368,159,485,142,426
frame_41,Rack_3,38,10,fanta_grape_big,0.8693094849586487,84,369,125,484,104,426
frame_41,Rack_3,57,10,fanta_grape_big,0.5199562311172485,61,369,86,484,73,426
frame_41,Rack_3,67,12,fanta_straw_big,0.8775145411491394,3,369,34,478,18,423
frame_42,Rack_1,51,1,a&w_small,0.738332211971283,606,150,637,207,621,178
frame_42,Rack_1,53,1,a&w_small,0.8072203397750854,581,152,606,209,593,180
frame_42,Rack_1,44,1,a&w_small,0.8403242230415344,554,152,580,210,567,181
frame_42,Rack_1,37,1,a&w_small,0.8404746651649475,523,152,552,212,537,182
frame_42,Rack_1,26,1,a&w_small,0.847100555896759,494,153,522,214,508,183
frame_42,Rack_1,32,1,a&w_small,0.8348108530044556,462,153,493,216,477,184
frame_42,Rack_1,29,1,a&w_small,0.8425552248954773,437,153,461,217,449,185
frame_42,Rack_1,43,4,coke_small,0.8552023768424988,412,154,437,218,424,186
frame_42,Rack_1,35,4,coke_small,0.8769320845603943,386,153,412,218,399,185
frame_42,Rack_1,45,4,coke_small,0.85975182056427,358,152,385,218,371,185
frame_42,Rack_1,50,4,coke_small,0.9027331471443176,332,153,358,219,345,186
frame_42,Rack_1,30,4,coke_small,0.8714354038238525,306,153,334,218,320,185
frame_42,Rack_1,42,17,sprite_small,0.8598673343658447,278,154,304,221,291,187
frame_42,Rack_1,24,17,sprite_small,0.8748928904533386,256,155,278,222,267,188
frame_42,Rack_1,34,17,sprite_small,0.8725595474243164,236,155,255,221,245,188
frame_42,Rack_1,36,17,sprite_small,0.825169026851654,211,156,236,222,223,189
frame_42,Rack_1,31,8,dew_med,0.8812274932861328,183,158,210,245,196,201
frame_42,Rack_1,20,8,dew_med,0.8687893152236938,158,160,183,248,170,204
frame_42,Rack_1,13,8,dew_med,0.8787292838096619,132,162,157,249,144,205
frame_42,Rack_1,12,8,dew_med,0.9526670575141907,108,165,131,251,119,208
frame_42,Rack_1,18,8,dew_med,0.9356085062026978,87,169,108,251,97,210
frame_42,Rack_1,14,8,dew_med,0.9090254902839661,62,171,86,253,74,212
frame_42,Rack_2,52,3,coke_med,0.8376757502555847,593,227,640,339,616,283
frame_42,Rack_2,40,3,coke_med,0.9171023964881897,557,233,598,340,577,286
frame_42,Rack_2,39,3,coke_med,0.776707649230957,528,237,560,340,544,288
frame_42,Rack_2,46,3,coke_med,0.9054322242736816,497,237,533,341,515,289
frame_42,Rack_2,21,3,coke_med,0.8671501874923706,467,245,502,342,484,293
frame_42,Rack_2,56,6,coke_v_med,0.6808212399482727,439,256,470,343,454,299
frame_42,Rack_2,48,6,coke_v_med,0.8293555378913879,409,258,440,343,424,300
frame_42,Rack_2,33,6,coke_v_med,0.8974958062171936,380,261,409,342,394,301
frame_42,Rack_2,9,2,anw_med,0.8640109300613403,350,260,379,341,364,300
frame_42,Rack_2,23,2,anw_med,0.8911585211753845,318,260,348,341,333,300
frame_42,Rack_2,1,2,anw_med,0.8791120648384094,288,260,317,341,302,300
frame_42,Rack_2,28,2,anw_med,0.8933444619178772,259,260,287,341,273,300
frame_42,Rack_2,22,2,anw_med,0.9020578861236572,230,261,259,340,244,300
frame_42,Rack_2,41,15,pepsi_med,0.8916546106338501,195,263,220,341,207,302
frame_42,Rack_2,25,15,pepsi_med,0.8950092196464539,165,261,193,341,179,301
frame_42,Rack_2,10,15,pepsi_med,0.9055615663528442,139,262,165,343,152,302
frame_42,Rack_2,16,15,pepsi_med,0.9198335409164429,114,264,139,342,126,303
frame_42,Rack_2,15,15,pepsi_med,0.9115923643112183,86,265,114,343,100,304
frame_42,Rack_2,55,13,kick_med,0.8111115097999573,56,268,86,345,71,306
frame_42,Rack_2,54,13,kick_med,0.8827284574508667,33,271,56,343,44,307
frame_42,Rack_2,63,13,kick_med,0.8212694525718689,9,272,29,344,19,308
frame_42,Rack_3,4,7,coke_z_big,0.9359641075134277,537,365,585,485,561,425
frame_42,Rack_3,5,7,coke_z_big,0.9482983350753784,496,365,538,485,517,425
frame_42,Rack_3,3,7,coke_z_big,0.9441362619400024,455,367,495,485,475,426
frame_42,Rack_3,6,7,coke_z_big,0.9369409084320068,413,366,454,486,433,426
frame_42,Rack_3,27,5,coke_v_big,0.8805783987045288,374,367,413,486,393,426
frame_42,Rack_3,19,5,coke_v_big,0.9114128947257996,336,367,375,485,355,426
frame_42,Rack_3,17,5,coke_v_big,0.9339834451675415,300,366,335,483,317,424
frame_42,Rack_3,7,5,coke_v_big,0.9061037302017212,264,369,300,483,282,426
frame_42,Rack_3,2,5,coke_v_big,0.913467526435852,226,370,264,485,245,427
frame_42,Rack_3,8,14,pepsi_big,0.9339856505393982,191,366,225,485,208,425
frame_42,Rack_3,11,14,pepsi_big,0.91712886095047,160,367,192,485,176,426
frame_42,Rack_3,47,14,pepsi_big,0.8814165592193604,126,367,160,485,143,426
frame_42,Rack_3,38,10,fanta_grape_big,0.8638008832931519,84,368,126,485,105,426
frame_42,Rack_3,57,10,fanta_grape_big,0.5637659430503845,61,368,86,484,73,426
frame_42,Rack_3,67,12,fanta_straw_big,0.877956211566925,3,368,34,477,18,422
frame_43,Rack_1,51,1,a&w_small,0.7089795470237732,607,148,638,206,622,177
frame_43,Rack_1,53,1,a&w_small,0.8360026478767395,582,151,607,207,594,179
frame_43,Rack_1,44,1,a&w_small,0.8403165936470032,556,151,582,209,569,180
frame_43,Rack_1,37,1,a&w_small,0.8231317400932312,525,152,554,211,539,181
frame_43,Rack_1,26,1,a&w_small,0.8529284000396729,496,152,523,213,509,182
frame_43,Rack_1,32,1,a&w_small,0.8276267647743225,464,152,495,215,479,183
frame_43,Rack_1,29,1,a&w_small,0.8354603052139282,438,152,461,217,449,184
frame_43,Rack_1,43,4,coke_small,0.8555996417999268,413,153,438,217,425,185
frame_43,Rack_1,35,4,coke_small,0.8907567262649536,387,152,413,217,400,184
frame_43,Rack_1,45,4,coke_small,0.8497796058654785,359,152,386,218,372,185
frame_43,Rack_1,50,4,coke_small,0.8168302178382874,334,152,359,218,346,185
frame_43,Rack_1,30,4,coke_small,0.8708206415176392,307,152,335,218,321,185
frame_43,Rack_1,42,17,sprite_small,0.8260505199432373,279,153,305,221,292,187
frame_43,Rack_1,24,17,sprite_small,0.886620283126831,256,154,280,225,268,189
frame_43,Rack_1,34,17,sprite_small,0.8723351955413818,236,155,256,224,246,189
frame_43,Rack_1,36,17,sprite_small,0.8259432315826416,211,155,237,228,224,191
frame_43,Rack_1,31,8,dew_med,0.8834875226020813,184,157,211,245,197,201
frame_43,Rack_1,20,8,dew_med,0.8754404783248901,158,159,183,247,170,203
frame_43,Rack_1,13,8,dew_med,0.8951497673988342,133,161,158,248,145,204
frame_43,Rack_1,12,8,dew_med,0.9160416126251221,109,164,132,250,120,207
frame_43,Rack_1,18,8,dew_med,0.8839357495307922,87,168,108,251,97,209
frame_43,Rack_1,14,8,dew_med,0.8814638257026672,63,171,86,252,74,211
frame_43,Rack_1,49,8,dew_med,0.8153316974639893,36,172,63,254,49,213
frame_43,Rack_1,69,8,dew_med,0.6493545770645142,17,174,38,255,27,214
frame_43,Rack_1,66,8,dew_med,0.776931643486023,3,171,15,256,9,213
frame_43,Rack_2,52,3,coke_med,0.9155852794647217,595,227,640,338,617,282
frame_43,Rack_2,40,3,coke_med,0.8974277377128601,558,232,599,339,578,285
frame_43,Rack_2,39,3,coke_med,0.7866916656494141,531,248,560,340,545,294
frame_43,Rack_2,46,3,coke_med,0.8526594042778015,499,241,533,341,516,291
frame_43,Rack_2,21,3,coke_med,0.9183005690574646,470,253,501,341,485,297
frame_43,Rack_2,56,6,coke_v_med,0.6889053583145142,441,259,470,342,455,300
frame_43,Rack_2,48,6,coke_v_med,0.7511314749717712,410,256,441,342,425,299
frame_43,Rack_2,33,6,coke_v_med,0.9019618630409241,380,255,411,341,395,298
frame_43,Rack_2,9,2,anw_med,0.9060490727424622,351,260,380,341,365,300
frame_43,Rack_2,23,2,anw_med,0.8976175785064697,319,260,349,341,334,300
frame_43,Rack_2,1,2,anw_med,0.8940854072570801,288,260,318,341,303,300
frame_43,Rack_2,28,2,anw_med,0.894618809223175,260,260,288,340,274,300
frame_43,Rack_2,22,2,anw_med,0.9058423042297363,230,260,259,340,244,300
frame_43,Rack_2,41,15,pepsi_med,0.9084733128547668,195,263,220,340,207,301
frame_43,Rack_2,25,15,pepsi_med,0.8993935585021973,166,260,194,340,180,300
frame_43,Rack_2,10,15,pepsi_med,0.9045694470405579,140,262,165,341,152,301
frame_43,Rack_2,16,15,pepsi_med,0.9212306141853333,114,263,139,341,126,302
frame_43,Rack_2,15,15,pepsi_med,0.9117268323898315,86,264,114,341,100,302
frame_43,Rack_2,55,13,kick_med,0.7352402806282043,56,267,86,344,71,305
frame_43,Rack_2,54,13,kick_med,0.8738138675689697,34,271,56,341,45,306
frame_43,Rack_2,63,13,kick_med,0.8535621166229248,8,271,28,341,18,306
frame_43,Rack_3,4,7,coke_z_big,0.9405791759490967,539,365,586,484,562,424
frame_43,Rack_3,5,7,coke_z_big,0.9493200778961182,497,365,539,485,518,425
frame_43,Rack_3,3,7,coke_z_big,0.9409336447715759,456,367,496,485,476,426
frame_43,Rack_3,6,7,coke_z_big,0.9345715045928955,414,366,455,485,434,425
frame_43,Rack_3,27,5,coke_v_big,0.8898555636405945,375,367,413,485,394,426
frame_43,Rack_3,19,5,coke_v_big,0.9195529222488403,337,367,375,485,356,426
frame_43,Rack_3,17,5,coke_v_big,0.9431382417678833,301,366,336,483,318,424
frame_43,Rack_3,7,5,coke_v_big,0.904084324836731,264,368,300,482,282,425
frame_43,Rack_3,2,5,coke_v_big,0.9117968678474426,227,370,264,484,245,427
frame_43,Rack_3,8,14,pepsi_big,0.9311023354530334,191,366,226,484,208,425
frame_43,Rack_3,11,14,pepsi_big,0.9234730005264282,160,366,193,484,176,425
frame_43,Rack_3,47,14,pepsi_big,0.8757693767547607,126,367,161,485,143,426
frame_43,Rack_3,38,10,fanta_grape_big,0.8836009502410889,85,368,126,484,105,426
frame_43,Rack_3,57,10,fanta_grape_big,0.594141960144043,62,368,87,483,74,425
frame_43,Rack_3,67,12,fanta_straw_big,0.8964180946350098,3,367,35,477,19,422
frame_44,Rack_1,51,1,a&w_small,0.854427695274353,607,148,638,205,622,176
frame_44,Rack_1,53,1,a&w_small,0.8036999106407166,584,150,609,207,596,178
frame_44,Rack_1,44,1,a&w_small,0.8506119251251221,558,150,583,209,570,179
frame_44,Rack_1,37,1,a&w_small,0.8792944550514221,526,150,556,211,541,180
frame_44,Rack_1,26,1,a&w_small,0.8279035687446594,497,151,525,213,511,182
frame_44,Rack_1,32,1,a&w_small,0.793122410774231,464,151,496,214,480,182
frame_44,Rack_1,29,1,a&w_small,0.8112744092941284,439,151,462,216,450,183
frame_44,Rack_1,43,4,coke_small,0.8840227723121643,413,151,440,217,426,184
frame_44,Rack_1,35,4,coke_small,0.8972941040992737,387,150,414,218,400,184
frame_44,Rack_1,45,4,coke_small,0.8727708458900452,359,150,388,218,373,184
frame_44,Rack_1,50,4,coke_small,0.8862334489822388,334,150,360,218,347,184
frame_44,Rack_1,30,4,coke_small,0.8543698191642761,308,151,336,219,322,185
frame_44,Rack_1,42,17,sprite_small,0.785627543926239,279,152,306,221,292,186
frame_44,Rack_1,24,17,sprite_small,0.783999502658844,256,152,280,223,268,187
frame_44,Rack_1,34,17,sprite_small,0.8556201457977295,237,153,257,221,247,187
frame_44,Rack_1,36,17,sprite_small,0.8139533400535583,212,153,238,223,225,188
frame_44,Rack_1,31,8,dew_med,0.861386239528656,184,153,212,244,198,198
frame_44,Rack_1,20,8,dew_med,0.8946859836578369,158,154,184,246,171,200
frame_44,Rack_1,13,8,dew_med,0.8828984498977661,132,157,158,247,145,202
frame_44,Rack_1,12,8,dew_med,0.8963054418563843,109,161,132,249,120,205
frame_44,Rack_1,18,8,dew_med,0.9079995155334473,87,167,109,250,98,208
frame_44,Rack_1,14,8,dew_med,0.8798498511314392,62,169,86,251,74,210
frame_44,Rack_2,52,3,coke_med,0.8419679403305054,598,237,639,337,618,287
frame_44,Rack_2,40,3,coke_med,0.9083092212677002,561,241,598,338,579,289
frame_44,Rack_2,39,3,coke_med,0.9062151312828064,533,254,560,339,546,296
frame_44,Rack_2,46,3,coke_med,0.9008924961090088,502,251,532,340,517,295
frame_44,Rack_2,21,3,coke_med,0.923833429813385,471,256,502,340,486,298
frame_44,Rack_2,56,6,coke_v_med,0.6567634344100952,442,258,471,341,456,299
frame_44,Rack_2,48,6,coke_v_med,0.7811885476112366,411,255,442,341,426,298
frame_44,Rack_2,33,6,coke_v_med,0.7984318733215332,380,250,412,341,396,295
frame_44,Rack_2,9,2,anw_med,0.8944866061210632,352,258,381,340,366,299
frame_44,Rack_2,23,2,anw_med,0.8872390389442444,320,258,350,341,335,299
frame_44,Rack_2,1,2,anw_med,0.8914925456047058,289,257,319,340,304,298
frame_44,Rack_2,28,2,anw_med,0.870459794998169,260,258,289,340,274,299
frame_44,Rack_2,22,2,anw_med,0.8933307528495789,231,258,260,339,245,298
frame_44,Rack_2,41,15,pepsi_med,0.9126675128936768,195,262,221,340,208,301
frame_44,Rack_2,25,15,pepsi_med,0.9189866781234741,167,259,195,340,181,299
frame_44,Rack_2,10,15,pepsi_med,0.9053663015365601,140,261,165,340,152,300
frame_44,Rack_2,16,15,pepsi_med,0.9315158724784851,115,262,140,341,127,301
frame_44,Rack_2,15,15,pepsi_med,0.9166308641433716,87,263,114,340,100,301
frame_44,Rack_2,55,13,kick_med,0.8055697679519653,56,266,86,342,71,304
frame_44,Rack_2,54,13,kick_med,0.89316326379776,34,269,57,340,45,304
frame_44,Rack_2,63,13,kick_med,0.8702961802482605,8,271,29,340,18,305
frame_44,Rack_3,4,7,coke_z_big,0.9350276589393616,540,365,587,484,563,424
frame_44,Rack_3,5,7,coke_z_big,0.9480541944503784,498,365,540,485,519,425
frame_44,Rack_3,3,7,coke_z_big,0.9403847455978394,457,367,497,484,477,425
frame_44,Rack_3,6,7,coke_z_big,0.9372802972793579,415,366,455,485,435,425
frame_44,Rack_3,27,5,coke_v_big,0.8999694585800171,376,366,414,485,395,425
frame_44,Rack_3,19,5,coke_v_big,0.9135527610778809,337,366,376,484,356,425
frame_44,Rack_3,17,5,coke_v_big,0.94296795129776,301,366,337,482,319,424
frame_44,Rack_3,7,5,coke_v_big,0.9155442118644714,265,367,301,482,283,424
frame_44,Rack_3,2,5,coke_v_big,0.8916812539100647,227,369,265,484,246,426
frame_44,Rack_3,8,14,pepsi_big,0.9248443245887756,192,365,227,484,209,424
frame_44,Rack_3,11,14,pepsi_big,0.9244933724403381,161,366,193,484,177,425
frame_44,Rack_3,47,14,pepsi_big,0.9180601239204407,127,366,162,484,144,425
frame_44,Rack_3,38,10,fanta_grape_big,0.8693154454231262,86,367,127,483,106,425
frame_44,Rack_3,67,12,fanta_straw_big,0.8894110321998596,3,366,35,477,19,421
frame_45,Rack_1,51,1,a&w_small,0.8430224657058716,609,147,639,204,624,175
frame_45,Rack_1,53,1,a&w_small,0.8422064781188965,586,149,611,205,598,177
frame_45,Rack_1,44,1,a&w_small,0.8446683287620544,559,149,585,208,572,178
frame_45,Rack_1,37,1,a&w_small,0.8916641473770142,528,149,558,210,543,179
frame_45,Rack_1,26,1,a&w_small,0.8905976414680481,499,150,526,212,512,181
frame_45,Rack_1,32,1,a&w_small,0.8734275698661804,465,150,497,213,481,181
frame_45,Rack_1,29,1,a&w_small,0.854503870010376,440,150,463,215,451,182
frame_45,Rack_1,43,4,coke_small,0.8938113451004028,414,150,440,216,427,183
frame_45,Rack_1,35,4,coke_small,0.9007501602172852,388,149,415,218,401,183
frame_45,Rack_1,45,4,coke_small,0.8797305226325989,360,149,389,219,374,184
frame_45,Rack_1,50,4,coke_small,0.8840920329093933,335,149,362,219,348,184
frame_45,Rack_1,30,4,coke_small,0.8598968982696533,308,150,338,219,323,184
frame_45,Rack_1,42,17,sprite_small,0.7492544054985046,280,151,307,221,293,186
frame_45,Rack_1,24,17,sprite_small,0.8618279695510864,257,150,281,222,269,186
frame_45,Rack_1,34,17,sprite_small,0.9050310850143433,237,153,258,221,247,187
frame_45,Rack_1,36,17,sprite_small,0.8505315184593201,214,152,239,222,226,187
frame_45,Rack_1,31,8,dew_med,0.8485987186431885,184,152,212,243,198,197
frame_45,Rack_1,20,8,dew_med,0.885033905506134,159,154,184,245,171,199
frame_45,Rack_1,13,8,dew_med,0.9035700559616089,133,157,159,246,146,201
frame_45,Rack_1,12,8,dew_med,0.9143885374069214,109,161,132,248,120,204
frame_45,Rack_1,18,8,dew_med,0.8990116119384766,88,166,109,249,98,207
frame_45,Rack_1,14,8,dew_med,0.9301148056983948,63,169,86,251,74,210
frame_45,Rack_1,49,8,dew_med,0.5898070335388184,36,172,62,252,49,212
frame_45,Rack_2,52,3,coke_med,0.9190874099731445,597,229,640,337,618,283
frame_45,Rack_2,40,3,coke_med,0.9173191785812378,563,246,599,338,581,292
frame_45,Rack_2,39,3,coke_med,0.8621892333030701,534,254,561,338,547,296
frame_45,Rack_2,46,3,coke_med,0.8720470666885376,503,253,533,339,518,296
frame_45,Rack_2,21,3,coke_med,0.9243771433830261,472,255,503,339,487,297
frame_45,Rack_2,56,6,coke_v_med,0.6705259084701538,443,256,472,340,457,298
frame_45,Rack_2,48,6,coke_v_med,0.8010334372520447,412,254,442,340,427,297
frame_45,Rack_2,33,6,coke_v_med,0.8185454607009888,381,249,413,340,397,294
frame_45,Rack_2,9,2,anw_med,0.8999459743499756,352,256,382,340,367,298
frame_45,Rack_2,23,2,anw_med,0.8790639042854309,320,256,351,340,335,298
frame_45,Rack_2,1,2,anw_med,0.903337299823761,289,255,320,340,304,297
frame_45,Rack_2,28,2,anw_med,0.8398075103759766,261,256,290,339,275,297
frame_45,Rack_2,22,2,anw_med,0.8715211153030396,231,256,261,339,246,297
frame_45,Rack_2,41,15,pepsi_med,0.9071000218391418,196,261,222,339,209,300
frame_45,Rack_2,25,15,pepsi_med,0.9174734950065613,167,259,195,339,181,299
frame_45,Rack_2,10,15,pepsi_med,0.8956525921821594,140,260,166,340,153,300
frame_45,Rack_2,16,15,pepsi_med,0.9318513870239258,115,261,140,340,127,300
frame_45,Rack_2,15,15,pepsi_med,0.8938218951225281,87,262,115,339,101,300
frame_45,Rack_2,55,13,kick_med,0.8246654272079468,57,265,86,342,71,303
frame_45,Rack_2,54,13,kick_med,0.8847469687461853,34,268,57,339,45,303
frame_45,Rack_2,63,13,kick_med,0.8520166277885437,8,269,29,339,18,304
frame_45,Rack_3,4,7,coke_z_big,0.942318856716156,541,365,588,483,564,424
frame_45,Rack_3,5,7,coke_z_big,0.943397045135498,499,365,541,484,520,424
frame_45,Rack_3,3,7,coke_z_big,0.9473149180412292,458,367,497,484,477,425
frame_45,Rack_3,6,7,coke_z_big,0.9388017058372498,416,366,456,484,436,425
frame_45,Rack_3,27,5,coke_v_big,0.8951592445373535,376,366,414,484,395,425
frame_45,Rack_3,19,5,coke_v_big,0.8982950448989868,338,366,376,484,357,425
frame_45,Rack_3,17,5,coke_v_big,0.9450405240058899,302,365,337,482,319,423
frame_45,Rack_3,7,5,coke_v_big,0.9222886562347412,265,367,302,481,283,424
frame_45,Rack_3,2,5,coke_v_big,0.8877954483032227,228,369,265,483,246,426
frame_45,Rack_3,8,14,pepsi_big,0.9114380478858948,193,365,227,483,210,424
frame_45,Rack_3,11,14,pepsi_big,0.9124730825424194,162,365,194,483,178,424
frame_45,Rack_3,47,14,pepsi_big,0.9293752312660217,128,365,163,484,145,424
frame_45,Rack_3,38,10,fanta_grape_big,0.8846088647842407,87,367,128,483,107,425
frame_45,Rack_3,57,10,fanta_grape_big,0.5293049216270447,64,367,88,482,76,424
frame_45,Rack_3,67,12,fanta_straw_big,0.8851784467697144,3,366,36,477,19,421
frame_46,Rack_1,51,1,a&w_small,0.8313935399055481,611,147,640,204,625,175
frame_46,Rack_1,53,1,a&w_small,0.8374301195144653,588,148,613,205,600,176
frame_46,Rack_1,44,1,a&w_small,0.8694701194763184,561,148,587,207,574,177
frame_46,Rack_1,37,1,a&w_small,0.8775712847709656,530,149,560,209,545,179
frame_46,Rack_1,26,1,a&w_small,0.9056976437568665,500,149,528,211,514,180
frame_46,Rack_1,32,1,a&w_small,0.8356883525848389,467,150,498,213,482,181
frame_46,Rack_1,29,1,a&w_small,0.7193154692649841,441,150,465,214,453,182
frame_46,Rack_1,43,4,coke_small,0.8864244818687439,416,150,441,216,428,183
frame_46,Rack_1,35,4,coke_small,0.8904315829277039,389,149,416,217,402,183
frame_46,Rack_1,45,4,coke_small,0.9031065106391907,361,149,390,219,375,184
frame_46,Rack_1,50,4,coke_small,0.8897122144699097,337,149,363,220,350,184
frame_46,Rack_1,30,4,coke_small,0.8908672332763672,309,149,339,220,324,184
frame_46,Rack_1,42,17,sprite_small,0.8359125256538391,281,151,308,221,294,186
frame_46,Rack_1,24,17,sprite_small,0.8569747805595398,258,150,282,221,270,185
frame_46,Rack_1,34,17,sprite_small,0.903249204158783,238,152,259,220,248,186
frame_46,Rack_1,36,17,sprite_small,0.8606883883476257,215,151,240,221,227,186
frame_46,Rack_1,31,8,dew_med,0.8595959544181824,185,151,213,243,199,197
frame_46,Rack_1,20,8,dew_med,0.8801068067550659,160,153,185,244,172,198
frame_46,Rack_1,13,8,dew_med,0.8973941206932068,134,156,159,245,146,200
frame_46,Rack_1,12,8,dew_med,0.8576620221138,110,161,133,247,121,204
frame_46,Rack_1,18,8,dew_med,0.8779531717300415,88,165,110,248,99,206
frame_46,Rack_1,14,8,dew_med,0.91152024269104,63,168,87,250,75,209
frame_46,Rack_1,49,8,dew_med,0.5457767844200134,36,170,62,251,49,210
frame_46,Rack_2,52,3,coke_med,0.903331458568573,598,227,640,337,619,282
frame_46,Rack_2,40,3,coke_med,0.935024082660675,564,246,600,338,582,292
frame_46,Rack_2,39,3,coke_med,0.8595399856567383,536,255,562,338,549,296
frame_46,Rack_2,46,3,coke_med,0.8595026135444641,505,254,534,339,519,296
frame_46,Rack_2,21,3,coke_med,0.9294407367706299,474,254,504,339,489,296
frame_46,Rack_2,56,6,coke_v_med,0.6458138823509216,444,256,473,339,458,297
frame_46,Rack_2,48,6,coke_v_med,0.7723212838172913,413,253,443,340,428,296
frame_46,Rack_2,33,6,coke_v_med,0.799934983253479,383,251,414,340,398,295
frame_46,Rack_2,9,2,anw_med,0.8896397352218628,353,255,383,339,368,297
frame_46,Rack_2,23,2,anw_med,0.8858613967895508,321,255,352,340,336,297
frame_46,Rack_2,1,2,anw_med,0.9033777117729187,290,254,321,339,305,296
frame_46,Rack_2,28,2,anw_med,0.8484920263290405,261,255,291,339,276,297
frame_46,Rack_2,22,2,anw_med,0.8842268586158752,232,254,262,338,247,296
frame_46,Rack_2,41,15,pepsi_med,0.8671897053718567,197,260,223,339,210,299
frame_46,Rack_2,25,15,pepsi_med,0.9179470539093018,168,258,196,339,182,298
frame_46,Rack_2,10,15,pepsi_med,0.8998124003410339,141,260,167,340,154,300
frame_46,Rack_2,16,15,pepsi_med,0.924429714679718,115,261,140,340,127,300
frame_46,Rack_2,15,15,pepsi_med,0.893798291683197,88,262,115,339,101,300
frame_46,Rack_2,55,13,kick_med,0.8583384156227112,57,264,87,341,72,302
frame_46,Rack_2,54,13,kick_med,0.8666286468505859,34,267,58,339,46,303
frame_46,Rack_2,63,13,kick_med,0.8382169008255005,7,267,30,339,18,303
frame_46,Rack_3,4,7,coke_z_big,0.9434861540794373,542,364,589,483,565,423
frame_46,Rack_3,5,7,coke_z_big,0.9421849250793457,500,364,542,484,521,424
frame_46,Rack_3,3,7,coke_z_big,0.9467902779579163,458,366,499,484,478,425
frame_46,Rack_3,6,7,coke_z_big,0.9442254304885864,417,365,457,484,437,424
frame_46,Rack_3,27,5,coke_v_big,0.9110060930252075,377,365,415,484,396,424
frame_46,Rack_3,19,5,coke_v_big,0.8990998864173889,339,366,377,484,358,425
frame_46,Rack_3,17,5,coke_v_big,0.9416531920433044,303,365,338,481,320,423
frame_46,Rack_3,7,5,coke_v_big,0.9284576177597046,266,367,303,481,284,424
frame_46,Rack_3,2,5,coke_v_big,0.8951374888420105,229,368,266,483,247,425
frame_46,Rack_3,8,14,pepsi_big,0.9114685654640198,194,365,228,484,211,424
frame_46,Rack_3,11,14,pepsi_big,0.9112564921379089,163,365,195,483,179,424
frame_46,Rack_3,47,14,pepsi_big,0.8897048234939575,129,365,163,483,146,424
frame_46,Rack_3,38,10,fanta_grape_big,0.8948940634727478,87,366,129,483,108,424
frame_46,Rack_3,57,10,fanta_grape_big,0.5630936026573181,64,366,89,482,76,424
frame_46,Rack_3,67,12,fanta_straw_big,0.8849928379058838,4,365,36,476,20,420
frame_47,Rack_1,51,1,a&w_small,0.7482542395591736,613,147,640,203,626,175
frame_47,Rack_1,53,1,a&w_small,0.8342134952545166,589,147,614,204,601,175
frame_47,Rack_1,44,1,a&w_small,0.8650875091552734,563,148,588,206,575,177
frame_47,Rack_1,37,1,a&w_small,0.8703986406326294,531,148,561,209,546,178
frame_47,Rack_1,26,1,a&w_small,0.9113194346427917,501,149,529,211,515,180
frame_47,Rack_1,32,1,a&w_small,0.8005857467651367,469,150,500,213,484,181
frame_47,Rack_1,29,1,a&w_small,0.7572576403617859,443,149,466,214,454,181
frame_47,Rack_1,43,4,coke_small,0.8365342020988464,417,150,443,216,430,183
frame_47,Rack_1,35,4,coke_small,0.8841833472251892,390,149,417,217,403,183
frame_47,Rack_1,45,4,coke_small,0.8986567854881287,363,149,391,219,377,184
frame_47,Rack_1,50,4,coke_small,0.8879464864730835,338,149,364,219,351,184
frame_47,Rack_1,30,4,coke_small,0.8866138458251953,310,149,339,219,324,184
frame_47,Rack_1,42,17,sprite_small,0.8545942306518555,282,150,308,220,295,185
frame_47,Rack_1,24,17,sprite_small,0.8699590563774109,259,150,283,220,271,185
frame_47,Rack_1,34,17,sprite_small,0.8892615437507629,239,152,260,220,249,186
frame_47,Rack_1,36,17,sprite_small,0.8597602844238281,215,150,241,220,228,185
frame_47,Rack_1,31,8,dew_med,0.8575448393821716,187,151,213,235,200,193
frame_47,Rack_1,20,8,dew_med,0.8723902702331543,160,152,186,244,173,198
frame_47,Rack_1,13,8,dew_med,0.8811652660369873,134,154,160,244,147,199
frame_47,Rack_1,12,8,dew_med,0.8599587082862854,111,159,134,246,122,202
frame_47,Rack_1,18,8,dew_med,0.8703901767730713,89,164,110,247,99,205
frame_47,Rack_1,14,8,dew_med,0.9113794565200806,64,167,88,249,76,208
frame_47,Rack_1,49,8,dew_med,0.5648435950279236,36,168,63,251,49,209
frame_47,Rack_2,52,3,coke_med,0.8798561096191406,598,224,640,337,619,280
frame_47,Rack_2,40,3,coke_med,0.9347942471504211,564,235,603,337,583,286
frame_47,Rack_2,39,3,coke_med,0.8906525373458862,535,244,565,338,550,291
frame_47,Rack_2,46,3,coke_med,0.8979894518852234,506,252,536,339,521,295
frame_47,Rack_2,21,3,coke_med,0.957610011100769,475,253,506,339,490,296
frame_47,Rack_2,48,6,coke_v_med,0.7135869860649109,414,252,445,340,429,296
frame_47,Rack_2,33,6,coke_v_med,0.8723363876342773,384,251,415,339,399,295
frame_47,Rack_2,9,2,anw_med,0.909493625164032,354,254,384,339,369,296
frame_47,Rack_2,23,2,anw_med,0.8730418682098389,322,254,353,339,337,296
frame_47,Rack_2,1,2,anw_med,0.8909022212028503,291,253,322,339,306,296
frame_47,Rack_2,28,2,anw_med,0.8330507874488831,262,254,291,339,276,296
frame_47,Rack_2,22,2,anw_med,0.8830613493919373,232,254,262,338,247,296
frame_47,Rack_2,41,15,pepsi_med,0.817404568195343,198,259,223,338,210,298
frame_47,Rack_2,25,15,pepsi_med,0.9127237796783447,168,258,197,339,182,298
frame_47,Rack_2,10,15,pepsi_med,0.9053254723548889,141,260,167,340,154,300
frame_47,Rack_2,16,15,pepsi_med,0.9027156829833984,116,260,141,339,128,299
frame_47,Rack_2,15,15,pepsi_med,0.904186487197876,89,262,116,339,102,300
frame_47,Rack_2,55,13,kick_med,0.8704161643981934,58,263,88,340,73,301
frame_47,Rack_2,54,13,kick_med,0.8677176833152771,34,266,58,339,46,302
frame_47,Rack_2,63,13,kick_med,0.8197644948959351,7,267,31,339,19,303
frame_47,Rack_3,4,7,coke_z_big,0.9428597092628479,544,364,591,484,567,424
frame_47,Rack_3,5,7,coke_z_big,0.950348973274231,501,364,543,485,522,424
frame_47,Rack_3,3,7,coke_z_big,0.9455271363258362,459,366,500,484,479,425
frame_47,Rack_3,6,7,coke_z_big,0.9385126233100891,418,365,458,484,438,424
frame_47,Rack_3,27,5,coke_v_big,0.9200587272644043,378,365,417,484,397,424
frame_47,Rack_3,19,5,coke_v_big,0.897688090801239,340,365,378,484,359,424
frame_47,Rack_3,17,5,coke_v_big,0.9356887936592102,304,365,339,482,321,423
frame_47,Rack_3,7,5,coke_v_big,0.9314819574356079,267,366,303,481,285,423
frame_47,Rack_3,2,5,coke_v_big,0.9012839198112488,230,367,267,483,248,425
frame_47,Rack_3,8,14,pepsi_big,0.8907265663146973,195,365,229,484,212,424
frame_47,Rack_3,11,14,pepsi_big,0.9079878926277161,164,364,196,484,180,424
frame_47,Rack_3,47,14,pepsi_big,0.8640639185905457,129,364,164,484,146,424
frame_47,Rack_3,38,10,fanta_grape_big,0.8830798864364624,88,366,129,484,108,425
frame_47,Rack_3,67,12,fanta_straw_big,0.8899922966957092,4,365,37,475,20,420
frame_48,Rack_1,51,1,a&w_small,0.6566378474235535,615,147,640,203,627,175
frame_48,Rack_1,53,1,a&w_small,0.8398932814598083,591,147,616,204,603,175
frame_48,Rack_1,44,1,a&w_small,0.843330442905426,564,148,590,206,577,177
frame_48,Rack_1,37,1,a&w_small,0.885707676410675,533,148,562,208,547,178
frame_48,Rack_1,26,1,a&w_small,0.9220080375671387,503,149,531,211,517,180
frame_48,Rack_1,32,1,a&w_small,0.8543923497200012,470,150,502,212,486,181
frame_48,Rack_1,29,1,a&w_small,0.7713249921798706,445,149,468,213,456,181
frame_48,Rack_1,43,4,coke_small,0.8238557577133179,419,150,444,215,431,182
frame_48,Rack_1,35,4,coke_small,0.8784651756286621,392,149,419,216,405,182
frame_48,Rack_1,45,4,coke_small,0.9008941054344177,364,149,392,219,378,184
frame_48,Rack_1,50,4,coke_small,0.8773924708366394,339,149,365,219,352,184
frame_48,Rack_1,30,4,coke_small,0.8686867952346802,311,148,340,220,325,184
frame_48,Rack_1,42,17,sprite_small,0.8586808443069458,282,150,309,221,295,185
frame_48,Rack_1,24,17,sprite_small,0.874208390712738,260,150,284,221,272,185
frame_48,Rack_1,34,17,sprite_small,0.8875231742858887,240,151,261,220,250,185
frame_48,Rack_1,36,17,sprite_small,0.8823683261871338,216,151,242,220,229,185
frame_48,Rack_1,31,8,dew_med,0.8732178807258606,188,151,214,236,201,193
frame_48,Rack_1,20,8,dew_med,0.8583864569664001,161,151,187,244,174,197
frame_48,Rack_1,13,8,dew_med,0.8889544606208801,135,153,161,244,148,198
frame_48,Rack_1,12,8,dew_med,0.8758357763290405,112,159,134,246,123,202
frame_48,Rack_1,18,8,dew_med,0.8778099417686462,89,163,111,247,100,205
frame_48,Rack_1,14,8,dew_med,0.8897741436958313,65,167,89,248,77,207
frame_48,Rack_2,52,3,coke_med,0.7662150263786316,600,224,640,337,620,280
frame_48,Rack_2,40,3,coke_med,0.9331298470497131,565,230,606,337,585,283
frame_48,Rack_2,39,3,coke_med,0.8985024094581604,536,238,567,338,551,288
frame_48,Rack_2,46,3,coke_med,0.9188950657844543,507,253,537,339,522,296
frame_48,Rack_2,21,3,coke_med,0.9485903978347778,476,254,507,339,491,296
frame_48,Rack_2,56,6,coke_v_med,0.7329283356666565,445,248,477,339,461,293
frame_48,Rack_2,48,6,coke_v_med,0.8094441294670105,415,252,446,339,430,295
frame_48,Rack_2,33,6,coke_v_med,0.8345016241073608,385,251,416,339,400,295
frame_48,Rack_2,9,2,anw_med,0.9371533989906311,355,254,385,339,370,296
frame_48,Rack_2,23,2,anw_med,0.9041976928710938,323,254,354,339,338,296
frame_48,Rack_2,1,2,anw_med,0.8734039068222046,291,252,323,339,307,295
frame_48,Rack_2,28,2,anw_med,0.8443700671195984,263,254,292,338,277,296
frame_48,Rack_2,22,2,anw_med,0.8911402821540833,233,254,263,338,248,296
frame_48,Rack_2,41,15,pepsi_med,0.8312739133834839,199,260,224,338,211,299
frame_48,Rack_2,25,15,pepsi_med,0.904907763004303,169,258,197,339,183,298
frame_48,Rack_2,10,15,pepsi_med,0.9049698710441589,142,259,168,340,155,299
frame_48,Rack_2,16,15,pepsi_med,0.8966190218925476,117,260,142,340,129,300
frame_48,Rack_2,15,15,pepsi_med,0.9274573922157288,90,262,117,339,103,300
frame_48,Rack_2,55,13,kick_med,0.8686906099319458,59,263,88,340,73,301
frame_48,Rack_2,54,13,kick_med,0.8668310046195984,35,266,59,339,47,302
frame_48,Rack_2,63,13,kick_med,0.8016072511672974,7,267,31,339,19,303
frame_48,Rack_3,4,7,coke_z_big,0.934626042842865,545,364,592,484,568,424
frame_48,Rack_3,5,7,coke_z_big,0.9473081827163696,502,364,544,484,523,424
frame_48,Rack_3,3,7,coke_z_big,0.945000410079956,460,365,501,484,480,424
frame_48,Rack_3,6,7,coke_z_big,0.9420107007026672,419,365,459,484,439,424
frame_48,Rack_3,27,5,coke_v_big,0.9267147779464722,379,364,418,484,398,424
frame_48,Rack_3,19,5,coke_v_big,0.9065918326377869,341,365,379,484,360,424
frame_48,Rack_3,17,5,coke_v_big,0.9209959506988525,305,365,340,482,322,423
frame_48,Rack_3,7,5,coke_v_big,0.9293991327285767,268,366,304,480,286,423
frame_48,Rack_3,2,5,coke_v_big,0.899424135684967,230,367,268,483,249,425
frame_48,Rack_3,8,14,pepsi_big,0.8804360628128052,196,364,230,484,213,424
frame_48,Rack_3,11,14,pepsi_big,0.9167790412902832,164,364,197,484,180,424
frame_48,Rack_3,47,14,pepsi_big,0.8215928673744202,130,365,165,484,147,424
frame_48,Rack_3,38,10,fanta_grape_big,0.861338198184967,89,366,130,484,109,425
frame_48,Rack_3,67,12,fanta_straw_big,0.8954146504402161,4,364,37,474,20,419
frame_49,Rack_1,51,1,a&w_small,0.6199517846107483,616,147,640,203,628,175
frame_49,Rack_1,53,1,a&w_small,0.7591251730918884,592,147,617,204,604,175
frame_49,Rack_1,44,1,a&w_small,0.8025205135345459,566,148,591,206,578,177
frame_49,Rack_1,37,1,a&w_small,0.9086006283760071,534,148,564,208,549,178
frame_49,Rack_1,26,1,a&w_small,0.9007824063301086,504,149,532,211,518,180
frame_49,Rack_1,32,1,a&w_small,0.8772333264350891,471,150,503,212,487,181
frame_49,Rack_1,29,1,a&w_small,0.8382793068885803,446,150,469,213,457,181
frame_49,Rack_1,43,4,coke_small,0.8283804059028625,420,149,446,215,433,182
frame_49,Rack_1,35,4,coke_small,0.8862213492393494,393,149,420,217,406,183
frame_49,Rack_1,45,4,coke_small,0.9167213439941406,365,148,393,219,379,183
frame_49,Rack_1,50,4,coke_small,0.8848270177841187,340,148,366,219,353,183
frame_49,Rack_1,30,4,coke_small,0.8952820301055908,312,149,341,219,326,184
frame_49,Rack_1,42,17,sprite_small,0.860456645488739,284,150,310,220,297,185
frame_49,Rack_1,24,17,sprite_small,0.820220947265625,261,149,285,220,273,184
frame_49,Rack_1,34,17,sprite_small,0.8309963345527649,241,151,262,220,251,185
frame_49,Rack_1,36,17,sprite_small,0.8697095513343811,217,151,242,220,229,185
frame_49,Rack_1,31,8,dew_med,0.8410660624504089,189,151,214,232,201,191
frame_49,Rack_1,20,8,dew_med,0.886023223400116,162,151,188,243,175,197
frame_49,Rack_1,13,8,dew_med,0.8924106955528259,136,152,162,245,149,198
frame_49,Rack_1,12,8,dew_med,0.8911982774734497,113,157,136,245,124,201
frame_49,Rack_1,18,8,dew_med,0.8765429258346558,91,162,112,247,101,204
frame_49,Rack_1,14,8,dew_med,0.8949768543243408,66,165,90,249,78,207
frame_49,Rack_2,52,3,coke_med,0.8222771286964417,601,223,640,337,620,280
frame_49,Rack_2,40,3,coke_med,0.9439521431922913,566,228,608,337,587,282
frame_49,Rack_2,39,3,coke_med,0.9030153155326843,538,242,568,338,553,290
frame_49,Rack_2,46,3,coke_med,0.916678786277771,509,255,538,339,523,297
frame_49,Rack_2,21,3,coke_med,0.9293025732040405,478,255,508,339,493,297
frame_49,Rack_2,56,6,coke_v_med,0.7647538781166077,446,246,479,339,462,292
frame_49,Rack_2,48,6,coke_v_med,0.803297221660614,416,252,448,340,432,296
frame_49,Rack_2,33,6,coke_v_med,0.8306313753128052,386,250,417,339,401,294
frame_49,Rack_2,9,2,anw_med,0.9188680052757263,356,253,386,339,371,296
frame_49,Rack_2,23,2,anw_med,0.90255206823349,324,254,355,339,339,296
frame_49,Rack_2,1,2,anw_med,0.857741117477417,293,253,324,339,308,296
frame_49,Rack_2,28,2,anw_med,0.8228630423545837,264,254,293,338,278,296
frame_49,Rack_2,22,2,anw_med,0.8925187587738037,234,254,264,338,249,296
frame_49,Rack_2,41,15,pepsi_med,0.8593461513519287,200,261,225,338,212,299
frame_49,Rack_2,25,15,pepsi_med,0.9136056303977966,170,258,198,339,184,298
frame_49,Rack_2,10,15,pepsi_med,0.9137781858444214,143,259,169,340,156,299
frame_49,Rack_2,16,15,pepsi_med,0.8993558883666992,118,260,143,340,130,300
frame_49,Rack_2,15,15,pepsi_med,0.9296082258224487,90,262,118,339,104,300
frame_49,Rack_2,55,13,kick_med,0.8614121675491333,60,263,89,340,74,301
frame_49,Rack_2,54,13,kick_med,0.8430970311164856,36,266,60,339,48,302
frame_49,Rack_2,63,13,kick_med,0.734592080116272,8,267,32,339,20,303
frame_49,Rack_3,4,7,coke_z_big,0.9199135303497314,547,364,594,484,570,424
frame_49,Rack_3,5,7,coke_z_big,0.9492421746253967,503,364,545,485,524,424
frame_49,Rack_3,3,7,coke_z_big,0.9430562853813171,462,365,502,484,482,424
frame_49,Rack_3,6,7,coke_z_big,0.9441623687744141,420,365,461,484,440,424
frame_49,Rack_3,27,5,coke_v_big,0.9163498878479004,380,364,419,484,399,424
frame_49,Rack_3,19,5,coke_v_big,0.9081885814666748,341,365,380,485,360,425
frame_49,Rack_3,17,5,coke_v_big,0.9142082929611206,305,365,341,482,323,423
frame_49,Rack_3,7,5,coke_v_big,0.9295246005058289,269,366,305,480,287,423
frame_49,Rack_3,2,5,coke_v_big,0.8987421989440918,231,367,269,483,250,425
frame_49,Rack_3,8,14,pepsi_big,0.8758516311645508,197,364,231,484,214,424
frame_49,Rack_3,11,14,pepsi_big,0.9052371382713318,165,364,198,484,181,424
frame_49,Rack_3,47,14,pepsi_big,0.8831557631492615,131,364,166,484,148,424
frame_49,Rack_3,38,10,fanta_grape_big,0.8741105198860168,90,366,131,484,110,425
frame_49,Rack_3,67,12,fanta_straw_big,0.8978390097618103,5,364,38,473,21,418
frame_50,Rack_1,53,1,a&w_small,0.8060387969017029,593,147,618,204,605,175
frame_50,Rack_1,44,1,a&w_small,0.8311742544174194,567,148,593,206,580,177
frame_50,Rack_1,37,1,a&w_small,0.8702918291091919,536,148,565,208,550,178
frame_50,Rack_1,26,1,a&w_small,0.8870630264282227,506,149,534,211,520,180
frame_50,Rack_1,32,1,a&w_small,0.854978084564209,472,150,504,212,488,181
frame_50,Rack_1,29,1,a&w_small,0.7948473691940308,447,150,471,213,459,181
frame_50,Rack_1,43,4,coke_small,0.8998618721961975,421,149,447,215,434,182
frame_50,Rack_1,35,4,coke_small,0.8994570374488831,394,149,420,217,407,183
frame_50,Rack_1,45,4,coke_small,0.9146884679794312,366,148,394,218,380,183
frame_50,Rack_1,50,4,coke_small,0.8695918917655945,341,148,367,219,354,183
frame_50,Rack_1,30,4,coke_small,0.8919910788536072,313,149,342,219,327,184
frame_50,Rack_1,42,17,sprite_small,0.8890902400016785,285,150,311,220,298,185
frame_50,Rack_1,24,17,sprite_small,0.8478339314460754,262,149,286,220,274,184
frame_50,Rack_1,34,17,sprite_small,0.8633273243904114,242,150,263,220,252,185
frame_50,Rack_1,36,17,sprite_small,0.8855800032615662,218,151,243,220,230,185
frame_50,Rack_1,31,8,dew_med,0.8199916481971741,189,150,216,239,202,194
frame_50,Rack_1,20,8,dew_med,0.8869273066520691,163,151,189,243,176,197
frame_50,Rack_1,13,8,dew_med,0.8894196152687073,137,152,163,245,150,198
frame_50,Rack_1,12,8,dew_med,0.9022629857063293,114,157,137,245,125,201
frame_50,Rack_1,18,8,dew_med,0.8780653476715088,92,162,114,247,103,204
frame_50,Rack_1,14,8,dew_med,0.9265802502632141,67,165,92,249,79,207
frame_50,Rack_2,52,3,coke_med,0.834377110004425,602,223,640,337,621,280
frame_50,Rack_2,40,3,coke_med,0.9391303658485413,567,227,609,338,588,282
frame_50,Rack_2,39,3,coke_med,0.9239538311958313,539,242,569,338,554,290
frame_50,Rack_2,46,3,coke_med,0.8387178182601929,510,255,540,339,525,297
frame_50,Rack_2,21,3,coke_med,0.924132764339447,479,255,510,339,494,297
frame_50,Rack_2,56,6,coke_v_med,0.846280038356781,447,245,481,340,464,292
frame_50,Rack_2,48,6,coke_v_med,0.7553623914718628,417,251,449,340,433,295
frame_50,Rack_2,33,6,coke_v_med,0.7915979027748108,387,249,418,340,402,294
frame_50,Rack_2,9,2,anw_med,0.902603268623352,357,253,388,340,372,296
frame_50,Rack_2,23,2,anw_med,0.8786153197288513,325,254,356,340,340,297
frame_50,Rack_2,1,2,anw_med,0.8678398132324219,294,252,325,340,309,296
frame_50,Rack_2,28,2,anw_med,0.8740419745445251,265,254,294,339,279,296
frame_50,Rack_2,22,2,anw_med,0.9107257127761841,235,254,265,338,250,296
frame_50,Rack_2,41,15,pepsi_med,0.9054332375526428,201,260,227,339,214,299
frame_50,Rack_2,25,15,pepsi_med,0.9141167402267456,171,258,199,339,185,298
frame_50,Rack_2,10,15,pepsi_med,0.9223229885101318,144,259,170,340,157,299
frame_50,Rack_2,16,15,pepsi_med,0.9135832190513611,119,261,144,340,131,300
frame_50,Rack_2,15,15,pepsi_med,0.9058665633201599,91,262,119,340,105,301
frame_50,Rack_2,55,13,kick_med,0.8660534024238586,60,263,90,340,75,301
frame_50,Rack_2,54,13,kick_med,0.8383293747901917,37,266,61,339,49,302
frame_50,Rack_2,63,13,kick_med,0.7340128421783447,9,267,34,339,21,303
frame_50,Rack_3,4,7,coke_z_big,0.9209165573120117,548,364,595,484,571,424
frame_50,Rack_3,5,7,coke_z_big,0.9424821138381958,504,364,546,485,525,424
frame_50,Rack_3,3,7,coke_z_big,0.9402928948402405,463,366,503,484,483,425
frame_50,Rack_3,6,7,coke_z_big,0.9494279623031616,421,365,462,484,441,424
frame_50,Rack_3,27,5,coke_v_big,0.9152603149414062,381,365,419,484,400,424
frame_50,Rack_3,19,5,coke_v_big,0.921211302280426,342,365,381,484,361,424
frame_50,Rack_3,17,5,coke_v_big,0.9115601778030396,307,365,342,482,324,423
frame_50,Rack_3,7,5,coke_v_big,0.9379171133041382,270,366,306,480,288,423
frame_50,Rack_3,2,5,coke_v_big,0.9179588556289673,232,367,269,483,250,425
frame_50,Rack_3,8,14,pepsi_big,0.895534336566925,198,364,232,484,215,424
frame_50,Rack_3,11,14,pepsi_big,0.9047536253929138,166,364,199,484,182,424
frame_50,Rack_3,47,14,pepsi_big,0.8727026581764221,132,364,167,484,149,424
frame_50,Rack_3,38,10,fanta_grape_big,0.904028594493866,91,365,132,484,111,424
frame_50,Rack_3,67,12,fanta_straw_big,0.8958775997161865,5,364,39,473,22,418
frame_51,Rack_1,53,1,a&w_small,0.8163970708847046,595,147,620,204,607,175
frame_51,Rack_1,44,1,a&w_small,0.8288412094116211,569,148,594,206,581,177
frame_51,Rack_1,37,1,a&w_small,0.853918731212616,537,148,567,208,552,178
frame_51,Rack_1,26,1,a&w_small,0.8904026746749878,507,149,535,211,521,180
frame_51,Rack_1,32,1,a&w_small,0.854067325592041,474,150,505,212,489,181
frame_51,Rack_1,29,1,a&w_small,0.6692647337913513,448,149,472,214,460,181
frame_51,Rack_1,43,4,coke_small,0.8980329036712646,422,150,448,215,435,182
frame_51,Rack_1,35,4,coke_small,0.8814321160316467,395,149,422,217,408,183
frame_51,Rack_1,45,4,coke_small,0.8838489651679993,368,149,396,219,382,184
frame_51,Rack_1,50,4,coke_small,0.8319838047027588,342,148,369,219,355,183
frame_51,Rack_1,30,4,coke_small,0.879663348197937,314,149,343,219,328,184
frame_51,Rack_1,42,17,sprite_small,0.8915455937385559,286,150,313,221,299,185
frame_51,Rack_1,24,17,sprite_small,0.8819793462753296,263,150,287,221,275,185
frame_51,Rack_1,34,17,sprite_small,0.8857757449150085,244,150,265,221,254,185
frame_51,Rack_1,36,17,sprite_small,0.8835291266441345,219,151,244,220,231,185
frame_51,Rack_1,31,8,dew_med,0.8587073087692261,190,150,218,242,204,196
frame_51,Rack_1,20,8,dew_med,0.8998641967773438,165,151,190,244,177,197
frame_51,Rack_1,13,8,dew_med,0.8736557364463806,138,153,164,245,151,199
frame_51,Rack_1,12,8,dew_med,0.9145278334617615,115,157,138,246,126,201
frame_51,Rack_1,18,8,dew_med,0.9093422889709473,93,162,115,248,104,205
frame_51,Rack_1,14,8,dew_med,0.90876704454422,68,166,93,249,80,207
frame_51,Rack_2,52,3,coke_med,0.8059330582618713,604,224,640,337,622,280
frame_51,Rack_2,40,3,coke_med,0.9277644753456116,569,229,610,338,589,283
frame_51,Rack_2,39,3,coke_med,0.9411432147026062,541,248,569,339,555,293
frame_51,Rack_2,46,3,coke_med,0.8273454904556274,512,255,541,339,526,297
frame_51,Rack_2,21,3,coke_med,0.9177842736244202,480,254,511,340,495,297
frame_51,Rack_2,56,6,coke_v_med,0.7840583920478821,449,246,481,341,465,293
frame_51,Rack_2,48,6,coke_v_med,0.8218168020248413,419,251,450,341,434,296
frame_51,Rack_2,33,6,coke_v_med,0.8400899171829224,388,250,419,340,403,295
frame_51,Rack_2,9,2,anw_med,0.9076746106147766,358,250,389,340,373,295
frame_51,Rack_2,23,2,anw_med,0.8689613342285156,326,253,358,339,342,296
frame_51,Rack_2,1,2,anw_med,0.8563414812088013,295,251,326,340,310,295
frame_51,Rack_2,28,2,anw_med,0.8902146816253662,266,253,295,339,280,296
frame_51,Rack_2,22,2,anw_med,0.9205164313316345,236,253,266,338,251,295
frame_51,Rack_2,41,15,pepsi_med,0.9081871509552002,202,260,228,339,215,299
frame_51,Rack_2,25,15,pepsi_med,0.9136005640029907,172,258,200,340,186,299
frame_51,Rack_2,10,15,pepsi_med,0.9177383780479431,145,259,171,340,158,299
frame_51,Rack_2,16,15,pepsi_med,0.9112119674682617,120,261,145,341,132,301
frame_51,Rack_2,15,15,pepsi_med,0.8887947797775269,92,262,120,340,106,301
frame_51,Rack_2,55,13,kick_med,0.8812402486801147,62,263,91,340,76,301
frame_51,Rack_2,54,13,kick_med,0.8715009689331055,38,266,62,339,50,302
frame_51,Rack_2,63,13,kick_med,0.6963516473770142,11,267,37,339,24,303
frame_51,Rack_3,4,7,coke_z_big,0.9384435415267944,548,364,596,485,572,424
frame_51,Rack_3,5,7,coke_z_big,0.9367989301681519,505,365,548,485,526,425
frame_51,Rack_3,3,7,coke_z_big,0.9438255429267883,464,366,504,485,484,425
frame_51,Rack_3,6,7,coke_z_big,0.9501603841781616,422,366,463,485,442,425
frame_51,Rack_3,27,5,coke_v_big,0.9089933633804321,382,365,421,485,401,425
frame_51,Rack_3,19,5,coke_v_big,0.9275590777397156,343,365,382,485,362,425
frame_51,Rack_3,17,5,coke_v_big,0.917104184627533,307,365,343,482,325,423
frame_51,Rack_3,7,5,coke_v_big,0.9430767297744751,271,366,307,480,289,423
frame_51,Rack_3,2,5,coke_v_big,0.9273545145988464,233,367,270,484,251,425
frame_51,Rack_3,8,14,pepsi_big,0.910598874092102,198,364,233,485,215,424
frame_51,Rack_3,11,14,pepsi_big,0.9112632274627686,167,364,199,484,183,424
frame_51,Rack_3,47,14,pepsi_big,0.8737297654151917,133,364,168,485,150,424
frame_51,Rack_3,38,10,fanta_grape_big,0.8960816264152527,91,365,133,485,112,425
frame_51,Rack_3,67,12,fanta_straw_big,0.8959764242172241,6,364,40,473,23,418
frame_52,Rack_1,53,1,a&w_small,0.8211917281150818,597,148,622,204,609,176
frame_52,Rack_1,44,1,a&w_small,0.8432052731513977,570,148,596,206,583,177
frame_52,Rack_1,37,1,a&w_small,0.8446686863899231,538,149,568,208,553,178
frame_52,Rack_1,26,1,a&w_small,0.8861320614814758,508,149,536,211,522,180
frame_52,Rack_1,32,1,a&w_small,0.8363423347473145,475,150,506,212,490,181
frame_52,Rack_1,29,1,a&w_small,0.6939009428024292,449,149,473,214,461,181
frame_52,Rack_1,43,4,coke_small,0.8758307695388794,423,150,449,215,436,182
frame_52,Rack_1,35,4,coke_small,0.8885728716850281,396,149,423,217,409,183
frame_52,Rack_1,45,4,coke_small,0.8645176291465759,369,149,397,219,383,184
frame_52,Rack_1,50,4,coke_small,0.853933572769165,344,148,370,219,357,183
frame_52,Rack_1,30,4,coke_small,0.884230375289917,315,149,344,219,329,184
frame_52,Rack_1,42,17,sprite_small,0.8754388093948364,287,150,313,220,300,185
frame_52,Rack_1,24,17,sprite_small,0.868264377117157,264,149,288,221,276,185
frame_52,Rack_1,34,17,sprite_small,0.8660778403282166,244,151,265,220,254,185
frame_52,Rack_1,36,17,sprite_small,0.8756386637687683,220,151,246,220,233,185
frame_52,Rack_1,31,8,dew_med,0.835084855556488,191,150,219,243,205,196
frame_52,Rack_1,20,8,dew_med,0.8973900079727173,166,151,191,244,178,197
frame_52,Rack_1,13,8,dew_med,0.8950189352035522,139,153,165,245,152,199
frame_52,Rack_1,12,8,dew_med,0.9187682867050171,116,156,139,246,127,201
frame_52,Rack_1,18,8,dew_med,0.9048573970794678,94,162,115,248,104,205
frame_52,Rack_1,14,8,dew_med,0.9154811501502991,69,166,93,249,81,207
frame_52,Rack_2,52,3,coke_med,0.8466854691505432,605,224,640,337,622,280
frame_52,Rack_2,40,3,coke_med,0.9220569729804993,571,232,611,338,591,285
frame_52,Rack_2,39,3,coke_med,0.901330292224884,543,251,570,339,556,295
frame_52,Rack_2,46,3,coke_med,0.8965435028076172,513,254,543,339,528,296
frame_52,Rack_2,21,3,coke_med,0.9177242517471313,481,251,513,340,497,295
frame_52,Rack_2,56,6,coke_v_med,0.7746636271476746,450,249,482,341,466,295
frame_52,Rack_2,48,6,coke_v_med,0.8281679749488831,420,251,451,341,435,296
frame_52,Rack_2,33,6,coke_v_med,0.8631624579429626,389,250,421,340,405,295
frame_52,Rack_2,9,2,anw_med,0.8867534399032593,359,250,390,340,374,295
frame_52,Rack_2,23,2,anw_med,0.9057823419570923,327,252,359,340,343,296
frame_52,Rack_2,1,2,anw_med,0.8709163665771484,296,251,328,340,312,295
frame_52,Rack_2,28,2,anw_med,0.8715808987617493,267,252,296,340,281,296
frame_52,Rack_2,22,2,anw_med,0.9050953984260559,237,253,267,338,252,295
frame_52,Rack_2,41,15,pepsi_med,0.899566113948822,203,260,229,339,216,299
frame_52,Rack_2,25,15,pepsi_med,0.9120643734931946,173,257,201,339,187,298
frame_52,Rack_2,10,15,pepsi_med,0.9142305254936218,146,259,172,340,159,299
frame_52,Rack_2,16,15,pepsi_med,0.9031537175178528,120,260,146,341,133,300
frame_52,Rack_2,15,15,pepsi_med,0.891749382019043,93,261,121,340,107,300
frame_52,Rack_2,55,13,kick_med,0.8773936629295349,63,263,92,340,77,301
frame_52,Rack_2,54,13,kick_med,0.8734232187271118,39,266,62,339,50,302
frame_52,Rack_2,63,13,kick_med,0.6974933743476868,13,267,38,339,25,303
frame_52,Rack_3,4,7,coke_z_big,0.9418480396270752,549,364,597,485,573,424
frame_52,Rack_3,5,7,coke_z_big,0.943884015083313,506,365,549,486,527,425
frame_52,Rack_3,3,7,coke_z_big,0.9420307874679565,465,366,505,485,485,425
frame_52,Rack_3,6,7,coke_z_big,0.9344438314437866,423,366,464,485,443,425
frame_52,Rack_3,27,5,coke_v_big,0.9053723216056824,383,365,422,485,402,425
frame_52,Rack_3,19,5,coke_v_big,0.9263291358947754,344,365,383,485,363,425
frame_52,Rack_3,17,5,coke_v_big,0.9204232692718506,308,366,344,482,326,424
frame_52,Rack_3,7,5,coke_v_big,0.9390506744384766,272,366,308,481,290,423
frame_52,Rack_3,2,5,coke_v_big,0.9302127957344055,234,367,271,484,252,425
frame_52,Rack_3,8,14,pepsi_big,0.9175356030464172,199,365,233,485,216,425
frame_52,Rack_3,11,14,pepsi_big,0.90840744972229,167,364,200,484,183,424
frame_52,Rack_3,47,14,pepsi_big,0.8557841777801514,134,364,168,485,151,424
frame_52,Rack_3,38,10,fanta_grape_big,0.9084263443946838,92,365,134,485,113,425
frame_52,Rack_3,57,10,fanta_grape_big,0.5291122794151306,69,365,93,481,81,423
frame_52,Rack_3,67,12,fanta_straw_big,0.8831853270530701,6,364,41,473,23,418
frame_53,Rack_1,53,1,a&w_small,0.8059160709381104,599,147,624,204,611,175
frame_53,Rack_1,44,1,a&w_small,0.83381587266922,572,148,598,206,585,177
frame_53,Rack_1,37,1,a&w_small,0.8436708450317383,540,149,570,208,555,178
frame_53,Rack_1,26,1,a&w_small,0.8638335466384888,509,149,538,211,523,180
frame_53,Rack_1,32,1,a&w_small,0.7796297073364258,476,150,508,211,492,180
frame_53,Rack_1,29,1,a&w_small,0.6868873834609985,451,150,474,213,462,181
frame_53,Rack_1,43,4,coke_small,0.883517324924469,425,150,450,215,437,182
frame_53,Rack_1,35,4,coke_small,0.9111217856407166,398,149,425,217,411,183
frame_53,Rack_1,45,4,coke_small,0.8709133863449097,370,149,398,219,384,184
frame_53,Rack_1,50,4,coke_small,0.8687215447425842,345,149,371,219,358,184
frame_53,Rack_1,30,4,coke_small,0.9321891665458679,317,148,345,219,331,183
frame_53,Rack_1,42,17,sprite_small,0.8855329751968384,288,150,315,220,301,185
frame_53,Rack_1,24,17,sprite_small,0.8755260705947876,266,149,290,220,278,184
frame_53,Rack_1,34,17,sprite_small,0.8705314993858337,245,151,266,220,255,185
frame_53,Rack_1,36,17,sprite_small,0.8503357172012329,222,150,247,220,234,185
frame_53,Rack_1,31,8,dew_med,0.8410528302192688,192,150,220,243,206,196
frame_53,Rack_1,20,8,dew_med,0.8788133859634399,167,151,192,244,179,197
frame_53,Rack_1,13,8,dew_med,0.8775298595428467,140,153,166,245,153,199
frame_53,Rack_1,12,8,dew_med,0.8905090093612671,117,156,140,246,128,201
frame_53,Rack_1,18,8,dew_med,0.8944430947303772,95,162,117,248,106,205
frame_53,Rack_1,14,8,dew_med,0.8793153762817383,70,166,94,249,82,207
frame_53,Rack_2,52,3,coke_med,0.853600800037384,606,224,640,338,623,281
frame_53,Rack_2,40,3,coke_med,0.9028919339179993,574,241,611,338,592,289
frame_53,Rack_2,39,3,coke_med,0.8556191325187683,545,253,572,339,558,296
frame_53,Rack_2,46,3,coke_med,0.9030755162239075,514,254,544,340,529,297
frame_53,Rack_2,21,3,coke_med,0.9119772911071777,483,251,514,340,498,295
frame_53,Rack_2,56,6,coke_v_med,0.8312543034553528,452,250,483,341,467,295
frame_53,Rack_2,48,6,coke_v_med,0.8435431122779846,421,250,452,341,436,295
frame_53,Rack_2,33,6,coke_v_med,0.8910970687866211,391,251,422,341,406,296
frame_53,Rack_2,9,2,anw_med,0.8810612559318542,360,249,392,340,376,294
frame_53,Rack_2,23,2,anw_med,0.8835873007774353,328,252,361,340,344,296
frame_53,Rack_2,1,2,anw_med,0.8492323160171509,297,251,329,340,313,295
frame_53,Rack_2,28,2,anw_med,0.8554803729057312,268,253,298,340,283,296
frame_53,Rack_2,22,2,anw_med,0.9187790751457214,238,252,269,339,253,295
frame_53,Rack_2,41,15,pepsi_med,0.9082133173942566,204,260,230,339,217,299
frame_53,Rack_2,25,15,pepsi_med,0.9007333517074585,174,257,202,340,188,298
frame_53,Rack_2,10,15,pepsi_med,0.9071536064147949,147,259,173,341,160,300
frame_53,Rack_2,16,15,pepsi_med,0.8980216383934021,121,260,147,341,134,300
frame_53,Rack_2,15,15,pepsi_med,0.9179863333702087,93,261,121,341,107,301
frame_53,Rack_2,55,13,kick_med,0.876545250415802,63,263,93,340,78,301
frame_53,Rack_2,54,13,kick_med,0.8643965721130371,39,266,63,339,51,302
frame_53,Rack_2,63,13,kick_med,0.6629678010940552,14,267,39,339,26,303
frame_53,Rack_3,4,7,coke_z_big,0.9411771893501282,551,364,598,484,574,424
frame_53,Rack_3,5,7,coke_z_big,0.9503624439239502,508,365,550,485,529,425
frame_53,Rack_3,3,7,coke_z_big,0.9468500018119812,466,367,506,485,486,426
frame_53,Rack_3,6,7,coke_z_big,0.9339910745620728,424,366,465,485,444,425
frame_53,Rack_3,27,5,coke_v_big,0.9061407446861267,385,365,423,485,404,425
frame_53,Rack_3,19,5,coke_v_big,0.9317339658737183,345,365,384,485,364,425
frame_53,Rack_3,17,5,coke_v_big,0.9201124310493469,309,365,345,482,327,423
frame_53,Rack_3,7,5,coke_v_big,0.9213058948516846,272,366,309,481,290,423
frame_53,Rack_3,2,5,coke_v_big,0.9354603886604309,235,367,272,484,253,425
frame_53,Rack_3,8,14,pepsi_big,0.9196447134017944,200,365,234,485,217,425
frame_53,Rack_3,11,14,pepsi_big,0.9116397500038147,168,364,200,484,184,424
frame_53,Rack_3,47,14,pepsi_big,0.8355539441108704,134,364,169,485,151,424
frame_53,Rack_3,38,10,fanta_grape_big,0.9162054061889648,93,365,135,485,114,425
frame_53,Rack_3,57,10,fanta_grape_big,0.6084136366844177,70,365,94,481,82,423
frame_53,Rack_3,67,12,fanta_straw_big,0.8891363143920898,6,364,42,472,24,418
frame_54,Rack_1,53,1,a&w_small,0.7507575154304504,601,147,626,204,613,175
frame_54,Rack_1,44,1,a&w_small,0.7902027368545532,573,148,599,206,586,177
frame_54,Rack_1,37,1,a&w_small,0.8716760277748108,542,148,572,208,557,178
frame_54,Rack_1,26,1,a&w_small,0.8994870185852051,511,149,540,211,525,180
frame_54,Rack_1,32,1,a&w_small,0.8382805585861206,478,149,510,211,494,180
frame_54,Rack_1,29,1,a&w_small,0.6070654988288879,453,150,476,214,464,182
frame_54,Rack_1,43,4,coke_small,0.8912273645401001,426,149,452,215,439,182
frame_54,Rack_1,35,4,coke_small,0.9210152626037598,400,149,426,217,413,183
frame_54,Rack_1,45,4,coke_small,0.8856197595596313,372,149,400,218,386,183
frame_54,Rack_1,50,4,coke_small,0.8941494822502136,346,149,372,219,359,184
frame_54,Rack_1,30,4,coke_small,0.9089838266372681,318,148,347,219,332,183
frame_54,Rack_1,42,17,sprite_small,0.8558224439620972,290,150,316,220,303,185
frame_54,Rack_1,24,17,sprite_small,0.8243804574012756,267,150,291,220,279,185
frame_54,Rack_1,34,17,sprite_small,0.8243887424468994,247,151,268,220,257,185
frame_54,Rack_1,36,17,sprite_small,0.7897288203239441,223,150,249,220,236,185
frame_54,Rack_1,31,8,dew_med,0.840994656085968,194,150,221,239,207,194
frame_54,Rack_1,20,8,dew_med,0.8885505795478821,168,150,193,243,180,196
frame_54,Rack_1,13,8,dew_med,0.9058193564414978,141,153,167,245,154,199
frame_54,Rack_1,12,8,dew_med,0.9105882048606873,118,155,141,245,129,200
frame_54,Rack_1,18,8,dew_med,0.8480658531188965,96,161,117,247,106,204
frame_54,Rack_1,14,8,dew_med,0.8842827081680298,71,164,95,248,83,206
frame_54,Rack_2,52,3,coke_med,0.8854585886001587,608,224,640,337,624,280
frame_54,Rack_2,40,3,coke_med,0.8938069343566895,575,235,613,338,594,286
frame_54,Rack_2,39,3,coke_med,0.8189055323600769,547,251,574,339,560,295
frame_54,Rack_2,46,3,coke_med,0.8981098532676697,516,255,546,340,531,297
frame_54,Rack_2,21,3,coke_med,0.9111168384552002,485,253,516,340,500,296
frame_54,Rack_2,56,6,coke_v_med,0.6759858727455139,454,252,484,340,469,296
frame_54,Rack_2,48,6,coke_v_med,0.7416261434555054,423,253,454,340,438,296
frame_54,Rack_2,33,6,coke_v_med,0.7750283479690552,393,253,423,340,408,296
frame_54,Rack_2,9,2,anw_med,0.9093061089515686,362,252,392,340,377,296
frame_54,Rack_2,23,2,anw_med,0.8744425773620605,330,253,362,340,346,296
frame_54,Rack_2,1,2,anw_med,0.8488966226577759,298,253,329,340,313,296
frame_54,Rack_2,28,2,anw_med,0.8333337306976318,269,253,299,340,284,296
frame_54,Rack_2,22,2,anw_med,0.8994501829147339,240,254,270,339,255,296
frame_54,Rack_2,41,15,pepsi_med,0.9042971730232239,204,259,230,339,217,299
frame_54,Rack_2,25,15,pepsi_med,0.9074665307998657,175,257,204,340,189,298
frame_54,Rack_2,10,15,pepsi_med,0.9085273146629333,148,258,174,340,161,299
frame_54,Rack_2,16,15,pepsi_med,0.910489559173584,122,261,148,340,135,300
frame_54,Rack_2,15,15,pepsi_med,0.9248253703117371,94,261,122,340,108,300
frame_54,Rack_2,55,13,kick_med,0.8803051114082336,64,263,94,341,79,302
frame_54,Rack_2,54,13,kick_med,0.8783713579177856,41,265,65,339,53,302
frame_54,Rack_2,63,13,kick_med,0.7637483477592468,15,267,41,340,28,303
frame_54,Rack_3,4,7,coke_z_big,0.9368343949317932,552,364,599,483,575,423
frame_54,Rack_3,5,7,coke_z_big,0.9515760540962219,509,365,551,484,530,424
frame_54,Rack_3,3,7,coke_z_big,0.9390619993209839,468,366,508,484,488,425
frame_54,Rack_3,6,7,coke_z_big,0.9356934428215027,426,366,466,485,446,425
frame_54,Rack_3,27,5,coke_v_big,0.8910197615623474,386,365,424,484,405,424
frame_54,Rack_3,19,5,coke_v_big,0.9286405444145203,346,365,385,484,365,424
frame_54,Rack_3,17,5,coke_v_big,0.9240310788154602,311,365,346,481,328,423
frame_54,Rack_3,7,5,coke_v_big,0.9207020998001099,274,366,310,481,292,423
frame_54,Rack_3,2,5,coke_v_big,0.9376416206359863,236,367,274,483,255,425
frame_54,Rack_3,8,14,pepsi_big,0.9036434292793274,201,364,235,484,218,424
frame_54,Rack_3,11,14,pepsi_big,0.9076024293899536,170,364,202,484,186,424
frame_54,Rack_3,47,14,pepsi_big,0.9210364818572998,135,364,170,484,152,424
frame_54,Rack_3,38,10,fanta_grape_big,0.9369599223136902,95,365,136,484,115,424
frame_54,Rack_3,57,10,fanta_grape_big,0.8205731511116028,71,365,95,480,83,422
frame_54,Rack_3,67,12,fanta_straw_big,0.8732887506484985,7,365,43,472,25,418
frame_55,Rack_1,53,1,a&w_small,0.773780107498169,602,147,628,204,615,175
frame_55,Rack_1,44,1,a&w_small,0.7949774861335754,575,148,601,205,588,176
frame_55,Rack_1,37,1,a&w_small,0.8773747682571411,544,148,574,208,559,178
frame_55,Rack_1,26,1,a&w_small,0.8789935111999512,514,148,542,210,528,179
frame_55,Rack_1,32,1,a&w_small,0.7795215845108032,480,149,512,211,496,180
frame_55,Rack_1,43,4,coke_small,0.8780856728553772,428,149,454,215,441,182
frame_55,Rack_1,35,4,coke_small,0.8679559230804443,402,149,428,216,415,182
frame_55,Rack_1,45,4,coke_small,0.8807751536369324,374,148,402,218,388,183
frame_55,Rack_1,50,4,coke_small,0.877065896987915,348,149,374,219,361,184
frame_55,Rack_1,30,4,coke_small,0.8869273066520691,319,148,349,220,334,184
frame_55,Rack_1,42,17,sprite_small,0.8667225241661072,292,150,318,220,305,185
frame_55,Rack_1,24,17,sprite_small,0.8101669549942017,269,150,292,220,280,185
frame_55,Rack_1,34,17,sprite_small,0.7474374175071716,248,150,269,220,258,185
frame_55,Rack_1,36,17,sprite_small,0.8222492337226868,224,150,250,221,237,185
frame_55,Rack_1,31,8,dew_med,0.8247026205062866,195,149,223,240,209,194
frame_55,Rack_1,20,8,dew_med,0.8927664756774902,169,150,195,243,182,196
frame_55,Rack_1,13,8,dew_med,0.9028167128562927,143,152,169,244,156,198
frame_55,Rack_1,12,8,dew_med,0.9115315675735474,119,154,143,245,131,199
frame_55,Rack_1,18,8,dew_med,0.8441402316093445,97,159,119,245,108,202
frame_55,Rack_1,14,8,dew_med,0.8814775943756104,72,162,97,248,84,205
frame_55,Rack_1,66,8,dew_med,0.504766583442688,8,161,24,251,16,206
frame_55,Rack_2,52,3,coke_med,0.8647307753562927,610,225,640,337,625,281
frame_55,Rack_2,40,3,coke_med,0.9080004692077637,578,243,614,338,596,290
frame_55,Rack_2,39,3,coke_med,0.8102217316627502,548,252,575,338,561,295
frame_55,Rack_2,46,3,coke_med,0.8855248689651489,518,255,547,339,532,297
frame_55,Rack_2,21,3,coke_med,0.9162195920944214,486,251,518,340,502,295
frame_55,Rack_2,56,6,coke_v_med,0.8011665344238281,455,249,487,341,471,295
frame_55,Rack_2,48,6,coke_v_med,0.8146065473556519,424,250,456,341,440,295
frame_55,Rack_2,33,6,coke_v_med,0.8096475005149841,394,252,425,341,409,296
frame_55,Rack_2,9,2,anw_med,0.8952037692070007,363,252,394,340,378,296
frame_55,Rack_2,23,2,anw_med,0.8998550176620483,331,252,363,340,347,296
frame_55,Rack_2,1,2,anw_med,0.8560769557952881,300,252,331,340,315,296
frame_55,Rack_2,28,2,anw_med,0.8583986163139343,271,253,300,340,285,296
frame_55,Rack_2,22,2,anw_med,0.9084135890007019,241,253,272,340,256,296
frame_55,Rack_2,41,15,pepsi_med,0.8929359316825867,206,258,232,340,219,299
frame_55,Rack_2,25,15,pepsi_med,0.9102691411972046,176,256,205,340,190,298
frame_55,Rack_2,10,15,pepsi_med,0.8945810198783875,149,258,176,341,162,299
frame_55,Rack_2,16,15,pepsi_med,0.9226608276367188,124,259,149,340,136,299
frame_55,Rack_2,15,15,pepsi_med,0.906599760055542,96,260,124,340,110,300
frame_55,Rack_2,55,13,kick_med,0.8864376544952393,66,262,96,341,81,301
frame_55,Rack_2,54,13,kick_med,0.8851713538169861,42,265,66,339,54,302
frame_55,Rack_2,63,13,kick_med,0.8692312836647034,17,266,42,340,29,303
frame_55,Rack_3,4,7,coke_z_big,0.9410102963447571,554,364,600,483,577,423
frame_55,Rack_3,5,7,coke_z_big,0.9471524357795715,510,364,553,484,531,424
frame_55,Rack_3,3,7,coke_z_big,0.951968789100647,469,365,510,484,489,424
frame_55,Rack_3,6,7,coke_z_big,0.947310209274292,427,365,468,484,447,424
frame_55,Rack_3,27,5,coke_v_big,0.8798943161964417,387,365,425,483,406,424
frame_55,Rack_3,19,5,coke_v_big,0.9101153016090393,348,365,387,484,367,424
frame_55,Rack_3,17,5,coke_v_big,0.9128121137619019,312,365,347,481,329,423
frame_55,Rack_3,7,5,coke_v_big,0.9257999658584595,275,366,312,481,293,423
frame_55,Rack_3,2,5,coke_v_big,0.9273437857627869,238,366,275,483,256,424
frame_55,Rack_3,8,14,pepsi_big,0.9244420528411865,203,364,237,484,220,424
frame_55,Rack_3,11,14,pepsi_big,0.9141441583633423,171,364,203,484,187,424
frame_55,Rack_3,47,14,pepsi_big,0.9115462303161621,136,363,171,484,153,423
frame_55,Rack_3,38,10,fanta_grape_big,0.9298260807991028,97,364,138,484,117,424
frame_55,Rack_3,57,10,fanta_grape_big,0.7173416614532471,73,365,97,480,85,422
frame_55,Rack_3,67,12,fanta_straw_big,0.8755648136138916,7,364,44,471,25,417
frame_56,Rack_1,53,1,a&w_small,0.8238304257392883,604,147,629,203,616,175
frame_56,Rack_1,44,1,a&w_small,0.8340740203857422,578,148,604,205,591,176
frame_56,Rack_1,37,1,a&w_small,0.8519585728645325,546,148,576,207,561,177
frame_56,Rack_1,26,1,a&w_small,0.8682841658592224,515,148,544,210,529,179
frame_56,Rack_1,32,1,a&w_small,0.7323148250579834,482,149,513,210,497,179
frame_56,Rack_1,29,1,a&w_small,0.6794012188911438,456,149,479,213,467,181
frame_56,Rack_1,43,4,coke_small,0.8818292617797852,430,149,456,214,443,181
frame_56,Rack_1,35,4,coke_small,0.9072245359420776,404,149,430,216,417,182
frame_56,Rack_1,45,4,coke_small,0.8636921048164368,376,149,403,217,389,183
frame_56,Rack_1,50,4,coke_small,0.8933542370796204,351,149,376,219,363,184
frame_56,Rack_1,30,4,coke_small,0.9090386629104614,321,149,350,219,335,184
frame_56,Rack_1,42,17,sprite_small,0.8753063678741455,294,150,319,220,306,185
frame_56,Rack_1,24,17,sprite_small,0.754953145980835,271,150,294,220,282,185
frame_56,Rack_1,34,17,sprite_small,0.7150430679321289,250,150,271,220,260,185
frame_56,Rack_1,36,17,sprite_small,0.7968897223472595,226,151,252,220,239,185
frame_56,Rack_1,31,8,dew_med,0.8324320316314697,198,148,223,229,210,188
frame_56,Rack_1,20,8,dew_med,0.8919623494148254,171,149,197,242,184,195
frame_56,Rack_1,13,8,dew_med,0.8814413547515869,144,151,170,243,157,197
frame_56,Rack_1,12,8,dew_med,0.8937386870384216,121,152,144,244,132,198
frame_56,Rack_1,18,8,dew_med,0.8902798295021057,99,157,121,245,110,201
frame_56,Rack_1,14,8,dew_med,0.8984150290489197,74,161,99,247,86,204
frame_56,Rack_2,52,3,coke_med,0.7230704426765442,611,225,640,337,625,281
frame_56,Rack_2,40,3,coke_med,0.915211021900177,581,249,615,337,598,293
frame_56,Rack_2,39,3,coke_med,0.8818814754486084,551,252,577,338,564,295
frame_56,Rack_2,46,3,coke_med,0.8802794218063354,519,253,549,339,534,296
frame_56,Rack_2,21,3,coke_med,0.9256784319877625,488,251,519,340,503,295
frame_56,Rack_2,56,6,coke_v_med,0.7056570649147034,457,248,488,341,472,294
frame_56,Rack_2,48,6,coke_v_med,0.736241340637207,426,250,457,340,441,295
frame_56,Rack_2,33,6,coke_v_med,0.6686681509017944,396,251,427,341,411,296
frame_56,Rack_2,9,2,anw_med,0.9006484150886536,365,251,396,340,380,295
frame_56,Rack_2,23,2,anw_med,0.9066411256790161,333,251,365,340,349,295
frame_56,Rack_2,1,2,anw_med,0.8456811308860779,301,251,333,340,317,295
frame_56,Rack_2,28,2,anw_med,0.8920627236366272,272,252,302,340,287,296
frame_56,Rack_2,22,2,anw_med,0.9096428155899048,243,252,273,339,258,295
frame_56,Rack_2,41,15,pepsi_med,0.9131367802619934,207,257,233,340,220,298
frame_56,Rack_2,25,15,pepsi_med,0.914151132106781,178,256,207,340,192,298
frame_56,Rack_2,10,15,pepsi_med,0.9400781989097595,151,258,177,341,164,299
frame_56,Rack_2,16,15,pepsi_med,0.9249690175056458,126,259,151,340,138,299
frame_56,Rack_2,15,15,pepsi_med,0.9087316393852234,98,260,125,340,111,300
frame_56,Rack_2,55,13,kick_med,0.9072877168655396,67,262,97,340,82,301
frame_56,Rack_2,54,13,kick_med,0.8803010582923889,44,264,68,339,56,301
frame_56,Rack_2,63,13,kick_med,0.8767820000648499,18,266,44,339,31,302
frame_56,Rack_3,4,7,coke_z_big,0.9327700138092041,555,363,602,483,578,423
frame_56,Rack_3,5,7,coke_z_big,0.948549211025238,512,363,555,484,533,423
frame_56,Rack_3,3,7,coke_z_big,0.9409788250923157,471,364,511,484,491,424
frame_56,Rack_3,6,7,coke_z_big,0.9454172849655151,428,363,470,484,449,423
frame_56,Rack_3,27,5,coke_v_big,0.8881849050521851,389,364,427,484,408,424
frame_56,Rack_3,19,5,coke_v_big,0.9085049033164978,350,364,389,484,369,424
frame_56,Rack_3,17,5,coke_v_big,0.9220309257507324,313,363,349,481,331,422
frame_56,Rack_3,7,5,coke_v_big,0.9234508275985718,277,365,313,481,295,423
frame_56,Rack_3,2,5,coke_v_big,0.9046764373779297,239,366,277,483,258,424
frame_56,Rack_3,8,14,pepsi_big,0.9309006333351135,204,363,238,484,221,423
frame_56,Rack_3,11,14,pepsi_big,0.9176324605941772,172,362,205,484,188,423
frame_56,Rack_3,47,14,pepsi_big,0.9120017886161804,138,362,173,485,155,423
frame_56,Rack_3,38,10,fanta_grape_big,0.9261733889579773,98,363,139,483,118,423
frame_56,Rack_3,57,10,fanta_grape_big,0.7353689670562744,74,363,98,480,86,421
frame_56,Rack_3,67,12,fanta_straw_big,0.8710102438926697,9,363,46,471,27,417
frame_57,Rack_1,53,1,a&w_small,0.7995395064353943,606,147,632,203,619,175
frame_57,Rack_1,44,1,a&w_small,0.8181828856468201,580,148,606,204,593,176
frame_57,Rack_1,37,1,a&w_small,0.8762551546096802,549,148,578,207,563,177
frame_57,Rack_1,26,1,a&w_small,0.8885281085968018,518,148,546,210,532,179
frame_57,Rack_1,32,1,a&w_small,0.75528883934021,484,149,516,210,500,179
frame_57,Rack_1,29,1,a&w_small,0.7099655866622925,459,149,482,212,470,180
frame_57,Rack_1,43,4,coke_small,0.7787150144577026,433,149,458,214,445,181
frame_57,Rack_1,35,4,coke_small,0.8899074792861938,406,149,432,215,419,182
frame_57,Rack_1,45,4,coke_small,0.868644654750824,378,149,405,217,391,183
frame_57,Rack_1,50,4,coke_small,0.9058555364608765,353,149,378,218,365,183
frame_57,Rack_1,30,4,coke_small,0.8786782026290894,323,148,352,219,337,183
frame_57,Rack_1,42,17,sprite_small,0.8656595349311829,295,150,321,219,308,184
frame_57,Rack_1,24,17,sprite_small,0.7744642496109009,273,150,296,220,284,185
frame_57,Rack_1,34,17,sprite_small,0.8069887161254883,253,150,274,220,263,185
frame_57,Rack_1,36,17,sprite_small,0.8714659810066223,228,151,253,220,240,185
frame_57,Rack_1,31,8,dew_med,0.8387908339500427,201,148,224,223,212,185
frame_57,Rack_1,20,8,dew_med,0.8529719710350037,173,149,199,242,186,195
frame_57,Rack_1,13,8,dew_med,0.8677717447280884,146,151,172,243,159,197
frame_57,Rack_1,12,8,dew_med,0.8858100771903992,123,152,146,244,134,198
frame_57,Rack_1,18,8,dew_med,0.8991386890411377,100,156,123,244,111,200
frame_57,Rack_1,14,8,dew_med,0.8970195055007935,76,161,101,247,88,204
frame_57,Rack_1,49,8,dew_med,0.8288906812667847,48,159,76,248,62,203
frame_57,Rack_2,52,3,coke_med,0.6852766871452332,616,238,640,337,628,287
frame_57,Rack_2,40,3,coke_med,0.9062300324440002,583,253,617,337,600,295
frame_57,Rack_2,39,3,coke_med,0.8820982575416565,553,252,579,338,566,295
frame_57,Rack_2,46,3,coke_med,0.9073917269706726,521,251,552,339,536,295
frame_57,Rack_2,21,3,coke_med,0.9392356872558594,489,247,522,340,505,293
frame_57,Rack_2,56,6,coke_v_med,0.6464211940765381,459,246,491,340,475,293
frame_57,Rack_2,48,6,coke_v_med,0.7067906260490417,428,251,459,340,443,295
frame_57,Rack_2,33,6,coke_v_med,0.8134925961494446,398,251,429,341,413,296
frame_57,Rack_2,9,2,anw_med,0.9109159111976624,367,250,398,340,382,295
frame_57,Rack_2,23,2,anw_med,0.9032142758369446,335,251,367,340,351,295
frame_57,Rack_2,1,2,anw_med,0.8686132431030273,303,251,334,340,318,295
frame_57,Rack_2,28,2,anw_med,0.8988129496574402,274,252,304,340,289,296
frame_57,Rack_2,22,2,anw_med,0.9090292453765869,245,251,275,339,260,295
frame_57,Rack_2,41,15,pepsi_med,0.9102499485015869,209,257,235,340,222,298
frame_57,Rack_2,25,15,pepsi_med,0.9097729921340942,179,255,208,340,193,297
frame_57,Rack_2,10,15,pepsi_med,0.9211161136627197,153,257,179,340,166,298
frame_57,Rack_2,16,15,pepsi_med,0.9370586276054382,127,259,153,341,140,300
frame_57,Rack_2,15,15,pepsi_med,0.9010533094406128,99,259,127,340,113,299
frame_57,Rack_2,55,13,kick_med,0.9249192476272583,69,262,99,340,84,301
frame_57,Rack_2,54,13,kick_med,0.872667133808136,46,264,70,339,58,301
frame_57,Rack_2,63,13,kick_med,0.8618051409721375,20,265,45,339,32,302
frame_57,Rack_3,4,7,coke_z_big,0.9403020143508911,557,362,604,484,580,423
frame_57,Rack_3,5,7,coke_z_big,0.9449604749679565,514,363,557,484,535,423
frame_57,Rack_3,3,7,coke_z_big,0.9369732141494751,472,363,513,484,492,423
frame_57,Rack_3,6,7,coke_z_big,0.9371686577796936,430,363,472,484,451,423
frame_57,Rack_3,27,5,coke_v_big,0.8953959345817566,390,363,429,484,409,423
frame_57,Rack_3,19,5,coke_v_big,0.9080681204795837,351,363,390,484,370,423
frame_57,Rack_3,17,5,coke_v_big,0.9240529537200928,315,363,351,481,333,422
frame_57,Rack_3,7,5,coke_v_big,0.9261090755462646,278,365,315,481,296,423
frame_57,Rack_3,2,5,coke_v_big,0.891169011592865,241,366,278,483,259,424
frame_57,Rack_3,8,14,pepsi_big,0.9281864166259766,206,362,240,484,223,423
frame_57,Rack_3,11,14,pepsi_big,0.9267410635948181,173,361,206,484,189,422
frame_57,Rack_3,47,14,pepsi_big,0.9169580936431885,139,362,174,485,156,423
frame_57,Rack_3,38,10,fanta_grape_big,0.9362371563911438,99,362,141,484,120,423
frame_57,Rack_3,57,10,fanta_grape_big,0.6386440992355347,76,363,100,480,88,421
frame_57,Rack_3,67,12,fanta_straw_big,0.8672453165054321,10,362,48,470,29,416
frame_58,Rack_1,53,1,a&w_small,0.7743673324584961,609,147,634,203,621,175
frame_58,Rack_1,44,1,a&w_small,0.7446702718734741,582,148,608,204,595,176
frame_58,Rack_1,37,1,a&w_small,0.8663803935050964,551,148,580,206,565,177
frame_58,Rack_1,26,1,a&w_small,0.8768559098243713,520,148,548,209,534,178
frame_58,Rack_1,32,1,a&w_small,0.7926392555236816,486,150,518,210,502,180
frame_58,Rack_1,29,1,a&w_small,0.6954176425933838,461,150,484,212,472,181
frame_58,Rack_1,43,4,coke_small,0.7968779802322388,435,149,460,214,447,181
frame_58,Rack_1,35,4,coke_small,0.8838219046592712,408,149,434,215,421,182
frame_58,Rack_1,45,4,coke_small,0.8872268199920654,380,149,407,217,393,183
frame_58,Rack_1,50,4,coke_small,0.8425954580307007,354,149,380,218,367,183
frame_58,Rack_1,30,4,coke_small,0.8915625810623169,325,148,354,219,339,183
frame_58,Rack_1,42,17,sprite_small,0.8493545651435852,297,150,323,219,310,184
frame_58,Rack_1,24,17,sprite_small,0.8048549294471741,274,149,298,220,286,184
frame_58,Rack_1,34,17,sprite_small,0.8681086897850037,255,151,276,220,265,185
frame_58,Rack_1,36,17,sprite_small,0.819403886795044,230,150,256,220,243,185
frame_58,Rack_1,31,8,dew_med,0.8635879158973694,203,149,226,221,214,185
frame_58,Rack_1,20,8,dew_med,0.8439685702323914,175,149,200,242,187,195
frame_58,Rack_1,13,8,dew_med,0.8785771727561951,148,150,174,243,161,196
frame_58,Rack_1,12,8,dew_med,0.8999835252761841,124,152,147,244,135,198
frame_58,Rack_1,18,8,dew_med,0.8933034539222717,102,157,124,244,113,200
frame_58,Rack_1,14,8,dew_med,0.9004131555557251,77,161,102,247,89,204
frame_58,Rack_1,49,8,dew_med,0.8207930326461792,50,160,77,248,63,204
frame_58,Rack_2,52,3,coke_med,0.7464792132377625,619,245,640,336,629,290
frame_58,Rack_2,40,3,coke_med,0.8973209857940674,585,253,619,337,602,295
frame_58,Rack_2,39,3,coke_med,0.8852481842041016,555,252,582,338,568,295
frame_58,Rack_2,46,3,coke_med,0.910845935344696,523,252,554,339,538,295
frame_58,Rack_2,21,3,coke_med,0.9178662300109863,491,248,523,340,507,294
frame_58,Rack_2,56,6,coke_v_med,0.6495139598846436,461,246,493,340,477,293
frame_58,Rack_2,48,6,coke_v_med,0.8258060216903687,430,251,461,340,445,295
frame_58,Rack_2,33,6,coke_v_med,0.8485249876976013,400,250,431,341,415,295
frame_58,Rack_2,9,2,anw_med,0.9251572489738464,369,250,400,340,384,295
frame_58,Rack_2,23,2,anw_med,0.9168373346328735,336,250,368,340,352,295
frame_58,Rack_2,1,2,anw_med,0.88295578956604,305,251,336,340,320,295
frame_58,Rack_2,28,2,anw_med,0.8750287294387817,276,252,305,340,290,296
frame_58,Rack_2,22,2,anw_med,0.8690448999404907,247,250,277,339,262,294
frame_58,Rack_2,41,15,pepsi_med,0.9165922999382019,210,257,237,340,223,298
frame_58,Rack_2,25,15,pepsi_med,0.9091854691505432,181,255,210,340,195,297
frame_58,Rack_2,10,15,pepsi_med,0.9319941401481628,154,256,180,340,167,298
frame_58,Rack_2,16,15,pepsi_med,0.9332889318466187,129,258,154,341,141,299
frame_58,Rack_2,15,15,pepsi_med,0.9197496771812439,101,259,129,340,115,299
frame_58,Rack_2,55,13,kick_med,0.8911235928535461,70,262,100,340,85,301
frame_58,Rack_2,54,13,kick_med,0.8753938674926758,47,264,71,339,59,301
frame_58,Rack_2,63,13,kick_med,0.8750431537628174,21,265,47,339,34,302
frame_58,Rack_3,4,7,coke_z_big,0.94635009765625,559,362,607,485,583,423
frame_58,Rack_3,5,7,coke_z_big,0.9480055570602417,516,362,559,485,537,423
frame_58,Rack_3,3,7,coke_z_big,0.9439195990562439,474,363,515,485,494,424
frame_58,Rack_3,6,7,coke_z_big,0.9375849366188049,432,362,474,485,453,423
frame_58,Rack_3,27,5,coke_v_big,0.8956745862960815,392,362,431,485,411,423
frame_58,Rack_3,19,5,coke_v_big,0.8964865803718567,353,364,392,485,372,424
frame_58,Rack_3,17,5,coke_v_big,0.9371834397315979,317,363,352,481,334,422
frame_58,Rack_3,7,5,coke_v_big,0.9163528084754944,280,365,317,481,298,423
frame_58,Rack_3,2,5,coke_v_big,0.8960141539573669,242,366,280,484,261,425
frame_58,Rack_3,8,14,pepsi_big,0.9258500337600708,207,362,242,485,224,423
frame_58,Rack_3,11,14,pepsi_big,0.9283958673477173,175,361,208,485,191,423
frame_58,Rack_3,47,14,pepsi_big,0.9128953218460083,141,362,176,486,158,424
frame_58,Rack_3,38,10,fanta_grape_big,0.8895537257194519,101,362,142,485,121,423
frame_58,Rack_3,57,10,fanta_grape_big,0.6152917146682739,77,362,101,481,89,421
frame_58,Rack_3,67,12,fanta_straw_big,0.8151751756668091,11,362,50,470,30,416
frame_59,Rack_1,53,1,a&w_small,0.7782662510871887,611,147,636,204,623,175
frame_59,Rack_1,44,1,a&w_small,0.7597840428352356,585,148,610,205,597,176
frame_59,Rack_1,37,1,a&w_small,0.8561312556266785,553,148,582,206,567,177
frame_59,Rack_1,26,1,a&w_small,0.8668317198753357,522,149,550,209,536,179
frame_59,Rack_1,32,1,a&w_small,0.7680612802505493,488,149,520,210,504,179
frame_59,Rack_1,29,1,a&w_small,0.8031492233276367,463,149,486,212,474,180
frame_59,Rack_1,43,4,coke_small,0.8542428016662598,438,149,463,214,450,181
frame_59,Rack_1,35,4,coke_small,0.8904623985290527,410,149,436,216,423,182
frame_59,Rack_1,45,4,coke_small,0.8945872187614441,382,149,409,218,395,183
frame_59,Rack_1,50,4,coke_small,0.8589374423027039,356,149,382,219,369,184
frame_59,Rack_1,30,4,coke_small,0.9093739986419678,326,149,356,220,341,184
frame_59,Rack_1,42,17,sprite_small,0.8629711866378784,299,150,324,220,311,185
frame_59,Rack_1,24,17,sprite_small,0.8634373545646667,276,149,300,221,288,185
frame_59,Rack_1,34,17,sprite_small,0.886411726474762,256,151,277,220,266,185
frame_59,Rack_1,36,17,sprite_small,0.9011945128440857,232,151,257,220,244,185
frame_59,Rack_1,31,8,dew_med,0.8488208055496216,204,150,228,222,216,186
frame_59,Rack_1,20,8,dew_med,0.8615238666534424,176,149,202,242,189,195
frame_59,Rack_1,13,8,dew_med,0.9081125259399414,150,150,176,242,163,196
frame_59,Rack_1,12,8,dew_med,0.9030751585960388,126,153,149,243,137,198
frame_59,Rack_1,18,8,dew_med,0.8708311915397644,104,156,126,245,115,200
frame_59,Rack_1,14,8,dew_med,0.9108270406723022,79,162,104,247,91,204
frame_59,Rack_1,49,8,dew_med,0.7343872785568237,52,161,79,248,65,204
frame_59,Rack_2,52,3,coke_med,0.7204237580299377,621,244,640,336,630,290
frame_59,Rack_2,40,3,coke_med,0.8945160508155823,585,240,623,337,604,288
frame_59,Rack_2,39,3,coke_med,0.9076266884803772,557,252,584,338,570,295
frame_59,Rack_2,46,3,coke_med,0.8087654113769531,526,253,556,339,541,296
frame_59,Rack_2,21,3,coke_med,0.9234763383865356,494,249,526,340,510,294
frame_59,Rack_2,56,6,coke_v_med,0.7762448787689209,462,242,495,341,478,291
frame_59,Rack_2,48,6,coke_v_med,0.8114140629768372,432,250,463,340,447,295
frame_59,Rack_2,33,6,coke_v_med,0.7637292146682739,401,251,432,341,416,296
frame_59,Rack_2,9,2,anw_med,0.919274628162384,371,251,401,340,386,295
frame_59,Rack_2,23,2,anw_med,0.9321948289871216,338,251,370,340,354,295
frame_59,Rack_2,1,2,anw_med,0.8850852847099304,307,252,338,340,322,296
frame_59,Rack_2,28,2,anw_med,0.8971655964851379,278,252,307,339,292,295
frame_59,Rack_2,22,2,anw_med,0.8782886862754822,248,251,278,339,263,295
frame_59,Rack_2,41,15,pepsi_med,0.8785321712493896,214,258,240,339,227,298
frame_59,Rack_2,25,15,pepsi_med,0.9106749892234802,183,256,212,340,197,298
frame_59,Rack_2,10,15,pepsi_med,0.9279766082763672,156,256,182,340,169,298
frame_59,Rack_2,16,15,pepsi_med,0.9330469369888306,130,258,156,340,143,299
frame_59,Rack_2,15,15,pepsi_med,0.9108136296272278,103,259,130,340,116,299
frame_59,Rack_2,55,13,kick_med,0.8871814012527466,72,262,102,340,87,301
frame_59,Rack_2,54,13,kick_med,0.9137707352638245,48,263,73,340,60,301
frame_59,Rack_2,63,13,kick_med,0.8485264778137207,23,266,48,339,35,302
frame_59,Rack_3,4,7,coke_z_big,0.9300847053527832,561,362,609,486,585,424
frame_59,Rack_3,5,7,coke_z_big,0.9458832144737244,517,362,561,486,539,424
frame_59,Rack_3,3,7,coke_z_big,0.939342737197876,476,363,517,486,496,424
frame_59,Rack_3,6,7,coke_z_big,0.9327911734580994,433,362,476,486,454,424
frame_59,Rack_3,27,5,coke_v_big,0.9095523953437805,394,362,433,486,413,424
frame_59,Rack_3,19,5,coke_v_big,0.889178991317749,354,363,394,486,374,424
frame_59,Rack_3,17,5,coke_v_big,0.9449496269226074,318,363,354,481,336,422
frame_59,Rack_3,7,5,coke_v_big,0.9263478517532349,281,365,318,482,299,423
frame_59,Rack_3,2,5,coke_v_big,0.9038478136062622,244,366,282,486,263,426
frame_59,Rack_3,8,14,pepsi_big,0.8992571830749512,209,362,244,486,226,424
frame_59,Rack_3,11,14,pepsi_big,0.8871307373046875,177,361,211,486,194,423
frame_59,Rack_3,47,14,pepsi_big,0.9278632998466492,143,362,178,487,160,424
frame_59,Rack_3,38,10,fanta_grape_big,0.9035068154335022,102,362,144,486,123,424
frame_59,Rack_3,57,10,fanta_grape_big,0.7756905555725098,79,362,103,482,91,422
frame_59,Rack_3,67,12,fanta_straw_big,0.8647147417068481,13,362,51,471,32,416
frame_60,Rack_1,44,1,a&w_small,0.7494634389877319,587,148,613,205,600,176
frame_60,Rack_1,37,1,a&w_small,0.7207386493682861,556,148,585,207,570,177
frame_60,Rack_1,26,1,a&w_small,0.7819410562515259,525,149,553,210,539,179
frame_60,Rack_1,32,1,a&w_small,0.5645011067390442,491,150,522,211,506,180
frame_60,Rack_1,72,4,coke_small,0.7918304800987244,466,150,488,212,477,181
frame_60,Rack_1,43,4,coke_small,0.8830966353416443,439,149,465,214,452,181
frame_60,Rack_1,35,4,coke_small,0.8898811340332031,412,149,438,216,425,182
frame_60,Rack_1,45,4,coke_small,0.8827414512634277,385,149,412,218,398,183
frame_60,Rack_1,50,4,coke_small,0.8928534984588623,358,148,384,219,371,183
frame_60,Rack_1,30,4,coke_small,0.9101651310920715,328,149,358,219,343,184
frame_60,Rack_1,42,17,sprite_small,0.8698188066482544,301,150,327,219,314,184
frame_60,Rack_1,24,17,sprite_small,0.8471255302429199,279,149,302,220,290,184
frame_60,Rack_1,34,17,sprite_small,0.7894469499588013,258,151,280,220,269,185
frame_60,Rack_1,36,17,sprite_small,0.7265353202819824,234,151,259,220,246,185
frame_60,Rack_1,31,8,dew_med,0.8437889218330383,206,150,230,220,218,185
frame_60,Rack_1,20,8,dew_med,0.8324258923530579,178,150,204,242,191,196
frame_60,Rack_1,13,8,dew_med,0.8859216570854187,151,150,177,242,164,196
frame_60,Rack_1,12,8,dew_med,0.8850023150444031,127,152,150,244,138,198
frame_60,Rack_1,18,8,dew_med,0.8318794965744019,105,156,127,244,116,200
frame_60,Rack_1,14,8,dew_med,0.8799756169319153,80,161,105,246,92,203
frame_60,Rack_2,40,3,coke_med,0.9210551977157593,589,249,625,337,607,293
frame_60,Rack_2,39,3,coke_med,0.8828161358833313,559,253,586,338,572,295
frame_60,Rack_2,46,3,coke_med,0.8203228712081909,528,254,558,339,543,296
frame_60,Rack_2,21,3,coke_med,0.8888023495674133,496,249,528,340,512,294
frame_60,Rack_2,56,6,coke_v_med,0.5055503845214844,465,240,498,341,481,290
frame_60,Rack_2,48,6,coke_v_med,0.7289925813674927,435,250,466,341,450,295
frame_60,Rack_2,33,6,coke_v_med,0.7567566633224487,404,250,435,341,419,295
frame_60,Rack_2,9,2,anw_med,0.9306758642196655,373,250,404,341,388,295
frame_60,Rack_2,23,2,anw_med,0.9227532744407654,340,251,372,340,356,295
frame_60,Rack_2,1,2,anw_med,0.8998159766197205,308,252,339,340,323,296
frame_60,Rack_2,28,2,anw_med,0.8753244280815125,280,252,309,340,294,296
frame_60,Rack_2,22,2,anw_med,0.8898332118988037,250,252,280,339,265,295
frame_60,Rack_2,41,15,pepsi_med,0.8516689538955688,215,257,242,340,228,298
frame_60,Rack_2,25,15,pepsi_med,0.9121562838554382,185,257,214,340,199,298
frame_60,Rack_2,10,15,pepsi_med,0.9241284728050232,157,256,183,340,170,298
frame_60,Rack_2,16,15,pepsi_med,0.9148155450820923,132,258,157,340,144,299
frame_60,Rack_2,15,15,pepsi_med,0.9321227669715881,104,260,132,340,118,300
frame_60,Rack_2,55,13,kick_med,0.8346551656723022,74,263,103,340,88,301
frame_60,Rack_2,54,13,kick_med,0.8185009956359863,50,264,74,340,62,302
frame_60,Rack_2,63,13,kick_med,0.6300814151763916,24,267,50,339,37,303
frame_60,Rack_3,4,7,coke_z_big,0.9287469983100891,563,361,611,484,587,422
frame_60,Rack_3,5,7,coke_z_big,0.9398550987243652,520,361,563,485,541,423
frame_60,Rack_3,3,7,coke_z_big,0.9486043453216553,478,362,519,485,498,423
frame_60,Rack_3,6,7,coke_z_big,0.9463065266609192,436,362,478,485,457,423
frame_60,Rack_3,27,5,coke_v_big,0.9176825881004333,396,362,435,485,415,423
frame_60,Rack_3,19,5,coke_v_big,0.9105927348136902,356,363,396,485,376,424
frame_60,Rack_3,17,5,coke_v_big,0.927163302898407,320,362,356,481,338,421
frame_60,Rack_3,7,5,coke_v_big,0.9308132529258728,283,364,320,481,301,422
frame_60,Rack_3,2,5,coke_v_big,0.901596188545227,246,366,283,484,264,425
frame_60,Rack_3,8,14,pepsi_big,0.912057638168335,211,362,246,486,228,424
frame_60,Rack_3,11,14,pepsi_big,0.9107494354248047,179,362,212,485,195,423
frame_60,Rack_3,47,14,pepsi_big,0.9293848276138306,144,362,179,485,161,423
frame_60,Rack_3,38,10,fanta_grape_big,0.897466242313385,105,363,145,485,125,424
frame_60,Rack_3,57,10,fanta_grape_big,0.7507007718086243,81,362,105,481,93,421
frame_60,Rack_3,73,10,fanta_grape_big,0.5902813673019409,53,363,80,474,66,418
frame_60,Rack_3,67,12,fanta_straw_big,0.8818188905715942,15,362,53,470,34,416
frame_61,Rack_1,53,1,a&w_small,0.6409115791320801,614,148,638,204,626,176
frame_61,Rack_1,44,1,a&w_small,0.7052478790283203,590,148,616,205,603,176
frame_61,Rack_1,37,1,a&w_small,0.7302440404891968,559,148,588,207,573,177
frame_61,Rack_1,26,1,a&w_small,0.866929829120636,527,149,556,210,541,179
frame_61,Rack_1,32,1,a&w_small,0.7135337591171265,494,150,526,210,510,180
frame_61,Rack_1,72,4,coke_small,0.5053485035896301,469,150,492,212,480,181
frame_61,Rack_1,43,4,coke_small,0.8758307695388794,442,149,467,214,454,181
frame_61,Rack_1,35,4,coke_small,0.9188029170036316,415,149,441,216,428,182
frame_61,Rack_1,45,4,coke_small,0.8778768181800842,387,149,414,218,400,183
frame_61,Rack_1,50,4,coke_small,0.893354058265686,360,148,386,219,373,183
frame_61,Rack_1,30,4,coke_small,0.9133568406105042,331,149,360,219,345,184
frame_61,Rack_1,42,17,sprite_small,0.8729245662689209,304,150,329,219,316,184
frame_61,Rack_1,24,17,sprite_small,0.8546428680419922,281,149,305,219,293,184
frame_61,Rack_1,34,17,sprite_small,0.8912950754165649,261,151,282,219,271,185
frame_61,Rack_1,36,17,sprite_small,0.8466668725013733,236,150,262,220,249,185
frame_61,Rack_1,31,8,dew_med,0.7724536061286926,209,149,233,221,221,185
frame_61,Rack_1,20,8,dew_med,0.8638254404067993,181,149,206,241,193,195
frame_61,Rack_1,13,8,dew_med,0.8825660943984985,154,150,180,242,167,196
frame_61,Rack_1,12,8,dew_med,0.8700369000434875,129,152,153,243,141,197
frame_61,Rack_1,18,8,dew_med,0.8059812784194946,107,154,129,244,118,199
frame_61,Rack_1,14,8,dew_med,0.9218305349349976,82,159,108,245,95,202
frame_61,Rack_2,40,3,coke_med,0.8837880492210388,591,234,632,338,611,286
frame_61,Rack_2,39,3,coke_med,0.7874107360839844,561,247,590,338,575,292
frame_61,Rack_2,46,3,coke_med,0.8698607087135315,531,255,560,339,545,297
frame_61,Rack_2,21,3,coke_med,0.8822935819625854,500,254,530,340,515,297
frame_61,Rack_2,56,6,coke_v_med,0.8328786492347717,469,251,499,340,484,295
frame_61,Rack_2,33,6,coke_v_med,0.701485276222229,407,254,437,341,422,297
frame_61,Rack_2,9,2,anw_med,0.8645372986793518,376,254,406,340,391,297
frame_61,Rack_2,23,2,anw_med,0.8695584535598755,343,253,374,340,358,296
frame_61,Rack_2,1,2,anw_med,0.8115584850311279,311,253,342,340,326,296
frame_61,Rack_2,28,2,anw_med,0.7908952236175537,282,253,311,340,296,296
frame_61,Rack_2,22,2,anw_med,0.8730651140213013,252,255,281,339,266,297
frame_61,Rack_2,41,15,pepsi_med,0.9168229103088379,217,258,244,339,230,298
frame_61,Rack_2,25,15,pepsi_med,0.9157413244247437,187,256,215,340,201,298
frame_61,Rack_2,10,15,pepsi_med,0.9366151094436646,159,257,185,340,172,298
frame_61,Rack_2,16,15,pepsi_med,0.9055546522140503,134,259,159,340,146,299
frame_61,Rack_2,15,15,pepsi_med,0.9265933632850647,106,260,133,340,119,300
frame_61,Rack_2,55,13,kick_med,0.7660156488418579,76,263,105,340,90,301
frame_61,Rack_2,54,13,kick_med,0.7570651173591614,52,265,76,340,64,302
frame_61,Rack_2,63,13,kick_med,0.5175382494926453,24,267,50,339,37,303
frame_61,Rack_3,4,7,coke_z_big,0.9436967372894287,566,361,613,483,589,422
frame_61,Rack_3,5,7,coke_z_big,0.9537109732627869,523,361,566,484,544,422
frame_61,Rack_3,3,7,coke_z_big,0.9404706358909607,481,362,522,484,501,423
frame_61,Rack_3,6,7,coke_z_big,0.9540446996688843,438,362,480,484,459,423
frame_61,Rack_3,27,5,coke_v_big,0.9085085391998291,398,362,437,484,417,423
frame_61,Rack_3,19,5,coke_v_big,0.9185834527015686,358,363,398,484,378,423
frame_61,Rack_3,17,5,coke_v_big,0.9202302098274231,322,362,358,482,340,422
frame_61,Rack_3,7,5,coke_v_big,0.9325935244560242,285,364,322,480,303,422
frame_61,Rack_3,2,5,coke_v_big,0.9088864326477051,248,366,285,483,266,424
frame_61,Rack_3,8,14,pepsi_big,0.9266396164894104,213,362,247,484,230,423
frame_61,Rack_3,11,14,pepsi_big,0.9294853210449219,181,362,214,484,197,423
frame_61,Rack_3,47,14,pepsi_big,0.9362074732780457,147,362,182,484,164,423
frame_61,Rack_3,38,10,fanta_grape_big,0.9146752953529358,106,363,147,484,126,423
frame_61,Rack_3,57,10,fanta_grape_big,0.7436959147453308,83,362,107,481,95,421
frame_61,Rack_3,73,10,fanta_grape_big,0.6628344058990479,55,362,82,475,68,418
frame_61,Rack_3,67,12,fanta_straw_big,0.8902767896652222,17,362,55,470,36,416
frame_62,Rack_1,44,1,a&w_small,0.7630252242088318,593,148,619,205,606,176
frame_62,Rack_1,37,1,a&w_small,0.7130903005599976,561,148,591,207,576,177
frame_62,Rack_1,26,1,a&w_small,0.8550082445144653,530,149,559,210,544,179
frame_62,Rack_1,32,1,a&w_small,0.7342029213905334,496,150,529,211,512,180
frame_62,Rack_1,43,4,coke_small,0.8789592981338501,444,149,470,214,457,181
frame_62,Rack_1,35,4,coke_small,0.83574378490448,418,149,444,215,431,182
frame_62,Rack_1,45,4,coke_small,0.8850131630897522,389,149,416,217,402,183
frame_62,Rack_1,50,4,coke_small,0.8540499806404114,363,149,389,219,376,184
frame_62,Rack_1,30,4,coke_small,0.9023689031600952,334,149,363,220,348,184
frame_62,Rack_1,42,17,sprite_small,0.8872465491294861,306,150,332,220,319,185
frame_62,Rack_1,24,17,sprite_small,0.8659507036209106,284,150,307,220,295,185
frame_62,Rack_1,34,17,sprite_small,0.9018552899360657,263,151,285,220,274,185
frame_62,Rack_1,36,17,sprite_small,0.8551498055458069,238,151,264,221,251,186
frame_62,Rack_1,31,8,dew_med,0.8046355247497559,210,150,236,226,223,188
frame_62,Rack_1,20,8,dew_med,0.8633493781089783,183,149,208,242,195,195
frame_62,Rack_1,13,8,dew_med,0.8759011626243591,156,151,182,243,169,197
frame_62,Rack_1,12,8,dew_med,0.883679986000061,132,152,155,243,143,197
frame_62,Rack_1,18,8,dew_med,0.8905510306358337,110,155,132,244,121,199
frame_62,Rack_1,14,8,dew_med,0.924648106098175,85,159,110,245,97,202
frame_62,Rack_2,40,3,coke_med,0.8591135144233704,591,229,634,338,612,283
frame_62,Rack_2,39,3,coke_med,0.8258649706840515,564,251,592,338,578,294
frame_62,Rack_2,46,3,coke_med,0.8639724254608154,534,258,563,339,548,298
frame_62,Rack_2,21,3,coke_med,0.8923838138580322,503,257,532,340,517,298
frame_62,Rack_2,56,6,coke_v_med,0.8583959341049194,473,257,501,340,487,298
frame_62,Rack_2,33,6,coke_v_med,0.7869789004325867,410,257,439,340,424,298
frame_62,Rack_2,9,2,anw_med,0.9108259677886963,378,256,408,340,393,298
frame_62,Rack_2,23,2,anw_med,0.8776788711547852,345,255,376,340,360,297
frame_62,Rack_2,1,2,anw_med,0.8173402547836304,314,254,344,340,329,297
frame_62,Rack_2,28,2,anw_med,0.8220958113670349,284,255,313,340,298,297
frame_62,Rack_2,22,2,anw_med,0.8626722097396851,255,257,283,339,269,298
frame_62,Rack_2,41,15,pepsi_med,0.9074041843414307,219,259,246,340,232,299
frame_62,Rack_2,25,15,pepsi_med,0.9158926010131836,189,257,217,340,203,298
frame_62,Rack_2,10,15,pepsi_med,0.9229293465614319,161,257,187,341,174,299
frame_62,Rack_2,16,15,pepsi_med,0.9233771562576294,136,259,161,340,148,299
frame_62,Rack_2,15,15,pepsi_med,0.9175150394439697,108,260,136,340,122,300
frame_62,Rack_2,55,13,kick_med,0.70237135887146,78,264,107,340,92,302
frame_62,Rack_2,54,13,kick_med,0.8170963525772095,55,266,78,340,66,303
frame_62,Rack_2,63,13,kick_med,0.773338258266449,28,268,54,340,41,304
frame_62,Rack_3,4,7,coke_z_big,0.9372842907905579,568,361,615,484,591,422
frame_62,Rack_3,5,7,coke_z_big,0.9605904817581177,525,361,568,485,546,423
frame_62,Rack_3,3,7,coke_z_big,0.9334589242935181,483,362,524,485,503,423
frame_62,Rack_3,6,7,coke_z_big,0.9361705780029297,440,362,482,485,461,423
frame_62,Rack_3,27,5,coke_v_big,0.8956924080848694,400,363,439,485,419,424
frame_62,Rack_3,19,5,coke_v_big,0.9287464618682861,360,363,400,485,380,424
frame_62,Rack_3,17,5,coke_v_big,0.9289742708206177,324,363,360,482,342,422
frame_62,Rack_3,7,5,coke_v_big,0.9394458532333374,287,364,324,480,305,422
frame_62,Rack_3,2,5,coke_v_big,0.9310662746429443,249,365,287,484,268,424
frame_62,Rack_3,8,14,pepsi_big,0.9260222911834717,215,362,249,485,232,423
frame_62,Rack_3,11,14,pepsi_big,0.9143491983413696,183,361,216,484,199,422
frame_62,Rack_3,47,14,pepsi_big,0.9155088663101196,149,361,184,484,166,422
frame_62,Rack_3,38,10,fanta_grape_big,0.9243815541267395,108,363,149,484,128,423
frame_62,Rack_3,57,10,fanta_grape_big,0.7906015515327454,85,362,109,481,97,421
frame_62,Rack_3,67,12,fanta_straw_big,0.9055641889572144,19,362,58,471,38,416
frame_63,Rack_1,53,1,a&w_small,0.5806026458740234,619,147,640,204,629,175
frame_63,Rack_1,44,1,a&w_small,0.849210798740387,595,148,621,206,608,177
frame_63,Rack_1,37,1,a&w_small,0.7927924990653992,564,148,594,207,579,177
frame_63,Rack_1,26,1,a&w_small,0.8411428928375244,533,149,562,210,547,179
frame_63,Rack_1,32,1,a&w_small,0.8122134804725647,500,150,532,211,516,180
frame_63,Rack_1,43,4,coke_small,0.8955767750740051,447,149,472,214,459,181
frame_63,Rack_1,35,4,coke_small,0.9065636992454529,420,149,446,215,433,182
frame_63,Rack_1,45,4,coke_small,0.849785327911377,392,149,419,217,405,183
frame_63,Rack_1,50,4,coke_small,0.9153985381126404,365,149,391,219,378,184
frame_63,Rack_1,30,4,coke_small,0.9091092348098755,337,149,366,220,351,184
frame_63,Rack_1,42,17,sprite_small,0.8777657747268677,308,150,334,220,321,185
frame_63,Rack_1,24,17,sprite_small,0.8928640484809875,286,150,310,221,298,185
frame_63,Rack_1,34,17,sprite_small,0.8717148900032043,265,151,287,220,276,185
frame_63,Rack_1,36,17,sprite_small,0.8496584892272949,240,150,267,221,253,185
frame_63,Rack_1,31,8,dew_med,0.8313876986503601,211,149,240,234,225,191
frame_63,Rack_1,20,8,dew_med,0.8914669752120972,185,149,211,242,198,195
frame_63,Rack_1,13,8,dew_med,0.905745804309845,158,151,184,243,171,197
frame_63,Rack_1,12,8,dew_med,0.9016897082328796,134,153,158,244,146,198
frame_63,Rack_1,18,8,dew_med,0.8473478555679321,112,157,134,244,123,200
frame_63,Rack_1,14,8,dew_med,0.8926132321357727,88,160,113,246,100,203
frame_63,Rack_1,49,8,dew_med,0.7297708988189697,60,159,87,247,73,203
frame_63,Rack_2,40,3,coke_med,0.9437573552131653,591,228,634,339,612,283
frame_63,Rack_2,39,3,coke_med,0.8405232429504395,565,238,596,339,580,288
frame_63,Rack_2,46,3,coke_med,0.814225435256958,535,245,567,340,551,292
frame_63,Rack_2,21,3,coke_med,0.8740623593330383,504,250,536,340,520,295
frame_63,Rack_2,56,6,coke_v_med,0.8548325896263123,473,243,505,341,489,292
frame_63,Rack_2,48,6,coke_v_med,0.560765266418457,443,259,472,341,457,300
frame_63,Rack_2,33,6,coke_v_med,0.7059078216552734,412,257,441,341,426,299
frame_63,Rack_2,9,2,anw_med,0.8748263716697693,381,257,410,341,395,299
frame_63,Rack_2,23,2,anw_med,0.8941023945808411,348,258,378,341,363,299
frame_63,Rack_2,1,2,anw_med,0.874301552772522,316,258,345,340,330,299
frame_63,Rack_2,28,2,anw_med,0.8468844294548035,287,258,314,340,300,299
frame_63,Rack_2,22,2,anw_med,0.9007459878921509,257,259,285,340,271,299
frame_63,Rack_2,41,15,pepsi_med,0.8923689126968384,221,260,247,340,234,300
frame_63,Rack_2,25,15,pepsi_med,0.9001785516738892,191,258,220,340,205,299
frame_63,Rack_2,10,15,pepsi_med,0.9120284914970398,164,258,190,341,177,299
frame_63,Rack_2,16,15,pepsi_med,0.9000266194343567,139,261,164,341,151,301
frame_63,Rack_2,15,15,pepsi_med,0.9173123836517334,111,260,138,340,124,300
frame_63,Rack_2,55,13,kick_med,0.7576767206192017,81,264,110,340,95,302
frame_63,Rack_2,54,13,kick_med,0.8817220330238342,57,266,81,340,69,303
frame_63,Rack_2,63,13,kick_med,0.854673445224762,31,268,57,340,44,304
frame_63,Rack_2,74,13,kick_med,0.7822265625,9,268,30,340,19,304
frame_63,Rack_3,4,7,coke_z_big,0.951069712638855,571,363,617,484,594,423
frame_63,Rack_3,5,7,coke_z_big,0.9469791054725647,528,363,570,485,549,424
frame_63,Rack_3,3,7,coke_z_big,0.9503681659698486,486,364,526,485,506,424
frame_63,Rack_3,6,7,coke_z_big,0.9489355087280273,443,363,484,485,463,424
frame_63,Rack_3,27,5,coke_v_big,0.8647383451461792,403,364,441,485,422,424
frame_63,Rack_3,19,5,coke_v_big,0.9112868905067444,363,364,402,485,382,424
frame_63,Rack_3,17,5,coke_v_big,0.9140254855155945,326,364,362,482,344,423
frame_63,Rack_3,7,5,coke_v_big,0.9232814908027649,289,365,326,481,307,423
frame_63,Rack_3,2,5,coke_v_big,0.9398024678230286,252,365,289,484,270,424
frame_63,Rack_3,8,14,pepsi_big,0.9136195182800293,217,363,251,485,234,424
frame_63,Rack_3,11,14,pepsi_big,0.9035323262214661,185,363,218,484,201,423
frame_63,Rack_3,47,14,pepsi_big,0.9091616272926331,151,363,185,485,168,424
frame_63,Rack_3,38,10,fanta_grape_big,0.9273353815078735,111,363,151,484,131,423
frame_63,Rack_3,57,10,fanta_grape_big,0.8309537172317505,87,363,111,480,99,421
frame_63,Rack_3,67,12,fanta_straw_big,0.9260808825492859,22,363,60,471,41,417
frame_64,Rack_1,44,1,a&w_small,0.8565037250518799,598,148,624,206,611,177
frame_64,Rack_1,37,1,a&w_small,0.8447831273078918,567,148,597,208,582,178
frame_64,Rack_1,26,1,a&w_small,0.8931823372840881,535,149,565,211,550,180
frame_64,Rack_1,32,1,a&w_small,0.8569160103797913,502,150,535,212,518,181
frame_64,Rack_1,29,1,a&w_small,0.7966005802154541,476,150,500,213,488,181
frame_64,Rack_1,43,4,coke_small,0.8488073945045471,449,150,475,214,462,182
frame_64,Rack_1,35,4,coke_small,0.900800347328186,422,149,448,216,435,182
frame_64,Rack_1,45,4,coke_small,0.8998911380767822,393,149,421,218,407,183
frame_64,Rack_1,50,4,coke_small,0.9271751642227173,368,149,394,219,381,184
frame_64,Rack_1,30,4,coke_small,0.8838893175125122,339,149,368,220,353,184
frame_64,Rack_1,42,17,sprite_small,0.8688730597496033,311,150,336,220,323,185
frame_64,Rack_1,24,17,sprite_small,0.8630199432373047,288,150,312,221,300,185
frame_64,Rack_1,34,17,sprite_small,0.8940247893333435,268,151,289,221,278,186
frame_64,Rack_1,36,17,sprite_small,0.8445349931716919,243,150,269,221,256,185
frame_64,Rack_1,31,8,dew_med,0.8723064064979553,212,149,242,239,227,194
frame_64,Rack_1,20,8,dew_med,0.9016260504722595,187,149,213,243,200,196
frame_64,Rack_1,13,8,dew_med,0.8674865365028381,160,151,187,244,173,197
frame_64,Rack_1,12,8,dew_med,0.8808978796005249,137,153,160,245,148,199
frame_64,Rack_1,18,8,dew_med,0.8897424936294556,115,158,136,245,125,201
frame_64,Rack_1,14,8,dew_med,0.8972986340522766,90,161,115,247,102,204
frame_64,Rack_2,40,3,coke_med,0.9077972173690796,593,227,636,339,614,283
frame_64,Rack_2,39,3,coke_med,0.7956871390342712,568,242,598,340,583,291
frame_64,Rack_2,46,3,coke_med,0.8055126667022705,538,254,568,340,553,297
frame_64,Rack_2,21,3,coke_med,0.9038387537002563,507,256,537,341,522,298
frame_64,Rack_2,56,6,coke_v_med,0.5084773302078247,476,253,506,342,491,297
frame_64,Rack_2,48,6,coke_v_med,0.7339670658111572,445,256,475,342,460,299
frame_64,Rack_2,33,6,coke_v_med,0.7673609256744385,413,256,444,343,428,299
frame_64,Rack_2,9,2,anw_med,0.8830773830413818,383,259,412,342,397,300
frame_64,Rack_2,23,2,anw_med,0.899940013885498,350,259,380,342,365,300
frame_64,Rack_2,1,2,anw_med,0.844307005405426,318,259,347,341,332,300
frame_64,Rack_2,28,2,anw_med,0.8812217712402344,289,260,316,341,302,300
frame_64,Rack_2,22,2,anw_med,0.9075669646263123,260,260,287,340,273,300
frame_64,Rack_2,41,15,pepsi_med,0.8886773586273193,222,261,248,340,235,300
frame_64,Rack_2,25,15,pepsi_med,0.9037325382232666,193,259,221,341,207,300
frame_64,Rack_2,10,15,pepsi_med,0.8981589674949646,166,260,192,342,179,301
frame_64,Rack_2,16,15,pepsi_med,0.8861593008041382,141,261,166,342,153,301
frame_64,Rack_2,15,15,pepsi_med,0.9013522863388062,113,260,140,341,126,300
frame_64,Rack_2,55,13,kick_med,0.6480441093444824,83,264,112,341,97,302
frame_64,Rack_2,54,13,kick_med,0.8159671425819397,59,266,83,341,71,303
frame_64,Rack_2,63,13,kick_med,0.7371500134468079,33,267,59,341,46,304
frame_64,Rack_2,74,13,kick_med,0.7432579398155212,9,267,31,341,20,304
frame_64,Rack_2,75,13,kick_med,0.5170422196388245,0,266,6,345,3,305
frame_64,Rack_3,4,7,coke_z_big,0.934840202331543,573,364,619,485,596,424
frame_64,Rack_3,5,7,coke_z_big,0.9410333037376404,530,364,573,485,551,424
frame_64,Rack_3,3,7,coke_z_big,0.9480480551719666,488,365,528,485,508,425
frame_64,Rack_3,6,7,coke_z_big,0.9558440446853638,445,364,486,485,465,424
frame_64,Rack_3,27,5,coke_v_big,0.8594805002212524,405,365,443,486,424,425
frame_64,Rack_3,19,5,coke_v_big,0.9075924158096313,365,365,404,485,384,425
frame_64,Rack_3,17,5,coke_v_big,0.9117923378944397,328,365,364,483,346,424
frame_64,Rack_3,7,5,coke_v_big,0.9210875630378723,291,366,328,482,309,424
frame_64,Rack_3,2,5,coke_v_big,0.9228800535202026,253,366,291,484,272,425
frame_64,Rack_3,8,14,pepsi_big,0.9208613634109497,219,364,253,485,236,424
frame_64,Rack_3,11,14,pepsi_big,0.9083595871925354,187,364,219,485,203,424
frame_64,Rack_3,47,14,pepsi_big,0.9108710885047913,152,363,186,485,169,424
frame_64,Rack_3,38,10,fanta_grape_big,0.9311438798904419,113,364,153,485,133,424
frame_64,Rack_3,57,10,fanta_grape_big,0.8507959246635437,89,364,113,480,101,422
frame_64,Rack_3,67,12,fanta_straw_big,0.9303691983222961,23,364,62,471,42,417
frame_65,Rack_1,44,1,a&w_small,0.7608435153961182,600,148,626,207,613,177
frame_65,Rack_1,37,1,a&w_small,0.825103759765625,569,148,599,208,584,178
frame_65,Rack_1,26,1,a&w_small,0.8538525700569153,537,149,566,211,551,180
frame_65,Rack_1,32,1,a&w_small,0.7745720744132996,504,150,537,213,520,181
frame_65,Rack_1,29,1,a&w_small,0.5214157104492188,478,150,502,214,490,182
frame_65,Rack_1,43,4,coke_small,0.833142101764679,451,150,477,215,464,182
frame_65,Rack_1,35,4,coke_small,0.8761383891105652,424,149,450,216,437,182
frame_65,Rack_1,45,4,coke_small,0.9126975536346436,395,149,423,219,409,184
frame_65,Rack_1,50,4,coke_small,0.9165722727775574,369,150,395,220,382,185
frame_65,Rack_1,30,4,coke_small,0.8775191307067871,341,149,370,220,355,184
frame_65,Rack_1,42,17,sprite_small,0.8307769298553467,312,150,338,220,325,185
frame_65,Rack_1,24,17,sprite_small,0.8232614994049072,290,150,314,221,302,185
frame_65,Rack_1,34,17,sprite_small,0.9127647876739502,269,151,291,221,280,186
frame_65,Rack_1,36,17,sprite_small,0.8892558813095093,245,150,271,221,258,185
frame_65,Rack_1,31,8,dew_med,0.858910322189331,214,149,244,241,229,195
frame_65,Rack_1,20,8,dew_med,0.8973997831344604,189,149,215,243,202,196
frame_65,Rack_1,13,8,dew_med,0.8662417531013489,162,151,188,244,175,197
frame_65,Rack_1,12,8,dew_med,0.894656240940094,139,153,162,245,150,199
frame_65,Rack_1,18,8,dew_med,0.8726622462272644,117,158,138,245,127,201
frame_65,Rack_1,14,8,dew_med,0.8922975659370422,92,162,117,247,104,204
frame_65,Rack_2,40,3,coke_med,0.8349994421005249,593,228,635,340,614,284
frame_65,Rack_2,39,3,coke_med,0.8503890037536621,569,238,600,340,584,289
frame_65,Rack_2,46,3,coke_med,0.7358642816543579,539,250,571,341,555,295
frame_65,Rack_2,21,3,coke_med,0.8768404126167297,508,248,540,341,524,294
frame_65,Rack_2,56,6,coke_v_med,0.6779056787490845,476,240,510,342,493,291
frame_65,Rack_2,48,6,coke_v_med,0.7823500633239746,445,245,479,343,462,294
frame_65,Rack_2,33,6,coke_v_med,0.6713473200798035,414,249,447,344,430,296
frame_65,Rack_2,9,2,anw_med,0.9180123805999756,384,256,414,343,399,299
frame_65,Rack_2,23,2,anw_med,0.8996005654335022,352,260,382,343,367,301
frame_65,Rack_2,1,2,anw_med,0.8952181935310364,320,260,349,341,334,300
frame_65,Rack_2,28,2,anw_med,0.8818390965461731,291,260,318,341,304,300
frame_65,Rack_2,22,2,anw_med,0.9100010395050049,261,261,289,340,275,300
frame_65,Rack_2,41,15,pepsi_med,0.8694608807563782,224,261,250,341,237,301
frame_65,Rack_2,25,15,pepsi_med,0.8856862187385559,195,260,222,341,208,300
frame_65,Rack_2,10,15,pepsi_med,0.9204132556915283,168,260,193,342,180,301
frame_65,Rack_2,16,15,pepsi_med,0.8973248600959778,142,261,167,342,154,301
frame_65,Rack_2,15,15,pepsi_med,0.9053785800933838,114,261,142,341,128,301
frame_65,Rack_2,55,13,kick_med,0.5099338293075562,84,264,114,341,99,302
frame_65,Rack_2,54,13,kick_med,0.7888194918632507,61,266,85,341,73,303
frame_65,Rack_2,63,13,kick_med,0.6275106072425842,35,268,61,341,48,304
frame_65,Rack_2,74,13,kick_med,0.6056498885154724,12,269,33,341,22,305
frame_65,Rack_2,75,13,kick_med,0.7223694324493408,1,266,8,345,4,305
frame_65,Rack_3,4,7,coke_z_big,0.9482777118682861,575,364,621,485,598,424
frame_65,Rack_3,5,7,coke_z_big,0.936856746673584,532,364,575,485,553,424
frame_65,Rack_3,3,7,coke_z_big,0.9486087560653687,490,366,530,486,510,426
frame_65,Rack_3,6,7,coke_z_big,0.9434597492218018,446,365,488,486,467,425
frame_65,Rack_3,27,5,coke_v_big,0.8860387206077576,406,365,445,486,425,425
frame_65,Rack_3,19,5,coke_v_big,0.9175668358802795,367,365,405,485,386,425
frame_65,Rack_3,17,5,coke_v_big,0.9286225438117981,330,365,365,483,347,424
frame_65,Rack_3,7,5,coke_v_big,0.9153775572776794,293,366,329,483,311,424
frame_65,Rack_3,2,5,coke_v_big,0.903594970703125,255,367,293,485,274,426
frame_65,Rack_3,8,14,pepsi_big,0.9290034770965576,221,364,254,485,237,424
frame_65,Rack_3,11,14,pepsi_big,0.923159658908844,188,364,220,485,204,424
frame_65,Rack_3,47,14,pepsi_big,0.9081389904022217,153,364,188,486,170,425
frame_65,Rack_3,38,10,fanta_grape_big,0.9313364624977112,114,365,154,485,134,425
frame_65,Rack_3,57,10,fanta_grape_big,0.8126702308654785,90,364,114,481,102,422
frame_65,Rack_3,67,12,fanta_straw_big,0.9217656850814819,24,364,63,472,43,418
frame_66,Rack_1,44,1,a&w_small,0.8305220007896423,602,148,629,208,615,178
frame_66,Rack_1,37,1,a&w_small,0.7396343946456909,571,148,601,209,586,178
frame_66,Rack_1,26,1,a&w_small,0.8822898268699646,539,149,569,212,554,180
frame_66,Rack_1,32,1,a&w_small,0.7657827734947205,506,150,538,213,522,181
frame_66,Rack_1,43,4,coke_small,0.8906166553497314,453,150,479,216,466,183
frame_66,Rack_1,35,4,coke_small,0.8902322053909302,425,149,452,217,438,183
frame_66,Rack_1,45,4,coke_small,0.8986393809318542,397,149,425,220,411,184
frame_66,Rack_1,50,4,coke_small,0.8866214752197266,371,149,397,220,384,184
frame_66,Rack_1,30,4,coke_small,0.8742905259132385,342,149,371,220,356,184
frame_66,Rack_1,42,17,sprite_small,0.8023936152458191,314,150,340,221,327,185
frame_66,Rack_1,24,17,sprite_small,0.8740817308425903,291,150,316,222,303,186
frame_66,Rack_1,34,17,sprite_small,0.9036250710487366,271,152,293,221,282,186
frame_66,Rack_1,36,17,sprite_small,0.886570155620575,247,150,273,221,260,185
frame_66,Rack_1,31,8,dew_med,0.8584133386611938,216,149,246,242,231,195
frame_66,Rack_1,20,8,dew_med,0.8248714804649353,191,150,217,243,204,196
frame_66,Rack_1,13,8,dew_med,0.8667480945587158,164,151,190,244,177,197
frame_66,Rack_1,12,8,dew_med,0.8696787357330322,141,155,164,245,152,200
frame_66,Rack_1,18,8,dew_med,0.877620279788971,119,160,140,246,129,203
frame_66,Rack_1,14,8,dew_med,0.900661289691925,94,164,118,248,106,206
frame_66,Rack_2,40,3,coke_med,0.7942199110984802,595,231,634,341,614,286
frame_66,Rack_2,39,3,coke_med,0.8618080019950867,573,251,600,341,586,296
frame_66,Rack_2,46,3,coke_med,0.6392226815223694,541,248,573,341,557,294
frame_66,Rack_2,21,3,coke_med,0.8656986951828003,511,249,542,342,526,295
frame_66,Rack_2,56,6,coke_v_med,0.6472594738006592,480,252,511,343,495,297
frame_66,Rack_2,48,6,coke_v_med,0.6754297614097595,448,255,479,343,463,299
frame_66,Rack_2,33,6,coke_v_med,0.5442590117454529,417,257,447,343,432,300
frame_66,Rack_2,9,2,anw_med,0.9164014458656311,386,258,416,343,401,300
frame_66,Rack_2,23,2,anw_med,0.9121130704879761,353,260,384,343,368,301
frame_66,Rack_2,1,2,anw_med,0.9120137095451355,321,260,350,342,335,301
frame_66,Rack_2,28,2,anw_med,0.8889203667640686,292,261,320,342,306,301
frame_66,Rack_2,22,2,anw_med,0.8810984492301941,263,261,291,340,277,300
frame_66,Rack_2,41,15,pepsi_med,0.9058973789215088,226,262,251,341,238,301
frame_66,Rack_2,25,15,pepsi_med,0.8539329767227173,196,261,224,341,210,301
frame_66,Rack_2,10,15,pepsi_med,0.9257833361625671,169,260,195,342,182,301
frame_66,Rack_2,16,15,pepsi_med,0.928388774394989,144,262,169,342,156,302
frame_66,Rack_2,15,15,pepsi_med,0.9015966057777405,116,261,144,342,130,301
frame_66,Rack_2,54,13,kick_med,0.8152840733528137,62,266,86,341,74,303
frame_66,Rack_2,63,13,kick_med,0.7604302763938904,36,266,63,341,49,303
frame_66,Rack_2,74,13,kick_med,0.7208855152130127,13,267,35,342,24,304
frame_66,Rack_2,75,13,kick_med,0.7579726576805115,2,266,9,345,5,305
frame_66,Rack_3,4,7,coke_z_big,0.9353852868080139,577,364,623,485,600,424
frame_66,Rack_3,5,7,coke_z_big,0.9503565430641174,534,364,576,485,555,424
frame_66,Rack_3,3,7,coke_z_big,0.9548696279525757,491,365,532,485,511,425
frame_66,Rack_3,6,7,coke_z_big,0.9458813071250916,448,365,490,485,469,425
frame_66,Rack_3,27,5,coke_v_big,0.8804268836975098,408,365,446,485,427,425
frame_66,Rack_3,19,5,coke_v_big,0.9266579151153564,368,365,407,485,387,425
frame_66,Rack_3,17,5,coke_v_big,0.9384129047393799,331,365,367,483,349,424
frame_66,Rack_3,7,5,coke_v_big,0.9221855998039246,294,366,331,483,312,424
frame_66,Rack_3,2,5,coke_v_big,0.8935694098472595,257,367,294,484,275,425
frame_66,Rack_3,8,14,pepsi_big,0.9354854822158813,222,364,255,485,238,424
frame_66,Rack_3,11,14,pepsi_big,0.9286806583404541,190,364,222,485,206,424
frame_66,Rack_3,47,14,pepsi_big,0.9319072961807251,155,364,189,485,172,424
frame_66,Rack_3,38,10,fanta_grape_big,0.9517919421195984,116,365,155,485,135,425
frame_66,Rack_3,57,10,fanta_grape_big,0.7721256613731384,92,364,115,481,103,422
frame_66,Rack_3,73,10,fanta_grape_big,0.6074828505516052,65,365,92,476,78,420
frame_66,Rack_3,67,12,fanta_straw_big,0.9116247892379761,26,364,65,471,45,417
frame_67,Rack_1,44,1,a&w_small,0.7847317457199097,604,148,631,208,617,178
frame_67,Rack_1,37,1,a&w_small,0.8278250694274902,573,149,603,209,588,179
frame_67,Rack_1,26,1,a&w_small,0.8781227469444275,541,150,571,212,556,181
frame_67,Rack_1,32,1,a&w_small,0.8067341446876526,508,150,540,213,524,181
frame_67,Rack_1,29,1,a&w_small,0.7126530408859253,481,150,505,215,493,182
frame_67,Rack_1,43,4,coke_small,0.8947066068649292,455,150,481,216,468,183
frame_67,Rack_1,35,4,coke_small,0.8844980001449585,427,149,454,218,440,183
frame_67,Rack_1,45,4,coke_small,0.9005740880966187,399,150,427,220,413,185
frame_67,Rack_1,50,4,coke_small,0.8783057928085327,373,149,399,221,386,185
frame_67,Rack_1,30,4,coke_small,0.8835974931716919,344,149,373,221,358,185
frame_67,Rack_1,42,17,sprite_small,0.8858482241630554,316,151,341,222,328,186
frame_67,Rack_1,24,17,sprite_small,0.8212343454360962,293,151,317,222,305,186
frame_67,Rack_1,34,17,sprite_small,0.863661527633667,273,152,295,222,284,187
frame_67,Rack_1,36,17,sprite_small,0.8884083032608032,249,151,275,222,262,186
frame_67,Rack_1,31,8,dew_med,0.834292471408844,217,150,247,243,232,196
frame_67,Rack_1,20,8,dew_med,0.8306567072868347,193,150,218,244,205,197
frame_67,Rack_1,13,8,dew_med,0.894507646560669,166,152,192,244,179,198
frame_67,Rack_1,12,8,dew_med,0.888706386089325,142,156,165,246,153,201
frame_67,Rack_1,18,8,dew_med,0.8917557597160339,120,161,141,246,130,203
frame_67,Rack_1,14,8,dew_med,0.9042301177978516,96,164,120,248,108,206
frame_67,Rack_2,52,3,coke_med,0.6250126361846924,621,229,640,342,630,285
frame_67,Rack_2,40,3,coke_med,0.7505010366439819,595,230,634,342,614,286
frame_67,Rack_2,39,3,coke_med,0.8723574876785278,574,249,602,342,588,295
frame_67,Rack_2,46,3,coke_med,0.7708950638771057,542,242,576,342,559,292
frame_67,Rack_2,21,3,coke_med,0.8434584140777588,511,240,545,342,528,291
frame_67,Rack_2,56,6,coke_v_med,0.6221103668212891,482,251,513,344,497,297
frame_67,Rack_2,9,2,anw_med,0.8967655897140503,388,261,417,343,402,302
frame_67,Rack_2,23,2,anw_med,0.907931387424469,355,262,384,343,369,302
frame_67,Rack_2,1,2,anw_med,0.9022550582885742,323,262,352,342,337,302
frame_67,Rack_2,28,2,anw_med,0.8546021580696106,294,262,321,342,307,302
frame_67,Rack_2,22,2,anw_med,0.8708838820457458,265,263,292,341,278,302
frame_67,Rack_2,41,15,pepsi_med,0.9169489145278931,228,263,253,342,240,302
frame_67,Rack_2,25,15,pepsi_med,0.8947932720184326,198,262,226,342,212,302
frame_67,Rack_2,10,15,pepsi_med,0.9172565937042236,171,263,196,343,183,303
frame_67,Rack_2,16,15,pepsi_med,0.9182289242744446,145,263,170,343,157,303
frame_67,Rack_2,15,15,pepsi_med,0.9013382196426392,118,263,145,342,131,302
frame_67,Rack_2,55,13,kick_med,0.6838557124137878,87,264,117,342,102,303
frame_67,Rack_2,54,13,kick_med,0.8680976629257202,64,266,88,342,76,304
frame_67,Rack_2,63,13,kick_med,0.8702576160430908,38,267,65,342,51,304
frame_67,Rack_2,74,13,kick_med,0.8209742903709412,15,268,37,343,26,305
frame_67,Rack_2,75,13,kick_med,0.6948994398117065,2,267,9,344,5,305
frame_67,Rack_3,4,7,coke_z_big,0.9193280935287476,579,365,625,485,602,425
frame_67,Rack_3,5,7,coke_z_big,0.9521001577377319,536,365,578,485,557,425
frame_67,Rack_3,3,7,coke_z_big,0.9544967412948608,493,366,534,485,513,425
frame_67,Rack_3,6,7,coke_z_big,0.9537489414215088,450,366,491,485,470,425
frame_67,Rack_3,27,5,coke_v_big,0.8803534507751465,409,366,448,485,428,425
frame_67,Rack_3,19,5,coke_v_big,0.9203398823738098,370,366,408,485,389,425
frame_67,Rack_3,17,5,coke_v_big,0.9419671893119812,333,365,369,483,351,424
frame_67,Rack_3,7,5,coke_v_big,0.9087347984313965,296,367,332,483,314,425
frame_67,Rack_3,2,5,coke_v_big,0.8858970403671265,258,368,295,484,276,426
frame_67,Rack_3,8,14,pepsi_big,0.9340385794639587,224,365,257,484,240,424
frame_67,Rack_3,11,14,pepsi_big,0.9280453324317932,191,365,223,484,207,424
frame_67,Rack_3,47,14,pepsi_big,0.9449827671051025,157,365,191,485,174,425
frame_67,Rack_3,38,10,fanta_grape_big,0.9330242276191711,118,365,157,484,137,424
frame_67,Rack_3,57,10,fanta_grape_big,0.7204262614250183,93,365,117,481,105,423
frame_67,Rack_3,73,10,fanta_grape_big,0.6091561913490295,66,366,93,475,79,420
frame_67,Rack_3,67,12,fanta_straw_big,0.9160467982292175,27,364,66,472,46,418
frame_68,Rack_1,44,1,a&w_small,0.756779670715332,606,148,633,208,619,178
frame_68,Rack_1,37,1,a&w_small,0.7969438433647156,575,148,605,209,590,178
frame_68,Rack_1,26,1,a&w_small,0.8729564547538757,543,149,573,212,558,180
frame_68,Rack_1,32,1,a&w_small,0.8148509860038757,510,150,542,213,526,181
frame_68,Rack_1,29,1,a&w_small,0.7198265194892883,483,151,506,215,494,183
frame_68,Rack_1,43,4,coke_small,0.8731666207313538,456,150,482,216,469,183
frame_68,Rack_1,35,4,coke_small,0.8783090114593506,429,149,455,218,442,183
frame_68,Rack_1,45,4,coke_small,0.8576831817626953,400,149,428,220,414,184
frame_68,Rack_1,50,4,coke_small,0.8322178721427917,374,149,401,221,387,185
frame_68,Rack_1,30,4,coke_small,0.8900243639945984,345,149,374,221,359,185
frame_68,Rack_1,42,17,sprite_small,0.9022070169448853,318,151,343,222,330,186
frame_68,Rack_1,24,17,sprite_small,0.8619515299797058,295,151,319,223,307,187
frame_68,Rack_1,34,17,sprite_small,0.8718328475952148,274,151,297,223,285,187
frame_68,Rack_1,36,17,sprite_small,0.9003376364707947,250,151,276,222,263,186
frame_68,Rack_1,31,8,dew_med,0.837357223033905,219,150,249,243,234,196
frame_68,Rack_1,20,8,dew_med,0.8332656621932983,194,150,220,244,207,197
frame_68,Rack_1,13,8,dew_med,0.8768783807754517,167,152,193,245,180,198
frame_68,Rack_1,12,8,dew_med,0.8759145140647888,144,157,166,246,155,201
frame_68,Rack_1,18,8,dew_med,0.872090756893158,122,162,143,247,132,204
frame_68,Rack_1,14,8,dew_med,0.8888337016105652,97,166,121,248,109,207
frame_68,Rack_2,40,3,coke_med,0.8375110030174255,600,237,636,342,618,289
frame_68,Rack_2,39,3,coke_med,0.7342017889022827,576,250,604,342,590,296
frame_68,Rack_2,46,3,coke_med,0.8275153040885925,544,243,577,342,560,292
frame_68,Rack_2,21,3,coke_med,0.8667896389961243,514,252,545,343,529,297
frame_68,Rack_2,56,6,coke_v_med,0.760096549987793,484,257,514,345,499,301
frame_68,Rack_2,48,6,coke_v_med,0.7020084261894226,452,259,482,345,467,302
frame_68,Rack_2,33,6,coke_v_med,0.5677549839019775,421,263,450,344,435,303
frame_68,Rack_2,9,2,anw_med,0.9028523564338684,389,260,419,344,404,302
frame_68,Rack_2,23,2,anw_med,0.9218906760215759,356,261,386,344,371,302
frame_68,Rack_2,1,2,anw_med,0.9338119029998779,324,261,354,343,339,302
frame_68,Rack_2,28,2,anw_med,0.8774336576461792,295,261,323,343,309,302
frame_68,Rack_2,22,2,anw_med,0.8951386213302612,266,262,294,342,280,302
frame_68,Rack_2,41,15,pepsi_med,0.8483265042304993,230,262,256,343,243,302
frame_68,Rack_2,25,15,pepsi_med,0.9155910015106201,200,261,228,343,214,302
frame_68,Rack_2,10,15,pepsi_med,0.9227626323699951,173,263,198,343,185,303
frame_68,Rack_2,16,15,pepsi_med,0.9170650839805603,147,262,172,343,159,302
frame_68,Rack_2,15,15,pepsi_med,0.903941810131073,119,262,147,343,133,302
frame_68,Rack_2,55,13,kick_med,0.6929389238357544,89,263,119,344,104,303
frame_68,Rack_2,54,13,kick_med,0.8460322618484497,66,266,90,343,78,304
frame_68,Rack_2,63,13,kick_med,0.8062240481376648,39,266,66,343,52,304
frame_68,Rack_2,74,13,kick_med,0.5822263360023499,14,267,36,343,25,305
frame_68,Rack_3,4,7,coke_z_big,0.919029176235199,580,364,626,486,603,425
frame_68,Rack_3,5,7,coke_z_big,0.948789119720459,537,365,580,486,558,425
frame_68,Rack_3,3,7,coke_z_big,0.9535587430000305,494,366,535,486,514,426
frame_68,Rack_3,6,7,coke_z_big,0.9464907050132751,451,365,493,486,472,425
frame_68,Rack_3,27,5,coke_v_big,0.8953679203987122,411,366,449,486,430,426
frame_68,Rack_3,19,5,coke_v_big,0.9039307236671448,371,366,410,486,390,426
frame_68,Rack_3,17,5,coke_v_big,0.9286578297615051,334,365,370,484,352,424
frame_68,Rack_3,7,5,coke_v_big,0.9062457084655762,296,366,333,484,314,425
frame_68,Rack_3,2,5,coke_v_big,0.9032244086265564,259,368,297,486,278,427
frame_68,Rack_3,8,14,pepsi_big,0.9244390726089478,225,365,259,486,242,425
frame_68,Rack_3,11,14,pepsi_big,0.9219394326210022,193,365,225,486,209,425
frame_68,Rack_3,47,14,pepsi_big,0.9315193295478821,158,365,192,487,175,426
frame_68,Rack_3,38,10,fanta_grape_big,0.9089756608009338,119,366,158,486,138,426
frame_68,Rack_3,57,10,fanta_grape_big,0.6364856958389282,94,365,118,482,106,423
frame_68,Rack_3,73,10,fanta_grape_big,0.5172841548919678,68,365,94,476,81,420
frame_68,Rack_3,67,12,fanta_straw_big,0.9178681373596191,29,364,68,472,48,418
frame_69,Rack_1,44,1,a&w_small,0.7980602979660034,608,148,635,209,621,178
frame_69,Rack_1,37,1,a&w_small,0.8640356063842773,577,148,607,210,592,179
frame_69,Rack_1,26,1,a&w_small,0.8709522485733032,545,149,576,213,560,181
frame_69,Rack_1,32,1,a&w_small,0.7674216628074646,512,150,544,214,528,182
frame_69,Rack_1,29,1,a&w_small,0.6544389724731445,485,150,509,215,497,182
frame_69,Rack_1,43,4,coke_small,0.8831230998039246,458,149,485,216,471,182
frame_69,Rack_1,35,4,coke_small,0.906053364276886,431,149,458,219,444,184
frame_69,Rack_1,45,4,coke_small,0.8689722418785095,403,149,430,221,416,185
frame_69,Rack_1,50,4,coke_small,0.9163234829902649,376,149,403,222,389,185
frame_69,Rack_1,30,4,coke_small,0.8954341411590576,347,149,377,222,362,185
frame_69,Rack_1,42,17,sprite_small,0.8922860622406006,319,151,345,223,332,187
frame_69,Rack_1,24,17,sprite_small,0.8824222087860107,297,150,321,223,309,186
frame_69,Rack_1,34,17,sprite_small,0.879367470741272,276,151,298,223,287,187
frame_69,Rack_1,36,17,sprite_small,0.8782707452774048,251,150,278,223,264,186
frame_69,Rack_1,31,8,dew_med,0.8452840447425842,220,150,250,244,235,197
frame_69,Rack_1,20,8,dew_med,0.8535956740379333,195,150,221,244,208,197
frame_69,Rack_1,13,8,dew_med,0.8809076547622681,169,151,195,245,182,198
frame_69,Rack_1,12,8,dew_med,0.8655911087989807,145,156,168,247,156,201
frame_69,Rack_1,18,8,dew_med,0.8496008515357971,124,162,145,247,134,204
frame_69,Rack_1,14,8,dew_med,0.9022113084793091,100,165,124,249,112,207
frame_69,Rack_1,49,8,dew_med,0.6046161651611328,72,165,98,250,85,207
frame_69,Rack_2,40,3,coke_med,0.7931183576583862,603,254,633,343,618,298
frame_69,Rack_2,39,3,coke_med,0.8464956879615784,580,258,606,342,593,300
frame_69,Rack_2,46,3,coke_med,0.7662923336029053,549,256,578,343,563,299
frame_69,Rack_2,21,3,coke_med,0.8951590657234192,517,258,547,345,532,301
frame_69,Rack_2,56,6,coke_v_med,0.5576067566871643,485,253,516,345,500,299
frame_69,Rack_2,33,6,coke_v_med,0.5689112544059753,423,264,452,345,437,304
frame_69,Rack_2,9,2,anw_med,0.889896810054779,391,262,420,345,405,303
frame_69,Rack_2,23,2,anw_med,0.9058954119682312,358,262,388,345,373,303
frame_69,Rack_2,1,2,anw_med,0.8894996643066406,326,262,356,344,341,303
frame_69,Rack_2,28,2,anw_med,0.8740434050559998,297,262,325,343,311,302
frame_69,Rack_2,22,2,anw_med,0.8854017853736877,267,262,296,343,281,302
frame_69,Rack_2,41,15,pepsi_med,0.8854333758354187,231,263,257,343,244,303
frame_69,Rack_2,25,15,pepsi_med,0.8972721099853516,201,262,229,343,215,302
frame_69,Rack_2,10,15,pepsi_med,0.9204601645469666,174,265,199,344,186,304
frame_69,Rack_2,16,15,pepsi_med,0.9178575873374939,148,263,173,344,160,303
frame_69,Rack_2,15,15,pepsi_med,0.9030040502548218,121,264,148,344,134,304
frame_69,Rack_2,55,13,kick_med,0.827562689781189,91,264,120,345,105,304
frame_69,Rack_2,54,13,kick_med,0.8754420280456543,67,265,91,344,79,304
frame_69,Rack_2,63,13,kick_med,0.8599265813827515,41,266,68,343,54,304
frame_69,Rack_2,74,13,kick_med,0.7630812525749207,16,268,39,344,27,306
frame_69,Rack_3,4,7,coke_z_big,0.8898880481719971,583,364,629,485,606,424
frame_69,Rack_3,5,7,coke_z_big,0.9487215280532837,539,365,582,486,560,425
frame_69,Rack_3,3,7,coke_z_big,0.9507992267608643,496,366,537,486,516,426
frame_69,Rack_3,6,7,coke_z_big,0.9511831402778625,453,366,494,486,473,426
frame_69,Rack_3,27,5,coke_v_big,0.8932356238365173,413,366,451,486,432,426
frame_69,Rack_3,19,5,coke_v_big,0.9057989120483398,373,366,412,486,392,426
frame_69,Rack_3,17,5,coke_v_big,0.9197723269462585,335,366,371,485,353,425
frame_69,Rack_3,7,5,coke_v_big,0.9280316233634949,298,367,335,483,316,425
frame_69,Rack_3,2,5,coke_v_big,0.9171878099441528,261,368,298,485,279,426
frame_69,Rack_3,8,14,pepsi_big,0.9308937788009644,227,365,260,486,243,425
frame_69,Rack_3,11,14,pepsi_big,0.9219290018081665,195,365,227,486,211,425
frame_69,Rack_3,47,14,pepsi_big,0.9211065173149109,160,365,194,486,177,425
frame_69,Rack_3,38,10,fanta_grape_big,0.9155289530754089,120,366,159,485,139,425
frame_69,Rack_3,57,10,fanta_grape_big,0.6651085019111633,96,365,119,481,107,423
frame_69,Rack_3,73,10,fanta_grape_big,0.6005226373672485,69,365,96,476,82,420
frame_69,Rack_3,67,12,fanta_straw_big,0.9033574461936951,31,364,69,472,50,418
frame_69,Rack_3,78,12,fanta_straw_big,0.5928114056587219,3,364,31,471,17,417
frame_70,Rack_1,44,1,a&w_small,0.8588932156562805,609,147,637,210,623,178
frame_70,Rack_1,37,1,a&w_small,0.8355087637901306,578,149,609,211,593,180
frame_70,Rack_1,26,1,a&w_small,0.8765169382095337,547,149,577,213,562,181
frame_70,Rack_1,32,1,a&w_small,0.7409876585006714,513,150,546,214,529,182
frame_70,Rack_1,29,1,a&w_small,0.758822500705719,486,149,510,216,498,182
frame_70,Rack_1,43,4,coke_small,0.8869229555130005,459,149,486,217,472,183
frame_70,Rack_1,35,4,coke_small,0.8994511365890503,432,149,459,219,445,184
frame_70,Rack_1,45,4,coke_small,0.8600801229476929,404,149,432,221,418,185
frame_70,Rack_1,50,4,coke_small,0.9206041693687439,377,149,404,222,390,185
frame_70,Rack_1,30,4,coke_small,0.8824823498725891,349,149,378,223,363,186
frame_70,Rack_1,42,17,sprite_small,0.8647444844245911,320,150,346,223,333,186
frame_70,Rack_1,24,17,sprite_small,0.825567901134491,297,150,322,223,309,186
frame_70,Rack_1,34,17,sprite_small,0.860929012298584,277,151,299,224,288,187
frame_70,Rack_1,36,17,sprite_small,0.8915820121765137,252,150,279,224,265,187
frame_70,Rack_1,31,8,dew_med,0.8600534796714783,221,150,250,244,235,197
frame_70,Rack_1,20,8,dew_med,0.8632449507713318,196,150,222,244,209,197
frame_70,Rack_1,13,8,dew_med,0.8784496188163757,170,151,196,245,183,198
frame_70,Rack_1,12,8,dew_med,0.8734747767448425,146,155,169,246,157,200
frame_70,Rack_1,18,8,dew_med,0.8510705828666687,125,162,146,247,135,204
frame_70,Rack_1,14,8,dew_med,0.9067490100860596,100,165,125,249,112,207
frame_70,Rack_2,40,3,coke_med,0.7672366499900818,605,261,632,343,618,302
frame_70,Rack_2,39,3,coke_med,0.8960394859313965,582,263,607,342,594,302
frame_70,Rack_2,46,3,coke_med,0.8739685416221619,551,262,579,344,565,303
frame_70,Rack_2,21,3,coke_med,0.9152849912643433,519,262,548,346,533,304
frame_70,Rack_2,56,6,coke_v_med,0.6775452494621277,486,250,518,345,502,297
frame_70,Rack_2,48,6,coke_v_med,0.6255415081977844,454,255,486,347,470,301
frame_70,Rack_2,33,6,coke_v_med,0.7025330066680908,424,265,453,346,438,305
frame_70,Rack_2,9,2,anw_med,0.9184489250183105,392,264,422,346,407,305
frame_70,Rack_2,23,2,anw_med,0.90628582239151,359,264,389,346,374,305
frame_70,Rack_2,1,2,anw_med,0.8844588994979858,327,264,357,345,342,304
frame_70,Rack_2,28,2,anw_med,0.8686328530311584,298,263,325,345,311,304
frame_70,Rack_2,22,2,anw_med,0.8847864270210266,268,264,297,345,282,304
frame_70,Rack_2,41,15,pepsi_med,0.8869937658309937,232,264,258,344,245,304
frame_70,Rack_2,25,15,pepsi_med,0.9006409645080566,202,263,230,344,216,303
frame_70,Rack_2,10,15,pepsi_med,0.9143183827400208,175,266,200,345,187,305
frame_70,Rack_2,16,15,pepsi_med,0.9240574240684509,150,264,174,344,162,304
frame_70,Rack_2,15,15,pepsi_med,0.9254150390625,122,266,149,345,135,305
frame_70,Rack_2,55,13,kick_med,0.792432427406311,92,265,121,345,106,305
frame_70,Rack_2,54,13,kick_med,0.8251868486404419,68,266,92,345,80,305
frame_70,Rack_2,63,13,kick_med,0.7903655767440796,42,266,69,344,55,305
frame_70,Rack_2,74,13,kick_med,0.7427791953086853,17,267,40,345,28,306
frame_70,Rack_2,75,13,kick_med,0.589603066444397,2,268,9,347,5,307
frame_70,Rack_3,4,7,coke_z_big,0.7774272561073303,584,365,630,487,607,426
frame_70,Rack_3,5,7,coke_z_big,0.9529914259910583,540,366,583,487,561,426
frame_70,Rack_3,3,7,coke_z_big,0.9396098852157593,497,366,538,487,517,426
frame_70,Rack_3,6,7,coke_z_big,0.9429880976676941,454,366,496,487,475,426
frame_70,Rack_3,27,5,coke_v_big,0.8828330636024475,413,367,452,487,432,427
frame_70,Rack_3,19,5,coke_v_big,0.8940163254737854,373,367,412,487,392,427
frame_70,Rack_3,17,5,coke_v_big,0.910245954990387,336,366,372,485,354,425
frame_70,Rack_3,7,5,coke_v_big,0.9285613298416138,299,367,335,483,317,425
frame_70,Rack_3,2,5,coke_v_big,0.9107850193977356,262,369,299,486,280,427
frame_70,Rack_3,8,14,pepsi_big,0.9225425124168396,228,365,261,487,244,426
frame_70,Rack_3,11,14,pepsi_big,0.9052045941352844,195,365,228,487,211,426
frame_70,Rack_3,47,14,pepsi_big,0.9182552695274353,161,365,195,487,178,426
frame_70,Rack_3,38,10,fanta_grape_big,0.9194850921630859,121,366,160,487,140,426
frame_70,Rack_3,57,10,fanta_grape_big,0.687235951423645,97,365,120,482,108,423
frame_70,Rack_3,73,10,fanta_grape_big,0.6217142939567566,70,365,97,477,83,421
frame_70,Rack_3,67,12,fanta_straw_big,0.8917668461799622,31,364,70,472,50,418
frame_70,Rack_3,78,12,fanta_straw_big,0.749497652053833,3,364,31,470,17,417
frame_71,Rack_1,44,1,a&w_small,0.8062869906425476,610,147,637,210,623,178
frame_71,Rack_1,37,1,a&w_small,0.8142855167388916,580,149,611,211,595,180
frame_71,Rack_1,26,1,a&w_small,0.8189446330070496,548,149,578,213,563,181
frame_71,Rack_1,32,1,a&w_small,0.683345377445221,514,149,547,215,530,182
frame_71,Rack_1,29,1,a&w_small,0.6959859728813171,487,149,511,216,499,182
frame_71,Rack_1,43,4,coke_small,0.8699884414672852,460,149,487,217,473,183
frame_71,Rack_1,35,4,coke_small,0.881906270980835,433,149,460,220,446,184
frame_71,Rack_1,45,4,coke_small,0.8665129542350769,405,149,433,221,419,185
frame_71,Rack_1,50,4,coke_small,0.9283190965652466,378,149,404,223,391,186
frame_71,Rack_1,30,4,coke_small,0.8780314326286316,349,149,379,223,364,186
frame_71,Rack_1,42,17,sprite_small,0.8760454058647156,321,150,346,224,333,187
frame_71,Rack_1,24,17,sprite_small,0.8880841732025146,298,150,323,224,310,187
frame_71,Rack_1,34,17,sprite_small,0.8711223006248474,277,151,300,225,288,188
frame_71,Rack_1,36,17,sprite_small,0.8905046582221985,252,150,279,225,265,187
frame_71,Rack_1,31,8,dew_med,0.8825728893280029,222,151,250,244,236,197
frame_71,Rack_1,20,8,dew_med,0.8743327260017395,197,151,223,244,210,197
frame_71,Rack_1,13,8,dew_med,0.8816179633140564,171,153,197,246,184,199
frame_71,Rack_1,12,8,dew_med,0.9007946848869324,147,156,170,246,158,201
frame_71,Rack_1,18,8,dew_med,0.8635427355766296,126,161,147,248,136,204
frame_71,Rack_1,14,8,dew_med,0.9114983081817627,101,165,125,249,113,207
frame_71,Rack_1,49,8,dew_med,0.569068193435669,73,165,100,251,86,208
frame_71,Rack_2,52,3,coke_med,0.796001672744751,621,229,640,344,630,286
frame_71,Rack_2,39,3,coke_med,0.525155246257782,580,245,610,343,595,294
frame_71,Rack_2,46,3,coke_med,0.8301506638526917,549,244,583,344,566,294
frame_71,Rack_2,21,3,coke_med,0.8786308765411377,517,245,551,345,534,295
frame_71,Rack_2,56,6,coke_v_med,0.6581444144248962,486,241,520,346,503,293
frame_71,Rack_2,48,6,coke_v_med,0.5073561072349548,452,240,489,348,470,294
frame_71,Rack_2,9,2,anw_med,0.9104710817337036,391,251,424,346,407,298
frame_71,Rack_2,23,2,anw_med,0.9105177521705627,359,260,391,346,375,303
frame_71,Rack_2,1,2,anw_med,0.8838164806365967,328,263,358,345,343,304
frame_71,Rack_2,28,2,anw_med,0.8743526935577393,299,265,326,345,312,305
frame_71,Rack_2,22,2,anw_med,0.8710604310035706,269,265,297,345,283,305
frame_71,Rack_2,41,15,pepsi_med,0.8873501420021057,232,266,258,344,245,305
frame_71,Rack_2,25,15,pepsi_med,0.9086773991584778,203,265,230,344,216,304
frame_71,Rack_2,10,15,pepsi_med,0.9134248495101929,175,268,200,345,187,306
frame_71,Rack_2,16,15,pepsi_med,0.9214206337928772,150,266,174,344,162,305
frame_71,Rack_2,15,15,pepsi_med,0.9225937724113464,122,268,149,345,135,306
frame_71,Rack_2,55,13,kick_med,0.7687599658966064,92,267,121,345,106,306
frame_71,Rack_2,54,13,kick_med,0.8463921546936035,68,267,92,345,80,306
frame_71,Rack_2,63,13,kick_med,0.792698323726654,42,267,69,344,55,305
frame_71,Rack_2,74,13,kick_med,0.7858138084411621,17,268,40,345,28,306
frame_71,Rack_2,75,13,kick_med,0.645982027053833,1,268,9,347,5,307
frame_71,Rack_3,4,7,coke_z_big,0.852358341217041,585,365,631,487,608,426
frame_71,Rack_3,5,7,coke_z_big,0.9531272053718567,540,366,584,487,562,426
frame_71,Rack_3,3,7,coke_z_big,0.9411953687667847,498,366,539,487,518,426
frame_71,Rack_3,6,7,coke_z_big,0.9393235445022583,454,367,496,488,475,427
frame_71,Rack_3,27,5,coke_v_big,0.8850188851356506,414,367,453,488,433,427
frame_71,Rack_3,19,5,coke_v_big,0.8872596621513367,374,367,413,488,393,427
frame_71,Rack_3,17,5,coke_v_big,0.9054705500602722,336,367,373,486,354,426
frame_71,Rack_3,7,5,coke_v_big,0.9261666536331177,299,367,336,484,317,425
frame_71,Rack_3,2,5,coke_v_big,0.9073739051818848,262,369,299,487,280,428
frame_71,Rack_3,8,14,pepsi_big,0.9163436889648438,228,365,262,487,245,426
frame_71,Rack_3,11,14,pepsi_big,0.9044067859649658,196,365,228,487,212,426
frame_71,Rack_3,47,14,pepsi_big,0.9145328402519226,161,365,195,488,178,426
frame_71,Rack_3,38,10,fanta_grape_big,0.9175700545310974,121,366,161,487,141,426
frame_71,Rack_3,57,10,fanta_grape_big,0.6360990405082703,97,365,120,483,108,424
frame_71,Rack_3,73,10,fanta_grape_big,0.6347854733467102,70,365,97,477,83,421
frame_71,Rack_3,67,12,fanta_straw_big,0.9012305736541748,31,364,70,473,50,418
frame_71,Rack_3,78,12,fanta_straw_big,0.6900514364242554,3,365,31,470,17,417
frame_72,Rack_1,44,1,a&w_small,0.8485960364341736,610,147,637,211,623,179
frame_72,Rack_1,37,1,a&w_small,0.8381638526916504,580,149,611,212,595,180
frame_72,Rack_1,26,1,a&w_small,0.836227536201477,548,149,579,213,563,181
frame_72,Rack_1,32,1,a&w_small,0.7308391332626343,515,149,548,215,531,182
frame_72,Rack_1,29,1,a&w_small,0.7109163403511047,487,149,512,216,499,182
frame_72,Rack_1,43,4,coke_small,0.8684487342834473,461,149,488,218,474,183
frame_72,Rack_1,35,4,coke_small,0.8774580955505371,434,149,461,220,447,184
frame_72,Rack_1,45,4,coke_small,0.8753629326820374,405,149,433,222,419,185
frame_72,Rack_1,50,4,coke_small,0.9183645248413086,378,149,405,223,391,186
frame_72,Rack_1,30,4,coke_small,0.8603595495223999,350,149,379,223,364,186
frame_72,Rack_1,42,17,sprite_small,0.8796924352645874,321,150,347,224,334,187
frame_72,Rack_1,24,17,sprite_small,0.8971536159515381,298,150,323,225,310,187
frame_72,Rack_1,34,17,sprite_small,0.875958263874054,277,151,300,225,288,188
frame_72,Rack_1,36,17,sprite_small,0.8912075757980347,253,150,280,225,266,187
frame_72,Rack_1,31,8,dew_med,0.8784790635108948,222,151,250,244,236,197
frame_72,Rack_1,20,8,dew_med,0.8761817812919617,197,151,223,244,210,197
frame_72,Rack_1,13,8,dew_med,0.8760328888893127,171,154,197,246,184,200
frame_72,Rack_1,12,8,dew_med,0.8974989056587219,147,157,170,247,158,202
frame_72,Rack_1,18,8,dew_med,0.8694003820419312,125,161,146,248,135,204
frame_72,Rack_1,14,8,dew_med,0.9165475368499756,101,165,125,250,113,207
frame_72,Rack_1,49,8,dew_med,0.543408989906311,73,165,100,251,86,208
frame_72,Rack_2,40,3,coke_med,0.6246634721755981,602,236,635,346,618,291
frame_72,Rack_2,39,3,coke_med,0.7240061163902283,580,238,611,344,595,291
frame_72,Rack_2,46,3,coke_med,0.8013955354690552,549,239,584,346,566,292
frame_72,Rack_2,21,3,coke_med,0.8701209425926208,517,239,552,346,534,292
frame_72,Rack_2,56,6,coke_v_med,0.7802370190620422,486,237,521,347,503,292
frame_72,Rack_2,48,6,coke_v_med,0.6324103474617004,452,235,490,348,471,291
frame_72,Rack_2,33,6,coke_v_med,0.5612719058990479,425,266,454,347,439,306
frame_72,Rack_2,9,2,anw_med,0.9090226292610168,391,249,425,347,408,298
frame_72,Rack_2,23,2,anw_med,0.9152456521987915,359,260,391,347,375,303
frame_72,Rack_2,1,2,anw_med,0.8829951286315918,328,263,358,346,343,304
frame_72,Rack_2,28,2,anw_med,0.87857586145401,299,266,326,346,312,306
frame_72,Rack_2,22,2,anw_med,0.8739191293716431,269,265,297,346,283,305
frame_72,Rack_2,41,15,pepsi_med,0.8904678821563721,233,267,258,345,245,306
frame_72,Rack_2,25,15,pepsi_med,0.9212220311164856,203,268,230,345,216,306
frame_72,Rack_2,10,15,pepsi_med,0.9166502356529236,175,268,200,345,187,306
frame_72,Rack_2,16,15,pepsi_med,0.9174909591674805,150,267,174,345,162,306
frame_72,Rack_2,15,15,pepsi_med,0.9168442487716675,122,269,148,345,135,307
frame_72,Rack_2,55,13,kick_med,0.8248811960220337,92,269,121,346,106,307
frame_72,Rack_2,54,13,kick_med,0.864244282245636,68,268,92,345,80,306
frame_72,Rack_2,63,13,kick_med,0.8378494381904602,42,267,69,345,55,306
frame_72,Rack_2,74,13,kick_med,0.7321721911430359,17,268,41,346,29,307
frame_72,Rack_2,75,13,kick_med,0.5528249740600586,0,267,7,348,3,307
frame_72,Rack_3,4,7,coke_z_big,0.8192225694656372,586,366,632,487,609,426
frame_72,Rack_3,5,7,coke_z_big,0.956091046333313,541,366,584,488,562,427
frame_72,Rack_3,3,7,coke_z_big,0.932523787021637,498,367,539,488,518,427
frame_72,Rack_3,6,7,coke_z_big,0.9351149797439575,455,367,497,488,476,427
frame_72,Rack_3,27,5,coke_v_big,0.8835472464561462,414,368,453,488,433,428
frame_72,Rack_3,19,5,coke_v_big,0.8989500403404236,374,368,413,488,393,428
frame_72,Rack_3,17,5,coke_v_big,0.9072603583335876,337,367,373,487,355,427
frame_72,Rack_3,7,5,coke_v_big,0.9296126365661621,299,367,336,484,317,425
frame_72,Rack_3,2,5,coke_v_big,0.9092626571655273,262,369,299,487,280,428
frame_72,Rack_3,8,14,pepsi_big,0.9171395897865295,228,366,262,488,245,427
frame_72,Rack_3,11,14,pepsi_big,0.90913987159729,196,366,228,488,212,427
frame_72,Rack_3,47,14,pepsi_big,0.915545642375946,161,365,196,488,178,426
frame_72,Rack_3,38,10,fanta_grape_big,0.9179832339286804,121,366,161,487,141,426
frame_72,Rack_3,57,10,fanta_grape_big,0.7350742816925049,97,365,120,483,108,424
frame_72,Rack_3,73,10,fanta_grape_big,0.7229241728782654,70,365,97,478,83,421
frame_72,Rack_3,67,12,fanta_straw_big,0.9037562012672424,31,365,70,473,50,419
frame_72,Rack_3,78,12,fanta_straw_big,0.6847078800201416,3,365,31,470,17,417
frame_73,Rack_1,44,1,a&w_small,0.857511579990387,611,147,638,211,624,179
frame_73,Rack_1,37,1,a&w_small,0.8669775724411011,581,149,612,212,596,180
frame_73,Rack_1,26,1,a&w_small,0.8553206920623779,549,149,580,214,564,181
frame_73,Rack_1,32,1,a&w_small,0.7290090918540955,516,149,549,216,532,182
frame_73,Rack_1,29,1,a&w_small,0.7721250057220459,488,149,512,216,500,182
frame_73,Rack_1,43,4,coke_small,0.8746854662895203,461,149,488,218,474,183
frame_73,Rack_1,35,4,coke_small,0.8728912472724915,434,149,461,220,447,184
frame_73,Rack_1,45,4,coke_small,0.8664838075637817,405,149,433,222,419,185
frame_73,Rack_1,50,4,coke_small,0.9099005460739136,378,149,405,223,391,186
frame_73,Rack_1,30,4,coke_small,0.8355470299720764,350,149,379,224,364,186
frame_73,Rack_1,42,17,sprite_small,0.8999379873275757,321,150,347,225,334,187
frame_73,Rack_1,24,17,sprite_small,0.8957865834236145,298,150,323,226,310,188
frame_73,Rack_1,34,17,sprite_small,0.8717990517616272,277,152,300,226,288,189
frame_73,Rack_1,36,17,sprite_small,0.8983426690101624,253,150,279,226,266,188
frame_73,Rack_1,31,8,dew_med,0.8880884051322937,222,151,250,244,236,197
frame_73,Rack_1,20,8,dew_med,0.8595143556594849,197,151,223,245,210,198
frame_73,Rack_1,13,8,dew_med,0.8786230683326721,170,153,196,247,183,200
frame_73,Rack_1,12,8,dew_med,0.8944592475891113,147,157,170,247,158,202
frame_73,Rack_1,18,8,dew_med,0.8609980940818787,125,161,146,248,135,204
frame_73,Rack_1,14,8,dew_med,0.9147998094558716,101,165,125,250,113,207
frame_73,Rack_1,49,8,dew_med,0.5024254322052002,73,166,99,251,86,208
frame_73,Rack_2,40,3,coke_med,0.5804219245910645,605,230,639,347,622,288
frame_73,Rack_2,39,3,coke_med,0.7055778503417969,581,241,611,345,596,293
frame_73,Rack_2,46,3,coke_med,0.7907640933990479,550,248,583,346,566,297
frame_73,Rack_2,21,3,coke_med,0.8620171546936035,517,237,553,346,535,291
frame_73,Rack_2,80,3,coke_med,0.5675069093704224,488,237,517,347,502,292
frame_73,Rack_2,48,6,coke_v_med,0.5559532046318054,453,233,491,348,472,290
frame_73,Rack_2,33,6,coke_v_med,0.6894547343254089,425,267,455,348,440,307
frame_73,Rack_2,9,2,anw_med,0.9125270843505859,392,257,424,348,408,302
frame_73,Rack_2,23,2,anw_med,0.9005481600761414,360,261,391,348,375,304
frame_73,Rack_2,1,2,anw_med,0.8894739151000977,328,263,358,347,343,305
frame_73,Rack_2,28,2,anw_med,0.8757338523864746,299,267,326,347,312,307
frame_73,Rack_2,22,2,anw_med,0.8935536742210388,269,265,297,347,283,306
frame_73,Rack_2,41,15,pepsi_med,0.8789381980895996,233,268,258,345,245,306
frame_73,Rack_2,25,15,pepsi_med,0.9232391119003296,203,269,230,345,216,307
frame_73,Rack_2,10,15,pepsi_med,0.9105900526046753,175,269,200,346,187,307
frame_73,Rack_2,16,15,pepsi_med,0.9139819741249084,150,267,174,345,162,306
frame_73,Rack_2,15,15,pepsi_med,0.9128440022468567,122,269,148,346,135,307
frame_73,Rack_2,55,13,kick_med,0.7806887626647949,92,269,120,346,106,307
frame_73,Rack_2,54,13,kick_med,0.8518854379653931,67,268,91,345,79,306
frame_73,Rack_2,63,13,kick_med,0.8168231844902039,42,268,68,345,55,306
frame_73,Rack_2,74,13,kick_med,0.6549449563026428,16,268,41,347,28,307
frame_73,Rack_3,4,7,coke_z_big,0.7466875910758972,586,366,632,487,609,426
frame_73,Rack_3,5,7,coke_z_big,0.95726478099823,541,366,584,488,562,427
frame_73,Rack_3,3,7,coke_z_big,0.9321846961975098,499,367,539,488,519,427
frame_73,Rack_3,6,7,coke_z_big,0.9402283430099487,455,367,497,488,476,427
frame_73,Rack_3,27,5,coke_v_big,0.8874725699424744,415,368,453,488,434,428
frame_73,Rack_3,19,5,coke_v_big,0.9076458215713501,374,368,413,488,393,428
frame_73,Rack_3,17,5,coke_v_big,0.9087379574775696,337,367,373,487,355,427
frame_73,Rack_3,7,5,coke_v_big,0.9305509924888611,299,368,336,485,317,426
frame_73,Rack_3,2,5,coke_v_big,0.9105700254440308,262,370,299,487,280,428
frame_73,Rack_3,8,14,pepsi_big,0.9202914237976074,228,366,261,488,244,427
frame_73,Rack_3,11,14,pepsi_big,0.9151259064674377,196,366,228,488,212,427
frame_73,Rack_3,47,14,pepsi_big,0.9208357930183411,161,365,195,488,178,426
frame_73,Rack_3,38,10,fanta_grape_big,0.912833571434021,120,366,160,488,140,427
frame_73,Rack_3,57,10,fanta_grape_big,0.7447435259819031,97,366,120,483,108,424
frame_73,Rack_3,73,10,fanta_grape_big,0.7764509916305542,70,365,97,478,83,421
frame_73,Rack_3,67,12,fanta_straw_big,0.9041318893432617,31,365,70,473,50,419
frame_73,Rack_3,78,12,fanta_straw_big,0.7135938405990601,3,365,31,472,17,418
frame_74,Rack_1,44,1,a&w_small,0.7986786961555481,611,147,638,211,624,179
frame_74,Rack_1,37,1,a&w_small,0.8383728861808777,581,149,612,212,596,180
frame_74,Rack_1,26,1,a&w_small,0.8377453684806824,550,149,580,214,565,181
frame_74,Rack_1,32,1,a&w_small,0.7814842462539673,516,149,550,216,533,182
frame_74,Rack_1,29,1,a&w_small,0.505465030670166,488,149,513,216,500,182
frame_74,Rack_1,43,4,coke_small,0.8724732398986816,462,150,488,218,475,184
frame_74,Rack_1,35,4,coke_small,0.859944224357605,434,149,461,220,447,184
frame_74,Rack_1,45,4,coke_small,0.863548994064331,405,149,434,222,419,185
frame_74,Rack_1,50,4,coke_small,0.9259278178215027,378,149,405,223,391,186
frame_74,Rack_1,30,4,coke_small,0.8603715300559998,350,149,379,224,364,186
frame_74,Rack_1,42,17,sprite_small,0.8889299631118774,321,150,347,226,334,188
frame_74,Rack_1,24,17,sprite_small,0.8913174271583557,298,150,323,226,310,188
frame_74,Rack_1,34,17,sprite_small,0.8677353858947754,277,151,300,226,288,188
frame_74,Rack_1,36,17,sprite_small,0.8951280117034912,253,150,280,226,266,188
frame_74,Rack_1,31,8,dew_med,0.8738523125648499,222,151,250,244,236,197
frame_74,Rack_1,20,8,dew_med,0.8682899475097656,197,151,223,244,210,197
frame_74,Rack_1,13,8,dew_med,0.8902663588523865,170,153,196,246,183,199
frame_74,Rack_1,12,8,dew_med,0.89789879322052,147,156,170,246,158,201
frame_74,Rack_1,18,8,dew_med,0.8486558198928833,125,161,146,248,135,204
frame_74,Rack_1,14,8,dew_med,0.9037737250328064,101,166,125,249,113,207
frame_74,Rack_2,40,3,coke_med,0.7901195883750916,607,231,640,347,623,289
frame_74,Rack_2,39,3,coke_med,0.8122497200965881,581,236,612,345,596,290
frame_74,Rack_2,46,3,coke_med,0.813850462436676,549,239,585,346,567,292
frame_74,Rack_2,21,3,coke_med,0.8757672905921936,517,236,553,347,535,291
frame_74,Rack_2,80,3,coke_med,0.8008624911308289,488,238,518,347,503,292
frame_74,Rack_2,48,6,coke_v_med,0.5985784530639648,453,232,491,348,472,290
frame_74,Rack_2,33,6,coke_v_med,0.6557191014289856,425,266,455,348,440,307
frame_74,Rack_2,9,2,anw_med,0.9049203395843506,392,253,425,348,408,300
frame_74,Rack_2,23,2,anw_med,0.9094520807266235,359,260,391,348,375,304
frame_74,Rack_2,1,2,anw_med,0.8953356146812439,328,263,358,347,343,305
frame_74,Rack_2,28,2,anw_med,0.8798252940177917,299,267,326,347,312,307
frame_74,Rack_2,22,2,anw_med,0.8905801773071289,269,266,297,347,283,306
frame_74,Rack_2,41,15,pepsi_med,0.8883447051048279,233,268,258,345,245,306
frame_74,Rack_2,25,15,pepsi_med,0.9249513745307922,203,269,230,346,216,307
frame_74,Rack_2,10,15,pepsi_med,0.9133894443511963,175,269,200,346,187,307
frame_74,Rack_2,16,15,pepsi_med,0.9106862545013428,150,267,174,345,162,306
frame_74,Rack_2,15,15,pepsi_med,0.9088677763938904,122,269,148,346,135,307
frame_74,Rack_2,55,13,kick_med,0.8312456607818604,92,269,120,346,106,307
frame_74,Rack_2,54,13,kick_med,0.8578048944473267,67,268,91,345,79,306
frame_74,Rack_2,63,13,kick_med,0.8009724617004395,41,268,68,345,54,306
frame_74,Rack_2,74,13,kick_med,0.543775737285614,18,269,42,346,30,307
frame_74,Rack_3,4,7,coke_z_big,0.825751006603241,586,367,632,488,609,427
frame_74,Rack_3,5,7,coke_z_big,0.9530665874481201,541,367,585,488,563,427
frame_74,Rack_3,3,7,coke_z_big,0.9288802742958069,499,367,540,488,519,427
frame_74,Rack_3,6,7,coke_z_big,0.9355581402778625,455,368,497,489,476,428
frame_74,Rack_3,27,5,coke_v_big,0.883507251739502,414,369,453,489,433,429
frame_74,Rack_3,19,5,coke_v_big,0.9007707834243774,374,368,413,489,393,428
frame_74,Rack_3,17,5,coke_v_big,0.9034448266029358,337,368,373,487,355,427
frame_74,Rack_3,7,5,coke_v_big,0.9277018904685974,299,368,336,485,317,426
frame_74,Rack_3,2,5,coke_v_big,0.913499653339386,262,370,299,488,280,429
frame_74,Rack_3,8,14,pepsi_big,0.918769896030426,228,366,261,488,244,427
frame_74,Rack_3,11,14,pepsi_big,0.917261004447937,196,366,228,488,212,427
frame_74,Rack_3,47,14,pepsi_big,0.9182902574539185,161,365,195,489,178,427
frame_74,Rack_3,38,10,fanta_grape_big,0.9170076251029968,120,366,160,488,140,427
frame_74,Rack_3,57,10,fanta_grape_big,0.7068931460380554,97,366,120,484,108,425
frame_74,Rack_3,73,10,fanta_grape_big,0.7528052926063538,69,365,97,479,83,422
frame_74,Rack_3,67,12,fanta_straw_big,0.9048171639442444,31,365,70,473,50,419
frame_74,Rack_3,78,12,fanta_straw_big,0.7693785429000854,3,365,31,472,17,418
frame_75,Rack_1,44,1,a&w_small,0.785308301448822,612,147,638,211,625,179
frame_75,Rack_1,37,1,a&w_small,0.8520974516868591,582,149,613,212,597,180
frame_75,Rack_1,26,1,a&w_small,0.856525182723999,551,149,581,214,566,181
frame_75,Rack_1,32,1,a&w_small,0.7920088768005371,517,149,551,217,534,183
frame_75,Rack_1,29,1,a&w_small,0.637798011302948,489,149,513,216,501,182
frame_75,Rack_1,43,4,coke_small,0.8959230184555054,462,150,489,219,475,184
frame_75,Rack_1,35,4,coke_small,0.8721737265586853,435,149,462,220,448,184
frame_75,Rack_1,45,4,coke_small,0.8670738339424133,406,149,434,222,420,185
frame_75,Rack_1,50,4,coke_small,0.926180362701416,379,149,406,224,392,186
frame_75,Rack_1,30,4,coke_small,0.8638675808906555,351,149,379,224,365,186
frame_75,Rack_1,42,17,sprite_small,0.8870009779930115,322,150,348,226,335,188
frame_75,Rack_1,24,17,sprite_small,0.864933431148529,299,150,323,226,311,188
frame_75,Rack_1,34,17,sprite_small,0.8737660050392151,278,151,300,226,289,188
frame_75,Rack_1,36,17,sprite_small,0.8998034000396729,253,150,280,226,266,188
frame_75,Rack_1,31,8,dew_med,0.8723359704017639,223,151,250,244,236,197
frame_75,Rack_1,20,8,dew_med,0.8708295822143555,197,151,223,244,210,197
frame_75,Rack_1,13,8,dew_med,0.8892545104026794,170,152,197,246,183,199
frame_75,Rack_1,12,8,dew_med,0.9038817882537842,147,155,170,246,158,200
frame_75,Rack_1,18,8,dew_med,0.8659591674804688,125,160,146,247,135,203
frame_75,Rack_1,14,8,dew_med,0.9024800658226013,101,165,125,248,113,206
frame_75,Rack_1,69,8,dew_med,0.5031663775444031,31,169,54,252,42,210
frame_75,Rack_2,40,3,coke_med,0.8571953773498535,608,231,640,346,624,288
frame_75,Rack_2,39,3,coke_med,0.7794233560562134,581,235,613,345,597,290
frame_75,Rack_2,46,3,coke_med,0.774667501449585,550,238,585,347,567,292
frame_75,Rack_2,21,3,coke_med,0.8908631801605225,518,235,554,347,536,291
frame_75,Rack_2,80,3,coke_med,0.835053563117981,489,237,518,347,503,292
frame_75,Rack_2,9,2,anw_med,0.9091367125511169,392,252,425,348,408,300
frame_75,Rack_2,23,2,anw_med,0.9117518067359924,360,259,392,348,376,303
frame_75,Rack_2,1,2,anw_med,0.8962713479995728,328,263,358,347,343,305
frame_75,Rack_2,28,2,anw_med,0.8783307671546936,299,266,326,347,312,306
frame_75,Rack_2,22,2,anw_med,0.8979766964912415,269,267,297,347,283,307
frame_75,Rack_2,41,15,pepsi_med,0.890995979309082,233,267,258,345,245,306
frame_75,Rack_2,25,15,pepsi_med,0.923336386680603,203,269,230,345,216,307
frame_75,Rack_2,10,15,pepsi_med,0.9174617528915405,175,269,200,346,187,307
frame_75,Rack_2,16,15,pepsi_med,0.9138659834861755,150,267,174,345,162,306
frame_75,Rack_2,15,15,pepsi_med,0.9246644973754883,122,268,148,346,135,307
frame_75,Rack_2,55,13,kick_med,0.833741307258606,92,269,120,346,106,307
frame_75,Rack_2,54,13,kick_med,0.8635084629058838,67,268,91,345,79,306
frame_75,Rack_2,63,13,kick_med,0.8243963718414307,41,268,67,345,54,306
frame_75,Rack_2,74,13,kick_med,0.6295822262763977,18,268,42,346,30,307
frame_75,Rack_3,4,7,coke_z_big,0.8393926620483398,586,367,632,488,609,427
frame_75,Rack_3,5,7,coke_z_big,0.9491739869117737,541,367,585,489,563,428
frame_75,Rack_3,3,7,coke_z_big,0.9293938875198364,499,367,540,489,519,428
frame_75,Rack_3,6,7,coke_z_big,0.9334498047828674,455,368,498,489,476,428
frame_75,Rack_3,27,5,coke_v_big,0.8878717422485352,415,369,454,489,434,429
frame_75,Rack_3,19,5,coke_v_big,0.9019280076026917,374,368,414,489,394,428
frame_75,Rack_3,17,5,coke_v_big,0.9007274508476257,337,367,374,488,355,427
frame_75,Rack_3,7,5,coke_v_big,0.9247589707374573,299,368,336,486,317,427
frame_75,Rack_3,2,5,coke_v_big,0.9129515886306763,262,369,299,488,280,428
frame_75,Rack_3,8,14,pepsi_big,0.9170969724655151,228,366,262,489,245,427
frame_75,Rack_3,11,14,pepsi_big,0.9147830605506897,196,366,228,488,212,427
frame_75,Rack_3,47,14,pepsi_big,0.9199290871620178,161,365,196,489,178,427
frame_75,Rack_3,38,10,fanta_grape_big,0.9142037034034729,120,366,160,488,140,427
frame_75,Rack_3,57,10,fanta_grape_big,0.6627649664878845,97,365,120,484,108,424
frame_75,Rack_3,73,10,fanta_grape_big,0.7459516525268555,70,365,97,479,83,422
frame_75,Rack_3,67,12,fanta_straw_big,0.9040456414222717,31,365,70,473,50,419
frame_75,Rack_3,78,12,fanta_straw_big,0.6693775057792664,3,365,31,472,17,418
frame_76,Rack_1,44,1,a&w_small,0.8485620021820068,613,147,638,211,625,179
frame_76,Rack_1,37,1,a&w_small,0.919249951839447,584,148,614,211,599,179
frame_76,Rack_1,26,1,a&w_small,0.8853991627693176,552,149,582,214,567,181
frame_76,Rack_1,32,1,a&w_small,0.7984439730644226,518,150,551,216,534,183
frame_76,Rack_1,29,1,a&w_small,0.6186859607696533,490,150,514,216,502,183
frame_76,Rack_1,43,4,coke_small,0.9101600050926208,463,150,489,218,476,184
frame_76,Rack_1,35,4,coke_small,0.8878058195114136,435,149,462,220,448,184
frame_76,Rack_1,45,4,coke_small,0.8473753333091736,407,149,435,221,421,185
frame_76,Rack_1,50,4,coke_small,0.8913489580154419,380,149,406,223,393,186
frame_76,Rack_1,30,4,coke_small,0.8917592167854309,351,149,379,224,365,186
frame_76,Rack_1,42,17,sprite_small,0.8947190046310425,322,150,348,226,335,188
frame_76,Rack_1,24,17,sprite_small,0.8172970414161682,300,149,324,226,312,187
frame_76,Rack_1,34,17,sprite_small,0.8819389939308167,278,151,301,226,289,188
frame_76,Rack_1,36,17,sprite_small,0.9061447381973267,253,150,280,226,266,188
frame_76,Rack_1,31,8,dew_med,0.8643825650215149,223,150,250,243,236,196
frame_76,Rack_1,20,8,dew_med,0.8654369711875916,198,150,223,244,210,197
frame_76,Rack_1,13,8,dew_med,0.8860988020896912,170,151,197,246,183,198
frame_76,Rack_1,12,8,dew_med,0.8925648331642151,147,154,170,245,158,199
frame_76,Rack_1,18,8,dew_med,0.8677336573600769,125,159,146,246,135,202
frame_76,Rack_1,14,8,dew_med,0.8976508378982544,100,164,125,248,112,206
frame_76,Rack_2,40,3,coke_med,0.7160557508468628,612,251,639,345,625,298
frame_76,Rack_2,39,3,coke_med,0.8448355793952942,585,254,611,345,598,299
frame_76,Rack_2,46,3,coke_med,0.8363222479820251,554,255,584,346,569,300
frame_76,Rack_2,21,3,coke_med,0.9049156904220581,522,253,552,347,537,300
frame_76,Rack_2,80,3,coke_med,0.7315216064453125,492,256,517,347,504,301
frame_76,Rack_2,48,6,coke_v_med,0.6320542097091675,457,245,490,348,473,296
frame_76,Rack_2,33,6,coke_v_med,0.5133863687515259,426,266,456,347,441,306
frame_76,Rack_2,9,2,anw_med,0.8920288681983948,394,261,424,347,409,304
frame_76,Rack_2,23,2,anw_med,0.9186805486679077,361,262,392,348,376,305
frame_76,Rack_2,1,2,anw_med,0.9056801795959473,329,264,359,347,344,305
frame_76,Rack_2,28,2,anw_med,0.8901650905609131,299,265,327,347,313,306
frame_76,Rack_2,22,2,anw_med,0.9032561182975769,269,265,298,347,283,306
frame_76,Rack_2,41,15,pepsi_med,0.8795259594917297,234,266,260,345,247,305
frame_76,Rack_2,25,15,pepsi_med,0.911325991153717,203,266,231,345,217,305
frame_76,Rack_2,10,15,pepsi_med,0.9109914898872375,175,267,200,345,187,306
frame_76,Rack_2,16,15,pepsi_med,0.9135305285453796,150,265,175,345,162,305
frame_76,Rack_2,15,15,pepsi_med,0.9313125610351562,122,267,149,345,135,306
frame_76,Rack_2,55,13,kick_med,0.8441396951675415,92,268,121,345,106,306
frame_76,Rack_2,54,13,kick_med,0.869540810585022,67,267,91,345,79,306
frame_76,Rack_2,63,13,kick_med,0.8464612364768982,42,266,68,344,55,305
frame_76,Rack_2,74,13,kick_med,0.7168830037117004,19,267,42,345,30,306
frame_76,Rack_3,4,7,coke_z_big,0.8790819644927979,587,366,633,488,610,427
frame_76,Rack_3,5,7,coke_z_big,0.9455373883247375,542,367,586,489,564,428
frame_76,Rack_3,3,7,coke_z_big,0.9325353503227234,500,367,541,489,520,428
frame_76,Rack_3,6,7,coke_z_big,0.9220017790794373,456,367,498,489,477,428
frame_76,Rack_3,27,5,coke_v_big,0.8809006214141846,415,368,454,489,434,428
frame_76,Rack_3,19,5,coke_v_big,0.9095919132232666,375,368,414,489,394,428
frame_76,Rack_3,17,5,coke_v_big,0.9051415324211121,337,367,374,487,355,427
frame_76,Rack_3,7,5,coke_v_big,0.9322528839111328,300,367,337,485,318,426
frame_76,Rack_3,2,5,coke_v_big,0.9199784994125366,263,369,300,488,281,428
frame_76,Rack_3,8,14,pepsi_big,0.904230535030365,228,366,262,489,245,427
frame_76,Rack_3,11,14,pepsi_big,0.9125308990478516,196,366,229,489,212,427
frame_76,Rack_3,47,14,pepsi_big,0.9138275384902954,162,365,196,489,179,427
frame_76,Rack_3,38,10,fanta_grape_big,0.920425295829773,121,366,161,488,141,427
frame_76,Rack_3,57,10,fanta_grape_big,0.7109284400939941,98,365,121,484,109,424
frame_76,Rack_3,73,10,fanta_grape_big,0.6794722676277161,70,365,97,478,83,421
frame_76,Rack_3,67,12,fanta_straw_big,0.8963906168937683,32,365,70,473,51,419
frame_76,Rack_3,78,12,fanta_straw_big,0.7570828199386597,3,365,31,471,17,418
frame_77,Rack_1,44,1,a&w_small,0.7333097457885742,614,147,638,210,626,178
frame_77,Rack_1,37,1,a&w_small,0.8698754906654358,585,148,615,211,600,179
frame_77,Rack_1,26,1,a&w_small,0.8705074787139893,553,149,583,213,568,181
frame_77,Rack_1,32,1,a&w_small,0.7149913907051086,520,150,553,215,536,182
frame_77,Rack_1,29,1,a&w_small,0.5643270611763,492,150,516,215,504,182
frame_77,Rack_1,43,4,coke_small,0.8786347508430481,465,150,491,217,478,183
frame_77,Rack_1,35,4,coke_small,0.8816962242126465,437,149,463,219,450,184
frame_77,Rack_1,45,4,coke_small,0.8728201985359192,408,149,435,221,421,185
frame_77,Rack_1,50,4,coke_small,0.8933322429656982,381,149,408,222,394,185
frame_77,Rack_1,30,4,coke_small,0.8712834119796753,352,148,380,224,366,186
frame_77,Rack_1,42,17,sprite_small,0.9109918475151062,323,150,348,225,335,187
frame_77,Rack_1,24,17,sprite_small,0.8496837019920349,300,150,324,225,312,187
frame_77,Rack_1,34,17,sprite_small,0.8944015502929688,279,150,301,225,290,187
frame_77,Rack_1,36,17,sprite_small,0.8990982174873352,254,150,280,225,267,187
frame_77,Rack_1,31,8,dew_med,0.8739600777626038,224,149,251,242,237,195
frame_77,Rack_1,20,8,dew_med,0.8743203282356262,198,149,224,243,211,196
frame_77,Rack_1,13,8,dew_med,0.8929175734519958,171,150,197,245,184,197
frame_77,Rack_1,12,8,dew_med,0.8800851106643677,147,152,170,245,158,198
frame_77,Rack_1,18,8,dew_med,0.8663194179534912,125,156,146,246,135,201
frame_77,Rack_1,14,8,dew_med,0.8963097929954529,100,163,125,247,112,205
frame_77,Rack_2,40,3,coke_med,0.7539607286453247,611,237,640,345,625,291
frame_77,Rack_2,39,3,coke_med,0.8210097551345825,585,242,614,344,599,293
frame_77,Rack_2,46,3,coke_med,0.8143468499183655,553,244,586,345,569,294
frame_77,Rack_2,21,3,coke_med,0.8919242024421692,521,242,554,346,537,294
frame_77,Rack_2,56,6,coke_v_med,0.817516565322876,489,236,523,347,506,291
frame_77,Rack_2,48,6,coke_v_med,0.610034704208374,456,236,491,348,473,292
frame_77,Rack_2,9,2,anw_med,0.8562918901443481,395,263,424,347,409,305
frame_77,Rack_2,23,2,anw_med,0.9286401271820068,362,263,393,347,377,305
frame_77,Rack_2,1,2,anw_med,0.8977224826812744,329,264,359,347,344,305
frame_77,Rack_2,28,2,anw_med,0.9098238945007324,300,265,328,346,314,305
frame_77,Rack_2,22,2,anw_med,0.8924816250801086,270,265,298,346,284,305
frame_77,Rack_2,41,15,pepsi_med,0.890562117099762,234,265,260,344,247,304
frame_77,Rack_2,25,15,pepsi_med,0.9077102541923523,203,264,231,344,217,304
frame_77,Rack_2,10,15,pepsi_med,0.9169728755950928,176,265,201,344,188,304
frame_77,Rack_2,16,15,pepsi_med,0.9138970375061035,150,264,175,344,162,304
frame_77,Rack_2,15,15,pepsi_med,0.9278861880302429,123,266,149,344,136,305
frame_77,Rack_2,55,13,kick_med,0.8829612731933594,92,265,121,344,106,304
frame_77,Rack_2,54,13,kick_med,0.8920654654502869,68,265,92,344,80,304
frame_77,Rack_2,63,13,kick_med,0.873687207698822,42,265,68,344,55,304
frame_77,Rack_2,74,13,kick_med,0.7931663393974304,19,266,42,344,30,305
frame_77,Rack_3,4,7,coke_z_big,0.9098330736160278,588,366,634,488,611,427
frame_77,Rack_3,5,7,coke_z_big,0.9494777917861938,543,366,587,489,565,427
frame_77,Rack_3,3,7,coke_z_big,0.9375292062759399,501,367,542,489,521,428
frame_77,Rack_3,6,7,coke_z_big,0.928177535533905,457,367,499,489,478,428
frame_77,Rack_3,27,5,coke_v_big,0.8878930807113647,416,367,455,489,435,428
frame_77,Rack_3,19,5,coke_v_big,0.9102175831794739,375,367,415,489,395,428
frame_77,Rack_3,17,5,coke_v_big,0.9012763500213623,338,367,375,486,356,426
frame_77,Rack_3,7,5,coke_v_big,0.9352850317955017,301,367,337,485,319,426
frame_77,Rack_3,2,5,coke_v_big,0.9199331998825073,263,368,300,488,281,428
frame_77,Rack_3,8,14,pepsi_big,0.9098943471908569,229,366,263,489,246,427
frame_77,Rack_3,11,14,pepsi_big,0.8964096903800964,197,365,229,489,213,427
frame_77,Rack_3,47,14,pepsi_big,0.9050055742263794,162,365,196,488,179,426
frame_77,Rack_3,38,10,fanta_grape_big,0.9183716773986816,122,366,162,488,142,427
frame_77,Rack_3,57,10,fanta_grape_big,0.7092504501342773,99,366,122,483,110,424
frame_77,Rack_3,67,12,fanta_straw_big,0.8851926922798157,32,365,70,472,51,418
frame_77,Rack_3,78,12,fanta_straw_big,0.5978951454162598,4,365,32,470,18,417
frame_78,Rack_1,44,1,a&w_small,0.7244375348091125,614,148,638,209,626,178
frame_78,Rack_1,37,1,a&w_small,0.8442233204841614,587,149,616,209,601,179
frame_78,Rack_1,26,1,a&w_small,0.8136041760444641,554,149,584,212,569,180
frame_78,Rack_1,32,1,a&w_small,0.6444504857063293,522,150,553,213,537,181
frame_78,Rack_1,29,1,a&w_small,0.6114173531532288,494,151,517,214,505,182
frame_78,Rack_1,43,4,coke_small,0.8454777598381042,466,150,492,216,479,183
frame_78,Rack_1,35,4,coke_small,0.8780692219734192,438,149,464,217,451,183
frame_78,Rack_1,45,4,coke_small,0.8925584554672241,409,149,436,220,422,184
frame_78,Rack_1,50,4,coke_small,0.9075300693511963,382,149,409,221,395,185
frame_78,Rack_1,30,4,coke_small,0.8761870861053467,353,149,381,223,367,186
frame_78,Rack_1,42,17,sprite_small,0.9198620915412903,325,150,349,224,337,187
frame_78,Rack_1,24,17,sprite_small,0.8728972673416138,301,150,325,224,313,187
frame_78,Rack_1,34,17,sprite_small,0.8999758362770081,280,150,302,224,291,187
frame_78,Rack_1,36,17,sprite_small,0.9068024158477783,255,150,281,225,268,187
frame_78,Rack_1,31,8,dew_med,0.8634869456291199,225,148,252,241,238,194
frame_78,Rack_1,20,8,dew_med,0.8585142493247986,199,148,225,242,212,195
frame_78,Rack_1,13,8,dew_med,0.8879574537277222,172,149,198,244,185,196
frame_78,Rack_1,12,8,dew_med,0.8750941753387451,148,151,171,244,159,197
frame_78,Rack_1,18,8,dew_med,0.8942974209785461,126,154,147,245,136,199
frame_78,Rack_1,14,8,dew_med,0.8844412565231323,101,161,125,247,113,204
frame_78,Rack_2,40,3,coke_med,0.5710960626602173,611,232,640,344,625,288
frame_78,Rack_2,39,3,coke_med,0.8285378813743591,586,235,616,344,601,289
frame_78,Rack_2,46,3,coke_med,0.8315748572349548,554,239,588,344,571,291
frame_78,Rack_2,21,3,coke_med,0.917134165763855,522,237,556,345,539,291
frame_78,Rack_2,56,6,coke_v_med,0.8088210225105286,491,236,524,345,507,290
frame_78,Rack_2,33,6,coke_v_med,0.5485827922821045,428,266,458,346,443,306
frame_78,Rack_2,9,2,anw_med,0.8961502313613892,396,263,425,346,410,304
frame_78,Rack_2,23,2,anw_med,0.9317637085914612,363,263,393,346,378,304
frame_78,Rack_2,1,2,anw_med,0.8935257196426392,330,264,360,346,345,305
frame_78,Rack_2,28,2,anw_med,0.8900366425514221,301,264,329,346,315,305
frame_78,Rack_2,22,2,anw_med,0.8806230425834656,270,264,299,346,284,305
frame_78,Rack_2,41,15,pepsi_med,0.8926810622215271,234,265,260,344,247,304
frame_78,Rack_2,25,15,pepsi_med,0.8993958234786987,204,264,232,343,218,303
frame_78,Rack_2,10,15,pepsi_med,0.9138939380645752,177,264,202,344,189,304
frame_78,Rack_2,16,15,pepsi_med,0.9187344908714294,151,265,176,344,163,304
frame_78,Rack_2,15,15,pepsi_med,0.9098806381225586,124,266,150,344,137,305
frame_78,Rack_2,55,13,kick_med,0.8979552388191223,93,265,122,344,107,304
frame_78,Rack_2,54,13,kick_med,0.8769901394844055,69,265,93,343,81,304
frame_78,Rack_2,63,13,kick_med,0.8136910796165466,43,265,69,343,56,304
frame_78,Rack_2,74,13,kick_med,0.7389193773269653,19,266,43,343,31,304
frame_78,Rack_3,4,7,coke_z_big,0.9022714495658875,589,366,635,488,612,427
frame_78,Rack_3,5,7,coke_z_big,0.938507616519928,545,366,589,488,567,427
frame_78,Rack_3,3,7,coke_z_big,0.9457324147224426,502,366,543,488,522,427
frame_78,Rack_3,6,7,coke_z_big,0.9255052208900452,458,366,500,489,479,427
frame_78,Rack_3,27,5,coke_v_big,0.8925738334655762,417,367,456,488,436,427
frame_78,Rack_3,19,5,coke_v_big,0.9127972722053528,376,367,416,488,396,427
frame_78,Rack_3,17,5,coke_v_big,0.888732373714447,339,367,375,485,357,426
frame_78,Rack_3,7,5,coke_v_big,0.9379211068153381,302,367,338,483,320,425
frame_78,Rack_3,2,5,coke_v_big,0.9238308668136597,264,368,301,487,282,427
frame_78,Rack_3,8,14,pepsi_big,0.9339443445205688,230,365,263,488,246,426
frame_78,Rack_3,11,14,pepsi_big,0.9076797962188721,198,365,230,488,214,426
frame_78,Rack_3,47,14,pepsi_big,0.9207032322883606,163,365,197,488,180,426
frame_78,Rack_3,38,10,fanta_grape_big,0.9180216193199158,123,365,163,487,143,426
frame_78,Rack_3,57,10,fanta_grape_big,0.7385571599006653,100,365,122,483,111,424
frame_78,Rack_3,67,12,fanta_straw_big,0.9037742018699646,33,364,71,471,52,417
frame_78,Rack_3,78,12,fanta_straw_big,0.5720047950744629,4,364,32,469,18,416
frame_79,Rack_1,37,1,a&w_small,0.7785676121711731,588,148,617,209,602,178
frame_79,Rack_1,26,1,a&w_small,0.7710871696472168,556,149,585,211,570,180
frame_79,Rack_1,32,1,a&w_small,0.7558677196502686,525,149,555,211,540,180
frame_79,Rack_1,29,1,a&w_small,0.7560039758682251,495,150,518,214,506,182
frame_79,Rack_1,43,4,coke_small,0.737927258014679,468,150,494,215,481,182
frame_79,Rack_1,35,4,coke_small,0.8626755475997925,440,149,466,216,453,182
frame_79,Rack_1,45,4,coke_small,0.86369389295578,410,149,437,219,423,184
frame_79,Rack_1,50,4,coke_small,0.9071885943412781,384,149,410,220,397,184
frame_79,Rack_1,30,4,coke_small,0.909473717212677,354,149,382,222,368,185
frame_79,Rack_1,42,17,sprite_small,0.9156627655029297,326,150,351,224,338,187
frame_79,Rack_1,24,17,sprite_small,0.8993085622787476,303,150,327,224,315,187
frame_79,Rack_1,34,17,sprite_small,0.8687429428100586,281,151,303,225,292,188
frame_79,Rack_1,36,17,sprite_small,0.895094096660614,257,150,282,225,269,187
frame_79,Rack_1,31,8,dew_med,0.8125242590904236,227,148,253,239,240,193
frame_79,Rack_1,20,8,dew_med,0.827174961566925,200,148,226,242,213,195
frame_79,Rack_1,13,8,dew_med,0.8452179431915283,173,150,199,244,186,197
frame_79,Rack_1,12,8,dew_med,0.8276857733726501,149,152,172,244,160,198
frame_79,Rack_1,18,8,dew_med,0.8534798622131348,127,157,148,245,137,201
frame_79,Rack_1,14,8,dew_med,0.9080097079277039,102,161,126,247,114,204
frame_79,Rack_2,52,3,coke_med,0.7402488589286804,618,259,637,343,627,301
frame_79,Rack_2,40,3,coke_med,0.5364189147949219,613,231,640,343,626,287
frame_79,Rack_2,39,3,coke_med,0.8494784235954285,590,253,616,343,603,298
frame_79,Rack_2,46,3,coke_med,0.8222995400428772,558,252,588,343,573,297
frame_79,Rack_2,21,3,coke_med,0.802521824836731,526,251,556,344,541,297
frame_79,Rack_2,56,6,coke_v_med,0.6814819574356079,494,245,524,344,509,294
frame_79,Rack_2,48,6,coke_v_med,0.7595455050468445,460,242,493,346,476,294
frame_79,Rack_2,33,6,coke_v_med,0.7432135343551636,429,265,460,346,444,305
frame_79,Rack_2,9,2,anw_med,0.8418239951133728,398,264,427,345,412,304
frame_79,Rack_2,23,2,anw_med,0.9351514577865601,364,263,394,346,379,304
frame_79,Rack_2,1,2,anw_med,0.9295302629470825,332,263,361,345,346,304
frame_79,Rack_2,28,2,anw_med,0.8762366771697998,302,264,330,345,316,304
frame_79,Rack_2,22,2,anw_med,0.8919740915298462,272,264,300,346,286,305
frame_79,Rack_2,41,15,pepsi_med,0.9128982424736023,235,264,261,344,248,304
frame_79,Rack_2,25,15,pepsi_med,0.8966314792633057,205,263,233,343,219,303
frame_79,Rack_2,10,15,pepsi_med,0.9085826277732849,178,263,203,343,190,303
frame_79,Rack_2,16,15,pepsi_med,0.9090418219566345,152,264,177,344,164,304
frame_79,Rack_2,15,15,pepsi_med,0.8956714272499084,125,264,152,343,138,303
frame_79,Rack_2,55,13,kick_med,0.8940995335578918,94,264,124,344,109,304
frame_79,Rack_2,54,13,kick_med,0.9020946621894836,70,264,94,344,82,304
frame_79,Rack_2,63,13,kick_med,0.856592059135437,44,265,70,343,57,304
frame_79,Rack_2,74,13,kick_med,0.8390098214149475,21,266,44,343,32,304
frame_79,Rack_3,4,7,coke_z_big,0.8682299852371216,590,366,636,487,613,426
frame_79,Rack_3,5,7,coke_z_big,0.9327208995819092,547,367,590,487,568,427
frame_79,Rack_3,3,7,coke_z_big,0.9439249038696289,504,367,545,487,524,427
frame_79,Rack_3,6,7,coke_z_big,0.9538295865058899,460,367,502,488,481,427
frame_79,Rack_3,27,5,coke_v_big,0.8663764595985413,418,367,457,487,437,427
frame_79,Rack_3,19,5,coke_v_big,0.921272873878479,378,367,417,487,397,427
frame_79,Rack_3,17,5,coke_v_big,0.893623948097229,341,367,377,485,359,426
frame_79,Rack_3,7,5,coke_v_big,0.9247077107429504,303,367,340,484,321,425
frame_79,Rack_3,2,5,coke_v_big,0.9220800995826721,265,367,302,486,283,426
frame_79,Rack_3,8,14,pepsi_big,0.9336261749267578,231,365,264,488,247,426
frame_79,Rack_3,11,14,pepsi_big,0.9191747903823853,199,365,231,487,215,426
frame_79,Rack_3,47,14,pepsi_big,0.9267564415931702,165,365,198,487,181,426
frame_79,Rack_3,38,10,fanta_grape_big,0.9280888438224792,124,365,164,487,144,426
frame_79,Rack_3,57,10,fanta_grape_big,0.773363471031189,101,365,124,483,112,424
frame_79,Rack_3,67,12,fanta_straw_big,0.9005632400512695,35,364,72,471,53,417
frame_79,Rack_3,78,12,fanta_straw_big,0.7518044114112854,5,364,34,469,19,416
frame_80,Rack_1,37,1,a&w_small,0.7961857318878174,589,148,618,209,603,178
frame_80,Rack_1,26,1,a&w_small,0.8351156115531921,558,149,587,210,572,179
frame_80,Rack_1,32,1,a&w_small,0.5667202472686768,526,150,556,212,541,181
frame_80,Rack_1,29,1,a&w_small,0.8391368985176086,496,150,519,213,507,181
frame_80,Rack_1,43,4,coke_small,0.8958355784416199,469,149,495,215,482,182
frame_80,Rack_1,35,4,coke_small,0.8674460053443909,441,149,467,217,454,183
frame_80,Rack_1,45,4,coke_small,0.9029710292816162,412,149,439,220,425,184
frame_80,Rack_1,50,4,coke_small,0.9163417220115662,385,149,411,221,398,185
frame_80,Rack_1,30,4,coke_small,0.8659278750419617,356,149,384,223,370,186
frame_80,Rack_1,42,17,sprite_small,0.9047883152961731,328,149,352,224,340,186
frame_80,Rack_1,24,17,sprite_small,0.8770907521247864,304,150,328,224,316,187
frame_80,Rack_1,34,17,sprite_small,0.8988559246063232,283,150,305,224,294,187
frame_80,Rack_1,36,17,sprite_small,0.9087460041046143,258,150,284,224,271,187
frame_80,Rack_1,31,8,dew_med,0.8637298941612244,228,148,255,240,241,194
frame_80,Rack_1,20,8,dew_med,0.8692713975906372,202,148,227,242,214,195
frame_80,Rack_1,13,8,dew_med,0.8672070503234863,175,150,201,244,188,197
frame_80,Rack_1,12,8,dew_med,0.8766435980796814,150,151,174,244,162,197
frame_80,Rack_1,18,8,dew_med,0.8426489233970642,128,157,149,244,138,200
frame_80,Rack_1,14,8,dew_med,0.8967394232749939,103,161,128,246,115,203
frame_80,Rack_1,49,8,dew_med,0.5879514217376709,76,161,102,247,89,204
frame_80,Rack_1,81,0,7up_med,0.6104742884635925,55,164,76,247,65,205
frame_80,Rack_2,40,3,coke_med,0.753607451915741,614,230,640,343,627,286
frame_80,Rack_2,39,3,coke_med,0.89295893907547,590,241,619,343,604,292
frame_80,Rack_2,46,3,coke_med,0.8828555345535278,558,241,592,344,575,292
frame_80,Rack_2,21,3,coke_med,0.8713189363479614,526,240,559,344,542,292
frame_80,Rack_2,56,6,coke_v_med,0.5747660994529724,495,240,527,345,511,292
frame_80,Rack_2,48,6,coke_v_med,0.5613176822662354,462,242,495,347,478,294
frame_80,Rack_2,33,6,coke_v_med,0.6068702936172485,431,264,461,346,446,305
frame_80,Rack_2,9,2,anw_med,0.8798485398292542,399,263,429,346,414,304
frame_80,Rack_2,23,2,anw_med,0.9145106077194214,366,263,396,346,381,304
frame_80,Rack_2,1,2,anw_med,0.8923075199127197,333,263,363,345,348,304
frame_80,Rack_2,28,2,anw_med,0.8795973062515259,303,264,331,345,317,304
frame_80,Rack_2,22,2,anw_med,0.9007285237312317,273,264,302,346,287,305
frame_80,Rack_2,41,15,pepsi_med,0.9027539491653442,236,264,262,344,249,304
frame_80,Rack_2,25,15,pepsi_med,0.8919065594673157,207,263,235,343,221,303
frame_80,Rack_2,10,15,pepsi_med,0.9046189188957214,179,262,205,343,192,302
frame_80,Rack_2,16,15,pepsi_med,0.901296854019165,153,263,178,343,165,303
frame_80,Rack_2,15,15,pepsi_med,0.9095317721366882,126,263,153,343,139,303
frame_80,Rack_2,55,13,kick_med,0.8985304832458496,96,265,125,344,110,304
frame_80,Rack_2,54,13,kick_med,0.8912900686264038,72,265,96,344,84,304
frame_80,Rack_2,63,13,kick_med,0.8445015549659729,46,265,72,344,59,304
frame_80,Rack_2,74,13,kick_med,0.8323368430137634,23,267,46,344,34,305
frame_80,Rack_3,4,7,coke_z_big,0.8984410166740417,592,365,637,486,614,425
frame_80,Rack_3,5,7,coke_z_big,0.9402104020118713,548,366,592,486,570,426
frame_80,Rack_3,3,7,coke_z_big,0.9464360475540161,505,367,546,486,525,426
frame_80,Rack_3,6,7,coke_z_big,0.9583857655525208,461,367,503,487,482,427
frame_80,Rack_3,27,5,coke_v_big,0.8717121481895447,420,367,459,487,439,427
frame_80,Rack_3,19,5,coke_v_big,0.9034283757209778,379,367,418,486,398,426
frame_80,Rack_3,17,5,coke_v_big,0.9060486555099487,342,366,378,485,360,425
frame_80,Rack_3,7,5,coke_v_big,0.9111179113388062,304,367,341,484,322,425
frame_80,Rack_3,2,5,coke_v_big,0.920318067073822,266,367,303,485,284,426
frame_80,Rack_3,8,14,pepsi_big,0.9315394759178162,232,365,265,486,248,425
frame_80,Rack_3,11,14,pepsi_big,0.9198212623596191,200,365,232,486,216,425
frame_80,Rack_3,47,14,pepsi_big,0.9217869639396667,166,365,199,486,182,425
frame_80,Rack_3,38,10,fanta_grape_big,0.9262670874595642,126,366,165,486,145,426
frame_80,Rack_3,57,10,fanta_grape_big,0.8141409754753113,102,366,125,483,113,424
frame_80,Rack_3,73,10,fanta_grape_big,0.527786910533905,73,365,100,476,86,420
frame_80,Rack_3,67,12,fanta_straw_big,0.8746925592422485,36,364,74,471,55,417
frame_80,Rack_3,78,12,fanta_straw_big,0.7762375473976135,6,364,35,470,20,417
frame_81,Rack_1,37,1,a&w_small,0.8623368144035339,591,148,620,209,605,178
frame_81,Rack_1,26,1,a&w_small,0.8897811770439148,559,149,589,211,574,180
frame_81,Rack_1,32,1,a&w_small,0.7056828141212463,527,150,558,212,542,181
frame_81,Rack_1,29,1,a&w_small,0.7942127585411072,497,150,521,214,509,182
frame_81,Rack_1,43,4,coke_small,0.896579921245575,470,150,496,215,483,182
frame_81,Rack_1,35,4,coke_small,0.8697022795677185,442,149,468,217,455,183
frame_81,Rack_1,45,4,coke_small,0.9046024084091187,414,149,441,219,427,184
frame_81,Rack_1,50,4,coke_small,0.9128303527832031,386,150,412,221,399,185
frame_81,Rack_1,30,4,coke_small,0.8444792628288269,357,149,385,223,371,186
frame_81,Rack_1,42,17,sprite_small,0.871300458908081,329,151,354,224,341,187
frame_81,Rack_1,24,17,sprite_small,0.8734118342399597,305,149,330,225,317,187
frame_81,Rack_1,34,17,sprite_small,0.9017594456672668,284,150,307,226,295,188
frame_81,Rack_1,36,17,sprite_small,0.9179640412330627,260,150,286,225,273,187
frame_81,Rack_1,31,8,dew_med,0.8566862344741821,230,148,257,240,243,194
frame_81,Rack_1,20,8,dew_med,0.8524290919303894,203,148,229,242,216,195
frame_81,Rack_1,13,8,dew_med,0.8916394114494324,176,149,203,244,189,196
frame_81,Rack_1,12,8,dew_med,0.8981541395187378,152,151,176,244,164,197
frame_81,Rack_1,18,8,dew_med,0.8833286166191101,130,156,151,244,140,200
frame_81,Rack_1,14,8,dew_med,0.89054936170578,105,160,130,246,117,203
frame_81,Rack_1,81,0,7up_med,0.6347856521606445,57,161,79,248,68,204
frame_81,Rack_1,69,8,dew_med,0.7102239727973938,37,167,59,249,48,208
frame_81,Rack_2,40,3,coke_med,0.7541700005531311,615,230,640,343,627,286
frame_81,Rack_2,39,3,coke_med,0.8177174925804138,591,243,620,343,605,293
frame_81,Rack_2,46,3,coke_med,0.8688744902610779,558,236,593,344,575,290
frame_81,Rack_2,21,3,coke_med,0.838257908821106,527,237,561,344,544,290
frame_81,Rack_2,56,6,coke_v_med,0.6656761169433594,496,239,528,345,512,292
frame_81,Rack_2,48,6,coke_v_med,0.5465417504310608,465,250,495,347,480,298
frame_81,Rack_2,9,2,anw_med,0.8758786916732788,399,253,432,347,415,300
frame_81,Rack_2,23,2,anw_med,0.8911586403846741,366,258,398,347,382,302
frame_81,Rack_2,1,2,anw_med,0.8895354866981506,334,263,364,345,349,304
frame_81,Rack_2,28,2,anw_med,0.9077469706535339,305,263,333,345,319,304
frame_81,Rack_2,22,2,anw_med,0.8954124450683594,275,263,304,345,289,304
frame_81,Rack_2,41,15,pepsi_med,0.8825486302375793,238,264,264,344,251,304
frame_81,Rack_2,25,15,pepsi_med,0.9049515724182129,208,263,236,343,222,303
frame_81,Rack_2,10,15,pepsi_med,0.8929212093353271,180,262,206,343,193,302
frame_81,Rack_2,16,15,pepsi_med,0.9116300344467163,155,264,180,343,167,303
frame_81,Rack_2,15,15,pepsi_med,0.9066186547279358,127,263,154,343,140,303
frame_81,Rack_2,55,13,kick_med,0.8845638036727905,97,264,127,344,112,304
frame_81,Rack_2,54,13,kick_med,0.8966166973114014,73,264,97,344,85,304
frame_81,Rack_2,63,13,kick_med,0.8511351943016052,47,265,73,344,60,304
frame_81,Rack_2,74,13,kick_med,0.8258403539657593,24,267,47,343,35,305
frame_81,Rack_2,84,13,kick_med,0.702403724193573,4,267,24,342,14,304
frame_81,Rack_3,4,7,coke_z_big,0.920272946357727,592,365,637,486,614,425
frame_81,Rack_3,5,7,coke_z_big,0.9513203501701355,550,366,593,486,571,426
frame_81,Rack_3,3,7,coke_z_big,0.952037513256073,507,367,547,486,527,426
frame_81,Rack_3,6,7,coke_z_big,0.9496425986289978,462,366,505,486,483,426
frame_81,Rack_3,27,5,coke_v_big,0.882426381111145,421,367,460,486,440,426
frame_81,Rack_3,19,5,coke_v_big,0.9050894379615784,381,367,420,486,400,426
frame_81,Rack_3,17,5,coke_v_big,0.9112803339958191,343,366,380,485,361,425
frame_81,Rack_3,7,5,coke_v_big,0.9087222814559937,306,367,342,484,324,425
frame_81,Rack_3,2,5,coke_v_big,0.9178019762039185,268,367,305,485,286,426
frame_81,Rack_3,8,14,pepsi_big,0.9317044019699097,234,365,266,486,250,425
frame_81,Rack_3,11,14,pepsi_big,0.9133749604225159,201,365,233,486,217,425
frame_81,Rack_3,47,14,pepsi_big,0.9114825129508972,167,365,200,485,183,425
frame_81,Rack_3,38,10,fanta_grape_big,0.9298364520072937,127,365,166,486,146,425
frame_81,Rack_3,57,10,fanta_grape_big,0.8295295834541321,103,365,126,482,114,423
frame_81,Rack_3,73,10,fanta_grape_big,0.5801348686218262,74,365,101,476,87,420
frame_81,Rack_3,67,12,fanta_straw_big,0.8732152581214905,37,364,75,471,56,417
frame_81,Rack_3,78,12,fanta_straw_big,0.8749743103981018,7,364,36,470,21,417
frame_82,Rack_1,37,1,a&w_small,0.8504629135131836,592,148,621,209,606,178
frame_82,Rack_1,26,1,a&w_small,0.8831104636192322,561,149,590,211,575,180
frame_82,Rack_1,32,1,a&w_small,0.7516942620277405,528,150,559,212,543,181
frame_82,Rack_1,29,4,coke_small,0.7231507897377014,499,150,522,214,510,182
frame_82,Rack_1,43,4,coke_small,0.8852726221084595,471,150,497,215,484,182
frame_82,Rack_1,35,4,coke_small,0.865601122379303,444,149,470,216,457,182
frame_82,Rack_1,45,4,coke_small,0.8962110280990601,415,149,442,219,428,184
frame_82,Rack_1,50,4,coke_small,0.8945785760879517,388,149,413,220,400,184
frame_82,Rack_1,30,4,coke_small,0.8675028085708618,358,149,386,222,372,185
frame_82,Rack_1,42,17,sprite_small,0.8687021136283875,330,150,355,225,342,187
frame_82,Rack_1,24,17,sprite_small,0.8912234902381897,307,149,331,225,319,187
frame_82,Rack_1,34,17,sprite_small,0.9068294763565063,286,150,308,226,297,188
frame_82,Rack_1,36,17,sprite_small,0.9144136905670166,261,149,287,225,274,187
frame_82,Rack_1,31,8,dew_med,0.8327721357345581,231,148,258,238,244,193
frame_82,Rack_1,20,8,dew_med,0.8381151556968689,205,148,230,242,217,195
frame_82,Rack_1,13,8,dew_med,0.8815162181854248,178,149,204,243,191,196
frame_82,Rack_1,12,8,dew_med,0.8425721526145935,154,150,177,244,165,197
frame_82,Rack_1,18,8,dew_med,0.8935189843177795,132,156,153,244,142,200
frame_82,Rack_1,14,8,dew_med,0.8981404304504395,106,160,131,246,118,203
frame_82,Rack_1,81,0,7up_med,0.5092068910598755,59,159,81,248,70,203
frame_82,Rack_1,69,8,dew_med,0.6925926208496094,38,166,60,249,49,207
frame_82,Rack_2,52,3,coke_med,0.6428683400154114,620,259,639,342,629,300
frame_82,Rack_2,39,3,coke_med,0.840842604637146,594,254,619,342,606,298
frame_82,Rack_2,46,3,coke_med,0.8068755269050598,561,246,593,343,577,294
frame_82,Rack_2,21,3,coke_med,0.8281822204589844,530,251,560,344,545,297
frame_82,Rack_2,56,3,coke_med,0.6044461131095886,498,243,529,345,513,294
frame_82,Rack_2,48,6,coke_v_med,0.614297091960907,466,253,496,346,481,299
frame_82,Rack_2,33,6,coke_v_med,0.6067701578140259,433,263,464,346,448,304
frame_82,Rack_2,9,2,anw_med,0.872572660446167,401,258,432,346,416,302
frame_82,Rack_2,23,2,anw_med,0.907555878162384,368,260,399,346,383,303
frame_82,Rack_2,1,2,anw_med,0.9045811295509338,335,261,366,345,350,303
frame_82,Rack_2,28,2,anw_med,0.9035423994064331,306,262,335,345,320,303
frame_82,Rack_2,22,2,anw_med,0.8971124887466431,276,262,305,344,290,303
frame_82,Rack_2,41,15,pepsi_med,0.869843602180481,239,263,265,343,252,303
frame_82,Rack_2,25,15,pepsi_med,0.9142762422561646,209,261,238,343,223,302
frame_82,Rack_2,10,15,pepsi_med,0.9032439589500427,182,261,208,343,195,302
frame_82,Rack_2,16,15,pepsi_med,0.9199158549308777,156,264,181,343,168,303
frame_82,Rack_2,15,15,pepsi_med,0.9062193632125854,128,261,155,343,141,302
frame_82,Rack_2,55,13,kick_med,0.8893064260482788,98,262,128,344,113,303
frame_82,Rack_2,54,13,kick_med,0.8999677896499634,74,263,98,344,86,303
frame_82,Rack_2,63,13,kick_med,0.8286666870117188,48,264,74,344,61,304
frame_82,Rack_2,74,13,kick_med,0.8314140439033508,25,266,49,343,37,304
frame_82,Rack_2,84,13,kick_med,0.6767686605453491,5,267,24,343,14,305
frame_82,Rack_3,4,7,coke_z_big,0.9183228015899658,593,365,637,486,615,425
frame_82,Rack_3,5,7,coke_z_big,0.961618959903717,551,365,595,485,573,425
frame_82,Rack_3,3,7,coke_z_big,0.9527166485786438,508,366,549,486,528,426
frame_82,Rack_3,6,7,coke_z_big,0.9401316046714783,463,366,506,486,484,426
frame_82,Rack_3,27,5,coke_v_big,0.8801758885383606,423,366,461,486,442,426
frame_82,Rack_3,19,5,coke_v_big,0.9053683280944824,382,366,421,486,401,426
frame_82,Rack_3,17,5,coke_v_big,0.9183683395385742,344,365,381,485,362,425
frame_82,Rack_3,7,5,coke_v_big,0.8993099927902222,307,367,344,484,325,425
frame_82,Rack_3,2,5,coke_v_big,0.9116079211235046,269,367,306,485,287,426
frame_82,Rack_3,8,14,pepsi_big,0.9252346754074097,235,365,268,486,251,425
frame_82,Rack_3,11,14,pepsi_big,0.9164590239524841,202,365,234,486,218,425
frame_82,Rack_3,47,14,pepsi_big,0.923485517501831,168,365,201,486,184,425
frame_82,Rack_3,38,10,fanta_grape_big,0.9364803433418274,128,365,167,485,147,425
frame_82,Rack_3,57,10,fanta_grape_big,0.8369004726409912,104,365,127,481,115,423
frame_82,Rack_3,73,10,fanta_grape_big,0.5902822613716125,75,365,102,476,88,420
frame_82,Rack_3,67,12,fanta_straw_big,0.8908374905586243,38,364,76,472,57,418
frame_82,Rack_3,78,12,fanta_straw_big,0.7697679400444031,7,364,36,470,21,417
frame_83,Rack_1,37,1,a&w_small,0.8146423697471619,593,148,622,210,607,179
frame_83,Rack_1,26,1,a&w_small,0.8648406863212585,562,149,591,211,576,180
frame_83,Rack_1,32,1,a&w_small,0.7209808826446533,529,150,559,212,544,181
frame_83,Rack_1,29,4,coke_small,0.6353487968444824,500,151,523,213,511,182
frame_83,Rack_1,43,4,coke_small,0.8571538925170898,472,150,498,215,485,182
frame_83,Rack_1,35,4,coke_small,0.8807204961776733,445,149,471,216,458,182
frame_83,Rack_1,45,4,coke_small,0.8892812728881836,416,149,443,219,429,184
frame_83,Rack_1,50,4,coke_small,0.9317820072174072,389,149,415,220,402,184
frame_83,Rack_1,30,4,coke_small,0.9031065106391907,359,149,387,222,373,185
frame_83,Rack_1,42,17,sprite_small,0.9046264290809631,331,151,356,224,343,187
frame_83,Rack_1,24,17,sprite_small,0.8797988295555115,308,149,333,225,320,187
frame_83,Rack_1,34,17,sprite_small,0.9092981219291687,287,150,309,226,298,188
frame_83,Rack_1,36,17,sprite_small,0.9072352051734924,262,150,288,226,275,188
frame_83,Rack_1,31,8,dew_med,0.8195982575416565,232,148,259,237,245,192
frame_83,Rack_1,20,8,dew_med,0.8511913418769836,206,148,232,241,219,194
frame_83,Rack_1,13,8,dew_med,0.8874951601028442,179,149,205,243,192,196
frame_83,Rack_1,12,8,dew_med,0.8526242971420288,155,150,178,244,166,197
frame_83,Rack_1,18,8,dew_med,0.9027403593063354,133,154,154,244,143,199
frame_83,Rack_1,14,8,dew_med,0.8888218998908997,107,159,132,246,119,202
frame_83,Rack_1,49,8,dew_med,0.7084037065505981,81,161,107,247,94,204
frame_83,Rack_1,81,0,7up_med,0.6483604311943054,60,157,82,247,71,202
frame_83,Rack_1,69,8,dew_med,0.700184166431427,39,163,62,248,50,205
frame_83,Rack_2,52,3,coke_med,0.6544458270072937,620,252,640,342,630,297
frame_83,Rack_2,39,3,coke_med,0.8319108486175537,595,257,620,342,607,299
frame_83,Rack_2,46,3,coke_med,0.7947097420692444,562,248,593,343,577,295
frame_83,Rack_2,21,3,coke_med,0.845202624797821,532,257,560,344,546,300
frame_83,Rack_2,48,6,coke_v_med,0.6468781232833862,467,250,497,346,482,298
frame_83,Rack_2,33,6,coke_v_med,0.6791949272155762,433,252,467,346,450,299
frame_83,Rack_2,9,2,anw_med,0.8938483595848083,402,259,433,346,417,302
frame_83,Rack_2,23,2,anw_med,0.9024654030799866,369,260,400,345,384,302
frame_83,Rack_2,1,2,anw_med,0.903657078742981,336,261,367,345,351,303
frame_83,Rack_2,28,2,anw_med,0.900436520576477,307,261,336,344,321,302
frame_83,Rack_2,22,2,anw_med,0.8774450421333313,277,260,306,344,291,302
frame_83,Rack_2,41,15,pepsi_med,0.8700114488601685,240,262,267,343,253,302
frame_83,Rack_2,25,15,pepsi_med,0.9088568687438965,210,260,239,343,224,301
frame_83,Rack_2,10,15,pepsi_med,0.907778263092041,183,260,209,343,196,301
frame_83,Rack_2,16,15,pepsi_med,0.8889989256858826,157,261,182,342,169,301
frame_83,Rack_2,15,15,pepsi_med,0.8852943778038025,129,260,157,343,143,301
frame_83,Rack_2,55,13,kick_med,0.9042239189147949,98,261,128,344,113,302
frame_83,Rack_2,54,13,kick_med,0.8922635912895203,75,263,99,343,87,303
frame_83,Rack_2,63,13,kick_med,0.8229238390922546,49,264,75,343,62,303
frame_83,Rack_2,74,13,kick_med,0.7893656492233276,26,266,50,343,38,304
frame_83,Rack_2,84,13,kick_med,0.6343436241149902,5,266,25,342,15,304
frame_83,Rack_3,4,7,coke_z_big,0.9259873032569885,594,364,638,486,616,425
frame_83,Rack_3,5,7,coke_z_big,0.9564781785011292,552,365,596,485,574,425
frame_83,Rack_3,3,7,coke_z_big,0.9535200595855713,509,366,550,486,529,426
frame_83,Rack_3,6,7,coke_z_big,0.93951416015625,464,365,507,486,485,425
frame_83,Rack_3,27,5,coke_v_big,0.8877083659172058,424,366,462,486,443,426
frame_83,Rack_3,19,5,coke_v_big,0.9120423197746277,383,366,422,486,402,426
frame_83,Rack_3,17,5,coke_v_big,0.9264005422592163,345,365,381,485,363,425
frame_83,Rack_3,7,5,coke_v_big,0.9029377698898315,308,367,344,485,326,426
frame_83,Rack_3,2,5,coke_v_big,0.9032194018363953,270,367,307,485,288,426
frame_83,Rack_3,8,14,pepsi_big,0.9203059673309326,235,364,268,486,251,425
frame_83,Rack_3,11,14,pepsi_big,0.911604642868042,203,364,235,485,219,424
frame_83,Rack_3,47,14,pepsi_big,0.9272428154945374,168,364,202,486,185,425
frame_83,Rack_3,38,10,fanta_grape_big,0.9331122040748596,129,365,168,485,148,425
frame_83,Rack_3,57,10,fanta_grape_big,0.8212623000144958,104,365,128,481,116,423
frame_83,Rack_3,73,10,fanta_grape_big,0.6070964336395264,76,365,103,475,89,420
frame_83,Rack_3,67,12,fanta_straw_big,0.9025338292121887,38,364,77,472,57,418
frame_83,Rack_3,78,12,fanta_straw_big,0.6278676390647888,6,364,36,470,21,417
frame_84,Rack_1,37,1,a&w_small,0.8177871704101562,593,148,622,210,607,179
frame_84,Rack_1,26,1,a&w_small,0.8690011501312256,562,149,592,211,577,180
frame_84,Rack_1,32,1,a&w_small,0.7195767164230347,529,150,560,212,544,181
frame_84,Rack_1,29,4,coke_small,0.585696280002594,500,151,523,213,511,182
frame_84,Rack_1,43,4,coke_small,0.8583074808120728,473,150,499,215,486,182
frame_84,Rack_1,35,4,coke_small,0.8884283304214478,446,149,472,216,459,182
frame_84,Rack_1,45,4,coke_small,0.8948715925216675,417,149,444,219,430,184
frame_84,Rack_1,50,4,coke_small,0.9331876635551453,390,149,416,220,403,184
frame_84,Rack_1,30,4,coke_small,0.9184274673461914,360,149,388,222,374,185
frame_84,Rack_1,42,17,sprite_small,0.8818232417106628,333,151,357,224,345,187
frame_84,Rack_1,24,17,sprite_small,0.8522687554359436,309,149,333,225,321,187
frame_84,Rack_1,34,17,sprite_small,0.8980945348739624,288,150,310,225,299,187
frame_84,Rack_1,36,17,sprite_small,0.9002876281738281,263,150,289,225,276,187
frame_84,Rack_1,31,8,dew_med,0.8234911561012268,234,148,260,235,247,191
frame_84,Rack_1,20,8,dew_med,0.8396392464637756,207,149,233,241,220,195
frame_84,Rack_1,13,8,dew_med,0.8843371272087097,180,149,206,242,193,195
frame_84,Rack_1,12,8,dew_med,0.8598694801330566,155,150,179,243,167,196
frame_84,Rack_1,18,8,dew_med,0.8906705975532532,133,153,155,243,144,198
frame_84,Rack_1,14,8,dew_med,0.9070263504981995,108,159,133,244,120,201
frame_84,Rack_1,49,8,dew_med,0.7263292670249939,81,159,108,246,94,202
frame_84,Rack_1,81,0,7up_med,0.6729253530502319,60,155,83,247,71,201
frame_84,Rack_1,69,8,dew_med,0.7086061835289001,39,159,63,247,51,203
frame_84,Rack_2,52,3,coke_med,0.6584780216217041,621,255,640,342,630,298
frame_84,Rack_2,39,3,coke_med,0.8245866894721985,596,257,620,342,608,299
frame_84,Rack_2,46,3,coke_med,0.7756074666976929,562,247,594,343,578,295
frame_84,Rack_2,21,3,coke_med,0.8441230058670044,533,259,560,344,546,301
frame_84,Rack_2,48,6,coke_v_med,0.6932032704353333,467,248,498,346,482,297
frame_84,Rack_2,33,6,coke_v_med,0.6210788488388062,435,258,467,345,451,301
frame_84,Rack_2,9,2,anw_med,0.9046044945716858,402,248,436,346,419,297
frame_84,Rack_2,23,2,anw_med,0.9401853084564209,370,259,402,345,386,302
frame_84,Rack_2,1,2,anw_med,0.8992220759391785,337,260,368,345,352,302
frame_84,Rack_2,28,2,anw_med,0.8957914710044861,308,260,337,344,322,302
frame_84,Rack_2,22,2,anw_med,0.8741843104362488,278,260,307,344,292,302
frame_84,Rack_2,41,15,pepsi_med,0.8847984671592712,241,262,267,343,254,302
frame_84,Rack_2,25,15,pepsi_med,0.9026427865028381,210,259,239,343,224,301
frame_84,Rack_2,10,15,pepsi_med,0.9219605326652527,183,259,210,343,196,301
frame_84,Rack_2,16,15,pepsi_med,0.893215000629425,157,261,183,342,170,301
frame_84,Rack_2,15,15,pepsi_med,0.8860554099082947,129,260,157,343,143,301
frame_84,Rack_2,55,13,kick_med,0.8931698799133301,99,261,129,343,114,302
frame_84,Rack_2,54,13,kick_med,0.888327419757843,75,262,99,343,87,302
frame_84,Rack_2,63,13,kick_med,0.8277108073234558,49,264,75,343,62,303
frame_84,Rack_2,74,13,kick_med,0.7817180156707764,26,265,50,343,38,304
frame_84,Rack_2,84,13,kick_med,0.6080114245414734,5,266,25,343,15,304
frame_84,Rack_3,4,7,coke_z_big,0.9189736843109131,595,364,638,485,616,424
frame_84,Rack_3,5,7,coke_z_big,0.9559457898139954,552,364,596,485,574,424
frame_84,Rack_3,3,7,coke_z_big,0.9530906081199646,510,365,551,486,530,425
frame_84,Rack_3,6,7,coke_z_big,0.9396907687187195,465,365,508,486,486,425
frame_84,Rack_3,27,5,coke_v_big,0.886378288269043,424,366,463,486,443,426
frame_84,Rack_3,19,5,coke_v_big,0.9214649796485901,384,366,423,486,403,426
frame_84,Rack_3,17,5,coke_v_big,0.9333838224411011,345,365,382,485,363,425
frame_84,Rack_3,7,5,coke_v_big,0.9106866717338562,309,367,345,484,327,425
frame_84,Rack_3,2,5,coke_v_big,0.9042381048202515,271,367,308,485,289,426
frame_84,Rack_3,8,14,pepsi_big,0.9209731817245483,236,364,269,486,252,425
frame_84,Rack_3,11,14,pepsi_big,0.9214379787445068,203,364,235,485,219,424
frame_84,Rack_3,47,14,pepsi_big,0.9261253476142883,169,364,202,486,185,425
frame_84,Rack_3,38,10,fanta_grape_big,0.9351632595062256,129,365,168,485,148,425
frame_84,Rack_3,57,10,fanta_grape_big,0.8512775301933289,105,365,128,481,116,423
frame_84,Rack_3,73,10,fanta_grape_big,0.62217777967453,76,365,103,476,89,420
frame_84,Rack_3,67,12,fanta_straw_big,0.8996692895889282,38,364,77,472,57,418
frame_84,Rack_3,78,12,fanta_straw_big,0.7591677308082581,5,364,36,470,20,417
frame_85,Rack_1,37,1,a&w_small,0.8247795701026917,593,148,622,210,607,179
frame_85,Rack_1,26,1,a&w_small,0.860416054725647,562,149,592,212,577,180
frame_85,Rack_1,32,1,a&w_small,0.7327736020088196,529,150,560,213,544,181
frame_85,Rack_1,29,4,coke_small,0.5237077474594116,501,151,524,213,512,182
frame_85,Rack_1,43,4,coke_small,0.864662230014801,473,150,500,215,486,182
frame_85,Rack_1,35,4,coke_small,0.9028207063674927,447,149,473,216,460,182
frame_85,Rack_1,45,4,coke_small,0.9064802527427673,418,149,445,219,431,184
frame_85,Rack_1,50,4,coke_small,0.9209001064300537,391,149,417,219,404,184
frame_85,Rack_1,30,4,coke_small,0.9198372960090637,361,149,389,222,375,185
frame_85,Rack_1,42,17,sprite_small,0.8907430171966553,334,151,357,224,345,187
frame_85,Rack_1,24,17,sprite_small,0.8791267275810242,310,150,334,225,322,187
frame_85,Rack_1,34,17,sprite_small,0.8931111097335815,289,150,311,225,300,187
frame_85,Rack_1,36,17,sprite_small,0.9015941619873047,264,149,290,225,277,187
frame_85,Rack_1,31,8,dew_med,0.8230153918266296,235,148,260,233,247,190
frame_85,Rack_1,20,8,dew_med,0.8426949977874756,208,148,233,241,220,194
frame_85,Rack_1,13,8,dew_med,0.8839339017868042,180,148,206,242,193,195
frame_85,Rack_1,12,8,dew_med,0.8326070308685303,156,149,179,242,167,195
frame_85,Rack_1,18,8,dew_med,0.8786455392837524,133,152,155,243,144,197
frame_85,Rack_1,14,8,dew_med,0.9206492304801941,108,158,133,244,120,201
frame_85,Rack_1,81,0,7up_med,0.6635782718658447,59,153,82,246,70,199
frame_85,Rack_1,69,0,7up_med,0.6974197626113892,38,156,62,247,50,201
frame_85,Rack_2,52,3,coke_med,0.5569096207618713,620,242,640,341,630,291
frame_85,Rack_2,39,3,coke_med,0.8525474071502686,594,240,623,342,608,291
frame_85,Rack_2,46,3,coke_med,0.8842148184776306,561,236,595,343,578,289
frame_85,Rack_2,21,3,coke_med,0.8737611770629883,530,241,563,343,546,292
frame_85,Rack_2,56,3,coke_med,0.6956616044044495,500,240,531,344,515,292
frame_85,Rack_2,48,6,coke_v_med,0.5711556673049927,469,256,497,345,483,300
frame_85,Rack_2,33,6,coke_v_med,0.5268567800521851,436,261,467,345,451,303
frame_85,Rack_2,9,2,anw_med,0.8982967734336853,402,242,437,347,419,294
frame_85,Rack_2,23,2,anw_med,0.9401266574859619,371,259,402,345,386,302
frame_85,Rack_2,1,2,anw_med,0.8986527323722839,338,260,368,344,353,302
frame_85,Rack_2,28,2,anw_med,0.8964976072311401,309,261,337,344,323,302
frame_85,Rack_2,22,2,anw_med,0.8774226307868958,278,260,307,344,292,302
frame_85,Rack_2,41,15,pepsi_med,0.8883239030838013,242,262,268,343,255,302
frame_85,Rack_2,25,15,pepsi_med,0.8924292922019958,211,259,239,342,225,300
frame_85,Rack_2,10,15,pepsi_med,0.9007220268249512,183,259,210,343,196,301
frame_85,Rack_2,16,15,pepsi_med,0.8907797932624817,157,260,183,341,170,300
frame_85,Rack_2,15,15,pepsi_med,0.8918159604072571,129,260,156,343,142,301
frame_85,Rack_2,55,13,kick_med,0.8768277764320374,99,261,128,343,113,302
frame_85,Rack_2,54,13,kick_med,0.8765519857406616,74,262,99,343,86,302
frame_85,Rack_2,63,13,kick_med,0.8158754706382751,49,264,74,343,61,303
frame_85,Rack_2,74,13,kick_med,0.7449998259544373,25,267,48,343,36,305
frame_85,Rack_3,4,7,coke_z_big,0.9292423725128174,595,364,638,485,616,424
frame_85,Rack_3,5,7,coke_z_big,0.9548734426498413,552,364,596,485,574,424
frame_85,Rack_3,3,7,coke_z_big,0.9523005485534668,510,365,551,485,530,425
frame_85,Rack_3,6,7,coke_z_big,0.9372544288635254,465,365,508,485,486,425
frame_85,Rack_3,27,5,coke_v_big,0.8800697326660156,425,365,464,485,444,425
frame_85,Rack_3,19,5,coke_v_big,0.9228078126907349,384,366,424,485,404,425
frame_85,Rack_3,17,5,coke_v_big,0.9358327388763428,346,365,383,484,364,424
frame_85,Rack_3,7,5,coke_v_big,0.9125363230705261,309,366,346,484,327,425
frame_85,Rack_3,2,5,coke_v_big,0.9059346914291382,272,367,309,485,290,426
frame_85,Rack_3,8,14,pepsi_big,0.9262028336524963,236,364,269,485,252,424
frame_85,Rack_3,11,14,pepsi_big,0.9111260175704956,203,363,235,485,219,424
frame_85,Rack_3,47,14,pepsi_big,0.9273509383201599,169,363,202,485,185,424
frame_85,Rack_3,38,10,fanta_grape_big,0.9374619126319885,129,364,168,485,148,424
frame_85,Rack_3,57,10,fanta_grape_big,0.8526260852813721,104,364,128,481,116,422
frame_85,Rack_3,73,10,fanta_grape_big,0.6339362859725952,75,365,103,477,89,421
frame_85,Rack_3,67,12,fanta_straw_big,0.9073580503463745,37,364,76,472,56,418
frame_85,Rack_3,78,12,fanta_straw_big,0.6256148219108582,4,365,35,470,19,417
frame_86,Rack_1,37,1,a&w_small,0.8211599588394165,593,148,621,210,607,179
frame_86,Rack_1,26,1,a&w_small,0.8478913307189941,563,149,592,212,577,180
frame_86,Rack_1,32,1,a&w_small,0.6677107810974121,529,150,560,212,544,181
frame_86,Rack_1,43,4,coke_small,0.8824148774147034,474,149,500,215,487,182
frame_86,Rack_1,35,4,coke_small,0.9117611050605774,447,149,473,216,460,182
frame_86,Rack_1,45,4,coke_small,0.8961607813835144,419,149,446,219,432,184
frame_86,Rack_1,50,4,coke_small,0.9046874046325684,392,149,418,219,405,184
frame_86,Rack_1,30,4,coke_small,0.9152188897132874,362,148,390,222,376,185
frame_86,Rack_1,42,17,sprite_small,0.901210606098175,334,150,358,224,346,187
frame_86,Rack_1,24,17,sprite_small,0.8794360160827637,311,149,335,224,323,186
frame_86,Rack_1,34,17,sprite_small,0.8868255615234375,290,149,312,226,301,187
frame_86,Rack_1,36,17,sprite_small,0.9035782217979431,265,149,290,225,277,187
frame_86,Rack_1,31,8,dew_med,0.8264676928520203,235,148,261,234,248,191
frame_86,Rack_1,20,8,dew_med,0.8359020352363586,208,148,234,240,221,194
frame_86,Rack_1,13,8,dew_med,0.8854709267616272,181,148,207,241,194,194
frame_86,Rack_1,12,8,dew_med,0.8258541226387024,156,148,179,242,167,195
frame_86,Rack_1,18,8,dew_med,0.844353973865509,133,152,155,243,144,197
frame_86,Rack_1,14,8,dew_med,0.9259618520736694,108,156,133,244,120,200
frame_86,Rack_1,81,0,7up_med,0.7030408382415771,59,153,81,246,70,199
frame_86,Rack_1,69,0,7up_med,0.7447605729103088,37,156,61,247,49,201
frame_86,Rack_2,52,3,coke_med,0.5262405276298523,620,239,640,341,630,290
frame_86,Rack_2,39,3,coke_med,0.8735947608947754,593,233,623,342,608,287
frame_86,Rack_2,46,3,coke_med,0.8809927105903625,561,233,596,343,578,288
frame_86,Rack_2,21,3,coke_med,0.883424699306488,530,235,564,343,547,289
frame_86,Rack_2,56,3,coke_med,0.6864825487136841,500,236,532,344,516,290
frame_86,Rack_2,80,3,coke_med,0.5357962846755981,500,236,532,346,516,291
frame_86,Rack_2,48,6,coke_v_med,0.6624345183372498,468,244,500,345,484,294
frame_86,Rack_2,33,6,coke_v_med,0.7426917552947998,434,247,470,345,452,296
frame_86,Rack_2,9,2,anw_med,0.8957496881484985,402,240,438,347,420,293
frame_86,Rack_2,23,2,anw_med,0.9296495318412781,371,259,403,345,387,302
frame_86,Rack_2,1,2,anw_med,0.9092795252799988,339,260,369,344,354,302
frame_86,Rack_2,28,2,anw_med,0.8715094327926636,310,261,338,344,324,302
frame_86,Rack_2,22,2,anw_med,0.8743200898170471,279,261,308,344,293,302
frame_86,Rack_2,41,15,pepsi_med,0.9009221792221069,242,262,268,343,255,302
frame_86,Rack_2,25,15,pepsi_med,0.8876135945320129,211,260,240,342,225,301
frame_86,Rack_2,10,15,pepsi_med,0.912306010723114,184,259,210,343,197,301
frame_86,Rack_2,16,15,pepsi_med,0.883805513381958,157,260,183,341,170,300
frame_86,Rack_2,15,15,pepsi_med,0.8951559066772461,129,260,156,343,142,301
frame_86,Rack_2,55,13,kick_med,0.8632088899612427,98,261,128,343,113,302
frame_86,Rack_2,54,13,kick_med,0.888109564781189,74,261,98,342,86,301
frame_86,Rack_2,63,13,kick_med,0.8540186285972595,48,263,73,342,60,302
frame_86,Rack_2,74,13,kick_med,0.7903268337249756,24,266,47,342,35,304
frame_86,Rack_3,4,7,coke_z_big,0.9284768104553223,595,364,637,485,616,424
frame_86,Rack_3,5,7,coke_z_big,0.9538115859031677,552,364,596,485,574,424
frame_86,Rack_3,3,7,coke_z_big,0.9505513310432434,510,365,551,486,530,425
frame_86,Rack_3,6,7,coke_z_big,0.9387098550796509,466,365,509,486,487,425
frame_86,Rack_3,27,5,coke_v_big,0.888923168182373,425,365,464,486,444,425
frame_86,Rack_3,19,5,coke_v_big,0.925842821598053,385,366,424,485,404,425
frame_86,Rack_3,17,5,coke_v_big,0.9421611428260803,347,365,383,484,365,424
frame_86,Rack_3,7,5,coke_v_big,0.9139651656150818,310,366,346,484,328,425
frame_86,Rack_3,2,5,coke_v_big,0.9022096395492554,272,367,309,485,290,426
frame_86,Rack_3,8,14,pepsi_big,0.9307181239128113,237,364,270,485,253,424
frame_86,Rack_3,11,14,pepsi_big,0.9274467825889587,203,363,236,485,219,424
frame_86,Rack_3,47,14,pepsi_big,0.9234996438026428,169,363,202,486,185,424
frame_86,Rack_3,38,10,fanta_grape_big,0.9397905468940735,129,364,168,485,148,424
frame_86,Rack_3,57,10,fanta_grape_big,0.8524258732795715,104,364,128,482,116,423
frame_86,Rack_3,73,10,fanta_grape_big,0.6968474984169006,75,364,102,478,88,421
frame_86,Rack_3,67,12,fanta_straw_big,0.928981363773346,36,364,75,472,55,418
frame_86,Rack_3,78,12,fanta_straw_big,0.6049781441688538,4,364,35,471,19,417
frame_87,Rack_1,37,1,a&w_small,0.7854595184326172,593,148,622,210,607,179
frame_87,Rack_1,26,1,a&w_small,0.839806318283081,563,149,593,212,578,180
frame_87,Rack_1,32,1,a&w_small,0.745357096195221,530,150,561,213,545,181
frame_87,Rack_1,29,4,coke_small,0.5258879065513611,502,150,525,214,513,182
frame_87,Rack_1,43,4,coke_small,0.8776566386222839,475,149,501,215,488,182
frame_87,Rack_1,35,4,coke_small,0.8904590010643005,448,149,474,216,461,182
frame_87,Rack_1,45,4,coke_small,0.9128747582435608,420,149,447,219,433,184
frame_87,Rack_1,50,4,coke_small,0.9200412034988403,393,149,419,219,406,184
frame_87,Rack_1,30,4,coke_small,0.9153867959976196,363,148,392,221,377,184
frame_87,Rack_1,42,17,sprite_small,0.9084228277206421,336,150,360,224,348,187
frame_87,Rack_1,24,17,sprite_small,0.9183862805366516,312,149,336,225,324,187
frame_87,Rack_1,34,17,sprite_small,0.8942319750785828,291,149,313,226,302,187
frame_87,Rack_1,36,17,sprite_small,0.9121138453483582,265,149,291,226,278,187
frame_87,Rack_1,31,8,dew_med,0.8407506346702576,235,148,261,234,248,191
frame_87,Rack_1,20,8,dew_med,0.8418650031089783,209,148,234,239,221,193
frame_87,Rack_1,13,8,dew_med,0.871067225933075,181,148,207,241,194,194
frame_87,Rack_1,12,8,dew_med,0.8335402011871338,156,148,179,241,167,194
frame_87,Rack_1,18,8,dew_med,0.8317395448684692,133,151,155,241,144,196
frame_87,Rack_1,14,8,dew_med,0.8621423244476318,108,154,133,241,120,197
frame_87,Rack_1,81,0,7up_med,0.7572392821311951,59,152,81,243,70,197
frame_87,Rack_1,69,0,7up_med,0.8149027228355408,37,154,60,241,48,197
frame_87,Rack_1,85,0,7up_med,0.7800450921058655,7,156,34,234,20,195
frame_87,Rack_2,52,3,coke_med,0.5538816452026367,620,241,640,341,630,291
frame_87,Rack_2,39,3,coke_med,0.8305542469024658,593,234,623,342,608,288
frame_87,Rack_2,46,3,coke_med,0.8589153289794922,561,232,596,343,578,287
frame_87,Rack_2,21,3,coke_med,0.8894162774085999,530,231,565,344,547,287
frame_87,Rack_2,80,3,coke_med,0.6411242485046387,500,231,534,347,517,289
frame_87,Rack_2,56,3,coke_med,0.6378275752067566,500,234,533,344,516,289
frame_87,Rack_2,48,6,coke_v_med,0.6243521571159363,468,238,501,345,484,291
frame_87,Rack_2,33,6,coke_v_med,0.7758462429046631,435,245,471,346,453,295
frame_87,Rack_2,9,2,anw_med,0.9083318114280701,403,239,439,347,421,293
frame_87,Rack_2,23,2,anw_med,0.9061765670776367,372,258,404,345,388,301
frame_87,Rack_2,1,2,anw_med,0.9078625440597534,340,260,370,344,355,302
frame_87,Rack_2,28,2,anw_med,0.8674654960632324,310,261,339,344,324,302
frame_87,Rack_2,22,2,anw_med,0.8770740628242493,280,261,309,344,294,302
frame_87,Rack_2,41,15,pepsi_med,0.9080422520637512,243,262,269,343,256,302
frame_87,Rack_2,25,15,pepsi_med,0.8619748950004578,212,260,240,342,226,301
frame_87,Rack_2,10,15,pepsi_med,0.9171882271766663,184,259,210,343,197,301
frame_87,Rack_2,16,15,pepsi_med,0.8935577273368835,158,260,183,341,170,300
frame_87,Rack_2,15,15,pepsi_med,0.9006437659263611,129,260,157,343,143,301
frame_87,Rack_2,55,13,kick_med,0.8543045520782471,98,261,128,343,113,302
frame_87,Rack_2,54,13,kick_med,0.8865768909454346,74,261,98,342,86,301
frame_87,Rack_2,63,13,kick_med,0.8588153123855591,47,263,73,342,60,302
frame_87,Rack_2,74,13,kick_med,0.7992203235626221,23,265,46,343,34,304
frame_87,Rack_3,4,7,coke_z_big,0.9174655079841614,595,364,637,485,616,424
frame_87,Rack_3,5,7,coke_z_big,0.9510026574134827,552,363,596,485,574,424
frame_87,Rack_3,3,7,coke_z_big,0.9528096914291382,510,364,552,485,531,424
frame_87,Rack_3,6,7,coke_z_big,0.9361664056777954,467,365,509,485,488,425
frame_87,Rack_3,27,5,coke_v_big,0.8888527154922485,426,365,465,485,445,425
frame_87,Rack_3,19,5,coke_v_big,0.9219281077384949,386,366,425,485,405,425
frame_87,Rack_3,17,5,coke_v_big,0.9456179738044739,348,365,384,484,366,424
frame_87,Rack_3,7,5,coke_v_big,0.9170454144477844,311,366,347,484,329,425
frame_87,Rack_3,2,5,coke_v_big,0.8981374502182007,273,367,310,485,291,426
frame_87,Rack_3,8,14,pepsi_big,0.9391964673995972,237,364,270,485,253,424
frame_87,Rack_3,11,14,pepsi_big,0.9270919561386108,204,363,236,485,220,424
frame_87,Rack_3,47,14,pepsi_big,0.9195382595062256,169,363,203,485,186,424
frame_87,Rack_3,38,10,fanta_grape_big,0.944360613822937,130,364,168,484,149,424
frame_87,Rack_3,57,10,fanta_grape_big,0.864946186542511,104,364,128,482,116,423
frame_87,Rack_3,73,10,fanta_grape_big,0.7308674454689026,74,364,102,478,88,421
frame_87,Rack_3,67,12,fanta_straw_big,0.931170642375946,35,364,75,472,55,418
frame_87,Rack_3,78,12,fanta_straw_big,0.5413835048675537,3,364,35,471,19,417
frame_88,Rack_1,37,1,a&w_small,0.8153249621391296,594,148,623,211,608,179
frame_88,Rack_1,26,1,a&w_small,0.8206263184547424,564,149,594,213,579,181
frame_88,Rack_1,32,1,a&w_small,0.7810220718383789,531,150,563,214,547,182
frame_88,Rack_1,43,4,coke_small,0.8835460543632507,476,150,503,215,489,182
frame_88,Rack_1,35,4,coke_small,0.8557313680648804,450,149,476,217,463,183
frame_88,Rack_1,45,4,coke_small,0.9035567045211792,421,149,449,219,435,184
frame_88,Rack_1,50,4,coke_small,0.9335825443267822,394,149,420,220,407,184
frame_88,Rack_1,30,4,coke_small,0.9157981872558594,365,148,394,222,379,185
frame_88,Rack_1,42,17,sprite_small,0.9158226847648621,337,149,361,224,349,186
frame_88,Rack_1,24,17,sprite_small,0.9090021252632141,314,149,338,225,326,187
frame_88,Rack_1,34,17,sprite_small,0.9065454006195068,292,149,314,226,303,187
frame_88,Rack_1,36,17,sprite_small,0.9005634188652039,267,148,293,226,280,187
frame_88,Rack_1,31,8,dew_med,0.861589252948761,237,148,262,233,249,190
frame_88,Rack_1,20,8,dew_med,0.8317515850067139,210,148,235,239,222,193
frame_88,Rack_1,13,8,dew_med,0.8679788112640381,182,147,208,240,195,193
frame_88,Rack_1,12,8,dew_med,0.82501620054245,157,148,180,241,168,194
frame_88,Rack_1,18,8,dew_med,0.8190028667449951,134,150,156,241,145,195
frame_88,Rack_1,14,8,dew_med,0.855612576007843,108,152,133,241,120,196
frame_88,Rack_1,49,8,dew_med,0.633126974105835,81,154,108,243,94,198
frame_88,Rack_1,81,0,7up_med,0.7008776068687439,59,152,81,240,70,196
frame_88,Rack_1,69,0,7up_med,0.8260599374771118,38,153,60,235,49,194
frame_88,Rack_1,85,0,7up_med,0.7819969654083252,8,155,34,231,21,193
frame_88,Rack_2,52,3,coke_med,0.6245131492614746,621,249,640,341,630,295
frame_88,Rack_2,39,3,coke_med,0.810905933380127,595,247,622,342,608,294
frame_88,Rack_2,46,3,coke_med,0.772581934928894,562,232,597,343,579,287
frame_88,Rack_2,21,3,coke_med,0.8591253161430359,533,246,564,345,548,295
frame_88,Rack_2,56,3,coke_med,0.583991527557373,502,236,534,344,518,290
frame_88,Rack_2,80,3,coke_med,0.6209833025932312,501,231,534,347,517,289
frame_88,Rack_2,48,6,coke_v_med,0.7094138264656067,469,241,502,345,485,293
frame_88,Rack_2,33,6,coke_v_med,0.7953466176986694,438,254,470,345,454,299
frame_88,Rack_2,9,2,anw_med,0.8851324915885925,405,243,440,347,422,295
frame_88,Rack_2,23,2,anw_med,0.8748724460601807,373,256,406,346,389,301
frame_88,Rack_2,1,2,anw_med,0.8919820785522461,342,260,372,344,357,302
frame_88,Rack_2,28,2,anw_med,0.8810661435127258,312,261,340,344,326,302
frame_88,Rack_2,22,2,anw_med,0.8745879530906677,281,261,310,344,295,302
frame_88,Rack_2,41,15,pepsi_med,0.8944592475891113,245,262,272,343,258,302
frame_88,Rack_2,25,15,pepsi_med,0.879406750202179,213,260,242,342,227,301
frame_88,Rack_2,10,15,pepsi_med,0.9180748462677002,185,259,211,343,198,301
frame_88,Rack_2,16,15,pepsi_med,0.9336013793945312,158,261,184,342,171,301
frame_88,Rack_2,15,15,pepsi_med,0.9004552960395813,130,262,157,343,143,302
frame_88,Rack_2,55,13,kick_med,0.8699836134910583,99,261,128,343,113,302
frame_88,Rack_2,54,13,kick_med,0.903571605682373,74,261,99,342,86,301
frame_88,Rack_2,63,13,kick_med,0.878588855266571,47,262,73,342,60,302
frame_88,Rack_2,74,13,kick_med,0.8239737153053284,23,263,47,342,35,302
frame_88,Rack_2,84,13,kick_med,0.5921650528907776,3,264,23,342,13,303
frame_88,Rack_3,4,7,coke_z_big,0.9162986874580383,595,364,637,485,616,424
frame_88,Rack_3,5,7,coke_z_big,0.953774094581604,552,364,596,485,574,424
frame_88,Rack_3,3,7,coke_z_big,0.9555934071540833,511,364,552,485,531,424
frame_88,Rack_3,6,7,coke_z_big,0.941906213760376,468,365,510,485,489,425
frame_88,Rack_3,27,5,coke_v_big,0.8952894806861877,427,365,466,485,446,425
frame_88,Rack_3,19,5,coke_v_big,0.9092533588409424,387,366,426,485,406,425
frame_88,Rack_3,17,5,coke_v_big,0.9437402486801147,349,365,385,484,367,424
frame_88,Rack_3,7,5,coke_v_big,0.920973002910614,312,366,348,484,330,425
frame_88,Rack_3,2,5,coke_v_big,0.9045388102531433,274,367,311,485,292,426
frame_88,Rack_3,8,14,pepsi_big,0.9336073994636536,239,364,272,485,255,424
frame_88,Rack_3,11,14,pepsi_big,0.9312559366226196,205,363,237,484,221,423
frame_88,Rack_3,47,14,pepsi_big,0.9288753271102905,170,364,204,485,187,424
frame_88,Rack_3,38,10,fanta_grape_big,0.935623049736023,131,365,169,484,150,424
frame_88,Rack_3,57,10,fanta_grape_big,0.852691113948822,104,365,129,482,116,423
frame_88,Rack_3,73,10,fanta_grape_big,0.6882470846176147,75,365,103,478,89,421
frame_88,Rack_3,67,12,fanta_straw_big,0.9041774868965149,36,364,75,472,55,418
frame_89,Rack_1,37,1,a&w_small,0.8514840602874756,595,148,624,211,609,179
frame_89,Rack_1,26,1,a&w_small,0.8529439568519592,565,149,595,214,580,181
frame_89,Rack_1,32,1,a&w_small,0.8124695420265198,533,150,565,215,549,182
frame_89,Rack_1,43,4,coke_small,0.9045982956886292,478,150,505,216,491,183
frame_89,Rack_1,35,4,coke_small,0.8899864554405212,451,149,478,217,464,183
frame_89,Rack_1,45,4,coke_small,0.8871310949325562,423,149,450,219,436,184
frame_89,Rack_1,50,4,coke_small,0.912139356136322,396,149,422,220,409,184
frame_89,Rack_1,30,4,coke_small,0.8871679902076721,367,148,395,222,381,185
frame_89,Rack_1,42,17,sprite_small,0.9097806811332703,339,149,363,224,351,186
frame_89,Rack_1,24,17,sprite_small,0.8620288372039795,316,149,340,225,328,187
frame_89,Rack_1,34,17,sprite_small,0.9071930050849915,294,149,316,226,305,187
frame_89,Rack_1,36,17,sprite_small,0.8943545818328857,268,148,294,227,281,187
frame_89,Rack_1,31,8,dew_med,0.8761596083641052,238,147,264,234,251,190
frame_89,Rack_1,20,8,dew_med,0.876681387424469,212,147,237,239,224,193
frame_89,Rack_1,13,8,dew_med,0.8507654070854187,183,147,210,240,196,193
frame_89,Rack_1,12,8,dew_med,0.8437427878379822,159,148,182,241,170,194
frame_89,Rack_1,18,8,dew_med,0.8377957940101624,135,150,157,241,146,195
frame_89,Rack_1,14,8,dew_med,0.8635251522064209,110,152,135,242,122,197
frame_89,Rack_1,49,8,dew_med,0.5823544263839722,82,153,109,244,95,198
frame_89,Rack_1,81,0,7up_med,0.8014729619026184,61,151,82,239,71,195
frame_89,Rack_1,69,0,7up_med,0.8510309457778931,38,152,61,236,49,194
frame_89,Rack_1,85,0,7up_med,0.8175144195556641,8,154,35,230,21,192
frame_89,Rack_2,52,3,coke_med,0.5292016267776489,622,238,640,342,631,290
frame_89,Rack_2,39,3,coke_med,0.7967527508735657,597,255,622,342,609,298
frame_89,Rack_2,46,3,coke_med,0.7607582807540894,565,239,597,343,581,291
frame_89,Rack_2,21,3,coke_med,0.8805059790611267,534,238,566,344,550,291
frame_89,Rack_2,56,3,coke_med,0.5000207424163818,503,238,535,344,519,291
frame_89,Rack_2,80,3,coke_med,0.5469836592674255,503,235,535,347,519,291
frame_89,Rack_2,33,6,coke_v_med,0.5061337351799011,441,260,471,345,456,302
frame_89,Rack_2,9,2,anw_med,0.8941988348960876,406,236,442,347,424,291
frame_89,Rack_2,23,2,anw_med,0.8812889456748962,373,243,410,346,391,294
frame_89,Rack_2,1,2,anw_med,0.8824110627174377,343,262,373,344,358,303
frame_89,Rack_2,28,2,anw_med,0.8866592645645142,314,262,342,344,328,303
frame_89,Rack_2,22,2,anw_med,0.9166152477264404,283,263,312,345,297,304
frame_89,Rack_2,41,15,pepsi_med,0.8716912865638733,247,263,273,342,260,302
frame_89,Rack_2,25,15,pepsi_med,0.8708663582801819,215,262,243,342,229,302
frame_89,Rack_2,10,15,pepsi_med,0.9232690930366516,187,261,212,342,199,301
frame_89,Rack_2,16,15,pepsi_med,0.924572765827179,160,262,185,342,172,302
frame_89,Rack_2,15,15,pepsi_med,0.9009231328964233,132,263,158,342,145,302
frame_89,Rack_2,55,13,kick_med,0.8744317293167114,100,263,129,342,114,302
frame_89,Rack_2,54,13,kick_med,0.8936715722084045,75,263,99,343,87,303
frame_89,Rack_2,63,13,kick_med,0.8584745526313782,48,263,74,342,61,302
frame_89,Rack_2,74,13,kick_med,0.7735763788223267,24,264,48,342,36,303
frame_89,Rack_2,84,13,kick_med,0.5562406778335571,4,264,24,342,14,303
frame_89,Rack_3,4,7,coke_z_big,0.9431161880493164,596,364,637,485,616,424
frame_89,Rack_3,5,7,coke_z_big,0.9552827477455139,553,364,597,485,575,424
frame_89,Rack_3,3,7,coke_z_big,0.9550983905792236,512,365,553,484,532,424
frame_89,Rack_3,6,7,coke_z_big,0.9492089152336121,469,365,511,485,490,425
frame_89,Rack_3,27,5,coke_v_big,0.9114354848861694,429,365,467,485,448,425
frame_89,Rack_3,19,5,coke_v_big,0.9218654036521912,388,366,428,485,408,425
frame_89,Rack_3,17,5,coke_v_big,0.9249206185340881,350,365,387,483,368,424
frame_89,Rack_3,7,5,coke_v_big,0.9279146194458008,313,366,349,483,331,424
frame_89,Rack_3,2,5,coke_v_big,0.910065233707428,276,367,313,485,294,426
frame_89,Rack_3,8,14,pepsi_big,0.9277225136756897,241,364,274,484,257,424
frame_89,Rack_3,11,14,pepsi_big,0.9378527402877808,207,363,239,484,223,423
frame_89,Rack_3,47,14,pepsi_big,0.932459831237793,171,364,205,485,188,424
frame_89,Rack_3,38,10,fanta_grape_big,0.9266665577888489,132,365,170,484,151,424
frame_89,Rack_3,57,10,fanta_grape_big,0.8617005944252014,105,365,130,482,117,423
frame_89,Rack_3,67,12,fanta_straw_big,0.8854048252105713,37,364,77,473,57,418
frame_89,Rack_3,78,12,fanta_straw_big,0.5012795925140381,4,364,35,472,19,418
frame_90,Rack_1,37,1,a&w_small,0.8274285793304443,597,148,626,212,611,180
frame_90,Rack_1,26,1,a&w_small,0.8426500558853149,567,149,598,215,582,182
frame_90,Rack_1,32,1,a&w_small,0.7739516496658325,535,150,568,216,551,183
frame_90,Rack_1,43,4,coke_small,0.8489978313446045,481,150,507,217,494,183
frame_90,Rack_1,35,4,coke_small,0.8782100677490234,453,149,480,218,466,183
frame_90,Rack_1,45,4,coke_small,0.9084452390670776,425,149,452,220,438,184
frame_90,Rack_1,50,4,coke_small,0.9166619181632996,398,149,425,221,411,185
frame_90,Rack_1,30,4,coke_small,0.8909107446670532,369,148,398,222,383,185
frame_90,Rack_1,42,17,sprite_small,0.8990155458450317,342,150,366,224,354,187
frame_90,Rack_1,24,17,sprite_small,0.8832494616508484,318,149,343,225,330,187
frame_90,Rack_1,34,17,sprite_small,0.8996637463569641,296,149,319,226,307,187
frame_90,Rack_1,36,17,sprite_small,0.8812695145606995,271,148,297,227,284,187
frame_90,Rack_1,31,8,dew_med,0.8329529762268066,240,147,267,235,253,191
frame_90,Rack_1,20,8,dew_med,0.8448331952095032,214,147,239,239,226,193
frame_90,Rack_1,13,8,dew_med,0.8199905753135681,186,148,212,240,199,194
frame_90,Rack_1,12,8,dew_med,0.7991837859153748,161,148,184,241,172,194
frame_90,Rack_1,18,8,dew_med,0.8470355272293091,138,150,159,240,148,195
frame_90,Rack_1,14,8,dew_med,0.8785751461982727,112,153,137,241,124,197
frame_90,Rack_1,81,0,7up_med,0.7399768233299255,62,152,84,243,73,197
frame_90,Rack_1,69,0,7up_med,0.8296272158622742,39,152,63,240,51,196
frame_90,Rack_1,85,0,7up_med,0.5339381098747253,10,154,39,235,24,194
frame_90,Rack_2,39,3,coke_med,0.8416755199432373,597,242,625,342,611,292
frame_90,Rack_2,46,3,coke_med,0.7978352308273315,566,236,599,343,582,289
frame_90,Rack_2,21,3,coke_med,0.8924300074577332,535,237,568,344,551,290
frame_90,Rack_2,80,6,coke_v_med,0.5940343737602234,505,233,538,347,521,290
frame_90,Rack_2,48,6,coke_v_med,0.6405096054077148,473,243,506,346,489,294
frame_90,Rack_2,33,6,coke_v_med,0.610362708568573,443,262,473,345,458,303
frame_90,Rack_2,9,2,anw_med,0.874747097492218,409,240,443,347,426,293
frame_90,Rack_2,23,2,anw_med,0.9252079725265503,377,253,410,346,393,299
frame_90,Rack_2,1,2,anw_med,0.8712888360023499,345,261,375,345,360,303
frame_90,Rack_2,28,2,anw_med,0.902488112449646,316,262,344,344,330,303
frame_90,Rack_2,22,2,anw_med,0.8699029088020325,285,262,314,344,299,303
frame_90,Rack_2,41,15,pepsi_med,0.8853957653045654,249,262,275,343,262,302
frame_90,Rack_2,25,15,pepsi_med,0.9038241505622864,217,261,245,342,231,301
frame_90,Rack_2,10,15,pepsi_med,0.9085199236869812,189,260,214,341,201,300
frame_90,Rack_2,16,15,pepsi_med,0.9173875451087952,161,261,187,343,174,302
frame_90,Rack_2,15,15,pepsi_med,0.8942288756370544,133,261,160,342,146,301
frame_90,Rack_2,55,13,kick_med,0.8472990393638611,102,261,131,343,116,302
frame_90,Rack_2,54,13,kick_med,0.8753811717033386,77,263,101,343,89,303
frame_90,Rack_2,63,13,kick_med,0.8538320660591125,50,262,76,342,63,302
frame_90,Rack_2,74,13,kick_med,0.7787957191467285,26,264,50,342,38,303
frame_90,Rack_2,84,13,kick_med,0.5510731339454651,4,264,25,343,14,303
frame_90,Rack_3,4,7,coke_z_big,0.9341175556182861,597,364,638,486,617,425
frame_90,Rack_3,5,7,coke_z_big,0.9622405171394348,555,364,599,486,577,425
frame_90,Rack_3,3,7,coke_z_big,0.9386523962020874,514,364,555,486,534,425
frame_90,Rack_3,6,7,coke_z_big,0.9372782111167908,470,365,513,486,491,425
frame_90,Rack_3,27,5,coke_v_big,0.9026995301246643,431,365,470,486,450,425
frame_90,Rack_3,19,5,coke_v_big,0.9226670861244202,390,365,430,486,410,425
frame_90,Rack_3,17,5,coke_v_big,0.9115352034568787,352,365,389,484,370,424
frame_90,Rack_3,7,5,coke_v_big,0.9438990354537964,315,366,352,484,333,425
frame_90,Rack_3,2,5,coke_v_big,0.9214379787445068,278,367,315,485,296,426
frame_90,Rack_3,8,14,pepsi_big,0.9053623676300049,243,364,276,486,259,425
frame_90,Rack_3,11,14,pepsi_big,0.9209268689155579,209,364,242,486,225,425
frame_90,Rack_3,47,14,pepsi_big,0.928956151008606,174,364,208,487,191,425
frame_90,Rack_3,38,10,fanta_grape_big,0.9232454299926758,133,365,172,486,152,425
frame_90,Rack_3,57,10,fanta_grape_big,0.8570567965507507,107,365,132,483,119,424
frame_90,Rack_3,73,10,fanta_grape_big,0.7980703115463257,78,365,105,479,91,422
frame_90,Rack_3,67,12,fanta_straw_big,0.9185642600059509,38,364,78,474,58,419
frame_90,Rack_3,78,12,fanta_straw_big,0.8466492295265198,4,364,36,471,20,417
frame_91,Rack_1,37,1,a&w_small,0.8446213603019714,600,148,629,213,614,180
frame_91,Rack_1,26,1,a&w_small,0.8697001934051514,569,149,600,216,584,182
frame_91,Rack_1,32,1,a&w_small,0.8179073333740234,537,150,569,217,553,183
frame_91,Rack_1,29,4,coke_small,0.6665152311325073,510,151,534,216,522,183
frame_91,Rack_1,43,4,coke_small,0.872046172618866,483,151,510,217,496,184
frame_91,Rack_1,35,4,coke_small,0.8647922277450562,456,149,483,219,469,184
frame_91,Rack_1,45,4,coke_small,0.8836196660995483,428,149,455,220,441,184
frame_91,Rack_1,50,4,coke_small,0.8920743465423584,401,149,427,221,414,185
frame_91,Rack_1,30,4,coke_small,0.8587203621864319,372,148,400,223,386,185
frame_91,Rack_1,42,17,sprite_small,0.8828452229499817,345,150,369,225,357,187
frame_91,Rack_1,24,17,sprite_small,0.8929566740989685,321,149,345,226,333,187
frame_91,Rack_1,34,17,sprite_small,0.9084991812705994,299,149,322,226,310,187
frame_91,Rack_1,36,17,sprite_small,0.8938272595405579,274,149,300,227,287,188
frame_91,Rack_1,31,8,dew_med,0.8587155938148499,243,147,270,235,256,191
frame_91,Rack_1,20,8,dew_med,0.7995252013206482,216,147,242,239,229,193
frame_91,Rack_1,13,8,dew_med,0.8361265063285828,188,148,215,240,201,194
frame_91,Rack_1,12,8,dew_med,0.832594096660614,163,149,187,241,175,195
frame_91,Rack_1,18,8,dew_med,0.8507638573646545,140,151,162,240,151,195
frame_91,Rack_1,14,8,dew_med,0.8660281896591187,114,154,139,242,126,198
frame_91,Rack_1,81,0,7up_med,0.6978716254234314,64,152,87,244,75,198
frame_91,Rack_1,69,0,7up_med,0.8353176116943359,42,153,66,241,54,197
frame_91,Rack_1,85,0,7up_med,0.7830641865730286,14,155,42,234,28,194
frame_91,Rack_2,39,3,coke_med,0.7773315906524658,600,251,625,342,612,296
frame_91,Rack_2,46,3,coke_med,0.7704155445098877,568,234,601,343,584,288
frame_91,Rack_2,21,3,coke_med,0.9070141315460205,540,252,568,343,554,297
frame_91,Rack_2,56,3,coke_med,0.5818700194358826,508,238,540,346,524,292
frame_91,Rack_2,9,2,anw_med,0.8379695415496826,413,253,444,347,428,300
frame_91,Rack_2,23,2,anw_med,0.8878269195556641,380,257,411,346,395,301
frame_91,Rack_2,1,2,anw_med,0.9007800817489624,347,260,378,345,362,302
frame_91,Rack_2,28,2,anw_med,0.8446615934371948,318,261,347,344,332,302
frame_91,Rack_2,22,2,anw_med,0.8750349879264832,288,261,317,344,302,302
frame_91,Rack_2,41,15,pepsi_med,0.8844469785690308,250,261,277,342,263,301
frame_91,Rack_2,25,15,pepsi_med,0.8952199816703796,219,261,247,342,233,301
frame_91,Rack_2,10,15,pepsi_med,0.9092681407928467,190,260,217,342,203,301
frame_91,Rack_2,16,15,pepsi_med,0.8836730122566223,164,261,190,342,177,301
frame_91,Rack_2,15,15,pepsi_med,0.9246399998664856,136,260,163,342,149,301
frame_91,Rack_2,55,13,kick_med,0.859319806098938,104,261,134,343,119,302
frame_91,Rack_2,54,13,kick_med,0.8745951056480408,79,262,104,343,91,302
frame_91,Rack_2,63,13,kick_med,0.8652297258377075,52,262,78,343,65,302
frame_91,Rack_2,74,13,kick_med,0.7867518067359924,28,264,52,343,40,303
frame_91,Rack_2,84,13,kick_med,0.7442483305931091,5,264,26,343,15,303
frame_91,Rack_3,4,7,coke_z_big,0.9332104325294495,598,364,638,485,618,424
frame_91,Rack_3,5,7,coke_z_big,0.9632251262664795,557,365,600,485,578,425
frame_91,Rack_3,3,7,coke_z_big,0.9457941651344299,516,365,557,485,536,425
frame_91,Rack_3,6,7,coke_z_big,0.9380488395690918,473,365,516,485,494,425
frame_91,Rack_3,27,5,coke_v_big,0.9174625873565674,433,365,472,485,452,425
frame_91,Rack_3,19,5,coke_v_big,0.9339202642440796,392,365,432,485,412,425
frame_91,Rack_3,17,5,coke_v_big,0.9170740246772766,355,366,391,484,373,425
frame_91,Rack_3,7,5,coke_v_big,0.9412004351615906,318,365,354,483,336,424
frame_91,Rack_3,2,5,coke_v_big,0.9314892292022705,280,366,317,484,298,425
frame_91,Rack_3,8,14,pepsi_big,0.944284200668335,245,364,278,485,261,424
frame_91,Rack_3,11,14,pepsi_big,0.9368860721588135,211,364,244,484,227,424
frame_91,Rack_3,47,14,pepsi_big,0.9201744198799133,176,365,210,485,193,425
frame_91,Rack_3,38,10,fanta_grape_big,0.9004156589508057,136,366,174,485,155,425
frame_91,Rack_3,57,10,fanta_grape_big,0.810535728931427,109,365,134,482,121,423
frame_91,Rack_3,73,10,fanta_grape_big,0.7616650462150574,80,365,108,479,94,422
frame_91,Rack_3,67,12,fanta_straw_big,0.8872962594032288,39,364,79,474,59,419
frame_91,Rack_3,78,12,fanta_straw_big,0.8586909174919128,6,364,39,472,22,418
frame_92,Rack_1,37,1,a&w_small,0.7968319654464722,602,148,631,215,616,181
frame_92,Rack_1,26,1,a&w_small,0.8506619334220886,572,150,603,217,587,183
frame_92,Rack_1,32,1,a&w_small,0.7562158703804016,540,150,573,217,556,183
frame_92,Rack_1,29,4,coke_small,0.7315514087677002,513,150,536,217,524,183
frame_92,Rack_1,43,4,coke_small,0.8780418634414673,486,151,512,217,499,184
frame_92,Rack_1,35,4,coke_small,0.8804822564125061,458,149,485,219,471,184
frame_92,Rack_1,45,4,coke_small,0.906341552734375,431,149,458,220,444,184
frame_92,Rack_1,50,4,coke_small,0.8984442949295044,404,149,431,221,417,185
frame_92,Rack_1,30,4,coke_small,0.9031258821487427,375,149,404,223,389,186
frame_92,Rack_1,42,17,sprite_small,0.8816161751747131,348,149,372,225,360,187
frame_92,Rack_1,24,17,sprite_small,0.8673745393753052,324,149,349,226,336,187
frame_92,Rack_1,34,17,sprite_small,0.9133958220481873,303,149,325,227,314,188
frame_92,Rack_1,36,17,sprite_small,0.8944235444068909,278,149,303,227,290,188
frame_92,Rack_1,31,8,dew_med,0.8500187993049622,246,147,273,236,259,191
frame_92,Rack_1,20,8,dew_med,0.8322582244873047,219,148,245,240,232,194
frame_92,Rack_1,13,8,dew_med,0.8739920258522034,191,148,218,241,204,194
frame_92,Rack_1,12,8,dew_med,0.849790632724762,167,149,190,241,178,195
frame_92,Rack_1,18,8,dew_med,0.8284885287284851,143,151,165,241,154,196
frame_92,Rack_1,14,8,dew_med,0.8435895442962646,117,154,142,242,129,198
frame_92,Rack_1,49,8,dew_med,0.5231029987335205,89,153,116,242,102,197
frame_92,Rack_1,81,0,7up_med,0.7846508622169495,67,153,90,244,78,198
frame_92,Rack_1,69,0,7up_med,0.8104628324508667,45,154,68,242,56,198
frame_92,Rack_1,85,0,7up_med,0.8488375544548035,17,155,46,238,31,196
frame_92,Rack_2,39,3,coke_med,0.7459814548492432,601,239,630,342,615,290
frame_92,Rack_2,46,3,coke_med,0.7702785134315491,571,235,603,343,587,289
frame_92,Rack_2,21,3,coke_med,0.873729407787323,542,241,573,343,557,292
frame_92,Rack_2,56,3,coke_med,0.7346146106719971,510,235,543,347,526,291
frame_92,Rack_2,48,6,coke_v_med,0.5536313652992249,478,239,511,346,494,292
frame_92,Rack_2,9,2,anw_med,0.8746570944786072,417,258,446,347,431,302
frame_92,Rack_2,23,2,anw_med,0.8963382244110107,383,259,414,346,398,302
frame_92,Rack_2,1,2,anw_med,0.8809630870819092,350,260,381,345,365,302
frame_92,Rack_2,28,2,anw_med,0.9030954241752625,321,261,349,344,335,302
frame_92,Rack_2,22,2,anw_med,0.9189581871032715,291,261,320,344,305,302
frame_92,Rack_2,41,15,pepsi_med,0.8756410479545593,253,262,280,343,266,302
frame_92,Rack_2,25,15,pepsi_med,0.8631249070167542,222,260,250,343,236,301
frame_92,Rack_2,10,15,pepsi_med,0.9102787375450134,193,260,219,343,206,301
frame_92,Rack_2,16,15,pepsi_med,0.9319706559181213,167,262,193,343,180,302
frame_92,Rack_2,15,15,pepsi_med,0.9012287259101868,138,260,166,342,152,301
frame_92,Rack_2,55,13,kick_med,0.8589350581169128,107,261,137,343,122,302
frame_92,Rack_2,54,13,kick_med,0.8890965580940247,82,261,107,343,94,302
frame_92,Rack_2,63,13,kick_med,0.8452162146568298,55,262,81,343,68,302
frame_92,Rack_2,74,13,kick_med,0.7171892523765564,31,264,54,343,42,303
frame_92,Rack_2,84,13,kick_med,0.5424784421920776,7,265,28,343,17,304
frame_92,Rack_3,4,7,coke_z_big,0.9264138340950012,599,364,639,485,619,424
frame_92,Rack_3,5,7,coke_z_big,0.9451375603675842,560,364,603,485,581,424
frame_92,Rack_3,3,7,coke_z_big,0.9424436688423157,519,364,559,485,539,424
frame_92,Rack_3,6,7,coke_z_big,0.9487326741218567,475,365,518,485,496,425
frame_92,Rack_3,27,5,coke_v_big,0.880216658115387,435,365,474,485,454,425
frame_92,Rack_3,19,5,coke_v_big,0.9126363396644592,395,366,435,485,415,425
frame_92,Rack_3,17,5,coke_v_big,0.9272156357765198,358,365,394,484,376,424
frame_92,Rack_3,7,5,coke_v_big,0.9114919304847717,320,366,357,483,338,424
frame_92,Rack_3,2,5,coke_v_big,0.9360679984092712,282,366,319,484,300,425
frame_92,Rack_3,8,14,pepsi_big,0.9476446509361267,248,364,281,484,264,424
frame_92,Rack_3,11,14,pepsi_big,0.949222981929779,214,364,247,484,230,424
frame_92,Rack_3,47,14,pepsi_big,0.929732084274292,180,365,213,484,196,424
frame_92,Rack_3,38,10,fanta_grape_big,0.9170926809310913,139,365,177,484,158,424
frame_92,Rack_3,57,10,fanta_grape_big,0.8099364042282104,112,365,137,483,124,424
frame_92,Rack_3,73,10,fanta_grape_big,0.8319476246833801,82,365,110,479,96,422
frame_92,Rack_3,67,12,fanta_straw_big,0.9001418352127075,42,364,82,474,62,419
frame_92,Rack_3,78,11,fanta_lychee_big,0.5630795359611511,8,364,41,472,24,418
frame_93,Rack_1,37,1,a&w_small,0.8296204805374146,605,148,634,215,619,181
frame_93,Rack_1,26,1,a&w_small,0.8687492609024048,575,149,606,218,590,183
frame_93,Rack_1,32,1,a&w_small,0.8232165575027466,543,150,575,218,559,184
frame_93,Rack_1,43,4,coke_small,0.872599720954895,489,150,516,218,502,184
frame_93,Rack_1,35,4,coke_small,0.9062710404396057,461,150,488,220,474,185
frame_93,Rack_1,45,4,coke_small,0.8806828260421753,434,149,461,221,447,185
frame_93,Rack_1,50,4,coke_small,0.9032412171363831,407,149,434,222,420,185
frame_93,Rack_1,30,4,coke_small,0.8872030973434448,378,149,407,224,392,186
frame_93,Rack_1,42,17,sprite_small,0.8800724744796753,351,149,375,225,363,187
frame_93,Rack_1,24,17,sprite_small,0.8039469718933105,328,149,352,226,340,187
frame_93,Rack_1,34,17,sprite_small,0.8925291299819946,306,149,328,227,317,188
frame_93,Rack_1,36,17,sprite_small,0.8909512162208557,281,149,307,228,294,188
frame_93,Rack_1,31,8,dew_med,0.8541345000267029,249,148,276,237,262,192
frame_93,Rack_1,20,8,dew_med,0.8480337858200073,223,148,249,240,236,194
frame_93,Rack_1,13,8,dew_med,0.881106972694397,195,148,221,241,208,194
frame_93,Rack_1,12,8,dew_med,0.8226230144500732,170,149,194,241,182,195
frame_93,Rack_1,18,8,dew_med,0.850071132183075,147,152,169,242,158,197
frame_93,Rack_1,14,8,dew_med,0.8556748032569885,121,153,146,242,133,197
frame_93,Rack_1,49,8,dew_med,0.6050695776939392,93,153,120,244,106,198
frame_93,Rack_1,81,0,7up_med,0.834873616695404,71,153,93,245,82,199
frame_93,Rack_1,69,0,7up_med,0.8615419268608093,48,155,72,244,60,199
frame_93,Rack_1,85,0,7up_med,0.8877626657485962,21,156,49,238,35,197
frame_93,Rack_2,39,3,coke_med,0.7675850987434387,604,235,633,343,618,289
frame_93,Rack_2,46,3,coke_med,0.7562106251716614,574,234,606,343,590,288
frame_93,Rack_2,21,3,coke_med,0.8583354949951172,544,238,576,344,560,291
frame_93,Rack_2,56,3,coke_med,0.5584191679954529,513,234,546,347,529,290
frame_93,Rack_2,9,2,anw_med,0.8863512277603149,420,260,449,346,434,303
frame_93,Rack_2,23,2,anw_med,0.9404948949813843,386,260,417,346,401,303
frame_93,Rack_2,1,2,anw_med,0.8851418495178223,353,260,384,345,368,302
frame_93,Rack_2,28,2,anw_med,0.8862937092781067,324,261,353,345,338,303
frame_93,Rack_2,22,2,anw_med,0.868719756603241,294,261,323,344,308,302
frame_93,Rack_2,41,15,pepsi_med,0.9065344929695129,257,262,283,343,270,302
frame_93,Rack_2,25,15,pepsi_med,0.8672391176223755,225,261,253,343,239,302
frame_93,Rack_2,10,15,pepsi_med,0.8915864825248718,197,260,223,343,210,301
frame_93,Rack_2,16,15,pepsi_med,0.9185709953308105,170,261,196,342,183,301
frame_93,Rack_2,15,15,pepsi_med,0.8972657918930054,142,260,169,343,155,301
frame_93,Rack_2,55,13,kick_med,0.8358057737350464,110,261,140,343,125,302
frame_93,Rack_2,54,13,kick_med,0.8569905161857605,85,261,110,343,97,302
frame_93,Rack_2,63,13,kick_med,0.7560110092163086,58,262,84,343,71,302
frame_93,Rack_2,74,13,kick_med,0.6799792051315308,34,265,58,343,46,304
frame_93,Rack_3,4,7,coke_z_big,0.9261296391487122,601,364,640,486,620,425
frame_93,Rack_3,5,7,coke_z_big,0.9316533803939819,562,364,606,485,584,424
frame_93,Rack_3,3,7,coke_z_big,0.9512149691581726,521,364,562,485,541,424
frame_93,Rack_3,6,7,coke_z_big,0.9360244274139404,478,365,521,485,499,425
frame_93,Rack_3,27,5,coke_v_big,0.8944317698478699,438,366,477,486,457,426
frame_93,Rack_3,19,5,coke_v_big,0.9257087707519531,398,366,438,485,418,425
frame_93,Rack_3,17,5,coke_v_big,0.9381096959114075,360,365,397,484,378,424
frame_93,Rack_3,7,5,coke_v_big,0.919529139995575,323,366,360,483,341,424
frame_93,Rack_3,2,5,coke_v_big,0.9090801477432251,286,367,323,484,304,425
frame_93,Rack_3,8,14,pepsi_big,0.9185430407524109,251,364,284,485,267,424
frame_93,Rack_3,11,14,pepsi_big,0.9278311729431152,217,364,249,484,233,424
frame_93,Rack_3,47,14,pepsi_big,0.9269981980323792,182,364,216,484,199,424
frame_93,Rack_3,38,10,fanta_grape_big,0.9405557513237,142,365,181,485,161,425
frame_93,Rack_3,57,10,fanta_grape_big,0.9111217856407166,115,365,140,483,127,424
frame_93,Rack_3,73,10,fanta_grape_big,0.7753282785415649,85,365,113,479,99,422
frame_93,Rack_3,67,12,fanta_straw_big,0.909427285194397,45,364,85,474,65,419
frame_93,Rack_3,78,12,fanta_straw_big,0.6128112077713013,12,363,45,473,28,418
frame_94,Rack_1,37,1,a&w_small,0.8742623925209045,608,148,636,215,622,181
frame_94,Rack_1,26,1,a&w_small,0.8579342365264893,578,149,609,218,593,183
frame_94,Rack_1,32,1,a&w_small,0.7174723744392395,546,150,579,218,562,184
frame_94,Rack_1,29,4,coke_small,0.6625811457633972,519,150,542,217,530,183
frame_94,Rack_1,43,4,coke_small,0.8991777300834656,492,150,519,218,505,184
frame_94,Rack_1,35,4,coke_small,0.8844569325447083,465,149,492,220,478,184
frame_94,Rack_1,45,4,coke_small,0.8583126664161682,437,149,465,221,451,185
frame_94,Rack_1,50,4,coke_small,0.9120762348175049,410,149,437,223,423,186
frame_94,Rack_1,30,4,coke_small,0.8988456130027771,381,148,411,224,396,186
frame_94,Rack_1,42,17,sprite_small,0.8169782757759094,354,149,379,226,366,187
frame_94,Rack_1,24,17,sprite_small,0.802990734577179,331,149,355,227,343,188
frame_94,Rack_1,34,17,sprite_small,0.8943080902099609,309,149,332,227,320,188
frame_94,Rack_1,36,17,sprite_small,0.8484287261962891,284,149,310,228,297,188
frame_94,Rack_1,31,8,dew_med,0.8902562856674194,253,148,279,237,266,192
frame_94,Rack_1,20,8,dew_med,0.8778035044670105,226,148,252,239,239,193
frame_94,Rack_1,13,8,dew_med,0.8661041259765625,198,148,225,241,211,194
frame_94,Rack_1,12,8,dew_med,0.8446540236473083,173,149,197,241,185,195
frame_94,Rack_1,18,8,dew_med,0.8629024624824524,150,152,172,241,161,196
frame_94,Rack_1,14,8,dew_med,0.8532110452651978,124,154,149,243,136,198
frame_94,Rack_1,81,0,7up_med,0.8014335036277771,75,152,96,240,85,196
frame_94,Rack_1,69,0,7up_med,0.8674792051315308,52,154,75,237,63,195
frame_94,Rack_1,85,0,7up_med,0.8397597670555115,25,157,52,234,38,195
frame_94,Rack_2,39,3,coke_med,0.7625768780708313,606,235,635,344,620,289
frame_94,Rack_2,46,3,coke_med,0.7221115231513977,578,241,608,344,593,292
frame_94,Rack_2,21,3,coke_med,0.8304861187934875,548,239,579,344,563,291
frame_94,Rack_2,80,3,coke_med,0.6097193360328674,518,242,548,346,533,294
frame_94,Rack_2,9,2,anw_med,0.8729574680328369,423,255,453,346,438,300
frame_94,Rack_2,23,2,anw_med,0.8881469964981079,390,261,420,346,405,303
frame_94,Rack_2,1,2,anw_med,0.8722149133682251,357,261,387,345,372,303
frame_94,Rack_2,28,2,anw_med,0.8952665328979492,328,262,356,345,342,303
frame_94,Rack_2,22,2,anw_med,0.86747145652771,298,263,326,344,312,303
frame_94,Rack_2,41,15,pepsi_med,0.8929616808891296,260,263,286,343,273,303
frame_94,Rack_2,25,15,pepsi_med,0.8778615593910217,228,262,256,343,242,302
frame_94,Rack_2,10,15,pepsi_med,0.9103261232376099,200,261,226,343,213,302
frame_94,Rack_2,16,15,pepsi_med,0.907812237739563,173,262,199,343,186,302
frame_94,Rack_2,15,15,pepsi_med,0.892668604850769,145,263,172,343,158,303
frame_94,Rack_2,55,13,kick_med,0.8513917326927185,113,262,143,343,128,302
frame_94,Rack_2,54,13,kick_med,0.8931201696395874,88,262,113,343,100,302
frame_94,Rack_2,63,13,kick_med,0.767486035823822,62,263,88,343,75,303
frame_94,Rack_2,74,13,kick_med,0.6761518716812134,38,265,61,343,49,304
frame_94,Rack_2,84,13,kick_med,0.5140858292579651,14,265,36,343,25,304
frame_94,Rack_3,4,7,coke_z_big,0.8672211170196533,603,364,640,485,621,424
frame_94,Rack_3,5,7,coke_z_big,0.9529988765716553,565,364,609,485,587,424
frame_94,Rack_3,3,7,coke_z_big,0.9572362899780273,525,364,565,485,545,424
frame_94,Rack_3,6,7,coke_z_big,0.9412437677383423,482,365,524,485,503,425
frame_94,Rack_3,27,5,coke_v_big,0.9082583785057068,442,366,480,485,461,425
frame_94,Rack_3,19,5,coke_v_big,0.9144642353057861,401,366,441,485,421,425
frame_94,Rack_3,17,5,coke_v_big,0.9448689818382263,363,365,400,484,381,424
frame_94,Rack_3,7,5,coke_v_big,0.9124351143836975,326,366,363,483,344,424
frame_94,Rack_3,2,5,coke_v_big,0.8948524594306946,289,367,326,484,307,425
frame_94,Rack_3,8,14,pepsi_big,0.9394990801811218,254,364,287,484,270,424
frame_94,Rack_3,11,14,pepsi_big,0.9170359969139099,220,365,252,484,236,424
frame_94,Rack_3,47,14,pepsi_big,0.9142369031906128,185,365,219,485,202,425
frame_94,Rack_3,38,10,fanta_grape_big,0.9445629715919495,145,365,184,484,164,424
frame_94,Rack_3,57,10,fanta_grape_big,0.8557974696159363,118,365,143,483,130,424
frame_94,Rack_3,73,10,fanta_grape_big,0.7251031994819641,88,365,116,478,102,421
frame_94,Rack_3,67,12,fanta_straw_big,0.9097272753715515,48,364,88,474,68,419
frame_94,Rack_3,78,11,fanta_lychee_big,0.5279073715209961,14,364,48,474,31,419
frame_95,Rack_1,37,1,a&w_small,0.8228516578674316,611,149,639,215,625,182
frame_95,Rack_1,26,1,a&w_small,0.8903778195381165,582,149,613,218,597,183
frame_95,Rack_1,32,1,a&w_small,0.8756802678108215,550,150,582,218,566,184
frame_95,Rack_1,43,4,coke_small,0.8431145548820496,496,150,523,218,509,184
frame_95,Rack_1,35,4,coke_small,0.8721587061882019,469,150,496,220,482,185
frame_95,Rack_1,45,4,coke_small,0.9160231947898865,441,150,468,221,454,185
frame_95,Rack_1,50,4,coke_small,0.9079232811927795,414,149,441,223,427,186
frame_95,Rack_1,30,4,coke_small,0.8611573576927185,385,148,414,224,399,186
frame_95,Rack_1,42,17,sprite_small,0.8901771903038025,358,150,383,226,370,188
frame_95,Rack_1,24,17,sprite_small,0.8987342119216919,335,149,359,227,347,188
frame_95,Rack_1,34,17,sprite_small,0.8799962997436523,313,149,335,227,324,188
frame_95,Rack_1,36,17,sprite_small,0.8738473653793335,288,149,314,228,301,188
frame_95,Rack_1,31,8,dew_med,0.8600748181343079,256,148,283,239,269,193
frame_95,Rack_1,20,8,dew_med,0.860710084438324,230,148,255,240,242,194
frame_95,Rack_1,13,8,dew_med,0.8688825964927673,202,148,228,242,215,195
frame_95,Rack_1,12,8,dew_med,0.8494749069213867,177,149,200,241,188,195
frame_95,Rack_1,18,8,dew_med,0.8570387363433838,154,152,175,240,164,196
frame_95,Rack_1,14,8,dew_med,0.8841213583946228,128,155,153,243,140,199
frame_95,Rack_1,81,0,7up_med,0.6880239844322205,78,154,100,243,89,198
frame_95,Rack_1,69,0,7up_med,0.7939927577972412,55,155,79,243,67,199
frame_95,Rack_1,85,0,7up_med,0.8516188859939575,28,158,56,238,42,198
frame_95,Rack_2,39,3,coke_med,0.694675624370575,609,234,638,344,623,289
frame_95,Rack_2,46,3,coke_med,0.8482205867767334,581,238,612,343,596,290
frame_95,Rack_2,21,3,coke_med,0.8622187972068787,551,240,582,344,566,292
frame_95,Rack_2,80,3,coke_med,0.6515993475914001,521,243,551,345,536,294
frame_95,Rack_2,48,6,coke_v_med,0.6186774373054504,489,246,520,347,504,296
frame_95,Rack_2,9,2,anw_med,0.8484775424003601,426,258,456,347,441,302
frame_95,Rack_2,23,2,anw_med,0.8973985314369202,393,261,424,346,408,303
frame_95,Rack_2,1,2,anw_med,0.8837750554084778,360,261,390,345,375,303
frame_95,Rack_2,28,2,anw_med,0.8790463805198669,331,261,359,345,345,303
frame_95,Rack_2,22,2,anw_med,0.8932444453239441,301,262,329,344,315,303
frame_95,Rack_2,41,15,pepsi_med,0.9050692319869995,263,263,290,343,276,303
frame_95,Rack_2,25,15,pepsi_med,0.893079936504364,232,262,260,343,246,302
frame_95,Rack_2,10,15,pepsi_med,0.9068489670753479,203,260,229,342,216,301
frame_95,Rack_2,16,15,pepsi_med,0.9211822748184204,176,261,202,343,189,302
frame_95,Rack_2,15,15,pepsi_med,0.8984739184379578,148,261,176,343,162,302
frame_95,Rack_2,55,13,kick_med,0.8239768147468567,117,261,146,343,131,302
frame_95,Rack_2,54,13,kick_med,0.8117722272872925,92,263,116,343,104,303
frame_95,Rack_2,63,13,kick_med,0.7631784677505493,65,263,91,343,78,303
frame_95,Rack_2,74,13,kick_med,0.729060173034668,41,265,65,343,53,304
frame_95,Rack_3,4,7,coke_z_big,0.695324718952179,606,364,640,483,623,423
frame_95,Rack_3,5,7,coke_z_big,0.9517567753791809,568,365,611,484,589,424
frame_95,Rack_3,3,7,coke_z_big,0.9526143670082092,528,365,568,484,548,424
frame_95,Rack_3,6,7,coke_z_big,0.9497652649879456,485,366,527,484,506,425
frame_95,Rack_3,27,5,coke_v_big,0.9283651113510132,445,366,483,484,464,425
frame_95,Rack_3,19,5,coke_v_big,0.9113168716430664,404,366,444,484,424,425
frame_95,Rack_3,17,5,coke_v_big,0.9241315126419067,367,365,403,483,385,424
frame_95,Rack_3,7,5,coke_v_big,0.924724817276001,330,366,366,482,348,424
frame_95,Rack_3,2,5,coke_v_big,0.9091770052909851,292,367,329,484,310,425
frame_95,Rack_3,8,14,pepsi_big,0.9345008134841919,257,365,290,484,273,424
frame_95,Rack_3,11,14,pepsi_big,0.9365553259849548,223,365,256,483,239,424
frame_95,Rack_3,47,14,pepsi_big,0.9468711614608765,188,365,222,484,205,424
frame_95,Rack_3,38,10,fanta_grape_big,0.9543993473052979,149,365,187,484,168,424
frame_95,Rack_3,57,10,fanta_grape_big,0.8502274751663208,122,365,147,482,134,423
frame_95,Rack_3,73,10,fanta_grape_big,0.7171815633773804,92,366,120,479,106,422
frame_95,Rack_3,67,12,fanta_straw_big,0.9181909561157227,52,364,92,474,72,419
frame_96,Rack_1,37,1,a&w_small,0.7248076796531677,613,149,640,215,626,182
frame_96,Rack_1,26,1,a&w_small,0.9225223064422607,585,149,616,218,600,183
frame_96,Rack_1,32,1,a&w_small,0.8348151445388794,553,150,585,218,569,184
frame_96,Rack_1,29,4,coke_small,0.6340298652648926,526,151,550,217,538,184
frame_96,Rack_1,43,4,coke_small,0.8570799231529236,499,150,526,218,512,184
frame_96,Rack_1,35,4,coke_small,0.8440477848052979,472,149,499,220,485,184
frame_96,Rack_1,45,4,coke_small,0.8812926411628723,444,149,472,221,458,185
frame_96,Rack_1,50,4,coke_small,0.829105794429779,417,149,444,222,430,185
frame_96,Rack_1,30,4,coke_small,0.8490120768547058,388,148,417,224,402,186
frame_96,Rack_1,42,17,sprite_small,0.8264586329460144,362,150,386,226,374,188
frame_96,Rack_1,24,17,sprite_small,0.8408276438713074,338,148,362,227,350,187
frame_96,Rack_1,34,17,sprite_small,0.9095326662063599,316,149,338,227,327,188
frame_96,Rack_1,36,17,sprite_small,0.9147576093673706,292,149,317,228,304,188
frame_96,Rack_1,31,8,dew_med,0.8614416122436523,260,148,287,239,273,193
frame_96,Rack_1,20,8,dew_med,0.8532441854476929,233,148,259,240,246,194
frame_96,Rack_1,13,8,dew_med,0.8666500449180603,205,148,232,242,218,195
frame_96,Rack_1,12,8,dew_med,0.8427478671073914,181,150,204,241,192,195
frame_96,Rack_1,18,8,dew_med,0.8692972660064697,157,152,179,241,168,196
frame_96,Rack_1,14,8,dew_med,0.9010887145996094,132,156,156,243,144,199
frame_96,Rack_1,81,0,7up_med,0.6042969822883606,82,154,104,244,93,199
frame_96,Rack_1,69,0,7up_med,0.776268720626831,59,156,83,245,71,200
frame_96,Rack_1,85,0,7up_med,0.8367213606834412,32,160,60,240,46,200
frame_96,Rack_2,39,3,coke_med,0.5835542678833008,612,239,638,343,625,291
frame_96,Rack_2,46,3,coke_med,0.8450576663017273,585,242,614,343,599,292
frame_96,Rack_2,21,3,coke_med,0.8910477757453918,556,251,584,344,570,297
frame_96,Rack_2,56,3,coke_med,0.679485559463501,527,257,553,345,540,301
frame_96,Rack_2,9,2,anw_med,0.8040287494659424,430,260,459,347,444,303
frame_96,Rack_2,23,2,anw_med,0.8893383145332336,396,261,427,346,411,303
frame_96,Rack_2,1,2,anw_med,0.9026521444320679,363,260,394,345,378,302
frame_96,Rack_2,28,2,anw_med,0.8449808359146118,334,261,362,345,348,303
frame_96,Rack_2,22,2,anw_med,0.8777872323989868,304,262,333,344,318,303
frame_96,Rack_2,41,15,pepsi_med,0.881624162197113,267,262,293,342,280,302
frame_96,Rack_2,25,15,pepsi_med,0.8903332948684692,234,261,262,342,248,301
frame_96,Rack_2,10,15,pepsi_med,0.9079555869102478,206,260,232,343,219,301
frame_96,Rack_2,16,15,pepsi_med,0.8921180963516235,180,261,205,343,192,302
frame_96,Rack_2,15,15,pepsi_med,0.9148322343826294,152,261,179,343,165,302
frame_96,Rack_2,55,13,kick_med,0.8592376112937927,120,261,150,343,135,302
frame_96,Rack_2,54,13,kick_med,0.8380712270736694,95,262,120,343,107,302
frame_96,Rack_2,63,13,kick_med,0.8015522956848145,69,262,95,343,82,302
frame_96,Rack_2,74,13,kick_med,0.6999697089195251,45,264,69,342,57,303
frame_96,Rack_2,84,13,kick_med,0.7119549512863159,24,265,45,342,34,303
frame_96,Rack_2,90,13,kick_med,0.7590194940567017,4,266,25,343,14,304
frame_96,Rack_3,4,7,coke_z_big,0.6718035340309143,608,363,640,482,624,422
frame_96,Rack_3,5,7,coke_z_big,0.9607334136962891,572,365,614,484,593,424
frame_96,Rack_3,3,7,coke_z_big,0.9192838072776794,531,365,571,484,551,424
frame_96,Rack_3,6,7,coke_z_big,0.9233291745185852,488,366,531,484,509,425
frame_96,Rack_3,27,5,coke_v_big,0.9116393327713013,448,365,486,484,467,424
frame_96,Rack_3,19,5,coke_v_big,0.9399192333221436,407,365,447,484,427,424
frame_96,Rack_3,17,5,coke_v_big,0.9294978976249695,370,366,406,483,388,424
frame_96,Rack_3,7,5,coke_v_big,0.9457986354827881,333,366,369,482,351,424
frame_96,Rack_3,2,5,coke_v_big,0.9247549772262573,295,366,332,483,313,424
frame_96,Rack_3,8,14,pepsi_big,0.9369789958000183,261,365,294,483,277,424
frame_96,Rack_3,11,14,pepsi_big,0.9419227838516235,227,365,259,483,243,424
frame_96,Rack_3,47,14,pepsi_big,0.9178115129470825,192,365,225,483,208,424
frame_96,Rack_3,38,10,fanta_grape_big,0.9358454346656799,152,366,190,483,171,424
frame_96,Rack_3,57,10,fanta_grape_big,0.8703831434249878,125,365,150,482,137,423
frame_96,Rack_3,73,10,fanta_grape_big,0.8515080809593201,95,366,123,479,109,422
frame_96,Rack_3,67,12,fanta_straw_big,0.927001416683197,55,364,95,473,75,418
frame_96,Rack_3,78,11,fanta_lychee_big,0.501091480255127,20,364,55,473,37,418
frame_97,Rack_1,37,1,a&w_small,0.69476717710495,616,149,640,215,628,182
frame_97,Rack_1,26,1,a&w_small,0.9046505093574524,589,149,620,217,604,183
frame_97,Rack_1,32,1,a&w_small,0.8298556804656982,558,150,590,218,574,184
frame_97,Rack_1,29,4,coke_small,0.6661375761032104,529,150,553,217,541,183
frame_97,Rack_1,43,4,coke_small,0.8222860097885132,503,150,530,218,516,184
frame_97,Rack_1,35,4,coke_small,0.8577988743782043,475,150,502,220,488,185
frame_97,Rack_1,45,4,coke_small,0.8848785758018494,448,149,475,221,461,185
frame_97,Rack_1,50,4,coke_small,0.8391790390014648,421,149,448,222,434,185
frame_97,Rack_1,30,4,coke_small,0.9025254845619202,391,149,420,224,405,186
frame_97,Rack_1,42,17,sprite_small,0.9076244235038757,365,150,390,226,377,188
frame_97,Rack_1,24,17,sprite_small,0.870265007019043,341,149,366,227,353,188
frame_97,Rack_1,34,17,sprite_small,0.9174947738647461,319,149,342,227,330,188
frame_97,Rack_1,36,17,sprite_small,0.9022178053855896,295,149,320,228,307,188
frame_97,Rack_1,31,8,dew_med,0.843620240688324,263,148,290,239,276,193
frame_97,Rack_1,20,8,dew_med,0.853268563747406,237,148,262,241,249,194
frame_97,Rack_1,13,8,dew_med,0.879369854927063,209,148,236,242,222,195
frame_97,Rack_1,12,8,dew_med,0.8361510038375854,184,149,208,241,196,195
frame_97,Rack_1,18,8,dew_med,0.8647746443748474,161,153,182,240,171,196
frame_97,Rack_1,14,8,dew_med,0.8706686496734619,136,156,159,240,147,198
frame_97,Rack_1,49,8,dew_med,0.5683799982070923,107,154,134,243,120,198
frame_97,Rack_1,81,0,7up_med,0.7934575080871582,85,154,107,245,96,199
frame_97,Rack_1,69,0,7up_med,0.7271692156791687,62,156,86,246,74,201
frame_97,Rack_1,85,0,7up_med,0.7693743109703064,35,161,64,244,49,202
frame_97,Rack_2,39,3,coke_med,0.5237457752227783,613,236,640,343,626,289
frame_97,Rack_2,46,3,coke_med,0.7955171465873718,588,238,618,343,603,290
frame_97,Rack_2,21,3,coke_med,0.8690914511680603,558,242,588,343,573,292
frame_97,Rack_2,9,2,anw_med,0.8766670823097229,433,260,462,347,447,303
frame_97,Rack_2,23,2,anw_med,0.8784719705581665,399,260,431,346,415,303
frame_97,Rack_2,1,2,anw_med,0.8799083232879639,366,260,397,345,381,302
frame_97,Rack_2,28,2,anw_med,0.9145586490631104,337,261,366,344,351,302
frame_97,Rack_2,22,2,anw_med,0.8900119066238403,307,262,336,344,321,303
frame_97,Rack_2,41,15,pepsi_med,0.9002692699432373,270,262,296,342,283,302
frame_97,Rack_2,25,15,pepsi_med,0.88459312915802,238,260,266,342,252,301
frame_97,Rack_2,10,15,pepsi_med,0.911858856678009,209,260,235,342,222,301
frame_97,Rack_2,16,15,pepsi_med,0.9216181635856628,183,261,209,343,196,302
frame_97,Rack_2,15,15,pepsi_med,0.8999744653701782,155,261,182,343,168,302
frame_97,Rack_2,55,13,kick_med,0.894959568977356,124,261,153,343,138,302
frame_97,Rack_2,54,13,kick_med,0.8773190379142761,99,262,123,343,111,302
frame_97,Rack_2,63,13,kick_med,0.8162251710891724,73,263,98,342,85,302
frame_97,Rack_2,74,13,kick_med,0.7162466645240784,49,265,72,342,60,303
frame_97,Rack_2,84,13,kick_med,0.7686524391174316,28,265,49,342,38,303
frame_97,Rack_2,90,13,kick_med,0.8360245823860168,5,265,27,343,16,304
frame_97,Rack_3,4,7,coke_z_big,0.6786918640136719,610,364,640,484,625,424
frame_97,Rack_3,5,7,coke_z_big,0.9469045996665955,575,365,617,484,596,424
frame_97,Rack_3,3,7,coke_z_big,0.9438846707344055,535,365,575,484,555,424
frame_97,Rack_3,6,7,coke_z_big,0.9439745545387268,491,366,534,484,512,425
frame_97,Rack_3,27,5,coke_v_big,0.8803937435150146,451,365,489,485,470,425
frame_97,Rack_3,19,5,coke_v_big,0.9190423488616943,411,365,450,484,430,424
frame_97,Rack_3,17,5,coke_v_big,0.911089301109314,373,365,409,483,391,424
frame_97,Rack_3,7,5,coke_v_big,0.9213163256645203,336,366,372,482,354,424
frame_97,Rack_3,2,5,coke_v_big,0.9348387122154236,298,366,335,483,316,424
frame_97,Rack_3,8,14,pepsi_big,0.9434033036231995,264,365,297,484,280,424
frame_97,Rack_3,11,14,pepsi_big,0.9436850547790527,230,365,263,483,246,424
frame_97,Rack_3,47,14,pepsi_big,0.9382213354110718,196,365,229,484,212,424
frame_97,Rack_3,38,10,fanta_grape_big,0.9212577939033508,155,365,194,484,174,424
frame_97,Rack_3,57,10,fanta_grape_big,0.8599567413330078,129,365,154,482,141,423
frame_97,Rack_3,73,10,fanta_grape_big,0.8310186266899109,99,366,127,478,113,422
frame_97,Rack_3,67,12,fanta_straw_big,0.9187836647033691,58,364,98,473,78,418
frame_98,Rack_1,37,1,a&w_small,0.5974805951118469,620,149,640,215,630,182
frame_98,Rack_1,26,1,a&w_small,0.8957511186599731,593,149,623,218,608,183
frame_98,Rack_1,32,1,a&w_small,0.7875574231147766,560,150,592,219,576,184
frame_98,Rack_1,43,4,coke_small,0.8203270435333252,506,150,533,218,519,184
frame_98,Rack_1,35,4,coke_small,0.8928837776184082,479,150,506,220,492,185
frame_98,Rack_1,45,4,coke_small,0.8629679679870605,451,149,478,221,464,185
frame_98,Rack_1,50,4,coke_small,0.9089832901954651,424,149,451,222,437,185
frame_98,Rack_1,30,4,coke_small,0.8902315497398376,395,149,424,224,409,186
frame_98,Rack_1,42,17,sprite_small,0.8626947999000549,368,149,393,226,380,187
frame_98,Rack_1,24,17,sprite_small,0.8803532719612122,345,149,369,227,357,188
frame_98,Rack_1,34,17,sprite_small,0.9289901256561279,323,149,345,227,334,188
frame_98,Rack_1,36,17,sprite_small,0.8715099096298218,298,149,323,228,310,188
frame_98,Rack_1,31,8,dew_med,0.8714919686317444,266,148,293,239,279,193
frame_98,Rack_1,20,8,dew_med,0.8639830946922302,240,148,266,241,253,194
frame_98,Rack_1,13,8,dew_med,0.8787125945091248,212,148,239,242,225,195
frame_98,Rack_1,12,8,dew_med,0.8422239422798157,187,149,211,242,199,195
frame_98,Rack_1,18,8,dew_med,0.834362268447876,164,153,186,241,175,197
frame_98,Rack_1,14,8,dew_med,0.8845884203910828,139,156,163,241,151,198
frame_98,Rack_1,81,0,7up_med,0.6998869776725769,88,153,110,244,99,198
frame_98,Rack_1,69,0,7up_med,0.7411074042320251,65,157,89,246,77,201
frame_98,Rack_1,85,0,7up_med,0.7395045161247253,38,161,67,242,52,201
frame_98,Rack_2,46,3,coke_med,0.7000964879989624,592,239,623,345,607,292
frame_98,Rack_2,21,3,coke_med,0.8398234248161316,562,248,591,343,576,295
frame_98,Rack_2,56,3,coke_med,0.6100778579711914,531,244,561,344,546,294
frame_98,Rack_2,9,2,anw_med,0.8600675463676453,435,252,467,347,451,299
frame_98,Rack_2,23,2,anw_med,0.9322499632835388,403,260,434,346,418,303
frame_98,Rack_2,1,2,anw_med,0.8794588446617126,369,260,400,345,384,302
frame_98,Rack_2,28,2,anw_med,0.8860475420951843,341,261,369,344,355,302
frame_98,Rack_2,22,2,anw_med,0.8756769895553589,310,262,339,344,324,303
frame_98,Rack_2,41,15,pepsi_med,0.919756293296814,273,262,300,342,286,302
frame_98,Rack_2,25,15,pepsi_med,0.8986658453941345,241,260,269,342,255,301
frame_98,Rack_2,10,15,pepsi_med,0.8925608396530151,212,261,238,343,225,302
frame_98,Rack_2,16,15,pepsi_med,0.8924915194511414,186,261,212,342,199,301
frame_98,Rack_2,15,15,pepsi_med,0.9033563733100891,158,261,185,342,171,301
frame_98,Rack_2,55,13,kick_med,0.8853792548179626,127,261,156,343,141,302
frame_98,Rack_2,54,13,kick_med,0.8817955851554871,102,262,126,343,114,302
frame_98,Rack_2,63,13,kick_med,0.842115581035614,76,262,101,342,88,302
frame_98,Rack_2,74,13,kick_med,0.8331859111785889,52,264,75,342,63,303
frame_98,Rack_2,84,13,kick_med,0.7701271176338196,31,264,52,342,41,303
frame_98,Rack_2,90,13,kick_med,0.8231945037841797,7,265,29,343,18,304
frame_98,Rack_3,5,7,coke_z_big,0.9389298558235168,578,365,620,484,599,424
frame_98,Rack_3,3,7,coke_z_big,0.9509966373443604,538,364,577,484,557,424
frame_98,Rack_3,6,7,coke_z_big,0.9323493242263794,494,365,537,484,515,424
frame_98,Rack_3,27,5,coke_v_big,0.8850749731063843,454,365,492,484,473,424
frame_98,Rack_3,19,5,coke_v_big,0.9275708198547363,414,365,453,484,433,424
frame_98,Rack_3,17,5,coke_v_big,0.9280034899711609,376,365,412,482,394,423
frame_98,Rack_3,7,5,coke_v_big,0.9307221174240112,339,366,375,481,357,423
frame_98,Rack_3,2,5,coke_v_big,0.9374870657920837,301,366,338,483,319,424
frame_98,Rack_3,8,14,pepsi_big,0.9377199411392212,266,365,299,484,282,424
frame_98,Rack_3,11,14,pepsi_big,0.9423171281814575,233,364,265,482,249,423
frame_98,Rack_3,47,14,pepsi_big,0.8580659627914429,198,364,232,483,215,423
frame_98,Rack_3,38,10,fanta_grape_big,0.9362116456031799,158,365,196,483,177,424
frame_98,Rack_3,57,10,fanta_grape_big,0.9179738759994507,131,365,157,481,144,423
frame_98,Rack_3,73,10,fanta_grape_big,0.8217583894729614,101,365,130,478,115,421
frame_98,Rack_3,67,12,fanta_straw_big,0.9200780391693115,62,364,101,472,81,418
frame_98,Rack_3,78,11,fanta_lychee_big,0.7833177447319031,31,364,64,472,47,418
frame_98,Rack_3,89,11,fanta_lychee_big,0.8000468611717224,0,364,37,478,18,421
frame_99,Rack_1,26,1,a&w_small,0.8528320789337158,596,149,627,217,611,183
frame_99,Rack_1,32,1,a&w_small,0.769436240196228,563,150,596,219,579,184
frame_99,Rack_1,29,4,coke_small,0.5299086570739746,536,149,559,218,547,183
frame_99,Rack_1,43,4,coke_small,0.9025744199752808,510,151,537,218,523,184
frame_99,Rack_1,35,4,coke_small,0.8614778518676758,483,150,509,220,496,185
frame_99,Rack_1,45,4,coke_small,0.8657646179199219,454,149,481,221,467,185
frame_99,Rack_1,50,4,coke_small,0.868725061416626,427,149,454,222,440,185
frame_99,Rack_1,30,4,coke_small,0.8699908256530762,398,149,427,224,412,186
frame_99,Rack_1,42,17,sprite_small,0.8375714421272278,372,149,396,226,384,187
frame_99,Rack_1,24,17,sprite_small,0.8295320272445679,348,148,372,227,360,187
frame_99,Rack_1,34,17,sprite_small,0.9158430099487305,326,149,348,227,337,188
frame_99,Rack_1,36,17,sprite_small,0.797626256942749,301,148,327,228,314,188
frame_99,Rack_1,31,8,dew_med,0.8801589012145996,269,148,296,239,282,193
frame_99,Rack_1,20,8,dew_med,0.8945515751838684,244,148,269,241,256,194
frame_99,Rack_1,13,8,dew_med,0.878955066204071,215,148,242,241,228,194
frame_99,Rack_1,12,8,dew_med,0.8538659811019897,190,149,214,241,202,195
frame_99,Rack_1,18,8,dew_med,0.8710351586341858,167,151,189,240,178,195
frame_99,Rack_1,14,8,dew_med,0.865899384021759,142,155,166,241,154,198
frame_99,Rack_1,49,8,dew_med,0.6403756141662598,114,154,141,244,127,199
frame_99,Rack_1,81,0,7up_med,0.6057758331298828,92,153,114,245,103,199
frame_99,Rack_1,69,0,7up_med,0.7065137028694153,69,156,93,246,81,201
frame_99,Rack_1,85,0,7up_med,0.664543867111206,42,160,70,239,56,199
frame_99,Rack_2,46,3,coke_med,0.7601526975631714,598,238,628,344,613,291
frame_99,Rack_2,21,3,coke_med,0.8620717525482178,565,241,596,343,580,292
frame_99,Rack_2,56,3,coke_med,0.7495434880256653,535,243,564,344,549,293
frame_99,Rack_2,33,6,coke_v_med,0.5812443494796753,471,262,501,345,486,303
frame_99,Rack_2,9,2,anw_med,0.8656770586967468,439,254,470,347,454,300
frame_99,Rack_2,23,2,anw_med,0.8539138436317444,405,254,438,346,421,300
frame_99,Rack_2,1,2,anw_med,0.8879477977752686,373,261,403,344,388,302
frame_99,Rack_2,28,2,anw_med,0.8814277648925781,344,262,372,344,358,303
frame_99,Rack_2,22,2,anw_med,0.8813842535018921,313,263,342,344,327,303
frame_99,Rack_2,41,15,pepsi_med,0.9170387983322144,276,263,302,342,289,302
frame_99,Rack_2,25,15,pepsi_med,0.8748642802238464,244,262,271,342,257,302
frame_99,Rack_2,10,15,pepsi_med,0.9083631038665771,216,261,241,342,228,301
frame_99,Rack_2,16,15,pepsi_med,0.901179313659668,189,262,214,341,201,301
frame_99,Rack_2,15,15,pepsi_med,0.892410397529602,161,262,188,342,174,302
frame_99,Rack_2,55,13,kick_med,0.9101728200912476,130,262,159,343,144,302
frame_99,Rack_2,54,13,kick_med,0.9065703749656677,105,262,129,342,117,302
frame_99,Rack_2,63,13,kick_med,0.8715559244155884,79,263,104,342,91,302
frame_99,Rack_2,74,13,kick_med,0.8173635601997375,55,264,78,342,66,303
frame_99,Rack_2,84,13,kick_med,0.7791391015052795,35,264,55,342,45,303
frame_99,Rack_2,90,13,kick_med,0.7948509454727173,9,264,31,342,20,303
frame_99,Rack_3,4,7,coke_z_big,0.6545012593269348,616,364,640,484,628,424
frame_99,Rack_3,5,7,coke_z_big,0.9480685591697693,581,364,624,484,602,424
frame_99,Rack_3,3,7,coke_z_big,0.9506160020828247,541,364,581,484,561,424
frame_99,Rack_3,6,7,coke_z_big,0.9085943102836609,497,365,540,484,518,424
frame_99,Rack_3,27,5,coke_v_big,0.8989075422286987,457,365,495,484,476,424
frame_99,Rack_3,19,5,coke_v_big,0.9228085279464722,417,365,456,484,436,424
frame_99,Rack_3,17,5,coke_v_big,0.9437772035598755,379,365,415,482,397,423
frame_99,Rack_3,7,5,coke_v_big,0.9149268865585327,342,366,378,482,360,424
frame_99,Rack_3,2,5,coke_v_big,0.9033580422401428,304,366,341,483,322,424
frame_99,Rack_3,8,14,pepsi_big,0.9447172284126282,269,365,302,484,285,424
frame_99,Rack_3,11,14,pepsi_big,0.921708345413208,235,364,268,483,251,423
frame_99,Rack_3,47,14,pepsi_big,0.9089547395706177,201,364,235,484,218,424
frame_99,Rack_3,38,10,fanta_grape_big,0.9349581599235535,161,365,200,484,180,424
frame_99,Rack_3,57,10,fanta_grape_big,0.8786113858222961,134,365,159,481,146,423
frame_99,Rack_3,73,10,fanta_grape_big,0.7387848496437073,105,365,133,477,119,421
frame_99,Rack_3,67,12,fanta_straw_big,0.9069279432296753,65,364,104,471,84,417
frame_99,Rack_3,78,12,fanta_straw_big,0.6365691423416138,34,364,67,471,50,417
frame_99,Rack_3,89,11,fanta_lychee_big,0.7598881125450134,0,364,36,475,18,419
frame_100,Rack_1,26,1,a&w_small,0.8534518480300903,600,147,631,217,615,182
frame_100,Rack_1,32,1,a&w_small,0.8345416188240051,567,150,599,218,583,184
frame_100,Rack_1,29,4,coke_small,0.5543556809425354,540,150,563,217,551,183
frame_100,Rack_1,43,4,coke_small,0.8320010900497437,514,151,540,218,527,184
frame_100,Rack_1,35,4,coke_small,0.868065357208252,486,150,512,219,499,184
frame_100,Rack_1,45,4,coke_small,0.9026447534561157,457,150,484,220,470,185
frame_100,Rack_1,50,4,coke_small,0.9131818413734436,431,149,457,222,444,185
frame_100,Rack_1,30,4,coke_small,0.8679996132850647,402,149,430,223,416,186
frame_100,Rack_1,42,17,sprite_small,0.8507615327835083,375,149,399,225,387,187
frame_100,Rack_1,24,17,sprite_small,0.8749944567680359,351,149,375,227,363,188
frame_100,Rack_1,34,17,sprite_small,0.8852003216743469,329,149,351,226,340,187
frame_100,Rack_1,36,17,sprite_small,0.8814119100570679,305,148,330,227,317,187
frame_100,Rack_1,31,8,dew_med,0.8255071640014648,273,148,299,234,286,191
frame_100,Rack_1,20,8,dew_med,0.8448085188865662,246,148,272,240,259,194
frame_100,Rack_1,13,8,dew_med,0.8319972157478333,218,148,245,241,231,194
frame_100,Rack_1,12,8,dew_med,0.8294717669487,194,150,217,241,205,195
frame_100,Rack_1,18,8,dew_med,0.8435015082359314,170,151,192,240,181,195
frame_100,Rack_1,14,8,dew_med,0.8662654757499695,145,155,169,240,157,197
frame_100,Rack_1,81,0,7up_med,0.5902287364006042,95,153,117,244,106,198
frame_100,Rack_1,69,0,7up_med,0.8243162631988525,71,155,96,246,83,200
frame_100,Rack_1,85,0,7up_med,0.8121635913848877,45,159,73,242,59,200
frame_100,Rack_1,91,0,7up_med,0.685032069683075,25,163,45,232,35,197
frame_100,Rack_2,46,3,coke_med,0.8251264691352844,601,235,632,342,616,288
frame_100,Rack_2,21,3,coke_med,0.8894269466400146,570,249,598,343,584,296
frame_100,Rack_2,56,3,coke_med,0.65861976146698,539,248,567,343,553,295
frame_100,Rack_2,48,6,coke_v_med,0.5328505635261536,506,250,536,345,521,297
frame_100,Rack_2,9,2,anw_med,0.882169783115387,442,251,473,346,457,298
frame_100,Rack_2,23,2,anw_med,0.8666557669639587,408,258,440,345,424,301
frame_100,Rack_2,1,2,anw_med,0.8577629923820496,376,260,406,345,391,302
frame_100,Rack_2,28,2,anw_med,0.8515316843986511,346,261,374,344,360,302
frame_100,Rack_2,22,2,anw_med,0.90919029712677,316,262,345,344,330,303
frame_100,Rack_2,41,15,pepsi_med,0.8738853335380554,279,262,305,342,292,302
frame_100,Rack_2,25,15,pepsi_med,0.893693745136261,248,262,275,342,261,302
frame_100,Rack_2,10,15,pepsi_med,0.9231897592544556,218,261,244,341,231,301
frame_100,Rack_2,16,15,pepsi_med,0.9079781770706177,192,262,217,342,204,302
frame_100,Rack_2,15,15,pepsi_med,0.9035818576812744,164,262,191,342,177,302
frame_100,Rack_2,55,13,kick_med,0.8845062851905823,133,262,162,342,147,302
frame_100,Rack_2,54,13,kick_med,0.8712304830551147,108,263,132,342,120,302
frame_100,Rack_2,63,13,kick_med,0.8421000838279724,82,262,108,342,95,302
frame_100,Rack_2,74,13,kick_med,0.799062967300415,58,263,82,342,70,302
frame_100,Rack_2,84,13,kick_med,0.7756090760231018,38,264,58,342,48,303
frame_100,Rack_2,90,13,kick_med,0.7767539620399475,14,266,36,341,25,303
frame_100,Rack_3,5,7,coke_z_big,0.9425350427627563,584,364,627,485,605,424
frame_100,Rack_3,3,7,coke_z_big,0.9481762051582336,544,364,584,485,564,424
frame_100,Rack_3,6,7,coke_z_big,0.9269714951515198,500,365,543,486,521,425
frame_100,Rack_3,27,5,coke_v_big,0.9153738617897034,460,365,499,486,479,425
frame_100,Rack_3,19,5,coke_v_big,0.9279196262359619,419,365,460,486,439,425
frame_100,Rack_3,17,5,coke_v_big,0.944530725479126,382,365,418,481,400,423
frame_100,Rack_3,7,5,coke_v_big,0.9053152799606323,344,366,381,482,362,424
frame_100,Rack_3,2,5,coke_v_big,0.9060201048851013,307,366,344,485,325,425
frame_100,Rack_3,8,14,pepsi_big,0.9275544881820679,272,364,306,486,289,425
frame_100,Rack_3,11,14,pepsi_big,0.9326428174972534,238,364,271,485,254,424
frame_100,Rack_3,47,14,pepsi_big,0.9041165709495544,203,364,238,486,220,425
frame_100,Rack_3,38,10,fanta_grape_big,0.961793839931488,164,364,203,486,183,425
frame_100,Rack_3,57,10,fanta_grape_big,0.887883722782135,137,365,163,481,150,423
frame_100,Rack_3,73,10,fanta_grape_big,0.6884299516677856,108,365,136,476,122,420
frame_100,Rack_3,67,12,fanta_straw_big,0.881552517414093,69,364,108,471,88,417
frame_100,Rack_3,78,12,fanta_straw_big,0.5346502661705017,37,364,69,470,53,417
frame_100,Rack_3,89,11,fanta_lychee_big,0.8807306289672852,0,364,36,473,18,418
frame_101,Rack_1,26,1,a&w_small,0.8191276788711548,601,146,631,217,616,181
frame_101,Rack_1,32,1,a&w_small,0.8720626831054688,570,147,602,217,586,182
frame_101,Rack_1,29,4,coke_small,0.5493677258491516,543,148,566,216,554,182
frame_101,Rack_1,43,4,coke_small,0.8502971529960632,517,149,544,217,530,183
frame_101,Rack_1,35,4,coke_small,0.849341094493866,489,148,516,219,502,183
frame_101,Rack_1,45,4,coke_small,0.8943360447883606,461,148,487,219,474,183
frame_101,Rack_1,50,4,coke_small,0.8294169902801514,433,148,460,221,446,184
frame_101,Rack_1,30,4,coke_small,0.8427642583847046,404,147,433,222,418,184
frame_101,Rack_1,42,17,sprite_small,0.8087438941001892,378,148,402,225,390,186
frame_101,Rack_1,24,17,sprite_small,0.7927128672599792,354,147,378,225,366,186
frame_101,Rack_1,34,17,sprite_small,0.8500756025314331,333,148,354,225,343,186
frame_101,Rack_1,36,17,sprite_small,0.8904204368591309,308,148,333,225,320,186
frame_101,Rack_1,31,8,dew_med,0.8409099578857422,276,147,303,235,289,191
frame_101,Rack_1,20,8,dew_med,0.8474988341331482,249,147,275,240,262,193
frame_101,Rack_1,13,8,dew_med,0.8702489137649536,221,146,248,242,234,194
frame_101,Rack_1,12,8,dew_med,0.8377877473831177,196,147,220,242,208,194
frame_101,Rack_1,18,8,dew_med,0.8219099640846252,173,149,196,241,184,195
frame_101,Rack_1,14,8,dew_med,0.8754939436912537,147,153,172,242,159,197
frame_101,Rack_1,69,0,7up_med,0.811559796333313,74,155,99,246,86,200
frame_101,Rack_1,85,0,7up_med,0.822909951210022,48,161,76,245,62,203
frame_101,Rack_2,46,3,coke_med,0.7776539325714111,603,237,634,342,618,289
frame_101,Rack_2,21,3,coke_med,0.9126238226890564,573,252,601,342,587,297
frame_101,Rack_2,80,3,coke_med,0.5828418731689453,540,235,573,345,556,290
frame_101,Rack_2,48,6,coke_v_med,0.6243387460708618,509,247,539,345,524,296
frame_101,Rack_2,33,6,coke_v_med,0.5338032841682434,478,263,507,344,492,303
frame_101,Rack_2,9,2,anw_med,0.8269571661949158,446,257,475,346,460,301
frame_101,Rack_2,23,2,anw_med,0.9044278264045715,412,260,443,344,427,302
frame_101,Rack_2,1,2,anw_med,0.9053202867507935,379,261,409,344,394,302
frame_101,Rack_2,28,2,anw_med,0.8623670339584351,350,261,377,343,363,302
frame_101,Rack_2,22,2,anw_med,0.871207058429718,319,261,348,343,333,302
frame_101,Rack_2,41,15,pepsi_med,0.8955681920051575,282,262,308,341,295,301
frame_101,Rack_2,25,15,pepsi_med,0.8939271569252014,250,261,277,341,263,301
frame_101,Rack_2,10,15,pepsi_med,0.9100508093833923,221,261,247,341,234,301
frame_101,Rack_2,16,15,pepsi_med,0.9066663980484009,195,261,220,342,207,301
frame_101,Rack_2,15,15,pepsi_med,0.9206269383430481,167,261,194,342,180,301
frame_101,Rack_2,55,13,kick_med,0.8713722825050354,136,261,165,342,150,301
frame_101,Rack_2,54,13,kick_med,0.884415328502655,111,262,136,342,123,302
frame_101,Rack_2,63,13,kick_med,0.8398118615150452,85,262,111,342,98,302
frame_101,Rack_2,74,13,kick_med,0.7657791376113892,61,262,85,341,73,301
frame_101,Rack_2,84,13,kick_med,0.7764167189598083,41,263,61,341,51,302
frame_101,Rack_2,90,13,kick_med,0.8116014003753662,18,265,40,341,29,303
frame_101,Rack_3,5,7,coke_z_big,0.9596551656723022,587,363,631,486,609,424
frame_101,Rack_3,3,7,coke_z_big,0.926092803478241,547,363,587,486,567,424
frame_101,Rack_3,6,7,coke_z_big,0.9308225512504578,503,364,547,486,525,425
frame_101,Rack_3,27,5,coke_v_big,0.9206327795982361,463,364,502,486,482,425
frame_101,Rack_3,19,5,coke_v_big,0.9375818967819214,422,364,463,486,442,425
frame_101,Rack_3,17,5,coke_v_big,0.9261495471000671,384,364,421,481,402,422
frame_101,Rack_3,7,5,coke_v_big,0.927151620388031,347,365,384,483,365,424
frame_101,Rack_3,2,5,coke_v_big,0.900105893611908,309,365,347,486,328,425
frame_101,Rack_3,8,14,pepsi_big,0.9210264086723328,275,364,309,487,292,425
frame_101,Rack_3,11,14,pepsi_big,0.9200147390365601,241,363,274,486,257,424
frame_101,Rack_3,47,14,pepsi_big,0.9241572618484497,206,363,241,487,223,425
frame_101,Rack_3,38,10,fanta_grape_big,0.9306417107582092,166,364,206,486,186,425
frame_101,Rack_3,57,10,fanta_grape_big,0.8763217926025391,140,364,166,481,153,422
frame_101,Rack_3,73,10,fanta_grape_big,0.8430922627449036,110,364,138,475,124,419
frame_101,Rack_3,67,12,fanta_straw_big,0.8962154388427734,72,363,110,470,91,416
frame_101,Rack_3,78,12,fanta_straw_big,0.559730052947998,40,364,72,470,56,417
frame_101,Rack_3,89,11,fanta_lychee_big,0.8596137762069702,3,364,39,471,21,417
frame_102,Rack_1,26,1,a&w_small,0.5324680805206299,606,147,635,215,620,181
frame_102,Rack_1,32,1,a&w_small,0.7379488348960876,575,149,606,217,590,183
frame_102,Rack_1,29,4,coke_small,0.671265184879303,547,150,569,215,558,182
frame_102,Rack_1,43,4,coke_small,0.8329225778579712,521,150,547,216,534,183
frame_102,Rack_1,35,4,coke_small,0.9007229208946228,493,149,519,218,506,183
frame_102,Rack_1,45,4,coke_small,0.9004422426223755,464,149,491,219,477,184
frame_102,Rack_1,50,4,coke_small,0.9028067588806152,437,148,463,221,450,184
frame_102,Rack_1,30,4,coke_small,0.883495032787323,407,148,436,222,421,185
frame_102,Rack_1,42,17,sprite_small,0.8713910579681396,381,149,405,224,393,186
frame_102,Rack_1,24,17,sprite_small,0.8340349793434143,357,147,381,225,369,186
frame_102,Rack_1,34,17,sprite_small,0.9201910495758057,335,149,357,225,346,187
frame_102,Rack_1,36,17,sprite_small,0.9080496430397034,311,148,336,226,323,187
frame_102,Rack_1,31,8,dew_med,0.8766373991966248,279,147,305,235,292,191
frame_102,Rack_1,20,8,dew_med,0.8295735716819763,252,148,277,239,264,193
frame_102,Rack_1,13,8,dew_med,0.8575936555862427,224,147,251,241,237,194
frame_102,Rack_1,12,8,dew_med,0.84039705991745,199,147,223,241,211,194
frame_102,Rack_1,18,8,dew_med,0.8353678584098816,175,150,198,241,186,195
frame_102,Rack_1,14,8,dew_med,0.8753856420516968,150,152,175,241,162,196
frame_102,Rack_1,49,8,dew_med,0.543026328086853,119,151,147,239,133,195
frame_102,Rack_1,81,0,7up_med,0.8158040642738342,101,152,124,242,112,197
frame_102,Rack_1,69,0,7up_med,0.7700768709182739,77,155,101,245,89,200
frame_102,Rack_1,85,0,7up_med,0.7775386571884155,51,160,79,246,65,203
frame_102,Rack_2,46,3,coke_med,0.8091647624969482,605,232,637,342,621,287
frame_102,Rack_2,21,3,coke_med,0.8850923776626587,575,240,606,342,590,291
frame_102,Rack_2,80,6,coke_v_med,0.5162475109100342,543,232,577,345,560,288
frame_102,Rack_2,56,3,coke_med,0.5267267227172852,544,239,575,343,559,291
frame_102,Rack_2,48,6,coke_v_med,0.5700375437736511,511,240,544,345,527,292
frame_102,Rack_2,33,6,coke_v_med,0.5375112891197205,481,261,511,344,496,302
frame_102,Rack_2,9,2,anw_med,0.8855913281440735,449,259,478,345,463,302
frame_102,Rack_2,23,2,anw_med,0.9086346626281738,415,260,446,345,430,302
frame_102,Rack_2,1,2,anw_med,0.8449163436889648,382,261,412,343,397,302
frame_102,Rack_2,28,2,anw_med,0.8806545734405518,353,261,380,343,366,302
frame_102,Rack_2,22,2,anw_med,0.8865328431129456,322,261,351,343,336,302
frame_102,Rack_2,41,15,pepsi_med,0.915354311466217,284,262,311,341,297,301
frame_102,Rack_2,25,15,pepsi_med,0.896440327167511,252,261,279,341,265,301
frame_102,Rack_2,10,15,pepsi_med,0.9122887253761292,223,260,249,341,236,300
frame_102,Rack_2,16,15,pepsi_med,0.8811938762664795,198,261,223,340,210,300
frame_102,Rack_2,15,15,pepsi_med,0.9044846892356873,169,260,197,341,183,300
frame_102,Rack_2,55,13,kick_med,0.8519423604011536,139,261,168,341,153,301
frame_102,Rack_2,54,13,kick_med,0.8897057771682739,114,261,138,341,126,301
frame_102,Rack_2,63,13,kick_med,0.8118233680725098,88,261,113,341,100,301
frame_102,Rack_2,74,13,kick_med,0.6667388081550598,64,263,87,341,75,302
frame_102,Rack_2,84,13,kick_med,0.678780198097229,44,264,64,340,54,302
frame_102,Rack_2,90,13,kick_med,0.7427844405174255,19,266,41,340,30,303
frame_102,Rack_3,5,7,coke_z_big,0.9386661648750305,590,363,634,486,612,424
frame_102,Rack_3,3,7,coke_z_big,0.944212019443512,550,363,590,486,570,424
frame_102,Rack_3,6,7,coke_z_big,0.9278082847595215,506,364,550,486,528,425
frame_102,Rack_3,27,5,coke_v_big,0.9065626263618469,466,364,505,486,485,425
frame_102,Rack_3,19,5,coke_v_big,0.9204974174499512,424,364,466,487,445,425
frame_102,Rack_3,17,5,coke_v_big,0.9353563785552979,387,364,424,480,405,422
frame_102,Rack_3,7,5,coke_v_big,0.9410413503646851,350,364,386,482,368,423
frame_102,Rack_3,2,5,coke_v_big,0.921811580657959,312,365,349,486,330,425
frame_102,Rack_3,8,14,pepsi_big,0.9343521595001221,278,364,311,486,294,425
frame_102,Rack_3,11,14,pepsi_big,0.941994845867157,244,363,277,486,260,424
frame_102,Rack_3,47,14,pepsi_big,0.931745171546936,209,363,244,486,226,424
frame_102,Rack_3,38,10,fanta_grape_big,0.9171075820922852,169,364,208,486,188,425
frame_102,Rack_3,57,10,fanta_grape_big,0.8863876461982727,142,364,168,480,155,422
frame_102,Rack_3,73,10,fanta_grape_big,0.8276733160018921,113,364,141,474,127,419
frame_102,Rack_3,67,12,fanta_straw_big,0.9049960374832153,74,363,112,470,93,416
frame_102,Rack_3,78,11,fanta_lychee_big,0.7184516787528992,43,364,75,469,59,416
frame_102,Rack_3,89,11,fanta_lychee_big,0.871284544467926,6,364,42,471,24,417
frame_103,Rack_1,26,1,a&w_small,0.6665300726890564,611,148,639,214,625,181
frame_103,Rack_1,32,1,a&w_small,0.6993635296821594,579,149,610,215,594,182
frame_103,Rack_1,43,4,coke_small,0.8583785891532898,524,150,550,216,537,183
frame_103,Rack_1,35,4,coke_small,0.8256313800811768,497,150,523,217,510,183
frame_103,Rack_1,45,4,coke_small,0.8829026222229004,468,149,494,218,481,183
frame_103,Rack_1,50,4,coke_small,0.898656964302063,441,149,466,220,453,184
frame_103,Rack_1,30,4,coke_small,0.8935102820396423,411,148,439,221,425,184
frame_103,Rack_1,42,17,sprite_small,0.8743923306465149,385,149,408,223,396,186
frame_103,Rack_1,24,17,sprite_small,0.8156242966651917,360,148,384,225,372,186
frame_103,Rack_1,34,17,sprite_small,0.8388661742210388,338,148,360,225,349,186
frame_103,Rack_1,36,17,sprite_small,0.8755776882171631,314,149,338,226,326,187
frame_103,Rack_1,31,8,dew_med,0.8690161108970642,282,147,308,233,295,190
frame_103,Rack_1,20,8,dew_med,0.8751410841941833,255,148,280,238,267,193
frame_103,Rack_1,13,8,dew_med,0.8786022663116455,227,147,253,239,240,193
frame_103,Rack_1,12,8,dew_med,0.8449338674545288,202,148,226,240,214,194
frame_103,Rack_1,18,8,dew_med,0.8497011065483093,179,149,201,238,190,193
frame_103,Rack_1,14,8,dew_med,0.8685250878334045,153,152,178,238,165,195
frame_103,Rack_1,49,8,dew_med,0.6367107629776001,123,151,152,240,137,195
frame_103,Rack_1,81,0,7up_med,0.8248925805091858,103,152,126,242,114,197
frame_103,Rack_1,69,0,7up_med,0.7940977215766907,80,154,104,244,92,199
frame_103,Rack_1,85,0,7up_med,0.8110482692718506,53,158,82,245,67,201
frame_103,Rack_1,91,0,7up_med,0.5788641571998596,33,163,55,236,44,199
frame_103,Rack_2,46,3,coke_med,0.7083132863044739,607,233,639,342,623,287
frame_103,Rack_2,21,3,coke_med,0.8620533347129822,579,238,610,341,594,289
frame_103,Rack_2,56,3,coke_med,0.7312280535697937,547,236,579,342,563,289
frame_103,Rack_2,9,2,anw_med,0.8671510815620422,451,250,483,345,467,297
frame_103,Rack_2,23,2,anw_med,0.9137593507766724,418,260,449,344,433,302
frame_103,Rack_2,1,2,anw_med,0.8738388419151306,384,259,415,344,399,301
frame_103,Rack_2,28,2,anw_med,0.8725619316101074,355,261,383,343,369,302
frame_103,Rack_2,22,2,anw_med,0.8657082915306091,325,261,354,343,339,302
frame_103,Rack_2,41,15,pepsi_med,0.9039537906646729,287,261,314,341,300,301
frame_103,Rack_2,25,15,pepsi_med,0.8959329724311829,255,260,283,340,269,300
frame_103,Rack_2,10,15,pepsi_med,0.9163544178009033,226,259,252,341,239,300
frame_103,Rack_2,16,15,pepsi_med,0.9148436784744263,200,260,225,340,212,300
frame_103,Rack_2,15,15,pepsi_med,0.907526433467865,172,260,199,341,185,300
frame_103,Rack_2,55,13,kick_med,0.7809835076332092,142,261,170,341,156,301
frame_103,Rack_2,54,13,kick_med,0.8697155117988586,117,261,141,341,129,301
frame_103,Rack_2,63,13,kick_med,0.819257915019989,91,261,116,341,103,301
frame_103,Rack_2,74,13,kick_med,0.7947630286216736,67,262,90,341,78,301
frame_103,Rack_2,84,13,kick_med,0.7095518708229065,47,264,67,340,57,302
frame_103,Rack_2,90,13,kick_med,0.7432690262794495,23,267,45,340,34,303
frame_103,Rack_3,5,7,coke_z_big,0.9290767312049866,593,363,636,486,614,424
frame_103,Rack_3,3,7,coke_z_big,0.9395947456359863,553,363,593,485,573,424
frame_103,Rack_3,6,7,coke_z_big,0.935988187789917,509,364,552,486,530,425
frame_103,Rack_3,27,5,coke_v_big,0.8835020661354065,469,364,508,486,488,425
frame_103,Rack_3,19,5,coke_v_big,0.9268995523452759,428,364,469,486,448,425
frame_103,Rack_3,17,5,coke_v_big,0.931108295917511,390,364,427,480,408,422
frame_103,Rack_3,7,5,coke_v_big,0.9218858480453491,353,364,389,482,371,423
frame_103,Rack_3,2,5,coke_v_big,0.9417675733566284,315,364,352,485,333,424
frame_103,Rack_3,8,14,pepsi_big,0.9171527028083801,280,364,314,486,297,425
frame_103,Rack_3,11,14,pepsi_big,0.932780385017395,247,364,280,485,263,424
frame_103,Rack_3,47,14,pepsi_big,0.9157478213310242,212,363,246,485,229,424
frame_103,Rack_3,38,10,fanta_grape_big,0.939385712146759,172,363,211,485,191,424
frame_103,Rack_3,57,10,fanta_grape_big,0.873092770576477,145,363,171,480,158,421
frame_103,Rack_3,73,10,fanta_grape_big,0.8249413371086121,116,364,143,474,129,419
frame_103,Rack_3,67,12,fanta_straw_big,0.9140067100524902,77,363,115,469,96,416
frame_103,Rack_3,78,11,fanta_lychee_big,0.7358309030532837,46,363,78,468,62,415
frame_103,Rack_3,89,11,fanta_lychee_big,0.8923964500427246,9,364,45,471,27,417
frame_104,Rack_1,26,1,a&w_small,0.781765341758728,613,148,639,212,626,180
frame_104,Rack_1,32,1,a&w_small,0.7123615741729736,583,150,613,213,598,181
frame_104,Rack_1,43,4,coke_small,0.7910230755805969,529,150,554,215,541,182
frame_104,Rack_1,35,4,coke_small,0.8677533268928528,500,150,526,216,513,183
frame_104,Rack_1,45,4,coke_small,0.8701119422912598,471,149,497,217,484,183
frame_104,Rack_1,50,4,coke_small,0.887349545955658,444,148,470,219,457,183
frame_104,Rack_1,30,4,coke_small,0.8953595161437988,414,149,442,221,428,185
frame_104,Rack_1,42,17,sprite_small,0.8919166326522827,389,150,412,222,400,186
frame_104,Rack_1,24,17,sprite_small,0.8413808345794678,364,148,388,223,376,185
frame_104,Rack_1,34,17,sprite_small,0.8926181197166443,342,149,363,224,352,186
frame_104,Rack_1,36,17,sprite_small,0.8953050374984741,317,149,341,226,329,187
frame_104,Rack_1,31,8,dew_med,0.8812395334243774,285,148,311,235,298,191
frame_104,Rack_1,20,8,dew_med,0.8726077675819397,258,148,283,237,270,192
frame_104,Rack_1,13,8,dew_med,0.869673490524292,230,147,256,239,243,193
frame_104,Rack_1,12,8,dew_med,0.8535425662994385,205,148,228,239,216,193
frame_104,Rack_1,18,8,dew_med,0.8662862181663513,181,149,203,237,192,193
frame_104,Rack_1,14,8,dew_med,0.8565766215324402,156,151,180,237,168,194
frame_104,Rack_1,49,8,dew_med,0.7348083853721619,127,151,154,236,140,193
frame_104,Rack_1,81,0,7up_med,0.8306899070739746,106,151,128,236,117,193
frame_104,Rack_1,69,0,7up_med,0.8506266474723816,83,153,106,239,94,196
frame_104,Rack_1,85,0,7up_med,0.7726025581359863,56,157,85,243,70,200
frame_104,Rack_1,95,0,7up_med,0.6018936634063721,9,163,37,232,23,197
frame_104,Rack_2,46,3,coke_med,0.7625448107719421,610,234,640,341,625,287
frame_104,Rack_2,21,3,coke_med,0.8696762919425964,584,248,612,341,598,294
frame_104,Rack_2,80,3,coke_med,0.8610484004020691,553,251,581,342,567,296
frame_104,Rack_2,33,6,coke_v_med,0.6045357584953308,487,259,518,343,502,301
frame_104,Rack_2,9,2,anw_med,0.8494153022766113,455,254,486,345,470,299
frame_104,Rack_2,23,2,anw_med,0.9100783467292786,421,260,453,344,437,302
frame_104,Rack_2,1,2,anw_med,0.889465868473053,388,259,418,343,403,301
frame_104,Rack_2,28,2,anw_med,0.8555260896682739,358,260,386,342,372,301
frame_104,Rack_2,22,2,anw_med,0.8321885466575623,328,260,356,342,342,301
frame_104,Rack_2,41,15,pepsi_med,0.9167272448539734,290,260,317,341,303,300
frame_104,Rack_2,25,15,pepsi_med,0.8813560009002686,258,259,285,340,271,299
frame_104,Rack_2,10,15,pepsi_med,0.8906898498535156,229,260,255,340,242,300
frame_104,Rack_2,16,15,pepsi_med,0.9113092422485352,203,259,228,340,215,299
frame_104,Rack_2,15,15,pepsi_med,0.9158923029899597,175,260,202,340,188,300
frame_104,Rack_2,55,13,kick_med,0.7661659121513367,144,260,173,340,158,300
frame_104,Rack_2,54,13,kick_med,0.8100378513336182,119,260,144,341,131,300
frame_104,Rack_2,63,13,kick_med,0.7563689947128296,93,261,119,340,106,300
frame_104,Rack_2,74,13,kick_med,0.8123965859413147,69,262,93,341,81,301
frame_104,Rack_2,84,13,kick_med,0.662117063999176,50,263,70,339,60,301
frame_104,Rack_2,90,13,kick_med,0.7916702628135681,27,265,49,340,38,302
frame_104,Rack_3,5,7,coke_z_big,0.9126551747322083,596,364,638,485,617,424
frame_104,Rack_3,3,7,coke_z_big,0.9466345906257629,557,363,597,484,577,423
frame_104,Rack_3,6,7,coke_z_big,0.9238446354866028,512,364,556,485,534,424
frame_104,Rack_3,27,5,coke_v_big,0.8968403339385986,472,364,511,485,491,424
frame_104,Rack_3,19,5,coke_v_big,0.9327743649482727,431,364,471,485,451,424
frame_104,Rack_3,17,5,coke_v_big,0.924141526222229,393,364,430,480,411,422
frame_104,Rack_3,7,5,coke_v_big,0.9259735345840454,355,364,392,482,373,423
frame_104,Rack_3,2,5,coke_v_big,0.9369136095046997,318,364,355,484,336,424
frame_104,Rack_3,8,14,pepsi_big,0.9213584065437317,283,364,316,485,299,424
frame_104,Rack_3,11,14,pepsi_big,0.9317722916603088,249,363,282,484,265,423
frame_104,Rack_3,47,14,pepsi_big,0.9135023355484009,215,363,249,485,232,424
frame_104,Rack_3,38,10,fanta_grape_big,0.9480153918266296,175,363,214,484,194,423
frame_104,Rack_3,57,10,fanta_grape_big,0.9409283995628357,148,363,174,479,161,421
frame_104,Rack_3,73,10,fanta_grape_big,0.8222047686576843,118,364,146,473,132,418
frame_104,Rack_3,67,12,fanta_straw_big,0.9102153182029724,80,363,118,468,99,415
frame_104,Rack_3,78,11,fanta_lychee_big,0.8320258855819702,49,363,80,468,64,415
frame_104,Rack_3,89,11,fanta_lychee_big,0.8806207180023193,13,364,48,471,30,417
frame_105,Rack_1,26,1,a&w_small,0.7079998850822449,616,149,640,210,628,179
frame_105,Rack_1,32,1,a&w_small,0.6671316027641296,587,150,616,212,601,181
frame_105,Rack_1,29,4,coke_small,0.673571765422821,559,151,580,213,569,182
frame_105,Rack_1,43,4,coke_small,0.7077253460884094,532,150,557,214,544,182
frame_105,Rack_1,35,4,coke_small,0.8539047837257385,503,150,529,215,516,182
frame_105,Rack_1,45,4,coke_small,0.8812794089317322,474,149,500,217,487,183
frame_105,Rack_1,50,4,coke_small,0.8981746435165405,447,149,473,218,460,183
frame_105,Rack_1,30,4,coke_small,0.9111920595169067,417,148,445,220,431,184
frame_105,Rack_1,42,17,sprite_small,0.8951987028121948,392,149,415,221,403,185
frame_105,Rack_1,24,17,sprite_small,0.8861942887306213,367,148,390,223,378,185
frame_105,Rack_1,34,17,sprite_small,0.9168458580970764,345,149,366,223,355,186
frame_105,Rack_1,36,17,sprite_small,0.8331828117370605,320,149,344,225,332,187
frame_105,Rack_1,31,8,dew_med,0.910229504108429,287,147,314,236,300,191
frame_105,Rack_1,20,8,dew_med,0.8961854577064514,261,148,286,237,273,192
frame_105,Rack_1,13,8,dew_med,0.857089638710022,233,147,259,238,246,192
frame_105,Rack_1,12,8,dew_med,0.8754274845123291,208,148,231,238,219,193
frame_105,Rack_1,18,8,dew_med,0.8546573519706726,184,149,206,237,195,193
frame_105,Rack_1,14,8,dew_med,0.8667320609092712,158,151,183,238,170,194
frame_105,Rack_1,49,8,dew_med,0.6244655251502991,130,151,158,238,144,194
frame_105,Rack_1,81,0,7up_med,0.800323486328125,109,151,131,239,120,195
frame_105,Rack_1,69,0,7up_med,0.8233242630958557,86,152,110,242,98,197
frame_105,Rack_1,85,0,7up_med,0.7743298411369324,59,156,88,244,73,200
frame_105,Rack_1,91,0,7up_med,0.6655137538909912,38,161,61,238,49,199
frame_105,Rack_1,95,0,7up_med,0.6598419547080994,12,163,41,237,26,200
frame_105,Rack_2,46,3,coke_med,0.7517915964126587,612,235,640,340,626,287
frame_105,Rack_2,21,3,coke_med,0.9097068309783936,586,240,616,341,601,290
frame_105,Rack_2,56,3,coke_med,0.8919717669487,554,237,585,341,569,289
frame_105,Rack_2,48,6,coke_v_med,0.5869472026824951,522,240,553,342,537,291
frame_105,Rack_2,9,2,anw_med,0.8030404448509216,458,254,489,344,473,299
frame_105,Rack_2,23,2,anw_med,0.9016082286834717,422,246,458,345,440,295
frame_105,Rack_2,1,2,anw_med,0.8885701894760132,390,259,421,342,405,300
frame_105,Rack_2,28,2,anw_med,0.8720744252204895,361,261,389,342,375,301
frame_105,Rack_2,22,2,anw_med,0.8679020404815674,330,261,359,342,344,301
frame_105,Rack_2,41,15,pepsi_med,0.8993789553642273,293,261,319,340,306,300
frame_105,Rack_2,25,15,pepsi_med,0.8767107725143433,261,260,288,339,274,299
frame_105,Rack_2,10,15,pepsi_med,0.917594850063324,232,259,257,340,244,299
frame_105,Rack_2,16,15,pepsi_med,0.8956966996192932,206,259,231,339,218,299
frame_105,Rack_2,15,15,pepsi_med,0.9075167775154114,178,260,204,340,191,300
frame_105,Rack_2,55,13,kick_med,0.8545779585838318,147,260,175,340,161,300
frame_105,Rack_2,54,13,kick_med,0.8850952386856079,122,260,146,340,134,300
frame_105,Rack_2,63,13,kick_med,0.8435561060905457,96,261,121,340,108,300
frame_105,Rack_2,74,13,kick_med,0.7639306783676147,72,261,95,340,83,300
frame_105,Rack_2,84,13,kick_med,0.5395281910896301,52,262,72,339,62,300
frame_105,Rack_2,90,13,kick_med,0.5119710564613342,30,264,52,340,41,302
frame_105,Rack_2,96,13,kick_med,0.5271810293197632,5,264,29,339,17,301
frame_105,Rack_3,5,7,coke_z_big,0.9194560647010803,597,362,640,485,618,423
frame_105,Rack_3,3,7,coke_z_big,0.9390502572059631,560,361,600,485,580,423
frame_105,Rack_3,6,7,coke_z_big,0.9249232411384583,515,363,559,485,537,424
frame_105,Rack_3,27,5,coke_v_big,0.9153586030006409,475,362,514,485,494,423
frame_105,Rack_3,19,5,coke_v_big,0.9094709157943726,434,363,474,485,454,424
frame_105,Rack_3,17,5,coke_v_big,0.9248974323272705,395,362,433,480,414,421
frame_105,Rack_3,7,5,coke_v_big,0.9168561100959778,358,363,395,482,376,422
frame_105,Rack_3,2,5,coke_v_big,0.9035234451293945,320,363,358,484,339,423
frame_105,Rack_3,8,14,pepsi_big,0.9387402534484863,285,362,319,485,302,423
frame_105,Rack_3,11,14,pepsi_big,0.9229309558868408,251,361,285,484,268,422
frame_105,Rack_3,47,14,pepsi_big,0.9117805361747742,217,361,251,485,234,423
frame_105,Rack_3,38,10,fanta_grape_big,0.9333211183547974,178,362,217,484,197,423
frame_105,Rack_3,57,10,fanta_grape_big,0.8925386071205139,150,361,177,479,163,420
frame_105,Rack_3,73,10,fanta_grape_big,0.7782670855522156,120,361,149,473,134,417
frame_105,Rack_3,67,12,fanta_straw_big,0.8972879648208618,82,361,121,468,101,414
frame_105,Rack_3,78,11,fanta_lychee_big,0.7823039293289185,51,361,83,467,67,414
frame_105,Rack_3,89,11,fanta_lychee_big,0.8760479688644409,16,362,51,470,33,416
frame_106,Rack_1,26,1,a&w_small,0.621060311794281,618,149,640,210,629,179
frame_106,Rack_1,32,1,a&w_small,0.7755887508392334,590,149,620,212,605,180
frame_106,Rack_1,29,4,coke_small,0.5692564249038696,562,150,583,213,572,181
frame_106,Rack_1,43,4,coke_small,0.8222197890281677,535,150,560,214,547,182
frame_106,Rack_1,35,4,coke_small,0.8451871275901794,506,150,532,215,519,182
frame_106,Rack_1,45,4,coke_small,0.8898948431015015,478,149,503,216,490,182
frame_106,Rack_1,50,4,coke_small,0.8717746734619141,450,149,476,218,463,183
frame_106,Rack_1,30,4,coke_small,0.8929034471511841,420,149,448,220,434,184
frame_106,Rack_1,42,17,sprite_small,0.8578978180885315,394,149,417,221,405,185
frame_106,Rack_1,24,17,sprite_small,0.8769280910491943,370,148,393,222,381,185
frame_106,Rack_1,34,17,sprite_small,0.8838155269622803,347,149,368,223,357,186
frame_106,Rack_1,36,17,sprite_small,0.8507410287857056,323,149,347,225,335,187
frame_106,Rack_1,31,8,dew_med,0.8652878999710083,289,148,316,236,302,192
frame_106,Rack_1,20,8,dew_med,0.8921911716461182,263,148,288,238,275,193
frame_106,Rack_1,13,8,dew_med,0.8444086313247681,235,147,261,239,248,193
frame_106,Rack_1,12,8,dew_med,0.8546768426895142,210,148,233,238,221,193
frame_106,Rack_1,18,8,dew_med,0.8372913002967834,186,149,209,238,197,193
frame_106,Rack_1,14,8,dew_med,0.8919358253479004,161,151,185,239,173,195
frame_106,Rack_1,81,0,7up_med,0.7323060631752014,111,151,134,240,122,195
frame_106,Rack_1,69,0,7up_med,0.7107875347137451,88,152,112,243,100,197
frame_106,Rack_1,85,0,7up_med,0.6781554818153381,61,156,90,245,75,200
frame_106,Rack_1,91,0,7up_med,0.6448880434036255,40,161,63,238,51,199
frame_106,Rack_1,95,0,7up_med,0.710612416267395,15,163,44,236,29,199
frame_106,Rack_2,46,3,coke_med,0.7451663017272949,616,236,640,340,628,288
frame_106,Rack_2,21,3,coke_med,0.772460401058197,591,250,618,340,604,295
frame_106,Rack_2,80,3,coke_med,0.6803858876228333,560,258,587,342,573,300
frame_106,Rack_2,9,2,anw_med,0.82569819688797,461,257,491,344,476,300
frame_106,Rack_2,23,2,anw_med,0.9070512652397156,426,254,459,344,442,299
frame_106,Rack_2,1,2,anw_med,0.8726296424865723,393,259,423,342,408,300
frame_106,Rack_2,28,2,anw_med,0.8721144199371338,363,259,392,342,377,300
frame_106,Rack_2,22,2,anw_med,0.8921671509742737,333,260,362,342,347,301
frame_106,Rack_2,41,15,pepsi_med,0.9000541567802429,295,260,321,340,308,300
frame_106,Rack_2,25,15,pepsi_med,0.8898487091064453,263,259,290,339,276,299
frame_106,Rack_2,10,15,pepsi_med,0.9195004105567932,234,258,260,340,247,299
frame_106,Rack_2,16,15,pepsi_med,0.9176017642021179,208,259,233,340,220,299
frame_106,Rack_2,15,15,pepsi_med,0.8981351256370544,180,260,207,340,193,300
frame_106,Rack_2,55,13,kick_med,0.788642942905426,149,259,177,340,163,299
frame_106,Rack_2,54,13,kick_med,0.8703659772872925,124,259,149,340,136,299
frame_106,Rack_2,63,13,kick_med,0.8822266459465027,98,261,124,340,111,300
frame_106,Rack_2,74,13,kick_med,0.8285271525382996,74,261,98,340,86,300
frame_106,Rack_2,84,13,kick_med,0.7637870907783508,54,262,74,340,64,301
frame_106,Rack_2,90,13,kick_med,0.7840194702148438,32,264,55,340,43,302
frame_106,Rack_2,96,13,kick_med,0.7312703728675842,5,264,30,339,17,301
frame_106,Rack_3,5,7,coke_z_big,0.9249738454818726,600,362,640,485,620,423
frame_106,Rack_3,3,7,coke_z_big,0.9246833324432373,563,361,603,484,583,422
frame_106,Rack_3,6,7,coke_z_big,0.9384216070175171,518,361,562,484,540,422
frame_106,Rack_3,27,5,coke_v_big,0.9073421955108643,478,362,517,485,497,423
frame_106,Rack_3,19,5,coke_v_big,0.9124937653541565,436,362,477,485,456,423
frame_106,Rack_3,17,5,coke_v_big,0.9258591532707214,397,362,435,481,416,421
frame_106,Rack_3,7,5,coke_v_big,0.9118117690086365,360,362,397,482,378,422
frame_106,Rack_3,2,5,coke_v_big,0.9248740673065186,323,363,360,484,341,423
frame_106,Rack_3,8,14,pepsi_big,0.934198260307312,288,361,322,485,305,423
frame_106,Rack_3,11,14,pepsi_big,0.9344208240509033,253,361,287,484,270,422
frame_106,Rack_3,47,14,pepsi_big,0.9068875312805176,219,361,253,485,236,423
frame_106,Rack_3,38,10,fanta_grape_big,0.9344446659088135,180,361,219,484,199,422
frame_106,Rack_3,57,10,fanta_grape_big,0.8885189890861511,152,361,179,479,165,420
frame_106,Rack_3,73,10,fanta_grape_big,0.8020623922348022,122,361,151,474,136,417
frame_106,Rack_3,67,12,fanta_straw_big,0.8933084011077881,84,360,123,468,103,414
frame_106,Rack_3,78,11,fanta_lychee_big,0.7848832607269287,53,360,85,467,69,413
frame_106,Rack_3,89,11,fanta_lychee_big,0.8718400597572327,17,361,54,472,35,416
frame_107,Rack_1,32,1,a&w_small,0.7951205968856812,593,149,623,212,608,180
frame_107,Rack_1,29,4,coke_small,0.584587574005127,564,151,585,213,574,182
frame_107,Rack_1,43,4,coke_small,0.788733720779419,537,150,563,213,550,181
frame_107,Rack_1,35,4,coke_small,0.8823885917663574,508,150,535,215,521,182
frame_107,Rack_1,45,4,coke_small,0.9064953327178955,480,150,506,216,493,183
frame_107,Rack_1,50,4,coke_small,0.88066565990448,453,149,478,217,465,183
frame_107,Rack_1,30,4,coke_small,0.8991316556930542,422,149,450,220,436,184
frame_107,Rack_1,42,17,sprite_small,0.8300765752792358,396,149,419,221,407,185
frame_107,Rack_1,24,17,sprite_small,0.86110520362854,372,149,396,223,384,186
frame_107,Rack_1,34,17,sprite_small,0.9069412350654602,350,149,371,223,360,186
frame_107,Rack_1,36,17,sprite_small,0.9101738333702087,325,149,349,224,337,186
frame_107,Rack_1,31,8,dew_med,0.8819208741188049,292,148,319,236,305,192
frame_107,Rack_1,20,8,dew_med,0.8716593384742737,265,148,290,237,277,192
frame_107,Rack_1,13,8,dew_med,0.8563787341117859,237,148,263,238,250,193
frame_107,Rack_1,12,8,dew_med,0.8703847527503967,212,148,235,238,223,193
frame_107,Rack_1,18,8,dew_med,0.8477575182914734,188,149,211,238,199,193
frame_107,Rack_1,14,8,dew_med,0.9050410389900208,163,151,187,240,175,195
frame_107,Rack_1,49,8,dew_med,0.5210021138191223,134,152,162,240,148,196
frame_107,Rack_1,81,0,7up_med,0.7921318411827087,113,151,135,239,124,195
frame_107,Rack_1,69,0,7up_med,0.8245134353637695,90,153,113,241,101,197
frame_107,Rack_1,85,0,7up_med,0.7041420936584473,63,156,91,244,77,200
frame_107,Rack_1,91,0,7up_med,0.6314145922660828,42,161,65,239,53,200
frame_107,Rack_1,95,0,7up_med,0.6818012595176697,16,163,46,238,31,200
frame_107,Rack_2,21,3,coke_med,0.8186262249946594,594,255,621,340,607,297
frame_107,Rack_2,80,3,coke_med,0.5307984948158264,563,260,589,342,576,301
frame_107,Rack_2,9,2,anw_med,0.8763730525970459,463,251,494,344,478,297
frame_107,Rack_2,23,2,anw_med,0.914616584777832,428,256,461,344,444,300
frame_107,Rack_2,1,2,anw_med,0.8954735994338989,395,259,426,343,410,301
frame_107,Rack_2,28,2,anw_med,0.8964726328849792,365,259,394,342,379,300
frame_107,Rack_2,22,2,anw_med,0.8669617772102356,335,260,364,342,349,301
frame_107,Rack_2,41,15,pepsi_med,0.9347401857376099,297,260,323,340,310,300
frame_107,Rack_2,25,15,pepsi_med,0.9212648272514343,266,259,293,339,279,299
frame_107,Rack_2,10,15,pepsi_med,0.9176061749458313,236,258,262,340,249,299
frame_107,Rack_2,16,15,pepsi_med,0.9117676615715027,210,259,235,340,222,299
frame_107,Rack_2,15,15,pepsi_med,0.8964087963104248,182,260,209,340,195,300
frame_107,Rack_2,55,13,kick_med,0.6863230466842651,151,260,179,340,165,300
frame_107,Rack_2,54,13,kick_med,0.8384532332420349,126,260,150,340,138,300
frame_107,Rack_2,63,13,kick_med,0.8581666350364685,100,261,125,340,112,300
frame_107,Rack_2,74,13,kick_med,0.7958290576934814,76,261,100,340,88,300
frame_107,Rack_2,84,13,kick_med,0.7848103642463684,56,262,76,340,66,301
frame_107,Rack_2,90,13,kick_med,0.7515617609024048,34,264,56,339,45,301
frame_107,Rack_2,96,13,kick_med,0.5571990013122559,8,264,33,339,20,301
frame_107,Rack_3,5,7,coke_z_big,0.9200616478919983,602,362,640,484,621,423
frame_107,Rack_3,3,7,coke_z_big,0.9383444786071777,566,361,606,484,586,422
frame_107,Rack_3,6,7,coke_z_big,0.9289137125015259,521,362,565,484,543,423
frame_107,Rack_3,27,5,coke_v_big,0.9071927070617676,480,362,519,484,499,423
frame_107,Rack_3,19,5,coke_v_big,0.9230841994285583,438,362,479,485,458,423
frame_107,Rack_3,17,5,coke_v_big,0.913751482963562,399,362,437,481,418,421
frame_107,Rack_3,7,5,coke_v_big,0.921989917755127,362,362,399,482,380,422
frame_107,Rack_3,2,5,coke_v_big,0.9151608943939209,325,363,362,483,343,423
frame_107,Rack_3,8,14,pepsi_big,0.9340837001800537,290,362,324,484,307,423
frame_107,Rack_3,11,14,pepsi_big,0.9422683715820312,256,361,289,484,272,422
frame_107,Rack_3,47,14,pepsi_big,0.914520263671875,221,361,255,485,238,423
frame_107,Rack_3,38,10,fanta_grape_big,0.9519122838973999,182,361,221,484,201,422
frame_107,Rack_3,57,10,fanta_grape_big,0.8914264440536499,154,361,180,479,167,420
frame_107,Rack_3,73,10,fanta_grape_big,0.7005792260169983,124,361,153,473,138,417
frame_107,Rack_3,67,12,fanta_straw_big,0.9156296849250793,86,360,125,468,105,414
frame_107,Rack_3,78,11,fanta_lychee_big,0.7321314215660095,55,360,87,468,71,414
frame_107,Rack_3,89,11,fanta_lychee_big,0.8904169201850891,19,362,55,472,37,417
frame_107,Rack_3,98,11,fanta_lychee_big,0.7159565091133118,2,362,19,471,10,416
frame_108,Rack_1,32,1,a&w_small,0.7271181344985962,595,149,625,212,610,180
frame_108,Rack_1,29,4,coke_small,0.6853108406066895,567,150,588,213,577,181
frame_108,Rack_1,43,4,coke_small,0.7921555638313293,540,150,565,214,552,182
frame_108,Rack_1,35,4,coke_small,0.8967656493186951,511,150,537,215,524,182
frame_108,Rack_1,45,4,coke_small,0.8671669363975525,482,149,508,216,495,182
frame_108,Rack_1,50,4,coke_small,0.8852811455726624,455,149,480,217,467,183
frame_108,Rack_1,30,4,coke_small,0.9130434989929199,424,148,453,220,438,184
frame_108,Rack_1,42,17,sprite_small,0.8501845002174377,399,148,422,221,410,184
frame_108,Rack_1,24,17,sprite_small,0.8720801472663879,374,148,398,222,386,185
frame_108,Rack_1,34,17,sprite_small,0.9343107342720032,352,149,373,223,362,186
frame_108,Rack_1,36,17,sprite_small,0.8898283243179321,327,149,351,224,339,186
frame_108,Rack_1,31,8,dew_med,0.8864873051643372,294,148,320,236,307,192
frame_108,Rack_1,20,8,dew_med,0.859024703502655,267,147,292,237,279,192
frame_108,Rack_1,13,8,dew_med,0.8734124898910522,239,147,265,238,252,192
frame_108,Rack_1,12,8,dew_med,0.8724992871284485,214,148,238,238,226,193
frame_108,Rack_1,18,8,dew_med,0.8484302163124084,190,149,213,238,201,193
frame_108,Rack_1,14,8,dew_med,0.8939209580421448,165,151,189,239,177,195
frame_108,Rack_1,81,0,7up_med,0.750756025314331,115,151,137,239,126,195
frame_108,Rack_1,69,0,7up_med,0.7660195231437683,92,153,115,240,103,196
frame_108,Rack_1,85,0,7up_med,0.7804213762283325,65,156,93,243,79,199
frame_108,Rack_1,91,0,7up_med,0.5409234166145325,44,160,67,239,55,199
frame_108,Rack_1,95,0,7up_med,0.5892077088356018,18,163,47,237,32,200
frame_108,Rack_2,21,3,coke_med,0.8422163724899292,596,248,624,340,610,294
frame_108,Rack_2,56,3,coke_med,0.7810719609260559,564,247,593,341,578,294
frame_108,Rack_2,9,2,anw_med,0.8873873353004456,466,255,496,345,481,300
frame_108,Rack_2,23,2,anw_med,0.9052441716194153,431,258,463,345,447,301
frame_108,Rack_2,1,2,anw_med,0.8742409944534302,397,259,428,344,412,301
frame_108,Rack_2,28,2,anw_med,0.8563460111618042,367,259,395,342,381,300
frame_108,Rack_2,22,2,anw_med,0.8488187789916992,337,260,365,342,351,301
frame_108,Rack_2,41,15,pepsi_med,0.9314562082290649,299,260,325,340,312,300
frame_108,Rack_2,25,15,pepsi_med,0.9098073840141296,268,260,295,339,281,299
frame_108,Rack_2,10,15,pepsi_med,0.9215648770332336,238,258,264,339,251,298
frame_108,Rack_2,16,15,pepsi_med,0.9003517627716064,211,258,237,340,224,299
frame_108,Rack_2,15,15,pepsi_med,0.9054229855537415,184,259,210,340,197,299
frame_108,Rack_2,55,13,kick_med,0.7937713265419006,153,260,181,340,167,300
frame_108,Rack_2,54,13,kick_med,0.8337430953979492,127,260,152,340,139,300
frame_108,Rack_2,63,13,kick_med,0.8444468379020691,101,260,127,341,114,300
frame_108,Rack_2,74,13,kick_med,0.7603082656860352,78,261,101,340,89,300
frame_108,Rack_2,84,13,kick_med,0.7921841144561768,57,262,77,340,67,301
frame_108,Rack_2,90,13,kick_med,0.748025119304657,35,264,58,340,46,302
frame_108,Rack_2,96,13,kick_med,0.5691944360733032,13,264,37,339,25,301
frame_108,Rack_3,5,7,coke_z_big,0.8743812441825867,603,361,640,484,621,422
frame_108,Rack_3,3,7,coke_z_big,0.9416304230690002,568,361,608,484,588,422
frame_108,Rack_3,6,7,coke_z_big,0.9325301647186279,523,362,567,484,545,423
frame_108,Rack_3,27,5,coke_v_big,0.8730512261390686,482,362,521,484,501,423
frame_108,Rack_3,19,5,coke_v_big,0.9309495687484741,440,361,481,484,460,422
frame_108,Rack_3,17,5,coke_v_big,0.9327013492584229,402,362,439,481,420,421
frame_108,Rack_3,7,5,coke_v_big,0.9342349767684937,364,362,401,481,382,421
frame_108,Rack_3,2,5,coke_v_big,0.9018308520317078,327,363,364,483,345,423
frame_108,Rack_3,8,14,pepsi_big,0.9163494110107422,292,361,326,484,309,422
frame_108,Rack_3,11,14,pepsi_big,0.9354042410850525,258,360,292,484,275,422
frame_108,Rack_3,47,14,pepsi_big,0.9230028390884399,223,361,257,485,240,423
frame_108,Rack_3,38,10,fanta_grape_big,0.9371775388717651,183,361,222,484,202,422
frame_108,Rack_3,57,10,fanta_grape_big,0.8970059156417847,156,361,182,479,169,420
frame_108,Rack_3,73,10,fanta_grape_big,0.8375316262245178,126,361,154,473,140,417
frame_108,Rack_3,67,12,fanta_straw_big,0.9275062084197998,88,360,127,469,107,414
frame_108,Rack_3,89,11,fanta_lychee_big,0.9008800983428955,21,361,57,472,39,416
frame_108,Rack_3,98,11,fanta_lychee_big,0.6769478917121887,3,361,21,471,12,416
frame_109,Rack_1,32,1,a&w_small,0.7388560175895691,597,149,627,211,612,180
frame_109,Rack_1,29,4,coke_small,0.6424059867858887,569,150,591,212,580,181
frame_109,Rack_1,43,4,coke_small,0.8341299295425415,542,150,567,213,554,181
frame_109,Rack_1,35,4,coke_small,0.7948783040046692,513,150,540,214,526,182
frame_109,Rack_1,45,4,coke_small,0.8680191040039062,485,149,511,215,498,182
frame_109,Rack_1,50,4,coke_small,0.8681829571723938,457,149,483,218,470,183
frame_109,Rack_1,30,4,coke_small,0.9094188809394836,427,149,455,220,441,184
frame_109,Rack_1,42,17,sprite_small,0.8750669360160828,401,148,424,221,412,184
frame_109,Rack_1,24,17,sprite_small,0.8840839862823486,376,148,400,222,388,185
frame_109,Rack_1,34,17,sprite_small,0.9160025715827942,354,149,375,223,364,186
frame_109,Rack_1,36,17,sprite_small,0.888582706451416,329,149,353,224,341,186
frame_109,Rack_1,31,8,dew_med,0.8833423256874084,295,148,322,236,308,192
frame_109,Rack_1,20,8,dew_med,0.8601542711257935,269,148,294,237,281,192
frame_109,Rack_1,13,8,dew_med,0.8735235333442688,241,147,267,239,254,193
frame_109,Rack_1,12,8,dew_med,0.865993082523346,216,148,239,237,227,192
frame_109,Rack_1,18,8,dew_med,0.8397022485733032,192,149,214,238,203,193
frame_109,Rack_1,14,8,dew_med,0.8896676898002625,166,151,191,240,178,195
frame_109,Rack_1,81,0,7up_med,0.6972847580909729,117,151,139,239,128,195
frame_109,Rack_1,69,0,7up_med,0.6123678684234619,93,153,117,241,105,197
frame_109,Rack_2,21,3,coke_med,0.8985035419464111,599,249,627,340,613,294
frame_109,Rack_2,80,3,coke_med,0.6853171586990356,568,260,595,342,581,301
frame_109,Rack_2,33,6,coke_v_med,0.5083171725273132,501,259,531,343,516,301
frame_109,Rack_2,9,2,anw_med,0.8935083150863647,468,258,498,344,483,301
frame_109,Rack_2,23,2,anw_med,0.8891915082931519,433,259,465,345,449,302
frame_109,Rack_2,1,2,anw_med,0.9016772508621216,399,258,430,344,414,301
frame_109,Rack_2,28,2,anw_med,0.8950694799423218,369,259,398,343,383,301
frame_109,Rack_2,22,2,anw_med,0.8839487433433533,339,260,368,342,353,301
frame_109,Rack_2,41,15,pepsi_med,0.9248573780059814,301,260,327,340,314,300
frame_109,Rack_2,25,15,pepsi_med,0.9201722741127014,269,260,296,339,282,299
frame_109,Rack_2,10,15,pepsi_med,0.9266464710235596,240,258,265,340,252,299
frame_109,Rack_2,16,15,pepsi_med,0.890914261341095,213,258,239,340,226,299
frame_109,Rack_2,15,15,pepsi_med,0.9036361575126648,186,260,212,340,199,300
frame_109,Rack_2,55,13,kick_med,0.8574264049530029,155,260,183,340,169,300
frame_109,Rack_2,54,13,kick_med,0.8848534226417542,129,260,154,340,141,300
frame_109,Rack_2,63,13,kick_med,0.8309178352355957,103,260,129,340,116,300
frame_109,Rack_2,74,13,kick_med,0.6956543922424316,79,261,103,340,91,300
frame_109,Rack_2,84,13,kick_med,0.7391183972358704,59,262,79,340,69,301
frame_109,Rack_2,90,13,kick_med,0.8119608759880066,36,264,59,340,47,302
frame_109,Rack_2,96,13,kick_med,0.6707976460456848,15,264,39,339,27,301
frame_109,Rack_3,5,7,coke_z_big,0.8513991236686707,605,361,640,486,622,423
frame_109,Rack_3,3,7,coke_z_big,0.9440871477127075,570,361,611,486,590,423
frame_109,Rack_3,6,7,coke_z_big,0.9242011904716492,525,362,569,486,547,424
frame_109,Rack_3,27,5,coke_v_big,0.8737024664878845,484,362,524,486,504,424
frame_109,Rack_3,19,5,coke_v_big,0.9009034037590027,442,361,484,486,463,423
frame_109,Rack_3,17,5,coke_v_big,0.9255442023277283,404,362,441,480,422,421
frame_109,Rack_3,7,5,coke_v_big,0.9268861413002014,366,362,403,480,384,421
frame_109,Rack_3,2,5,coke_v_big,0.9178718328475952,328,363,366,485,347,424
frame_109,Rack_3,8,14,pepsi_big,0.9326149821281433,294,361,328,486,311,423
frame_109,Rack_3,11,14,pepsi_big,0.9327273964881897,260,361,294,486,277,423
frame_109,Rack_3,47,14,pepsi_big,0.9214058518409729,225,361,259,486,242,423
frame_109,Rack_3,38,10,fanta_grape_big,0.9353440403938293,185,361,224,485,204,423
frame_109,Rack_3,57,10,fanta_grape_big,0.913711667060852,157,361,184,480,170,420
frame_109,Rack_3,73,10,fanta_grape_big,0.8926125764846802,128,361,156,474,142,417
frame_109,Rack_3,67,12,fanta_straw_big,0.9190307259559631,89,360,128,469,108,414
frame_109,Rack_3,78,11,fanta_lychee_big,0.5710414052009583,58,360,90,469,74,414
frame_109,Rack_3,89,11,fanta_lychee_big,0.8873393535614014,23,361,59,472,41,416
frame_109,Rack_3,98,11,fanta_lychee_big,0.7032908201217651,5,361,22,472,13,416
frame_110,Rack_1,32,1,a&w_small,0.567872941493988,600,149,630,211,615,180
frame_110,Rack_1,29,4,coke_small,0.5117576122283936,573,150,595,212,584,181
frame_110,Rack_1,43,4,coke_small,0.8477953672409058,545,150,570,213,557,181
frame_110,Rack_1,35,4,coke_small,0.8705356121063232,516,149,542,214,529,181
frame_110,Rack_1,45,4,coke_small,0.8876095414161682,487,149,513,215,500,182
frame_110,Rack_1,50,4,coke_small,0.8735678195953369,459,149,484,217,471,183
frame_110,Rack_1,30,4,coke_small,0.9319895505905151,429,149,457,219,443,184
frame_110,Rack_1,42,17,sprite_small,0.8669639825820923,403,148,426,220,414,184
frame_110,Rack_1,24,17,sprite_small,0.8805399537086487,378,148,402,222,390,185
frame_110,Rack_1,34,17,sprite_small,0.9081048965454102,356,149,377,222,366,185
frame_110,Rack_1,36,17,sprite_small,0.8625117540359497,332,149,355,224,343,186
frame_110,Rack_1,31,8,dew_med,0.8902230858802795,298,148,324,235,311,191
frame_110,Rack_1,20,8,dew_med,0.8920211791992188,271,148,296,236,283,192
frame_110,Rack_1,13,8,dew_med,0.8933891654014587,243,147,269,238,256,192
frame_110,Rack_1,12,8,dew_med,0.8718698024749756,218,148,241,237,229,192
frame_110,Rack_1,18,8,dew_med,0.872387170791626,194,148,216,238,205,193
frame_110,Rack_1,14,8,dew_med,0.8864852786064148,168,150,193,239,180,194
frame_110,Rack_1,49,8,dew_med,0.5393602252006531,140,150,168,237,154,193
frame_110,Rack_1,81,0,7up_med,0.8558525443077087,118,151,140,238,129,194
frame_110,Rack_1,69,0,7up_med,0.7531818747520447,95,153,119,242,107,197
frame_110,Rack_1,85,0,7up_med,0.7908969521522522,68,156,96,244,82,200
frame_110,Rack_1,91,0,7up_med,0.5154067277908325,47,160,71,242,59,201
frame_110,Rack_1,95,0,7up_med,0.6007733345031738,20,162,51,240,35,201
frame_110,Rack_2,21,3,coke_med,0.9142719507217407,601,245,630,339,615,292
frame_110,Rack_2,56,3,coke_med,0.8745665550231934,569,244,599,341,584,292
frame_110,Rack_2,9,2,anw_med,0.8899412751197815,469,247,502,345,485,296
frame_110,Rack_2,23,2,anw_med,0.8830397129058838,434,253,468,345,451,299
frame_110,Rack_2,1,2,anw_med,0.9007191061973572,401,259,432,344,416,301
frame_110,Rack_2,28,2,anw_med,0.881962776184082,371,259,400,342,385,300
frame_110,Rack_2,22,2,anw_med,0.8849396109580994,341,260,370,342,355,301
frame_110,Rack_2,41,15,pepsi_med,0.922991156578064,302,259,329,340,315,299
frame_110,Rack_2,25,15,pepsi_med,0.9138767123222351,270,260,297,339,283,299
frame_110,Rack_2,10,15,pepsi_med,0.9219716787338257,242,258,267,339,254,298
frame_110,Rack_2,16,15,pepsi_med,0.9037613272666931,215,258,240,340,227,299
frame_110,Rack_2,15,15,pepsi_med,0.9135175943374634,187,260,213,339,200,299
frame_110,Rack_2,55,13,kick_med,0.8699237704277039,156,259,185,339,170,299
frame_110,Rack_2,54,13,kick_med,0.906917154788971,131,260,155,340,143,300
frame_110,Rack_2,63,13,kick_med,0.8421221971511841,104,260,130,340,117,300
frame_110,Rack_2,74,13,kick_med,0.7263361215591431,81,261,104,340,92,300
frame_110,Rack_2,84,13,kick_med,0.7538034319877625,61,262,81,340,71,301
frame_110,Rack_2,90,13,kick_med,0.8139463663101196,37,263,61,340,49,301
frame_110,Rack_2,96,13,kick_med,0.6929728388786316,17,264,40,339,28,301
frame_110,Rack_3,5,7,coke_z_big,0.814804196357727,607,361,640,485,623,423
frame_110,Rack_3,3,7,coke_z_big,0.9375141859054565,573,360,613,485,593,422
frame_110,Rack_3,6,7,coke_z_big,0.9076228737831116,527,361,572,485,549,423
frame_110,Rack_3,27,5,coke_v_big,0.880575954914093,487,361,526,486,506,423
frame_110,Rack_3,19,5,coke_v_big,0.926586925983429,444,361,486,486,465,423
frame_110,Rack_3,17,5,coke_v_big,0.9167066812515259,406,362,443,480,424,421
frame_110,Rack_3,7,5,coke_v_big,0.9257727265357971,368,362,405,482,386,422
frame_110,Rack_3,2,5,coke_v_big,0.936124324798584,330,362,368,484,349,423
frame_110,Rack_3,8,14,pepsi_big,0.9255970120429993,295,361,329,485,312,423
frame_110,Rack_3,11,14,pepsi_big,0.9203441143035889,261,360,295,486,278,423
frame_110,Rack_3,47,14,pepsi_big,0.9026052355766296,227,360,261,485,244,422
frame_110,Rack_3,38,10,fanta_grape_big,0.926476776599884,187,361,226,485,206,423
frame_110,Rack_3,57,10,fanta_grape_big,0.8959507942199707,159,360,185,480,172,420
frame_110,Rack_3,73,10,fanta_grape_big,0.8690021634101868,129,361,158,473,143,417
frame_110,Rack_3,67,12,fanta_straw_big,0.918643593788147,90,360,129,469,109,414
frame_110,Rack_3,78,11,fanta_lychee_big,0.7363010048866272,60,360,92,469,76,414
frame_110,Rack_3,89,11,fanta_lychee_big,0.8860406875610352,25,361,61,471,43,416
frame_110,Rack_3,98,11,fanta_lychee_big,0.7346214056015015,5,361,23,471,14,416
frame_111,Rack_1,43,4,coke_small,0.7831401228904724,548,150,573,212,560,181
frame_111,Rack_1,35,4,coke_small,0.845705509185791,518,149,545,213,531,181
frame_111,Rack_1,45,4,coke_small,0.8547795414924622,489,149,515,215,502,182
frame_111,Rack_1,50,4,coke_small,0.8851361870765686,461,149,487,216,474,182
frame_111,Rack_1,30,4,coke_small,0.8725981712341309,432,149,459,218,445,183
frame_111,Rack_1,42,17,sprite_small,0.8262600898742676,405,148,428,220,416,184
frame_111,Rack_1,24,17,sprite_small,0.8565340042114258,380,148,404,222,392,185
frame_111,Rack_1,34,17,sprite_small,0.9151465892791748,358,148,379,222,368,185
frame_111,Rack_1,36,17,sprite_small,0.8492094278335571,333,149,357,224,345,186
frame_111,Rack_1,31,8,dew_med,0.8976219892501831,299,148,326,234,312,191
frame_111,Rack_1,20,8,dew_med,0.8778796792030334,273,147,298,236,285,191
frame_111,Rack_1,13,8,dew_med,0.9007805585861206,245,147,271,238,258,192
frame_111,Rack_1,12,8,dew_med,0.8622474670410156,220,148,243,237,231,192
frame_111,Rack_1,18,8,dew_med,0.847765326499939,195,149,218,238,206,193
frame_111,Rack_1,14,8,dew_med,0.8634616732597351,170,150,194,237,182,193
frame_111,Rack_1,49,0,7up_med,0.6397497057914734,142,150,169,235,155,192
frame_111,Rack_1,81,0,7up_med,0.8626508116722107,120,150,142,235,131,192
frame_111,Rack_1,69,0,7up_med,0.8680824637413025,97,152,120,237,108,194
frame_111,Rack_1,85,0,7up_med,0.8931398391723633,70,155,97,239,83,197
frame_111,Rack_1,91,0,7up_med,0.7710200548171997,49,160,71,237,60,198
frame_111,Rack_1,95,0,7up_med,0.834611713886261,23,162,51,235,37,198
frame_111,Rack_2,21,3,coke_med,0.8852049112319946,603,239,634,339,618,289
frame_111,Rack_2,56,3,coke_med,0.8229066729545593,572,248,601,341,586,294
frame_111,Rack_2,48,6,coke_v_med,0.6515952348709106,538,250,568,341,553,295
frame_111,Rack_2,9,2,anw_med,0.9017187356948853,472,249,504,344,488,296
frame_111,Rack_2,23,2,anw_med,0.8902868032455444,436,253,470,345,453,299
frame_111,Rack_2,1,2,anw_med,0.8893473744392395,404,259,434,343,419,301
frame_111,Rack_2,28,2,anw_med,0.8631863594055176,374,259,402,342,388,300
frame_111,Rack_2,22,2,anw_med,0.8506481647491455,343,260,371,342,357,301
frame_111,Rack_2,41,15,pepsi_med,0.9203806519508362,304,259,331,340,317,299
frame_111,Rack_2,25,15,pepsi_med,0.9041874408721924,272,259,299,339,285,299
frame_111,Rack_2,10,15,pepsi_med,0.9175140261650085,243,258,269,339,256,298
frame_111,Rack_2,16,15,pepsi_med,0.9213724732398987,216,258,242,339,229,298
frame_111,Rack_2,15,15,pepsi_med,0.9042161107063293,189,260,215,339,202,299
frame_111,Rack_2,55,13,kick_med,0.847111165523529,158,259,186,339,172,299
frame_111,Rack_2,54,13,kick_med,0.8926421999931335,132,260,157,340,144,300
frame_111,Rack_2,63,13,kick_med,0.8362568020820618,106,260,131,340,118,300
frame_111,Rack_2,74,13,kick_med,0.760573148727417,82,262,105,340,93,301
frame_111,Rack_2,84,13,kick_med,0.742883563041687,62,262,82,340,72,301
frame_111,Rack_2,90,13,kick_med,0.7446023225784302,39,264,62,340,50,302
frame_111,Rack_3,5,7,coke_z_big,0.7628642916679382,609,360,640,484,624,422
frame_111,Rack_3,3,7,coke_z_big,0.924140989780426,575,360,616,484,595,422
frame_111,Rack_3,6,7,coke_z_big,0.9146096706390381,530,361,575,485,552,423
frame_111,Rack_3,27,5,coke_v_big,0.8918225765228271,489,361,528,485,508,423
frame_111,Rack_3,19,5,coke_v_big,0.9276506900787354,447,361,488,485,467,423
frame_111,Rack_3,17,5,coke_v_big,0.9169174432754517,408,361,446,480,427,420
frame_111,Rack_3,7,5,coke_v_big,0.9271395206451416,370,362,407,482,388,422
frame_111,Rack_3,2,5,coke_v_big,0.9444109201431274,332,362,370,484,351,423
frame_111,Rack_3,8,14,pepsi_big,0.9285342693328857,297,361,331,485,314,423
frame_111,Rack_3,11,14,pepsi_big,0.9260071516036987,263,360,297,485,280,422
frame_111,Rack_3,47,14,pepsi_big,0.8999947309494019,228,361,263,485,245,423
frame_111,Rack_3,38,10,fanta_grape_big,0.9358312487602234,188,361,227,484,207,422
frame_111,Rack_3,57,10,fanta_grape_big,0.9041971564292908,160,360,187,480,173,420
frame_111,Rack_3,73,10,fanta_grape_big,0.8588436841964722,131,361,159,473,145,417
frame_111,Rack_3,67,12,fanta_straw_big,0.9192578792572021,91,360,130,469,110,414
frame_111,Rack_3,78,11,fanta_lychee_big,0.7922087907791138,61,360,93,469,77,414
frame_111,Rack_3,89,11,fanta_lychee_big,0.8994470238685608,27,361,62,470,44,415
frame_111,Rack_3,98,11,fanta_lychee_big,0.7337362766265869,6,361,24,471,15,416
frame_112,Rack_1,43,4,coke_small,0.7571284174919128,550,148,576,212,563,180
frame_112,Rack_1,35,4,coke_small,0.7559541463851929,520,148,547,213,533,180
frame_112,Rack_1,45,4,coke_small,0.8659420013427734,491,148,518,215,504,181
frame_112,Rack_1,50,4,coke_small,0.9085744619369507,463,147,489,216,476,181
frame_112,Rack_1,30,4,coke_small,0.889880895614624,433,147,462,217,447,182
frame_112,Rack_1,42,17,sprite_small,0.7032446265220642,407,147,431,219,419,183
frame_112,Rack_1,24,17,sprite_small,0.695572555065155,382,146,407,222,394,184
frame_112,Rack_1,34,17,sprite_small,0.8972932696342468,360,147,382,222,371,184
frame_112,Rack_1,36,17,sprite_small,0.7398226261138916,335,148,359,224,347,186
frame_112,Rack_1,31,8,dew_med,0.8787429928779602,301,146,328,233,314,189
frame_112,Rack_1,20,8,dew_med,0.8581541776657104,274,146,300,235,287,190
frame_112,Rack_1,13,8,dew_med,0.8738872408866882,246,145,272,237,259,191
frame_112,Rack_1,12,8,dew_med,0.8370068073272705,221,146,245,237,233,191
frame_112,Rack_1,18,8,dew_med,0.8462338447570801,197,147,220,238,208,192
frame_112,Rack_1,14,8,dew_med,0.8587567210197449,171,148,196,239,183,193
frame_112,Rack_1,49,0,7up_med,0.5017940998077393,143,149,171,238,157,193
frame_112,Rack_1,81,0,7up_med,0.8291757106781006,121,148,144,238,132,193
frame_112,Rack_1,69,0,7up_med,0.8892216682434082,98,151,122,241,110,196
frame_112,Rack_1,85,0,7up_med,0.8875380754470825,70,154,99,243,84,198
frame_112,Rack_1,91,0,7up_med,0.7625175714492798,50,159,73,241,61,200
frame_112,Rack_1,95,0,7up_med,0.8565503358840942,24,162,52,233,38,197
frame_112,Rack_2,21,3,coke_med,0.7705531120300293,608,250,635,340,621,295
frame_112,Rack_2,80,3,coke_med,0.6849384307861328,576,261,603,341,589,301
frame_112,Rack_2,9,2,anw_med,0.6743016839027405,475,255,505,343,490,299
frame_112,Rack_2,23,2,anw_med,0.8365604281425476,439,256,472,344,455,300
frame_112,Rack_2,1,2,anw_med,0.7628732919692993,406,258,436,342,421,300
frame_112,Rack_2,28,2,anw_med,0.7644218802452087,376,258,404,342,390,300
frame_112,Rack_2,22,2,anw_med,0.8675456643104553,344,258,374,341,359,299
frame_112,Rack_2,41,15,pepsi_med,0.9076731204986572,306,258,333,340,319,299
frame_112,Rack_2,25,15,pepsi_med,0.8894795775413513,274,257,301,339,287,298
frame_112,Rack_2,10,15,pepsi_med,0.9073745608329773,245,258,270,339,257,298
frame_112,Rack_2,16,15,pepsi_med,0.9012749195098877,218,258,244,339,231,298
frame_112,Rack_2,15,15,pepsi_med,0.9157804846763611,190,258,217,339,203,298
frame_112,Rack_2,55,13,kick_med,0.8986601829528809,159,259,188,339,173,299
frame_112,Rack_2,54,13,kick_med,0.8953672647476196,133,258,159,340,146,299
frame_112,Rack_2,63,13,kick_med,0.8583345413208008,107,259,133,340,120,299
frame_112,Rack_2,74,13,kick_med,0.8740751147270203,84,261,107,340,95,300
frame_112,Rack_2,84,13,kick_med,0.7932916879653931,63,261,84,340,73,300
frame_112,Rack_2,90,13,kick_med,0.7813751101493835,40,262,63,340,51,301
frame_112,Rack_2,96,13,kick_med,0.5045868158340454,19,265,42,340,30,302
frame_112,Rack_3,5,7,coke_z_big,0.8060228824615479,611,360,640,484,625,422
frame_112,Rack_3,3,7,coke_z_big,0.9010694622993469,578,360,618,484,598,422
frame_112,Rack_3,6,7,coke_z_big,0.9222742319107056,532,360,577,484,554,422
frame_112,Rack_3,27,5,coke_v_big,0.9208635091781616,492,361,531,485,511,423
frame_112,Rack_3,19,5,coke_v_big,0.9214084148406982,449,361,490,485,469,423
frame_112,Rack_3,17,5,coke_v_big,0.9364222288131714,410,361,448,481,429,421
frame_112,Rack_3,7,5,coke_v_big,0.9258174896240234,372,362,409,482,390,422
frame_112,Rack_3,2,5,coke_v_big,0.9266922473907471,335,362,372,483,353,422
frame_112,Rack_3,8,14,pepsi_big,0.9195303916931152,299,361,333,484,316,422
frame_112,Rack_3,11,14,pepsi_big,0.9206839203834534,264,360,298,484,281,422
frame_112,Rack_3,47,14,pepsi_big,0.8654846549034119,230,360,264,485,247,422
frame_112,Rack_3,38,10,fanta_grape_big,0.9396708607673645,190,360,229,484,209,422
frame_112,Rack_3,57,10,fanta_grape_big,0.9146255254745483,162,360,189,480,175,420
frame_112,Rack_3,73,10,fanta_grape_big,0.8531975150108337,132,360,161,473,146,416
frame_112,Rack_3,67,12,fanta_straw_big,0.9117584228515625,93,360,132,469,112,414
frame_112,Rack_3,78,11,fanta_lychee_big,0.8270247578620911,63,360,94,469,78,414
frame_112,Rack_3,89,11,fanta_lychee_big,0.9047817587852478,28,360,63,470,45,415
frame_112,Rack_3,98,11,fanta_lychee_big,0.7541434168815613,7,361,26,473,16,417
frame_113,Rack_1,29,4,coke_small,0.5252432823181152,579,147,602,210,590,178
frame_113,Rack_1,43,4,coke_small,0.6773264408111572,552,146,579,212,565,179
frame_113,Rack_1,35,4,coke_small,0.7655401229858398,523,147,550,212,536,179
frame_113,Rack_1,45,4,coke_small,0.9031361937522888,494,147,521,214,507,180
frame_113,Rack_1,50,4,coke_small,0.8536937236785889,466,147,492,215,479,181
frame_113,Rack_1,30,4,coke_small,0.8878071308135986,435,147,464,216,449,181
frame_113,Rack_1,24,17,sprite_small,0.6657130718231201,384,146,409,221,396,183
frame_113,Rack_1,34,17,sprite_small,0.8561553955078125,362,147,383,221,372,184
frame_113,Rack_1,36,17,sprite_small,0.818699836730957,337,147,361,223,349,185
frame_113,Rack_1,31,8,dew_med,0.8788619637489319,303,145,330,233,316,189
frame_113,Rack_1,20,8,dew_med,0.877321720123291,276,145,302,235,289,190
frame_113,Rack_1,13,8,dew_med,0.8618951439857483,248,146,274,236,261,191
frame_113,Rack_1,12,8,dew_med,0.875613272190094,223,146,246,236,234,191
frame_113,Rack_1,18,8,dew_med,0.8588998913764954,198,146,222,237,210,191
frame_113,Rack_1,14,8,dew_med,0.8614650368690491,172,147,198,239,185,193
frame_113,Rack_1,49,0,7up_med,0.6452416777610779,144,148,172,239,158,193
frame_113,Rack_1,81,0,7up_med,0.8127114772796631,122,147,145,238,133,192
frame_113,Rack_1,69,0,7up_med,0.8757240772247314,99,150,123,242,111,196
frame_113,Rack_1,85,0,7up_med,0.886415958404541,71,153,100,243,85,198
frame_113,Rack_1,91,0,7up_med,0.6637004613876343,51,159,74,238,62,198
frame_113,Rack_1,95,0,7up_med,0.8558268547058105,25,161,53,232,39,196
frame_113,Rack_2,21,3,coke_med,0.7610320448875427,610,256,636,339,623,297
frame_113,Rack_2,56,3,coke_med,0.7498060464859009,578,257,606,340,592,298
frame_113,Rack_2,33,6,coke_v_med,0.5501410365104675,511,259,541,340,526,299
frame_113,Rack_2,9,2,anw_med,0.6860262751579285,478,257,507,343,492,300
frame_113,Rack_2,23,2,anw_med,0.7793582081794739,442,258,474,343,458,300
frame_113,Rack_2,1,2,anw_med,0.7755817174911499,408,258,439,342,423,300
frame_113,Rack_2,28,2,anw_med,0.8444530963897705,378,258,406,342,392,300
frame_113,Rack_2,22,2,anw_med,0.8780162930488586,346,258,376,341,361,299
frame_113,Rack_2,41,15,pepsi_med,0.9082313179969788,308,258,335,339,321,298
frame_113,Rack_2,25,15,pepsi_med,0.9048052430152893,275,256,303,338,289,297
frame_113,Rack_2,10,15,pepsi_med,0.9224967360496521,247,256,272,339,259,297
frame_113,Rack_2,16,15,pepsi_med,0.9016873836517334,220,258,245,339,232,298
frame_113,Rack_2,15,15,pepsi_med,0.9014060497283936,192,257,219,339,205,298
frame_113,Rack_2,55,13,kick_med,0.9184871315956116,160,258,189,339,174,298
frame_113,Rack_2,54,13,kick_med,0.9020811915397644,135,257,160,340,147,298
frame_113,Rack_2,63,13,kick_med,0.8557339310646057,109,258,135,340,122,299
frame_113,Rack_2,74,13,kick_med,0.884480893611908,85,260,108,340,96,300
frame_113,Rack_2,84,13,kick_med,0.7898417115211487,64,260,85,340,74,300
frame_113,Rack_2,90,13,kick_med,0.7919018864631653,41,262,65,340,53,301
frame_113,Rack_2,96,13,kick_med,0.6516438722610474,21,264,44,340,32,302
frame_113,Rack_3,5,7,coke_z_big,0.6829783916473389,614,360,640,483,627,421
frame_113,Rack_3,3,7,coke_z_big,0.8866478204727173,580,360,621,484,600,422
frame_113,Rack_3,6,7,coke_z_big,0.9369262456893921,535,360,580,484,557,422
frame_113,Rack_3,27,5,coke_v_big,0.9122865200042725,494,361,533,485,513,423
frame_113,Rack_3,19,5,coke_v_big,0.9240164160728455,451,362,492,485,471,423
frame_113,Rack_3,17,5,coke_v_big,0.9414260387420654,412,361,450,481,431,421
frame_113,Rack_3,7,5,coke_v_big,0.9289405345916748,374,361,411,482,392,421
frame_113,Rack_3,2,5,coke_v_big,0.91505366563797,336,362,374,483,355,422
frame_113,Rack_3,8,14,pepsi_big,0.9359211325645447,301,361,334,484,317,422
frame_113,Rack_3,11,14,pepsi_big,0.933418333530426,266,360,300,484,283,422
frame_113,Rack_3,47,14,pepsi_big,0.8711705207824707,231,360,265,485,248,422
frame_113,Rack_3,38,10,fanta_grape_big,0.9444235563278198,192,360,231,484,211,422
frame_113,Rack_3,57,10,fanta_grape_big,0.9269159436225891,164,360,191,480,177,420
frame_113,Rack_3,73,10,fanta_grape_big,0.846587598323822,133,360,162,473,147,416
frame_113,Rack_3,67,12,fanta_straw_big,0.8980879783630371,94,360,133,470,113,415
frame_113,Rack_3,78,11,fanta_lychee_big,0.8417038321495056,64,360,95,469,79,414
frame_113,Rack_3,89,11,fanta_lychee_big,0.9022581577301025,29,360,64,470,46,415
frame_113,Rack_3,98,11,fanta_lychee_big,0.743668258190155,8,361,27,474,17,417
frame_114,Rack_1,32,1,a&w_small,0.6160585284233093,607,146,637,209,622,177
frame_114,Rack_1,43,4,coke_small,0.710614025592804,555,146,581,211,568,178
frame_114,Rack_1,35,4,coke_small,0.8458392024040222,525,147,553,212,539,179
frame_114,Rack_1,45,4,coke_small,0.8649023175239563,496,147,523,214,509,180
frame_114,Rack_1,50,4,coke_small,0.8579874634742737,469,147,495,215,482,181
frame_114,Rack_1,30,4,coke_small,0.8588743805885315,438,146,466,216,452,181
frame_114,Rack_1,24,17,sprite_small,0.5129299163818359,386,146,411,220,398,183
frame_114,Rack_1,34,17,sprite_small,0.7847581505775452,364,147,385,221,374,184
frame_114,Rack_1,36,17,sprite_small,0.8131620287895203,338,147,363,224,350,185
frame_114,Rack_1,31,8,dew_med,0.8769097328186035,305,145,332,232,318,188
frame_114,Rack_1,20,8,dew_med,0.8909394145011902,278,145,303,235,290,190
frame_114,Rack_1,13,8,dew_med,0.8571569919586182,249,145,275,236,262,190
frame_114,Rack_1,12,8,dew_med,0.8747183084487915,224,145,248,236,236,190
frame_114,Rack_1,18,8,dew_med,0.8447557687759399,200,145,223,237,211,191
frame_114,Rack_1,14,8,dew_med,0.8803759813308716,174,147,199,238,186,192
frame_114,Rack_1,49,0,7up_med,0.6481764912605286,146,147,174,239,160,193
frame_114,Rack_1,81,0,7up_med,0.8318306803703308,124,147,147,238,135,192
frame_114,Rack_1,69,0,7up_med,0.8581828474998474,100,149,125,242,112,195
frame_114,Rack_1,85,0,7up_med,0.8689088821411133,73,152,101,244,87,198
frame_114,Rack_1,91,0,7up_med,0.7248055934906006,52,157,76,242,64,199
frame_114,Rack_1,95,0,7up_med,0.8607912063598633,26,159,55,234,40,196
frame_114,Rack_2,21,3,coke_med,0.7705548405647278,610,242,639,339,624,290
frame_114,Rack_2,56,3,coke_med,0.681698203086853,580,249,610,340,595,294
frame_114,Rack_2,9,2,anw_med,0.9220694303512573,479,250,511,343,495,296
frame_114,Rack_2,23,2,anw_med,0.9340198636054993,444,256,477,343,460,299
frame_114,Rack_2,1,2,anw_med,0.8710947632789612,408,249,442,343,425,296
frame_114,Rack_2,28,2,anw_med,0.8880220651626587,379,255,409,342,394,298
frame_114,Rack_2,22,2,anw_med,0.8970479965209961,348,257,378,341,363,299
frame_114,Rack_2,41,15,pepsi_med,0.8994604349136353,310,257,336,339,323,298
frame_114,Rack_2,25,15,pepsi_med,0.9049215912818909,277,255,305,338,291,296
frame_114,Rack_2,10,15,pepsi_med,0.9173821210861206,248,254,274,339,261,296
frame_114,Rack_2,16,15,pepsi_med,0.9216275811195374,222,257,247,339,234,298
frame_114,Rack_2,15,15,pepsi_med,0.8938636183738708,193,256,220,339,206,297
frame_114,Rack_2,55,13,kick_med,0.901608407497406,161,256,191,339,176,297
frame_114,Rack_2,54,13,kick_med,0.8881250023841858,136,257,161,340,148,298
frame_114,Rack_2,63,13,kick_med,0.8302724361419678,110,258,136,340,123,299
frame_114,Rack_2,74,13,kick_med,0.8489325642585754,86,260,110,340,98,300
frame_114,Rack_2,84,13,kick_med,0.7345634698867798,66,261,86,340,76,300
frame_114,Rack_2,90,13,kick_med,0.7393584847450256,42,262,66,339,54,300
frame_114,Rack_2,96,13,kick_med,0.6057621836662292,21,264,44,340,32,302
frame_114,Rack_3,5,7,coke_z_big,0.6904504895210266,617,360,640,483,628,421
frame_114,Rack_3,3,7,coke_z_big,0.9028523564338684,583,360,623,483,603,421
frame_114,Rack_3,6,7,coke_z_big,0.9313827753067017,537,360,582,484,559,422
frame_114,Rack_3,27,5,coke_v_big,0.8889150023460388,496,361,535,484,515,422
frame_114,Rack_3,19,5,coke_v_big,0.9128586649894714,453,361,495,484,474,422
frame_114,Rack_3,17,5,coke_v_big,0.9282023310661316,414,361,452,482,433,421
frame_114,Rack_3,7,5,coke_v_big,0.9209619760513306,376,361,413,482,394,421
frame_114,Rack_3,2,5,coke_v_big,0.9214955568313599,338,363,376,484,357,423
frame_114,Rack_3,8,14,pepsi_big,0.946428656578064,302,361,336,484,319,422
frame_114,Rack_3,11,14,pepsi_big,0.9265955686569214,267,360,301,484,284,422
frame_114,Rack_3,47,14,pepsi_big,0.9124063849449158,233,360,267,485,250,422
frame_114,Rack_3,38,10,fanta_grape_big,0.9370986223220825,193,360,232,484,212,422
frame_114,Rack_3,57,10,fanta_grape_big,0.9195492267608643,165,360,192,480,178,420
frame_114,Rack_3,73,10,fanta_grape_big,0.7888628244400024,134,360,163,473,148,416
frame_114,Rack_3,67,12,fanta_straw_big,0.9054659008979797,96,360,135,470,115,415
frame_114,Rack_3,78,11,fanta_lychee_big,0.8326675891876221,65,360,96,469,80,414
frame_114,Rack_3,89,11,fanta_lychee_big,0.8809046149253845,30,361,65,470,47,415
frame_114,Rack_3,98,11,fanta_lychee_big,0.7439283132553101,9,361,28,472,18,416
frame_115,Rack_1,32,1,a&w_small,0.5872262120246887,609,146,638,208,623,177
frame_115,Rack_1,43,4,coke_small,0.7760252356529236,558,146,584,210,571,178
frame_115,Rack_1,35,4,coke_small,0.8149550557136536,529,147,556,212,542,179
frame_115,Rack_1,45,4,coke_small,0.8576272130012512,499,147,526,213,512,180
frame_115,Rack_1,50,4,coke_small,0.8472213745117188,471,146,497,214,484,180
frame_115,Rack_1,30,4,coke_small,0.8736494183540344,440,146,469,216,454,181
frame_115,Rack_1,42,17,sprite_small,0.535266637802124,414,146,438,218,426,182
frame_115,Rack_1,24,17,sprite_small,0.5744355916976929,389,146,413,220,401,183
frame_115,Rack_1,34,17,sprite_small,0.8318794965744019,366,147,388,220,377,183
frame_115,Rack_1,36,17,sprite_small,0.8573548197746277,341,147,365,222,353,184
frame_115,Rack_1,31,8,dew_med,0.8915108442306519,307,146,334,232,320,189
frame_115,Rack_1,20,8,dew_med,0.8857000470161438,279,145,305,234,292,189
frame_115,Rack_1,13,8,dew_med,0.8655885457992554,251,146,277,236,264,191
frame_115,Rack_1,12,8,dew_med,0.8595465421676636,226,145,250,236,238,190
frame_115,Rack_1,18,8,dew_med,0.8518685102462769,202,145,225,236,213,190
frame_115,Rack_1,14,8,dew_med,0.8858439326286316,176,147,201,237,188,192
frame_115,Rack_1,49,0,7up_med,0.6121016144752502,147,147,175,238,161,192
frame_115,Rack_1,81,0,7up_med,0.8436003923416138,125,147,148,238,136,192
frame_115,Rack_1,69,0,7up_med,0.865414559841156,102,148,126,240,114,194
frame_115,Rack_1,85,0,7up_med,0.8738952875137329,74,150,103,242,88,196
frame_115,Rack_1,91,0,7up_med,0.8254010677337646,53,154,78,242,65,198
frame_115,Rack_1,95,0,7up_med,0.8577505946159363,27,157,57,235,42,196
frame_115,Rack_1,102,0,7up_med,0.7351060509681702,3,157,28,244,15,200
frame_115,Rack_2,21,3,coke_med,0.748239278793335,611,236,640,339,625,287
frame_115,Rack_2,56,3,coke_med,0.8034318089485168,584,254,612,339,598,296
frame_115,Rack_2,33,6,coke_v_med,0.5937910079956055,515,259,546,340,530,299
frame_115,Rack_2,9,2,anw_med,0.8201234340667725,482,255,513,342,497,298
frame_115,Rack_2,23,2,anw_med,0.8239790201187134,447,258,479,342,463,300
frame_115,Rack_2,1,2,anw_med,0.8267919421195984,411,254,444,343,427,298
frame_115,Rack_2,28,2,anw_med,0.8384814858436584,382,257,411,342,396,299
frame_115,Rack_2,22,2,anw_med,0.8636577725410461,350,257,380,341,365,299
frame_115,Rack_2,41,15,pepsi_med,0.914079487323761,312,257,338,339,325,298
frame_115,Rack_2,25,15,pepsi_med,0.8779967427253723,279,255,307,338,293,296
frame_115,Rack_2,10,15,pepsi_med,0.9156128764152527,250,255,276,339,263,297
frame_115,Rack_2,16,15,pepsi_med,0.9195007681846619,223,256,249,339,236,297
frame_115,Rack_2,15,15,pepsi_med,0.899928092956543,194,256,222,339,208,297
frame_115,Rack_2,55,13,kick_med,0.9044906497001648,163,256,192,339,177,297
frame_115,Rack_2,54,13,kick_med,0.9021007418632507,137,256,163,340,150,298
frame_115,Rack_2,63,13,kick_med,0.8791033625602722,111,258,137,340,124,299
frame_115,Rack_2,74,13,kick_med,0.8398956060409546,87,259,111,340,99,299
frame_115,Rack_2,84,13,kick_med,0.7809048295021057,67,261,87,340,77,300
frame_115,Rack_2,90,13,kick_med,0.7323720455169678,44,262,67,339,55,300
frame_115,Rack_2,96,13,kick_med,0.7479580044746399,21,263,44,339,32,301
frame_115,Rack_3,3,7,coke_z_big,0.8963936567306519,586,361,626,484,606,422
frame_115,Rack_3,6,7,coke_z_big,0.9330961108207703,539,361,584,484,561,422
frame_115,Rack_3,27,5,coke_v_big,0.8652869462966919,498,361,537,485,517,423
frame_115,Rack_3,19,5,coke_v_big,0.9314688444137573,456,361,497,484,476,422
frame_115,Rack_3,17,5,coke_v_big,0.9296175241470337,416,362,454,481,435,421
frame_115,Rack_3,7,5,coke_v_big,0.9360454082489014,378,361,415,482,396,421
frame_115,Rack_3,2,5,coke_v_big,0.904143214225769,340,363,377,484,358,423
frame_115,Rack_3,8,14,pepsi_big,0.9372856616973877,304,361,338,484,321,422
frame_115,Rack_3,11,14,pepsi_big,0.930899977684021,269,360,303,484,286,422
frame_115,Rack_3,47,14,pepsi_big,0.9051386713981628,234,361,268,485,251,423
frame_115,Rack_3,38,10,fanta_grape_big,0.9210927486419678,195,360,234,484,214,422
frame_115,Rack_3,57,10,fanta_grape_big,0.9399803876876831,166,360,194,481,180,420
frame_115,Rack_3,73,10,fanta_grape_big,0.8123067617416382,136,360,164,474,150,417
frame_115,Rack_3,67,12,fanta_straw_big,0.9097806811332703,97,360,136,470,116,415
frame_115,Rack_3,78,12,fanta_straw_big,0.8339702486991882,66,360,97,469,81,414
frame_115,Rack_3,89,11,fanta_lychee_big,0.8794799447059631,31,361,66,471,48,416
frame_115,Rack_3,98,11,fanta_lychee_big,0.7700951099395752,10,361,29,473,19,417
frame_116,Rack_1,43,4,coke_small,0.8021377921104431,561,146,587,210,574,178
frame_116,Rack_1,35,4,coke_small,0.84499591588974,531,147,559,212,545,179
frame_116,Rack_1,45,4,coke_small,0.822687029838562,502,146,529,213,515,179
frame_116,Rack_1,50,4,coke_small,0.8785897493362427,473,146,499,214,486,180
frame_116,Rack_1,30,4,coke_small,0.8785897493362427,442,146,471,215,456,180
frame_116,Rack_1,42,17,sprite_small,0.5637601017951965,416,146,440,217,428,181
frame_116,Rack_1,24,17,sprite_small,0.5880666971206665,391,146,415,220,403,183
frame_116,Rack_1,34,17,sprite_small,0.8108863830566406,368,147,390,220,379,183
frame_116,Rack_1,36,17,sprite_small,0.7864154577255249,343,147,367,222,355,184
frame_116,Rack_1,31,8,dew_med,0.8830531239509583,310,146,336,231,323,188
frame_116,Rack_1,20,8,dew_med,0.8821799755096436,281,145,307,233,294,189
frame_116,Rack_1,13,8,dew_med,0.8717721104621887,253,145,279,235,266,190
frame_116,Rack_1,12,8,dew_med,0.8580871820449829,228,145,252,235,240,190
frame_116,Rack_1,18,8,dew_med,0.8556956052780151,203,145,227,236,215,190
frame_116,Rack_1,14,8,dew_med,0.8766030073165894,178,148,202,237,190,192
frame_116,Rack_1,49,0,7up_med,0.6054792404174805,149,147,177,239,163,193
frame_116,Rack_1,81,0,7up_med,0.8506919741630554,127,147,150,239,138,193
frame_116,Rack_1,69,0,7up_med,0.8651281595230103,103,148,128,240,115,194
frame_116,Rack_1,85,0,7up_med,0.883650004863739,76,150,104,242,90,196
frame_116,Rack_1,91,0,7up_med,0.8224523663520813,55,153,79,242,67,197
frame_116,Rack_1,95,0,7up_med,0.894880473613739,28,155,59,235,43,195
frame_116,Rack_1,102,0,7up_med,0.777799665927887,4,157,29,245,16,201
frame_116,Rack_2,21,3,coke_med,0.5928226709365845,613,233,640,338,626,285
frame_116,Rack_2,56,3,coke_med,0.8416746258735657,586,258,614,339,600,298
frame_116,Rack_2,33,6,coke_v_med,0.5691299438476562,518,259,548,340,533,299
frame_116,Rack_2,9,2,anw_med,0.7871127128601074,485,257,514,342,499,299
frame_116,Rack_2,23,2,anw_med,0.861118495464325,449,258,481,342,465,300
frame_116,Rack_2,1,2,anw_med,0.7394376397132874,414,256,446,342,430,299
frame_116,Rack_2,28,2,anw_med,0.8422590494155884,384,257,413,342,398,299
frame_116,Rack_2,22,2,anw_med,0.8700475692749023,352,257,382,341,367,299
frame_116,Rack_2,41,15,pepsi_med,0.9402274489402771,313,256,340,339,326,297
frame_116,Rack_2,25,15,pepsi_med,0.8992500305175781,281,255,308,338,294,296
frame_116,Rack_2,10,15,pepsi_med,0.9063844680786133,251,255,277,339,264,297
frame_116,Rack_2,16,15,pepsi_med,0.8917882442474365,224,256,250,339,237,297
frame_116,Rack_2,15,15,pepsi_med,0.8941453695297241,196,256,223,339,209,297
frame_116,Rack_2,55,13,kick_med,0.9024178981781006,164,256,194,340,179,298
frame_116,Rack_2,54,13,kick_med,0.901260495185852,139,256,165,340,152,298
frame_116,Rack_2,63,13,kick_med,0.9073475003242493,112,258,139,340,125,299
frame_116,Rack_2,74,13,kick_med,0.87079918384552,89,259,112,340,100,299
frame_116,Rack_2,84,13,kick_med,0.7570645809173584,69,261,89,340,79,300
frame_116,Rack_2,90,13,kick_med,0.755967378616333,45,261,69,340,57,300
frame_116,Rack_2,96,13,kick_med,0.7908385396003723,23,263,46,340,34,301
frame_116,Rack_2,101,13,kick_med,0.6049027442932129,4,264,25,340,14,302
frame_116,Rack_3,3,7,coke_z_big,0.8988808989524841,589,363,629,484,609,423
frame_116,Rack_3,6,7,coke_z_big,0.9320718050003052,542,363,586,484,564,423
frame_116,Rack_3,27,5,coke_v_big,0.8643667101860046,501,362,540,484,520,423
frame_116,Rack_3,19,5,coke_v_big,0.9122278094291687,458,362,499,484,478,423
frame_116,Rack_3,17,5,coke_v_big,0.9344040751457214,418,363,456,481,437,422
frame_116,Rack_3,7,5,coke_v_big,0.9393610954284668,380,363,417,482,398,422
frame_116,Rack_3,2,5,coke_v_big,0.9064712524414062,342,363,379,484,360,423
frame_116,Rack_3,8,14,pepsi_big,0.9278911352157593,307,363,340,484,323,423
frame_116,Rack_3,11,14,pepsi_big,0.9284607768058777,271,362,304,484,287,423
frame_116,Rack_3,47,14,pepsi_big,0.9227100610733032,236,362,270,485,253,423
frame_116,Rack_3,38,10,fanta_grape_big,0.9504662752151489,197,362,235,485,216,423
frame_116,Rack_3,57,10,fanta_grape_big,0.8679839968681335,168,362,195,481,181,421
frame_116,Rack_3,73,10,fanta_grape_big,0.7242486476898193,137,362,166,474,151,418
frame_116,Rack_3,67,12,fanta_straw_big,0.8937349915504456,99,362,138,470,118,416
frame_116,Rack_3,78,12,fanta_straw_big,0.7769762873649597,68,361,99,469,83,415
frame_116,Rack_3,89,11,fanta_lychee_big,0.8577477335929871,33,362,68,471,50,416
frame_116,Rack_3,98,11,fanta_lychee_big,0.7324486970901489,11,362,31,473,21,417
frame_117,Rack_1,43,4,coke_small,0.806914746761322,563,146,590,210,576,178
frame_117,Rack_1,35,4,coke_small,0.8249450325965881,533,147,561,211,547,179
frame_117,Rack_1,45,4,coke_small,0.8247043490409851,504,146,531,212,517,179
frame_117,Rack_1,50,4,coke_small,0.87403804063797,475,146,502,214,488,180
frame_117,Rack_1,30,4,coke_small,0.9029749035835266,445,146,473,215,459,180
frame_117,Rack_1,42,17,sprite_small,0.5394275188446045,418,146,442,217,430,181
frame_117,Rack_1,24,17,sprite_small,0.5637858510017395,393,146,417,220,405,183
frame_117,Rack_1,34,17,sprite_small,0.7739337682723999,370,147,392,220,381,183
frame_117,Rack_1,36,17,sprite_small,0.7237838506698608,345,147,370,222,357,184
frame_117,Rack_1,31,8,dew_med,0.8892458081245422,312,146,339,231,325,188
frame_117,Rack_1,20,8,dew_med,0.881189227104187,283,145,309,233,296,189
frame_117,Rack_1,13,8,dew_med,0.8873205780982971,255,145,281,235,268,190
frame_117,Rack_1,12,8,dew_med,0.8779282569885254,230,145,254,236,242,190
frame_117,Rack_1,18,8,dew_med,0.8536122441291809,205,145,228,236,216,190
frame_117,Rack_1,14,8,dew_med,0.8995853066444397,179,148,204,237,191,192
frame_117,Rack_1,49,0,7up_med,0.6194605231285095,151,148,178,237,164,192
frame_117,Rack_1,81,0,7up_med,0.8518713712692261,128,147,152,239,140,193
frame_117,Rack_1,69,0,7up_med,0.8680998086929321,105,148,129,240,117,194
frame_117,Rack_1,85,0,7up_med,0.8964849710464478,77,150,106,243,91,196
frame_117,Rack_1,91,0,7up_med,0.8234346508979797,56,153,81,244,68,198
frame_117,Rack_1,95,0,7up_med,0.8804824352264404,29,156,61,240,45,198
frame_117,Rack_1,102,0,7up_med,0.789172887802124,5,158,30,244,17,201
frame_117,Rack_2,21,3,coke_med,0.7262161374092102,614,230,640,339,627,284
frame_117,Rack_2,56,3,coke_med,0.7223998308181763,588,257,616,339,602,298
frame_117,Rack_2,9,2,anw_med,0.8946707248687744,486,251,518,342,502,296
frame_117,Rack_2,23,2,anw_med,0.9274770617485046,451,256,484,343,467,299
frame_117,Rack_2,1,2,anw_med,0.9063813090324402,415,249,449,343,432,296
frame_117,Rack_2,28,2,anw_med,0.9031609892845154,386,257,415,342,400,299
frame_117,Rack_2,22,2,anw_med,0.8667839765548706,354,255,384,342,369,298
frame_117,Rack_2,41,15,pepsi_med,0.9570415616035461,315,257,342,339,328,298
frame_117,Rack_2,25,15,pepsi_med,0.8944237232208252,283,254,310,338,296,296
frame_117,Rack_2,10,15,pepsi_med,0.9183622002601624,253,254,279,338,266,296
frame_117,Rack_2,16,15,pepsi_med,0.8897266387939453,226,255,252,339,239,297
frame_117,Rack_2,15,15,pepsi_med,0.9204099774360657,198,256,225,339,211,297
frame_117,Rack_2,55,13,kick_med,0.8973650336265564,166,255,195,340,180,297
frame_117,Rack_2,54,13,kick_med,0.9049085378646851,141,256,166,340,153,298
frame_117,Rack_2,63,13,kick_med,0.8909571170806885,114,258,140,340,127,299
frame_117,Rack_2,74,13,kick_med,0.8550742268562317,90,259,114,340,102,299
frame_117,Rack_2,84,13,kick_med,0.8438170552253723,70,261,90,340,80,300
frame_117,Rack_2,90,13,kick_med,0.7758964896202087,47,262,70,340,58,301
frame_117,Rack_2,96,13,kick_med,0.6480571031570435,26,263,48,339,37,301
frame_117,Rack_2,101,13,kick_med,0.8250249028205872,5,264,26,340,15,302
frame_117,Rack_3,3,7,coke_z_big,0.898213803768158,591,363,632,485,611,424
frame_117,Rack_3,6,7,coke_z_big,0.9154053330421448,544,364,589,485,566,424
frame_117,Rack_3,27,5,coke_v_big,0.8625801801681519,503,363,542,486,522,424
frame_117,Rack_3,19,5,coke_v_big,0.9181156754493713,460,363,502,486,481,424
frame_117,Rack_3,17,5,coke_v_big,0.9025916457176208,421,363,458,481,439,422
frame_117,Rack_3,7,5,coke_v_big,0.9276747107505798,382,363,420,484,401,423
frame_117,Rack_3,2,5,coke_v_big,0.9120927453041077,344,363,381,485,362,424
frame_117,Rack_3,8,14,pepsi_big,0.910529375076294,309,363,343,486,326,424
frame_117,Rack_3,11,14,pepsi_big,0.915852963924408,274,363,307,486,290,424
frame_117,Rack_3,47,14,pepsi_big,0.9126705527305603,238,362,272,487,255,424
frame_117,Rack_3,38,10,fanta_grape_big,0.9273900985717773,198,363,237,486,217,424
frame_117,Rack_3,57,10,fanta_grape_big,0.871421217918396,169,363,197,481,183,422
frame_117,Rack_3,73,10,fanta_grape_big,0.747646152973175,139,363,168,474,153,418
frame_117,Rack_3,67,12,fanta_straw_big,0.8713275194168091,101,362,139,470,120,416
frame_117,Rack_3,78,12,fanta_straw_big,0.7687957286834717,69,362,100,469,84,415
frame_117,Rack_3,89,11,fanta_lychee_big,0.8807527422904968,34,362,69,472,51,417
frame_117,Rack_3,98,11,fanta_lychee_big,0.7305089831352234,13,363,32,472,22,417
frame_118,Rack_1,29,4,coke_small,0.6302227973937988,594,147,616,208,605,177
frame_118,Rack_1,43,4,coke_small,0.8102312088012695,566,146,592,210,579,178
frame_118,Rack_1,35,4,coke_small,0.7768767476081848,536,146,563,211,549,178
frame_118,Rack_1,45,4,coke_small,0.824938952922821,506,146,533,212,519,179
frame_118,Rack_1,50,4,coke_small,0.9050470590591431,477,146,504,214,490,180
frame_118,Rack_1,30,4,coke_small,0.8632733225822449,447,146,476,215,461,180
frame_118,Rack_1,34,17,sprite_small,0.6457440853118896,372,147,394,220,383,183
frame_118,Rack_1,36,17,sprite_small,0.5625571608543396,347,146,372,223,359,184
frame_118,Rack_1,31,8,dew_med,0.8963497281074524,314,146,341,231,327,188
frame_118,Rack_1,20,8,dew_med,0.8930444121360779,285,145,311,233,298,189
frame_118,Rack_1,13,8,dew_med,0.8713943958282471,257,145,283,235,270,190
frame_118,Rack_1,12,8,dew_med,0.8674352169036865,232,145,255,235,243,190
frame_118,Rack_1,18,8,dew_med,0.8675819039344788,207,146,230,236,218,191
frame_118,Rack_1,14,8,dew_med,0.9102045297622681,181,147,206,236,193,191
frame_118,Rack_1,49,0,7up_med,0.7186293005943298,153,148,180,236,166,192
frame_118,Rack_1,81,0,7up_med,0.8325454592704773,130,147,153,238,141,192
frame_118,Rack_1,69,0,7up_med,0.8578595519065857,107,147,131,238,119,192
frame_118,Rack_1,85,0,7up_med,0.9169061779975891,79,151,107,243,93,197
frame_118,Rack_1,91,0,7up_med,0.8123510479927063,58,154,83,245,70,199
frame_118,Rack_1,95,0,7up_med,0.8916864395141602,31,157,62,241,46,199
frame_118,Rack_1,102,0,7up_med,0.803695797920227,7,159,31,241,19,200
frame_118,Rack_2,21,3,coke_med,0.5356722474098206,615,228,640,338,627,283
frame_118,Rack_2,9,2,anw_med,0.8402747511863708,489,255,520,341,504,298
frame_118,Rack_2,23,2,anw_med,0.8922110199928284,453,257,486,342,469,299
frame_118,Rack_2,1,2,anw_med,0.8815697431564331,418,254,450,342,434,298
frame_118,Rack_2,28,2,anw_med,0.8903017044067383,388,256,417,341,402,298
frame_118,Rack_2,22,2,anw_med,0.8731637597084045,356,256,386,341,371,298
frame_118,Rack_2,41,15,pepsi_med,0.9202591776847839,317,257,344,339,330,298
frame_118,Rack_2,25,15,pepsi_med,0.9054226875305176,285,254,312,338,298,296
frame_118,Rack_2,10,15,pepsi_med,0.9067480564117432,255,254,281,338,268,296
frame_118,Rack_2,16,15,pepsi_med,0.8984997272491455,228,255,254,339,241,297
frame_118,Rack_2,15,15,pepsi_med,0.9026241302490234,200,256,227,339,213,297
frame_118,Rack_2,55,13,kick_med,0.8876630067825317,168,256,197,340,182,298
frame_118,Rack_2,54,13,kick_med,0.8757422566413879,142,256,168,340,155,298
frame_118,Rack_2,63,13,kick_med,0.8759103417396545,116,258,142,341,129,299
frame_118,Rack_2,74,13,kick_med,0.8178891539573669,92,259,116,341,104,300
frame_118,Rack_2,84,13,kick_med,0.7878685593605042,71,261,92,341,81,301
frame_118,Rack_2,90,13,kick_med,0.7503319978713989,48,262,72,340,60,301
frame_118,Rack_2,96,13,kick_med,0.5432762503623962,28,264,50,340,39,302
frame_118,Rack_2,101,13,kick_med,0.7110500931739807,6,264,27,341,16,302
frame_118,Rack_3,3,7,coke_z_big,0.8836836218833923,593,363,633,484,613,423
frame_118,Rack_3,6,7,coke_z_big,0.9257844686508179,547,364,592,484,569,424
frame_118,Rack_3,27,5,coke_v_big,0.8856121897697449,506,363,545,484,525,423
frame_118,Rack_3,19,5,coke_v_big,0.9239867925643921,463,363,504,484,483,423
frame_118,Rack_3,17,5,coke_v_big,0.9197877645492554,423,363,461,482,442,422
frame_118,Rack_3,7,5,coke_v_big,0.9185445308685303,384,364,421,483,402,423
frame_118,Rack_3,2,5,coke_v_big,0.9265992045402527,346,364,383,484,364,424
frame_118,Rack_3,8,14,pepsi_big,0.9363651871681213,311,364,344,484,327,424
frame_118,Rack_3,11,14,pepsi_big,0.9341053366661072,276,363,309,484,292,423
frame_118,Rack_3,47,14,pepsi_big,0.91517174243927,240,363,274,485,257,424
frame_118,Rack_3,38,10,fanta_grape_big,0.9414264559745789,200,364,238,484,219,424
frame_118,Rack_3,57,10,fanta_grape_big,0.8961972594261169,171,363,198,481,184,422
frame_118,Rack_3,73,10,fanta_grape_big,0.8214723467826843,141,364,170,476,155,420
frame_118,Rack_3,67,12,fanta_straw_big,0.9057934284210205,103,363,141,471,122,417
frame_118,Rack_3,78,12,fanta_straw_big,0.7196369171142578,71,363,102,470,86,416
frame_118,Rack_3,89,11,fanta_lychee_big,0.8774917721748352,36,363,71,472,53,417
frame_118,Rack_3,98,11,fanta_lychee_big,0.6391276717185974,13,363,34,472,23,417
frame_119,Rack_1,29,4,coke_small,0.5547717213630676,596,146,618,208,607,177
frame_119,Rack_1,43,4,coke_small,0.7258760333061218,568,146,595,210,581,178
frame_119,Rack_1,35,4,coke_small,0.7817761301994324,539,146,566,211,552,178
frame_119,Rack_1,45,4,coke_small,0.8813874125480652,508,146,536,212,522,179
frame_119,Rack_1,50,4,coke_small,0.8886905908584595,480,146,506,214,493,180
frame_119,Rack_1,30,4,coke_small,0.9029926061630249,450,146,478,215,464,180
frame_119,Rack_1,42,17,sprite_small,0.659624457359314,423,147,447,217,435,182
frame_119,Rack_1,24,17,sprite_small,0.5884968042373657,398,147,422,219,410,183
frame_119,Rack_1,34,17,sprite_small,0.7085524201393127,375,147,396,220,385,183
frame_119,Rack_1,36,17,sprite_small,0.5344248414039612,349,147,374,223,361,185
frame_119,Rack_1,31,8,dew_med,0.8936117887496948,316,146,343,232,329,189
frame_119,Rack_1,20,8,dew_med,0.8796596527099609,287,145,313,234,300,189
frame_119,Rack_1,13,8,dew_med,0.8919996023178101,259,145,285,236,272,190
frame_119,Rack_1,12,8,dew_med,0.8670375347137451,234,146,257,235,245,190
frame_119,Rack_1,18,8,dew_med,0.8851453065872192,209,146,232,236,220,191
frame_119,Rack_1,14,8,dew_med,0.8801774978637695,183,146,208,237,195,191
frame_119,Rack_1,49,0,7up_med,0.6318801045417786,155,147,182,234,168,190
frame_119,Rack_1,81,0,7up_med,0.8432160019874573,132,147,155,236,143,191
frame_119,Rack_1,69,0,7up_med,0.879437267780304,109,147,132,236,120,191
frame_119,Rack_1,85,0,7up_med,0.8710057735443115,82,151,109,240,95,195
frame_119,Rack_1,91,0,7up_med,0.8300702571868896,60,155,84,244,72,199
frame_119,Rack_1,95,0,7up_med,0.8800537586212158,34,158,63,237,48,197
frame_119,Rack_1,102,0,7up_med,0.7102956175804138,10,160,32,235,21,197
frame_119,Rack_2,33,6,coke_v_med,0.5264602303504944,525,257,557,340,541,298
frame_119,Rack_2,9,2,anw_med,0.7711966037750244,492,257,522,342,507,299
frame_119,Rack_2,23,2,anw_med,0.8744409084320068,456,258,488,343,472,300
frame_119,Rack_2,1,2,anw_med,0.8788060545921326,421,256,452,343,436,299
frame_119,Rack_2,28,2,anw_med,0.844520092010498,390,258,419,341,404,299
frame_119,Rack_2,22,2,anw_med,0.8507644534111023,359,257,388,342,373,299
frame_119,Rack_2,41,15,pepsi_med,0.9185543060302734,320,257,346,340,333,298
frame_119,Rack_2,25,15,pepsi_med,0.9006340503692627,287,255,314,339,300,297
frame_119,Rack_2,10,15,pepsi_med,0.9208507537841797,257,255,283,339,270,297
frame_119,Rack_2,16,15,pepsi_med,0.8957328200340271,230,256,256,339,243,297
frame_119,Rack_2,15,15,pepsi_med,0.9240834712982178,202,257,229,339,215,298
frame_119,Rack_2,55,13,kick_med,0.8844602108001709,170,257,199,340,184,298
frame_119,Rack_2,54,13,kick_med,0.9063770771026611,144,257,170,340,157,298
frame_119,Rack_2,63,13,kick_med,0.8815262317657471,117,258,144,341,130,299
frame_119,Rack_2,74,13,kick_med,0.786840558052063,94,259,117,340,105,299
frame_119,Rack_2,84,13,kick_med,0.7855422496795654,73,260,94,340,83,300
frame_119,Rack_2,90,13,kick_med,0.8014474511146545,50,262,73,340,61,301
frame_119,Rack_2,96,13,kick_med,0.6645235419273376,30,263,52,339,41,301
frame_119,Rack_2,101,13,kick_med,0.759415864944458,6,263,28,340,17,301
frame_119,Rack_3,3,7,coke_z_big,0.873994767665863,594,363,634,483,614,423
frame_119,Rack_3,6,7,coke_z_big,0.9474238157272339,550,364,594,483,572,423
frame_119,Rack_3,27,5,coke_v_big,0.901763379573822,508,363,547,483,527,423
frame_119,Rack_3,19,5,coke_v_big,0.9139627814292908,465,363,506,483,485,423
frame_119,Rack_3,17,5,coke_v_big,0.9315172433853149,425,363,463,482,444,422
frame_119,Rack_3,7,5,coke_v_big,0.9326410293579102,387,364,424,482,405,423
frame_119,Rack_3,2,5,coke_v_big,0.9433576464653015,348,364,385,483,366,423
frame_119,Rack_3,8,14,pepsi_big,0.9255110025405884,313,364,346,484,329,424
frame_119,Rack_3,11,14,pepsi_big,0.943396270275116,278,363,311,483,294,423
frame_119,Rack_3,47,14,pepsi_big,0.9242979288101196,242,363,276,484,259,423
frame_119,Rack_3,38,10,fanta_grape_big,0.9385120868682861,203,364,240,483,221,423
frame_119,Rack_3,57,10,fanta_grape_big,0.8912893533706665,173,363,200,481,186,422
frame_119,Rack_3,73,10,fanta_grape_big,0.8721433877944946,143,364,171,477,157,420
frame_119,Rack_3,67,12,fanta_straw_big,0.8908983469009399,104,363,143,471,123,417
frame_119,Rack_3,78,12,fanta_straw_big,0.7562116980552673,73,363,104,470,88,416
frame_119,Rack_3,89,11,fanta_lychee_big,0.8822389841079712,38,363,72,472,55,417
frame_119,Rack_3,98,11,fanta_lychee_big,0.6856303215026855,16,363,36,471,26,417
frame_120,Rack_1,32,1,a&w_small,0.5889092087745667,620,146,640,208,630,177
frame_120,Rack_1,29,4,coke_small,0.6221688389778137,599,146,621,208,610,177
frame_120,Rack_1,43,4,coke_small,0.790410578250885,571,146,598,210,584,178
frame_120,Rack_1,35,4,coke_small,0.8244449496269226,541,146,569,211,555,178
frame_120,Rack_1,45,4,coke_small,0.863663375377655,511,146,538,213,524,179
frame_120,Rack_1,50,4,coke_small,0.8919373154640198,482,146,509,214,495,180
frame_120,Rack_1,30,4,coke_small,0.9125162959098816,452,146,480,215,466,180
frame_120,Rack_1,24,17,sprite_small,0.6615958213806152,400,146,425,219,412,182
frame_120,Rack_1,31,8,dew_med,0.9037602543830872,317,146,345,232,331,189
frame_120,Rack_1,20,8,dew_med,0.8883954882621765,289,145,315,234,302,189
frame_120,Rack_1,13,8,dew_med,0.897490918636322,261,145,287,236,274,190
frame_120,Rack_1,12,8,dew_med,0.8772115111351013,235,145,259,235,247,190
frame_120,Rack_1,18,8,dew_med,0.8495500087738037,211,146,234,237,222,191
frame_120,Rack_1,14,8,dew_med,0.8716384172439575,185,146,210,238,197,192
frame_120,Rack_1,49,0,7up_med,0.7245544195175171,157,147,184,238,170,192
frame_120,Rack_1,81,0,7up_med,0.8594404458999634,134,148,157,238,145,193
frame_120,Rack_1,69,0,7up_med,0.8758003115653992,110,148,134,239,122,193
frame_120,Rack_1,85,0,7up_med,0.9067018628120422,83,151,111,240,97,195
frame_120,Rack_1,91,0,7up_med,0.8063610792160034,62,155,86,245,74,200
frame_120,Rack_1,95,0,7up_med,0.9010435938835144,36,158,65,238,50,198
frame_120,Rack_1,102,0,7up_med,0.8283161520957947,11,160,34,237,22,198
frame_120,Rack_2,56,3,coke_med,0.8061531782150269,594,240,628,340,611,290
frame_120,Rack_2,9,2,anw_med,0.8861246705055237,491,238,528,344,509,291
frame_120,Rack_2,23,2,anw_med,0.8990693092346191,458,256,491,343,474,299
frame_120,Rack_2,1,2,anw_med,0.852634847164154,423,258,454,343,438,300
frame_120,Rack_2,28,2,anw_med,0.8510881066322327,393,260,421,341,407,300
frame_120,Rack_2,22,2,anw_med,0.8423115015029907,361,259,390,341,375,300
frame_120,Rack_2,41,15,pepsi_med,0.9272720217704773,321,258,348,340,334,299
frame_120,Rack_2,25,15,pepsi_med,0.9031985402107239,289,257,316,339,302,298
frame_120,Rack_2,10,15,pepsi_med,0.9135280251502991,259,257,284,339,271,298
frame_120,Rack_2,16,15,pepsi_med,0.9248223900794983,232,258,257,339,244,298
frame_120,Rack_2,15,15,pepsi_med,0.9128546118736267,204,259,230,339,217,299
frame_120,Rack_2,55,13,kick_med,0.9003376364707947,172,258,200,340,186,299
frame_120,Rack_2,54,13,kick_med,0.9153463244438171,146,258,172,341,159,299
frame_120,Rack_2,63,13,kick_med,0.8527208566665649,119,259,145,341,132,300
frame_120,Rack_2,74,13,kick_med,0.6694612503051758,96,260,119,341,107,300
frame_120,Rack_2,84,13,kick_med,0.7327821850776672,75,261,95,340,85,300
frame_120,Rack_2,90,13,kick_med,0.7951990365982056,52,262,75,340,63,301
frame_120,Rack_2,96,13,kick_med,0.6236835718154907,32,264,54,340,43,302
frame_120,Rack_2,101,13,kick_med,0.6236761808395386,8,264,30,340,19,302
frame_120,Rack_3,3,7,coke_z_big,0.9075841903686523,596,364,635,483,615,423
frame_120,Rack_3,6,7,coke_z_big,0.9431853890419006,552,364,596,483,574,423
frame_120,Rack_3,27,5,coke_v_big,0.9019075632095337,511,364,549,483,530,423
frame_120,Rack_3,19,5,coke_v_big,0.8931233882904053,467,364,508,483,487,423
frame_120,Rack_3,17,5,coke_v_big,0.930510401725769,427,363,465,482,446,422
frame_120,Rack_3,7,5,coke_v_big,0.9180512428283691,389,364,426,483,407,423
frame_120,Rack_3,2,5,coke_v_big,0.9187622666358948,350,364,387,483,368,423
frame_120,Rack_3,8,14,pepsi_big,0.9300934076309204,314,364,348,484,331,424
frame_120,Rack_3,11,14,pepsi_big,0.9360789656639099,279,363,312,483,295,423
frame_120,Rack_3,47,14,pepsi_big,0.92103111743927,244,363,278,483,261,423
frame_120,Rack_3,38,10,fanta_grape_big,0.920015275478363,204,364,241,483,222,423
frame_120,Rack_3,57,10,fanta_grape_big,0.8558864593505859,174,363,202,482,188,422
frame_120,Rack_3,73,10,fanta_grape_big,0.7995284199714661,144,364,173,477,158,420
frame_120,Rack_3,67,12,fanta_straw_big,0.892166018486023,105,363,144,471,124,417
frame_120,Rack_3,78,12,fanta_straw_big,0.8299296498298645,74,363,105,470,89,416
frame_120,Rack_3,89,11,fanta_lychee_big,0.8963041305541992,39,363,74,473,56,418
frame_120,Rack_3,98,11,fanta_lychee_big,0.548420786857605,17,363,38,472,27,417
frame_121,Rack_1,43,4,coke_small,0.7483914494514465,574,146,600,210,587,178
frame_121,Rack_1,35,4,coke_small,0.8221243023872375,543,146,571,212,557,179
frame_121,Rack_1,45,4,coke_small,0.8519778251647949,514,146,541,213,527,179
frame_121,Rack_1,50,4,coke_small,0.8842329382896423,484,146,512,214,498,180
frame_121,Rack_1,30,4,coke_small,0.922510027885437,454,146,482,215,468,180
frame_121,Rack_1,24,17,sprite_small,0.576702892780304,402,146,427,219,414,182
frame_121,Rack_1,34,17,sprite_small,0.766455888748169,379,147,401,221,390,184
frame_121,Rack_1,36,17,sprite_small,0.679931104183197,352,146,378,225,365,185
frame_121,Rack_1,31,8,dew_med,0.8803225755691528,319,145,347,232,333,188
frame_121,Rack_1,20,8,dew_med,0.8949478268623352,291,145,317,234,304,189
frame_121,Rack_1,13,8,dew_med,0.8984925746917725,263,145,289,236,276,190
frame_121,Rack_1,12,8,dew_med,0.882544994354248,237,145,261,236,249,190
frame_121,Rack_1,18,8,dew_med,0.8733968138694763,213,146,236,237,224,191
frame_121,Rack_1,14,8,dew_med,0.8715689778327942,186,146,212,239,199,192
frame_121,Rack_1,49,0,7up_med,0.7986600995063782,158,147,186,239,172,193
frame_121,Rack_1,81,0,7up_med,0.8567602634429932,136,147,159,238,147,192
frame_121,Rack_1,69,0,7up_med,0.8626682162284851,112,148,136,238,124,193
frame_121,Rack_1,85,0,7up_med,0.8918782472610474,85,151,112,240,98,195
frame_121,Rack_1,91,0,7up_med,0.8001482486724854,64,158,87,244,75,201
frame_121,Rack_1,95,0,7up_med,0.8580414652824402,38,159,67,239,52,199
frame_121,Rack_1,102,0,7up_med,0.8203491568565369,13,161,36,235,24,198
frame_121,Rack_2,56,3,coke_med,0.7015020847320557,597,234,633,340,615,287
frame_121,Rack_2,9,2,anw_med,0.8974829316139221,493,233,531,344,512,288
frame_121,Rack_2,23,2,anw_med,0.9362936615943909,459,255,494,344,476,299
frame_121,Rack_2,1,2,anw_med,0.8682586550712585,425,259,456,343,440,301
frame_121,Rack_2,28,2,anw_med,0.8441628813743591,394,260,423,342,408,301
frame_121,Rack_2,22,2,anw_med,0.8601526618003845,363,259,392,343,377,301
frame_121,Rack_2,41,15,pepsi_med,0.920062780380249,323,258,350,340,336,299
frame_121,Rack_2,25,15,pepsi_med,0.9051156044006348,291,258,318,339,304,298
frame_121,Rack_2,10,15,pepsi_med,0.9124734997749329,261,259,286,339,273,299
frame_121,Rack_2,16,15,pepsi_med,0.9185962677001953,233,258,259,340,246,299
frame_121,Rack_2,15,15,pepsi_med,0.9171741008758545,205,258,232,340,218,299
frame_121,Rack_2,55,13,kick_med,0.8199842572212219,174,259,202,340,188,299
frame_121,Rack_2,54,13,kick_med,0.909453809261322,148,259,173,341,160,300
frame_121,Rack_2,63,13,kick_med,0.8970147967338562,121,260,147,341,134,300
frame_121,Rack_2,74,13,kick_med,0.8297785520553589,97,260,121,341,109,300
frame_121,Rack_2,84,13,kick_med,0.8062821626663208,77,261,97,340,87,300
frame_121,Rack_2,90,13,kick_med,0.813412606716156,53,263,76,340,64,301
frame_121,Rack_2,96,13,kick_med,0.5971835255622864,34,265,55,340,44,302
frame_121,Rack_2,101,13,kick_med,0.6003016233444214,10,266,31,340,20,303
frame_121,Rack_3,3,7,coke_z_big,0.8881915807723999,598,363,636,484,617,423
frame_121,Rack_3,6,7,coke_z_big,0.9407268166542053,555,363,599,483,577,423
frame_121,Rack_3,27,5,coke_v_big,0.882325291633606,513,364,552,483,532,423
frame_121,Rack_3,19,5,coke_v_big,0.910702109336853,470,363,511,484,490,423
frame_121,Rack_3,17,5,coke_v_big,0.9129759073257446,429,363,468,483,448,423
frame_121,Rack_3,7,5,coke_v_big,0.9218910336494446,391,364,428,483,409,423
frame_121,Rack_3,2,5,coke_v_big,0.8919958472251892,352,364,389,483,370,423
frame_121,Rack_3,8,14,pepsi_big,0.9361254572868347,316,364,350,484,333,424
frame_121,Rack_3,11,14,pepsi_big,0.9356931447982788,281,363,314,483,297,423
frame_121,Rack_3,47,14,pepsi_big,0.9407479166984558,246,363,279,484,262,423
frame_121,Rack_3,38,10,fanta_grape_big,0.9332588911056519,206,364,243,483,224,423
frame_121,Rack_3,57,10,fanta_grape_big,0.916107714176178,176,363,204,482,190,422
frame_121,Rack_3,73,10,fanta_grape_big,0.8718512058258057,146,364,175,477,160,420
frame_121,Rack_3,67,12,fanta_straw_big,0.9118196964263916,107,363,145,472,126,417
frame_121,Rack_3,78,12,fanta_straw_big,0.8162249326705933,75,362,107,471,91,416
frame_121,Rack_3,89,11,fanta_lychee_big,0.8989025354385376,41,364,76,474,58,419
frame_121,Rack_3,98,11,fanta_lychee_big,0.691309928894043,19,364,40,473,29,418
frame_122,Rack_1,29,4,coke_small,0.5736268758773804,605,146,628,208,616,177
frame_122,Rack_1,43,4,coke_small,0.6680422425270081,576,146,603,210,589,178
frame_122,Rack_1,35,4,coke_small,0.8421511054039001,546,146,574,211,560,178
frame_122,Rack_1,45,4,coke_small,0.8513065576553345,516,147,544,213,530,180
frame_122,Rack_1,50,4,coke_small,0.8833634257316589,487,146,514,214,500,180
frame_122,Rack_1,30,4,coke_small,0.8985384106636047,456,146,485,215,470,180
frame_122,Rack_1,42,17,sprite_small,0.5499087572097778,430,146,454,218,442,182
frame_122,Rack_1,24,17,sprite_small,0.5573439598083496,404,146,429,219,416,182
frame_122,Rack_1,34,17,sprite_small,0.7956236600875854,381,147,403,220,392,183
frame_122,Rack_1,36,17,sprite_small,0.7443789839744568,354,146,380,225,367,185
frame_122,Rack_1,31,8,dew_med,0.8995493650436401,321,146,349,232,335,189
frame_122,Rack_1,20,8,dew_med,0.8816995024681091,293,145,319,234,306,189
frame_122,Rack_1,13,8,dew_med,0.8879489302635193,265,146,291,236,278,191
frame_122,Rack_1,12,8,dew_med,0.8814495205879211,239,145,263,236,251,190
frame_122,Rack_1,18,8,dew_med,0.8751858472824097,215,146,238,237,226,191
frame_122,Rack_1,14,8,dew_med,0.8693985342979431,188,147,214,239,201,193
frame_122,Rack_1,49,0,7up_med,0.7410956621170044,160,148,187,237,173,192
frame_122,Rack_1,81,0,7up_med,0.8803719282150269,138,148,160,234,149,191
frame_122,Rack_1,69,0,7up_med,0.9085199236869812,114,149,137,234,125,191
frame_122,Rack_1,85,0,7up_med,0.9121054410934448,87,152,113,235,100,193
frame_122,Rack_1,91,0,7up_med,0.8251874446868896,66,158,87,236,76,197
frame_122,Rack_1,95,0,7up_med,0.8798981308937073,40,159,67,234,53,196
frame_122,Rack_1,102,0,7up_med,0.864429771900177,15,161,37,232,26,196
frame_122,Rack_2,56,3,coke_med,0.8408830165863037,599,234,635,341,617,287
frame_122,Rack_2,9,2,anw_med,0.8577808141708374,497,248,530,344,513,296
frame_122,Rack_2,23,2,anw_med,0.915468692779541,462,256,496,345,479,300
frame_122,Rack_2,1,2,anw_med,0.8556479215621948,428,259,459,344,443,301
frame_122,Rack_2,28,2,anw_med,0.884637713432312,397,260,425,342,411,301
frame_122,Rack_2,22,2,anw_med,0.879218578338623,365,260,394,342,379,301
frame_122,Rack_2,41,15,pepsi_med,0.9236578345298767,325,259,351,340,338,299
frame_122,Rack_2,25,15,pepsi_med,0.9198393225669861,293,258,321,340,307,299
frame_122,Rack_2,10,15,pepsi_med,0.9360412359237671,263,258,288,340,275,299
frame_122,Rack_2,16,15,pepsi_med,0.9048610925674438,235,258,261,340,248,299
frame_122,Rack_2,15,15,pepsi_med,0.9018710851669312,207,259,234,340,220,299
frame_122,Rack_2,55,13,kick_med,0.8424352407455444,175,259,203,340,189,299
frame_122,Rack_2,54,13,kick_med,0.9009385108947754,150,260,175,341,162,300
frame_122,Rack_2,63,13,kick_med,0.8918222188949585,123,260,149,341,136,300
frame_122,Rack_2,74,13,kick_med,0.8952902555465698,99,261,123,341,111,301
frame_122,Rack_2,84,13,kick_med,0.8486369252204895,78,262,99,341,88,301
frame_122,Rack_2,90,13,kick_med,0.8377336859703064,55,263,78,341,66,302
frame_122,Rack_2,96,13,kick_med,0.5865910649299622,36,265,56,340,46,302
frame_122,Rack_2,101,13,kick_med,0.8685191869735718,10,266,33,340,21,303
frame_122,Rack_3,3,7,coke_z_big,0.8779462575912476,599,363,637,484,618,423
frame_122,Rack_3,6,7,coke_z_big,0.9420726895332336,557,363,601,484,579,423
frame_122,Rack_3,27,5,coke_v_big,0.8732293844223022,515,364,554,483,534,423
frame_122,Rack_3,19,5,coke_v_big,0.9218074083328247,472,363,513,484,492,423
frame_122,Rack_3,17,5,coke_v_big,0.9190157055854797,431,363,470,483,450,423
frame_122,Rack_3,7,5,coke_v_big,0.9135393500328064,393,364,430,483,411,423
frame_122,Rack_3,2,5,coke_v_big,0.9139659404754639,354,365,391,483,372,424
frame_122,Rack_3,8,14,pepsi_big,0.943782389163971,318,364,351,484,334,424
frame_122,Rack_3,11,14,pepsi_big,0.9249516725540161,282,364,316,483,299,423
frame_122,Rack_3,47,14,pepsi_big,0.9335312247276306,247,363,281,484,264,423
frame_122,Rack_3,38,10,fanta_grape_big,0.9314483404159546,208,364,245,483,226,423
frame_122,Rack_3,57,10,fanta_grape_big,0.9337717890739441,178,363,206,482,192,422
frame_122,Rack_3,73,10,fanta_grape_big,0.8658846020698547,148,364,177,477,162,420
frame_122,Rack_3,67,12,fanta_straw_big,0.9076677560806274,108,363,147,473,127,418
frame_122,Rack_3,78,12,fanta_straw_big,0.8243993520736694,77,362,109,471,93,416
frame_122,Rack_3,89,11,fanta_lychee_big,0.9031620621681213,43,364,78,475,60,419
frame_122,Rack_3,98,11,fanta_lychee_big,0.7622673511505127,21,364,43,475,32,419
frame_123,Rack_1,43,4,coke_small,0.8050556778907776,578,147,604,209,591,178
frame_123,Rack_1,35,4,coke_small,0.8812903761863708,548,146,576,212,562,179
frame_123,Rack_1,45,4,coke_small,0.8733636140823364,518,146,546,213,532,179
frame_123,Rack_1,50,4,coke_small,0.8552800416946411,488,146,515,214,501,180
frame_123,Rack_1,30,4,coke_small,0.9176658987998962,458,146,487,215,472,180
frame_123,Rack_1,42,17,sprite_small,0.6383191347122192,431,146,456,218,443,182
frame_123,Rack_1,24,17,sprite_small,0.6984678506851196,406,146,431,220,418,183
frame_123,Rack_1,34,17,sprite_small,0.8659815192222595,383,147,405,220,394,183
frame_123,Rack_1,36,17,sprite_small,0.847440779209137,357,147,382,224,369,185
frame_123,Rack_1,31,8,dew_med,0.9002712965011597,323,145,351,232,337,188
frame_123,Rack_1,20,8,dew_med,0.8923126459121704,295,145,321,234,308,189
frame_123,Rack_1,13,8,dew_med,0.8699619174003601,267,146,293,236,280,191
frame_123,Rack_1,12,8,dew_med,0.8855032920837402,241,145,265,237,253,191
frame_123,Rack_1,18,8,dew_med,0.852279007434845,216,145,240,238,228,191
frame_123,Rack_1,14,8,dew_med,0.8929138779640198,190,147,216,239,203,193
frame_123,Rack_1,49,0,7up_med,0.5997804999351501,162,148,189,236,175,192
frame_123,Rack_1,81,0,7up_med,0.8567334413528442,140,148,162,233,151,190
frame_123,Rack_1,69,0,7up_med,0.8835423588752747,116,149,139,234,127,191
frame_123,Rack_1,85,0,7up_med,0.8812767267227173,89,152,115,235,102,193
frame_123,Rack_1,91,0,7up_med,0.5652174353599548,69,159,89,235,79,197
frame_123,Rack_1,95,0,7up_med,0.8696277141571045,42,160,68,233,55,196
frame_123,Rack_1,102,0,7up_med,0.8900997638702393,17,162,39,232,28,197
frame_123,Rack_2,56,3,coke_med,0.8226948380470276,600,233,636,341,618,287
frame_123,Rack_2,48,6,coke_v_med,0.5662265419960022,566,236,602,341,584,288
frame_123,Rack_2,9,2,anw_med,0.7611950635910034,499,247,533,344,516,295
frame_123,Rack_2,23,2,anw_med,0.8802997469902039,464,259,497,345,480,302
frame_123,Rack_2,1,2,anw_med,0.86067134141922,430,261,461,344,445,302
frame_123,Rack_2,28,2,anw_med,0.8417056202888489,399,261,427,342,413,301
frame_123,Rack_2,22,2,anw_med,0.868654727935791,367,261,396,342,381,301
frame_123,Rack_2,41,15,pepsi_med,0.892619788646698,327,260,353,340,340,300
frame_123,Rack_2,25,15,pepsi_med,0.9041187167167664,295,259,322,340,308,299
frame_123,Rack_2,10,15,pepsi_med,0.9228243231773376,264,259,290,340,277,299
frame_123,Rack_2,16,15,pepsi_med,0.9074200391769409,238,259,263,340,250,299
frame_123,Rack_2,15,15,pepsi_med,0.900702953338623,209,260,236,341,222,300
frame_123,Rack_2,55,13,kick_med,0.8310427665710449,178,260,205,341,191,300
frame_123,Rack_2,54,13,kick_med,0.8801629543304443,152,260,177,341,164,300
frame_123,Rack_2,63,13,kick_med,0.8508546948432922,125,261,151,341,138,301
frame_123,Rack_2,74,13,kick_med,0.8693150877952576,101,262,124,341,112,301
frame_123,Rack_2,84,13,kick_med,0.7984657883644104,80,262,100,341,90,301
frame_123,Rack_2,90,13,kick_med,0.8466925621032715,57,263,80,341,68,302
frame_123,Rack_2,96,13,kick_med,0.6584475040435791,38,266,58,341,48,303
frame_123,Rack_2,101,13,kick_med,0.8259154558181763,12,266,35,341,23,303
frame_123,Rack_3,3,7,coke_z_big,0.8985504508018494,601,363,638,484,619,423
frame_123,Rack_3,6,7,coke_z_big,0.9313173294067383,559,364,604,484,581,424
frame_123,Rack_3,27,5,coke_v_big,0.8622647523880005,518,364,557,484,537,424
frame_123,Rack_3,19,5,coke_v_big,0.8933155536651611,474,364,515,484,494,424
frame_123,Rack_3,17,5,coke_v_big,0.9169808030128479,433,364,472,484,452,424
frame_123,Rack_3,7,5,coke_v_big,0.9305594563484192,394,364,432,483,413,423
frame_123,Rack_3,2,5,coke_v_big,0.9004800915718079,356,365,393,484,374,424
frame_123,Rack_3,8,14,pepsi_big,0.9333337545394897,320,364,354,484,337,424
frame_123,Rack_3,11,14,pepsi_big,0.9434956908226013,284,364,318,484,301,424
frame_123,Rack_3,47,14,pepsi_big,0.9330613613128662,248,364,282,485,265,424
frame_123,Rack_3,38,10,fanta_grape_big,0.9443312883377075,209,364,247,484,228,424
frame_123,Rack_3,57,10,fanta_grape_big,0.9407204985618591,180,364,208,483,194,423
frame_123,Rack_3,73,10,fanta_grape_big,0.8556627035140991,149,364,178,477,163,420
frame_123,Rack_3,67,12,fanta_straw_big,0.8921549320220947,110,363,149,473,129,418
frame_123,Rack_3,78,12,fanta_straw_big,0.8208721876144409,79,363,111,472,95,417
frame_123,Rack_3,89,11,fanta_lychee_big,0.8961961269378662,44,364,79,476,61,420
frame_123,Rack_3,98,11,fanta_lychee_big,0.8231617212295532,22,364,44,476,33,420
frame_124,Rack_1,43,4,coke_small,0.7092398405075073,580,147,606,209,593,178
frame_124,Rack_1,35,4,coke_small,0.8260835409164429,549,146,578,211,563,178
frame_124,Rack_1,45,4,coke_small,0.855819046497345,519,146,547,213,533,179
frame_124,Rack_1,50,4,coke_small,0.8776919841766357,490,146,517,215,503,180
frame_124,Rack_1,30,4,coke_small,0.9312981963157654,460,146,489,216,474,181
frame_124,Rack_1,42,17,sprite_small,0.5634415745735168,433,146,458,218,445,182
frame_124,Rack_1,24,17,sprite_small,0.6501002907752991,408,146,433,220,420,183
frame_124,Rack_1,34,17,sprite_small,0.8422024250030518,385,147,407,220,396,183
frame_124,Rack_1,36,17,sprite_small,0.7444896697998047,358,147,384,224,371,185
frame_124,Rack_1,31,8,dew_med,0.8876582384109497,325,145,353,232,339,188
frame_124,Rack_1,20,8,dew_med,0.8818022608757019,296,145,323,235,309,190
frame_124,Rack_1,13,8,dew_med,0.8749175667762756,268,146,295,237,281,191
frame_124,Rack_1,12,8,dew_med,0.8581734895706177,243,145,267,238,255,191
frame_124,Rack_1,18,8,dew_med,0.860584020614624,218,145,242,238,230,191
frame_124,Rack_1,14,8,dew_med,0.8837597966194153,192,147,217,239,204,193
frame_124,Rack_1,49,0,7up_med,0.6980391144752502,164,148,191,237,177,192
frame_124,Rack_1,81,0,7up_med,0.8611555099487305,141,148,164,234,152,191
frame_124,Rack_1,69,0,7up_med,0.8815714120864868,117,150,141,235,129,192
frame_124,Rack_1,85,0,7up_med,0.8550707101821899,91,153,117,237,104,195
frame_124,Rack_1,91,0,7up_med,0.7607147097587585,70,159,91,241,80,200
frame_124,Rack_1,95,0,7up_med,0.8467757701873779,44,162,71,234,57,198
frame_124,Rack_1,102,0,7up_med,0.9060811400413513,18,163,41,232,29,197
frame_124,Rack_2,56,3,coke_med,0.502220869064331,601,233,637,342,619,287
frame_124,Rack_2,48,6,coke_v_med,0.5650209784507751,570,248,602,341,586,294
frame_124,Rack_2,9,2,anw_med,0.8190961480140686,503,256,534,344,518,300
frame_124,Rack_2,23,2,anw_med,0.8828105330467224,467,261,499,343,483,302
frame_124,Rack_2,1,2,anw_med,0.8697269558906555,432,261,463,345,447,303
frame_124,Rack_2,28,2,anw_med,0.8701799511909485,401,262,429,342,415,302
frame_124,Rack_2,22,2,anw_med,0.8884726762771606,369,262,397,343,383,302
frame_124,Rack_2,41,15,pepsi_med,0.9035874605178833,329,261,355,340,342,300
frame_124,Rack_2,25,15,pepsi_med,0.923775315284729,296,260,323,340,309,300
frame_124,Rack_2,10,15,pepsi_med,0.9246068000793457,266,260,291,341,278,300
frame_124,Rack_2,16,15,pepsi_med,0.9305773973464966,239,260,264,340,251,300
frame_124,Rack_2,15,15,pepsi_med,0.9134256839752197,211,261,237,341,224,301
frame_124,Rack_2,55,13,kick_med,0.8907056450843811,179,261,207,341,193,301
frame_124,Rack_2,54,13,kick_med,0.9107065200805664,154,261,178,342,166,301
frame_124,Rack_2,63,13,kick_med,0.8991348147392273,127,261,153,342,140,301
frame_124,Rack_2,74,13,kick_med,0.8552863001823425,103,262,126,342,114,302
frame_124,Rack_2,84,13,kick_med,0.7907481789588928,82,263,102,341,92,302
frame_124,Rack_2,90,13,kick_med,0.8161695003509521,59,263,82,341,70,302
frame_124,Rack_2,96,13,kick_med,0.7976151704788208,39,265,60,341,49,303
frame_124,Rack_2,101,13,kick_med,0.792205810546875,14,266,37,342,25,304
frame_124,Rack_3,3,7,coke_z_big,0.8822824358940125,603,364,639,486,621,425
frame_124,Rack_3,6,7,coke_z_big,0.9330123662948608,561,364,606,485,583,424
frame_124,Rack_3,27,5,coke_v_big,0.8738176822662354,519,365,559,485,539,425
frame_124,Rack_3,19,5,coke_v_big,0.9013034701347351,475,365,517,485,496,425
frame_124,Rack_3,17,5,coke_v_big,0.9043094515800476,435,365,474,485,454,425
frame_124,Rack_3,7,5,coke_v_big,0.932038426399231,396,365,434,484,415,424
frame_124,Rack_3,2,5,coke_v_big,0.9079247117042542,358,365,395,485,376,425
frame_124,Rack_3,8,14,pepsi_big,0.9295290112495422,322,365,356,485,339,425
frame_124,Rack_3,11,14,pepsi_big,0.9342659115791321,285,364,319,485,302,424
frame_124,Rack_3,47,14,pepsi_big,0.9321069121360779,250,364,284,486,267,425
frame_124,Rack_3,38,10,fanta_grape_big,0.9406318068504333,211,364,248,485,229,424
frame_124,Rack_3,57,10,fanta_grape_big,0.9338997602462769,181,364,209,484,195,424
frame_124,Rack_3,73,10,fanta_grape_big,0.8594697713851929,150,364,179,478,164,421
frame_124,Rack_3,67,12,fanta_straw_big,0.9027803540229797,112,363,150,473,131,418
frame_124,Rack_3,78,12,fanta_straw_big,0.8417987823486328,81,363,112,472,96,417
frame_124,Rack_3,89,11,fanta_lychee_big,0.900897204875946,46,364,81,476,63,420
frame_124,Rack_3,98,11,fanta_lychee_big,0.829584002494812,24,364,46,475,35,419
frame_125,Rack_1,43,4,coke_small,0.7488889098167419,581,146,608,210,594,178
frame_125,Rack_1,35,4,coke_small,0.8531445860862732,551,146,579,212,565,179
frame_125,Rack_1,45,4,coke_small,0.8426770567893982,521,146,549,214,535,180
frame_125,Rack_1,50,4,coke_small,0.8907146453857422,492,146,519,215,505,180
frame_125,Rack_1,30,4,coke_small,0.8895911574363708,461,146,491,216,476,181
frame_125,Rack_1,42,17,sprite_small,0.7069396376609802,435,146,460,219,447,182
frame_125,Rack_1,24,17,sprite_small,0.7867502570152283,409,146,435,220,422,183
frame_125,Rack_1,34,17,sprite_small,0.8147442936897278,386,147,409,221,397,184
frame_125,Rack_1,36,17,sprite_small,0.7273406386375427,360,147,386,224,373,185
frame_125,Rack_1,31,8,dew_med,0.8934530019760132,326,145,355,234,340,189
frame_125,Rack_1,20,8,dew_med,0.8596403002738953,298,146,324,236,311,191
frame_125,Rack_1,13,8,dew_med,0.8759973049163818,270,146,297,239,283,192
frame_125,Rack_1,12,8,dew_med,0.876197338104248,244,145,269,239,256,192
frame_125,Rack_1,18,8,dew_med,0.8572333455085754,220,146,243,239,231,192
frame_125,Rack_1,14,8,dew_med,0.8954024910926819,194,147,219,241,206,194
frame_125,Rack_1,49,0,7up_med,0.5551307201385498,165,150,193,240,179,195
frame_125,Rack_1,81,0,7up_med,0.8337686657905579,143,148,166,239,154,193
frame_125,Rack_1,69,0,7up_med,0.8470298051834106,119,150,143,239,131,194
frame_125,Rack_1,85,0,7up_med,0.7724838852882385,92,154,119,242,105,198
frame_125,Rack_1,91,0,7up_med,0.6822558641433716,71,161,94,245,82,203
frame_125,Rack_1,95,0,7up_med,0.6921707987785339,45,163,74,243,59,203
frame_125,Rack_1,102,0,7up_med,0.7401415109634399,19,164,45,243,32,203
frame_125,Rack_2,56,3,coke_med,0.5553690791130066,603,233,639,342,621,287
frame_125,Rack_2,48,6,coke_v_med,0.7414689064025879,571,241,605,342,588,291
frame_125,Rack_2,9,2,anw_med,0.8480027914047241,502,241,538,345,520,293
frame_125,Rack_2,23,2,anw_med,0.9038493037223816,467,258,501,345,484,301
frame_125,Rack_2,1,2,anw_med,0.8716984391212463,433,258,465,345,449,301
frame_125,Rack_2,28,2,anw_med,0.884226381778717,402,261,431,343,416,302
frame_125,Rack_2,22,2,anw_med,0.8805715441703796,370,261,399,343,384,302
frame_125,Rack_2,41,15,pepsi_med,0.9178977608680725,330,260,356,341,343,300
frame_125,Rack_2,25,15,pepsi_med,0.9209950566291809,297,260,325,341,311,300
frame_125,Rack_2,10,15,pepsi_med,0.9249047636985779,267,259,293,341,280,300
frame_125,Rack_2,16,15,pepsi_med,0.9197579026222229,240,260,266,341,253,300
frame_125,Rack_2,15,15,pepsi_med,0.9066210985183716,212,261,238,341,225,301
frame_125,Rack_2,55,13,kick_med,0.908912718296051,181,261,208,342,194,301
frame_125,Rack_2,54,13,kick_med,0.9187250137329102,155,260,180,342,167,301
frame_125,Rack_2,63,13,kick_med,0.9088417291641235,128,261,154,342,141,301
frame_125,Rack_2,74,13,kick_med,0.8790108561515808,104,262,127,342,115,302
frame_125,Rack_2,84,13,kick_med,0.8626959919929504,83,263,104,342,93,302
frame_125,Rack_2,90,13,kick_med,0.837416410446167,60,264,83,342,71,303
frame_125,Rack_2,96,13,kick_med,0.7441272139549255,33,266,55,341,44,303
frame_125,Rack_2,101,13,kick_med,0.7591643929481506,17,267,42,342,29,304
frame_125,Rack_3,3,7,coke_z_big,0.8594085574150085,604,364,640,486,622,425
frame_125,Rack_3,6,7,coke_z_big,0.9301252365112305,563,364,608,485,585,424
frame_125,Rack_3,27,5,coke_v_big,0.8766301274299622,521,365,561,486,541,425
frame_125,Rack_3,19,5,coke_v_big,0.9163296222686768,477,365,519,486,498,425
frame_125,Rack_3,17,5,coke_v_big,0.910276472568512,436,365,476,485,456,425
frame_125,Rack_3,7,5,coke_v_big,0.9103875160217285,398,365,435,484,416,424
frame_125,Rack_3,2,5,coke_v_big,0.916372537612915,359,365,397,485,378,425
frame_125,Rack_3,8,14,pepsi_big,0.9208582639694214,323,365,357,486,340,425
frame_125,Rack_3,11,14,pepsi_big,0.9519763588905334,287,364,321,485,304,424
frame_125,Rack_3,47,14,pepsi_big,0.9347749948501587,251,364,285,486,268,425
frame_125,Rack_3,38,10,fanta_grape_big,0.9326843619346619,212,364,250,485,231,424
frame_125,Rack_3,57,10,fanta_grape_big,0.9501610398292542,182,364,211,485,196,424
frame_125,Rack_3,73,10,fanta_grape_big,0.869588315486908,151,364,180,478,165,421
frame_125,Rack_3,67,12,fanta_straw_big,0.9187176823616028,113,364,152,475,132,419
frame_125,Rack_3,78,12,fanta_straw_big,0.852615475654602,82,363,114,473,98,418
frame_125,Rack_3,89,11,fanta_lychee_big,0.8864824771881104,47,364,82,476,64,420
frame_125,Rack_3,98,11,fanta_lychee_big,0.8399100303649902,25,364,47,474,36,419
frame_126,Rack_1,29,4,coke_small,0.5725946426391602,610,146,634,209,622,177
frame_126,Rack_1,43,4,coke_small,0.7726532816886902,582,146,609,211,595,178
frame_126,Rack_1,35,4,coke_small,0.8347998261451721,552,146,581,213,566,179
frame_126,Rack_1,45,4,coke_small,0.862392008304596,522,146,550,214,536,180
frame_126,Rack_1,50,4,coke_small,0.9103122353553772,493,147,521,216,507,181
frame_126,Rack_1,30,4,coke_small,0.86496901512146,463,147,492,217,477,182
frame_126,Rack_1,42,17,sprite_small,0.6753151416778564,436,146,462,219,449,182
frame_126,Rack_1,24,17,sprite_small,0.7725690603256226,410,146,436,221,423,183
frame_126,Rack_1,34,17,sprite_small,0.8156569004058838,388,147,410,221,399,184
frame_126,Rack_1,36,17,sprite_small,0.7398092150688171,361,147,387,224,374,185
frame_126,Rack_1,31,8,dew_med,0.8851314187049866,327,145,356,234,341,189
frame_126,Rack_1,20,8,dew_med,0.8982376456260681,300,146,326,236,313,191
frame_126,Rack_1,13,8,dew_med,0.8811053037643433,271,146,298,239,284,192
frame_126,Rack_1,12,8,dew_med,0.8876675367355347,246,146,270,239,258,192
frame_126,Rack_1,18,8,dew_med,0.8410922884941101,221,146,245,240,233,193
frame_126,Rack_1,14,8,dew_med,0.87840336561203,195,148,221,241,208,194
frame_126,Rack_1,49,0,7up_med,0.622672438621521,167,151,193,238,180,194
frame_126,Rack_1,81,0,7up_med,0.8672693967819214,144,149,167,236,155,192
frame_126,Rack_1,69,0,7up_med,0.8512625694274902,120,150,144,236,132,193
frame_126,Rack_1,85,0,7up_med,0.8787700533866882,94,157,119,237,106,197
frame_126,Rack_1,91,0,7up_med,0.8315283060073853,73,162,94,241,83,201
frame_126,Rack_1,95,0,7up_med,0.8745583295822144,47,164,74,236,60,200
frame_126,Rack_1,102,0,7up_med,0.8917005658149719,21,165,45,237,33,201
frame_126,Rack_2,56,3,coke_med,0.5046936273574829,604,233,639,343,621,288
frame_126,Rack_2,48,6,coke_v_med,0.7569074034690857,571,237,607,342,589,289
frame_126,Rack_2,9,2,anw_med,0.8252110481262207,502,234,540,345,521,289
frame_126,Rack_2,23,2,anw_med,0.8820115327835083,468,258,503,346,485,302
frame_126,Rack_2,1,2,anw_med,0.8629828095436096,434,260,466,345,450,302
frame_126,Rack_2,28,2,anw_med,0.9001682996749878,403,261,432,344,417,302
frame_126,Rack_2,22,2,anw_med,0.9000487327575684,372,261,401,344,386,302
frame_126,Rack_2,41,15,pepsi_med,0.9248871207237244,332,260,358,342,345,301
frame_126,Rack_2,25,15,pepsi_med,0.8975710868835449,298,260,326,342,312,301
frame_126,Rack_2,10,15,pepsi_med,0.9162853360176086,269,259,294,341,281,300
frame_126,Rack_2,16,15,pepsi_med,0.9091920852661133,242,260,267,342,254,301
frame_126,Rack_2,15,15,pepsi_med,0.8824042081832886,213,261,240,342,226,301
frame_126,Rack_2,55,13,kick_med,0.868586003780365,182,261,210,343,196,302
frame_126,Rack_2,54,13,kick_med,0.9143383502960205,156,261,181,343,168,302
frame_126,Rack_2,63,13,kick_med,0.8986952900886536,129,261,155,343,142,302
frame_126,Rack_2,74,13,kick_med,0.8827158808708191,105,262,129,343,117,302
frame_126,Rack_2,84,13,kick_med,0.8013044595718384,85,265,105,343,95,304
frame_126,Rack_2,90,13,kick_med,0.8236671686172485,62,266,84,342,73,304
frame_126,Rack_2,96,13,kick_med,0.7756240367889404,30,268,54,342,42,305
frame_126,Rack_2,101,13,kick_med,0.8469890356063843,19,268,45,343,32,305
frame_126,Rack_3,3,7,coke_z_big,0.861825704574585,605,364,640,486,622,425
frame_126,Rack_3,6,7,coke_z_big,0.9277145862579346,564,364,610,485,587,424
frame_126,Rack_3,27,5,coke_v_big,0.8792590498924255,523,365,562,486,542,425
frame_126,Rack_3,19,5,coke_v_big,0.9238952994346619,479,365,521,486,500,425
frame_126,Rack_3,17,5,coke_v_big,0.9108365774154663,438,365,477,486,457,425
frame_126,Rack_3,7,5,coke_v_big,0.9105437397956848,399,366,437,485,418,425
frame_126,Rack_3,2,5,coke_v_big,0.9154126644134521,360,365,398,486,379,425
frame_126,Rack_3,8,14,pepsi_big,0.9230151176452637,324,365,358,486,341,425
frame_126,Rack_3,11,14,pepsi_big,0.9555654525756836,288,365,322,485,305,425
frame_126,Rack_3,47,14,pepsi_big,0.9141965508460999,253,364,287,486,270,425
frame_126,Rack_3,38,10,fanta_grape_big,0.961672842502594,214,365,251,485,232,425
frame_126,Rack_3,57,10,fanta_grape_big,0.8954201936721802,183,365,212,484,197,424
frame_126,Rack_3,73,10,fanta_grape_big,0.8570643067359924,152,364,182,479,167,421
frame_126,Rack_3,67,12,fanta_straw_big,0.9167424440383911,114,364,153,475,133,419
frame_126,Rack_3,78,12,fanta_straw_big,0.8372955322265625,83,364,114,474,98,419
frame_126,Rack_3,89,11,fanta_lychee_big,0.8773205876350403,48,364,83,477,65,420
frame_126,Rack_3,98,11,fanta_lychee_big,0.8136417269706726,25,365,48,475,36,420
frame_127,Rack_1,29,4,coke_small,0.595448911190033,611,146,634,210,622,178
frame_127,Rack_1,43,4,coke_small,0.7326011657714844,584,146,611,211,597,178
frame_127,Rack_1,35,4,coke_small,0.8153255581855774,553,146,583,213,568,179
frame_127,Rack_1,45,4,coke_small,0.8848446011543274,523,147,552,215,537,181
frame_127,Rack_1,50,4,coke_small,0.9030622243881226,494,147,522,216,508,181
frame_127,Rack_1,30,4,coke_small,0.8808322548866272,464,147,494,217,479,182
frame_127,Rack_1,42,17,sprite_small,0.5430921316146851,438,147,463,220,450,183
frame_127,Rack_1,24,17,sprite_small,0.5588287711143494,412,146,438,221,425,183
frame_127,Rack_1,34,17,sprite_small,0.7220799922943115,389,147,412,222,400,184
frame_127,Rack_1,36,17,sprite_small,0.5995135307312012,362,147,389,225,375,186
frame_127,Rack_1,31,8,dew_med,0.8950739502906799,328,145,357,234,342,189
frame_127,Rack_1,20,8,dew_med,0.892845630645752,301,146,327,236,314,191
frame_127,Rack_1,13,8,dew_med,0.8964256644248962,272,145,299,239,285,192
frame_127,Rack_1,12,8,dew_med,0.8921334147453308,247,146,272,239,259,192
frame_127,Rack_1,18,8,dew_med,0.860328197479248,222,146,246,240,234,193
frame_127,Rack_1,14,8,dew_med,0.8830892443656921,196,148,222,241,209,194
frame_127,Rack_1,49,0,7up_med,0.6139958500862122,168,151,195,238,181,194
frame_127,Rack_1,81,0,7up_med,0.8509380221366882,145,149,168,237,156,193
frame_127,Rack_1,69,0,7up_med,0.8670341968536377,122,151,145,237,133,194
frame_127,Rack_1,85,0,7up_med,0.8670350313186646,96,158,121,240,108,199
frame_127,Rack_1,91,0,7up_med,0.8476738929748535,74,163,95,239,84,201
frame_127,Rack_1,95,0,7up_med,0.8903961181640625,49,164,74,233,61,198
frame_127,Rack_1,102,0,7up_med,0.8926714062690735,22,165,46,234,34,199
frame_127,Rack_2,9,2,anw_med,0.7644927501678467,506,247,540,345,523,296
frame_127,Rack_2,23,2,anw_med,0.879277229309082,469,252,506,347,487,299
frame_127,Rack_2,1,2,anw_med,0.8481522798538208,436,261,467,344,451,302
frame_127,Rack_2,28,2,anw_med,0.8935984373092651,405,263,434,344,419,303
frame_127,Rack_2,22,2,anw_med,0.8537609577178955,373,263,402,345,387,304
frame_127,Rack_2,41,15,pepsi_med,0.9236576557159424,333,261,359,342,346,301
frame_127,Rack_2,25,15,pepsi_med,0.9080919027328491,300,262,327,341,313,301
frame_127,Rack_2,10,15,pepsi_med,0.9273285865783691,270,261,295,341,282,301
frame_127,Rack_2,16,15,pepsi_med,0.9000554084777832,243,261,268,342,255,301
frame_127,Rack_2,15,15,pepsi_med,0.8836564421653748,215,262,241,342,228,302
frame_127,Rack_2,55,13,kick_med,0.8687298893928528,183,263,211,343,197,303
frame_127,Rack_2,54,13,kick_med,0.9164237976074219,158,263,183,343,170,303
frame_127,Rack_2,63,13,kick_med,0.9097492694854736,131,263,156,343,143,303
frame_127,Rack_2,74,13,kick_med,0.8816255331039429,107,263,130,343,118,303
frame_127,Rack_2,84,13,kick_med,0.8541467189788818,86,264,106,343,96,303
frame_127,Rack_2,90,13,kick_med,0.8449418544769287,63,266,86,343,74,304
frame_127,Rack_2,96,13,kick_med,0.8357265591621399,26,268,52,343,39,305
frame_127,Rack_2,101,13,kick_med,0.8373056054115295,17,268,44,344,30,306
frame_127,Rack_3,3,7,coke_z_big,0.8099802136421204,607,364,640,486,623,425
frame_127,Rack_3,6,7,coke_z_big,0.9377502202987671,566,365,611,486,588,425
frame_127,Rack_3,27,5,coke_v_big,0.901046633720398,524,365,564,486,544,425
frame_127,Rack_3,19,5,coke_v_big,0.9268890023231506,480,365,522,486,501,425
frame_127,Rack_3,17,5,coke_v_big,0.91947340965271,439,365,478,486,458,425
frame_127,Rack_3,7,5,coke_v_big,0.9169813990592957,401,366,438,485,419,425
frame_127,Rack_3,2,5,coke_v_big,0.9117832183837891,361,366,399,486,380,426
frame_127,Rack_3,8,14,pepsi_big,0.9266156554222107,326,365,360,486,343,425
frame_127,Rack_3,11,14,pepsi_big,0.950504720211029,289,365,323,485,306,425
frame_127,Rack_3,47,14,pepsi_big,0.9311649203300476,254,365,288,486,271,425
frame_127,Rack_3,38,10,fanta_grape_big,0.934149444103241,215,365,252,485,233,425
frame_127,Rack_3,57,10,fanta_grape_big,0.9060047268867493,185,365,213,484,199,424
frame_127,Rack_3,73,10,fanta_grape_big,0.8653958439826965,154,365,183,480,168,422
frame_127,Rack_3,67,12,fanta_straw_big,0.9088766574859619,115,364,154,476,134,420
frame_127,Rack_3,78,12,fanta_straw_big,0.8498172163963318,84,364,116,474,100,419
frame_127,Rack_3,89,11,fanta_lychee_big,0.8879836797714233,49,365,84,479,66,422
frame_127,Rack_3,98,11,fanta_lychee_big,0.8071133494377136,26,365,49,475,37,420
frame_128,Rack_1,29,4,coke_small,0.5822866559028625,611,145,635,211,623,178
frame_128,Rack_1,43,4,coke_small,0.7845861315727234,585,146,612,212,598,179
frame_128,Rack_1,35,4,coke_small,0.8617153763771057,555,146,584,214,569,180
frame_128,Rack_1,45,4,coke_small,0.9079459309577942,525,147,554,215,539,181
frame_128,Rack_1,50,4,coke_small,0.8482794761657715,496,146,524,217,510,181
frame_128,Rack_1,30,4,coke_small,0.8873514533042908,465,147,495,217,480,182
frame_128,Rack_1,24,17,sprite_small,0.5982922911643982,413,146,439,222,426,184
frame_128,Rack_1,34,17,sprite_small,0.7086998224258423,391,147,413,222,402,184
frame_128,Rack_1,36,17,sprite_small,0.5485178828239441,363,147,390,225,376,186
frame_128,Rack_1,31,8,dew_med,0.8893445134162903,329,145,358,235,343,190
frame_128,Rack_1,20,8,dew_med,0.891980767250061,302,145,329,237,315,191
frame_128,Rack_1,13,8,dew_med,0.9026153087615967,274,145,301,239,287,192
frame_128,Rack_1,12,8,dew_med,0.8683354258537292,248,146,273,238,260,192
frame_128,Rack_1,18,8,dew_med,0.8435181975364685,224,145,247,241,235,193
frame_128,Rack_1,14,8,dew_med,0.9049770832061768,198,148,224,242,211,195
frame_128,Rack_1,81,0,7up_med,0.7792360782623291,146,150,170,242,158,196
frame_128,Rack_1,69,0,7up_med,0.8236343264579773,123,150,148,242,135,196
frame_128,Rack_1,85,0,7up_med,0.8440647721290588,97,159,124,245,110,202
frame_128,Rack_1,91,0,7up_med,0.7792906761169434,75,162,97,245,86,203
frame_128,Rack_1,95,0,7up_med,0.8297889828681946,49,164,77,244,63,204
frame_128,Rack_1,102,0,7up_med,0.7609855532646179,22,165,49,243,35,204
frame_128,Rack_2,56,3,coke_med,0.5983697175979614,606,230,640,343,623,286
frame_128,Rack_2,9,2,anw_med,0.8571605682373047,507,249,541,346,524,297
frame_128,Rack_2,23,2,anw_med,0.8662090301513672,469,245,508,347,488,296
frame_128,Rack_2,1,2,anw_med,0.8185302019119263,434,245,472,346,453,295
frame_128,Rack_2,28,2,anw_med,0.8544214367866516,406,263,435,344,420,303
frame_128,Rack_2,22,2,anw_med,0.8310299515724182,375,263,404,345,389,304
frame_128,Rack_2,41,15,pepsi_med,0.8826302289962769,334,262,360,342,347,302
frame_128,Rack_2,25,15,pepsi_med,0.9089909791946411,301,262,327,342,314,302
frame_128,Rack_2,10,15,pepsi_med,0.9251348972320557,271,262,296,341,283,301
frame_128,Rack_2,16,15,pepsi_med,0.9066305160522461,244,262,269,342,256,302
frame_128,Rack_2,15,15,pepsi_med,0.9091572761535645,216,262,242,342,229,302
frame_128,Rack_2,55,13,kick_med,0.8345838189125061,185,263,212,343,198,303
frame_128,Rack_2,54,13,kick_med,0.8902004361152649,159,263,184,343,171,303
frame_128,Rack_2,63,13,kick_med,0.8958328366279602,132,263,157,343,144,303
frame_128,Rack_2,74,13,kick_med,0.8732684254646301,108,263,131,343,119,303
frame_128,Rack_2,84,13,kick_med,0.8594967126846313,87,264,107,343,97,303
frame_128,Rack_2,90,13,kick_med,0.8479617238044739,64,265,87,343,75,304
frame_128,Rack_2,96,13,kick_med,0.8260462880134583,23,268,51,343,37,305
frame_128,Rack_2,101,13,kick_med,0.8885858654975891,17,268,44,344,30,306
frame_128,Rack_3,3,7,coke_z_big,0.5535442233085632,608,364,640,484,624,424
frame_128,Rack_3,6,7,coke_z_big,0.9344905018806458,567,365,613,485,590,425
frame_128,Rack_3,27,5,coke_v_big,0.9056161046028137,526,366,565,485,545,425
frame_128,Rack_3,19,5,coke_v_big,0.9191642999649048,481,365,524,485,502,425
frame_128,Rack_3,17,5,coke_v_big,0.9182834029197693,440,365,479,485,459,425
frame_128,Rack_3,7,5,coke_v_big,0.9117990732192993,402,366,440,484,421,425
frame_128,Rack_3,2,5,coke_v_big,0.9101323485374451,363,366,400,485,381,425
frame_128,Rack_3,8,14,pepsi_big,0.9271661639213562,327,366,361,486,344,426
frame_128,Rack_3,11,14,pepsi_big,0.9289247989654541,291,365,325,485,308,425
frame_128,Rack_3,47,14,pepsi_big,0.9269999265670776,255,365,289,485,272,425
frame_128,Rack_3,38,10,fanta_grape_big,0.9383261799812317,216,365,253,485,234,425
frame_128,Rack_3,57,10,fanta_grape_big,0.9057357907295227,186,365,214,484,200,424
frame_128,Rack_3,73,10,fanta_grape_big,0.8839195966720581,155,365,184,480,169,422
frame_128,Rack_3,67,12,fanta_straw_big,0.8855987787246704,116,365,155,476,135,420
frame_128,Rack_3,78,12,fanta_straw_big,0.8756153583526611,85,365,117,475,101,420
frame_128,Rack_3,89,11,fanta_lychee_big,0.8946937918663025,50,365,85,480,67,422
frame_128,Rack_3,98,11,fanta_lychee_big,0.8018726706504822,27,365,50,475,38,420
frame_129,Rack_1,43,4,coke_small,0.7949994206428528,586,146,614,212,600,179
frame_129,Rack_1,35,4,coke_small,0.8624746799468994,557,146,586,213,571,179
frame_129,Rack_1,45,4,coke_small,0.8897635340690613,527,147,556,215,541,181
frame_129,Rack_1,50,4,coke_small,0.8710212707519531,498,147,526,216,512,181
frame_129,Rack_1,30,4,coke_small,0.8802269697189331,467,147,496,217,481,182
frame_129,Rack_1,24,17,sprite_small,0.564683735370636,415,146,441,221,428,183
frame_129,Rack_1,34,17,sprite_small,0.7576882839202881,392,147,414,222,403,184
frame_129,Rack_1,36,17,sprite_small,0.5116665363311768,365,147,391,225,378,186
frame_129,Rack_1,31,8,dew_med,0.900154173374176,330,145,359,234,344,189
frame_129,Rack_1,20,8,dew_med,0.8936458230018616,303,145,330,237,316,191
frame_129,Rack_1,13,8,dew_med,0.9025489091873169,275,145,302,239,288,192
frame_129,Rack_1,12,8,dew_med,0.8656899929046631,250,146,274,238,262,192
frame_129,Rack_1,18,8,dew_med,0.8695836067199707,225,145,249,241,237,193
frame_129,Rack_1,14,8,dew_med,0.9060039520263672,199,147,225,242,212,194
frame_129,Rack_1,49,0,7up_med,0.5262919068336487,171,149,198,241,184,195
frame_129,Rack_1,81,0,7up_med,0.8280891180038452,147,149,172,243,159,196
frame_129,Rack_1,69,0,7up_med,0.840162456035614,123,150,149,243,136,196
frame_129,Rack_1,85,0,7up_med,0.8559699058532715,97,158,125,247,111,202
frame_129,Rack_1,91,0,7up_med,0.7977271676063538,76,162,99,247,87,204
frame_129,Rack_1,95,0,7up_med,0.8820168972015381,49,164,79,247,64,205
frame_129,Rack_1,102,0,7up_med,0.814061164855957,22,165,51,245,36,205
frame_129,Rack_2,56,3,coke_med,0.666205883026123,607,229,640,343,623,286
frame_129,Rack_2,9,2,anw_med,0.860406756401062,507,236,544,347,525,291
frame_129,Rack_2,23,2,anw_med,0.858305037021637,470,238,510,346,490,292
frame_129,Rack_2,1,2,anw_med,0.8369451761245728,435,237,474,347,454,292
frame_129,Rack_2,28,2,anw_med,0.8686005473136902,408,263,437,344,422,303
frame_129,Rack_2,22,2,anw_med,0.8494803309440613,376,263,405,345,390,304
frame_129,Rack_2,41,15,pepsi_med,0.8847811818122864,335,262,361,342,348,302
frame_129,Rack_2,25,15,pepsi_med,0.9003956317901611,302,263,328,342,315,302
frame_129,Rack_2,10,15,pepsi_med,0.9101166725158691,272,262,297,342,284,302
frame_129,Rack_2,16,15,pepsi_med,0.9022496938705444,246,263,270,342,258,302
frame_129,Rack_2,15,15,pepsi_med,0.9106388092041016,217,263,244,342,230,302
frame_129,Rack_2,55,13,kick_med,0.8623154163360596,186,263,213,343,199,303
frame_129,Rack_2,54,13,kick_med,0.9059348702430725,160,263,185,344,172,303
frame_129,Rack_2,63,13,kick_med,0.8866434097290039,133,263,159,343,146,303
frame_129,Rack_2,74,13,kick_med,0.8717039227485657,109,264,132,343,120,303
frame_129,Rack_2,84,13,kick_med,0.8329211473464966,88,264,108,343,98,303
frame_129,Rack_2,90,13,kick_med,0.8657981157302856,65,265,88,343,76,304
frame_129,Rack_2,101,13,kick_med,0.9234228730201721,18,268,45,344,31,306
frame_129,Rack_3,6,7,coke_z_big,0.9363788366317749,569,367,614,485,591,426
frame_129,Rack_3,27,5,coke_v_big,0.9041299223899841,527,367,567,486,547,426
frame_129,Rack_3,19,5,coke_v_big,0.9080943465232849,483,366,525,486,504,426
frame_129,Rack_3,17,5,coke_v_big,0.9159997701644897,442,366,480,485,461,425
frame_129,Rack_3,7,5,coke_v_big,0.8981719613075256,403,367,441,485,422,426
frame_129,Rack_3,2,5,coke_v_big,0.8996247053146362,364,368,402,486,383,427
frame_129,Rack_3,8,14,pepsi_big,0.9318199157714844,328,367,362,486,345,426
frame_129,Rack_3,11,14,pepsi_big,0.9338342547416687,292,367,326,485,309,426
frame_129,Rack_3,47,14,pepsi_big,0.9072965383529663,257,366,290,485,273,425
frame_129,Rack_3,38,10,fanta_grape_big,0.9369985461235046,217,366,254,485,235,425
frame_129,Rack_3,57,10,fanta_grape_big,0.8980149030685425,187,367,215,484,201,425
frame_129,Rack_3,73,10,fanta_grape_big,0.9008656740188599,156,366,185,480,170,423
frame_129,Rack_3,67,12,fanta_straw_big,0.8949624300003052,118,366,156,477,137,421
frame_129,Rack_3,78,12,fanta_straw_big,0.8846361041069031,86,366,117,475,101,420
frame_129,Rack_3,89,11,fanta_lychee_big,0.8978568315505981,51,367,86,480,68,423
frame_129,Rack_3,98,11,fanta_lychee_big,0.8366290330886841,29,367,51,475,40,421
frame_130,Rack_1,43,4,coke_small,0.7629849910736084,588,145,615,212,601,178
frame_130,Rack_1,35,4,coke_small,0.8437830805778503,558,146,587,213,572,179
frame_130,Rack_1,45,4,coke_small,0.8155587911605835,528,147,557,215,542,181
frame_130,Rack_1,50,4,coke_small,0.8640653491020203,499,147,527,216,513,181
frame_130,Rack_1,30,4,coke_small,0.8730840086936951,468,146,498,217,483,181
frame_130,Rack_1,34,17,sprite_small,0.6702789664268494,393,147,416,222,404,184
frame_130,Rack_1,31,8,dew_med,0.8975703120231628,332,145,360,232,346,188
frame_130,Rack_1,20,8,dew_med,0.8766909837722778,304,145,331,236,317,190
frame_130,Rack_1,13,8,dew_med,0.9037108421325684,276,145,303,239,289,192
frame_130,Rack_1,12,8,dew_med,0.8522639274597168,251,146,276,239,263,192
frame_130,Rack_1,18,8,dew_med,0.852401614189148,226,145,250,241,238,193
frame_130,Rack_1,14,8,dew_med,0.8892036080360413,200,147,226,242,213,194
frame_130,Rack_1,49,0,7up_med,0.7222718596458435,171,149,200,242,185,195
frame_130,Rack_1,81,0,7up_med,0.8579307794570923,148,149,173,244,160,196
frame_130,Rack_1,69,0,7up_med,0.8390440344810486,124,150,150,244,137,197
frame_130,Rack_1,85,0,7up_med,0.7938107848167419,98,158,126,248,112,203
frame_130,Rack_1,91,0,7up_med,0.6800676584243774,77,162,100,248,88,205
frame_130,Rack_1,95,0,7up_med,0.7949928641319275,51,164,80,249,65,206
frame_130,Rack_1,102,0,7up_med,0.7204360961914062,23,164,52,247,37,205
frame_130,Rack_2,56,3,coke_med,0.6217784285545349,608,227,640,344,624,285
frame_130,Rack_2,9,2,anw_med,0.8406607508659363,509,240,545,346,527,293
frame_130,Rack_2,23,2,anw_med,0.8521207571029663,473,247,510,346,491,296
frame_130,Rack_2,1,2,anw_med,0.8606473207473755,436,234,476,346,456,290
frame_130,Rack_2,107,2,anw_med,0.7129698395729065,440,264,471,344,455,304
frame_130,Rack_2,28,2,anw_med,0.8787808418273926,407,250,440,345,423,297
frame_130,Rack_2,22,2,anw_med,0.8604198098182678,377,263,406,345,391,304
frame_130,Rack_2,41,15,pepsi_med,0.8963816165924072,337,263,363,342,350,302
frame_130,Rack_2,25,15,pepsi_med,0.8997990489006042,303,262,330,342,316,302
frame_130,Rack_2,10,15,pepsi_med,0.9117977619171143,273,262,298,342,285,302
frame_130,Rack_2,16,15,pepsi_med,0.90265953540802,247,262,272,342,259,302
frame_130,Rack_2,15,15,pepsi_med,0.8987955451011658,218,263,245,341,231,302
frame_130,Rack_2,55,13,kick_med,0.9257245063781738,187,263,214,343,200,303
frame_130,Rack_2,54,13,kick_med,0.9133332371711731,161,263,186,344,173,303
frame_130,Rack_2,63,13,kick_med,0.8868657946586609,134,263,160,343,147,303
frame_130,Rack_2,74,13,kick_med,0.8718339800834656,110,264,133,343,121,303
frame_130,Rack_2,84,13,kick_med,0.8348052501678467,89,264,110,343,99,303
frame_130,Rack_2,90,13,kick_med,0.8741284012794495,66,265,89,343,77,304
frame_130,Rack_2,105,13,kick_med,0.8539701700210571,40,266,62,343,51,304
frame_130,Rack_2,96,13,kick_med,0.5946650505065918,23,268,53,344,38,306
frame_130,Rack_2,101,13,kick_med,0.9112173914909363,18,268,46,344,32,306
frame_130,Rack_3,6,7,coke_z_big,0.934960126876831,570,366,615,485,592,425
frame_130,Rack_3,27,5,coke_v_big,0.9061311483383179,528,366,568,485,548,425
frame_130,Rack_3,19,5,coke_v_big,0.9156220555305481,484,366,526,485,505,425
frame_130,Rack_3,17,5,coke_v_big,0.9125527143478394,443,366,482,485,462,425
frame_130,Rack_3,7,5,coke_v_big,0.8971446752548218,405,366,442,485,423,425
frame_130,Rack_3,2,5,coke_v_big,0.8983756899833679,366,367,403,485,384,426
frame_130,Rack_3,8,14,pepsi_big,0.9372224807739258,329,366,363,486,346,426
frame_130,Rack_3,11,14,pepsi_big,0.9312048554420471,293,366,327,485,310,425
frame_130,Rack_3,47,14,pepsi_big,0.9319888353347778,258,365,292,485,275,425
frame_130,Rack_3,38,10,fanta_grape_big,0.9253250360488892,218,366,255,485,236,425
frame_130,Rack_3,57,10,fanta_grape_big,0.9021351337432861,188,366,216,484,202,425
frame_130,Rack_3,73,10,fanta_grape_big,0.9120377898216248,157,366,186,481,171,423
frame_130,Rack_3,67,12,fanta_straw_big,0.9013967514038086,119,366,157,477,138,421
frame_130,Rack_3,78,12,fanta_straw_big,0.877427875995636,87,365,118,474,102,419
frame_130,Rack_3,89,11,fanta_lychee_big,0.9041707515716553,52,366,87,479,69,422
frame_130,Rack_3,98,11,fanta_lychee_big,0.8174940943717957,29,366,52,475,40,420
frame_131,Rack_1,43,4,coke_small,0.8326147198677063,589,145,616,211,602,178
frame_131,Rack_1,35,4,coke_small,0.8643224239349365,560,146,589,213,574,179
frame_131,Rack_1,45,4,coke_small,0.8632104992866516,530,147,559,214,544,180
frame_131,Rack_1,50,4,coke_small,0.8777260780334473,500,147,529,215,514,181
frame_131,Rack_1,30,4,coke_small,0.9070900082588196,469,146,499,217,484,181
frame_131,Rack_1,24,17,sprite_small,0.6474322080612183,417,147,443,221,430,184
frame_131,Rack_1,34,17,sprite_small,0.6648842096328735,395,147,417,222,406,184
frame_131,Rack_1,36,17,sprite_small,0.5822207927703857,366,147,394,225,380,186
frame_131,Rack_1,31,8,dew_med,0.8970046639442444,333,145,361,232,347,188
frame_131,Rack_1,20,8,dew_med,0.8650795221328735,306,145,332,235,319,190
frame_131,Rack_1,13,8,dew_med,0.8900784850120544,277,145,304,239,290,192
frame_131,Rack_1,12,8,dew_med,0.8537889719009399,252,145,277,240,264,192
frame_131,Rack_1,18,8,dew_med,0.8382630944252014,227,146,251,241,239,193
frame_131,Rack_1,14,8,dew_med,0.8727161884307861,201,147,227,242,214,194
frame_131,Rack_1,49,0,7up_med,0.6977044343948364,173,149,201,243,187,196
frame_131,Rack_1,81,0,7up_med,0.8495209217071533,149,149,174,244,161,196
frame_131,Rack_1,69,0,7up_med,0.8334948420524597,126,150,151,244,138,197
frame_131,Rack_1,85,0,7up_med,0.8378324508666992,99,158,127,248,113,203
frame_131,Rack_1,91,0,7up_med,0.7113527655601501,78,162,101,249,89,205
frame_131,Rack_1,95,0,7up_med,0.7532378435134888,52,164,81,249,66,206
frame_131,Rack_1,102,0,7up_med,0.6317261457443237,24,164,53,246,38,205
frame_131,Rack_2,9,2,anw_med,0.6574103832244873,511,244,545,345,528,294
frame_131,Rack_2,23,2,anw_med,0.8541965484619141,476,257,509,345,492,301
frame_131,Rack_2,107,2,anw_med,0.8601197600364685,441,263,472,343,456,303
frame_131,Rack_2,28,2,anw_med,0.8747304081916809,410,258,440,344,425,301
frame_131,Rack_2,22,2,anw_med,0.8741582632064819,378,263,407,344,392,303
frame_131,Rack_2,41,15,pepsi_med,0.9180550575256348,339,263,364,342,351,302
frame_131,Rack_2,25,15,pepsi_med,0.9089787006378174,305,262,331,342,318,302
frame_131,Rack_2,10,15,pepsi_med,0.9163680076599121,274,262,299,342,286,302
frame_131,Rack_2,16,15,pepsi_med,0.9288409948348999,248,262,273,342,260,302
frame_131,Rack_2,15,15,pepsi_med,0.9059234857559204,219,263,246,342,232,302
frame_131,Rack_2,55,13,kick_med,0.9408318996429443,189,263,216,343,202,303
frame_131,Rack_2,54,13,kick_med,0.9108903408050537,162,263,187,343,174,303
frame_131,Rack_2,63,13,kick_med,0.8936085104942322,135,264,161,343,148,303
frame_131,Rack_2,74,13,kick_med,0.8521445393562317,111,264,134,343,122,303
frame_131,Rack_2,84,13,kick_med,0.8474375605583191,90,264,111,343,100,303
frame_131,Rack_2,90,13,kick_med,0.88060063123703,67,265,90,343,78,304
frame_131,Rack_2,105,13,kick_med,0.8280326128005981,43,266,65,343,54,304
frame_131,Rack_2,101,13,kick_med,0.899588406085968,20,268,48,344,34,306
frame_131,Rack_3,6,7,coke_z_big,0.9462470412254333,571,365,616,484,593,424
frame_131,Rack_3,27,5,coke_v_big,0.9006284475326538,529,366,569,484,549,425
frame_131,Rack_3,19,5,coke_v_big,0.9202173948287964,485,365,527,484,506,424
frame_131,Rack_3,17,5,coke_v_big,0.911308228969574,445,365,483,484,464,424
frame_131,Rack_3,7,5,coke_v_big,0.913447916507721,406,366,443,484,424,425
frame_131,Rack_3,2,5,coke_v_big,0.8994920253753662,367,367,404,485,385,426
frame_131,Rack_3,8,14,pepsi_big,0.9443808197975159,330,366,364,485,347,425
frame_131,Rack_3,11,14,pepsi_big,0.9448902606964111,294,365,328,485,311,425
frame_131,Rack_3,47,14,pepsi_big,0.9389019012451172,259,365,293,484,276,424
frame_131,Rack_3,38,10,fanta_grape_big,0.9235366582870483,219,366,256,484,237,425
frame_131,Rack_3,57,10,fanta_grape_big,0.895440936088562,189,365,217,483,203,424
frame_131,Rack_3,73,10,fanta_grape_big,0.8904904723167419,158,365,187,481,172,423
frame_131,Rack_3,67,12,fanta_straw_big,0.9000895023345947,119,365,158,477,138,421
frame_131,Rack_3,78,12,fanta_straw_big,0.8222998976707458,88,365,119,474,103,419
frame_131,Rack_3,89,11,fanta_lychee_big,0.9033892750740051,53,366,88,479,70,422
frame_131,Rack_3,98,11,fanta_lychee_big,0.7760806679725647,30,365,53,476,41,420
frame_132,Rack_1,43,4,coke_small,0.7181011438369751,591,145,618,211,604,178
frame_132,Rack_1,35,4,coke_small,0.8440677523612976,561,146,590,213,575,179
frame_132,Rack_1,45,4,coke_small,0.8652334809303284,532,147,560,214,546,180
frame_132,Rack_1,50,4,coke_small,0.8535529971122742,501,147,530,215,515,181
frame_132,Rack_1,30,4,coke_small,0.8850421905517578,470,146,500,217,485,181
frame_132,Rack_1,34,17,sprite_small,0.6006304025650024,396,147,418,222,407,184
frame_132,Rack_1,36,17,sprite_small,0.6290558576583862,368,147,395,224,381,185
frame_132,Rack_1,31,8,dew_med,0.8842179775238037,335,145,362,231,348,188
frame_132,Rack_1,20,8,dew_med,0.8916093111038208,307,145,333,234,320,189
frame_132,Rack_1,13,8,dew_med,0.8895689845085144,278,145,305,238,291,191
frame_132,Rack_1,12,8,dew_med,0.869019091129303,253,146,277,239,265,192
frame_132,Rack_1,18,8,dew_med,0.8353777527809143,228,146,252,241,240,193
frame_132,Rack_1,14,8,dew_med,0.8703041672706604,202,147,228,242,215,194
frame_132,Rack_1,49,0,7up_med,0.7797302603721619,173,148,202,243,187,195
frame_132,Rack_1,81,0,7up_med,0.8516975045204163,151,149,175,243,163,196
frame_132,Rack_1,69,0,7up_med,0.8241127133369446,127,151,152,245,139,198
frame_132,Rack_1,85,0,7up_med,0.8543027639389038,100,158,128,248,114,203
frame_132,Rack_1,91,0,7up_med,0.7427690029144287,79,162,102,249,90,205
frame_132,Rack_1,95,0,7up_med,0.7559610605239868,53,164,82,248,67,206
frame_132,Rack_1,102,0,7up_med,0.6271601319313049,25,164,54,244,39,204
frame_132,Rack_2,9,2,anw_med,0.7041088938713074,513,251,545,345,529,298
frame_132,Rack_2,23,2,anw_med,0.8384185433387756,476,249,512,345,494,297
frame_132,Rack_2,107,2,anw_med,0.837058961391449,442,263,473,343,457,303
frame_132,Rack_2,28,2,anw_med,0.8987217545509338,411,262,440,344,425,303
frame_132,Rack_2,22,2,anw_med,0.8728750944137573,380,264,408,344,394,304
frame_132,Rack_2,41,15,pepsi_med,0.9091008305549622,339,264,365,342,352,303
frame_132,Rack_2,25,15,pepsi_med,0.9004090428352356,306,261,332,342,319,301
frame_132,Rack_2,10,15,pepsi_med,0.9328240752220154,276,261,300,341,288,301
frame_132,Rack_2,16,15,pepsi_med,0.8954529762268066,249,263,274,342,261,302
frame_132,Rack_2,15,15,pepsi_med,0.9087461829185486,220,263,247,342,233,302
frame_132,Rack_2,55,13,kick_med,0.9371315836906433,190,263,217,343,203,303
frame_132,Rack_2,54,13,kick_med,0.9189821481704712,163,263,188,343,175,303
frame_132,Rack_2,63,13,kick_med,0.8939577341079712,136,264,161,343,148,303
frame_132,Rack_2,74,13,kick_med,0.8424291014671326,112,265,135,344,123,304
frame_132,Rack_2,84,13,kick_med,0.8413207530975342,91,265,112,343,101,304
frame_132,Rack_2,90,13,kick_med,0.8726577162742615,68,265,91,343,79,304
frame_132,Rack_2,105,13,kick_med,0.8958662152290344,47,266,69,343,58,304
frame_132,Rack_2,101,13,kick_med,0.9069092869758606,20,268,48,344,34,306
frame_132,Rack_3,6,7,coke_z_big,0.9384323358535767,572,365,618,485,595,425
frame_132,Rack_3,27,5,coke_v_big,0.8822704553604126,531,365,570,484,550,424
frame_132,Rack_3,19,5,coke_v_big,0.9302158355712891,486,365,529,484,507,424
frame_132,Rack_3,17,5,coke_v_big,0.9055299758911133,446,365,484,484,465,424
frame_132,Rack_3,7,5,coke_v_big,0.908004641532898,407,366,444,484,425,425
frame_132,Rack_3,2,5,coke_v_big,0.8893749713897705,368,366,406,485,387,425
frame_132,Rack_3,8,14,pepsi_big,0.945356011390686,330,366,365,485,347,425
frame_132,Rack_3,11,14,pepsi_big,0.9459522366523743,295,365,329,485,312,425
frame_132,Rack_3,47,14,pepsi_big,0.8787526488304138,260,365,294,484,277,424
frame_132,Rack_3,38,10,fanta_grape_big,0.9337460994720459,220,365,258,484,239,424
frame_132,Rack_3,57,10,fanta_grape_big,0.9033387899398804,190,365,219,484,204,424
frame_132,Rack_3,73,10,fanta_grape_big,0.8912893533706665,159,365,189,480,174,422
frame_132,Rack_3,67,12,fanta_straw_big,0.8920162320137024,120,364,159,476,139,420
frame_132,Rack_3,78,12,fanta_straw_big,0.8589696288108826,89,365,120,474,104,419
frame_132,Rack_3,89,11,fanta_lychee_big,0.9036218523979187,55,365,89,478,72,421
frame_132,Rack_3,98,11,fanta_lychee_big,0.8492633700370789,32,365,55,476,43,420
frame_133,Rack_1,43,4,coke_small,0.7953906059265137,593,146,620,211,606,178
frame_133,Rack_1,35,4,coke_small,0.8607173562049866,563,147,592,212,577,179
frame_133,Rack_1,45,4,coke_small,0.8483738899230957,533,147,561,213,547,180
frame_133,Rack_1,50,4,coke_small,0.8424707055091858,503,147,531,215,517,181
frame_133,Rack_1,30,4,coke_small,0.8868302702903748,472,146,501,217,486,181
frame_133,Rack_1,34,17,sprite_small,0.6046932935714722,397,147,420,221,408,184
frame_133,Rack_1,36,17,sprite_small,0.555144190788269,369,147,396,225,382,186
frame_133,Rack_1,31,8,dew_med,0.9011549353599548,336,145,364,233,350,189
frame_133,Rack_1,20,8,dew_med,0.8988291621208191,308,145,334,235,321,190
frame_133,Rack_1,13,8,dew_med,0.8776202201843262,280,145,306,238,293,191
frame_133,Rack_1,12,8,dew_med,0.8963046073913574,254,147,278,238,266,192
frame_133,Rack_1,18,8,dew_med,0.8798441886901855,229,146,253,240,241,193
frame_133,Rack_1,14,8,dew_med,0.8687273859977722,203,147,229,241,216,194
frame_133,Rack_1,49,0,7up_med,0.7806249260902405,174,148,202,242,188,195
frame_133,Rack_1,81,0,7up_med,0.8511807918548584,152,149,175,239,163,194
frame_133,Rack_1,69,0,7up_med,0.8441426157951355,128,150,152,242,140,196
frame_133,Rack_1,85,0,7up_med,0.8785553574562073,101,156,129,244,115,200
frame_133,Rack_1,91,0,7up_med,0.7692940831184387,81,162,103,245,92,203
frame_133,Rack_1,95,0,7up_med,0.8209081292152405,55,163,82,239,68,201
frame_133,Rack_1,102,0,7up_med,0.8653119206428528,28,164,54,236,41,200
frame_133,Rack_2,9,2,anw_med,0.6158252358436584,516,259,546,344,531,301
frame_133,Rack_2,23,2,anw_med,0.8778440356254578,478,251,513,346,495,298
frame_133,Rack_2,107,2,anw_med,0.7930699586868286,443,260,475,345,459,302
frame_133,Rack_2,28,2,anw_med,0.8956106305122375,413,263,441,344,427,303
frame_133,Rack_2,22,2,anw_med,0.8950077891349792,381,264,409,343,395,303
frame_133,Rack_2,41,15,pepsi_med,0.9079371094703674,341,263,366,342,353,302
frame_133,Rack_2,25,15,pepsi_med,0.8908259868621826,307,261,333,342,320,301
frame_133,Rack_2,10,15,pepsi_med,0.92674720287323,277,261,301,341,289,301
frame_133,Rack_2,16,15,pepsi_med,0.907378077507019,250,262,274,342,262,302
frame_133,Rack_2,15,15,pepsi_med,0.9124993085861206,221,263,248,342,234,302
frame_133,Rack_2,55,13,kick_med,0.9129286408424377,191,263,218,343,204,303
frame_133,Rack_2,54,13,kick_med,0.9233742952346802,164,264,189,343,176,303
frame_133,Rack_2,63,13,kick_med,0.8972693681716919,137,264,162,343,149,303
frame_133,Rack_2,74,13,kick_med,0.833662748336792,113,264,136,343,124,303
frame_133,Rack_2,84,13,kick_med,0.8285495042800903,92,265,113,343,102,304
frame_133,Rack_2,90,13,kick_med,0.8620027899742126,69,265,92,343,80,304
frame_133,Rack_2,105,13,kick_med,0.8973150253295898,49,266,71,343,60,304
frame_133,Rack_2,101,13,kick_med,0.9110366702079773,21,268,49,343,35,305
frame_133,Rack_3,3,7,coke_z_big,0.7710552215576172,614,364,640,484,627,424
frame_133,Rack_3,6,7,coke_z_big,0.9365558624267578,573,365,619,485,596,425
frame_133,Rack_3,27,5,coke_v_big,0.8743001818656921,532,365,572,484,552,424
frame_133,Rack_3,19,5,coke_v_big,0.9137297868728638,488,365,530,484,509,424
frame_133,Rack_3,17,5,coke_v_big,0.9109891057014465,447,365,486,484,466,424
frame_133,Rack_3,7,5,coke_v_big,0.9003705382347107,408,366,445,484,426,425
frame_133,Rack_3,2,5,coke_v_big,0.8873695731163025,369,366,407,485,388,425
frame_133,Rack_3,8,14,pepsi_big,0.9422317147254944,331,366,366,485,348,425
frame_133,Rack_3,11,14,pepsi_big,0.9426788687705994,296,365,330,485,313,425
frame_133,Rack_3,47,14,pepsi_big,0.7978664040565491,261,365,295,484,278,424
frame_133,Rack_3,38,10,fanta_grape_big,0.9382937550544739,221,365,259,484,240,424
frame_133,Rack_3,57,10,fanta_grape_big,0.918929934501648,191,365,220,484,205,424
frame_133,Rack_3,73,10,fanta_grape_big,0.9064528346061707,160,365,190,480,175,422
frame_133,Rack_3,67,12,fanta_straw_big,0.898395299911499,121,364,160,476,140,420
frame_133,Rack_3,78,12,fanta_straw_big,0.8347310423851013,90,364,121,474,105,419
frame_133,Rack_3,89,11,fanta_lychee_big,0.9135755896568298,57,365,91,477,74,421
frame_133,Rack_3,98,11,fanta_lychee_big,0.8867617249488831,33,365,57,476,45,420
frame_133,Rack_3,110,11,fanta_lychee_big,0.5814170837402344,3,365,32,474,17,419
frame_134,Rack_1,43,4,coke_small,0.836933434009552,594,146,621,210,607,178
frame_134,Rack_1,35,4,coke_small,0.8282710909843445,564,146,592,212,578,179
frame_134,Rack_1,45,4,coke_small,0.840751051902771,534,147,563,213,548,180
frame_134,Rack_1,50,4,coke_small,0.8498648405075073,504,146,533,215,518,180
frame_134,Rack_1,30,4,coke_small,0.8861095905303955,473,146,503,216,488,181
frame_134,Rack_1,34,17,sprite_small,0.6950070261955261,399,147,421,221,410,184
frame_134,Rack_1,36,17,sprite_small,0.6581920981407166,370,147,398,225,384,186
frame_134,Rack_1,31,8,dew_med,0.9240913987159729,337,145,365,232,351,188
frame_134,Rack_1,20,8,dew_med,0.905186116695404,309,145,336,235,322,190
frame_134,Rack_1,13,8,dew_med,0.880780041217804,281,145,307,237,294,191
frame_134,Rack_1,12,8,dew_med,0.892633855342865,255,146,280,237,267,191
frame_134,Rack_1,18,8,dew_med,0.8829067945480347,231,146,254,239,242,192
frame_134,Rack_1,14,8,dew_med,0.8817863464355469,205,147,230,240,217,193
frame_134,Rack_1,49,0,7up_med,0.8098554015159607,176,148,203,240,189,194
frame_134,Rack_1,81,0,7up_med,0.8671085834503174,153,148,176,237,164,192
frame_134,Rack_1,69,0,7up_med,0.8984319567680359,129,150,153,240,141,195
frame_134,Rack_1,85,0,7up_med,0.8736274242401123,103,156,129,242,116,199
frame_134,Rack_1,91,0,7up_med,0.7184680700302124,82,162,103,242,92,202
frame_134,Rack_1,95,0,7up_med,0.7570450901985168,57,163,82,235,69,199
frame_134,Rack_1,102,0,7up_med,0.744028627872467,29,164,55,234,42,199
frame_134,Rack_2,9,2,anw_med,0.608153223991394,514,238,550,344,532,291
frame_134,Rack_2,23,2,anw_med,0.8731867074966431,476,234,517,345,496,289
frame_134,Rack_2,1,2,anw_med,0.7153130769729614,441,232,480,345,460,288
frame_134,Rack_2,28,2,anw_med,0.8509628772735596,414,265,442,343,428,304
frame_134,Rack_2,22,2,anw_med,0.8395808339118958,382,265,410,343,396,304
frame_134,Rack_2,41,15,pepsi_med,0.8968797922134399,342,264,367,341,354,302
frame_134,Rack_2,25,15,pepsi_med,0.8825510740280151,308,262,334,341,321,301
frame_134,Rack_2,10,15,pepsi_med,0.9091978073120117,278,262,302,340,290,301
frame_134,Rack_2,16,15,pepsi_med,0.9068898558616638,251,263,275,341,263,302
frame_134,Rack_2,15,15,pepsi_med,0.8938417434692383,222,263,249,342,235,302
frame_134,Rack_2,55,13,kick_med,0.9255673885345459,192,264,218,342,205,303
frame_134,Rack_2,54,13,kick_med,0.9010933637619019,165,264,190,343,177,303
frame_134,Rack_2,63,13,kick_med,0.8856949210166931,138,264,164,343,151,303
frame_134,Rack_2,74,13,kick_med,0.8372969031333923,114,265,137,343,125,304
frame_134,Rack_2,84,13,kick_med,0.8171181678771973,93,265,114,342,103,303
frame_134,Rack_2,90,13,kick_med,0.8348609805107117,70,265,93,343,81,304
frame_134,Rack_2,105,13,kick_med,0.8627158403396606,51,266,72,342,61,304
frame_134,Rack_2,101,13,kick_med,0.8860551714897156,21,268,50,343,35,305
frame_134,Rack_3,3,7,coke_z_big,0.7934151887893677,616,364,640,484,628,424
frame_134,Rack_3,6,7,coke_z_big,0.9347294569015503,574,364,621,484,597,424
frame_134,Rack_3,27,5,coke_v_big,0.860357403755188,533,365,573,484,553,424
frame_134,Rack_3,19,5,coke_v_big,0.8927810192108154,489,365,531,484,510,424
frame_134,Rack_3,17,5,coke_v_big,0.9119918942451477,448,365,487,484,467,424
frame_134,Rack_3,7,5,coke_v_big,0.9122578501701355,408,365,446,484,427,424
frame_134,Rack_3,2,5,coke_v_big,0.886897087097168,370,366,408,485,389,425
frame_134,Rack_3,8,14,pepsi_big,0.9397527575492859,333,365,367,485,350,425
frame_134,Rack_3,11,14,pepsi_big,0.9407728314399719,297,365,331,484,314,424
frame_134,Rack_3,47,14,pepsi_big,0.8610401749610901,262,364,296,484,279,424
frame_134,Rack_3,38,10,fanta_grape_big,0.9385623931884766,223,365,260,484,241,424
frame_134,Rack_3,57,10,fanta_grape_big,0.9386335015296936,192,364,221,484,206,424
frame_134,Rack_3,73,10,fanta_grape_big,0.9086223840713501,161,365,191,479,176,422
frame_134,Rack_3,67,12,fanta_straw_big,0.8998680710792542,122,364,161,475,141,419
frame_134,Rack_3,78,12,fanta_straw_big,0.8076229095458984,91,364,122,473,106,418
frame_134,Rack_3,89,11,fanta_lychee_big,0.914104163646698,58,365,92,477,75,421
frame_134,Rack_3,98,11,fanta_lychee_big,0.8775764107704163,34,365,58,475,46,420
frame_135,Rack_1,43,4,coke_small,0.8477107286453247,595,146,621,210,608,178
frame_135,Rack_1,35,4,coke_small,0.8165885806083679,565,146,593,211,579,178
frame_135,Rack_1,45,4,coke_small,0.8180510401725769,535,147,563,212,549,179
frame_135,Rack_1,50,4,coke_small,0.8564789891242981,505,146,534,214,519,180
frame_135,Rack_1,30,4,coke_small,0.9043339490890503,475,146,504,215,489,180
frame_135,Rack_1,24,17,sprite_small,0.5213599801063538,422,146,448,220,435,183
frame_135,Rack_1,34,17,sprite_small,0.6578261256217957,400,146,422,220,411,183
frame_135,Rack_1,36,17,sprite_small,0.6867905259132385,371,147,399,225,385,186
frame_135,Rack_1,31,8,dew_med,0.9193416237831116,338,145,366,232,352,188
frame_135,Rack_1,20,8,dew_med,0.8993719816207886,310,145,336,234,323,189
frame_135,Rack_1,13,8,dew_med,0.8669847249984741,282,145,308,237,295,191
frame_135,Rack_1,12,8,dew_med,0.882193922996521,256,145,281,237,268,191
frame_135,Rack_1,18,8,dew_med,0.866943359375,232,145,255,238,243,191
frame_135,Rack_1,14,8,dew_med,0.8794034123420715,205,147,231,239,218,193
frame_135,Rack_1,49,0,7up_med,0.7138206362724304,177,148,204,240,190,194
frame_135,Rack_1,112,8,dew_med,0.7098815441131592,176,148,204,239,190,193
frame_135,Rack_1,81,0,7up_med,0.8489763736724854,154,148,177,235,165,191
frame_135,Rack_1,69,0,7up_med,0.8953012824058533,130,150,154,238,142,194
frame_135,Rack_1,85,0,7up_med,0.8818680047988892,104,155,130,240,117,197
frame_135,Rack_1,91,0,7up_med,0.7504906058311462,83,161,104,242,93,201
frame_135,Rack_1,95,0,7up_med,0.7966232299804688,57,162,83,234,70,198
frame_135,Rack_1,102,0,7up_med,0.8546568155288696,29,164,56,234,42,199
frame_135,Rack_2,48,6,coke_v_med,0.5238133072853088,584,229,619,342,601,285
frame_135,Rack_2,9,2,anw_med,0.6711515784263611,517,253,549,343,533,298
frame_135,Rack_2,23,2,anw_med,0.847013533115387,480,253,514,344,497,298
frame_135,Rack_2,107,2,anw_med,0.7794022560119629,446,265,477,344,461,304
frame_135,Rack_2,28,2,anw_med,0.8519470691680908,415,265,443,343,429,304
frame_135,Rack_2,22,2,anw_med,0.8479527235031128,383,265,411,342,397,303
frame_135,Rack_2,41,15,pepsi_med,0.8759322762489319,342,264,367,340,354,302
frame_135,Rack_2,25,15,pepsi_med,0.8792701959609985,309,264,335,340,322,302
frame_135,Rack_2,10,15,pepsi_med,0.9035558700561523,279,263,303,341,291,302
frame_135,Rack_2,16,15,pepsi_med,0.8930026292800903,252,263,276,340,264,301
frame_135,Rack_2,15,15,pepsi_med,0.8881317973136902,223,264,250,341,236,302
frame_135,Rack_2,55,13,kick_med,0.9171387553215027,192,265,219,342,205,303
frame_135,Rack_2,54,13,kick_med,0.8940003514289856,166,265,191,342,178,303
frame_135,Rack_2,63,13,kick_med,0.8699160218238831,139,265,164,342,151,303
frame_135,Rack_2,74,13,kick_med,0.8604245781898499,116,265,138,342,127,303
frame_135,Rack_2,84,13,kick_med,0.839756429195404,95,265,115,342,105,303
frame_135,Rack_2,90,13,kick_med,0.84182208776474,71,266,94,342,82,304
frame_135,Rack_2,105,13,kick_med,0.8160913586616516,52,267,73,342,62,304
frame_135,Rack_2,101,13,kick_med,0.9050878882408142,22,268,51,342,36,305
frame_135,Rack_3,3,7,coke_z_big,0.8043245673179626,617,364,640,485,628,424
frame_135,Rack_3,6,7,coke_z_big,0.9280179142951965,575,364,622,485,598,424
frame_135,Rack_3,27,5,coke_v_big,0.8525902032852173,534,365,574,485,554,425
frame_135,Rack_3,19,5,coke_v_big,0.8948756456375122,489,364,532,485,510,424
frame_135,Rack_3,17,5,coke_v_big,0.9206855297088623,448,364,488,485,468,424
frame_135,Rack_3,7,5,coke_v_big,0.9258273839950562,409,365,447,484,428,424
frame_135,Rack_3,2,5,coke_v_big,0.890656590461731,370,366,409,486,389,426
frame_135,Rack_3,8,14,pepsi_big,0.9345886707305908,334,365,368,486,351,425
frame_135,Rack_3,11,14,pepsi_big,0.9418284296989441,298,364,332,485,315,424
frame_135,Rack_3,47,14,pepsi_big,0.8251811861991882,263,364,297,485,280,424
frame_135,Rack_3,38,10,fanta_grape_big,0.9297283887863159,223,364,261,485,242,424
frame_135,Rack_3,57,10,fanta_grape_big,0.9384809136390686,193,364,222,484,207,424
frame_135,Rack_3,73,10,fanta_grape_big,0.9052659273147583,162,364,192,478,177,421
frame_135,Rack_3,67,12,fanta_straw_big,0.9065388441085815,123,363,161,474,142,418
frame_135,Rack_3,78,12,fanta_straw_big,0.8143296837806702,92,364,124,473,108,418
frame_135,Rack_3,89,11,fanta_lychee_big,0.9114227294921875,59,364,93,476,76,420
frame_135,Rack_3,98,11,fanta_lychee_big,0.8898928761482239,36,365,59,474,47,419
frame_135,Rack_3,110,11,fanta_lychee_big,0.5209032893180847,4,365,33,472,18,418
frame_136,Rack_1,43,4,coke_small,0.8320773839950562,597,146,623,210,610,178
frame_136,Rack_1,35,4,coke_small,0.8069993853569031,566,146,594,210,580,178
frame_136,Rack_1,45,4,coke_small,0.7914706468582153,536,146,564,212,550,179
frame_136,Rack_1,50,4,coke_small,0.850088357925415,506,146,534,214,520,180
frame_136,Rack_1,30,4,coke_small,0.9057350158691406,476,146,505,215,490,180
frame_136,Rack_1,34,17,sprite_small,0.586351215839386,400,146,422,220,411,183
frame_136,Rack_1,36,17,sprite_small,0.6221542954444885,372,147,400,224,386,185
frame_136,Rack_1,31,8,dew_med,0.9073129296302795,339,145,366,231,352,188
frame_136,Rack_1,20,8,dew_med,0.9013811349868774,311,145,337,233,324,189
frame_136,Rack_1,13,8,dew_med,0.8745631575584412,282,145,308,235,295,190
frame_136,Rack_1,12,8,dew_med,0.8831087946891785,257,145,281,237,269,191
frame_136,Rack_1,18,8,dew_med,0.8556091785430908,232,145,256,238,244,191
frame_136,Rack_1,14,8,dew_med,0.8833169937133789,206,147,231,240,218,193
frame_136,Rack_1,49,0,7up_med,0.6667197346687317,177,148,205,241,191,194
frame_136,Rack_1,112,8,dew_med,0.6233285069465637,176,147,205,241,190,194
frame_136,Rack_1,81,0,7up_med,0.8290358781814575,155,148,178,238,166,193
frame_136,Rack_1,69,0,7up_med,0.8909669518470764,131,150,155,242,143,196
frame_136,Rack_1,85,0,7up_med,0.8790501952171326,104,155,131,244,117,199
frame_136,Rack_1,91,0,7up_med,0.738490104675293,83,160,106,246,94,203
frame_136,Rack_1,95,0,7up_med,0.8119838237762451,57,162,85,243,71,202
frame_136,Rack_1,102,0,7up_med,0.762336790561676,28,163,58,242,43,202
frame_136,Rack_2,48,6,coke_v_med,0.6297492980957031,584,227,619,341,601,284
frame_136,Rack_2,9,2,anw_med,0.836580753326416,515,234,553,342,534,288
frame_136,Rack_2,23,2,anw_med,0.8544838428497314,479,237,518,344,498,290
frame_136,Rack_2,1,2,anw_med,0.7427598834037781,444,230,482,344,463,287
frame_136,Rack_2,107,2,anw_med,0.7859091758728027,446,263,477,343,461,303
frame_136,Rack_2,28,2,anw_med,0.847562313079834,416,265,444,343,430,304
frame_136,Rack_2,22,2,anw_med,0.8434469699859619,384,265,412,342,398,303
frame_136,Rack_2,41,15,pepsi_med,0.8865486979484558,343,264,368,340,355,302
frame_136,Rack_2,25,15,pepsi_med,0.9044138789176941,310,263,336,340,323,301
frame_136,Rack_2,10,15,pepsi_med,0.9009580612182617,280,263,304,340,292,301
frame_136,Rack_2,16,15,pepsi_med,0.9115117788314819,253,263,277,340,265,301
frame_136,Rack_2,15,15,pepsi_med,0.899793267250061,224,264,250,340,237,302
frame_136,Rack_2,55,13,kick_med,0.8946257829666138,193,265,220,341,206,303
frame_136,Rack_2,54,13,kick_med,0.8942772150039673,167,265,192,342,179,303
frame_136,Rack_2,63,13,kick_med,0.8818483352661133,141,265,165,341,153,303
frame_136,Rack_2,74,13,kick_med,0.8952988982200623,117,265,139,342,128,303
frame_136,Rack_2,84,13,kick_med,0.8667290806770325,95,265,116,342,105,303
frame_136,Rack_2,90,13,kick_med,0.8548745512962341,72,265,95,342,83,303
frame_136,Rack_2,105,13,kick_med,0.7380609512329102,53,266,73,341,63,303
frame_136,Rack_2,101,13,kick_med,0.9171696901321411,23,266,52,342,37,304
frame_136,Rack_3,3,7,coke_z_big,0.7837915420532227,618,363,640,485,629,424
frame_136,Rack_3,6,7,coke_z_big,0.9277838468551636,576,363,623,485,599,424
frame_136,Rack_3,27,5,coke_v_big,0.8580182790756226,534,364,575,486,554,425
frame_136,Rack_3,19,5,coke_v_big,0.8895946741104126,490,364,533,485,511,424
frame_136,Rack_3,17,5,coke_v_big,0.9136316776275635,449,364,488,485,468,424
frame_136,Rack_3,7,5,coke_v_big,0.9312598705291748,410,364,448,484,429,424
frame_136,Rack_3,2,5,coke_v_big,0.8909323215484619,371,365,410,485,390,425
frame_136,Rack_3,8,14,pepsi_big,0.9347471594810486,334,365,369,485,351,425
frame_136,Rack_3,11,14,pepsi_big,0.9397954940795898,298,364,333,485,315,424
frame_136,Rack_3,47,14,pepsi_big,0.9167968034744263,263,364,298,486,280,425
frame_136,Rack_3,38,10,fanta_grape_big,0.9372783303260803,224,364,262,486,243,425
frame_136,Rack_3,57,10,fanta_grape_big,0.9423341751098633,194,364,223,484,208,424
frame_136,Rack_3,73,10,fanta_grape_big,0.8821631073951721,163,364,192,478,177,421
frame_136,Rack_3,67,12,fanta_straw_big,0.9034785628318787,124,363,162,473,143,418
frame_136,Rack_3,78,12,fanta_straw_big,0.8191152215003967,93,363,124,472,108,417
frame_136,Rack_3,89,11,fanta_lychee_big,0.9145758748054504,59,364,93,475,76,419
frame_136,Rack_3,98,11,fanta_lychee_big,0.9094297289848328,37,364,59,473,48,418
frame_136,Rack_3,110,11,fanta_lychee_big,0.6040454506874084,5,364,33,472,19,418
frame_137,Rack_1,43,4,coke_small,0.7946495413780212,598,145,625,209,611,177
frame_137,Rack_1,35,4,coke_small,0.8350923657417297,566,146,594,210,580,178
frame_137,Rack_1,45,4,coke_small,0.8134920597076416,536,146,565,212,550,179
frame_137,Rack_1,50,4,coke_small,0.866058886051178,507,146,535,214,521,180
frame_137,Rack_1,30,4,coke_small,0.9024393558502197,477,146,505,215,491,180
frame_137,Rack_1,34,17,sprite_small,0.6054614782333374,401,147,423,220,412,183
frame_137,Rack_1,36,17,sprite_small,0.6580040454864502,373,147,400,223,386,185
frame_137,Rack_1,31,8,dew_med,0.8950238227844238,339,145,367,230,353,187
frame_137,Rack_1,20,8,dew_med,0.8823335766792297,312,145,338,234,325,189
frame_137,Rack_1,13,8,dew_med,0.8895396590232849,283,146,309,236,296,191
frame_137,Rack_1,12,8,dew_med,0.872891366481781,257,145,282,238,269,191
frame_137,Rack_1,18,8,dew_med,0.8508078455924988,233,146,256,238,244,192
frame_137,Rack_1,14,8,dew_med,0.8766029477119446,207,147,232,241,219,194
frame_137,Rack_1,49,0,7up_med,0.645989716053009,178,148,206,242,192,195
frame_137,Rack_1,112,8,dew_med,0.6307660341262817,177,147,206,242,191,194
frame_137,Rack_1,81,0,7up_med,0.8591948747634888,155,147,179,241,167,194
frame_137,Rack_1,69,0,7up_med,0.883171558380127,131,150,156,244,143,197
frame_137,Rack_1,85,0,7up_med,0.812447190284729,105,155,132,245,118,200
frame_137,Rack_1,91,0,7up_med,0.5406150221824646,84,160,106,247,95,203
frame_137,Rack_1,95,0,7up_med,0.7147794961929321,57,161,86,246,71,203
frame_137,Rack_1,102,0,7up_med,0.5582599639892578,28,163,60,246,44,204
frame_137,Rack_2,56,3,coke_med,0.5515807867050171,614,225,640,341,627,283
frame_137,Rack_2,48,6,coke_v_med,0.5782721042633057,585,226,620,341,602,283
frame_137,Rack_2,9,2,anw_med,0.8389669060707092,517,236,553,342,535,289
frame_137,Rack_2,23,2,anw_med,0.8638249039649963,479,233,519,344,499,288
frame_137,Rack_2,113,2,anw_med,0.6514337062835693,480,262,515,342,497,302
frame_137,Rack_2,1,2,anw_med,0.589259684085846,445,232,482,344,463,288
frame_137,Rack_2,107,2,anw_med,0.8323372602462769,447,263,478,342,462,302
frame_137,Rack_2,28,2,anw_med,0.8463190793991089,416,265,445,343,430,304
frame_137,Rack_2,22,2,anw_med,0.8462679386138916,384,264,412,342,398,303
frame_137,Rack_2,41,15,pepsi_med,0.8968430757522583,344,263,369,339,356,301
frame_137,Rack_2,25,15,pepsi_med,0.8823668956756592,311,263,336,339,323,301
frame_137,Rack_2,10,15,pepsi_med,0.9040790796279907,280,262,304,339,292,300
frame_137,Rack_2,16,15,pepsi_med,0.8988834619522095,253,263,278,340,265,301
frame_137,Rack_2,15,15,pepsi_med,0.9050187468528748,225,264,251,340,238,302
frame_137,Rack_2,55,13,kick_med,0.8868966102600098,194,264,220,341,207,302
frame_137,Rack_2,54,13,kick_med,0.9056180715560913,167,264,192,341,179,302
frame_137,Rack_2,63,13,kick_med,0.8874592185020447,141,264,166,341,153,302
frame_137,Rack_2,74,13,kick_med,0.8966213464736938,117,264,140,342,128,303
frame_137,Rack_2,84,13,kick_med,0.8448367714881897,96,264,116,341,106,302
frame_137,Rack_2,90,13,kick_med,0.857948362827301,73,265,96,341,84,303
frame_137,Rack_2,105,13,kick_med,0.7472161054611206,53,266,74,341,63,303
frame_137,Rack_2,101,13,kick_med,0.8832898139953613,24,266,53,342,38,304
frame_137,Rack_3,3,7,coke_z_big,0.7525808811187744,618,362,640,486,629,424
frame_137,Rack_3,6,7,coke_z_big,0.9198077321052551,576,362,624,486,600,424
frame_137,Rack_3,27,5,coke_v_big,0.8565854430198669,534,362,576,487,555,424
frame_137,Rack_3,19,5,coke_v_big,0.8878152966499329,490,363,534,487,512,425
frame_137,Rack_3,17,5,coke_v_big,0.9094197750091553,449,362,489,485,469,423
frame_137,Rack_3,7,5,coke_v_big,0.9262756705284119,410,363,449,485,429,424
frame_137,Rack_3,2,5,coke_v_big,0.8781246542930603,372,364,411,487,391,425
frame_137,Rack_3,8,14,pepsi_big,0.9402258992195129,334,362,371,487,352,424
frame_137,Rack_3,11,14,pepsi_big,0.924479603767395,298,362,334,487,316,424
frame_137,Rack_3,47,14,pepsi_big,0.9223907589912415,263,362,298,487,280,424
frame_137,Rack_3,38,10,fanta_grape_big,0.9466285109519958,224,362,263,487,243,424
frame_137,Rack_3,57,10,fanta_grape_big,0.9435064196586609,194,362,224,485,209,423
frame_137,Rack_3,73,10,fanta_grape_big,0.8596583604812622,164,362,193,478,178,420
frame_137,Rack_3,67,12,fanta_straw_big,0.9022538661956787,125,362,163,473,144,417
frame_137,Rack_3,78,12,fanta_straw_big,0.8508884310722351,94,361,125,471,109,416
frame_137,Rack_3,89,11,fanta_lychee_big,0.9160376191139221,60,362,94,474,77,418
frame_137,Rack_3,98,11,fanta_lychee_big,0.8860430121421814,37,363,60,472,48,417
frame_137,Rack_3,110,11,fanta_lychee_big,0.5744418501853943,5,362,34,471,19,416
frame_138,Rack_1,43,4,coke_small,0.8408217430114746,598,146,625,209,611,177
frame_138,Rack_1,35,4,coke_small,0.8491097092628479,566,146,595,211,580,178
frame_138,Rack_1,45,4,coke_small,0.8238799571990967,537,146,566,212,551,179
frame_138,Rack_1,50,4,coke_small,0.8710840344429016,507,146,535,213,521,179
frame_138,Rack_1,30,4,coke_small,0.8806646466255188,477,146,506,215,491,180
frame_138,Rack_1,34,17,sprite_small,0.6275641322135925,401,147,423,220,412,183
frame_138,Rack_1,36,17,sprite_small,0.5691872239112854,373,147,401,223,387,185
frame_138,Rack_1,31,8,dew_med,0.8985929489135742,340,146,367,230,353,188
frame_138,Rack_1,20,8,dew_med,0.8859294056892395,312,145,338,234,325,189
frame_138,Rack_1,13,8,dew_med,0.8820488452911377,284,147,309,236,296,191
frame_138,Rack_1,12,8,dew_med,0.8583148717880249,258,145,283,238,270,191
frame_138,Rack_1,18,8,dew_med,0.8510261178016663,234,147,257,238,245,192
frame_138,Rack_1,14,8,dew_med,0.8787614703178406,207,147,233,241,220,194
frame_138,Rack_1,49,0,7up_med,0.6891297101974487,178,148,207,242,192,195
frame_138,Rack_1,112,8,dew_med,0.5252035856246948,177,147,207,242,192,194
frame_138,Rack_1,81,0,7up_med,0.8622538447380066,155,147,180,242,167,194
frame_138,Rack_1,69,0,7up_med,0.8821872472763062,131,150,157,244,144,197
frame_138,Rack_1,85,0,7up_med,0.8060699701309204,105,154,133,246,119,200
frame_138,Rack_1,95,0,7up_med,0.7445364594459534,57,161,86,247,71,204
frame_138,Rack_1,102,0,7up_med,0.5928468704223633,29,163,60,247,44,205
frame_138,Rack_2,9,2,anw_med,0.8709226846694946,517,235,554,341,535,288
frame_138,Rack_2,23,2,anw_med,0.8581914901733398,481,239,518,343,499,291
frame_138,Rack_2,107,2,anw_med,0.8378911018371582,447,261,479,343,463,302
frame_138,Rack_2,28,2,anw_med,0.862288236618042,417,264,445,342,431,303
frame_138,Rack_2,22,2,anw_med,0.8330960869789124,384,264,413,341,398,302
frame_138,Rack_2,41,15,pepsi_med,0.9015793204307556,344,263,369,339,356,301
frame_138,Rack_2,25,15,pepsi_med,0.8968107104301453,311,262,337,339,324,300
frame_138,Rack_2,10,15,pepsi_med,0.909603476524353,281,262,305,339,293,300
frame_138,Rack_2,16,15,pepsi_med,0.9026187062263489,254,262,278,340,266,301
frame_138,Rack_2,15,15,pepsi_med,0.9047126770019531,225,263,251,340,238,301
frame_138,Rack_2,55,13,kick_med,0.8883450627326965,194,263,221,340,207,301
frame_138,Rack_2,54,13,kick_med,0.8977510333061218,168,264,193,341,180,302
frame_138,Rack_2,63,13,kick_med,0.8783559203147888,141,264,167,341,154,302
frame_138,Rack_2,74,13,kick_med,0.8918970227241516,117,264,140,341,128,302
frame_138,Rack_2,84,13,kick_med,0.8252027034759521,96,264,117,341,106,302
frame_138,Rack_2,90,13,kick_med,0.8717862367630005,73,264,96,341,84,302
frame_138,Rack_2,105,13,kick_med,0.7688511610031128,54,265,75,340,64,302
frame_138,Rack_2,101,13,kick_med,0.8783738613128662,25,266,53,341,39,303
frame_138,Rack_3,3,7,coke_z_big,0.7502105236053467,619,362,640,487,629,424
frame_138,Rack_3,6,7,coke_z_big,0.9139482378959656,576,361,624,487,600,424
frame_138,Rack_3,27,5,coke_v_big,0.8517640233039856,535,361,577,488,556,424
frame_138,Rack_3,19,5,coke_v_big,0.8935183882713318,490,362,535,487,512,424
frame_138,Rack_3,17,5,coke_v_big,0.9147589802742004,449,362,489,485,469,423
frame_138,Rack_3,7,5,coke_v_big,0.9297845959663391,410,362,449,486,429,424
frame_138,Rack_3,2,5,coke_v_big,0.8766752481460571,372,364,411,487,391,425
frame_138,Rack_3,8,14,pepsi_big,0.9432011246681213,335,362,371,488,353,425
frame_138,Rack_3,11,14,pepsi_big,0.9269804954528809,299,361,334,488,316,424
frame_138,Rack_3,47,14,pepsi_big,0.9217129349708557,263,361,299,488,281,424
frame_138,Rack_3,38,10,fanta_grape_big,0.9501633048057556,224,361,263,488,243,424
frame_138,Rack_3,57,10,fanta_grape_big,0.9465805292129517,194,361,224,486,209,423
frame_138,Rack_3,73,10,fanta_grape_big,0.8486219048500061,164,361,194,478,179,419
frame_138,Rack_3,67,12,fanta_straw_big,0.9046125411987305,125,361,164,473,144,417
frame_138,Rack_3,78,12,fanta_straw_big,0.8573260307312012,94,360,126,471,110,415
frame_138,Rack_3,89,11,fanta_lychee_big,0.9143732190132141,60,361,94,473,77,417
frame_138,Rack_3,98,11,fanta_lychee_big,0.8854381442070007,38,362,61,471,49,416
frame_138,Rack_3,110,11,fanta_lychee_big,0.5904227495193481,5,361,34,471,19,416
frame_139,Rack_1,43,4,coke_small,0.7732389569282532,598,146,625,209,611,177
frame_139,Rack_1,35,4,coke_small,0.8435841798782349,567,146,595,211,581,178
frame_139,Rack_1,45,4,coke_small,0.8335548043251038,538,146,566,212,552,179
frame_139,Rack_1,50,4,coke_small,0.8747618198394775,507,146,536,213,521,179
frame_139,Rack_1,30,4,coke_small,0.8775143623352051,477,146,506,215,491,180
frame_139,Rack_1,34,17,sprite_small,0.620739221572876,401,147,423,219,412,183
frame_139,Rack_1,36,17,sprite_small,0.6057425737380981,373,147,401,223,387,185
frame_139,Rack_1,31,8,dew_med,0.9024034738540649,340,146,367,231,353,188
frame_139,Rack_1,20,8,dew_med,0.8903234601020813,312,145,338,234,325,189
frame_139,Rack_1,13,8,dew_med,0.8855013847351074,284,147,309,235,296,191
frame_139,Rack_1,12,8,dew_med,0.8606295585632324,258,145,283,238,270,191
frame_139,Rack_1,18,8,dew_med,0.8596881031990051,234,147,257,239,245,193
frame_139,Rack_1,14,8,dew_med,0.8832909464836121,208,147,233,241,220,194
frame_139,Rack_1,49,0,7up_med,0.6580673456192017,179,148,207,242,193,195
frame_139,Rack_1,112,8,dew_med,0.5233006477355957,178,147,207,242,192,194
frame_139,Rack_1,81,0,7up_med,0.8607362508773804,156,147,180,242,168,194
frame_139,Rack_1,69,0,7up_med,0.8782137036323547,132,150,157,244,144,197
frame_139,Rack_1,85,0,7up_med,0.8263552188873291,105,153,133,246,119,199
frame_139,Rack_1,95,0,7up_med,0.7774231433868408,57,161,86,248,71,204
frame_139,Rack_1,102,0,7up_med,0.618564248085022,29,163,60,248,44,205
frame_139,Rack_2,9,2,anw_med,0.8523458242416382,517,231,554,341,535,286
frame_139,Rack_2,23,2,anw_med,0.8807268738746643,480,233,519,343,499,288
frame_139,Rack_2,113,2,anw_med,0.5199143290519714,481,262,516,342,498,302
frame_139,Rack_2,107,2,anw_med,0.8258024454116821,446,249,482,343,464,296
frame_139,Rack_2,28,2,anw_med,0.8683252334594727,417,264,445,342,431,303
frame_139,Rack_2,22,2,anw_med,0.8381407260894775,384,264,413,341,398,302
frame_139,Rack_2,41,15,pepsi_med,0.9027329683303833,345,263,370,339,357,301
frame_139,Rack_2,25,15,pepsi_med,0.9035621881484985,311,262,337,339,324,300
frame_139,Rack_2,10,15,pepsi_med,0.9081096053123474,281,262,305,339,293,300
frame_139,Rack_2,16,15,pepsi_med,0.9105388522148132,254,262,278,340,266,301
frame_139,Rack_2,15,15,pepsi_med,0.9039598107337952,225,263,252,340,238,301
frame_139,Rack_2,55,13,kick_med,0.8829843401908875,194,263,221,340,207,301
frame_139,Rack_2,54,13,kick_med,0.8945823907852173,168,263,193,341,180,302
frame_139,Rack_2,63,13,kick_med,0.8749986886978149,142,264,167,341,154,302
frame_139,Rack_2,74,13,kick_med,0.8902611136436462,117,264,141,341,129,302
frame_139,Rack_2,84,13,kick_med,0.8340133428573608,96,264,117,341,106,302
frame_139,Rack_2,90,13,kick_med,0.8770017623901367,73,264,96,341,84,302
frame_139,Rack_2,105,13,kick_med,0.7750341892242432,54,265,75,340,64,302
frame_139,Rack_2,101,13,kick_med,0.8780914545059204,25,266,54,340,39,303
frame_139,Rack_3,3,7,coke_z_big,0.6508439779281616,620,362,640,487,630,424
frame_139,Rack_3,6,7,coke_z_big,0.9102373123168945,576,361,625,488,600,424
frame_139,Rack_3,27,5,coke_v_big,0.8559154868125916,535,361,577,488,556,424
frame_139,Rack_3,19,5,coke_v_big,0.8894854187965393,490,362,535,488,512,425
frame_139,Rack_3,17,5,coke_v_big,0.9142685532569885,450,362,490,485,470,423
frame_139,Rack_3,7,5,coke_v_big,0.9269480109214783,411,362,450,486,430,424
frame_139,Rack_3,2,5,coke_v_big,0.8790427446365356,372,364,411,488,391,426
frame_139,Rack_3,8,14,pepsi_big,0.9417178630828857,335,362,372,488,353,425
frame_139,Rack_3,11,14,pepsi_big,0.9277312159538269,299,361,335,488,317,424
frame_139,Rack_3,47,14,pepsi_big,0.9201112389564514,263,361,299,489,281,425
frame_139,Rack_3,38,10,fanta_grape_big,0.951396107673645,225,361,263,488,244,424
frame_139,Rack_3,57,10,fanta_grape_big,0.9449546337127686,194,361,225,486,209,423
frame_139,Rack_3,73,10,fanta_grape_big,0.8335120677947998,164,361,194,478,179,419
frame_139,Rack_3,67,12,fanta_straw_big,0.902534544467926,126,361,164,473,145,417
frame_139,Rack_3,78,12,fanta_straw_big,0.8573692440986633,94,360,126,471,110,415
frame_139,Rack_3,89,11,fanta_lychee_big,0.9156789183616638,60,361,94,473,77,417
frame_139,Rack_3,98,11,fanta_lychee_big,0.8754468560218811,38,362,61,471,49,416
frame_139,Rack_3,110,11,fanta_lychee_big,0.5531682372093201,5,361,34,471,19,416
frame_140,Rack_1,43,4,coke_small,0.7340340614318848,599,145,626,208,612,176
frame_140,Rack_1,35,4,coke_small,0.8619061708450317,568,146,596,211,582,178
frame_140,Rack_1,45,4,coke_small,0.8367023468017578,538,146,566,212,552,179
frame_140,Rack_1,50,4,coke_small,0.8850402235984802,508,146,536,213,522,179
frame_140,Rack_1,30,4,coke_small,0.8701301217079163,478,146,506,215,492,180
frame_140,Rack_1,34,17,sprite_small,0.546764612197876,401,147,423,219,412,183
frame_140,Rack_1,36,17,sprite_small,0.5438194870948792,373,147,401,223,387,185
frame_140,Rack_1,31,8,dew_med,0.9027100205421448,340,146,367,231,353,188
frame_140,Rack_1,20,8,dew_med,0.8919488787651062,312,145,338,234,325,189
frame_140,Rack_1,13,8,dew_med,0.8905370831489563,284,147,309,235,296,191
frame_140,Rack_1,12,8,dew_med,0.8630854487419128,258,145,283,238,270,191
frame_140,Rack_1,18,8,dew_med,0.8651367425918579,234,147,257,238,245,192
frame_140,Rack_1,14,8,dew_med,0.8886680603027344,208,147,233,241,220,194
frame_140,Rack_1,49,0,7up_med,0.6725617051124573,179,148,207,242,193,195
frame_140,Rack_1,112,8,dew_med,0.5053064823150635,178,147,207,242,192,194
frame_140,Rack_1,81,0,7up_med,0.8610530495643616,156,147,180,242,168,194
frame_140,Rack_1,69,0,7up_med,0.8860912322998047,132,149,157,244,144,196
frame_140,Rack_1,85,0,7up_med,0.8404741883277893,105,153,133,246,119,199
frame_140,Rack_1,91,0,7up_med,0.583175539970398,85,158,107,247,96,202
frame_140,Rack_1,95,0,7up_med,0.7984213829040527,57,160,87,248,72,204
frame_140,Rack_1,102,0,7up_med,0.6839571595191956,29,162,60,248,44,205
frame_140,Rack_2,9,2,anw_med,0.8577715158462524,517,227,555,342,536,284
frame_140,Rack_2,23,2,anw_med,0.87370765209198,480,229,520,343,500,286
frame_140,Rack_2,107,2,anw_med,0.8467154502868652,445,241,484,343,464,292
frame_140,Rack_2,28,2,anw_med,0.870749294757843,417,264,446,342,431,303
frame_140,Rack_2,22,2,anw_med,0.8394249081611633,384,264,413,341,398,302
frame_140,Rack_2,41,15,pepsi_med,0.9042385220527649,345,263,370,339,357,301
frame_140,Rack_2,25,15,pepsi_med,0.9006092548370361,311,262,337,339,324,300
frame_140,Rack_2,10,15,pepsi_med,0.9098567366600037,281,262,305,339,293,300
frame_140,Rack_2,16,15,pepsi_med,0.9087976813316345,254,262,279,340,266,301
frame_140,Rack_2,15,15,pepsi_med,0.9049711227416992,225,263,252,340,238,301
frame_140,Rack_2,55,13,kick_med,0.8819177746772766,194,263,221,340,207,301
frame_140,Rack_2,54,13,kick_med,0.8960320353507996,168,263,193,341,180,302
frame_140,Rack_2,63,13,kick_med,0.8729156851768494,142,264,167,341,154,302
frame_140,Rack_2,74,13,kick_med,0.8919817209243774,117,264,141,341,129,302
frame_140,Rack_2,84,13,kick_med,0.8399093151092529,96,264,117,341,106,302
frame_140,Rack_2,90,13,kick_med,0.8739340305328369,73,264,96,341,84,302
frame_140,Rack_2,105,13,kick_med,0.7652409672737122,54,265,75,340,64,302
frame_140,Rack_2,101,13,kick_med,0.8935666680335999,25,266,54,340,39,303
frame_140,Rack_3,3,7,coke_z_big,0.5682132244110107,621,362,640,487,630,424
frame_140,Rack_3,6,7,coke_z_big,0.9107335209846497,577,361,625,488,601,424
frame_140,Rack_3,27,5,coke_v_big,0.859340250492096,535,361,577,488,556,424
frame_140,Rack_3,19,5,coke_v_big,0.8871721029281616,490,362,535,488,512,425
frame_140,Rack_3,17,5,coke_v_big,0.9099289774894714,450,362,490,485,470,423
frame_140,Rack_3,7,5,coke_v_big,0.9278172254562378,411,362,450,487,430,424
frame_140,Rack_3,2,5,coke_v_big,0.8783614039421082,372,364,411,488,391,426
frame_140,Rack_3,8,14,pepsi_big,0.9432282447814941,335,361,372,488,353,424
frame_140,Rack_3,11,14,pepsi_big,0.9308291673660278,299,361,335,488,317,424
frame_140,Rack_3,47,14,pepsi_big,0.9178269505500793,263,361,299,489,281,425
frame_140,Rack_3,38,10,fanta_grape_big,0.9509437680244446,225,361,263,488,244,424
frame_140,Rack_3,57,10,fanta_grape_big,0.9451011419296265,194,361,225,486,209,423
frame_140,Rack_3,73,10,fanta_grape_big,0.8475816249847412,164,361,194,478,179,419
frame_140,Rack_3,67,12,fanta_straw_big,0.9059818387031555,126,361,164,473,145,417
frame_140,Rack_3,78,12,fanta_straw_big,0.8568915724754333,94,360,126,471,110,415
frame_140,Rack_3,89,11,fanta_lychee_big,0.9154240489006042,60,361,94,473,77,417
frame_140,Rack_3,98,11,fanta_lychee_big,0.889228880405426,38,362,61,471,49,416
frame_140,Rack_3,110,11,fanta_lychee_big,0.6106246709823608,4,361,35,471,19,416
frame_141,Rack_1,43,4,coke_small,0.7539697885513306,599,145,627,208,613,176
frame_141,Rack_1,35,4,coke_small,0.8225051164627075,568,146,596,211,582,178
frame_141,Rack_1,45,4,coke_small,0.836521327495575,538,146,567,211,552,178
frame_141,Rack_1,50,4,coke_small,0.8940111994743347,508,146,536,213,522,179
frame_141,Rack_1,30,4,coke_small,0.880387544631958,478,146,506,214,492,180
frame_141,Rack_1,34,17,sprite_small,0.6356587409973145,401,147,424,219,412,183
frame_141,Rack_1,36,17,sprite_small,0.6487484574317932,373,147,401,223,387,185
frame_141,Rack_1,31,8,dew_med,0.8960855603218079,340,146,367,231,353,188
frame_141,Rack_1,20,8,dew_med,0.8810252547264099,312,145,338,233,325,189
frame_141,Rack_1,13,8,dew_med,0.8736448884010315,284,147,310,235,297,191
frame_141,Rack_1,12,8,dew_med,0.8465664386749268,258,145,283,237,270,191
frame_141,Rack_1,18,8,dew_med,0.8521094918251038,234,147,257,238,245,192
frame_141,Rack_1,14,8,dew_med,0.8784358501434326,208,147,233,241,220,194
frame_141,Rack_1,112,8,dew_med,0.7086589336395264,178,147,207,242,192,194
frame_141,Rack_1,81,0,7up_med,0.8372647762298584,156,147,180,242,168,194
frame_141,Rack_1,69,0,7up_med,0.8890669345855713,132,149,157,244,144,196
frame_141,Rack_1,85,0,7up_med,0.814030110836029,105,153,133,245,119,199
frame_141,Rack_1,91,0,7up_med,0.5459441542625427,85,158,107,247,96,202
frame_141,Rack_1,95,0,7up_med,0.7122024297714233,57,160,86,248,71,204
frame_141,Rack_1,102,0,7up_med,0.5845910310745239,29,162,60,248,44,205
frame_141,Rack_2,9,2,anw_med,0.8645515441894531,518,236,554,342,536,289
frame_141,Rack_2,113,2,anw_med,0.9103168249130249,482,262,517,343,499,302
frame_141,Rack_2,107,2,anw_med,0.8751086592674255,447,253,481,343,464,298
frame_141,Rack_2,28,2,anw_med,0.8825599551200867,417,263,446,342,431,302
frame_141,Rack_2,22,2,anw_med,0.8561885952949524,384,263,413,341,398,302
frame_141,Rack_2,41,15,pepsi_med,0.9078327417373657,345,261,370,339,357,300
frame_141,Rack_2,25,15,pepsi_med,0.904464602470398,311,261,337,339,324,300
frame_141,Rack_2,10,15,pepsi_med,0.9270410537719727,281,261,305,339,293,300
frame_141,Rack_2,16,15,pepsi_med,0.9005979895591736,254,261,279,340,266,300
frame_141,Rack_2,15,15,pepsi_med,0.9051949381828308,225,261,252,340,238,300
frame_141,Rack_2,55,13,kick_med,0.9051148295402527,194,261,221,340,207,300
frame_141,Rack_2,54,13,kick_med,0.9080697894096375,167,261,193,341,180,301
frame_141,Rack_2,63,13,kick_med,0.8800539970397949,141,262,167,341,154,301
frame_141,Rack_2,74,13,kick_med,0.8953112363815308,117,263,141,341,129,302
frame_141,Rack_2,84,13,kick_med,0.8251510858535767,96,263,117,341,106,302
frame_141,Rack_2,90,13,kick_med,0.8688764572143555,73,263,96,341,84,302
frame_141,Rack_2,105,13,kick_med,0.768470287322998,54,264,75,340,64,302
frame_141,Rack_2,101,13,kick_med,0.8738692998886108,24,265,54,340,39,302
frame_141,Rack_3,3,7,coke_z_big,0.7318518757820129,622,362,640,487,631,424
frame_141,Rack_3,6,7,coke_z_big,0.9126949906349182,577,361,625,487,601,424
frame_141,Rack_3,27,5,coke_v_big,0.8707776665687561,536,361,577,488,556,424
frame_141,Rack_3,19,5,coke_v_big,0.8978458642959595,490,362,535,488,512,425
frame_141,Rack_3,17,5,coke_v_big,0.9139145612716675,450,361,490,485,470,423
frame_141,Rack_3,7,5,coke_v_big,0.9322361946105957,411,362,450,486,430,424
frame_141,Rack_3,2,5,coke_v_big,0.8862008452415466,372,363,411,488,391,425
frame_141,Rack_3,8,14,pepsi_big,0.9435734748840332,335,361,371,488,353,424
frame_141,Rack_3,11,14,pepsi_big,0.9313104748725891,299,361,335,488,317,424
frame_141,Rack_3,47,14,pepsi_big,0.9224992990493774,263,361,299,489,281,425
frame_141,Rack_3,38,10,fanta_grape_big,0.9511722922325134,225,361,263,488,244,424
frame_141,Rack_3,57,10,fanta_grape_big,0.942376434803009,194,361,224,486,209,423
frame_141,Rack_3,73,10,fanta_grape_big,0.8445197343826294,164,361,194,478,179,419
frame_141,Rack_3,67,12,fanta_straw_big,0.9090347290039062,125,361,164,473,144,417
frame_141,Rack_3,78,12,fanta_straw_big,0.8500580787658691,94,360,126,471,110,415
frame_141,Rack_3,89,11,fanta_lychee_big,0.9150943756103516,60,360,94,473,77,416
frame_141,Rack_3,98,11,fanta_lychee_big,0.8849171996116638,38,362,61,471,49,416
frame_141,Rack_3,110,11,fanta_lychee_big,0.5286864638328552,4,361,35,471,19,416
frame_142,Rack_1,43,4,coke_small,0.6731541156768799,600,145,627,207,613,176
frame_142,Rack_1,35,4,coke_small,0.8395372033119202,569,146,597,211,583,178
frame_142,Rack_1,45,4,coke_small,0.8460527658462524,538,146,567,211,552,178
frame_142,Rack_1,50,4,coke_small,0.873457133769989,508,146,536,213,522,179
frame_142,Rack_1,30,4,coke_small,0.8825526237487793,478,146,506,214,492,180
frame_142,Rack_1,34,17,sprite_small,0.583770751953125,401,147,424,219,412,183
frame_142,Rack_1,36,17,sprite_small,0.5807802677154541,373,147,401,223,387,185
frame_142,Rack_1,31,8,dew_med,0.9015071392059326,340,146,367,231,353,188
frame_142,Rack_1,20,8,dew_med,0.8922490477561951,312,146,338,233,325,189
frame_142,Rack_1,13,8,dew_med,0.895430326461792,284,147,309,235,296,191
frame_142,Rack_1,12,8,dew_med,0.8701448440551758,258,145,282,237,270,191
frame_142,Rack_1,18,8,dew_med,0.8694457411766052,233,147,256,238,244,192
frame_142,Rack_1,14,8,dew_med,0.8965628743171692,208,147,233,240,220,193
frame_142,Rack_1,49,0,7up_med,0.5225090980529785,178,147,206,241,192,194
frame_142,Rack_1,112,8,dew_med,0.6615021228790283,178,148,206,241,192,194
frame_142,Rack_1,81,0,7up_med,0.8588136434555054,155,147,180,242,167,194
frame_142,Rack_1,69,0,7up_med,0.8973607420921326,131,150,156,244,143,197
frame_142,Rack_1,85,0,7up_med,0.8533918261528015,105,152,132,245,118,198
frame_142,Rack_1,91,0,7up_med,0.7146428823471069,84,158,107,247,95,202
frame_142,Rack_1,95,0,7up_med,0.7297527194023132,57,159,86,248,71,203
frame_142,Rack_1,102,0,7up_med,0.6589802503585815,28,161,60,247,44,204
frame_142,Rack_2,56,3,coke_med,0.5973039865493774,617,227,640,339,628,283
frame_142,Rack_2,9,2,anw_med,0.8682026863098145,517,228,555,342,536,285
frame_142,Rack_2,23,2,anw_med,0.8920859694480896,480,227,520,343,500,285
frame_142,Rack_2,113,2,anw_med,0.527476966381073,482,262,517,342,499,302
frame_142,Rack_2,107,2,anw_med,0.8588342666625977,445,239,484,343,464,291
frame_142,Rack_2,28,2,anw_med,0.8655865788459778,417,264,446,342,431,303
frame_142,Rack_2,22,2,anw_med,0.839867115020752,384,263,413,341,398,302
frame_142,Rack_2,41,15,pepsi_med,0.9075267910957336,345,262,370,339,357,300
frame_142,Rack_2,25,15,pepsi_med,0.9034487009048462,311,261,337,339,324,300
frame_142,Rack_2,10,15,pepsi_med,0.9147831201553345,281,261,305,339,293,300
frame_142,Rack_2,16,15,pepsi_med,0.9164864420890808,253,261,278,340,265,300
frame_142,Rack_2,15,15,pepsi_med,0.9091334342956543,225,262,252,340,238,301
frame_142,Rack_2,55,13,kick_med,0.8723673820495605,194,262,221,340,207,301
frame_142,Rack_2,54,13,kick_med,0.8959680199623108,167,262,193,341,180,301
frame_142,Rack_2,63,13,kick_med,0.8734199404716492,141,263,166,341,153,302
frame_142,Rack_2,74,13,kick_med,0.8928076028823853,117,263,140,341,128,302
frame_142,Rack_2,84,13,kick_med,0.8436717391014099,96,263,116,341,106,302
frame_142,Rack_2,90,13,kick_med,0.8570928573608398,73,264,96,341,84,302
frame_142,Rack_2,105,13,kick_med,0.7074498534202576,54,264,74,340,64,302
frame_142,Rack_2,101,13,kick_med,0.8954347372055054,24,265,53,340,38,302
frame_142,Rack_3,3,7,coke_z_big,0.6623566150665283,622,362,640,486,631,424
frame_142,Rack_3,6,7,coke_z_big,0.9138234853744507,578,361,625,487,601,424
frame_142,Rack_3,27,5,coke_v_big,0.8553600907325745,536,361,577,487,556,424
frame_142,Rack_3,19,5,coke_v_big,0.8922155499458313,490,362,535,487,512,424
frame_142,Rack_3,17,5,coke_v_big,0.910044252872467,450,361,490,485,470,423
frame_142,Rack_3,7,5,coke_v_big,0.9248044490814209,411,362,450,485,430,423
frame_142,Rack_3,2,5,coke_v_big,0.8811419606208801,372,363,411,487,391,425
frame_142,Rack_3,8,14,pepsi_big,0.9448282718658447,335,361,371,487,353,424
frame_142,Rack_3,11,14,pepsi_big,0.9303334355354309,299,361,334,488,316,424
frame_142,Rack_3,47,14,pepsi_big,0.9190014004707336,263,361,298,488,280,424
frame_142,Rack_3,38,10,fanta_grape_big,0.947821319103241,225,361,263,488,244,424
frame_142,Rack_3,57,10,fanta_grape_big,0.9441221356391907,194,361,224,486,209,423
frame_142,Rack_3,73,10,fanta_grape_big,0.8690049052238464,164,361,193,478,178,419
frame_142,Rack_3,67,12,fanta_straw_big,0.9092239141464233,125,361,163,473,144,417
frame_142,Rack_3,78,12,fanta_straw_big,0.8544694185256958,94,360,125,471,109,415
frame_142,Rack_3,89,11,fanta_lychee_big,0.915022611618042,60,360,94,473,77,416
frame_142,Rack_3,98,11,fanta_lychee_big,0.8935317993164062,37,362,60,471,48,416
frame_142,Rack_3,110,11,fanta_lychee_big,0.5636594891548157,4,361,35,471,19,416
frame_143,Rack_1,43,4,coke_small,0.6561844348907471,600,145,628,207,614,176
frame_143,Rack_1,35,4,coke_small,0.8260861039161682,569,146,597,210,583,178
frame_143,Rack_1,45,4,coke_small,0.8315305113792419,538,146,567,211,552,178
frame_143,Rack_1,50,4,coke_small,0.8639730215072632,508,146,536,212,522,179
frame_143,Rack_1,30,4,coke_small,0.8816091418266296,478,146,506,214,492,180
frame_143,Rack_1,34,17,sprite_small,0.6422865390777588,401,147,423,219,412,183
frame_143,Rack_1,36,17,sprite_small,0.5407628417015076,373,147,401,223,387,185
frame_143,Rack_1,31,8,dew_med,0.9021188020706177,339,146,367,231,353,188
frame_143,Rack_1,20,8,dew_med,0.8836268186569214,312,145,338,233,325,189
frame_143,Rack_1,13,8,dew_med,0.8799434900283813,284,147,309,235,296,191
frame_143,Rack_1,12,8,dew_med,0.8669321537017822,258,145,282,237,270,191
frame_143,Rack_1,18,8,dew_med,0.853471040725708,233,147,256,237,244,192
frame_143,Rack_1,14,8,dew_med,0.8859472274780273,207,148,232,240,219,194
frame_143,Rack_1,49,0,7up_med,0.5250677466392517,178,148,206,241,192,194
frame_143,Rack_1,112,8,dew_med,0.7346844673156738,177,147,206,241,191,194
frame_143,Rack_1,81,0,7up_med,0.8468660712242126,155,147,179,242,167,194
frame_143,Rack_1,69,0,7up_med,0.889013409614563,131,149,156,243,143,196
frame_143,Rack_1,85,0,7up_med,0.8556419014930725,104,152,131,245,117,198
frame_143,Rack_1,91,0,7up_med,0.7488411664962769,84,158,106,246,95,202
frame_143,Rack_1,95,0,7up_med,0.7668324112892151,57,159,85,247,71,203
frame_143,Rack_1,102,0,7up_med,0.6475830078125,28,160,59,247,43,203
frame_143,Rack_2,9,2,anw_med,0.8469997644424438,519,239,553,342,536,290
frame_143,Rack_2,113,2,anw_med,0.9031850099563599,482,262,517,343,499,302
frame_143,Rack_2,107,2,anw_med,0.8714863061904907,447,252,481,343,464,297
frame_143,Rack_2,28,2,anw_med,0.8863587975502014,417,263,446,342,431,302
frame_143,Rack_2,22,2,anw_med,0.8619627952575684,384,263,413,341,398,302
frame_143,Rack_2,41,15,pepsi_med,0.9168574213981628,344,261,370,339,357,300
frame_143,Rack_2,25,15,pepsi_med,0.9014447927474976,311,260,337,339,324,299
frame_143,Rack_2,10,15,pepsi_med,0.9287949204444885,280,260,305,339,292,299
frame_143,Rack_2,16,15,pepsi_med,0.9087872505187988,253,261,278,339,265,300
frame_143,Rack_2,15,15,pepsi_med,0.9093706011772156,224,261,252,340,238,300
frame_143,Rack_2,55,13,kick_med,0.89641273021698,193,261,221,340,207,300
frame_143,Rack_2,54,13,kick_med,0.9142861366271973,167,261,193,341,180,301
frame_143,Rack_2,63,13,kick_med,0.8934726119041443,140,262,166,340,153,301
frame_143,Rack_2,74,13,kick_med,0.9012684226036072,116,262,140,341,128,301
frame_143,Rack_2,84,13,kick_med,0.8303158283233643,95,262,116,340,105,301
frame_143,Rack_2,90,13,kick_med,0.8373966217041016,72,263,95,340,83,301
frame_143,Rack_2,105,13,kick_med,0.8449873924255371,53,263,73,340,63,301
frame_143,Rack_2,101,13,kick_med,0.8778403401374817,23,264,53,340,38,302
frame_143,Rack_3,3,7,coke_z_big,0.6933656930923462,622,361,640,486,631,423
frame_143,Rack_3,6,7,coke_z_big,0.9079140424728394,577,361,625,487,601,424
frame_143,Rack_3,27,5,coke_v_big,0.8587288856506348,536,361,577,487,556,424
frame_143,Rack_3,19,5,coke_v_big,0.8963245153427124,490,362,535,487,512,424
frame_143,Rack_3,17,5,coke_v_big,0.9147436618804932,450,361,490,485,470,423
frame_143,Rack_3,7,5,coke_v_big,0.9315207600593567,411,362,449,485,430,423
frame_143,Rack_3,2,5,coke_v_big,0.8869068622589111,372,363,411,487,391,425
frame_143,Rack_3,8,14,pepsi_big,0.9410750269889832,335,361,371,487,353,424
frame_143,Rack_3,11,14,pepsi_big,0.9321117997169495,299,361,334,488,316,424
frame_143,Rack_3,47,14,pepsi_big,0.923086941242218,263,361,298,488,280,424
frame_143,Rack_3,38,10,fanta_grape_big,0.9450610876083374,224,361,262,488,243,424
frame_143,Rack_3,57,10,fanta_grape_big,0.935410737991333,194,361,224,486,209,423
frame_143,Rack_3,73,10,fanta_grape_big,0.8738161325454712,163,361,193,478,178,419
frame_143,Rack_3,67,12,fanta_straw_big,0.9117239713668823,125,360,163,473,144,416
frame_143,Rack_3,78,12,fanta_straw_big,0.8421883583068848,93,360,125,471,109,415
frame_143,Rack_3,89,11,fanta_lychee_big,0.9183881878852844,59,360,93,474,76,417
frame_143,Rack_3,98,11,fanta_lychee_big,0.8720576763153076,36,361,60,471,48,416
frame_144,Rack_1,43,4,coke_small,0.6764967441558838,600,145,628,208,614,176
frame_144,Rack_1,35,4,coke_small,0.8703672289848328,569,146,597,210,583,178
frame_144,Rack_1,45,4,coke_small,0.8399882912635803,538,146,567,211,552,178
frame_144,Rack_1,50,4,coke_small,0.8490332365036011,508,146,536,212,522,179
frame_144,Rack_1,30,4,coke_small,0.8905996680259705,478,146,506,214,492,180
frame_144,Rack_1,34,17,sprite_small,0.6570030450820923,401,147,423,219,412,183
frame_144,Rack_1,36,17,sprite_small,0.5080411434173584,372,146,400,222,386,184
frame_144,Rack_1,31,8,dew_med,0.9032689332962036,339,146,367,231,353,188
frame_144,Rack_1,20,8,dew_med,0.8913126587867737,312,145,337,233,324,189
frame_144,Rack_1,13,8,dew_med,0.872430145740509,283,146,309,235,296,190
frame_144,Rack_1,12,8,dew_med,0.8779650926589966,257,145,281,236,269,190
frame_144,Rack_1,18,8,dew_med,0.8529531955718994,233,146,256,237,244,191
frame_144,Rack_1,14,8,dew_med,0.890775203704834,207,148,232,240,219,194
frame_144,Rack_1,49,0,7up_med,0.6656506657600403,178,148,206,241,192,194
frame_144,Rack_1,112,8,dew_med,0.650835394859314,177,147,205,241,191,194
frame_144,Rack_1,81,0,7up_med,0.8655678033828735,154,147,178,242,166,194
frame_144,Rack_1,69,0,7up_med,0.9022513628005981,130,149,155,243,142,196
frame_144,Rack_1,85,0,7up_med,0.8593701720237732,104,152,131,244,117,198
frame_144,Rack_1,91,0,7up_med,0.7537688612937927,83,157,105,245,94,201
frame_144,Rack_1,95,0,7up_med,0.7521610260009766,56,158,85,247,70,202
frame_144,Rack_1,102,0,7up_med,0.7080451846122742,27,160,59,248,43,204
frame_144,Rack_2,9,2,anw_med,0.8749936819076538,517,230,554,342,535,286
frame_144,Rack_2,23,2,anw_med,0.8961334824562073,480,226,520,343,500,284
frame_144,Rack_2,113,2,anw_med,0.5042306780815125,482,261,517,342,499,301
frame_144,Rack_2,107,2,anw_med,0.8654413819313049,447,255,480,343,463,299
frame_144,Rack_2,28,2,anw_med,0.873914897441864,416,262,445,342,430,302
frame_144,Rack_2,22,2,anw_med,0.8450087308883667,384,262,413,341,398,301
frame_144,Rack_2,41,15,pepsi_med,0.9174030423164368,344,260,370,339,357,299
frame_144,Rack_2,25,15,pepsi_med,0.9007775187492371,310,260,337,339,323,299
frame_144,Rack_2,10,15,pepsi_med,0.9399752616882324,280,259,305,339,292,299
frame_144,Rack_2,16,15,pepsi_med,0.8990366458892822,252,260,278,339,265,299
frame_144,Rack_2,15,15,pepsi_med,0.9206023812294006,224,260,251,340,237,300
frame_144,Rack_2,55,13,kick_med,0.8851071000099182,192,260,220,340,206,300
frame_144,Rack_2,54,13,kick_med,0.9117463231086731,166,260,192,341,179,300
frame_144,Rack_2,63,13,kick_med,0.8932622671127319,140,261,166,340,153,300
frame_144,Rack_2,74,13,kick_med,0.8986982107162476,115,261,139,341,127,301
frame_144,Rack_2,84,13,kick_med,0.8310891389846802,95,261,116,340,105,300
frame_144,Rack_2,90,13,kick_med,0.8384458422660828,71,262,95,341,83,301
frame_144,Rack_2,105,13,kick_med,0.8186923265457153,52,263,73,340,62,301
frame_144,Rack_2,101,13,kick_med,0.8817728757858276,23,265,52,340,37,302
frame_144,Rack_3,3,7,coke_z_big,0.6487612724304199,622,361,640,486,631,423
frame_144,Rack_3,6,7,coke_z_big,0.9135082364082336,577,360,625,487,601,423
frame_144,Rack_3,27,5,coke_v_big,0.8519961833953857,536,361,577,487,556,424
frame_144,Rack_3,19,5,coke_v_big,0.8879290223121643,490,362,535,487,512,424
frame_144,Rack_3,17,5,coke_v_big,0.9098785519599915,449,361,489,485,469,423
frame_144,Rack_3,7,5,coke_v_big,0.9238579273223877,411,362,449,485,430,423
frame_144,Rack_3,2,5,coke_v_big,0.8915363550186157,372,363,411,487,391,425
frame_144,Rack_3,8,14,pepsi_big,0.9375669956207275,334,361,371,487,352,424
frame_144,Rack_3,11,14,pepsi_big,0.9339487552642822,298,361,334,488,316,424
frame_144,Rack_3,47,14,pepsi_big,0.909600019454956,263,361,298,488,280,424
frame_144,Rack_3,38,10,fanta_grape_big,0.9442550539970398,224,361,262,488,243,424
frame_144,Rack_3,57,10,fanta_grape_big,0.9313136339187622,193,361,223,485,208,423
frame_144,Rack_3,73,10,fanta_grape_big,0.875792920589447,163,361,193,478,178,419
frame_144,Rack_3,67,12,fanta_straw_big,0.9120857119560242,124,360,162,473,143,416
frame_144,Rack_3,78,12,fanta_straw_big,0.8333088159561157,93,360,124,471,108,415
frame_144,Rack_3,89,11,fanta_lychee_big,0.9166651368141174,59,360,93,474,76,417
frame_144,Rack_3,98,11,fanta_lychee_big,0.860624372959137,36,361,59,472,47,416
frame_145,Rack_1,43,4,coke_small,0.6933740377426147,599,145,628,207,613,176
frame_145,Rack_1,35,4,coke_small,0.8625454306602478,569,146,597,210,583,178
frame_145,Rack_1,45,4,coke_small,0.8416205644607544,538,146,567,211,552,178
frame_145,Rack_1,50,4,coke_small,0.8410128951072693,508,146,536,211,522,178
frame_145,Rack_1,30,4,coke_small,0.8908737301826477,478,146,506,214,492,180
frame_145,Rack_1,24,17,sprite_small,0.5652333498001099,424,146,450,218,437,182
frame_145,Rack_1,34,17,sprite_small,0.5566083788871765,401,147,423,219,412,183
frame_145,Rack_1,31,8,dew_med,0.9051406383514404,339,146,367,231,353,188
frame_145,Rack_1,20,8,dew_med,0.893291175365448,311,146,337,233,324,189
frame_145,Rack_1,13,8,dew_med,0.8687434792518616,282,145,309,235,295,190
frame_145,Rack_1,12,8,dew_med,0.8847463130950928,257,145,281,236,269,190
frame_145,Rack_1,18,8,dew_med,0.8601011037826538,232,146,256,237,244,191
frame_145,Rack_1,14,8,dew_med,0.8890083432197571,206,148,231,240,218,194
frame_145,Rack_1,49,0,7up_med,0.7017900943756104,177,148,205,241,191,194
frame_145,Rack_1,112,8,dew_med,0.6586306691169739,176,147,205,241,190,194
frame_145,Rack_1,81,0,7up_med,0.867384672164917,154,147,178,241,166,194
frame_145,Rack_1,69,0,7up_med,0.9104105830192566,130,149,155,243,142,196
frame_145,Rack_1,85,0,7up_med,0.8837982416152954,103,151,130,244,116,197
frame_145,Rack_1,91,0,7up_med,0.7703239321708679,82,157,105,245,93,201
frame_145,Rack_1,95,0,7up_med,0.8172652721405029,56,158,84,247,70,202
frame_145,Rack_1,102,0,7up_med,0.7898328900337219,27,159,58,248,42,203
frame_145,Rack_2,9,2,anw_med,0.8973007202148438,517,226,554,342,535,284
frame_145,Rack_2,23,2,anw_med,0.8989757299423218,480,226,519,343,499,284
frame_145,Rack_2,107,2,anw_med,0.8615001440048218,447,253,480,343,463,298
frame_145,Rack_2,28,2,anw_med,0.8617120385169983,416,261,445,343,430,302
frame_145,Rack_2,22,2,anw_med,0.8366690874099731,383,262,413,341,398,301
frame_145,Rack_2,41,15,pepsi_med,0.8897143602371216,343,260,369,339,356,299
frame_145,Rack_2,25,15,pepsi_med,0.8968667984008789,310,259,336,339,323,299
frame_145,Rack_2,10,15,pepsi_med,0.9434548616409302,280,259,304,339,292,299
frame_145,Rack_2,16,15,pepsi_med,0.8982467651367188,252,259,277,339,264,299
frame_145,Rack_2,15,15,pepsi_med,0.9111279845237732,223,259,251,340,237,299
frame_145,Rack_2,55,13,kick_med,0.8935863375663757,192,260,220,340,206,300
frame_145,Rack_2,54,13,kick_med,0.9119884371757507,166,260,192,340,179,300
frame_145,Rack_2,63,13,kick_med,0.8964824080467224,139,260,166,340,152,300
frame_145,Rack_2,74,13,kick_med,0.8877634406089783,115,261,139,341,127,301
frame_145,Rack_2,84,13,kick_med,0.8451604843139648,94,261,115,340,104,300
frame_145,Rack_2,90,13,kick_med,0.8479503393173218,71,261,94,340,82,300
frame_145,Rack_2,105,13,kick_med,0.874566376209259,52,263,72,340,62,301
frame_145,Rack_2,101,13,kick_med,0.8841855525970459,22,265,51,340,36,302
frame_145,Rack_3,3,7,coke_z_big,0.6787899732589722,622,361,640,487,631,424
frame_145,Rack_3,6,7,coke_z_big,0.9120469093322754,577,360,625,488,601,424
frame_145,Rack_3,27,5,coke_v_big,0.8470569252967834,535,361,577,488,556,424
frame_145,Rack_3,19,5,coke_v_big,0.8795848488807678,490,362,535,488,512,425
frame_145,Rack_3,17,5,coke_v_big,0.9058144092559814,449,362,489,486,469,424
frame_145,Rack_3,7,5,coke_v_big,0.921126127243042,410,362,449,486,429,424
frame_145,Rack_3,2,5,coke_v_big,0.8908432722091675,371,363,410,488,390,425
frame_145,Rack_3,8,14,pepsi_big,0.9372566342353821,334,361,370,488,352,424
frame_145,Rack_3,11,14,pepsi_big,0.9376518726348877,298,361,333,488,315,424
frame_145,Rack_3,47,14,pepsi_big,0.8565117120742798,262,360,298,489,280,424
frame_145,Rack_3,38,10,fanta_grape_big,0.9450212717056274,223,360,261,488,242,424
frame_145,Rack_3,57,10,fanta_grape_big,0.9337322115898132,193,360,223,486,208,423
frame_145,Rack_3,73,10,fanta_grape_big,0.8817457556724548,162,361,192,478,177,419
frame_145,Rack_3,67,12,fanta_straw_big,0.9113708138465881,124,360,162,473,143,416
frame_145,Rack_3,78,12,fanta_straw_big,0.8362327814102173,92,360,124,471,108,415
frame_145,Rack_3,89,11,fanta_lychee_big,0.9170598983764648,58,360,93,474,75,417
frame_145,Rack_3,98,11,fanta_lychee_big,0.8429121971130371,35,361,58,472,46,416
frame_146,Rack_1,43,4,coke_small,0.7391752004623413,599,145,628,207,613,176
frame_146,Rack_1,35,4,coke_small,0.8580537438392639,569,146,597,210,583,178
frame_146,Rack_1,45,4,coke_small,0.8491840958595276,538,146,567,211,552,178
frame_146,Rack_1,50,4,coke_small,0.839982271194458,507,146,536,211,521,178
frame_146,Rack_1,30,4,coke_small,0.8932592868804932,477,146,505,214,491,180
frame_146,Rack_1,24,17,sprite_small,0.5172903537750244,424,146,450,218,437,182
frame_146,Rack_1,34,17,sprite_small,0.5505547523498535,400,147,423,219,411,183
frame_146,Rack_1,31,8,dew_med,0.9053380489349365,339,146,366,231,352,188
frame_146,Rack_1,20,8,dew_med,0.8923248648643494,311,145,337,233,324,189
frame_146,Rack_1,13,8,dew_med,0.8702040910720825,282,145,308,235,295,190
frame_146,Rack_1,12,8,dew_med,0.8835029006004333,256,145,281,236,268,190
frame_146,Rack_1,18,8,dew_med,0.8681774139404297,231,145,255,238,243,191
frame_146,Rack_1,14,8,dew_med,0.8888685703277588,206,148,231,240,218,194
frame_146,Rack_1,49,0,7up_med,0.7194238305091858,176,147,204,241,190,194
frame_146,Rack_1,112,8,dew_med,0.6643357276916504,176,147,204,241,190,194
frame_146,Rack_1,81,0,7up_med,0.8747383952140808,153,147,177,241,165,194
frame_146,Rack_1,69,0,7up_med,0.9136332869529724,129,149,154,243,141,196
frame_146,Rack_1,85,0,7up_med,0.8832874894142151,103,151,130,244,116,197
frame_146,Rack_1,91,0,7up_med,0.7600579261779785,82,157,104,245,93,201
frame_146,Rack_1,95,0,7up_med,0.8306317329406738,56,158,84,247,70,202
frame_146,Rack_1,102,0,7up_med,0.8007076382637024,26,159,58,248,42,203
frame_146,Rack_2,9,2,anw_med,0.8879448771476746,517,226,554,342,535,284
frame_146,Rack_2,23,2,anw_med,0.9011293053627014,480,226,519,343,499,284
frame_146,Rack_2,107,2,anw_med,0.8658038377761841,446,253,480,343,463,298
frame_146,Rack_2,28,2,anw_med,0.8591597080230713,416,262,445,342,430,302
frame_146,Rack_2,22,2,anw_med,0.832390308380127,383,262,412,341,397,301
frame_146,Rack_2,41,15,pepsi_med,0.8988252282142639,343,260,369,339,356,299
frame_146,Rack_2,25,15,pepsi_med,0.8967466950416565,310,259,336,339,323,299
frame_146,Rack_2,10,15,pepsi_med,0.9409747123718262,279,259,304,339,291,299
frame_146,Rack_2,16,15,pepsi_med,0.9092493653297424,252,259,277,339,264,299
frame_146,Rack_2,15,15,pepsi_med,0.9044825434684753,222,259,250,339,236,299
frame_146,Rack_2,55,13,kick_med,0.8891991376876831,192,259,219,340,205,299
frame_146,Rack_2,54,13,kick_med,0.9119330644607544,165,260,191,340,178,300
frame_146,Rack_2,63,13,kick_med,0.899681806564331,139,260,165,340,152,300
frame_146,Rack_2,74,13,kick_med,0.8685735464096069,114,260,138,341,126,300
frame_146,Rack_2,84,13,kick_med,0.8332543969154358,94,261,114,340,104,300
frame_146,Rack_2,90,13,kick_med,0.8554912209510803,70,261,94,340,82,300
frame_146,Rack_2,105,13,kick_med,0.8851342797279358,51,263,71,340,61,301
frame_146,Rack_2,101,13,kick_med,0.8834084272384644,21,265,51,340,36,302
frame_146,Rack_3,3,7,coke_z_big,0.7542919516563416,622,361,639,487,630,424
frame_146,Rack_3,6,7,coke_z_big,0.9159095883369446,576,360,624,488,600,424
frame_146,Rack_3,27,5,coke_v_big,0.8492167592048645,535,361,576,488,555,424
frame_146,Rack_3,19,5,coke_v_big,0.8782464861869812,490,362,534,488,512,425
frame_146,Rack_3,17,5,coke_v_big,0.9030861258506775,449,363,489,486,469,424
frame_146,Rack_3,7,5,coke_v_big,0.9177236557006836,410,362,448,486,429,424
frame_146,Rack_3,2,5,coke_v_big,0.8838353753089905,371,363,410,488,390,425
frame_146,Rack_3,8,14,pepsi_big,0.9327654838562012,333,360,370,488,351,424
frame_146,Rack_3,11,14,pepsi_big,0.9437997341156006,297,361,333,489,315,425
frame_146,Rack_3,47,14,pepsi_big,0.823088526725769,262,360,297,489,279,424
frame_146,Rack_3,38,10,fanta_grape_big,0.9424289464950562,223,360,261,488,242,424
frame_146,Rack_3,57,10,fanta_grape_big,0.927117645740509,192,360,222,486,207,423
frame_146,Rack_3,73,10,fanta_grape_big,0.8478220105171204,162,361,192,478,177,419
frame_146,Rack_3,67,12,fanta_straw_big,0.9096965789794922,123,360,161,473,142,416
frame_146,Rack_3,78,12,fanta_straw_big,0.8380995392799377,92,360,123,471,107,415
frame_146,Rack_3,89,11,fanta_lychee_big,0.9113590717315674,58,360,92,473,75,416
frame_146,Rack_3,98,11,fanta_lychee_big,0.8411431312561035,35,361,58,472,46,416
frame_147,Rack_1,43,4,coke_small,0.665510356426239,598,145,627,207,612,176
frame_147,Rack_1,35,4,coke_small,0.8557090163230896,568,146,596,210,582,178
frame_147,Rack_1,45,4,coke_small,0.8356832265853882,538,146,567,211,552,178
frame_147,Rack_1,50,4,coke_small,0.8401380777359009,507,146,535,212,521,179
frame_147,Rack_1,30,4,coke_small,0.9026737809181213,477,146,505,214,491,180
frame_147,Rack_1,34,17,sprite_small,0.5326722860336304,400,146,422,219,411,182
frame_147,Rack_1,31,8,dew_med,0.9130125641822815,338,146,366,231,352,188
frame_147,Rack_1,20,8,dew_med,0.8980021476745605,310,145,336,232,323,188
frame_147,Rack_1,13,8,dew_med,0.8773298859596252,281,145,308,234,294,189
frame_147,Rack_1,12,8,dew_med,0.8809545040130615,256,145,280,236,268,190
frame_147,Rack_1,18,8,dew_med,0.8686529994010925,231,145,255,237,243,191
frame_147,Rack_1,14,8,dew_med,0.8892869353294373,205,148,230,238,217,193
frame_147,Rack_1,49,0,7up_med,0.7082508206367493,176,148,204,241,190,194
frame_147,Rack_1,112,8,dew_med,0.7165201306343079,176,147,204,241,190,194
frame_147,Rack_1,81,0,7up_med,0.8789727091789246,153,147,177,241,165,194
frame_147,Rack_1,69,0,7up_med,0.8925271034240723,129,149,154,243,141,196
frame_147,Rack_1,85,0,7up_med,0.872070848941803,102,150,129,244,115,197
frame_147,Rack_1,91,0,7up_med,0.7180178165435791,82,156,104,245,93,200
frame_147,Rack_1,95,0,7up_med,0.809895932674408,55,157,83,247,69,202
frame_147,Rack_1,102,0,7up_med,0.7567123770713806,26,159,57,248,41,203
frame_147,Rack_2,9,2,anw_med,0.8685158491134644,516,226,554,343,535,284
frame_147,Rack_2,116,2,anw_med,0.5819839835166931,518,258,551,342,534,300
frame_147,Rack_2,23,2,anw_med,0.8964530825614929,480,228,518,343,499,285
frame_147,Rack_2,107,2,anw_med,0.8438791632652283,445,250,480,344,462,297
frame_147,Rack_2,28,2,anw_med,0.8543141484260559,415,262,445,342,430,302
frame_147,Rack_2,22,2,anw_med,0.8180186748504639,382,260,413,343,397,301
frame_147,Rack_2,41,15,pepsi_med,0.8935396075248718,342,260,368,339,355,299
frame_147,Rack_2,25,15,pepsi_med,0.8941287994384766,309,259,335,339,322,299
frame_147,Rack_2,10,15,pepsi_med,0.9309026002883911,279,259,304,339,291,299
frame_147,Rack_2,16,15,pepsi_med,0.915850818157196,251,259,276,339,263,299
frame_147,Rack_2,15,15,pepsi_med,0.9119448065757751,222,259,249,339,235,299
frame_147,Rack_2,55,13,kick_med,0.8904585838317871,191,259,219,340,205,299
frame_147,Rack_2,54,13,kick_med,0.9139255285263062,165,260,191,341,178,300
frame_147,Rack_2,63,13,kick_med,0.8967719078063965,138,260,164,340,151,300
frame_147,Rack_2,74,13,kick_med,0.837909996509552,114,260,138,341,126,300
frame_147,Rack_2,84,13,kick_med,0.804179310798645,93,261,114,340,103,300
frame_147,Rack_2,90,13,kick_med,0.8414742350578308,70,261,93,341,81,301
frame_147,Rack_2,105,13,kick_med,0.8787309527397156,51,263,71,340,61,301
frame_147,Rack_2,101,13,kick_med,0.8635022044181824,21,265,50,340,35,302
frame_147,Rack_3,3,7,coke_z_big,0.7764606475830078,622,361,639,486,630,423
frame_147,Rack_3,6,7,coke_z_big,0.9217669367790222,576,360,623,487,599,423
frame_147,Rack_3,27,5,coke_v_big,0.8415691256523132,535,361,575,487,555,424
frame_147,Rack_3,19,5,coke_v_big,0.8820935487747192,489,362,534,487,511,424
frame_147,Rack_3,17,5,coke_v_big,0.91180819272995,448,363,488,486,468,424
frame_147,Rack_3,7,5,coke_v_big,0.9170934557914734,409,362,448,485,428,423
frame_147,Rack_3,2,5,coke_v_big,0.8843082189559937,370,363,409,487,389,425
frame_147,Rack_3,8,14,pepsi_big,0.9275998473167419,333,361,369,487,351,424
frame_147,Rack_3,11,14,pepsi_big,0.9483615756034851,297,361,332,488,314,424
frame_147,Rack_3,47,14,pepsi_big,0.7990942001342773,262,360,297,488,279,424
frame_147,Rack_3,38,10,fanta_grape_big,0.9379267692565918,223,361,260,488,241,424
frame_147,Rack_3,57,10,fanta_grape_big,0.9249483346939087,192,360,222,486,207,423
frame_147,Rack_3,73,10,fanta_grape_big,0.8605198264122009,162,361,191,477,176,419
frame_147,Rack_3,67,12,fanta_straw_big,0.9096943140029907,123,360,161,473,142,416
frame_147,Rack_3,78,12,fanta_straw_big,0.8488839864730835,91,360,123,470,107,415
frame_147,Rack_3,89,11,fanta_lychee_big,0.9096522331237793,58,360,92,473,75,416
frame_147,Rack_3,98,11,fanta_lychee_big,0.8448710441589355,34,361,58,472,46,416
frame_147,Rack_3,110,11,fanta_lychee_big,0.5064588785171509,2,360,33,471,17,415
frame_148,Rack_1,43,4,coke_small,0.6972285509109497,597,146,625,207,611,176
frame_148,Rack_1,35,4,coke_small,0.8489516377449036,568,146,596,210,582,178
frame_148,Rack_1,45,4,coke_small,0.8190945982933044,537,146,566,211,551,178
frame_148,Rack_1,50,4,coke_small,0.8165156841278076,507,146,535,212,521,179
frame_148,Rack_1,30,4,coke_small,0.8793606162071228,476,146,505,214,490,180
frame_148,Rack_1,42,17,sprite_small,0.673738420009613,450,146,475,215,462,180
frame_148,Rack_1,24,17,sprite_small,0.8096171021461487,423,146,449,218,436,182
frame_148,Rack_1,34,17,sprite_small,0.6719135046005249,399,146,422,219,410,182
frame_148,Rack_1,36,17,sprite_small,0.5921355485916138,371,146,399,223,385,184
frame_148,Rack_1,31,8,dew_med,0.9123104810714722,338,146,366,231,352,188
frame_148,Rack_1,20,8,dew_med,0.8914068937301636,310,145,336,233,323,189
frame_148,Rack_1,13,8,dew_med,0.8748959898948669,281,145,307,234,294,189
frame_148,Rack_1,12,8,dew_med,0.8778841495513916,256,145,280,235,268,190
frame_148,Rack_1,18,8,dew_med,0.8785067796707153,231,145,254,235,242,190
frame_148,Rack_1,14,8,dew_med,0.9004071354866028,205,148,229,236,217,192
frame_148,Rack_1,112,8,dew_med,0.8345973491668701,175,147,203,239,189,193
frame_148,Rack_1,81,0,7up_med,0.8672624230384827,153,147,176,237,164,192
frame_148,Rack_1,69,0,7up_med,0.8927035927772522,128,148,153,242,140,195
frame_148,Rack_1,85,0,7up_med,0.8923491835594177,102,150,129,243,115,196
frame_148,Rack_1,91,0,7up_med,0.8473954200744629,81,155,104,245,92,200
frame_148,Rack_1,95,0,7up_med,0.8717398643493652,55,155,83,246,69,200
frame_148,Rack_1,102,0,7up_med,0.9049633145332336,27,158,56,237,41,197
frame_148,Rack_2,116,2,anw_med,0.8164345026016235,518,260,551,342,534,301
frame_148,Rack_2,113,2,anw_med,0.8714601397514343,480,262,515,343,497,302
frame_148,Rack_2,107,2,anw_med,0.8240642547607422,446,256,478,344,462,300
frame_148,Rack_2,28,2,anw_med,0.8638467192649841,415,261,445,344,430,302
frame_148,Rack_2,22,2,anw_med,0.8356235027313232,382,260,412,344,397,302
frame_148,Rack_2,41,15,pepsi_med,0.8533710837364197,341,261,366,338,353,299
frame_148,Rack_2,25,15,pepsi_med,0.9087260365486145,309,261,335,338,322,299
frame_148,Rack_2,10,15,pepsi_med,0.923980176448822,279,261,303,338,291,299
frame_148,Rack_2,16,15,pepsi_med,0.919745922088623,251,262,275,338,263,300
frame_148,Rack_2,15,15,pepsi_med,0.9104976654052734,222,262,248,338,235,300
frame_148,Rack_2,55,13,kick_med,0.8924311995506287,191,262,218,339,204,300
frame_148,Rack_2,54,13,kick_med,0.9064801335334778,165,262,190,339,177,300
frame_148,Rack_2,63,13,kick_med,0.8817991018295288,138,263,163,339,150,301
frame_148,Rack_2,74,13,kick_med,0.8568342924118042,114,263,137,339,125,301
frame_148,Rack_2,84,13,kick_med,0.8486278057098389,93,263,113,339,103,301
frame_148,Rack_2,90,13,kick_med,0.8698639869689941,70,263,92,339,81,301
frame_148,Rack_2,105,13,kick_med,0.8941183686256409,51,264,70,338,60,301
frame_148,Rack_2,101,13,kick_med,0.875643789768219,21,266,49,338,35,302
frame_148,Rack_5,3,7,coke_z_big,0.6429644227027893,621,360,637,485,629,422
frame_148,Rack_5,6,7,coke_z_big,0.9154469966888428,576,360,622,485,599,422
frame_148,Rack_5,27,5,coke_v_big,0.859103798866272,534,361,575,485,554,423
frame_148,Rack_5,19,5,coke_v_big,0.8879303932189941,489,362,533,485,511,423
frame_148,Rack_5,17,5,coke_v_big,0.9203799366950989,448,363,488,484,468,423
frame_148,Rack_5,7,5,coke_v_big,0.9026697874069214,409,362,447,484,428,423
frame_148,Rack_5,2,5,coke_v_big,0.9140064120292664,370,364,408,485,389,424
frame_148,Rack_5,8,14,pepsi_big,0.9417305588722229,333,361,368,486,350,423
frame_148,Rack_5,11,14,pepsi_big,0.9503629803657532,297,361,332,486,314,423
frame_148,Rack_5,47,14,pepsi_big,0.796301007270813,262,360,296,486,279,423
frame_148,Rack_5,38,10,fanta_grape_big,0.9417381882667542,222,360,260,486,241,423
frame_148,Rack_5,57,10,fanta_grape_big,0.917247474193573,192,360,221,484,206,422
frame_148,Rack_5,73,10,fanta_grape_big,0.8595105409622192,161,361,191,477,176,419
frame_148,Rack_5,67,12,fanta_straw_big,0.9085549712181091,123,360,161,473,142,416
frame_148,Rack_5,78,12,fanta_straw_big,0.8528231382369995,91,360,122,470,106,415
frame_148,Rack_5,89,11,fanta_lychee_big,0.9077755808830261,57,360,91,473,74,416
frame_148,Rack_5,98,11,fanta_lychee_big,0.8443698287010193,34,361,58,472,46,416
