frame_id,rack_id,track_id,class_id,class_name,cx
frame_0,Rack_1,51,1,a&w_small,582
frame_0,Rack_1,53,1,a&w_small,554
frame_0,Rack_1,44,1,a&w_small,529
frame_0,Rack_1,37,1,a&w_small,502
frame_0,Rack_1,26,1,a&w_small,473
frame_0,Rack_1,32,1,a&w_small,444
frame_0,Rack_1,29,1,a&w_small,415
frame_0,Rack_1,43,4,coke_small,391
frame_0,Rack_1,35,4,coke_small,366
frame_0,Rack_1,45,4,coke_small,341
frame_0,Rack_1,50,4,coke_small,315
frame_0,Rack_1,30,4,coke_small,290
frame_0,Rack_1,42,17,sprite_small,261
frame_0,Rack_1,24,17,sprite_small,236
frame_0,Rack_1,34,17,sprite_small,215
frame_0,Rack_1,36,17,sprite_small,193
frame_0,Rack_1,31,8,dew_med,166
frame_0,Rack_1,20,8,dew_med,140
frame_0,Rack_1,13,8,dew_med,114
frame_0,Rack_1,12,8,dew_med,89
frame_0,Rack_1,18,8,dew_med,67
frame_0,Rack_1,14,8,dew_med,43
frame_0,Rack_1,49,8,dew_med,16
frame_1,Rack_1,51,1,a&w_small,583
frame_1,Rack_1,53,1,a&w_small,554
frame_1,Rack_1,44,1,a&w_small,529
frame_1,Rack_1,37,1,a&w_small,501
frame_1,Rack_1,26,1,a&w_small,473
frame_1,Rack_1,32,1,a&w_small,443
frame_1,Rack_1,29,1,a&w_small,416
frame_1,Rack_1,43,4,coke_small,391
frame_1,Rack_1,35,4,coke_small,367
frame_1,Rack_1,45,4,coke_small,341
frame_1,Rack_1,50,4,coke_small,316
frame_1,Rack_1,30,4,coke_small,291
frame_1,Rack_1,42,17,sprite_small,262
frame_1,Rack_1,24,17,sprite_small,237
frame_1,Rack_1,34,17,sprite_small,216
frame_1,Rack_1,36,17,sprite_small,194
frame_1,Rack_1,31,8,dew_med,167
frame_1,Rack_1,20,8,dew_med,140
frame_1,Rack_1,13,8,dew_med,114
frame_1,Rack_1,12,8,dew_med,89
frame_1,Rack_1,18,8,dew_med,67
frame_1,Rack_1,14,8,dew_med,44
frame_1,Rack_1,49,8,dew_med,17
frame_10,Rack_1,51,1,a&w_small,586
frame_10,Rack_1,53,1,a&w_small,557
frame_10,Rack_1,44,1,a&w_small,532
frame_10,Rack_1,37,1,a&w_small,504
frame_10,Rack_1,26,1,a&w_small,476
frame_10,Rack_1,32,1,a&w_small,447
frame_10,Rack_1,29,1,a&w_small,419
frame_10,Rack_1,43,4,coke_small,395
frame_10,Rack_1,35,4,coke_small,369
frame_10,Rack_1,45,4,coke_small,343
frame_10,Rack_1,50,4,coke_small,318
frame_10,Rack_1,30,4,coke_small,293
frame_10,Rack_1,42,17,sprite_small,265
frame_10,Rack_1,24,17,sprite_small,240
frame_10,Rack_1,34,17,sprite_small,219
frame_10,Rack_1,36,17,sprite_small,197
frame_10,Rack_1,31,8,dew_med,171
frame_10,Rack_1,20,8,dew_med,145
frame_10,Rack_1,13,8,dew_med,118
frame_10,Rack_1,12,8,dew_med,94
frame_10,Rack_1,18,8,dew_med,71
frame_10,Rack_1,14,8,dew_med,49
frame_10,Rack_1,49,8,dew_med,24
frame_100,Rack_1,26,1,a&w_small,615
frame_100,Rack_1,32,1,a&w_small,583
frame_100,Rack_1,29,4,coke_small,551
frame_100,Rack_1,43,4,coke_small,527
frame_100,Rack_1,35,4,coke_small,499
frame_100,Rack_1,45,4,coke_small,470
frame_100,Rack_1,50,4,coke_small,444
frame_100,Rack_1,30,4,coke_small,416
frame_100,Rack_1,42,17,sprite_small,387
frame_100,Rack_1,24,17,sprite_small,363
frame_100,Rack_1,34,17,sprite_small,340
frame_100,Rack_1,36,17,sprite_small,317
frame_100,Rack_1,31,8,dew_med,286
frame_100,Rack_1,20,8,dew_med,259
frame_100,Rack_1,13,8,dew_med,231
frame_100,Rack_1,12,8,dew_med,205
frame_100,Rack_1,18,8,dew_med,181
frame_100,Rack_1,14,8,dew_med,157
frame_100,Rack_1,81,0,7up_med,106
frame_100,Rack_1,69,0,7up_med,83
frame_100,Rack_1,85,0,7up_med,59
frame_100,Rack_1,91,0,7up_med,35
frame_101,Rack_1,26,1,a&w_small,616
frame_101,Rack_1,32,1,a&w_small,586
frame_101,Rack_1,29,4,coke_small,554
frame_101,Rack_1,43,4,coke_small,530
frame_101,Rack_1,35,4,coke_small,502
frame_101,Rack_1,45,4,coke_small,474
frame_101,Rack_1,50,4,coke_small,446
frame_101,Rack_1,30,4,coke_small,418
frame_101,Rack_1,42,17,sprite_small,390
frame_101,Rack_1,24,17,sprite_small,366
frame_101,Rack_1,34,17,sprite_small,343
frame_101,Rack_1,36,17,sprite_small,320
frame_101,Rack_1,31,8,dew_med,289
frame_101,Rack_1,20,8,dew_med,262
frame_101,Rack_1,13,8,dew_med,234
frame_101,Rack_1,12,8,dew_med,208
frame_101,Rack_1,18,8,dew_med,184
frame_101,Rack_1,14,8,dew_med,159
frame_101,Rack_1,69,0,7up_med,86
frame_101,Rack_1,85,0,7up_med,62
frame_102,Rack_1,26,1,a&w_small,620
frame_102,Rack_1,32,1,a&w_small,590
frame_102,Rack_1,29,4,coke_small,558
frame_102,Rack_1,43,4,coke_small,534
frame_102,Rack_1,35,4,coke_small,506
frame_102,Rack_1,45,4,coke_small,477
frame_102,Rack_1,50,4,coke_small,450
frame_102,Rack_1,30,4,coke_small,421
frame_102,Rack_1,42,17,sprite_small,393
frame_102,Rack_1,24,17,sprite_small,369
frame_102,Rack_1,34,17,sprite_small,346
frame_102,Rack_1,36,17,sprite_small,323
frame_102,Rack_1,31,8,dew_med,292
frame_102,Rack_1,20,8,dew_med,264
frame_102,Rack_1,13,8,dew_med,237
frame_102,Rack_1,12,8,dew_med,211
frame_102,Rack_1,18,8,dew_med,186
frame_102,Rack_1,14,8,dew_med,162
frame_102,Rack_1,49,8,dew_med,133
frame_102,Rack_1,81,0,7up_med,112
frame_102,Rack_1,69,0,7up_med,89
frame_102,Rack_1,85,0,7up_med,65
frame_103,Rack_1,26,1,a&w_small,625
frame_103,Rack_1,32,1,a&w_small,594
frame_103,Rack_1,43,4,coke_small,537
frame_103,Rack_1,35,4,coke_small,510
frame_103,Rack_1,45,4,coke_small,481
frame_103,Rack_1,50,4,coke_small,453
frame_103,Rack_1,30,4,coke_small,425
frame_103,Rack_1,42,17,sprite_small,396
frame_103,Rack_1,24,17,sprite_small,372
frame_103,Rack_1,34,17,sprite_small,349
frame_103,Rack_1,36,17,sprite_small,326
frame_103,Rack_1,31,8,dew_med,295
frame_103,Rack_1,20,8,dew_med,267
frame_103,Rack_1,13,8,dew_med,240
frame_103,Rack_1,12,8,dew_med,214
frame_103,Rack_1,18,8,dew_med,190
frame_103,Rack_1,14,8,dew_med,165
frame_103,Rack_1,49,8,dew_med,137
frame_103,Rack_1,81,0,7up_med,114
frame_103,Rack_1,69,0,7up_med,92
frame_103,Rack_1,85,0,7up_med,67
frame_103,Rack_1,91,0,7up_med,44
frame_104,Rack_1,26,1,a&w_small,626
frame_104,Rack_1,32,1,a&w_small,598
frame_104,Rack_1,43,4,coke_small,541
frame_104,Rack_1,35,4,coke_small,513
frame_104,Rack_1,45,4,coke_small,484
frame_104,Rack_1,50,4,coke_small,457
frame_104,Rack_1,30,4,coke_small,428
frame_104,Rack_1,42,17,sprite_small,400
frame_104,Rack_1,24,17,sprite_small,376
frame_104,Rack_1,34,17,sprite_small,352
frame_104,Rack_1,36,17,sprite_small,329
frame_104,Rack_1,31,8,dew_med,298
frame_104,Rack_1,20,8,dew_med,270
frame_104,Rack_1,13,8,dew_med,243
frame_104,Rack_1,12,8,dew_med,216
frame_104,Rack_1,18,8,dew_med,192
frame_104,Rack_1,14,8,dew_med,168
frame_104,Rack_1,49,8,dew_med,140
frame_104,Rack_1,81,0,7up_med,117
frame_104,Rack_1,69,0,7up_med,94
frame_104,Rack_1,85,0,7up_med,70
frame_104,Rack_1,95,0,7up_med,23
frame_105,Rack_1,26,1,a&w_small,628
frame_105,Rack_1,32,1,a&w_small,601
frame_105,Rack_1,29,4,coke_small,569
frame_105,Rack_1,43,4,coke_small,544
frame_105,Rack_1,35,4,coke_small,516
frame_105,Rack_1,45,4,coke_small,487
frame_105,Rack_1,50,4,coke_small,460
frame_105,Rack_1,30,4,coke_small,431
frame_105,Rack_1,42,17,sprite_small,403
frame_105,Rack_1,24,17,sprite_small,378
frame_105,Rack_1,34,17,sprite_small,355
frame_105,Rack_1,36,17,sprite_small,332
frame_105,Rack_1,31,8,dew_med,300
frame_105,Rack_1,20,8,dew_med,273
frame_105,Rack_1,13,8,dew_med,246
frame_105,Rack_1,12,8,dew_med,219
frame_105,Rack_1,18,8,dew_med,195
frame_105,Rack_1,14,8,dew_med,170
frame_105,Rack_1,49,8,dew_med,144
frame_105,Rack_1,81,0,7up_med,120
frame_105,Rack_1,69,0,7up_med,98
frame_105,Rack_1,85,0,7up_med,73
frame_105,Rack_1,91,0,7up_med,49
frame_105,Rack_1,95,0,7up_med,26
frame_106,Rack_1,26,1,a&w_small,629
frame_106,Rack_1,32,1,a&w_small,605
frame_106,Rack_1,29,4,coke_small,572
frame_106,Rack_1,43,4,coke_small,547
frame_106,Rack_1,35,4,coke_small,519
frame_106,Rack_1,45,4,coke_small,490
frame_106,Rack_1,50,4,coke_small,463
frame_106,Rack_1,30,4,coke_small,434
frame_106,Rack_1,42,17,sprite_small,405
frame_106,Rack_1,24,17,sprite_small,381
frame_106,Rack_1,34,17,sprite_small,357
frame_106,Rack_1,36,17,sprite_small,335
frame_106,Rack_1,31,8,dew_med,302
frame_106,Rack_1,20,8,dew_med,275
frame_106,Rack_1,13,8,dew_med,248
frame_106,Rack_1,12,8,dew_med,221
frame_106,Rack_1,18,8,dew_med,197
frame_106,Rack_1,14,8,dew_med,173
frame_106,Rack_1,81,0,7up_med,122
frame_106,Rack_1,69,0,7up_med,100
frame_106,Rack_1,85,0,7up_med,75
frame_106,Rack_1,91,0,7up_med,51
frame_106,Rack_1,95,0,7up_med,29
frame_107,Rack_1,32,1,a&w_small,608
frame_107,Rack_1,29,4,coke_small,574
frame_107,Rack_1,43,4,coke_small,550
frame_107,Rack_1,35,4,coke_small,521
frame_107,Rack_1,45,4,coke_small,493
frame_107,Rack_1,50,4,coke_small,465
frame_107,Rack_1,30,4,coke_small,436
frame_107,Rack_1,42,17,sprite_small,407
frame_107,Rack_1,24,17,sprite_small,384
frame_107,Rack_1,34,17,sprite_small,360
frame_107,Rack_1,36,17,sprite_small,337
frame_107,Rack_1,31,8,dew_med,305
frame_107,Rack_1,20,8,dew_med,277
frame_107,Rack_1,13,8,dew_med,250
frame_107,Rack_1,12,8,dew_med,223
frame_107,Rack_1,18,8,dew_med,199
frame_107,Rack_1,14,8,dew_med,175
frame_107,Rack_1,49,8,dew_med,148
frame_107,Rack_1,81,0,7up_med,124
frame_107,Rack_1,69,0,7up_med,101
frame_107,Rack_1,85,0,7up_med,77
frame_107,Rack_1,91,0,7up_med,53
frame_107,Rack_1,95,0,7up_med,31
frame_108,Rack_1,32,1,a&w_small,610
frame_108,Rack_1,29,4,coke_small,577
frame_108,Rack_1,43,4,coke_small,552
frame_108,Rack_1,35,4,coke_small,524
frame_108,Rack_1,45,4,coke_small,495
frame_108,Rack_1,50,4,coke_small,467
frame_108,Rack_1,30,4,coke_small,438
frame_108,Rack_1,42,17,sprite_small,410
frame_108,Rack_1,24,17,sprite_small,386
frame_108,Rack_1,34,17,sprite_small,362
frame_108,Rack_1,36,17,sprite_small,339
frame_108,Rack_1,31,8,dew_med,307
frame_108,Rack_1,20,8,dew_med,279
frame_108,Rack_1,13,8,dew_med,252
frame_108,Rack_1,12,8,dew_med,226
frame_108,Rack_1,18,8,dew_med,201
frame_108,Rack_1,14,8,dew_med,177
frame_108,Rack_1,81,0,7up_med,126
frame_108,Rack_1,69,0,7up_med,103
frame_108,Rack_1,85,0,7up_med,79
frame_108,Rack_1,91,0,7up_med,55
frame_108,Rack_1,95,0,7up_med,32
frame_109,Rack_1,32,1,a&w_small,612
frame_109,Rack_1,29,4,coke_small,580
frame_109,Rack_1,43,4,coke_small,554
frame_109,Rack_1,35,4,coke_small,526
frame_109,Rack_1,45,4,coke_small,498
frame_109,Rack_1,50,4,coke_small,470
frame_109,Rack_1,30,4,coke_small,441
frame_109,Rack_1,42,17,sprite_small,412
frame_109,Rack_1,24,17,sprite_small,388
frame_109,Rack_1,34,17,sprite_small,364
frame_109,Rack_1,36,17,sprite_small,341
frame_109,Rack_1,31,8,dew_med,308
frame_109,Rack_1,20,8,dew_med,281
frame_109,Rack_1,13,8,dew_med,254
frame_109,Rack_1,12,8,dew_med,227
frame_109,Rack_1,18,8,dew_med,203
frame_109,Rack_1,14,8,dew_med,178
frame_109,Rack_1,81,0,7up_med,128
frame_109,Rack_1,69,0,7up_med,105
frame_11,Rack_1,51,1,a&w_small,587
frame_11,Rack_1,53,1,a&w_small,557
frame_11,Rack_1,44,1,a&w_small,533
frame_11,Rack_1,37,1,a&w_small,505
frame_11,Rack_1,26,1,a&w_small,476
frame_11,Rack_1,32,1,a&w_small,448
frame_11,Rack_1,29,1,a&w_small,419
frame_11,Rack_1,43,4,coke_small,395
frame_11,Rack_1,35,4,coke_small,370
frame_11,Rack_1,45,4,coke_small,344
frame_11,Rack_1,50,4,coke_small,319
frame_11,Rack_1,30,4,coke_small,293
frame_11,Rack_1,42,17,sprite_small,266
frame_11,Rack_1,24,17,sprite_small,240
frame_11,Rack_1,34,17,sprite_small,220
frame_11,Rack_1,36,17,sprite_small,197
frame_11,Rack_1,31,8,dew_med,171
frame_11,Rack_1,20,8,dew_med,145
frame_11,Rack_1,13,8,dew_med,119
frame_11,Rack_1,12,8,dew_med,94
frame_11,Rack_1,18,8,dew_med,72
frame_11,Rack_1,14,8,dew_med,50
frame_11,Rack_1,49,8,dew_med,25
frame_110,Rack_1,32,1,a&w_small,615
frame_110,Rack_1,29,4,coke_small,584
frame_110,Rack_1,43,4,coke_small,557
frame_110,Rack_1,35,4,coke_small,529
frame_110,Rack_1,45,4,coke_small,500
frame_110,Rack_1,50,4,coke_small,471
frame_110,Rack_1,30,4,coke_small,443
frame_110,Rack_1,42,17,sprite_small,414
frame_110,Rack_1,24,17,sprite_small,390
frame_110,Rack_1,34,17,sprite_small,366
frame_110,Rack_1,36,17,sprite_small,343
frame_110,Rack_1,31,8,dew_med,311
frame_110,Rack_1,20,8,dew_med,283
frame_110,Rack_1,13,8,dew_med,256
frame_110,Rack_1,12,8,dew_med,229
frame_110,Rack_1,18,8,dew_med,205
frame_110,Rack_1,14,8,dew_med,180
frame_110,Rack_1,49,8,dew_med,154
frame_110,Rack_1,81,0,7up_med,129
frame_110,Rack_1,69,0,7up_med,107
frame_110,Rack_1,85,0,7up_med,82
frame_110,Rack_1,91,0,7up_med,59
frame_110,Rack_1,95,0,7up_med,35
frame_111,Rack_1,43,4,coke_small,560
frame_111,Rack_1,35,4,coke_small,531
frame_111,Rack_1,45,4,coke_small,502
frame_111,Rack_1,50,4,coke_small,474
frame_111,Rack_1,30,4,coke_small,445
frame_111,Rack_1,42,17,sprite_small,416
frame_111,Rack_1,24,17,sprite_small,392
frame_111,Rack_1,34,17,sprite_small,368
frame_111,Rack_1,36,17,sprite_small,345
frame_111,Rack_1,31,8,dew_med,312
frame_111,Rack_1,20,8,dew_med,285
frame_111,Rack_1,13,8,dew_med,258
frame_111,Rack_1,12,8,dew_med,231
frame_111,Rack_1,18,8,dew_med,206
frame_111,Rack_1,14,8,dew_med,182
frame_111,Rack_1,49,0,7up_med,155
frame_111,Rack_1,81,0,7up_med,131
frame_111,Rack_1,69,0,7up_med,108
frame_111,Rack_1,85,0,7up_med,83
frame_111,Rack_1,91,0,7up_med,60
frame_111,Rack_1,95,0,7up_med,37
frame_112,Rack_1,43,4,coke_small,563
frame_112,Rack_1,35,4,coke_small,533
frame_112,Rack_1,45,4,coke_small,504
frame_112,Rack_1,50,4,coke_small,476
frame_112,Rack_1,30,4,coke_small,447
frame_112,Rack_1,42,17,sprite_small,419
frame_112,Rack_1,24,17,sprite_small,394
frame_112,Rack_1,34,17,sprite_small,371
frame_112,Rack_1,36,17,sprite_small,347
frame_112,Rack_1,31,8,dew_med,314
frame_112,Rack_1,20,8,dew_med,287
frame_112,Rack_1,13,8,dew_med,259
frame_112,Rack_1,12,8,dew_med,233
frame_112,Rack_1,18,8,dew_med,208
frame_112,Rack_1,14,8,dew_med,183
frame_112,Rack_1,49,0,7up_med,157
frame_112,Rack_1,81,0,7up_med,132
frame_112,Rack_1,69,0,7up_med,110
frame_112,Rack_1,85,0,7up_med,84
frame_112,Rack_1,91,0,7up_med,61
frame_112,Rack_1,95,0,7up_med,38
frame_113,Rack_1,29,4,coke_small,590
frame_113,Rack_1,43,4,coke_small,565
frame_113,Rack_1,35,4,coke_small,536
frame_113,Rack_1,45,4,coke_small,507
frame_113,Rack_1,50,4,coke_small,479
frame_113,Rack_1,30,4,coke_small,449
frame_113,Rack_1,24,17,sprite_small,396
frame_113,Rack_1,34,17,sprite_small,372
frame_113,Rack_1,36,17,sprite_small,349
frame_113,Rack_1,31,8,dew_med,316
frame_113,Rack_1,20,8,dew_med,289
frame_113,Rack_1,13,8,dew_med,261
frame_113,Rack_1,12,8,dew_med,234
frame_113,Rack_1,18,8,dew_med,210
frame_113,Rack_1,14,8,dew_med,185
frame_113,Rack_1,49,0,7up_med,158
frame_113,Rack_1,81,0,7up_med,133
frame_113,Rack_1,69,0,7up_med,111
frame_113,Rack_1,85,0,7up_med,85
frame_113,Rack_1,91,0,7up_med,62
frame_113,Rack_1,95,0,7up_med,39
frame_114,Rack_1,32,1,a&w_small,622
frame_114,Rack_1,43,4,coke_small,568
frame_114,Rack_1,35,4,coke_small,539
frame_114,Rack_1,45,4,coke_small,509
frame_114,Rack_1,50,4,coke_small,482
frame_114,Rack_1,30,4,coke_small,452
frame_114,Rack_1,24,17,sprite_small,398
frame_114,Rack_1,34,17,sprite_small,374
frame_114,Rack_1,36,17,sprite_small,350
frame_114,Rack_1,31,8,dew_med,318
frame_114,Rack_1,20,8,dew_med,290
frame_114,Rack_1,13,8,dew_med,262
frame_114,Rack_1,12,8,dew_med,236
frame_114,Rack_1,18,8,dew_med,211
frame_114,Rack_1,14,8,dew_med,186
frame_114,Rack_1,49,0,7up_med,160
frame_114,Rack_1,81,0,7up_med,135
frame_114,Rack_1,69,0,7up_med,112
frame_114,Rack_1,85,0,7up_med,87
frame_114,Rack_1,91,0,7up_med,64
frame_114,Rack_1,95,0,7up_med,40
frame_115,Rack_1,32,1,a&w_small,623
frame_115,Rack_1,43,4,coke_small,571
frame_115,Rack_1,35,4,coke_small,542
frame_115,Rack_1,45,4,coke_small,512
frame_115,Rack_1,50,4,coke_small,484
frame_115,Rack_1,30,4,coke_small,454
frame_115,Rack_1,42,17,sprite_small,426
frame_115,Rack_1,24,17,sprite_small,401
frame_115,Rack_1,34,17,sprite_small,377
frame_115,Rack_1,36,17,sprite_small,353
frame_115,Rack_1,31,8,dew_med,320
frame_115,Rack_1,20,8,dew_med,292
frame_115,Rack_1,13,8,dew_med,264
frame_115,Rack_1,12,8,dew_med,238
frame_115,Rack_1,18,8,dew_med,213
frame_115,Rack_1,14,8,dew_med,188
frame_115,Rack_1,49,0,7up_med,161
frame_115,Rack_1,81,0,7up_med,136
frame_115,Rack_1,69,0,7up_med,114
frame_115,Rack_1,85,0,7up_med,88
frame_115,Rack_1,91,0,7up_med,65
frame_115,Rack_1,95,0,7up_med,42
frame_115,Rack_1,102,0,7up_med,15
frame_116,Rack_1,43,4,coke_small,574
frame_116,Rack_1,35,4,coke_small,545
frame_116,Rack_1,45,4,coke_small,515
frame_116,Rack_1,50,4,coke_small,486
frame_116,Rack_1,30,4,coke_small,456
frame_116,Rack_1,42,17,sprite_small,428
frame_116,Rack_1,24,17,sprite_small,403
frame_116,Rack_1,34,17,sprite_small,379
frame_116,Rack_1,36,17,sprite_small,355
frame_116,Rack_1,31,8,dew_med,323
frame_116,Rack_1,20,8,dew_med,294
frame_116,Rack_1,13,8,dew_med,266
frame_116,Rack_1,12,8,dew_med,240
frame_116,Rack_1,18,8,dew_med,215
frame_116,Rack_1,14,8,dew_med,190
frame_116,Rack_1,49,0,7up_med,163
frame_116,Rack_1,81,0,7up_med,138
frame_116,Rack_1,69,0,7up_med,115
frame_116,Rack_1,85,0,7up_med,90
frame_116,Rack_1,91,0,7up_med,67
frame_116,Rack_1,95,0,7up_med,43
frame_116,Rack_1,102,0,7up_med,16
frame_117,Rack_1,43,4,coke_small,576
frame_117,Rack_1,35,4,coke_small,547
frame_117,Rack_1,45,4,coke_small,517
frame_117,Rack_1,50,4,coke_small,488
frame_117,Rack_1,30,4,coke_small,459
frame_117,Rack_1,42,17,sprite_small,430
frame_117,Rack_1,24,17,sprite_small,405
frame_117,Rack_1,34,17,sprite_small,381
frame_117,Rack_1,36,17,sprite_small,357
frame_117,Rack_1,31,8,dew_med,325
frame_117,Rack_1,20,8,dew_med,296
frame_117,Rack_1,13,8,dew_med,268
frame_117,Rack_1,12,8,dew_med,242
frame_117,Rack_1,18,8,dew_med,216
frame_117,Rack_1,14,8,dew_med,191
frame_117,Rack_1,49,0,7up_med,164
frame_117,Rack_1,81,0,7up_med,140
frame_117,Rack_1,69,0,7up_med,117
frame_117,Rack_1,85,0,7up_med,91
frame_117,Rack_1,91,0,7up_med,68
frame_117,Rack_1,95,0,7up_med,45
frame_117,Rack_1,102,0,7up_med,17
frame_118,Rack_1,29,4,coke_small,605
frame_118,Rack_1,43,4,coke_small,579
frame_118,Rack_1,35,4,coke_small,549
frame_118,Rack_1,45,4,coke_small,519
frame_118,Rack_1,50,4,coke_small,490
frame_118,Rack_1,30,4,coke_small,461
frame_118,Rack_1,34,17,sprite_small,383
frame_118,Rack_1,36,17,sprite_small,359
frame_118,Rack_1,31,8,dew_med,327
frame_118,Rack_1,20,8,dew_med,298
frame_118,Rack_1,13,8,dew_med,270
frame_118,Rack_1,12,8,dew_med,243
frame_118,Rack_1,18,8,dew_med,218
frame_118,Rack_1,14,8,dew_med,193
frame_118,Rack_1,49,0,7up_med,166
frame_118,Rack_1,81,0,7up_med,141
frame_118,Rack_1,69,0,7up_med,119
frame_118,Rack_1,85,0,7up_med,93
frame_118,Rack_1,91,0,7up_med,70
frame_118,Rack_1,95,0,7up_med,46
frame_118,Rack_1,102,0,7up_med,19
frame_119,Rack_1,29,4,coke_small,607
frame_119,Rack_1,43,4,coke_small,581
frame_119,Rack_1,35,4,coke_small,552
frame_119,Rack_1,45,4,coke_small,522
frame_119,Rack_1,50,4,coke_small,493
frame_119,Rack_1,30,4,coke_small,464
frame_119,Rack_1,42,17,sprite_small,435
frame_119,Rack_1,24,17,sprite_small,410
frame_119,Rack_1,34,17,sprite_small,385
frame_119,Rack_1,36,17,sprite_small,361
frame_119,Rack_1,31,8,dew_med,329
frame_119,Rack_1,20,8,dew_med,300
frame_119,Rack_1,13,8,dew_med,272
frame_119,Rack_1,12,8,dew_med,245
frame_119,Rack_1,18,8,dew_med,220
frame_119,Rack_1,14,8,dew_med,195
frame_119,Rack_1,49,0,7up_med,168
frame_119,Rack_1,81,0,7up_med,143
frame_119,Rack_1,69,0,7up_med,120
frame_119,Rack_1,85,0,7up_med,95
frame_119,Rack_1,91,0,7up_med,72
frame_119,Rack_1,95,0,7up_med,48
frame_119,Rack_1,102,0,7up_med,21
frame_12,Rack_1,51,1,a&w_small,587
frame_12,Rack_1,53,1,a&w_small,558
frame_12,Rack_1,44,1,a&w_small,534
frame_12,Rack_1,37,1,a&w_small,505
frame_12,Rack_1,26,1,a&w_small,477
frame_12,Rack_1,32,1,a&w_small,448
frame_12,Rack_1,29,1,a&w_small,420
frame_12,Rack_1,43,4,coke_small,395
frame_12,Rack_1,35,4,coke_small,371
frame_12,Rack_1,45,4,coke_small,344
frame_12,Rack_1,50,4,coke_small,319
frame_12,Rack_1,30,4,coke_small,294
frame_12,Rack_1,42,17,sprite_small,266
frame_12,Rack_1,24,17,sprite_small,241
frame_12,Rack_1,34,17,sprite_small,220
frame_12,Rack_1,36,17,sprite_small,198
frame_12,Rack_1,31,8,dew_med,172
frame_12,Rack_1,20,8,dew_med,146
frame_12,Rack_1,13,8,dew_med,120
frame_12,Rack_1,12,8,dew_med,95
frame_12,Rack_1,18,8,dew_med,73
frame_12,Rack_1,14,8,dew_med,50
frame_12,Rack_1,49,8,dew_med,25
frame_120,Rack_1,32,1,a&w_small,630
frame_120,Rack_1,29,4,coke_small,610
frame_120,Rack_1,43,4,coke_small,584
frame_120,Rack_1,35,4,coke_small,555
frame_120,Rack_1,45,4,coke_small,524
frame_120,Rack_1,50,4,coke_small,495
frame_120,Rack_1,30,4,coke_small,466
frame_120,Rack_1,24,17,sprite_small,412
frame_120,Rack_1,31,8,dew_med,331
frame_120,Rack_1,20,8,dew_med,302
frame_120,Rack_1,13,8,dew_med,274
frame_120,Rack_1,12,8,dew_med,247
frame_120,Rack_1,18,8,dew_med,222
frame_120,Rack_1,14,8,dew_med,197
frame_120,Rack_1,49,0,7up_med,170
frame_120,Rack_1,81,0,7up_med,145
frame_120,Rack_1,69,0,7up_med,122
frame_120,Rack_1,85,0,7up_med,97
frame_120,Rack_1,91,0,7up_med,74
frame_120,Rack_1,95,0,7up_med,50
frame_120,Rack_1,102,0,7up_med,22
frame_121,Rack_1,43,4,coke_small,587
frame_121,Rack_1,35,4,coke_small,557
frame_121,Rack_1,45,4,coke_small,527
frame_121,Rack_1,50,4,coke_small,498
frame_121,Rack_1,30,4,coke_small,468
frame_121,Rack_1,24,17,sprite_small,414
frame_121,Rack_1,34,17,sprite_small,390
frame_121,Rack_1,36,17,sprite_small,365
frame_121,Rack_1,31,8,dew_med,333
frame_121,Rack_1,20,8,dew_med,304
frame_121,Rack_1,13,8,dew_med,276
frame_121,Rack_1,12,8,dew_med,249
frame_121,Rack_1,18,8,dew_med,224
frame_121,Rack_1,14,8,dew_med,199
frame_121,Rack_1,49,0,7up_med,172
frame_121,Rack_1,81,0,7up_med,147
frame_121,Rack_1,69,0,7up_med,124
frame_121,Rack_1,85,0,7up_med,98
frame_121,Rack_1,91,0,7up_med,75
frame_121,Rack_1,95,0,7up_med,52
frame_121,Rack_1,102,0,7up_med,24
frame_122,Rack_1,29,4,coke_small,616
frame_122,Rack_1,43,4,coke_small,589
frame_122,Rack_1,35,4,coke_small,560
frame_122,Rack_1,45,4,coke_small,530
frame_122,Rack_1,50,4,coke_small,500
frame_122,Rack_1,30,4,coke_small,470
frame_122,Rack_1,42,17,sprite_small,442
frame_122,Rack_1,24,17,sprite_small,416
frame_122,Rack_1,34,17,sprite_small,392
frame_122,Rack_1,36,17,sprite_small,367
frame_122,Rack_1,31,8,dew_med,335
frame_122,Rack_1,20,8,dew_med,306
frame_122,Rack_1,13,8,dew_med,278
frame_122,Rack_1,12,8,dew_med,251
frame_122,Rack_1,18,8,dew_med,226
frame_122,Rack_1,14,8,dew_med,201
frame_122,Rack_1,49,0,7up_med,173
frame_122,Rack_1,81,0,7up_med,149
frame_122,Rack_1,69,0,7up_med,125
frame_122,Rack_1,85,0,7up_med,100
frame_122,Rack_1,91,0,7up_med,76
frame_122,Rack_1,95,0,7up_med,53
frame_122,Rack_1,102,0,7up_med,26
frame_123,Rack_1,43,4,coke_small,591
frame_123,Rack_1,35,4,coke_small,562
frame_123,Rack_1,45,4,coke_small,532
frame_123,Rack_1,50,4,coke_small,501
frame_123,Rack_1,30,4,coke_small,472
frame_123,Rack_1,42,17,sprite_small,443
frame_123,Rack_1,24,17,sprite_small,418
frame_123,Rack_1,34,17,sprite_small,394
frame_123,Rack_1,36,17,sprite_small,369
frame_123,Rack_1,31,8,dew_med,337
frame_123,Rack_1,20,8,dew_med,308
frame_123,Rack_1,13,8,dew_med,280
frame_123,Rack_1,12,8,dew_med,253
frame_123,Rack_1,18,8,dew_med,228
frame_123,Rack_1,14,8,dew_med,203
frame_123,Rack_1,49,0,7up_med,175
frame_123,Rack_1,81,0,7up_med,151
frame_123,Rack_1,69,0,7up_med,127
frame_123,Rack_1,85,0,7up_med,102
frame_123,Rack_1,91,0,7up_med,79
frame_123,Rack_1,95,0,7up_med,55
frame_123,Rack_1,102,0,7up_med,28
frame_124,Rack_1,43,4,coke_small,593
frame_124,Rack_1,35,4,coke_small,563
frame_124,Rack_1,45,4,coke_small,533
frame_124,Rack_1,50,4,coke_small,503
frame_124,Rack_1,30,4,coke_small,474
frame_124,Rack_1,42,17,sprite_small,445
frame_124,Rack_1,24,17,sprite_small,420
frame_124,Rack_1,34,17,sprite_small,396
frame_124,Rack_1,36,17,sprite_small,371
frame_124,Rack_1,31,8,dew_med,339
frame_124,Rack_1,20,8,dew_med,309
frame_124,Rack_1,13,8,dew_med,281
frame_124,Rack_1,12,8,dew_med,255
frame_124,Rack_1,18,8,dew_med,230
frame_124,Rack_1,14,8,dew_med,204
frame_124,Rack_1,49,0,7up_med,177
frame_124,Rack_1,81,0,7up_med,152
frame_124,Rack_1,69,0,7up_med,129
frame_124,Rack_1,85,0,7up_med,104
frame_124,Rack_1,91,0,7up_med,80
frame_124,Rack_1,95,0,7up_med,57
frame_124,Rack_1,102,0,7up_med,29
frame_125,Rack_1,43,4,coke_small,594
frame_125,Rack_1,35,4,coke_small,565
frame_125,Rack_1,45,4,coke_small,535
frame_125,Rack_1,50,4,coke_small,505
frame_125,Rack_1,30,4,coke_small,476
frame_125,Rack_1,42,17,sprite_small,447
frame_125,Rack_1,24,17,sprite_small,422
frame_125,Rack_1,34,17,sprite_small,397
frame_125,Rack_1,36,17,sprite_small,373
frame_125,Rack_1,31,8,dew_med,340
frame_125,Rack_1,20,8,dew_med,311
frame_125,Rack_1,13,8,dew_med,283
frame_125,Rack_1,12,8,dew_med,256
frame_125,Rack_1,18,8,dew_med,231
frame_125,Rack_1,14,8,dew_med,206
frame_125,Rack_1,49,0,7up_med,179
frame_125,Rack_1,81,0,7up_med,154
frame_125,Rack_1,69,0,7up_med,131
frame_125,Rack_1,85,0,7up_med,105
frame_125,Rack_1,91,0,7up_med,82
frame_125,Rack_1,95,0,7up_med,59
frame_125,Rack_1,102,0,7up_med,32
frame_126,Rack_1,29,4,coke_small,622
frame_126,Rack_1,43,4,coke_small,595
frame_126,Rack_1,35,4,coke_small,566
frame_126,Rack_1,45,4,coke_small,536
frame_126,Rack_1,50,4,coke_small,507
frame_126,Rack_1,30,4,coke_small,477
frame_126,Rack_1,42,17,sprite_small,449
frame_126,Rack_1,24,17,sprite_small,423
frame_126,Rack_1,34,17,sprite_small,399
frame_126,Rack_1,36,17,sprite_small,374
frame_126,Rack_1,31,8,dew_med,341
frame_126,Rack_1,20,8,dew_med,313
frame_126,Rack_1,13,8,dew_med,284
frame_126,Rack_1,12,8,dew_med,258
frame_126,Rack_1,18,8,dew_med,233
frame_126,Rack_1,14,8,dew_med,208
frame_126,Rack_1,49,0,7up_med,180
frame_126,Rack_1,81,0,7up_med,155
frame_126,Rack_1,69,0,7up_med,132
frame_126,Rack_1,85,0,7up_med,106
frame_126,Rack_1,91,0,7up_med,83
frame_126,Rack_1,95,0,7up_med,60
frame_126,Rack_1,102,0,7up_med,33
frame_127,Rack_1,29,4,coke_small,622
frame_127,Rack_1,43,4,coke_small,597
frame_127,Rack_1,35,4,coke_small,568
frame_127,Rack_1,45,4,coke_small,537
frame_127,Rack_1,50,4,coke_small,508
frame_127,Rack_1,30,4,coke_small,479
frame_127,Rack_1,42,17,sprite_small,450
frame_127,Rack_1,24,17,sprite_small,425
frame_127,Rack_1,34,17,sprite_small,400
frame_127,Rack_1,36,17,sprite_small,375
frame_127,Rack_1,31,8,dew_med,342
frame_127,Rack_1,20,8,dew_med,314
frame_127,Rack_1,13,8,dew_med,285
frame_127,Rack_1,12,8,dew_med,259
frame_127,Rack_1,18,8,dew_med,234
frame_127,Rack_1,14,8,dew_med,209
frame_127,Rack_1,49,0,7up_med,181
frame_127,Rack_1,81,0,7up_med,156
frame_127,Rack_1,69,0,7up_med,133
frame_127,Rack_1,85,0,7up_med,108
frame_127,Rack_1,91,0,7up_med,84
frame_127,Rack_1,95,0,7up_med,61
frame_127,Rack_1,102,0,7up_med,34
frame_128,Rack_1,29,4,coke_small,623
frame_128,Rack_1,43,4,coke_small,598
frame_128,Rack_1,35,4,coke_small,569
frame_128,Rack_1,45,4,coke_small,539
frame_128,Rack_1,50,4,coke_small,510
frame_128,Rack_1,30,4,coke_small,480
frame_128,Rack_1,24,17,sprite_small,426
frame_128,Rack_1,34,17,sprite_small,402
frame_128,Rack_1,36,17,sprite_small,376
frame_128,Rack_1,31,8,dew_med,343
frame_128,Rack_1,20,8,dew_med,315
frame_128,Rack_1,13,8,dew_med,287
frame_128,Rack_1,12,8,dew_med,260
frame_128,Rack_1,18,8,dew_med,235
frame_128,Rack_1,14,8,dew_med,211
frame_128,Rack_1,81,0,7up_med,158
frame_128,Rack_1,69,0,7up_med,135
frame_128,Rack_1,85,0,7up_med,110
frame_128,Rack_1,91,0,7up_med,86
frame_128,Rack_1,95,0,7up_med,63
frame_128,Rack_1,102,0,7up_med,35
frame_129,Rack_1,43,4,coke_small,600
frame_129,Rack_1,35,4,coke_small,571
frame_129,Rack_1,45,4,coke_small,541
frame_129,Rack_1,50,4,coke_small,512
frame_129,Rack_1,30,4,coke_small,481
frame_129,Rack_1,24,17,sprite_small,428
frame_129,Rack_1,34,17,sprite_small,403
frame_129,Rack_1,36,17,sprite_small,378
frame_129,Rack_1,31,8,dew_med,344
frame_129,Rack_1,20,8,dew_med,316
frame_129,Rack_1,13,8,dew_med,288
frame_129,Rack_1,12,8,dew_med,262
frame_129,Rack_1,18,8,dew_med,237
frame_129,Rack_1,14,8,dew_med,212
frame_129,Rack_1,49,0,7up_med,184
frame_129,Rack_1,81,0,7up_med,159
frame_129,Rack_1,69,0,7up_med,136
frame_129,Rack_1,85,0,7up_med,111
frame_129,Rack_1,91,0,7up_med,87
frame_129,Rack_1,95,0,7up_med,64
frame_129,Rack_1,102,0,7up_med,36
frame_13,Rack_1,51,1,a&w_small,588
frame_13,Rack_1,53,1,a&w_small,559
frame_13,Rack_1,44,1,a&w_small,534
frame_13,Rack_1,37,1,a&w_small,506
frame_13,Rack_1,26,1,a&w_small,478
frame_13,Rack_1,32,1,a&w_small,449
frame_13,Rack_1,29,1,a&w_small,420
frame_13,Rack_1,43,4,coke_small,396
frame_13,Rack_1,35,4,coke_small,371
frame_13,Rack_1,45,4,coke_small,345
frame_13,Rack_1,50,4,coke_small,320
frame_13,Rack_1,30,4,coke_small,295
frame_13,Rack_1,42,17,sprite_small,267
frame_13,Rack_1,24,17,sprite_small,242
frame_13,Rack_1,34,17,sprite_small,221
frame_13,Rack_1,36,17,sprite_small,198
frame_13,Rack_1,31,8,dew_med,172
frame_13,Rack_1,20,8,dew_med,147
frame_13,Rack_1,13,8,dew_med,120
frame_13,Rack_1,12,8,dew_med,95
frame_13,Rack_1,18,8,dew_med,74
frame_13,Rack_1,14,8,dew_med,51
frame_130,Rack_1,43,4,coke_small,601
frame_130,Rack_1,35,4,coke_small,572
frame_130,Rack_1,45,4,coke_small,542
frame_130,Rack_1,50,4,coke_small,513
frame_130,Rack_1,30,4,coke_small,483
frame_130,Rack_1,34,17,sprite_small,404
frame_130,Rack_1,31,8,dew_med,346
frame_130,Rack_1,20,8,dew_med,317
frame_130,Rack_1,13,8,dew_med,289
frame_130,Rack_1,12,8,dew_med,263
frame_130,Rack_1,18,8,dew_med,238
frame_130,Rack_1,14,8,dew_med,213
frame_130,Rack_1,49,0,7up_med,185
frame_130,Rack_1,81,0,7up_med,160
frame_130,Rack_1,69,0,7up_med,137
frame_130,Rack_1,85,0,7up_med,112
frame_130,Rack_1,91,0,7up_med,88
frame_130,Rack_1,95,0,7up_med,65
frame_130,Rack_1,102,0,7up_med,37
frame_131,Rack_1,43,4,coke_small,602
frame_131,Rack_1,35,4,coke_small,574
frame_131,Rack_1,45,4,coke_small,544
frame_131,Rack_1,50,4,coke_small,514
frame_131,Rack_1,30,4,coke_small,484
frame_131,Rack_1,24,17,sprite_small,430
frame_131,Rack_1,34,17,sprite_small,406
frame_131,Rack_1,36,17,sprite_small,380
frame_131,Rack_1,31,8,dew_med,347
frame_131,Rack_1,20,8,dew_med,319
frame_131,Rack_1,13,8,dew_med,290
frame_131,Rack_1,12,8,dew_med,264
frame_131,Rack_1,18,8,dew_med,239
frame_131,Rack_1,14,8,dew_med,214
frame_131,Rack_1,49,0,7up_med,187
frame_131,Rack_1,81,0,7up_med,161
frame_131,Rack_1,69,0,7up_med,138
frame_131,Rack_1,85,0,7up_med,113
frame_131,Rack_1,91,0,7up_med,89
frame_131,Rack_1,95,0,7up_med,66
frame_131,Rack_1,102,0,7up_med,38
frame_132,Rack_1,43,4,coke_small,604
frame_132,Rack_1,35,4,coke_small,575
frame_132,Rack_1,45,4,coke_small,546
frame_132,Rack_1,50,4,coke_small,515
frame_132,Rack_1,30,4,coke_small,485
frame_132,Rack_1,34,17,sprite_small,407
frame_132,Rack_1,36,17,sprite_small,381
frame_132,Rack_1,31,8,dew_med,348
frame_132,Rack_1,20,8,dew_med,320
frame_132,Rack_1,13,8,dew_med,291
frame_132,Rack_1,12,8,dew_med,265
frame_132,Rack_1,18,8,dew_med,240
frame_132,Rack_1,14,8,dew_med,215
frame_132,Rack_1,49,0,7up_med,187
frame_132,Rack_1,81,0,7up_med,163
frame_132,Rack_1,69,0,7up_med,139
frame_132,Rack_1,85,0,7up_med,114
frame_132,Rack_1,91,0,7up_med,90
frame_132,Rack_1,95,0,7up_med,67
frame_132,Rack_1,102,0,7up_med,39
frame_133,Rack_1,43,4,coke_small,606
frame_133,Rack_1,35,4,coke_small,577
frame_133,Rack_1,45,4,coke_small,547
frame_133,Rack_1,50,4,coke_small,517
frame_133,Rack_1,30,4,coke_small,486
frame_133,Rack_1,34,17,sprite_small,408
frame_133,Rack_1,36,17,sprite_small,382
frame_133,Rack_1,31,8,dew_med,350
frame_133,Rack_1,20,8,dew_med,321
frame_133,Rack_1,13,8,dew_med,293
frame_133,Rack_1,12,8,dew_med,266
frame_133,Rack_1,18,8,dew_med,241
frame_133,Rack_1,14,8,dew_med,216
frame_133,Rack_1,49,0,7up_med,188
frame_133,Rack_1,81,0,7up_med,163
frame_133,Rack_1,69,0,7up_med,140
frame_133,Rack_1,85,0,7up_med,115
frame_133,Rack_1,91,0,7up_med,92
frame_133,Rack_1,95,0,7up_med,68
frame_133,Rack_1,102,0,7up_med,41
frame_134,Rack_1,43,4,coke_small,607
frame_134,Rack_1,35,4,coke_small,578
frame_134,Rack_1,45,4,coke_small,548
frame_134,Rack_1,50,4,coke_small,518
frame_134,Rack_1,30,4,coke_small,488
frame_134,Rack_1,34,17,sprite_small,410
frame_134,Rack_1,36,17,sprite_small,384
frame_134,Rack_1,31,8,dew_med,351
frame_134,Rack_1,20,8,dew_med,322
frame_134,Rack_1,13,8,dew_med,294
frame_134,Rack_1,12,8,dew_med,267
frame_134,Rack_1,18,8,dew_med,242
frame_134,Rack_1,14,8,dew_med,217
frame_134,Rack_1,49,0,7up_med,189
frame_134,Rack_1,81,0,7up_med,164
frame_134,Rack_1,69,0,7up_med,141
frame_134,Rack_1,85,0,7up_med,116
frame_134,Rack_1,91,0,7up_med,92
frame_134,Rack_1,95,0,7up_med,69
frame_134,Rack_1,102,0,7up_med,42
frame_135,Rack_1,43,4,coke_small,608
frame_135,Rack_1,35,4,coke_small,579
frame_135,Rack_1,45,4,coke_small,549
frame_135,Rack_1,50,4,coke_small,519
frame_135,Rack_1,30,4,coke_small,489
frame_135,Rack_1,24,17,sprite_small,435
frame_135,Rack_1,34,17,sprite_small,411
frame_135,Rack_1,36,17,sprite_small,385
frame_135,Rack_1,31,8,dew_med,352
frame_135,Rack_1,20,8,dew_med,323
frame_135,Rack_1,13,8,dew_med,295
frame_135,Rack_1,12,8,dew_med,268
frame_135,Rack_1,18,8,dew_med,243
frame_135,Rack_1,14,8,dew_med,218
frame_135,Rack_1,49,0,7up_med,190
frame_135,Rack_1,112,8,dew_med,190
frame_135,Rack_1,81,0,7up_med,165
frame_135,Rack_1,69,0,7up_med,142
frame_135,Rack_1,85,0,7up_med,117
frame_135,Rack_1,91,0,7up_med,93
frame_135,Rack_1,95,0,7up_med,70
frame_135,Rack_1,102,0,7up_med,42
frame_136,Rack_1,43,4,coke_small,610
frame_136,Rack_1,35,4,coke_small,580
frame_136,Rack_1,45,4,coke_small,550
frame_136,Rack_1,50,4,coke_small,520
frame_136,Rack_1,30,4,coke_small,490
frame_136,Rack_1,34,17,sprite_small,411
frame_136,Rack_1,36,17,sprite_small,386
frame_136,Rack_1,31,8,dew_med,352
frame_136,Rack_1,20,8,dew_med,324
frame_136,Rack_1,13,8,dew_med,295
frame_136,Rack_1,12,8,dew_med,269
frame_136,Rack_1,18,8,dew_med,244
frame_136,Rack_1,14,8,dew_med,218
frame_136,Rack_1,49,0,7up_med,191
frame_136,Rack_1,112,8,dew_med,190
frame_136,Rack_1,81,0,7up_med,166
frame_136,Rack_1,69,0,7up_med,143
frame_136,Rack_1,85,0,7up_med,117
frame_136,Rack_1,91,0,7up_med,94
frame_136,Rack_1,95,0,7up_med,71
frame_136,Rack_1,102,0,7up_med,43
frame_137,Rack_1,43,4,coke_small,611
frame_137,Rack_1,35,4,coke_small,580
frame_137,Rack_1,45,4,coke_small,550
frame_137,Rack_1,50,4,coke_small,521
frame_137,Rack_1,30,4,coke_small,491
frame_137,Rack_1,34,17,sprite_small,412
frame_137,Rack_1,36,17,sprite_small,386
frame_137,Rack_1,31,8,dew_med,353
frame_137,Rack_1,20,8,dew_med,325
frame_137,Rack_1,13,8,dew_med,296
frame_137,Rack_1,12,8,dew_med,269
frame_137,Rack_1,18,8,dew_med,244
frame_137,Rack_1,14,8,dew_med,219
frame_137,Rack_1,49,0,7up_med,192
frame_137,Rack_1,112,8,dew_med,191
frame_137,Rack_1,81,0,7up_med,167
frame_137,Rack_1,69,0,7up_med,143
frame_137,Rack_1,85,0,7up_med,118
frame_137,Rack_1,91,0,7up_med,95
frame_137,Rack_1,95,0,7up_med,71
frame_137,Rack_1,102,0,7up_med,44
frame_138,Rack_1,43,4,coke_small,611
frame_138,Rack_1,35,4,coke_small,580
frame_138,Rack_1,45,4,coke_small,551
frame_138,Rack_1,50,4,coke_small,521
frame_138,Rack_1,30,4,coke_small,491
frame_138,Rack_1,34,17,sprite_small,412
frame_138,Rack_1,36,17,sprite_small,387
frame_138,Rack_1,31,8,dew_med,353
frame_138,Rack_1,20,8,dew_med,325
frame_138,Rack_1,13,8,dew_med,296
frame_138,Rack_1,12,8,dew_med,270
frame_138,Rack_1,18,8,dew_med,245
frame_138,Rack_1,14,8,dew_med,220
frame_138,Rack_1,49,0,7up_med,192
frame_138,Rack_1,112,8,dew_med,192
frame_138,Rack_1,81,0,7up_med,167
frame_138,Rack_1,69,0,7up_med,144
frame_138,Rack_1,85,0,7up_med,119
frame_138,Rack_1,95,0,7up_med,71
frame_138,Rack_1,102,0,7up_med,44
frame_139,Rack_1,43,4,coke_small,611
frame_139,Rack_1,35,4,coke_small,581
frame_139,Rack_1,45,4,coke_small,552
frame_139,Rack_1,50,4,coke_small,521
frame_139,Rack_1,30,4,coke_small,491
frame_139,Rack_1,34,17,sprite_small,412
frame_139,Rack_1,36,17,sprite_small,387
frame_139,Rack_1,31,8,dew_med,353
frame_139,Rack_1,20,8,dew_med,325
frame_139,Rack_1,13,8,dew_med,296
frame_139,Rack_1,12,8,dew_med,270
frame_139,Rack_1,18,8,dew_med,245
frame_139,Rack_1,14,8,dew_med,220
frame_139,Rack_1,49,0,7up_med,193
frame_139,Rack_1,112,8,dew_med,192
frame_139,Rack_1,81,0,7up_med,168
frame_139,Rack_1,69,0,7up_med,144
frame_139,Rack_1,85,0,7up_med,119
frame_139,Rack_1,95,0,7up_med,71
frame_139,Rack_1,102,0,7up_med,44
frame_14,Rack_1,51,1,a&w_small,589
frame_14,Rack_1,53,1,a&w_small,560
frame_14,Rack_1,44,1,a&w_small,535
frame_14,Rack_1,37,1,a&w_small,507
frame_14,Rack_1,26,1,a&w_small,478
frame_14,Rack_1,32,1,a&w_small,450
frame_14,Rack_1,29,1,a&w_small,421
frame_14,Rack_1,43,4,coke_small,396
frame_14,Rack_1,35,4,coke_small,372
frame_14,Rack_1,45,4,coke_small,345
frame_14,Rack_1,50,4,coke_small,320
frame_14,Rack_1,30,4,coke_small,295
frame_14,Rack_1,42,17,sprite_small,267
frame_14,Rack_1,24,17,sprite_small,243
frame_14,Rack_1,34,17,sprite_small,222
frame_14,Rack_1,36,17,sprite_small,200
frame_14,Rack_1,31,8,dew_med,173
frame_14,Rack_1,20,8,dew_med,147
frame_14,Rack_1,13,8,dew_med,121
frame_14,Rack_1,12,8,dew_med,96
frame_14,Rack_1,18,8,dew_med,74
frame_14,Rack_1,14,8,dew_med,52
frame_14,Rack_1,49,8,dew_med,25
frame_140,Rack_1,43,4,coke_small,612
frame_140,Rack_1,35,4,coke_small,582
frame_140,Rack_1,45,4,coke_small,552
frame_140,Rack_1,50,4,coke_small,522
frame_140,Rack_1,30,4,coke_small,492
frame_140,Rack_1,34,17,sprite_small,412
frame_140,Rack_1,36,17,sprite_small,387
frame_140,Rack_1,31,8,dew_med,353
frame_140,Rack_1,20,8,dew_med,325
frame_140,Rack_1,13,8,dew_med,296
frame_140,Rack_1,12,8,dew_med,270
frame_140,Rack_1,18,8,dew_med,245
frame_140,Rack_1,14,8,dew_med,220
frame_140,Rack_1,49,0,7up_med,193
frame_140,Rack_1,112,8,dew_med,192
frame_140,Rack_1,81,0,7up_med,168
frame_140,Rack_1,69,0,7up_med,144
frame_140,Rack_1,85,0,7up_med,119
frame_140,Rack_1,91,0,7up_med,96
frame_140,Rack_1,95,0,7up_med,72
frame_140,Rack_1,102,0,7up_med,44
frame_141,Rack_1,43,4,coke_small,613
frame_141,Rack_1,35,4,coke_small,582
frame_141,Rack_1,45,4,coke_small,552
frame_141,Rack_1,50,4,coke_small,522
frame_141,Rack_1,30,4,coke_small,492
frame_141,Rack_1,34,17,sprite_small,412
frame_141,Rack_1,36,17,sprite_small,387
frame_141,Rack_1,31,8,dew_med,353
frame_141,Rack_1,20,8,dew_med,325
frame_141,Rack_1,13,8,dew_med,297
frame_141,Rack_1,12,8,dew_med,270
frame_141,Rack_1,18,8,dew_med,245
frame_141,Rack_1,14,8,dew_med,220
frame_141,Rack_1,112,8,dew_med,192
frame_141,Rack_1,81,0,7up_med,168
frame_141,Rack_1,69,0,7up_med,144
frame_141,Rack_1,85,0,7up_med,119
frame_141,Rack_1,91,0,7up_med,96
frame_141,Rack_1,95,0,7up_med,71
frame_141,Rack_1,102,0,7up_med,44
frame_142,Rack_1,43,4,coke_small,613
frame_142,Rack_1,35,4,coke_small,583
frame_142,Rack_1,45,4,coke_small,552
frame_142,Rack_1,50,4,coke_small,522
frame_142,Rack_1,30,4,coke_small,492
frame_142,Rack_1,34,17,sprite_small,412
frame_142,Rack_1,36,17,sprite_small,387
frame_142,Rack_1,31,8,dew_med,353
frame_142,Rack_1,20,8,dew_med,325
frame_142,Rack_1,13,8,dew_med,296
frame_142,Rack_1,12,8,dew_med,270
frame_142,Rack_1,18,8,dew_med,244
frame_142,Rack_1,14,8,dew_med,220
frame_142,Rack_1,49,0,7up_med,192
frame_142,Rack_1,112,8,dew_med,192
frame_142,Rack_1,81,0,7up_med,167
frame_142,Rack_1,69,0,7up_med,143
frame_142,Rack_1,85,0,7up_med,118
frame_142,Rack_1,91,0,7up_med,95
frame_142,Rack_1,95,0,7up_med,71
frame_142,Rack_1,102,0,7up_med,44
frame_143,Rack_1,43,4,coke_small,614
frame_143,Rack_1,35,4,coke_small,583
frame_143,Rack_1,45,4,coke_small,552
frame_143,Rack_1,50,4,coke_small,522
frame_143,Rack_1,30,4,coke_small,492
frame_143,Rack_1,34,17,sprite_small,412
frame_143,Rack_1,36,17,sprite_small,387
frame_143,Rack_1,31,8,dew_med,353
frame_143,Rack_1,20,8,dew_med,325
frame_143,Rack_1,13,8,dew_med,296
frame_143,Rack_1,12,8,dew_med,270
frame_143,Rack_1,18,8,dew_med,244
frame_143,Rack_1,14,8,dew_med,219
frame_143,Rack_1,49,0,7up_med,192
frame_143,Rack_1,112,8,dew_med,191
frame_143,Rack_1,81,0,7up_med,167
frame_143,Rack_1,69,0,7up_med,143
frame_143,Rack_1,85,0,7up_med,117
frame_143,Rack_1,91,0,7up_med,95
frame_143,Rack_1,95,0,7up_med,71
frame_143,Rack_1,102,0,7up_med,43
frame_144,Rack_1,43,4,coke_small,614
frame_144,Rack_1,35,4,coke_small,583
frame_144,Rack_1,45,4,coke_small,552
frame_144,Rack_1,50,4,coke_small,522
frame_144,Rack_1,30,4,coke_small,492
frame_144,Rack_1,34,17,sprite_small,412
frame_144,Rack_1,36,17,sprite_small,386
frame_144,Rack_1,31,8,dew_med,353
frame_144,Rack_1,20,8,dew_med,324
frame_144,Rack_1,13,8,dew_med,296
frame_144,Rack_1,12,8,dew_med,269
frame_144,Rack_1,18,8,dew_med,244
frame_144,Rack_1,14,8,dew_med,219
frame_144,Rack_1,49,0,7up_med,192
frame_144,Rack_1,112,8,dew_med,191
frame_144,Rack_1,81,0,7up_med,166
frame_144,Rack_1,69,0,7up_med,142
frame_144,Rack_1,85,0,7up_med,117
frame_144,Rack_1,91,0,7up_med,94
frame_144,Rack_1,95,0,7up_med,70
frame_144,Rack_1,102,0,7up_med,43
frame_145,Rack_1,43,4,coke_small,613
frame_145,Rack_1,35,4,coke_small,583
frame_145,Rack_1,45,4,coke_small,552
frame_145,Rack_1,50,4,coke_small,522
frame_145,Rack_1,30,4,coke_small,492
frame_145,Rack_1,24,17,sprite_small,437
frame_145,Rack_1,34,17,sprite_small,412
frame_145,Rack_1,31,8,dew_med,353
frame_145,Rack_1,20,8,dew_med,324
frame_145,Rack_1,13,8,dew_med,295
frame_145,Rack_1,12,8,dew_med,269
frame_145,Rack_1,18,8,dew_med,244
frame_145,Rack_1,14,8,dew_med,218
frame_145,Rack_1,49,0,7up_med,191
frame_145,Rack_1,112,8,dew_med,190
frame_145,Rack_1,81,0,7up_med,166
frame_145,Rack_1,69,0,7up_med,142
frame_145,Rack_1,85,0,7up_med,116
frame_145,Rack_1,91,0,7up_med,93
frame_145,Rack_1,95,0,7up_med,70
frame_145,Rack_1,102,0,7up_med,42
frame_146,Rack_1,43,4,coke_small,613
frame_146,Rack_1,35,4,coke_small,583
frame_146,Rack_1,45,4,coke_small,552
frame_146,Rack_1,50,4,coke_small,521
frame_146,Rack_1,30,4,coke_small,491
frame_146,Rack_1,24,17,sprite_small,437
frame_146,Rack_1,34,17,sprite_small,411
frame_146,Rack_1,31,8,dew_med,352
frame_146,Rack_1,20,8,dew_med,324
frame_146,Rack_1,13,8,dew_med,295
frame_146,Rack_1,12,8,dew_med,268
frame_146,Rack_1,18,8,dew_med,243
frame_146,Rack_1,14,8,dew_med,218
frame_146,Rack_1,49,0,7up_med,190
frame_146,Rack_1,112,8,dew_med,190
frame_146,Rack_1,81,0,7up_med,165
frame_146,Rack_1,69,0,7up_med,141
frame_146,Rack_1,85,0,7up_med,116
frame_146,Rack_1,91,0,7up_med,93
frame_146,Rack_1,95,0,7up_med,70
frame_146,Rack_1,102,0,7up_med,42
frame_147,Rack_1,43,4,coke_small,612
frame_147,Rack_1,35,4,coke_small,582
frame_147,Rack_1,45,4,coke_small,552
frame_147,Rack_1,50,4,coke_small,521
frame_147,Rack_1,30,4,coke_small,491
frame_147,Rack_1,34,17,sprite_small,411
frame_147,Rack_1,31,8,dew_med,352
frame_147,Rack_1,20,8,dew_med,323
frame_147,Rack_1,13,8,dew_med,294
frame_147,Rack_1,12,8,dew_med,268
frame_147,Rack_1,18,8,dew_med,243
frame_147,Rack_1,14,8,dew_med,217
frame_147,Rack_1,49,0,7up_med,190
frame_147,Rack_1,112,8,dew_med,190
frame_147,Rack_1,81,0,7up_med,165
frame_147,Rack_1,69,0,7up_med,141
frame_147,Rack_1,85,0,7up_med,115
frame_147,Rack_1,91,0,7up_med,93
frame_147,Rack_1,95,0,7up_med,69
frame_147,Rack_1,102,0,7up_med,41
frame_148,Rack_1,43,4,coke_small,611
frame_148,Rack_1,35,4,coke_small,582
frame_148,Rack_1,45,4,coke_small,551
frame_148,Rack_1,50,4,coke_small,521
frame_148,Rack_1,30,4,coke_small,490
frame_148,Rack_1,42,17,sprite_small,462
frame_148,Rack_1,24,17,sprite_small,436
frame_148,Rack_1,34,17,sprite_small,410
frame_148,Rack_1,36,17,sprite_small,385
frame_148,Rack_1,31,8,dew_med,352
frame_148,Rack_1,20,8,dew_med,323
frame_148,Rack_1,13,8,dew_med,294
frame_148,Rack_1,12,8,dew_med,268
frame_148,Rack_1,18,8,dew_med,242
frame_148,Rack_1,14,8,dew_med,217
frame_148,Rack_1,112,8,dew_med,189
frame_148,Rack_1,81,0,7up_med,164
frame_148,Rack_1,69,0,7up_med,140
frame_148,Rack_1,85,0,7up_med,115
frame_148,Rack_1,91,0,7up_med,92
frame_148,Rack_1,95,0,7up_med,69
frame_148,Rack_1,102,0,7up_med,41
frame_15,Rack_1,51,1,a&w_small,589
frame_15,Rack_1,53,1,a&w_small,561
frame_15,Rack_1,44,1,a&w_small,536
frame_15,Rack_1,37,1,a&w_small,508
frame_15,Rack_1,26,1,a&w_small,479
frame_15,Rack_1,32,1,a&w_small,450
frame_15,Rack_1,29,1,a&w_small,421
frame_15,Rack_1,43,4,coke_small,397
frame_15,Rack_1,35,4,coke_small,373
frame_15,Rack_1,45,4,coke_small,346
frame_15,Rack_1,50,4,coke_small,321
frame_15,Rack_1,30,4,coke_small,296
frame_15,Rack_1,42,17,sprite_small,268
frame_15,Rack_1,24,17,sprite_small,243
frame_15,Rack_1,34,17,sprite_small,222
frame_15,Rack_1,36,17,sprite_small,201
frame_15,Rack_1,31,8,dew_med,174
frame_15,Rack_1,20,8,dew_med,148
frame_15,Rack_1,13,8,dew_med,122
frame_15,Rack_1,12,8,dew_med,97
frame_15,Rack_1,18,8,dew_med,75
frame_15,Rack_1,14,8,dew_med,52
frame_15,Rack_1,49,8,dew_med,26
frame_16,Rack_1,51,1,a&w_small,590
frame_16,Rack_1,53,1,a&w_small,562
frame_16,Rack_1,44,1,a&w_small,538
frame_16,Rack_1,37,1,a&w_small,509
frame_16,Rack_1,26,1,a&w_small,480
frame_16,Rack_1,32,1,a&w_small,451
frame_16,Rack_1,29,1,a&w_small,422
frame_16,Rack_1,43,4,coke_small,398
frame_16,Rack_1,35,4,coke_small,373
frame_16,Rack_1,45,4,coke_small,347
frame_16,Rack_1,50,4,coke_small,322
frame_16,Rack_1,30,4,coke_small,297
frame_16,Rack_1,42,17,sprite_small,269
frame_16,Rack_1,24,17,sprite_small,244
frame_16,Rack_1,34,17,sprite_small,223
frame_16,Rack_1,36,17,sprite_small,201
frame_16,Rack_1,31,8,dew_med,174
frame_16,Rack_1,20,8,dew_med,148
frame_16,Rack_1,13,8,dew_med,123
frame_16,Rack_1,12,8,dew_med,98
frame_16,Rack_1,18,8,dew_med,75
frame_16,Rack_1,14,8,dew_med,53
frame_16,Rack_1,49,8,dew_med,26
frame_17,Rack_1,51,1,a&w_small,591
frame_17,Rack_1,53,1,a&w_small,563
frame_17,Rack_1,44,1,a&w_small,538
frame_17,Rack_1,37,1,a&w_small,510
frame_17,Rack_1,26,1,a&w_small,481
frame_17,Rack_1,32,1,a&w_small,451
frame_17,Rack_1,29,1,a&w_small,424
frame_17,Rack_1,43,4,coke_small,399
frame_17,Rack_1,35,4,coke_small,374
frame_17,Rack_1,45,4,coke_small,348
frame_17,Rack_1,50,4,coke_small,323
frame_17,Rack_1,30,4,coke_small,298
frame_17,Rack_1,42,17,sprite_small,270
frame_17,Rack_1,24,17,sprite_small,245
frame_17,Rack_1,34,17,sprite_small,223
frame_17,Rack_1,36,17,sprite_small,202
frame_17,Rack_1,31,8,dew_med,176
frame_17,Rack_1,20,8,dew_med,149
frame_17,Rack_1,13,8,dew_med,123
frame_17,Rack_1,12,8,dew_med,99
frame_17,Rack_1,18,8,dew_med,76
frame_17,Rack_1,14,8,dew_med,53
frame_17,Rack_1,49,8,dew_med,27
frame_18,Rack_1,51,1,a&w_small,592
frame_18,Rack_1,53,1,a&w_small,564
frame_18,Rack_1,44,1,a&w_small,539
frame_18,Rack_1,37,1,a&w_small,511
frame_18,Rack_1,26,1,a&w_small,482
frame_18,Rack_1,32,1,a&w_small,452
frame_18,Rack_1,29,1,a&w_small,425
frame_18,Rack_1,43,4,coke_small,400
frame_18,Rack_1,35,4,coke_small,375
frame_18,Rack_1,45,4,coke_small,349
frame_18,Rack_1,50,4,coke_small,324
frame_18,Rack_1,30,4,coke_small,299
frame_18,Rack_1,42,17,sprite_small,270
frame_18,Rack_1,24,17,sprite_small,246
frame_18,Rack_1,34,17,sprite_small,224
frame_18,Rack_1,36,17,sprite_small,203
frame_18,Rack_1,31,8,dew_med,176
frame_18,Rack_1,20,8,dew_med,150
frame_18,Rack_1,13,8,dew_med,124
frame_18,Rack_1,12,8,dew_med,100
frame_18,Rack_1,18,8,dew_med,77
frame_18,Rack_1,14,8,dew_med,54
frame_18,Rack_1,49,8,dew_med,28
frame_19,Rack_1,51,1,a&w_small,593
frame_19,Rack_1,53,1,a&w_small,564
frame_19,Rack_1,44,1,a&w_small,540
frame_19,Rack_1,37,1,a&w_small,512
frame_19,Rack_1,26,1,a&w_small,483
frame_19,Rack_1,32,1,a&w_small,454
frame_19,Rack_1,29,1,a&w_small,426
frame_19,Rack_1,43,4,coke_small,401
frame_19,Rack_1,35,4,coke_small,376
frame_19,Rack_1,45,4,coke_small,350
frame_19,Rack_1,50,4,coke_small,325
frame_19,Rack_1,30,4,coke_small,300
frame_19,Rack_1,42,17,sprite_small,271
frame_19,Rack_1,24,17,sprite_small,247
frame_19,Rack_1,34,17,sprite_small,226
frame_19,Rack_1,36,17,sprite_small,204
frame_19,Rack_1,31,8,dew_med,177
frame_19,Rack_1,20,8,dew_med,151
frame_19,Rack_1,13,8,dew_med,125
frame_19,Rack_1,12,8,dew_med,101
frame_19,Rack_1,18,8,dew_med,78
frame_19,Rack_1,14,8,dew_med,55
frame_2,Rack_1,51,1,a&w_small,583
frame_2,Rack_1,53,1,a&w_small,555
frame_2,Rack_1,44,1,a&w_small,530
frame_2,Rack_1,37,1,a&w_small,501
frame_2,Rack_1,26,1,a&w_small,473
frame_2,Rack_1,32,1,a&w_small,444
frame_2,Rack_1,29,1,a&w_small,416
frame_2,Rack_1,43,4,coke_small,391
frame_2,Rack_1,35,4,coke_small,367
frame_2,Rack_1,45,4,coke_small,341
frame_2,Rack_1,50,4,coke_small,316
frame_2,Rack_1,30,4,coke_small,291
frame_2,Rack_1,42,17,sprite_small,262
frame_2,Rack_1,24,17,sprite_small,237
frame_2,Rack_1,34,17,sprite_small,216
frame_2,Rack_1,36,17,sprite_small,194
frame_2,Rack_1,31,8,dew_med,167
frame_2,Rack_1,20,8,dew_med,141
frame_2,Rack_1,13,8,dew_med,115
frame_2,Rack_1,12,8,dew_med,90
frame_2,Rack_1,18,8,dew_med,67
frame_2,Rack_1,14,8,dew_med,44
frame_2,Rack_1,49,8,dew_med,18
frame_20,Rack_1,51,1,a&w_small,594
frame_20,Rack_1,53,1,a&w_small,565
frame_20,Rack_1,44,1,a&w_small,541
frame_20,Rack_1,37,1,a&w_small,513
frame_20,Rack_1,26,1,a&w_small,484
frame_20,Rack_1,32,1,a&w_small,454
frame_20,Rack_1,29,1,a&w_small,427
frame_20,Rack_1,43,4,coke_small,402
frame_20,Rack_1,35,4,coke_small,377
frame_20,Rack_1,45,4,coke_small,351
frame_20,Rack_1,50,4,coke_small,326
frame_20,Rack_1,30,4,coke_small,301
frame_20,Rack_1,42,17,sprite_small,272
frame_20,Rack_1,24,17,sprite_small,248
frame_20,Rack_1,34,17,sprite_small,227
frame_20,Rack_1,36,17,sprite_small,205
frame_20,Rack_1,31,8,dew_med,178
frame_20,Rack_1,20,8,dew_med,153
frame_20,Rack_1,13,8,dew_med,126
frame_20,Rack_1,12,8,dew_med,102
frame_20,Rack_1,18,8,dew_med,79
frame_20,Rack_1,14,8,dew_med,57
frame_20,Rack_1,49,8,dew_med,31
frame_21,Rack_1,51,1,a&w_small,596
frame_21,Rack_1,53,1,a&w_small,568
frame_21,Rack_1,44,1,a&w_small,543
frame_21,Rack_1,37,1,a&w_small,514
frame_21,Rack_1,26,1,a&w_small,485
frame_21,Rack_1,32,1,a&w_small,455
frame_21,Rack_1,29,1,a&w_small,427
frame_21,Rack_1,43,4,coke_small,403
frame_21,Rack_1,35,4,coke_small,378
frame_21,Rack_1,45,4,coke_small,352
frame_21,Rack_1,50,4,coke_small,327
frame_21,Rack_1,30,4,coke_small,302
frame_21,Rack_1,42,17,sprite_small,274
frame_21,Rack_1,24,17,sprite_small,249
frame_21,Rack_1,34,17,sprite_small,228
frame_21,Rack_1,36,17,sprite_small,206
frame_21,Rack_1,31,8,dew_med,180
frame_21,Rack_1,20,8,dew_med,154
frame_21,Rack_1,13,8,dew_med,128
frame_21,Rack_1,12,8,dew_med,103
frame_21,Rack_1,18,8,dew_med,81
frame_21,Rack_1,14,8,dew_med,58
frame_21,Rack_1,49,8,dew_med,30
frame_22,Rack_1,51,1,a&w_small,598
frame_22,Rack_1,53,1,a&w_small,570
frame_22,Rack_1,44,1,a&w_small,544
frame_22,Rack_1,37,1,a&w_small,516
frame_22,Rack_1,26,1,a&w_small,487
frame_22,Rack_1,32,1,a&w_small,457
frame_22,Rack_1,29,1,a&w_small,429
frame_22,Rack_1,43,4,coke_small,405
frame_22,Rack_1,35,4,coke_small,380
frame_22,Rack_1,45,4,coke_small,354
frame_22,Rack_1,50,4,coke_small,328
frame_22,Rack_1,30,4,coke_small,304
frame_22,Rack_1,42,17,sprite_small,275
frame_22,Rack_1,24,17,sprite_small,251
frame_22,Rack_1,34,17,sprite_small,229
frame_22,Rack_1,36,17,sprite_small,208
frame_22,Rack_1,31,8,dew_med,181
frame_22,Rack_1,20,8,dew_med,155
frame_22,Rack_1,13,8,dew_med,129
frame_22,Rack_1,12,8,dew_med,105
frame_22,Rack_1,18,8,dew_med,82
frame_22,Rack_1,14,8,dew_med,59
frame_22,Rack_1,49,8,dew_med,32
frame_23,Rack_1,51,1,a&w_small,600
frame_23,Rack_1,53,1,a&w_small,571
frame_23,Rack_1,44,1,a&w_small,545
frame_23,Rack_1,37,1,a&w_small,517
frame_23,Rack_1,26,1,a&w_small,488
frame_23,Rack_1,32,1,a&w_small,458
frame_23,Rack_1,29,1,a&w_small,430
frame_23,Rack_1,43,4,coke_small,406
frame_23,Rack_1,35,4,coke_small,382
frame_23,Rack_1,45,4,coke_small,356
frame_23,Rack_1,50,4,coke_small,330
frame_23,Rack_1,30,4,coke_small,305
frame_23,Rack_1,42,17,sprite_small,276
frame_23,Rack_1,24,17,sprite_small,252
frame_23,Rack_1,34,17,sprite_small,230
frame_23,Rack_1,36,17,sprite_small,209
frame_23,Rack_1,31,8,dew_med,182
frame_23,Rack_1,20,8,dew_med,156
frame_23,Rack_1,13,8,dew_med,130
frame_23,Rack_1,12,8,dew_med,106
frame_23,Rack_1,18,8,dew_med,84
frame_23,Rack_1,14,8,dew_med,61
frame_23,Rack_1,49,8,dew_med,31
frame_24,Rack_1,51,1,a&w_small,602
frame_24,Rack_1,53,1,a&w_small,571
frame_24,Rack_1,44,1,a&w_small,547
frame_24,Rack_1,37,1,a&w_small,519
frame_24,Rack_1,26,1,a&w_small,489
frame_24,Rack_1,32,1,a&w_small,459
frame_24,Rack_1,29,1,a&w_small,432
frame_24,Rack_1,43,4,coke_small,408
frame_24,Rack_1,35,4,coke_small,383
frame_24,Rack_1,45,4,coke_small,357
frame_24,Rack_1,50,4,coke_small,331
frame_24,Rack_1,30,4,coke_small,307
frame_24,Rack_1,42,17,sprite_small,278
frame_24,Rack_1,24,17,sprite_small,253
frame_24,Rack_1,34,17,sprite_small,232
frame_24,Rack_1,36,17,sprite_small,210
frame_24,Rack_1,31,8,dew_med,183
frame_24,Rack_1,20,8,dew_med,158
frame_24,Rack_1,13,8,dew_med,132
frame_24,Rack_1,12,8,dew_med,107
frame_24,Rack_1,18,8,dew_med,84
frame_24,Rack_1,14,8,dew_med,62
frame_24,Rack_1,49,8,dew_med,30
frame_25,Rack_1,51,1,a&w_small,604
frame_25,Rack_1,53,1,a&w_small,573
frame_25,Rack_1,44,1,a&w_small,548
frame_25,Rack_1,37,1,a&w_small,520
frame_25,Rack_1,26,1,a&w_small,491
frame_25,Rack_1,32,1,a&w_small,460
frame_25,Rack_1,29,1,a&w_small,433
frame_25,Rack_1,43,4,coke_small,409
frame_25,Rack_1,35,4,coke_small,384
frame_25,Rack_1,45,4,coke_small,358
frame_25,Rack_1,50,4,coke_small,332
frame_25,Rack_1,30,4,coke_small,308
frame_25,Rack_1,42,17,sprite_small,278
frame_25,Rack_1,24,17,sprite_small,254
frame_25,Rack_1,34,17,sprite_small,233
frame_25,Rack_1,36,17,sprite_small,211
frame_25,Rack_1,31,8,dew_med,185
frame_25,Rack_1,20,8,dew_med,158
frame_25,Rack_1,13,8,dew_med,132
frame_25,Rack_1,12,8,dew_med,108
frame_25,Rack_1,18,8,dew_med,86
frame_25,Rack_1,14,8,dew_med,64
frame_25,Rack_1,49,8,dew_med,33
frame_26,Rack_1,51,1,a&w_small,605
frame_26,Rack_1,53,1,a&w_small,575
frame_26,Rack_1,44,1,a&w_small,549
frame_26,Rack_1,37,1,a&w_small,521
frame_26,Rack_1,26,1,a&w_small,491
frame_26,Rack_1,32,1,a&w_small,461
frame_26,Rack_1,29,1,a&w_small,433
frame_26,Rack_1,43,4,coke_small,409
frame_26,Rack_1,35,4,coke_small,385
frame_26,Rack_1,45,4,coke_small,358
frame_26,Rack_1,50,4,coke_small,333
frame_26,Rack_1,30,4,coke_small,308
frame_26,Rack_1,42,17,sprite_small,279
frame_26,Rack_1,24,17,sprite_small,256
frame_26,Rack_1,34,17,sprite_small,234
frame_26,Rack_1,36,17,sprite_small,212
frame_26,Rack_1,31,8,dew_med,186
frame_26,Rack_1,20,8,dew_med,159
frame_26,Rack_1,13,8,dew_med,133
frame_26,Rack_1,12,8,dew_med,109
frame_26,Rack_1,18,8,dew_med,87
frame_26,Rack_1,14,8,dew_med,65
frame_26,Rack_1,49,8,dew_med,36
frame_27,Rack_1,51,1,a&w_small,604
frame_27,Rack_1,53,1,a&w_small,576
frame_27,Rack_1,44,1,a&w_small,550
frame_27,Rack_1,37,1,a&w_small,522
frame_27,Rack_1,26,1,a&w_small,492
frame_27,Rack_1,32,1,a&w_small,462
frame_27,Rack_1,29,1,a&w_small,434
frame_27,Rack_1,43,4,coke_small,410
frame_27,Rack_1,35,4,coke_small,386
frame_27,Rack_1,45,4,coke_small,359
frame_27,Rack_1,50,4,coke_small,334
frame_27,Rack_1,30,4,coke_small,309
frame_27,Rack_1,42,17,sprite_small,279
frame_27,Rack_1,24,17,sprite_small,256
frame_27,Rack_1,34,17,sprite_small,235
frame_27,Rack_1,36,17,sprite_small,213
frame_27,Rack_1,31,8,dew_med,186
frame_27,Rack_1,20,8,dew_med,160
frame_27,Rack_1,13,8,dew_med,135
frame_27,Rack_1,12,8,dew_med,110
frame_27,Rack_1,18,8,dew_med,88
frame_27,Rack_1,14,8,dew_med,66
frame_27,Rack_1,49,8,dew_med,39
frame_28,Rack_1,51,1,a&w_small,604
frame_28,Rack_1,53,1,a&w_small,577
frame_28,Rack_1,44,1,a&w_small,551
frame_28,Rack_1,37,1,a&w_small,523
frame_28,Rack_1,26,1,a&w_small,493
frame_28,Rack_1,32,1,a&w_small,463
frame_28,Rack_1,29,1,a&w_small,434
frame_28,Rack_1,43,4,coke_small,411
frame_28,Rack_1,35,4,coke_small,387
frame_28,Rack_1,45,4,coke_small,360
frame_28,Rack_1,50,4,coke_small,334
frame_28,Rack_1,30,4,coke_small,309
frame_28,Rack_1,42,17,sprite_small,280
frame_28,Rack_1,24,17,sprite_small,257
frame_28,Rack_1,34,17,sprite_small,236
frame_28,Rack_1,36,17,sprite_small,214
frame_28,Rack_1,31,8,dew_med,187
frame_28,Rack_1,20,8,dew_med,161
frame_28,Rack_1,13,8,dew_med,136
frame_28,Rack_1,12,8,dew_med,111
frame_28,Rack_1,18,8,dew_med,89
frame_28,Rack_1,14,8,dew_med,66
frame_28,Rack_1,49,8,dew_med,40
frame_29,Rack_1,51,1,a&w_small,606
frame_29,Rack_1,53,1,a&w_small,578
frame_29,Rack_1,44,1,a&w_small,552
frame_29,Rack_1,37,1,a&w_small,524
frame_29,Rack_1,26,1,a&w_small,494
frame_29,Rack_1,32,1,a&w_small,464
frame_29,Rack_1,29,1,a&w_small,435
frame_29,Rack_1,43,4,coke_small,412
frame_29,Rack_1,35,4,coke_small,387
frame_29,Rack_1,45,4,coke_small,361
frame_29,Rack_1,50,4,coke_small,335
frame_29,Rack_1,30,4,coke_small,310
frame_29,Rack_1,42,17,sprite_small,281
frame_29,Rack_1,24,17,sprite_small,257
frame_29,Rack_1,34,17,sprite_small,237
frame_29,Rack_1,36,17,sprite_small,215
frame_29,Rack_1,31,8,dew_med,188
frame_29,Rack_1,20,8,dew_med,162
frame_29,Rack_1,13,8,dew_med,136
frame_29,Rack_1,12,8,dew_med,112
frame_29,Rack_1,18,8,dew_med,90
frame_29,Rack_1,14,8,dew_med,67
frame_29,Rack_1,49,8,dew_med,41
frame_3,Rack_1,51,1,a&w_small,583
frame_3,Rack_1,53,1,a&w_small,555
frame_3,Rack_1,44,1,a&w_small,530
frame_3,Rack_1,37,1,a&w_small,502
frame_3,Rack_1,26,1,a&w_small,473
frame_3,Rack_1,32,1,a&w_small,444
frame_3,Rack_1,29,1,a&w_small,417
frame_3,Rack_1,43,4,coke_small,392
frame_3,Rack_1,35,4,coke_small,367
frame_3,Rack_1,45,4,coke_small,341
frame_3,Rack_1,50,4,coke_small,316
frame_3,Rack_1,30,4,coke_small,291
frame_3,Rack_1,42,17,sprite_small,262
frame_3,Rack_1,24,17,sprite_small,237
frame_3,Rack_1,34,17,sprite_small,216
frame_3,Rack_1,36,17,sprite_small,195
frame_3,Rack_1,31,8,dew_med,167
frame_3,Rack_1,20,8,dew_med,141
frame_3,Rack_1,13,8,dew_med,115
frame_3,Rack_1,12,8,dew_med,90
frame_3,Rack_1,18,8,dew_med,68
frame_3,Rack_1,14,8,dew_med,45
frame_3,Rack_1,49,8,dew_med,19
frame_30,Rack_1,51,1,a&w_small,608
frame_30,Rack_1,53,1,a&w_small,579
frame_30,Rack_1,44,1,a&w_small,553
frame_30,Rack_1,37,1,a&w_small,524
frame_30,Rack_1,26,1,a&w_small,495
frame_30,Rack_1,32,1,a&w_small,465
frame_30,Rack_1,29,1,a&w_small,437
frame_30,Rack_1,43,4,coke_small,413
frame_30,Rack_1,35,4,coke_small,388
frame_30,Rack_1,45,4,coke_small,362
frame_30,Rack_1,50,4,coke_small,336
frame_30,Rack_1,30,4,coke_small,311
frame_30,Rack_1,42,17,sprite_small,282
frame_30,Rack_1,24,17,sprite_small,258
frame_30,Rack_1,34,17,sprite_small,238
frame_30,Rack_1,36,17,sprite_small,215
frame_30,Rack_1,31,8,dew_med,188
frame_30,Rack_1,20,8,dew_med,163
frame_30,Rack_1,13,8,dew_med,137
frame_30,Rack_1,12,8,dew_med,113
frame_30,Rack_1,18,8,dew_med,90
frame_30,Rack_1,14,8,dew_med,68
frame_31,Rack_1,51,1,a&w_small,609
frame_31,Rack_1,53,1,a&w_small,579
frame_31,Rack_1,44,1,a&w_small,554
frame_31,Rack_1,37,1,a&w_small,526
frame_31,Rack_1,26,1,a&w_small,496
frame_31,Rack_1,32,1,a&w_small,466
frame_31,Rack_1,29,1,a&w_small,437
frame_31,Rack_1,43,4,coke_small,414
frame_31,Rack_1,35,4,coke_small,388
frame_31,Rack_1,45,4,coke_small,362
frame_31,Rack_1,50,4,coke_small,337
frame_31,Rack_1,30,4,coke_small,311
frame_31,Rack_1,42,17,sprite_small,282
frame_31,Rack_1,24,17,sprite_small,259
frame_31,Rack_1,34,17,sprite_small,238
frame_31,Rack_1,36,17,sprite_small,216
frame_31,Rack_1,31,8,dew_med,189
frame_31,Rack_1,20,8,dew_med,163
frame_31,Rack_1,13,8,dew_med,138
frame_31,Rack_1,12,8,dew_med,113
frame_31,Rack_1,18,8,dew_med,91
frame_31,Rack_1,14,8,dew_med,68
frame_31,Rack_1,49,8,dew_med,43
frame_31,Rack_1,65,8,dew_med,21
frame_32,Rack_1,51,1,a&w_small,609
frame_32,Rack_1,53,1,a&w_small,580
frame_32,Rack_1,44,1,a&w_small,555
frame_32,Rack_1,37,1,a&w_small,527
frame_32,Rack_1,26,1,a&w_small,497
frame_32,Rack_1,32,1,a&w_small,467
frame_32,Rack_1,29,1,a&w_small,439
frame_32,Rack_1,43,4,coke_small,414
frame_32,Rack_1,35,4,coke_small,389
frame_32,Rack_1,45,4,coke_small,363
frame_32,Rack_1,50,4,coke_small,337
frame_32,Rack_1,30,4,coke_small,312
frame_32,Rack_1,42,17,sprite_small,283
frame_32,Rack_1,24,17,sprite_small,259
frame_32,Rack_1,34,17,sprite_small,238
frame_32,Rack_1,36,17,sprite_small,216
frame_32,Rack_1,31,8,dew_med,190
frame_32,Rack_1,20,8,dew_med,164
frame_32,Rack_1,13,8,dew_med,138
frame_32,Rack_1,12,8,dew_med,114
frame_32,Rack_1,18,8,dew_med,91
frame_32,Rack_1,14,8,dew_med,69
frame_32,Rack_1,49,8,dew_med,44
frame_32,Rack_1,65,8,dew_med,21
frame_33,Rack_1,51,1,a&w_small,610
frame_33,Rack_1,53,1,a&w_small,581
frame_33,Rack_1,44,1,a&w_small,556
frame_33,Rack_1,37,1,a&w_small,528
frame_33,Rack_1,26,1,a&w_small,498
frame_33,Rack_1,32,1,a&w_small,468
frame_33,Rack_1,29,1,a&w_small,440
frame_33,Rack_1,43,4,coke_small,415
frame_33,Rack_1,35,4,coke_small,390
frame_33,Rack_1,45,4,coke_small,364
frame_33,Rack_1,50,4,coke_small,338
frame_33,Rack_1,30,4,coke_small,312
frame_33,Rack_1,42,17,sprite_small,284
frame_33,Rack_1,24,17,sprite_small,260
frame_33,Rack_1,34,17,sprite_small,239
frame_33,Rack_1,36,17,sprite_small,217
frame_33,Rack_1,31,8,dew_med,191
frame_33,Rack_1,20,8,dew_med,164
frame_33,Rack_1,13,8,dew_med,139
frame_33,Rack_1,12,8,dew_med,114
frame_33,Rack_1,18,8,dew_med,92
frame_33,Rack_1,14,8,dew_med,70
frame_34,Rack_1,51,1,a&w_small,611
frame_34,Rack_1,53,1,a&w_small,582
frame_34,Rack_1,44,1,a&w_small,557
frame_34,Rack_1,37,1,a&w_small,528
frame_34,Rack_1,26,1,a&w_small,498
frame_34,Rack_1,32,1,a&w_small,469
frame_34,Rack_1,29,1,a&w_small,441
frame_34,Rack_1,43,4,coke_small,416
frame_34,Rack_1,35,4,coke_small,390
frame_34,Rack_1,45,4,coke_small,364
frame_34,Rack_1,50,4,coke_small,339
frame_34,Rack_1,30,4,coke_small,313
frame_34,Rack_1,42,17,sprite_small,285
frame_34,Rack_1,24,17,sprite_small,260
frame_34,Rack_1,34,17,sprite_small,239
frame_34,Rack_1,36,17,sprite_small,218
frame_34,Rack_1,31,8,dew_med,191
frame_34,Rack_1,20,8,dew_med,165
frame_34,Rack_1,13,8,dew_med,139
frame_34,Rack_1,12,8,dew_med,115
frame_34,Rack_1,18,8,dew_med,92
frame_34,Rack_1,14,8,dew_med,70
frame_34,Rack_1,49,8,dew_med,45
frame_35,Rack_1,51,1,a&w_small,612
frame_35,Rack_1,53,1,a&w_small,582
frame_35,Rack_1,44,1,a&w_small,558
frame_35,Rack_1,37,1,a&w_small,529
frame_35,Rack_1,26,1,a&w_small,499
frame_35,Rack_1,32,1,a&w_small,470
frame_35,Rack_1,29,1,a&w_small,442
frame_35,Rack_1,43,4,coke_small,417
frame_35,Rack_1,35,4,coke_small,390
frame_35,Rack_1,45,4,coke_small,365
frame_35,Rack_1,50,4,coke_small,340
frame_35,Rack_1,30,4,coke_small,313
frame_35,Rack_1,42,17,sprite_small,285
frame_35,Rack_1,24,17,sprite_small,261
frame_35,Rack_1,34,17,sprite_small,240
frame_35,Rack_1,36,17,sprite_small,219
frame_35,Rack_1,31,8,dew_med,192
frame_35,Rack_1,20,8,dew_med,166
frame_35,Rack_1,13,8,dew_med,140
frame_35,Rack_1,12,8,dew_med,116
frame_35,Rack_1,18,8,dew_med,93
frame_35,Rack_1,14,8,dew_med,70
frame_35,Rack_1,49,8,dew_med,46
frame_36,Rack_1,51,1,a&w_small,613
frame_36,Rack_1,53,1,a&w_small,583
frame_36,Rack_1,44,1,a&w_small,558
frame_36,Rack_1,37,1,a&w_small,530
frame_36,Rack_1,26,1,a&w_small,500
frame_36,Rack_1,32,1,a&w_small,471
frame_36,Rack_1,29,1,a&w_small,443
frame_36,Rack_1,43,4,coke_small,418
frame_36,Rack_1,35,4,coke_small,391
frame_36,Rack_1,45,4,coke_small,366
frame_36,Rack_1,50,4,coke_small,341
frame_36,Rack_1,30,4,coke_small,314
frame_36,Rack_1,42,17,sprite_small,286
frame_36,Rack_1,24,17,sprite_small,262
frame_36,Rack_1,34,17,sprite_small,240
frame_36,Rack_1,36,17,sprite_small,219
frame_36,Rack_1,31,8,dew_med,192
frame_36,Rack_1,20,8,dew_med,166
frame_36,Rack_1,13,8,dew_med,141
frame_36,Rack_1,12,8,dew_med,117
frame_36,Rack_1,18,8,dew_med,93
frame_36,Rack_1,14,8,dew_med,71
frame_36,Rack_1,69,8,dew_med,24
frame_37,Rack_1,51,1,a&w_small,615
frame_37,Rack_1,53,1,a&w_small,585
frame_37,Rack_1,44,1,a&w_small,559
frame_37,Rack_1,37,1,a&w_small,531
frame_37,Rack_1,26,1,a&w_small,501
frame_37,Rack_1,32,1,a&w_small,472
frame_37,Rack_1,29,1,a&w_small,443
frame_37,Rack_1,43,4,coke_small,418
frame_37,Rack_1,35,4,coke_small,393
frame_37,Rack_1,45,4,coke_small,366
frame_37,Rack_1,50,4,coke_small,341
frame_37,Rack_1,30,4,coke_small,315
frame_37,Rack_1,42,17,sprite_small,286
frame_37,Rack_1,24,17,sprite_small,262
frame_37,Rack_1,34,17,sprite_small,241
frame_37,Rack_1,36,17,sprite_small,219
frame_37,Rack_1,31,8,dew_med,193
frame_37,Rack_1,20,8,dew_med,167
frame_37,Rack_1,13,8,dew_med,141
frame_37,Rack_1,12,8,dew_med,117
frame_37,Rack_1,18,8,dew_med,94
frame_37,Rack_1,14,8,dew_med,72
frame_37,Rack_1,49,8,dew_med,47
frame_37,Rack_1,69,8,dew_med,25
frame_37,Rack_1,66,8,dew_med,7
frame_38,Rack_1,51,1,a&w_small,617
frame_38,Rack_1,53,1,a&w_small,586
frame_38,Rack_1,44,1,a&w_small,561
frame_38,Rack_1,37,1,a&w_small,532
frame_38,Rack_1,26,1,a&w_small,502
frame_38,Rack_1,32,1,a&w_small,473
frame_38,Rack_1,29,1,a&w_small,444
frame_38,Rack_1,43,4,coke_small,419
frame_38,Rack_1,35,4,coke_small,394
frame_38,Rack_1,45,4,coke_small,367
frame_38,Rack_1,50,4,coke_small,342
frame_38,Rack_1,30,4,coke_small,316
frame_38,Rack_1,42,17,sprite_small,287
frame_38,Rack_1,24,17,sprite_small,263
frame_38,Rack_1,34,17,sprite_small,242
frame_38,Rack_1,36,17,sprite_small,220
frame_38,Rack_1,31,8,dew_med,193
frame_38,Rack_1,20,8,dew_med,167
frame_38,Rack_1,13,8,dew_med,142
frame_38,Rack_1,12,8,dew_med,117
frame_38,Rack_1,18,8,dew_med,95
frame_38,Rack_1,14,8,dew_med,72
frame_38,Rack_1,49,8,dew_med,47
frame_38,Rack_1,69,8,dew_med,25
frame_38,Rack_1,66,8,dew_med,7
frame_39,Rack_1,51,1,a&w_small,618
frame_39,Rack_1,53,1,a&w_small,587
frame_39,Rack_1,44,1,a&w_small,562
frame_39,Rack_1,37,1,a&w_small,533
frame_39,Rack_1,26,1,a&w_small,504
frame_39,Rack_1,32,1,a&w_small,474
frame_39,Rack_1,29,1,a&w_small,445
frame_39,Rack_1,43,4,coke_small,420
frame_39,Rack_1,35,4,coke_small,395
frame_39,Rack_1,45,4,coke_small,368
frame_39,Rack_1,50,4,coke_small,342
frame_39,Rack_1,30,4,coke_small,316
frame_39,Rack_1,42,17,sprite_small,288
frame_39,Rack_1,24,17,sprite_small,264
frame_39,Rack_1,34,17,sprite_small,243
frame_39,Rack_1,36,17,sprite_small,221
frame_39,Rack_1,31,8,dew_med,194
frame_39,Rack_1,20,8,dew_med,168
frame_39,Rack_1,13,8,dew_med,142
frame_39,Rack_1,12,8,dew_med,118
frame_39,Rack_1,18,8,dew_med,95
frame_39,Rack_1,14,8,dew_med,72
frame_39,Rack_1,49,8,dew_med,47
frame_39,Rack_1,69,8,dew_med,26
frame_39,Rack_1,66,8,dew_med,8
frame_4,Rack_1,51,1,a&w_small,584
frame_4,Rack_1,53,1,a&w_small,555
frame_4,Rack_1,44,1,a&w_small,530
frame_4,Rack_1,37,1,a&w_small,502
frame_4,Rack_1,26,1,a&w_small,474
frame_4,Rack_1,32,1,a&w_small,445
frame_4,Rack_1,29,1,a&w_small,417
frame_4,Rack_1,43,4,coke_small,392
frame_4,Rack_1,35,4,coke_small,367
frame_4,Rack_1,45,4,coke_small,341
frame_4,Rack_1,50,4,coke_small,316
frame_4,Rack_1,30,4,coke_small,291
frame_4,Rack_1,42,17,sprite_small,262
frame_4,Rack_1,24,17,sprite_small,238
frame_4,Rack_1,34,17,sprite_small,217
frame_4,Rack_1,36,17,sprite_small,195
frame_4,Rack_1,31,8,dew_med,168
frame_4,Rack_1,20,8,dew_med,141
frame_4,Rack_1,13,8,dew_med,115
frame_4,Rack_1,12,8,dew_med,90
frame_4,Rack_1,18,8,dew_med,68
frame_4,Rack_1,14,8,dew_med,45
frame_4,Rack_1,49,8,dew_med,19
frame_40,Rack_1,51,1,a&w_small,619
frame_40,Rack_1,53,1,a&w_small,589
frame_40,Rack_1,44,1,a&w_small,564
frame_40,Rack_1,37,1,a&w_small,535
frame_40,Rack_1,26,1,a&w_small,505
frame_40,Rack_1,32,1,a&w_small,475
frame_40,Rack_1,29,1,a&w_small,446
frame_40,Rack_1,43,4,coke_small,422
frame_40,Rack_1,35,4,coke_small,396
frame_40,Rack_1,45,4,coke_small,370
frame_40,Rack_1,50,4,coke_small,343
frame_40,Rack_1,30,4,coke_small,318
frame_40,Rack_1,42,17,sprite_small,289
frame_40,Rack_1,24,17,sprite_small,265
frame_40,Rack_1,34,17,sprite_small,244
frame_40,Rack_1,36,17,sprite_small,222
frame_40,Rack_1,31,8,dew_med,195
frame_40,Rack_1,20,8,dew_med,169
frame_40,Rack_1,13,8,dew_med,143
frame_40,Rack_1,12,8,dew_med,119
frame_40,Rack_1,18,8,dew_med,96
frame_40,Rack_1,14,8,dew_med,73
frame_40,Rack_1,49,8,dew_med,48
frame_41,Rack_1,51,1,a&w_small,620
frame_41,Rack_1,53,1,a&w_small,591
frame_41,Rack_1,44,1,a&w_small,565
frame_41,Rack_1,37,1,a&w_small,536
frame_41,Rack_1,26,1,a&w_small,506
frame_41,Rack_1,32,1,a&w_small,476
frame_41,Rack_1,29,1,a&w_small,447
frame_41,Rack_1,43,4,coke_small,423
frame_41,Rack_1,35,4,coke_small,397
frame_41,Rack_1,45,4,coke_small,370
frame_41,Rack_1,50,4,coke_small,344
frame_41,Rack_1,30,4,coke_small,319
frame_41,Rack_1,42,17,sprite_small,290
frame_41,Rack_1,24,17,sprite_small,266
frame_41,Rack_1,34,17,sprite_small,245
frame_41,Rack_1,36,17,sprite_small,223
frame_41,Rack_1,31,8,dew_med,196
frame_41,Rack_1,20,8,dew_med,169
frame_41,Rack_1,13,8,dew_med,143
frame_41,Rack_1,12,8,dew_med,119
frame_41,Rack_1,18,8,dew_med,96
frame_41,Rack_1,14,8,dew_med,74
frame_42,Rack_1,51,1,a&w_small,621
frame_42,Rack_1,53,1,a&w_small,593
frame_42,Rack_1,44,1,a&w_small,567
frame_42,Rack_1,37,1,a&w_small,537
frame_42,Rack_1,26,1,a&w_small,508
frame_42,Rack_1,32,1,a&w_small,477
frame_42,Rack_1,29,1,a&w_small,449
frame_42,Rack_1,43,4,coke_small,424
frame_42,Rack_1,35,4,coke_small,399
frame_42,Rack_1,45,4,coke_small,371
frame_42,Rack_1,50,4,coke_small,345
frame_42,Rack_1,30,4,coke_small,320
frame_42,Rack_1,42,17,sprite_small,291
frame_42,Rack_1,24,17,sprite_small,267
frame_42,Rack_1,34,17,sprite_small,245
frame_42,Rack_1,36,17,sprite_small,223
frame_42,Rack_1,31,8,dew_med,196
frame_42,Rack_1,20,8,dew_med,170
frame_42,Rack_1,13,8,dew_med,144
frame_42,Rack_1,12,8,dew_med,119
frame_42,Rack_1,18,8,dew_med,97
frame_42,Rack_1,14,8,dew_med,74
frame_43,Rack_1,51,1,a&w_small,622
frame_43,Rack_1,53,1,a&w_small,594
frame_43,Rack_1,44,1,a&w_small,569
frame_43,Rack_1,37,1,a&w_small,539
frame_43,Rack_1,26,1,a&w_small,509
frame_43,Rack_1,32,1,a&w_small,479
frame_43,Rack_1,29,1,a&w_small,449
frame_43,Rack_1,43,4,coke_small,425
frame_43,Rack_1,35,4,coke_small,400
frame_43,Rack_1,45,4,coke_small,372
frame_43,Rack_1,50,4,coke_small,346
frame_43,Rack_1,30,4,coke_small,321
frame_43,Rack_1,42,17,sprite_small,292
frame_43,Rack_1,24,17,sprite_small,268
frame_43,Rack_1,34,17,sprite_small,246
frame_43,Rack_1,36,17,sprite_small,224
frame_43,Rack_1,31,8,dew_med,197
frame_43,Rack_1,20,8,dew_med,170
frame_43,Rack_1,13,8,dew_med,145
frame_43,Rack_1,12,8,dew_med,120
frame_43,Rack_1,18,8,dew_med,97
frame_43,Rack_1,14,8,dew_med,74
frame_43,Rack_1,49,8,dew_med,49
frame_43,Rack_1,69,8,dew_med,27
frame_43,Rack_1,66,8,dew_med,9
frame_44,Rack_1,51,1,a&w_small,622
frame_44,Rack_1,53,1,a&w_small,596
frame_44,Rack_1,44,1,a&w_small,570
frame_44,Rack_1,37,1,a&w_small,541
frame_44,Rack_1,26,1,a&w_small,511
frame_44,Rack_1,32,1,a&w_small,480
frame_44,Rack_1,29,1,a&w_small,450
frame_44,Rack_1,43,4,coke_small,426
frame_44,Rack_1,35,4,coke_small,400
frame_44,Rack_1,45,4,coke_small,373
frame_44,Rack_1,50,4,coke_small,347
frame_44,Rack_1,30,4,coke_small,322
frame_44,Rack_1,42,17,sprite_small,292
frame_44,Rack_1,24,17,sprite_small,268
frame_44,Rack_1,34,17,sprite_small,247
frame_44,Rack_1,36,17,sprite_small,225
frame_44,Rack_1,31,8,dew_med,198
frame_44,Rack_1,20,8,dew_med,171
frame_44,Rack_1,13,8,dew_med,145
frame_44,Rack_1,12,8,dew_med,120
frame_44,Rack_1,18,8,dew_med,98
frame_44,Rack_1,14,8,dew_med,74
frame_45,Rack_1,51,1,a&w_small,624
frame_45,Rack_1,53,1,a&w_small,598
frame_45,Rack_1,44,1,a&w_small,572
frame_45,Rack_1,37,1,a&w_small,543
frame_45,Rack_1,26,1,a&w_small,512
frame_45,Rack_1,32,1,a&w_small,481
frame_45,Rack_1,29,1,a&w_small,451
frame_45,Rack_1,43,4,coke_small,427
frame_45,Rack_1,35,4,coke_small,401
frame_45,Rack_1,45,4,coke_small,374
frame_45,Rack_1,50,4,coke_small,348
frame_45,Rack_1,30,4,coke_small,323
frame_45,Rack_1,42,17,sprite_small,293
frame_45,Rack_1,24,17,sprite_small,269
frame_45,Rack_1,34,17,sprite_small,247
frame_45,Rack_1,36,17,sprite_small,226
frame_45,Rack_1,31,8,dew_med,198
frame_45,Rack_1,20,8,dew_med,171
frame_45,Rack_1,13,8,dew_med,146
frame_45,Rack_1,12,8,dew_med,120
frame_45,Rack_1,18,8,dew_med,98
frame_45,Rack_1,14,8,dew_med,74
frame_45,Rack_1,49,8,dew_med,49
frame_46,Rack_1,51,1,a&w_small,625
frame_46,Rack_1,53,1,a&w_small,600
frame_46,Rack_1,44,1,a&w_small,574
frame_46,Rack_1,37,1,a&w_small,545
frame_46,Rack_1,26,1,a&w_small,514
frame_46,Rack_1,32,1,a&w_small,482
frame_46,Rack_1,29,1,a&w_small,453
frame_46,Rack_1,43,4,coke_small,428
frame_46,Rack_1,35,4,coke_small,402
frame_46,Rack_1,45,4,coke_small,375
frame_46,Rack_1,50,4,coke_small,350
frame_46,Rack_1,30,4,coke_small,324
frame_46,Rack_1,42,17,sprite_small,294
frame_46,Rack_1,24,17,sprite_small,270
frame_46,Rack_1,34,17,sprite_small,248
frame_46,Rack_1,36,17,sprite_small,227
frame_46,Rack_1,31,8,dew_med,199
frame_46,Rack_1,20,8,dew_med,172
frame_46,Rack_1,13,8,dew_med,146
frame_46,Rack_1,12,8,dew_med,121
frame_46,Rack_1,18,8,dew_med,99
frame_46,Rack_1,14,8,dew_med,75
frame_46,Rack_1,49,8,dew_med,49
frame_47,Rack_1,51,1,a&w_small,626
frame_47,Rack_1,53,1,a&w_small,601
frame_47,Rack_1,44,1,a&w_small,575
frame_47,Rack_1,37,1,a&w_small,546
frame_47,Rack_1,26,1,a&w_small,515
frame_47,Rack_1,32,1,a&w_small,484
frame_47,Rack_1,29,1,a&w_small,454
frame_47,Rack_1,43,4,coke_small,430
frame_47,Rack_1,35,4,coke_small,403
frame_47,Rack_1,45,4,coke_small,377
frame_47,Rack_1,50,4,coke_small,351
frame_47,Rack_1,30,4,coke_small,324
frame_47,Rack_1,42,17,sprite_small,295
frame_47,Rack_1,24,17,sprite_small,271
frame_47,Rack_1,34,17,sprite_small,249
frame_47,Rack_1,36,17,sprite_small,228
frame_47,Rack_1,31,8,dew_med,200
frame_47,Rack_1,20,8,dew_med,173
frame_47,Rack_1,13,8,dew_med,147
frame_47,Rack_1,12,8,dew_med,122
frame_47,Rack_1,18,8,dew_med,99
frame_47,Rack_1,14,8,dew_med,76
frame_47,Rack_1,49,8,dew_med,49
frame_48,Rack_1,51,1,a&w_small,627
frame_48,Rack_1,53,1,a&w_small,603
frame_48,Rack_1,44,1,a&w_small,577
frame_48,Rack_1,37,1,a&w_small,547
frame_48,Rack_1,26,1,a&w_small,517
frame_48,Rack_1,32,1,a&w_small,486
frame_48,Rack_1,29,1,a&w_small,456
frame_48,Rack_1,43,4,coke_small,431
frame_48,Rack_1,35,4,coke_small,405
frame_48,Rack_1,45,4,coke_small,378
frame_48,Rack_1,50,4,coke_small,352
frame_48,Rack_1,30,4,coke_small,325
frame_48,Rack_1,42,17,sprite_small,295
frame_48,Rack_1,24,17,sprite_small,272
frame_48,Rack_1,34,17,sprite_small,250
frame_48,Rack_1,36,17,sprite_small,229
frame_48,Rack_1,31,8,dew_med,201
frame_48,Rack_1,20,8,dew_med,174
frame_48,Rack_1,13,8,dew_med,148
frame_48,Rack_1,12,8,dew_med,123
frame_48,Rack_1,18,8,dew_med,100
frame_48,Rack_1,14,8,dew_med,77
frame_49,Rack_1,51,1,a&w_small,628
frame_49,Rack_1,53,1,a&w_small,604
frame_49,Rack_1,44,1,a&w_small,578
frame_49,Rack_1,37,1,a&w_small,549
frame_49,Rack_1,26,1,a&w_small,518
frame_49,Rack_1,32,1,a&w_small,487
frame_49,Rack_1,29,1,a&w_small,457
frame_49,Rack_1,43,4,coke_small,433
frame_49,Rack_1,35,4,coke_small,406
frame_49,Rack_1,45,4,coke_small,379
frame_49,Rack_1,50,4,coke_small,353
frame_49,Rack_1,30,4,coke_small,326
frame_49,Rack_1,42,17,sprite_small,297
frame_49,Rack_1,24,17,sprite_small,273
frame_49,Rack_1,34,17,sprite_small,251
frame_49,Rack_1,36,17,sprite_small,229
frame_49,Rack_1,31,8,dew_med,201
frame_49,Rack_1,20,8,dew_med,175
frame_49,Rack_1,13,8,dew_med,149
frame_49,Rack_1,12,8,dew_med,124
frame_49,Rack_1,18,8,dew_med,101
frame_49,Rack_1,14,8,dew_med,78
frame_5,Rack_1,51,1,a&w_small,584
frame_5,Rack_1,53,1,a&w_small,555
frame_5,Rack_1,44,1,a&w_small,531
frame_5,Rack_1,37,1,a&w_small,502
frame_5,Rack_1,26,1,a&w_small,474
frame_5,Rack_1,32,1,a&w_small,445
frame_5,Rack_1,29,1,a&w_small,417
frame_5,Rack_1,43,4,coke_small,392
frame_5,Rack_1,35,4,coke_small,367
frame_5,Rack_1,45,4,coke_small,341
frame_5,Rack_1,50,4,coke_small,316
frame_5,Rack_1,30,4,coke_small,291
frame_5,Rack_1,42,17,sprite_small,263
frame_5,Rack_1,24,17,sprite_small,238
frame_5,Rack_1,34,17,sprite_small,217
frame_5,Rack_1,36,17,sprite_small,195
frame_5,Rack_1,31,8,dew_med,168
frame_5,Rack_1,20,8,dew_med,142
frame_5,Rack_1,13,8,dew_med,116
frame_5,Rack_1,12,8,dew_med,91
frame_5,Rack_1,18,8,dew_med,68
frame_5,Rack_1,14,8,dew_med,46
frame_5,Rack_1,49,8,dew_med,19
frame_50,Rack_1,53,1,a&w_small,605
frame_50,Rack_1,44,1,a&w_small,580
frame_50,Rack_1,37,1,a&w_small,550
frame_50,Rack_1,26,1,a&w_small,520
frame_50,Rack_1,32,1,a&w_small,488
frame_50,Rack_1,29,1,a&w_small,459
frame_50,Rack_1,43,4,coke_small,434
frame_50,Rack_1,35,4,coke_small,407
frame_50,Rack_1,45,4,coke_small,380
frame_50,Rack_1,50,4,coke_small,354
frame_50,Rack_1,30,4,coke_small,327
frame_50,Rack_1,42,17,sprite_small,298
frame_50,Rack_1,24,17,sprite_small,274
frame_50,Rack_1,34,17,sprite_small,252
frame_50,Rack_1,36,17,sprite_small,230
frame_50,Rack_1,31,8,dew_med,202
frame_50,Rack_1,20,8,dew_med,176
frame_50,Rack_1,13,8,dew_med,150
frame_50,Rack_1,12,8,dew_med,125
frame_50,Rack_1,18,8,dew_med,103
frame_50,Rack_1,14,8,dew_med,79
frame_51,Rack_1,53,1,a&w_small,607
frame_51,Rack_1,44,1,a&w_small,581
frame_51,Rack_1,37,1,a&w_small,552
frame_51,Rack_1,26,1,a&w_small,521
frame_51,Rack_1,32,1,a&w_small,489
frame_51,Rack_1,29,1,a&w_small,460
frame_51,Rack_1,43,4,coke_small,435
frame_51,Rack_1,35,4,coke_small,408
frame_51,Rack_1,45,4,coke_small,382
frame_51,Rack_1,50,4,coke_small,355
frame_51,Rack_1,30,4,coke_small,328
frame_51,Rack_1,42,17,sprite_small,299
frame_51,Rack_1,24,17,sprite_small,275
frame_51,Rack_1,34,17,sprite_small,254
frame_51,Rack_1,36,17,sprite_small,231
frame_51,Rack_1,31,8,dew_med,204
frame_51,Rack_1,20,8,dew_med,177
frame_51,Rack_1,13,8,dew_med,151
frame_51,Rack_1,12,8,dew_med,126
frame_51,Rack_1,18,8,dew_med,104
frame_51,Rack_1,14,8,dew_med,80
frame_52,Rack_1,53,1,a&w_small,609
frame_52,Rack_1,44,1,a&w_small,583
frame_52,Rack_1,37,1,a&w_small,553
frame_52,Rack_1,26,1,a&w_small,522
frame_52,Rack_1,32,1,a&w_small,490
frame_52,Rack_1,29,1,a&w_small,461
frame_52,Rack_1,43,4,coke_small,436
frame_52,Rack_1,35,4,coke_small,409
frame_52,Rack_1,45,4,coke_small,383
frame_52,Rack_1,50,4,coke_small,357
frame_52,Rack_1,30,4,coke_small,329
frame_52,Rack_1,42,17,sprite_small,300
frame_52,Rack_1,24,17,sprite_small,276
frame_52,Rack_1,34,17,sprite_small,254
frame_52,Rack_1,36,17,sprite_small,233
frame_52,Rack_1,31,8,dew_med,205
frame_52,Rack_1,20,8,dew_med,178
frame_52,Rack_1,13,8,dew_med,152
frame_52,Rack_1,12,8,dew_med,127
frame_52,Rack_1,18,8,dew_med,104
frame_52,Rack_1,14,8,dew_med,81
frame_53,Rack_1,53,1,a&w_small,611
frame_53,Rack_1,44,1,a&w_small,585
frame_53,Rack_1,37,1,a&w_small,555
frame_53,Rack_1,26,1,a&w_small,523
frame_53,Rack_1,32,1,a&w_small,492
frame_53,Rack_1,29,1,a&w_small,462
frame_53,Rack_1,43,4,coke_small,437
frame_53,Rack_1,35,4,coke_small,411
frame_53,Rack_1,45,4,coke_small,384
frame_53,Rack_1,50,4,coke_small,358
frame_53,Rack_1,30,4,coke_small,331
frame_53,Rack_1,42,17,sprite_small,301
frame_53,Rack_1,24,17,sprite_small,278
frame_53,Rack_1,34,17,sprite_small,255
frame_53,Rack_1,36,17,sprite_small,234
frame_53,Rack_1,31,8,dew_med,206
frame_53,Rack_1,20,8,dew_med,179
frame_53,Rack_1,13,8,dew_med,153
frame_53,Rack_1,12,8,dew_med,128
frame_53,Rack_1,18,8,dew_med,106
frame_53,Rack_1,14,8,dew_med,82
frame_54,Rack_1,53,1,a&w_small,613
frame_54,Rack_1,44,1,a&w_small,586
frame_54,Rack_1,37,1,a&w_small,557
frame_54,Rack_1,26,1,a&w_small,525
frame_54,Rack_1,32,1,a&w_small,494
frame_54,Rack_1,29,1,a&w_small,464
frame_54,Rack_1,43,4,coke_small,439
frame_54,Rack_1,35,4,coke_small,413
frame_54,Rack_1,45,4,coke_small,386
frame_54,Rack_1,50,4,coke_small,359
frame_54,Rack_1,30,4,coke_small,332
frame_54,Rack_1,42,17,sprite_small,303
frame_54,Rack_1,24,17,sprite_small,279
frame_54,Rack_1,34,17,sprite_small,257
frame_54,Rack_1,36,17,sprite_small,236
frame_54,Rack_1,31,8,dew_med,207
frame_54,Rack_1,20,8,dew_med,180
frame_54,Rack_1,13,8,dew_med,154
frame_54,Rack_1,12,8,dew_med,129
frame_54,Rack_1,18,8,dew_med,106
frame_54,Rack_1,14,8,dew_med,83
frame_55,Rack_1,53,1,a&w_small,615
frame_55,Rack_1,44,1,a&w_small,588
frame_55,Rack_1,37,1,a&w_small,559
frame_55,Rack_1,26,1,a&w_small,528
frame_55,Rack_1,32,1,a&w_small,496
frame_55,Rack_1,43,4,coke_small,441
frame_55,Rack_1,35,4,coke_small,415
frame_55,Rack_1,45,4,coke_small,388
frame_55,Rack_1,50,4,coke_small,361
frame_55,Rack_1,30,4,coke_small,334
frame_55,Rack_1,42,17,sprite_small,305
frame_55,Rack_1,24,17,sprite_small,280
frame_55,Rack_1,34,17,sprite_small,258
frame_55,Rack_1,36,17,sprite_small,237
frame_55,Rack_1,31,8,dew_med,209
frame_55,Rack_1,20,8,dew_med,182
frame_55,Rack_1,13,8,dew_med,156
frame_55,Rack_1,12,8,dew_med,131
frame_55,Rack_1,18,8,dew_med,108
frame_55,Rack_1,14,8,dew_med,84
frame_55,Rack_1,66,8,dew_med,16
frame_56,Rack_1,53,1,a&w_small,616
frame_56,Rack_1,44,1,a&w_small,591
frame_56,Rack_1,37,1,a&w_small,561
frame_56,Rack_1,26,1,a&w_small,529
frame_56,Rack_1,32,1,a&w_small,497
frame_56,Rack_1,29,1,a&w_small,467
frame_56,Rack_1,43,4,coke_small,443
frame_56,Rack_1,35,4,coke_small,417
frame_56,Rack_1,45,4,coke_small,389
frame_56,Rack_1,50,4,coke_small,363
frame_56,Rack_1,30,4,coke_small,335
frame_56,Rack_1,42,17,sprite_small,306
frame_56,Rack_1,24,17,sprite_small,282
frame_56,Rack_1,34,17,sprite_small,260
frame_56,Rack_1,36,17,sprite_small,239
frame_56,Rack_1,31,8,dew_med,210
frame_56,Rack_1,20,8,dew_med,184
frame_56,Rack_1,13,8,dew_med,157
frame_56,Rack_1,12,8,dew_med,132
frame_56,Rack_1,18,8,dew_med,110
frame_56,Rack_1,14,8,dew_med,86
frame_57,Rack_1,53,1,a&w_small,619
frame_57,Rack_1,44,1,a&w_small,593
frame_57,Rack_1,37,1,a&w_small,563
frame_57,Rack_1,26,1,a&w_small,532
frame_57,Rack_1,32,1,a&w_small,500
frame_57,Rack_1,29,1,a&w_small,470
frame_57,Rack_1,43,4,coke_small,445
frame_57,Rack_1,35,4,coke_small,419
frame_57,Rack_1,45,4,coke_small,391
frame_57,Rack_1,50,4,coke_small,365
frame_57,Rack_1,30,4,coke_small,337
frame_57,Rack_1,42,17,sprite_small,308
frame_57,Rack_1,24,17,sprite_small,284
frame_57,Rack_1,34,17,sprite_small,263
frame_57,Rack_1,36,17,sprite_small,240
frame_57,Rack_1,31,8,dew_med,212
frame_57,Rack_1,20,8,dew_med,186
frame_57,Rack_1,13,8,dew_med,159
frame_57,Rack_1,12,8,dew_med,134
frame_57,Rack_1,18,8,dew_med,111
frame_57,Rack_1,14,8,dew_med,88
frame_57,Rack_1,49,8,dew_med,62
frame_58,Rack_1,53,1,a&w_small,621
frame_58,Rack_1,44,1,a&w_small,595
frame_58,Rack_1,37,1,a&w_small,565
frame_58,Rack_1,26,1,a&w_small,534
frame_58,Rack_1,32,1,a&w_small,502
frame_58,Rack_1,29,1,a&w_small,472
frame_58,Rack_1,43,4,coke_small,447
frame_58,Rack_1,35,4,coke_small,421
frame_58,Rack_1,45,4,coke_small,393
frame_58,Rack_1,50,4,coke_small,367
frame_58,Rack_1,30,4,coke_small,339
frame_58,Rack_1,42,17,sprite_small,310
frame_58,Rack_1,24,17,sprite_small,286
frame_58,Rack_1,34,17,sprite_small,265
frame_58,Rack_1,36,17,sprite_small,243
frame_58,Rack_1,31,8,dew_med,214
frame_58,Rack_1,20,8,dew_med,187
frame_58,Rack_1,13,8,dew_med,161
frame_58,Rack_1,12,8,dew_med,135
frame_58,Rack_1,18,8,dew_med,113
frame_58,Rack_1,14,8,dew_med,89
frame_58,Rack_1,49,8,dew_med,63
frame_59,Rack_1,53,1,a&w_small,623
frame_59,Rack_1,44,1,a&w_small,597
frame_59,Rack_1,37,1,a&w_small,567
frame_59,Rack_1,26,1,a&w_small,536
frame_59,Rack_1,32,1,a&w_small,504
frame_59,Rack_1,29,1,a&w_small,474
frame_59,Rack_1,43,4,coke_small,450
frame_59,Rack_1,35,4,coke_small,423
frame_59,Rack_1,45,4,coke_small,395
frame_59,Rack_1,50,4,coke_small,369
frame_59,Rack_1,30,4,coke_small,341
frame_59,Rack_1,42,17,sprite_small,311
frame_59,Rack_1,24,17,sprite_small,288
frame_59,Rack_1,34,17,sprite_small,266
frame_59,Rack_1,36,17,sprite_small,244
frame_59,Rack_1,31,8,dew_med,216
frame_59,Rack_1,20,8,dew_med,189
frame_59,Rack_1,13,8,dew_med,163
frame_59,Rack_1,12,8,dew_med,137
frame_59,Rack_1,18,8,dew_med,115
frame_59,Rack_1,14,8,dew_med,91
frame_59,Rack_1,49,8,dew_med,65
frame_6,Rack_1,51,1,a&w_small,584
frame_6,Rack_1,53,1,a&w_small,555
frame_6,Rack_1,44,1,a&w_small,531
frame_6,Rack_1,37,1,a&w_small,503
frame_6,Rack_1,26,1,a&w_small,474
frame_6,Rack_1,32,1,a&w_small,445
frame_6,Rack_1,29,1,a&w_small,417
frame_6,Rack_1,43,4,coke_small,393
frame_6,Rack_1,35,4,coke_small,368
frame_6,Rack_1,45,4,coke_small,341
frame_6,Rack_1,50,4,coke_small,316
frame_6,Rack_1,30,4,coke_small,292
frame_6,Rack_1,42,17,sprite_small,263
frame_6,Rack_1,24,17,sprite_small,239
frame_6,Rack_1,34,17,sprite_small,218
frame_6,Rack_1,36,17,sprite_small,196
frame_6,Rack_1,31,8,dew_med,169
frame_6,Rack_1,20,8,dew_med,142
frame_6,Rack_1,13,8,dew_med,116
frame_6,Rack_1,12,8,dew_med,91
frame_6,Rack_1,18,8,dew_med,69
frame_6,Rack_1,14,8,dew_med,46
frame_6,Rack_1,49,8,dew_med,20
frame_60,Rack_1,44,1,a&w_small,600
frame_60,Rack_1,37,1,a&w_small,570
frame_60,Rack_1,26,1,a&w_small,539
frame_60,Rack_1,32,1,a&w_small,506
frame_60,Rack_1,72,4,coke_small,477
frame_60,Rack_1,43,4,coke_small,452
frame_60,Rack_1,35,4,coke_small,425
frame_60,Rack_1,45,4,coke_small,398
frame_60,Rack_1,50,4,coke_small,371
frame_60,Rack_1,30,4,coke_small,343
frame_60,Rack_1,42,17,sprite_small,314
frame_60,Rack_1,24,17,sprite_small,290
frame_60,Rack_1,34,17,sprite_small,269
frame_60,Rack_1,36,17,sprite_small,246
frame_60,Rack_1,31,8,dew_med,218
frame_60,Rack_1,20,8,dew_med,191
frame_60,Rack_1,13,8,dew_med,164
frame_60,Rack_1,12,8,dew_med,138
frame_60,Rack_1,18,8,dew_med,116
frame_60,Rack_1,14,8,dew_med,92
frame_61,Rack_1,53,1,a&w_small,626
frame_61,Rack_1,44,1,a&w_small,603
frame_61,Rack_1,37,1,a&w_small,573
frame_61,Rack_1,26,1,a&w_small,541
frame_61,Rack_1,32,1,a&w_small,510
frame_61,Rack_1,72,4,coke_small,480
frame_61,Rack_1,43,4,coke_small,454
frame_61,Rack_1,35,4,coke_small,428
frame_61,Rack_1,45,4,coke_small,400
frame_61,Rack_1,50,4,coke_small,373
frame_61,Rack_1,30,4,coke_small,345
frame_61,Rack_1,42,17,sprite_small,316
frame_61,Rack_1,24,17,sprite_small,293
frame_61,Rack_1,34,17,sprite_small,271
frame_61,Rack_1,36,17,sprite_small,249
frame_61,Rack_1,31,8,dew_med,221
frame_61,Rack_1,20,8,dew_med,193
frame_61,Rack_1,13,8,dew_med,167
frame_61,Rack_1,12,8,dew_med,141
frame_61,Rack_1,18,8,dew_med,118
frame_61,Rack_1,14,8,dew_med,95
frame_62,Rack_1,44,1,a&w_small,606
frame_62,Rack_1,37,1,a&w_small,576
frame_62,Rack_1,26,1,a&w_small,544
frame_62,Rack_1,32,1,a&w_small,512
frame_62,Rack_1,43,4,coke_small,457
frame_62,Rack_1,35,4,coke_small,431
frame_62,Rack_1,45,4,coke_small,402
frame_62,Rack_1,50,4,coke_small,376
frame_62,Rack_1,30,4,coke_small,348
frame_62,Rack_1,42,17,sprite_small,319
frame_62,Rack_1,24,17,sprite_small,295
frame_62,Rack_1,34,17,sprite_small,274
frame_62,Rack_1,36,17,sprite_small,251
frame_62,Rack_1,31,8,dew_med,223
frame_62,Rack_1,20,8,dew_med,195
frame_62,Rack_1,13,8,dew_med,169
frame_62,Rack_1,12,8,dew_med,143
frame_62,Rack_1,18,8,dew_med,121
frame_62,Rack_1,14,8,dew_med,97
frame_63,Rack_1,53,1,a&w_small,629
frame_63,Rack_1,44,1,a&w_small,608
frame_63,Rack_1,37,1,a&w_small,579
frame_63,Rack_1,26,1,a&w_small,547
frame_63,Rack_1,32,1,a&w_small,516
frame_63,Rack_1,43,4,coke_small,459
frame_63,Rack_1,35,4,coke_small,433
frame_63,Rack_1,45,4,coke_small,405
frame_63,Rack_1,50,4,coke_small,378
frame_63,Rack_1,30,4,coke_small,351
frame_63,Rack_1,42,17,sprite_small,321
frame_63,Rack_1,24,17,sprite_small,298
frame_63,Rack_1,34,17,sprite_small,276
frame_63,Rack_1,36,17,sprite_small,253
frame_63,Rack_1,31,8,dew_med,225
frame_63,Rack_1,20,8,dew_med,198
frame_63,Rack_1,13,8,dew_med,171
frame_63,Rack_1,12,8,dew_med,146
frame_63,Rack_1,18,8,dew_med,123
frame_63,Rack_1,14,8,dew_med,100
frame_63,Rack_1,49,8,dew_med,73
frame_64,Rack_1,44,1,a&w_small,611
frame_64,Rack_1,37,1,a&w_small,582
frame_64,Rack_1,26,1,a&w_small,550
frame_64,Rack_1,32,1,a&w_small,518
frame_64,Rack_1,29,1,a&w_small,488
frame_64,Rack_1,43,4,coke_small,462
frame_64,Rack_1,35,4,coke_small,435
frame_64,Rack_1,45,4,coke_small,407
frame_64,Rack_1,50,4,coke_small,381
frame_64,Rack_1,30,4,coke_small,353
frame_64,Rack_1,42,17,sprite_small,323
frame_64,Rack_1,24,17,sprite_small,300
frame_64,Rack_1,34,17,sprite_small,278
frame_64,Rack_1,36,17,sprite_small,256
frame_64,Rack_1,31,8,dew_med,227
frame_64,Rack_1,20,8,dew_med,200
frame_64,Rack_1,13,8,dew_med,173
frame_64,Rack_1,12,8,dew_med,148
frame_64,Rack_1,18,8,dew_med,125
frame_64,Rack_1,14,8,dew_med,102
frame_65,Rack_1,44,1,a&w_small,613
frame_65,Rack_1,37,1,a&w_small,584
frame_65,Rack_1,26,1,a&w_small,551
frame_65,Rack_1,32,1,a&w_small,520
frame_65,Rack_1,29,1,a&w_small,490
frame_65,Rack_1,43,4,coke_small,464
frame_65,Rack_1,35,4,coke_small,437
frame_65,Rack_1,45,4,coke_small,409
frame_65,Rack_1,50,4,coke_small,382
frame_65,Rack_1,30,4,coke_small,355
frame_65,Rack_1,42,17,sprite_small,325
frame_65,Rack_1,24,17,sprite_small,302
frame_65,Rack_1,34,17,sprite_small,280
frame_65,Rack_1,36,17,sprite_small,258
frame_65,Rack_1,31,8,dew_med,229
frame_65,Rack_1,20,8,dew_med,202
frame_65,Rack_1,13,8,dew_med,175
frame_65,Rack_1,12,8,dew_med,150
frame_65,Rack_1,18,8,dew_med,127
frame_65,Rack_1,14,8,dew_med,104
frame_66,Rack_1,44,1,a&w_small,615
frame_66,Rack_1,37,1,a&w_small,586
frame_66,Rack_1,26,1,a&w_small,554
frame_66,Rack_1,32,1,a&w_small,522
frame_66,Rack_1,43,4,coke_small,466
frame_66,Rack_1,35,4,coke_small,438
frame_66,Rack_1,45,4,coke_small,411
frame_66,Rack_1,50,4,coke_small,384
frame_66,Rack_1,30,4,coke_small,356
frame_66,Rack_1,42,17,sprite_small,327
frame_66,Rack_1,24,17,sprite_small,303
frame_66,Rack_1,34,17,sprite_small,282
frame_66,Rack_1,36,17,sprite_small,260
frame_66,Rack_1,31,8,dew_med,231
frame_66,Rack_1,20,8,dew_med,204
frame_66,Rack_1,13,8,dew_med,177
frame_66,Rack_1,12,8,dew_med,152
frame_66,Rack_1,18,8,dew_med,129
frame_66,Rack_1,14,8,dew_med,106
frame_67,Rack_1,44,1,a&w_small,617
frame_67,Rack_1,37,1,a&w_small,588
frame_67,Rack_1,26,1,a&w_small,556
frame_67,Rack_1,32,1,a&w_small,524
frame_67,Rack_1,29,1,a&w_small,493
frame_67,Rack_1,43,4,coke_small,468
frame_67,Rack_1,35,4,coke_small,440
frame_67,Rack_1,45,4,coke_small,413
frame_67,Rack_1,50,4,coke_small,386
frame_67,Rack_1,30,4,coke_small,358
frame_67,Rack_1,42,17,sprite_small,328
frame_67,Rack_1,24,17,sprite_small,305
frame_67,Rack_1,34,17,sprite_small,284
frame_67,Rack_1,36,17,sprite_small,262
frame_67,Rack_1,31,8,dew_med,232
frame_67,Rack_1,20,8,dew_med,205
frame_67,Rack_1,13,8,dew_med,179
frame_67,Rack_1,12,8,dew_med,153
frame_67,Rack_1,18,8,dew_med,130
frame_67,Rack_1,14,8,dew_med,108
frame_68,Rack_1,44,1,a&w_small,619
frame_68,Rack_1,37,1,a&w_small,590
frame_68,Rack_1,26,1,a&w_small,558
frame_68,Rack_1,32,1,a&w_small,526
frame_68,Rack_1,29,1,a&w_small,494
frame_68,Rack_1,43,4,coke_small,469
frame_68,Rack_1,35,4,coke_small,442
frame_68,Rack_1,45,4,coke_small,414
frame_68,Rack_1,50,4,coke_small,387
frame_68,Rack_1,30,4,coke_small,359
frame_68,Rack_1,42,17,sprite_small,330
frame_68,Rack_1,24,17,sprite_small,307
frame_68,Rack_1,34,17,sprite_small,285
frame_68,Rack_1,36,17,sprite_small,263
frame_68,Rack_1,31,8,dew_med,234
frame_68,Rack_1,20,8,dew_med,207
frame_68,Rack_1,13,8,dew_med,180
frame_68,Rack_1,12,8,dew_med,155
frame_68,Rack_1,18,8,dew_med,132
frame_68,Rack_1,14,8,dew_med,109
frame_69,Rack_1,44,1,a&w_small,621
frame_69,Rack_1,37,1,a&w_small,592
frame_69,Rack_1,26,1,a&w_small,560
frame_69,Rack_1,32,1,a&w_small,528
frame_69,Rack_1,29,1,a&w_small,497
frame_69,Rack_1,43,4,coke_small,471
frame_69,Rack_1,35,4,coke_small,444
frame_69,Rack_1,45,4,coke_small,416
frame_69,Rack_1,50,4,coke_small,389
frame_69,Rack_1,30,4,coke_small,362
frame_69,Rack_1,42,17,sprite_small,332
frame_69,Rack_1,24,17,sprite_small,309
frame_69,Rack_1,34,17,sprite_small,287
frame_69,Rack_1,36,17,sprite_small,264
frame_69,Rack_1,31,8,dew_med,235
frame_69,Rack_1,20,8,dew_med,208
frame_69,Rack_1,13,8,dew_med,182
frame_69,Rack_1,12,8,dew_med,156
frame_69,Rack_1,18,8,dew_med,134
frame_69,Rack_1,14,8,dew_med,112
frame_69,Rack_1,49,8,dew_med,85
frame_7,Rack_1,51,1,a&w_small,585
frame_7,Rack_1,53,1,a&w_small,556
frame_7,Rack_1,44,1,a&w_small,531
frame_7,Rack_1,37,1,a&w_small,503
frame_7,Rack_1,26,1,a&w_small,474
frame_7,Rack_1,32,1,a&w_small,446
frame_7,Rack_1,29,1,a&w_small,418
frame_7,Rack_1,43,4,coke_small,393
frame_7,Rack_1,35,4,coke_small,368
frame_7,Rack_1,45,4,coke_small,342
frame_7,Rack_1,50,4,coke_small,317
frame_7,Rack_1,30,4,coke_small,292
frame_7,Rack_1,42,17,sprite_small,263
frame_7,Rack_1,24,17,sprite_small,239
frame_7,Rack_1,34,17,sprite_small,218
frame_7,Rack_1,36,17,sprite_small,196
frame_7,Rack_1,31,8,dew_med,169
frame_7,Rack_1,20,8,dew_med,143
frame_7,Rack_1,13,8,dew_med,117
frame_7,Rack_1,12,8,dew_med,92
frame_7,Rack_1,18,8,dew_med,70
frame_7,Rack_1,14,8,dew_med,47
frame_7,Rack_1,49,8,dew_med,20
frame_70,Rack_1,44,1,a&w_small,623
frame_70,Rack_1,37,1,a&w_small,593
frame_70,Rack_1,26,1,a&w_small,562
frame_70,Rack_1,32,1,a&w_small,529
frame_70,Rack_1,29,1,a&w_small,498
frame_70,Rack_1,43,4,coke_small,472
frame_70,Rack_1,35,4,coke_small,445
frame_70,Rack_1,45,4,coke_small,418
frame_70,Rack_1,50,4,coke_small,390
frame_70,Rack_1,30,4,coke_small,363
frame_70,Rack_1,42,17,sprite_small,333
frame_70,Rack_1,24,17,sprite_small,309
frame_70,Rack_1,34,17,sprite_small,288
frame_70,Rack_1,36,17,sprite_small,265
frame_70,Rack_1,31,8,dew_med,235
frame_70,Rack_1,20,8,dew_med,209
frame_70,Rack_1,13,8,dew_med,183
frame_70,Rack_1,12,8,dew_med,157
frame_70,Rack_1,18,8,dew_med,135
frame_70,Rack_1,14,8,dew_med,112
frame_71,Rack_1,44,1,a&w_small,623
frame_71,Rack_1,37,1,a&w_small,595
frame_71,Rack_1,26,1,a&w_small,563
frame_71,Rack_1,32,1,a&w_small,530
frame_71,Rack_1,29,1,a&w_small,499
frame_71,Rack_1,43,4,coke_small,473
frame_71,Rack_1,35,4,coke_small,446
frame_71,Rack_1,45,4,coke_small,419
frame_71,Rack_1,50,4,coke_small,391
frame_71,Rack_1,30,4,coke_small,364
frame_71,Rack_1,42,17,sprite_small,333
frame_71,Rack_1,24,17,sprite_small,310
frame_71,Rack_1,34,17,sprite_small,288
frame_71,Rack_1,36,17,sprite_small,265
frame_71,Rack_1,31,8,dew_med,236
frame_71,Rack_1,20,8,dew_med,210
frame_71,Rack_1,13,8,dew_med,184
frame_71,Rack_1,12,8,dew_med,158
frame_71,Rack_1,18,8,dew_med,136
frame_71,Rack_1,14,8,dew_med,113
frame_71,Rack_1,49,8,dew_med,86
frame_72,Rack_1,44,1,a&w_small,623
frame_72,Rack_1,37,1,a&w_small,595
frame_72,Rack_1,26,1,a&w_small,563
frame_72,Rack_1,32,1,a&w_small,531
frame_72,Rack_1,29,1,a&w_small,499
frame_72,Rack_1,43,4,coke_small,474
frame_72,Rack_1,35,4,coke_small,447
frame_72,Rack_1,45,4,coke_small,419
frame_72,Rack_1,50,4,coke_small,391
frame_72,Rack_1,30,4,coke_small,364
frame_72,Rack_1,42,17,sprite_small,334
frame_72,Rack_1,24,17,sprite_small,310
frame_72,Rack_1,34,17,sprite_small,288
frame_72,Rack_1,36,17,sprite_small,266
frame_72,Rack_1,31,8,dew_med,236
frame_72,Rack_1,20,8,dew_med,210
frame_72,Rack_1,13,8,dew_med,184
frame_72,Rack_1,12,8,dew_med,158
frame_72,Rack_1,18,8,dew_med,135
frame_72,Rack_1,14,8,dew_med,113
frame_72,Rack_1,49,8,dew_med,86
frame_73,Rack_1,44,1,a&w_small,624
frame_73,Rack_1,37,1,a&w_small,596
frame_73,Rack_1,26,1,a&w_small,564
frame_73,Rack_1,32,1,a&w_small,532
frame_73,Rack_1,29,1,a&w_small,500
frame_73,Rack_1,43,4,coke_small,474
frame_73,Rack_1,35,4,coke_small,447
frame_73,Rack_1,45,4,coke_small,419
frame_73,Rack_1,50,4,coke_small,391
frame_73,Rack_1,30,4,coke_small,364
frame_73,Rack_1,42,17,sprite_small,334
frame_73,Rack_1,24,17,sprite_small,310
frame_73,Rack_1,34,17,sprite_small,288
frame_73,Rack_1,36,17,sprite_small,266
frame_73,Rack_1,31,8,dew_med,236
frame_73,Rack_1,20,8,dew_med,210
frame_73,Rack_1,13,8,dew_med,183
frame_73,Rack_1,12,8,dew_med,158
frame_73,Rack_1,18,8,dew_med,135
frame_73,Rack_1,14,8,dew_med,113
frame_73,Rack_1,49,8,dew_med,86
frame_74,Rack_1,44,1,a&w_small,624
frame_74,Rack_1,37,1,a&w_small,596
frame_74,Rack_1,26,1,a&w_small,565
frame_74,Rack_1,32,1,a&w_small,533
frame_74,Rack_1,29,1,a&w_small,500
frame_74,Rack_1,43,4,coke_small,475
frame_74,Rack_1,35,4,coke_small,447
frame_74,Rack_1,45,4,coke_small,419
frame_74,Rack_1,50,4,coke_small,391
frame_74,Rack_1,30,4,coke_small,364
frame_74,Rack_1,42,17,sprite_small,334
frame_74,Rack_1,24,17,sprite_small,310
frame_74,Rack_1,34,17,sprite_small,288
frame_74,Rack_1,36,17,sprite_small,266
frame_74,Rack_1,31,8,dew_med,236
frame_74,Rack_1,20,8,dew_med,210
frame_74,Rack_1,13,8,dew_med,183
frame_74,Rack_1,12,8,dew_med,158
frame_74,Rack_1,18,8,dew_med,135
frame_74,Rack_1,14,8,dew_med,113
frame_75,Rack_1,44,1,a&w_small,625
frame_75,Rack_1,37,1,a&w_small,597
frame_75,Rack_1,26,1,a&w_small,566
frame_75,Rack_1,32,1,a&w_small,534
frame_75,Rack_1,29,1,a&w_small,501
frame_75,Rack_1,43,4,coke_small,475
frame_75,Rack_1,35,4,coke_small,448
frame_75,Rack_1,45,4,coke_small,420
frame_75,Rack_1,50,4,coke_small,392
frame_75,Rack_1,30,4,coke_small,365
frame_75,Rack_1,42,17,sprite_small,335
frame_75,Rack_1,24,17,sprite_small,311
frame_75,Rack_1,34,17,sprite_small,289
frame_75,Rack_1,36,17,sprite_small,266
frame_75,Rack_1,31,8,dew_med,236
frame_75,Rack_1,20,8,dew_med,210
frame_75,Rack_1,13,8,dew_med,183
frame_75,Rack_1,12,8,dew_med,158
frame_75,Rack_1,18,8,dew_med,135
frame_75,Rack_1,14,8,dew_med,113
frame_75,Rack_1,69,8,dew_med,42
frame_76,Rack_1,44,1,a&w_small,625
frame_76,Rack_1,37,1,a&w_small,599
frame_76,Rack_1,26,1,a&w_small,567
frame_76,Rack_1,32,1,a&w_small,534
frame_76,Rack_1,29,1,a&w_small,502
frame_76,Rack_1,43,4,coke_small,476
frame_76,Rack_1,35,4,coke_small,448
frame_76,Rack_1,45,4,coke_small,421
frame_76,Rack_1,50,4,coke_small,393
frame_76,Rack_1,30,4,coke_small,365
frame_76,Rack_1,42,17,sprite_small,335
frame_76,Rack_1,24,17,sprite_small,312
frame_76,Rack_1,34,17,sprite_small,289
frame_76,Rack_1,36,17,sprite_small,266
frame_76,Rack_1,31,8,dew_med,236
frame_76,Rack_1,20,8,dew_med,210
frame_76,Rack_1,13,8,dew_med,183
frame_76,Rack_1,12,8,dew_med,158
frame_76,Rack_1,18,8,dew_med,135
frame_76,Rack_1,14,8,dew_med,112
frame_77,Rack_1,44,1,a&w_small,626
frame_77,Rack_1,37,1,a&w_small,600
frame_77,Rack_1,26,1,a&w_small,568
frame_77,Rack_1,32,1,a&w_small,536
frame_77,Rack_1,29,1,a&w_small,504
frame_77,Rack_1,43,4,coke_small,478
frame_77,Rack_1,35,4,coke_small,450
frame_77,Rack_1,45,4,coke_small,421
frame_77,Rack_1,50,4,coke_small,394
frame_77,Rack_1,30,4,coke_small,366
frame_77,Rack_1,42,17,sprite_small,335
frame_77,Rack_1,24,17,sprite_small,312
frame_77,Rack_1,34,17,sprite_small,290
frame_77,Rack_1,36,17,sprite_small,267
frame_77,Rack_1,31,8,dew_med,237
frame_77,Rack_1,20,8,dew_med,211
frame_77,Rack_1,13,8,dew_med,184
frame_77,Rack_1,12,8,dew_med,158
frame_77,Rack_1,18,8,dew_med,135
frame_77,Rack_1,14,8,dew_med,112
frame_78,Rack_1,44,1,a&w_small,626
frame_78,Rack_1,37,1,a&w_small,601
frame_78,Rack_1,26,1,a&w_small,569
frame_78,Rack_1,32,1,a&w_small,537
frame_78,Rack_1,29,1,a&w_small,505
frame_78,Rack_1,43,4,coke_small,479
frame_78,Rack_1,35,4,coke_small,451
frame_78,Rack_1,45,4,coke_small,422
frame_78,Rack_1,50,4,coke_small,395
frame_78,Rack_1,30,4,coke_small,367
frame_78,Rack_1,42,17,sprite_small,337
frame_78,Rack_1,24,17,sprite_small,313
frame_78,Rack_1,34,17,sprite_small,291
frame_78,Rack_1,36,17,sprite_small,268
frame_78,Rack_1,31,8,dew_med,238
frame_78,Rack_1,20,8,dew_med,212
frame_78,Rack_1,13,8,dew_med,185
frame_78,Rack_1,12,8,dew_med,159
frame_78,Rack_1,18,8,dew_med,136
frame_78,Rack_1,14,8,dew_med,113
frame_79,Rack_1,37,1,a&w_small,602
frame_79,Rack_1,26,1,a&w_small,570
frame_79,Rack_1,32,1,a&w_small,540
frame_79,Rack_1,29,1,a&w_small,506
frame_79,Rack_1,43,4,coke_small,481
frame_79,Rack_1,35,4,coke_small,453
frame_79,Rack_1,45,4,coke_small,423
frame_79,Rack_1,50,4,coke_small,397
frame_79,Rack_1,30,4,coke_small,368
frame_79,Rack_1,42,17,sprite_small,338
frame_79,Rack_1,24,17,sprite_small,315
frame_79,Rack_1,34,17,sprite_small,292
frame_79,Rack_1,36,17,sprite_small,269
frame_79,Rack_1,31,8,dew_med,240
frame_79,Rack_1,20,8,dew_med,213
frame_79,Rack_1,13,8,dew_med,186
frame_79,Rack_1,12,8,dew_med,160
frame_79,Rack_1,18,8,dew_med,137
frame_79,Rack_1,14,8,dew_med,114
frame_8,Rack_1,51,1,a&w_small,585
frame_8,Rack_1,53,1,a&w_small,556
frame_8,Rack_1,44,1,a&w_small,531
frame_8,Rack_1,37,1,a&w_small,503
frame_8,Rack_1,26,1,a&w_small,475
frame_8,Rack_1,32,1,a&w_small,446
frame_8,Rack_1,29,1,a&w_small,418
frame_8,Rack_1,43,4,coke_small,393
frame_8,Rack_1,35,4,coke_small,368
frame_8,Rack_1,45,4,coke_small,342
frame_8,Rack_1,50,4,coke_small,317
frame_8,Rack_1,30,4,coke_small,292
frame_8,Rack_1,42,17,sprite_small,263
frame_8,Rack_1,24,17,sprite_small,239
frame_8,Rack_1,34,17,sprite_small,218
frame_8,Rack_1,36,17,sprite_small,196
frame_8,Rack_1,31,8,dew_med,170
frame_8,Rack_1,20,8,dew_med,143
frame_8,Rack_1,13,8,dew_med,117
frame_8,Rack_1,12,8,dew_med,92
frame_8,Rack_1,18,8,dew_med,71
frame_8,Rack_1,14,8,dew_med,48
frame_8,Rack_1,49,8,dew_med,21
frame_80,Rack_1,37,1,a&w_small,603
frame_80,Rack_1,26,1,a&w_small,572
frame_80,Rack_1,32,1,a&w_small,541
frame_80,Rack_1,29,1,a&w_small,507
frame_80,Rack_1,43,4,coke_small,482
frame_80,Rack_1,35,4,coke_small,454
frame_80,Rack_1,45,4,coke_small,425
frame_80,Rack_1,50,4,coke_small,398
frame_80,Rack_1,30,4,coke_small,370
frame_80,Rack_1,42,17,sprite_small,340
frame_80,Rack_1,24,17,sprite_small,316
frame_80,Rack_1,34,17,sprite_small,294
frame_80,Rack_1,36,17,sprite_small,271
frame_80,Rack_1,31,8,dew_med,241
frame_80,Rack_1,20,8,dew_med,214
frame_80,Rack_1,13,8,dew_med,188
frame_80,Rack_1,12,8,dew_med,162
frame_80,Rack_1,18,8,dew_med,138
frame_80,Rack_1,14,8,dew_med,115
frame_80,Rack_1,49,8,dew_med,89
frame_80,Rack_1,81,0,7up_med,65
frame_81,Rack_1,37,1,a&w_small,605
frame_81,Rack_1,26,1,a&w_small,574
frame_81,Rack_1,32,1,a&w_small,542
frame_81,Rack_1,29,1,a&w_small,509
frame_81,Rack_1,43,4,coke_small,483
frame_81,Rack_1,35,4,coke_small,455
frame_81,Rack_1,45,4,coke_small,427
frame_81,Rack_1,50,4,coke_small,399
frame_81,Rack_1,30,4,coke_small,371
frame_81,Rack_1,42,17,sprite_small,341
frame_81,Rack_1,24,17,sprite_small,317
frame_81,Rack_1,34,17,sprite_small,295
frame_81,Rack_1,36,17,sprite_small,273
frame_81,Rack_1,31,8,dew_med,243
frame_81,Rack_1,20,8,dew_med,216
frame_81,Rack_1,13,8,dew_med,189
frame_81,Rack_1,12,8,dew_med,164
frame_81,Rack_1,18,8,dew_med,140
frame_81,Rack_1,14,8,dew_med,117
frame_81,Rack_1,81,0,7up_med,68
frame_81,Rack_1,69,8,dew_med,48
frame_82,Rack_1,37,1,a&w_small,606
frame_82,Rack_1,26,1,a&w_small,575
frame_82,Rack_1,32,1,a&w_small,543
frame_82,Rack_1,29,4,coke_small,510
frame_82,Rack_1,43,4,coke_small,484
frame_82,Rack_1,35,4,coke_small,457
frame_82,Rack_1,45,4,coke_small,428
frame_82,Rack_1,50,4,coke_small,400
frame_82,Rack_1,30,4,coke_small,372
frame_82,Rack_1,42,17,sprite_small,342
frame_82,Rack_1,24,17,sprite_small,319
frame_82,Rack_1,34,17,sprite_small,297
frame_82,Rack_1,36,17,sprite_small,274
frame_82,Rack_1,31,8,dew_med,244
frame_82,Rack_1,20,8,dew_med,217
frame_82,Rack_1,13,8,dew_med,191
frame_82,Rack_1,12,8,dew_med,165
frame_82,Rack_1,18,8,dew_med,142
frame_82,Rack_1,14,8,dew_med,118
frame_82,Rack_1,81,0,7up_med,70
frame_82,Rack_1,69,8,dew_med,49
frame_83,Rack_1,37,1,a&w_small,607
frame_83,Rack_1,26,1,a&w_small,576
frame_83,Rack_1,32,1,a&w_small,544
frame_83,Rack_1,29,4,coke_small,511
frame_83,Rack_1,43,4,coke_small,485
frame_83,Rack_1,35,4,coke_small,458
frame_83,Rack_1,45,4,coke_small,429
frame_83,Rack_1,50,4,coke_small,402
frame_83,Rack_1,30,4,coke_small,373
frame_83,Rack_1,42,17,sprite_small,343
frame_83,Rack_1,24,17,sprite_small,320
frame_83,Rack_1,34,17,sprite_small,298
frame_83,Rack_1,36,17,sprite_small,275
frame_83,Rack_1,31,8,dew_med,245
frame_83,Rack_1,20,8,dew_med,219
frame_83,Rack_1,13,8,dew_med,192
frame_83,Rack_1,12,8,dew_med,166
frame_83,Rack_1,18,8,dew_med,143
frame_83,Rack_1,14,8,dew_med,119
frame_83,Rack_1,49,8,dew_med,94
frame_83,Rack_1,81,0,7up_med,71
frame_83,Rack_1,69,8,dew_med,50
frame_84,Rack_1,37,1,a&w_small,607
frame_84,Rack_1,26,1,a&w_small,577
frame_84,Rack_1,32,1,a&w_small,544
frame_84,Rack_1,29,4,coke_small,511
frame_84,Rack_1,43,4,coke_small,486
frame_84,Rack_1,35,4,coke_small,459
frame_84,Rack_1,45,4,coke_small,430
frame_84,Rack_1,50,4,coke_small,403
frame_84,Rack_1,30,4,coke_small,374
frame_84,Rack_1,42,17,sprite_small,345
frame_84,Rack_1,24,17,sprite_small,321
frame_84,Rack_1,34,17,sprite_small,299
frame_84,Rack_1,36,17,sprite_small,276
frame_84,Rack_1,31,8,dew_med,247
frame_84,Rack_1,20,8,dew_med,220
frame_84,Rack_1,13,8,dew_med,193
frame_84,Rack_1,12,8,dew_med,167
frame_84,Rack_1,18,8,dew_med,144
frame_84,Rack_1,14,8,dew_med,120
frame_84,Rack_1,49,8,dew_med,94
frame_84,Rack_1,81,0,7up_med,71
frame_84,Rack_1,69,8,dew_med,51
frame_85,Rack_1,37,1,a&w_small,607
frame_85,Rack_1,26,1,a&w_small,577
frame_85,Rack_1,32,1,a&w_small,544
frame_85,Rack_1,29,4,coke_small,512
frame_85,Rack_1,43,4,coke_small,486
frame_85,Rack_1,35,4,coke_small,460
frame_85,Rack_1,45,4,coke_small,431
frame_85,Rack_1,50,4,coke_small,404
frame_85,Rack_1,30,4,coke_small,375
frame_85,Rack_1,42,17,sprite_small,345
frame_85,Rack_1,24,17,sprite_small,322
frame_85,Rack_1,34,17,sprite_small,300
frame_85,Rack_1,36,17,sprite_small,277
frame_85,Rack_1,31,8,dew_med,247
frame_85,Rack_1,20,8,dew_med,220
frame_85,Rack_1,13,8,dew_med,193
frame_85,Rack_1,12,8,dew_med,167
frame_85,Rack_1,18,8,dew_med,144
frame_85,Rack_1,14,8,dew_med,120
frame_85,Rack_1,81,0,7up_med,70
frame_85,Rack_1,69,0,7up_med,50
frame_86,Rack_1,37,1,a&w_small,607
frame_86,Rack_1,26,1,a&w_small,577
frame_86,Rack_1,32,1,a&w_small,544
frame_86,Rack_1,43,4,coke_small,487
frame_86,Rack_1,35,4,coke_small,460
frame_86,Rack_1,45,4,coke_small,432
frame_86,Rack_1,50,4,coke_small,405
frame_86,Rack_1,30,4,coke_small,376
frame_86,Rack_1,42,17,sprite_small,346
frame_86,Rack_1,24,17,sprite_small,323
frame_86,Rack_1,34,17,sprite_small,301
frame_86,Rack_1,36,17,sprite_small,277
frame_86,Rack_1,31,8,dew_med,248
frame_86,Rack_1,20,8,dew_med,221
frame_86,Rack_1,13,8,dew_med,194
frame_86,Rack_1,12,8,dew_med,167
frame_86,Rack_1,18,8,dew_med,144
frame_86,Rack_1,14,8,dew_med,120
frame_86,Rack_1,81,0,7up_med,70
frame_86,Rack_1,69,0,7up_med,49
frame_87,Rack_1,37,1,a&w_small,607
frame_87,Rack_1,26,1,a&w_small,578
frame_87,Rack_1,32,1,a&w_small,545
frame_87,Rack_1,29,4,coke_small,513
frame_87,Rack_1,43,4,coke_small,488
frame_87,Rack_1,35,4,coke_small,461
frame_87,Rack_1,45,4,coke_small,433
frame_87,Rack_1,50,4,coke_small,406
frame_87,Rack_1,30,4,coke_small,377
frame_87,Rack_1,42,17,sprite_small,348
frame_87,Rack_1,24,17,sprite_small,324
frame_87,Rack_1,34,17,sprite_small,302
frame_87,Rack_1,36,17,sprite_small,278
frame_87,Rack_1,31,8,dew_med,248
frame_87,Rack_1,20,8,dew_med,221
frame_87,Rack_1,13,8,dew_med,194
frame_87,Rack_1,12,8,dew_med,167
frame_87,Rack_1,18,8,dew_med,144
frame_87,Rack_1,14,8,dew_med,120
frame_87,Rack_1,81,0,7up_med,70
frame_87,Rack_1,69,0,7up_med,48
frame_87,Rack_1,85,0,7up_med,20
frame_88,Rack_1,37,1,a&w_small,608
frame_88,Rack_1,26,1,a&w_small,579
frame_88,Rack_1,32,1,a&w_small,547
frame_88,Rack_1,43,4,coke_small,489
frame_88,Rack_1,35,4,coke_small,463
frame_88,Rack_1,45,4,coke_small,435
frame_88,Rack_1,50,4,coke_small,407
frame_88,Rack_1,30,4,coke_small,379
frame_88,Rack_1,42,17,sprite_small,349
frame_88,Rack_1,24,17,sprite_small,326
frame_88,Rack_1,34,17,sprite_small,303
frame_88,Rack_1,36,17,sprite_small,280
frame_88,Rack_1,31,8,dew_med,249
frame_88,Rack_1,20,8,dew_med,222
frame_88,Rack_1,13,8,dew_med,195
frame_88,Rack_1,12,8,dew_med,168
frame_88,Rack_1,18,8,dew_med,145
frame_88,Rack_1,14,8,dew_med,120
frame_88,Rack_1,49,8,dew_med,94
frame_88,Rack_1,81,0,7up_med,70
frame_88,Rack_1,69,0,7up_med,49
frame_88,Rack_1,85,0,7up_med,21
frame_89,Rack_1,37,1,a&w_small,609
frame_89,Rack_1,26,1,a&w_small,580
frame_89,Rack_1,32,1,a&w_small,549
frame_89,Rack_1,43,4,coke_small,491
frame_89,Rack_1,35,4,coke_small,464
frame_89,Rack_1,45,4,coke_small,436
frame_89,Rack_1,50,4,coke_small,409
frame_89,Rack_1,30,4,coke_small,381
frame_89,Rack_1,42,17,sprite_small,351
frame_89,Rack_1,24,17,sprite_small,328
frame_89,Rack_1,34,17,sprite_small,305
frame_89,Rack_1,36,17,sprite_small,281
frame_89,Rack_1,31,8,dew_med,251
frame_89,Rack_1,20,8,dew_med,224
frame_89,Rack_1,13,8,dew_med,196
frame_89,Rack_1,12,8,dew_med,170
frame_89,Rack_1,18,8,dew_med,146
frame_89,Rack_1,14,8,dew_med,122
frame_89,Rack_1,49,8,dew_med,95
frame_89,Rack_1,81,0,7up_med,71
frame_89,Rack_1,69,0,7up_med,49
frame_89,Rack_1,85,0,7up_med,21
frame_9,Rack_1,51,1,a&w_small,585
frame_9,Rack_1,53,1,a&w_small,556
frame_9,Rack_1,44,1,a&w_small,532
frame_9,Rack_1,37,1,a&w_small,504
frame_9,Rack_1,26,1,a&w_small,476
frame_9,Rack_1,32,1,a&w_small,447
frame_9,Rack_1,29,1,a&w_small,419
frame_9,Rack_1,43,4,coke_small,394
frame_9,Rack_1,35,4,coke_small,369
frame_9,Rack_1,45,4,coke_small,343
frame_9,Rack_1,50,4,coke_small,317
frame_9,Rack_1,30,4,coke_small,292
frame_9,Rack_1,42,17,sprite_small,264
frame_9,Rack_1,24,17,sprite_small,240
frame_9,Rack_1,34,17,sprite_small,218
frame_9,Rack_1,36,17,sprite_small,197
frame_9,Rack_1,31,8,dew_med,170
frame_9,Rack_1,20,8,dew_med,144
frame_9,Rack_1,13,8,dew_med,118
frame_9,Rack_1,12,8,dew_med,93
frame_9,Rack_1,18,8,dew_med,71
frame_9,Rack_1,14,8,dew_med,48
frame_9,Rack_1,49,8,dew_med,23
frame_90,Rack_1,37,1,a&w_small,611
frame_90,Rack_1,26,1,a&w_small,582
frame_90,Rack_1,32,1,a&w_small,551
frame_90,Rack_1,43,4,coke_small,494
frame_90,Rack_1,35,4,coke_small,466
frame_90,Rack_1,45,4,coke_small,438
frame_90,Rack_1,50,4,coke_small,411
frame_90,Rack_1,30,4,coke_small,383
frame_90,Rack_1,42,17,sprite_small,354
frame_90,Rack_1,24,17,sprite_small,330
frame_90,Rack_1,34,17,sprite_small,307
frame_90,Rack_1,36,17,sprite_small,284
frame_90,Rack_1,31,8,dew_med,253
frame_90,Rack_1,20,8,dew_med,226
frame_90,Rack_1,13,8,dew_med,199
frame_90,Rack_1,12,8,dew_med,172
frame_90,Rack_1,18,8,dew_med,148
frame_90,Rack_1,14,8,dew_med,124
frame_90,Rack_1,81,0,7up_med,73
frame_90,Rack_1,69,0,7up_med,51
frame_90,Rack_1,85,0,7up_med,24
frame_91,Rack_1,37,1,a&w_small,614
frame_91,Rack_1,26,1,a&w_small,584
frame_91,Rack_1,32,1,a&w_small,553
frame_91,Rack_1,29,4,coke_small,522
frame_91,Rack_1,43,4,coke_small,496
frame_91,Rack_1,35,4,coke_small,469
frame_91,Rack_1,45,4,coke_small,441
frame_91,Rack_1,50,4,coke_small,414
frame_91,Rack_1,30,4,coke_small,386
frame_91,Rack_1,42,17,sprite_small,357
frame_91,Rack_1,24,17,sprite_small,333
frame_91,Rack_1,34,17,sprite_small,310
frame_91,Rack_1,36,17,sprite_small,287
frame_91,Rack_1,31,8,dew_med,256
frame_91,Rack_1,20,8,dew_med,229
frame_91,Rack_1,13,8,dew_med,201
frame_91,Rack_1,12,8,dew_med,175
frame_91,Rack_1,18,8,dew_med,151
frame_91,Rack_1,14,8,dew_med,126
frame_91,Rack_1,81,0,7up_med,75
frame_91,Rack_1,69,0,7up_med,54
frame_91,Rack_1,85,0,7up_med,28
frame_92,Rack_1,37,1,a&w_small,616
frame_92,Rack_1,26,1,a&w_small,587
frame_92,Rack_1,32,1,a&w_small,556
frame_92,Rack_1,29,4,coke_small,524
frame_92,Rack_1,43,4,coke_small,499
frame_92,Rack_1,35,4,coke_small,471
frame_92,Rack_1,45,4,coke_small,444
frame_92,Rack_1,50,4,coke_small,417
frame_92,Rack_1,30,4,coke_small,389
frame_92,Rack_1,42,17,sprite_small,360
frame_92,Rack_1,24,17,sprite_small,336
frame_92,Rack_1,34,17,sprite_small,314
frame_92,Rack_1,36,17,sprite_small,290
frame_92,Rack_1,31,8,dew_med,259
frame_92,Rack_1,20,8,dew_med,232
frame_92,Rack_1,13,8,dew_med,204
frame_92,Rack_1,12,8,dew_med,178
frame_92,Rack_1,18,8,dew_med,154
frame_92,Rack_1,14,8,dew_med,129
frame_92,Rack_1,49,8,dew_med,102
frame_92,Rack_1,81,0,7up_med,78
frame_92,Rack_1,69,0,7up_med,56
frame_92,Rack_1,85,0,7up_med,31
frame_93,Rack_1,37,1,a&w_small,619
frame_93,Rack_1,26,1,a&w_small,590
frame_93,Rack_1,32,1,a&w_small,559
frame_93,Rack_1,43,4,coke_small,502
frame_93,Rack_1,35,4,coke_small,474
frame_93,Rack_1,45,4,coke_small,447
frame_93,Rack_1,50,4,coke_small,420
frame_93,Rack_1,30,4,coke_small,392
frame_93,Rack_1,42,17,sprite_small,363
frame_93,Rack_1,24,17,sprite_small,340
frame_93,Rack_1,34,17,sprite_small,317
frame_93,Rack_1,36,17,sprite_small,294
frame_93,Rack_1,31,8,dew_med,262
frame_93,Rack_1,20,8,dew_med,236
frame_93,Rack_1,13,8,dew_med,208
frame_93,Rack_1,12,8,dew_med,182
frame_93,Rack_1,18,8,dew_med,158
frame_93,Rack_1,14,8,dew_med,133
frame_93,Rack_1,49,8,dew_med,106
frame_93,Rack_1,81,0,7up_med,82
frame_93,Rack_1,69,0,7up_med,60
frame_93,Rack_1,85,0,7up_med,35
frame_94,Rack_1,37,1,a&w_small,622
frame_94,Rack_1,26,1,a&w_small,593
frame_94,Rack_1,32,1,a&w_small,562
frame_94,Rack_1,29,4,coke_small,530
frame_94,Rack_1,43,4,coke_small,505
frame_94,Rack_1,35,4,coke_small,478
frame_94,Rack_1,45,4,coke_small,451
frame_94,Rack_1,50,4,coke_small,423
frame_94,Rack_1,30,4,coke_small,396
frame_94,Rack_1,42,17,sprite_small,366
frame_94,Rack_1,24,17,sprite_small,343
frame_94,Rack_1,34,17,sprite_small,320
frame_94,Rack_1,36,17,sprite_small,297
frame_94,Rack_1,31,8,dew_med,266
frame_94,Rack_1,20,8,dew_med,239
frame_94,Rack_1,13,8,dew_med,211
frame_94,Rack_1,12,8,dew_med,185
frame_94,Rack_1,18,8,dew_med,161
frame_94,Rack_1,14,8,dew_med,136
frame_94,Rack_1,81,0,7up_med,85
frame_94,Rack_1,69,0,7up_med,63
frame_94,Rack_1,85,0,7up_med,38
frame_95,Rack_1,37,1,a&w_small,625
frame_95,Rack_1,26,1,a&w_small,597
frame_95,Rack_1,32,1,a&w_small,566
frame_95,Rack_1,43,4,coke_small,509
frame_95,Rack_1,35,4,coke_small,482
frame_95,Rack_1,45,4,coke_small,454
frame_95,Rack_1,50,4,coke_small,427
frame_95,Rack_1,30,4,coke_small,399
frame_95,Rack_1,42,17,sprite_small,370
frame_95,Rack_1,24,17,sprite_small,347
frame_95,Rack_1,34,17,sprite_small,324
frame_95,Rack_1,36,17,sprite_small,301
frame_95,Rack_1,31,8,dew_med,269
frame_95,Rack_1,20,8,dew_med,242
frame_95,Rack_1,13,8,dew_med,215
frame_95,Rack_1,12,8,dew_med,188
frame_95,Rack_1,18,8,dew_med,164
frame_95,Rack_1,14,8,dew_med,140
frame_95,Rack_1,81,0,7up_med,89
frame_95,Rack_1,69,0,7up_med,67
frame_95,Rack_1,85,0,7up_med,42
frame_96,Rack_1,37,1,a&w_small,626
frame_96,Rack_1,26,1,a&w_small,600
frame_96,Rack_1,32,1,a&w_small,569
frame_96,Rack_1,29,4,coke_small,538
frame_96,Rack_1,43,4,coke_small,512
frame_96,Rack_1,35,4,coke_small,485
frame_96,Rack_1,45,4,coke_small,458
frame_96,Rack_1,50,4,coke_small,430
frame_96,Rack_1,30,4,coke_small,402
frame_96,Rack_1,42,17,sprite_small,374
frame_96,Rack_1,24,17,sprite_small,350
frame_96,Rack_1,34,17,sprite_small,327
frame_96,Rack_1,36,17,sprite_small,304
frame_96,Rack_1,31,8,dew_med,273
frame_96,Rack_1,20,8,dew_med,246
frame_96,Rack_1,13,8,dew_med,218
frame_96,Rack_1,12,8,dew_med,192
frame_96,Rack_1,18,8,dew_med,168
frame_96,Rack_1,14,8,dew_med,144
frame_96,Rack_1,81,0,7up_med,93
frame_96,Rack_1,69,0,7up_med,71
frame_96,Rack_1,85,0,7up_med,46
frame_97,Rack_1,37,1,a&w_small,628
frame_97,Rack_1,26,1,a&w_small,604
frame_97,Rack_1,32,1,a&w_small,574
frame_97,Rack_1,29,4,coke_small,541
frame_97,Rack_1,43,4,coke_small,516
frame_97,Rack_1,35,4,coke_small,488
frame_97,Rack_1,45,4,coke_small,461
frame_97,Rack_1,50,4,coke_small,434
frame_97,Rack_1,30,4,coke_small,405
frame_97,Rack_1,42,17,sprite_small,377
frame_97,Rack_1,24,17,sprite_small,353
frame_97,Rack_1,34,17,sprite_small,330
frame_97,Rack_1,36,17,sprite_small,307
frame_97,Rack_1,31,8,dew_med,276
frame_97,Rack_1,20,8,dew_med,249
frame_97,Rack_1,13,8,dew_med,222
frame_97,Rack_1,12,8,dew_med,196
frame_97,Rack_1,18,8,dew_med,171
frame_97,Rack_1,14,8,dew_med,147
frame_97,Rack_1,49,8,dew_med,120
frame_97,Rack_1,81,0,7up_med,96
frame_97,Rack_1,69,0,7up_med,74
frame_97,Rack_1,85,0,7up_med,49
frame_98,Rack_1,37,1,a&w_small,630
frame_98,Rack_1,26,1,a&w_small,608
frame_98,Rack_1,32,1,a&w_small,576
frame_98,Rack_1,43,4,coke_small,519
frame_98,Rack_1,35,4,coke_small,492
frame_98,Rack_1,45,4,coke_small,464
frame_98,Rack_1,50,4,coke_small,437
frame_98,Rack_1,30,4,coke_small,409
frame_98,Rack_1,42,17,sprite_small,380
frame_98,Rack_1,24,17,sprite_small,357
frame_98,Rack_1,34,17,sprite_small,334
frame_98,Rack_1,36,17,sprite_small,310
frame_98,Rack_1,31,8,dew_med,279
frame_98,Rack_1,20,8,dew_med,253
frame_98,Rack_1,13,8,dew_med,225
frame_98,Rack_1,12,8,dew_med,199
frame_98,Rack_1,18,8,dew_med,175
frame_98,Rack_1,14,8,dew_med,151
frame_98,Rack_1,81,0,7up_med,99
frame_98,Rack_1,69,0,7up_med,77
frame_98,Rack_1,85,0,7up_med,52
frame_99,Rack_1,26,1,a&w_small,611
frame_99,Rack_1,32,1,a&w_small,579
frame_99,Rack_1,29,4,coke_small,547
frame_99,Rack_1,43,4,coke_small,523
frame_99,Rack_1,35,4,coke_small,496
frame_99,Rack_1,45,4,coke_small,467
frame_99,Rack_1,50,4,coke_small,440
frame_99,Rack_1,30,4,coke_small,412
frame_99,Rack_1,42,17,sprite_small,384
frame_99,Rack_1,24,17,sprite_small,360
frame_99,Rack_1,34,17,sprite_small,337
frame_99,Rack_1,36,17,sprite_small,314
frame_99,Rack_1,31,8,dew_med,282
frame_99,Rack_1,20,8,dew_med,256
frame_99,Rack_1,13,8,dew_med,228
frame_99,Rack_1,12,8,dew_med,202
frame_99,Rack_1,18,8,dew_med,178
frame_99,Rack_1,14,8,dew_med,154
frame_99,Rack_1,49,8,dew_med,127
frame_99,Rack_1,81,0,7up_med,103
frame_99,Rack_1,69,0,7up_med,81
frame_99,Rack_1,85,0,7up_med,56
frame_0,Rack_2,52,3,coke_med,578
frame_0,Rack_2,40,3,coke_med,541
frame_0,Rack_2,39,3,coke_med,510
frame_0,Rack_2,46,3,coke_med,481
frame_0,Rack_2,21,3,coke_med,451
frame_0,Rack_2,56,6,coke_v_med,422
frame_0,Rack_2,48,6,coke_v_med,393
frame_0,Rack_2,33,6,coke_v_med,364
frame_0,Rack_2,9,2,anw_med,334
frame_0,Rack_2,23,2,anw_med,304
frame_0,Rack_2,1,2,anw_med,274
frame_0,Rack_2,28,2,anw_med,244
frame_0,Rack_2,22,2,anw_med,215
frame_0,Rack_2,41,15,pepsi_med,178
frame_0,Rack_2,25,15,pepsi_med,150
frame_0,Rack_2,10,15,pepsi_med,122
frame_0,Rack_2,16,15,pepsi_med,96
frame_0,Rack_2,15,15,pepsi_med,69
frame_0,Rack_2,55,13,kick_med,39
frame_0,Rack_2,54,13,kick_med,13
frame_1,Rack_2,52,3,coke_med,581
frame_1,Rack_2,40,3,coke_med,541
frame_1,Rack_2,39,3,coke_med,510
frame_1,Rack_2,46,3,coke_med,481
frame_1,Rack_2,21,3,coke_med,451
frame_1,Rack_2,56,6,coke_v_med,422
frame_1,Rack_2,48,6,coke_v_med,393
frame_1,Rack_2,33,6,coke_v_med,364
frame_1,Rack_2,9,2,anw_med,335
frame_1,Rack_2,23,2,anw_med,305
frame_1,Rack_2,1,2,anw_med,273
frame_1,Rack_2,28,2,anw_med,244
frame_1,Rack_2,22,2,anw_med,215
frame_1,Rack_2,41,15,pepsi_med,179
frame_1,Rack_2,25,15,pepsi_med,150
frame_1,Rack_2,10,15,pepsi_med,123
frame_1,Rack_2,16,15,pepsi_med,96
frame_1,Rack_2,15,15,pepsi_med,69
frame_1,Rack_2,55,13,kick_med,40
frame_1,Rack_2,54,13,kick_med,15
frame_10,Rack_2,52,3,coke_med,583
frame_10,Rack_2,40,3,coke_med,544
frame_10,Rack_2,39,3,coke_med,512
frame_10,Rack_2,46,3,coke_med,484
frame_10,Rack_2,21,3,coke_med,454
frame_10,Rack_2,48,6,coke_v_med,395
frame_10,Rack_2,33,6,coke_v_med,367
frame_10,Rack_2,9,2,anw_med,338
frame_10,Rack_2,23,2,anw_med,308
frame_10,Rack_2,1,2,anw_med,277
frame_10,Rack_2,28,2,anw_med,247
frame_10,Rack_2,22,2,anw_med,218
frame_10,Rack_2,41,15,pepsi_med,182
frame_10,Rack_2,25,15,pepsi_med,154
frame_10,Rack_2,10,15,pepsi_med,127
frame_10,Rack_2,16,15,pepsi_med,100
frame_10,Rack_2,15,15,pepsi_med,74
frame_10,Rack_2,55,13,kick_med,45
frame_10,Rack_2,54,13,kick_med,18
frame_10,Rack_2,58,13,kick_med,2
frame_100,Rack_2,46,3,coke_med,616
frame_100,Rack_2,21,3,coke_med,584
frame_100,Rack_2,56,3,coke_med,553
frame_100,Rack_2,48,6,coke_v_med,521
frame_100,Rack_2,9,2,anw_med,457
frame_100,Rack_2,23,2,anw_med,424
frame_100,Rack_2,1,2,anw_med,391
frame_100,Rack_2,28,2,anw_med,360
frame_100,Rack_2,22,2,anw_med,330
frame_100,Rack_2,41,15,pepsi_med,292
frame_100,Rack_2,25,15,pepsi_med,261
frame_100,Rack_2,10,15,pepsi_med,231
frame_100,Rack_2,16,15,pepsi_med,204
frame_100,Rack_2,15,15,pepsi_med,177
frame_100,Rack_2,55,13,kick_med,147
frame_100,Rack_2,54,13,kick_med,120
frame_100,Rack_2,63,13,kick_med,95
frame_100,Rack_2,74,13,kick_med,70
frame_100,Rack_2,84,13,kick_med,48
frame_100,Rack_2,90,13,kick_med,25
frame_101,Rack_2,46,3,coke_med,618
frame_101,Rack_2,21,3,coke_med,587
frame_101,Rack_2,80,3,coke_med,556
frame_101,Rack_2,48,6,coke_v_med,524
frame_101,Rack_2,33,6,coke_v_med,492
frame_101,Rack_2,9,2,anw_med,460
frame_101,Rack_2,23,2,anw_med,427
frame_101,Rack_2,1,2,anw_med,394
frame_101,Rack_2,28,2,anw_med,363
frame_101,Rack_2,22,2,anw_med,333
frame_101,Rack_2,41,15,pepsi_med,295
frame_101,Rack_2,25,15,pepsi_med,263
frame_101,Rack_2,10,15,pepsi_med,234
frame_101,Rack_2,16,15,pepsi_med,207
frame_101,Rack_2,15,15,pepsi_med,180
frame_101,Rack_2,55,13,kick_med,150
frame_101,Rack_2,54,13,kick_med,123
frame_101,Rack_2,63,13,kick_med,98
frame_101,Rack_2,74,13,kick_med,73
frame_101,Rack_2,84,13,kick_med,51
frame_101,Rack_2,90,13,kick_med,29
frame_102,Rack_2,46,3,coke_med,621
frame_102,Rack_2,21,3,coke_med,590
frame_102,Rack_2,80,6,coke_v_med,560
frame_102,Rack_2,56,3,coke_med,559
frame_102,Rack_2,48,6,coke_v_med,527
frame_102,Rack_2,33,6,coke_v_med,496
frame_102,Rack_2,9,2,anw_med,463
frame_102,Rack_2,23,2,anw_med,430
frame_102,Rack_2,1,2,anw_med,397
frame_102,Rack_2,28,2,anw_med,366
frame_102,Rack_2,22,2,anw_med,336
frame_102,Rack_2,41,15,pepsi_med,297
frame_102,Rack_2,25,15,pepsi_med,265
frame_102,Rack_2,10,15,pepsi_med,236
frame_102,Rack_2,16,15,pepsi_med,210
frame_102,Rack_2,15,15,pepsi_med,183
frame_102,Rack_2,55,13,kick_med,153
frame_102,Rack_2,54,13,kick_med,126
frame_102,Rack_2,63,13,kick_med,100
frame_102,Rack_2,74,13,kick_med,75
frame_102,Rack_2,84,13,kick_med,54
frame_102,Rack_2,90,13,kick_med,30
frame_103,Rack_2,46,3,coke_med,623
frame_103,Rack_2,21,3,coke_med,594
frame_103,Rack_2,56,3,coke_med,563
frame_103,Rack_2,9,2,anw_med,467
frame_103,Rack_2,23,2,anw_med,433
frame_103,Rack_2,1,2,anw_med,399
frame_103,Rack_2,28,2,anw_med,369
frame_103,Rack_2,22,2,anw_med,339
frame_103,Rack_2,41,15,pepsi_med,300
frame_103,Rack_2,25,15,pepsi_med,269
frame_103,Rack_2,10,15,pepsi_med,239
frame_103,Rack_2,16,15,pepsi_med,212
frame_103,Rack_2,15,15,pepsi_med,185
frame_103,Rack_2,55,13,kick_med,156
frame_103,Rack_2,54,13,kick_med,129
frame_103,Rack_2,63,13,kick_med,103
frame_103,Rack_2,74,13,kick_med,78
frame_103,Rack_2,84,13,kick_med,57
frame_103,Rack_2,90,13,kick_med,34
frame_104,Rack_2,46,3,coke_med,625
frame_104,Rack_2,21,3,coke_med,598
frame_104,Rack_2,80,3,coke_med,567
frame_104,Rack_2,33,6,coke_v_med,502
frame_104,Rack_2,9,2,anw_med,470
frame_104,Rack_2,23,2,anw_med,437
frame_104,Rack_2,1,2,anw_med,403
frame_104,Rack_2,28,2,anw_med,372
frame_104,Rack_2,22,2,anw_med,342
frame_104,Rack_2,41,15,pepsi_med,303
frame_104,Rack_2,25,15,pepsi_med,271
frame_104,Rack_2,10,15,pepsi_med,242
frame_104,Rack_2,16,15,pepsi_med,215
frame_104,Rack_2,15,15,pepsi_med,188
frame_104,Rack_2,55,13,kick_med,158
frame_104,Rack_2,54,13,kick_med,131
frame_104,Rack_2,63,13,kick_med,106
frame_104,Rack_2,74,13,kick_med,81
frame_104,Rack_2,84,13,kick_med,60
frame_104,Rack_2,90,13,kick_med,38
frame_105,Rack_2,46,3,coke_med,626
frame_105,Rack_2,21,3,coke_med,601
frame_105,Rack_2,56,3,coke_med,569
frame_105,Rack_2,48,6,coke_v_med,537
frame_105,Rack_2,9,2,anw_med,473
frame_105,Rack_2,23,2,anw_med,440
frame_105,Rack_2,1,2,anw_med,405
frame_105,Rack_2,28,2,anw_med,375
frame_105,Rack_2,22,2,anw_med,344
frame_105,Rack_2,41,15,pepsi_med,306
frame_105,Rack_2,25,15,pepsi_med,274
frame_105,Rack_2,10,15,pepsi_med,244
frame_105,Rack_2,16,15,pepsi_med,218
frame_105,Rack_2,15,15,pepsi_med,191
frame_105,Rack_2,55,13,kick_med,161
frame_105,Rack_2,54,13,kick_med,134
frame_105,Rack_2,63,13,kick_med,108
frame_105,Rack_2,74,13,kick_med,83
frame_105,Rack_2,84,13,kick_med,62
frame_105,Rack_2,90,13,kick_med,41
frame_105,Rack_2,96,13,kick_med,17
frame_106,Rack_2,46,3,coke_med,628
frame_106,Rack_2,21,3,coke_med,604
frame_106,Rack_2,80,3,coke_med,573
frame_106,Rack_2,9,2,anw_med,476
frame_106,Rack_2,23,2,anw_med,442
frame_106,Rack_2,1,2,anw_med,408
frame_106,Rack_2,28,2,anw_med,377
frame_106,Rack_2,22,2,anw_med,347
frame_106,Rack_2,41,15,pepsi_med,308
frame_106,Rack_2,25,15,pepsi_med,276
frame_106,Rack_2,10,15,pepsi_med,247
frame_106,Rack_2,16,15,pepsi_med,220
frame_106,Rack_2,15,15,pepsi_med,193
frame_106,Rack_2,55,13,kick_med,163
frame_106,Rack_2,54,13,kick_med,136
frame_106,Rack_2,63,13,kick_med,111
frame_106,Rack_2,74,13,kick_med,86
frame_106,Rack_2,84,13,kick_med,64
frame_106,Rack_2,90,13,kick_med,43
frame_106,Rack_2,96,13,kick_med,17
frame_107,Rack_2,21,3,coke_med,607
frame_107,Rack_2,80,3,coke_med,576
frame_107,Rack_2,9,2,anw_med,478
frame_107,Rack_2,23,2,anw_med,444
frame_107,Rack_2,1,2,anw_med,410
frame_107,Rack_2,28,2,anw_med,379
frame_107,Rack_2,22,2,anw_med,349
frame_107,Rack_2,41,15,pepsi_med,310
frame_107,Rack_2,25,15,pepsi_med,279
frame_107,Rack_2,10,15,pepsi_med,249
frame_107,Rack_2,16,15,pepsi_med,222
frame_107,Rack_2,15,15,pepsi_med,195
frame_107,Rack_2,55,13,kick_med,165
frame_107,Rack_2,54,13,kick_med,138
frame_107,Rack_2,63,13,kick_med,112
frame_107,Rack_2,74,13,kick_med,88
frame_107,Rack_2,84,13,kick_med,66
frame_107,Rack_2,90,13,kick_med,45
frame_107,Rack_2,96,13,kick_med,20
frame_108,Rack_2,21,3,coke_med,610
frame_108,Rack_2,56,3,coke_med,578
frame_108,Rack_2,9,2,anw_med,481
frame_108,Rack_2,23,2,anw_med,447
frame_108,Rack_2,1,2,anw_med,412
frame_108,Rack_2,28,2,anw_med,381
frame_108,Rack_2,22,2,anw_med,351
frame_108,Rack_2,41,15,pepsi_med,312
frame_108,Rack_2,25,15,pepsi_med,281
frame_108,Rack_2,10,15,pepsi_med,251
frame_108,Rack_2,16,15,pepsi_med,224
frame_108,Rack_2,15,15,pepsi_med,197
frame_108,Rack_2,55,13,kick_med,167
frame_108,Rack_2,54,13,kick_med,139
frame_108,Rack_2,63,13,kick_med,114
frame_108,Rack_2,74,13,kick_med,89
frame_108,Rack_2,84,13,kick_med,67
frame_108,Rack_2,90,13,kick_med,46
frame_108,Rack_2,96,13,kick_med,25
frame_109,Rack_2,21,3,coke_med,613
frame_109,Rack_2,80,3,coke_med,581
frame_109,Rack_2,33,6,coke_v_med,516
frame_109,Rack_2,9,2,anw_med,483
frame_109,Rack_2,23,2,anw_med,449
frame_109,Rack_2,1,2,anw_med,414
frame_109,Rack_2,28,2,anw_med,383
frame_109,Rack_2,22,2,anw_med,353
frame_109,Rack_2,41,15,pepsi_med,314
frame_109,Rack_2,25,15,pepsi_med,282
frame_109,Rack_2,10,15,pepsi_med,252
frame_109,Rack_2,16,15,pepsi_med,226
frame_109,Rack_2,15,15,pepsi_med,199
frame_109,Rack_2,55,13,kick_med,169
frame_109,Rack_2,54,13,kick_med,141
frame_109,Rack_2,63,13,kick_med,116
frame_109,Rack_2,74,13,kick_med,91
frame_109,Rack_2,84,13,kick_med,69
frame_109,Rack_2,90,13,kick_med,47
frame_109,Rack_2,96,13,kick_med,27
frame_11,Rack_2,52,3,coke_med,584
frame_11,Rack_2,40,3,coke_med,545
frame_11,Rack_2,39,3,coke_med,513
frame_11,Rack_2,46,3,coke_med,485
frame_11,Rack_2,21,3,coke_med,455
frame_11,Rack_2,56,6,coke_v_med,426
frame_11,Rack_2,48,6,coke_v_med,396
frame_11,Rack_2,33,6,coke_v_med,368
frame_11,Rack_2,9,2,anw_med,338
frame_11,Rack_2,23,2,anw_med,308
frame_11,Rack_2,1,2,anw_med,277
frame_11,Rack_2,28,2,anw_med,248
frame_11,Rack_2,22,2,anw_med,219
frame_11,Rack_2,41,15,pepsi_med,183
frame_11,Rack_2,25,15,pepsi_med,155
frame_11,Rack_2,10,15,pepsi_med,127
frame_11,Rack_2,16,15,pepsi_med,101
frame_11,Rack_2,15,15,pepsi_med,75
frame_11,Rack_2,55,13,kick_med,45
frame_11,Rack_2,54,13,kick_med,19
frame_11,Rack_2,58,13,kick_med,3
frame_110,Rack_2,21,3,coke_med,615
frame_110,Rack_2,56,3,coke_med,584
frame_110,Rack_2,9,2,anw_med,485
frame_110,Rack_2,23,2,anw_med,451
frame_110,Rack_2,1,2,anw_med,416
frame_110,Rack_2,28,2,anw_med,385
frame_110,Rack_2,22,2,anw_med,355
frame_110,Rack_2,41,15,pepsi_med,315
frame_110,Rack_2,25,15,pepsi_med,283
frame_110,Rack_2,10,15,pepsi_med,254
frame_110,Rack_2,16,15,pepsi_med,227
frame_110,Rack_2,15,15,pepsi_med,200
frame_110,Rack_2,55,13,kick_med,170
frame_110,Rack_2,54,13,kick_med,143
frame_110,Rack_2,63,13,kick_med,117
frame_110,Rack_2,74,13,kick_med,92
frame_110,Rack_2,84,13,kick_med,71
frame_110,Rack_2,90,13,kick_med,49
frame_110,Rack_2,96,13,kick_med,28
frame_111,Rack_2,21,3,coke_med,618
frame_111,Rack_2,56,3,coke_med,586
frame_111,Rack_2,48,6,coke_v_med,553
frame_111,Rack_2,9,2,anw_med,488
frame_111,Rack_2,23,2,anw_med,453
frame_111,Rack_2,1,2,anw_med,419
frame_111,Rack_2,28,2,anw_med,388
frame_111,Rack_2,22,2,anw_med,357
frame_111,Rack_2,41,15,pepsi_med,317
frame_111,Rack_2,25,15,pepsi_med,285
frame_111,Rack_2,10,15,pepsi_med,256
frame_111,Rack_2,16,15,pepsi_med,229
frame_111,Rack_2,15,15,pepsi_med,202
frame_111,Rack_2,55,13,kick_med,172
frame_111,Rack_2,54,13,kick_med,144
frame_111,Rack_2,63,13,kick_med,118
frame_111,Rack_2,74,13,kick_med,93
frame_111,Rack_2,84,13,kick_med,72
frame_111,Rack_2,90,13,kick_med,50
frame_112,Rack_2,21,3,coke_med,621
frame_112,Rack_2,80,3,coke_med,589
frame_112,Rack_2,9,2,anw_med,490
frame_112,Rack_2,23,2,anw_med,455
frame_112,Rack_2,1,2,anw_med,421
frame_112,Rack_2,28,2,anw_med,390
frame_112,Rack_2,22,2,anw_med,359
frame_112,Rack_2,41,15,pepsi_med,319
frame_112,Rack_2,25,15,pepsi_med,287
frame_112,Rack_2,10,15,pepsi_med,257
frame_112,Rack_2,16,15,pepsi_med,231
frame_112,Rack_2,15,15,pepsi_med,203
frame_112,Rack_2,55,13,kick_med,173
frame_112,Rack_2,54,13,kick_med,146
frame_112,Rack_2,63,13,kick_med,120
frame_112,Rack_2,74,13,kick_med,95
frame_112,Rack_2,84,13,kick_med,73
frame_112,Rack_2,90,13,kick_med,51
frame_112,Rack_2,96,13,kick_med,30
frame_113,Rack_2,21,3,coke_med,623
frame_113,Rack_2,56,3,coke_med,592
frame_113,Rack_2,33,6,coke_v_med,526
frame_113,Rack_2,9,2,anw_med,492
frame_113,Rack_2,23,2,anw_med,458
frame_113,Rack_2,1,2,anw_med,423
frame_113,Rack_2,28,2,anw_med,392
frame_113,Rack_2,22,2,anw_med,361
frame_113,Rack_2,41,15,pepsi_med,321
frame_113,Rack_2,25,15,pepsi_med,289
frame_113,Rack_2,10,15,pepsi_med,259
frame_113,Rack_2,16,15,pepsi_med,232
frame_113,Rack_2,15,15,pepsi_med,205
frame_113,Rack_2,55,13,kick_med,174
frame_113,Rack_2,54,13,kick_med,147
frame_113,Rack_2,63,13,kick_med,122
frame_113,Rack_2,74,13,kick_med,96
frame_113,Rack_2,84,13,kick_med,74
frame_113,Rack_2,90,13,kick_med,53
frame_113,Rack_2,96,13,kick_med,32
frame_114,Rack_2,21,3,coke_med,624
frame_114,Rack_2,56,3,coke_med,595
frame_114,Rack_2,9,2,anw_med,495
frame_114,Rack_2,23,2,anw_med,460
frame_114,Rack_2,1,2,anw_med,425
frame_114,Rack_2,28,2,anw_med,394
frame_114,Rack_2,22,2,anw_med,363
frame_114,Rack_2,41,15,pepsi_med,323
frame_114,Rack_2,25,15,pepsi_med,291
frame_114,Rack_2,10,15,pepsi_med,261
frame_114,Rack_2,16,15,pepsi_med,234
frame_114,Rack_2,15,15,pepsi_med,206
frame_114,Rack_2,55,13,kick_med,176
frame_114,Rack_2,54,13,kick_med,148
frame_114,Rack_2,63,13,kick_med,123
frame_114,Rack_2,74,13,kick_med,98
frame_114,Rack_2,84,13,kick_med,76
frame_114,Rack_2,90,13,kick_med,54
frame_114,Rack_2,96,13,kick_med,32
frame_115,Rack_2,21,3,coke_med,625
frame_115,Rack_2,56,3,coke_med,598
frame_115,Rack_2,33,6,coke_v_med,530
frame_115,Rack_2,9,2,anw_med,497
frame_115,Rack_2,23,2,anw_med,463
frame_115,Rack_2,1,2,anw_med,427
frame_115,Rack_2,28,2,anw_med,396
frame_115,Rack_2,22,2,anw_med,365
frame_115,Rack_2,41,15,pepsi_med,325
frame_115,Rack_2,25,15,pepsi_med,293
frame_115,Rack_2,10,15,pepsi_med,263
frame_115,Rack_2,16,15,pepsi_med,236
frame_115,Rack_2,15,15,pepsi_med,208
frame_115,Rack_2,55,13,kick_med,177
frame_115,Rack_2,54,13,kick_med,150
frame_115,Rack_2,63,13,kick_med,124
frame_115,Rack_2,74,13,kick_med,99
frame_115,Rack_2,84,13,kick_med,77
frame_115,Rack_2,90,13,kick_med,55
frame_115,Rack_2,96,13,kick_med,32
frame_116,Rack_2,21,3,coke_med,626
frame_116,Rack_2,56,3,coke_med,600
frame_116,Rack_2,33,6,coke_v_med,533
frame_116,Rack_2,9,2,anw_med,499
frame_116,Rack_2,23,2,anw_med,465
frame_116,Rack_2,1,2,anw_med,430
frame_116,Rack_2,28,2,anw_med,398
frame_116,Rack_2,22,2,anw_med,367
frame_116,Rack_2,41,15,pepsi_med,326
frame_116,Rack_2,25,15,pepsi_med,294
frame_116,Rack_2,10,15,pepsi_med,264
frame_116,Rack_2,16,15,pepsi_med,237
frame_116,Rack_2,15,15,pepsi_med,209
frame_116,Rack_2,55,13,kick_med,179
frame_116,Rack_2,54,13,kick_med,152
frame_116,Rack_2,63,13,kick_med,125
frame_116,Rack_2,74,13,kick_med,100
frame_116,Rack_2,84,13,kick_med,79
frame_116,Rack_2,90,13,kick_med,57
frame_116,Rack_2,96,13,kick_med,34
frame_116,Rack_2,101,13,kick_med,14
frame_117,Rack_2,21,3,coke_med,627
frame_117,Rack_2,56,3,coke_med,602
frame_117,Rack_2,9,2,anw_med,502
frame_117,Rack_2,23,2,anw_med,467
frame_117,Rack_2,1,2,anw_med,432
frame_117,Rack_2,28,2,anw_med,400
frame_117,Rack_2,22,2,anw_med,369
frame_117,Rack_2,41,15,pepsi_med,328
frame_117,Rack_2,25,15,pepsi_med,296
frame_117,Rack_2,10,15,pepsi_med,266
frame_117,Rack_2,16,15,pepsi_med,239
frame_117,Rack_2,15,15,pepsi_med,211
frame_117,Rack_2,55,13,kick_med,180
frame_117,Rack_2,54,13,kick_med,153
frame_117,Rack_2,63,13,kick_med,127
frame_117,Rack_2,74,13,kick_med,102
frame_117,Rack_2,84,13,kick_med,80
frame_117,Rack_2,90,13,kick_med,58
frame_117,Rack_2,96,13,kick_med,37
frame_117,Rack_2,101,13,kick_med,15
frame_118,Rack_2,21,3,coke_med,627
frame_118,Rack_2,9,2,anw_med,504
frame_118,Rack_2,23,2,anw_med,469
frame_118,Rack_2,1,2,anw_med,434
frame_118,Rack_2,28,2,anw_med,402
frame_118,Rack_2,22,2,anw_med,371
frame_118,Rack_2,41,15,pepsi_med,330
frame_118,Rack_2,25,15,pepsi_med,298
frame_118,Rack_2,10,15,pepsi_med,268
frame_118,Rack_2,16,15,pepsi_med,241
frame_118,Rack_2,15,15,pepsi_med,213
frame_118,Rack_2,55,13,kick_med,182
frame_118,Rack_2,54,13,kick_med,155
frame_118,Rack_2,63,13,kick_med,129
frame_118,Rack_2,74,13,kick_med,104
frame_118,Rack_2,84,13,kick_med,81
frame_118,Rack_2,90,13,kick_med,60
frame_118,Rack_2,96,13,kick_med,39
frame_118,Rack_2,101,13,kick_med,16
frame_119,Rack_2,33,6,coke_v_med,541
frame_119,Rack_2,9,2,anw_med,507
frame_119,Rack_2,23,2,anw_med,472
frame_119,Rack_2,1,2,anw_med,436
frame_119,Rack_2,28,2,anw_med,404
frame_119,Rack_2,22,2,anw_med,373
frame_119,Rack_2,41,15,pepsi_med,333
frame_119,Rack_2,25,15,pepsi_med,300
frame_119,Rack_2,10,15,pepsi_med,270
frame_119,Rack_2,16,15,pepsi_med,243
frame_119,Rack_2,15,15,pepsi_med,215
frame_119,Rack_2,55,13,kick_med,184
frame_119,Rack_2,54,13,kick_med,157
frame_119,Rack_2,63,13,kick_med,130
frame_119,Rack_2,74,13,kick_med,105
frame_119,Rack_2,84,13,kick_med,83
frame_119,Rack_2,90,13,kick_med,61
frame_119,Rack_2,96,13,kick_med,41
frame_119,Rack_2,101,13,kick_med,17
frame_12,Rack_2,52,3,coke_med,585
frame_12,Rack_2,40,3,coke_med,545
frame_12,Rack_2,39,3,coke_med,514
frame_12,Rack_2,46,3,coke_med,485
frame_12,Rack_2,21,3,coke_med,455
frame_12,Rack_2,56,6,coke_v_med,426
frame_12,Rack_2,48,6,coke_v_med,397
frame_12,Rack_2,33,6,coke_v_med,368
frame_12,Rack_2,9,2,anw_med,339
frame_12,Rack_2,23,2,anw_med,309
frame_12,Rack_2,1,2,anw_med,278
frame_12,Rack_2,28,2,anw_med,249
frame_12,Rack_2,22,2,anw_med,220
frame_12,Rack_2,41,15,pepsi_med,183
frame_12,Rack_2,25,15,pepsi_med,155
frame_12,Rack_2,10,15,pepsi_med,128
frame_12,Rack_2,16,15,pepsi_med,102
frame_12,Rack_2,15,15,pepsi_med,75
frame_12,Rack_2,55,13,kick_med,46
frame_12,Rack_2,54,13,kick_med,20
frame_12,Rack_2,58,13,kick_med,3
frame_120,Rack_2,56,3,coke_med,611
frame_120,Rack_2,9,2,anw_med,509
frame_120,Rack_2,23,2,anw_med,474
frame_120,Rack_2,1,2,anw_med,438
frame_120,Rack_2,28,2,anw_med,407
frame_120,Rack_2,22,2,anw_med,375
frame_120,Rack_2,41,15,pepsi_med,334
frame_120,Rack_2,25,15,pepsi_med,302
frame_120,Rack_2,10,15,pepsi_med,271
frame_120,Rack_2,16,15,pepsi_med,244
frame_120,Rack_2,15,15,pepsi_med,217
frame_120,Rack_2,55,13,kick_med,186
frame_120,Rack_2,54,13,kick_med,159
frame_120,Rack_2,63,13,kick_med,132
frame_120,Rack_2,74,13,kick_med,107
frame_120,Rack_2,84,13,kick_med,85
frame_120,Rack_2,90,13,kick_med,63
frame_120,Rack_2,96,13,kick_med,43
frame_120,Rack_2,101,13,kick_med,19
frame_121,Rack_2,56,3,coke_med,615
frame_121,Rack_2,9,2,anw_med,512
frame_121,Rack_2,23,2,anw_med,476
frame_121,Rack_2,1,2,anw_med,440
frame_121,Rack_2,28,2,anw_med,408
frame_121,Rack_2,22,2,anw_med,377
frame_121,Rack_2,41,15,pepsi_med,336
frame_121,Rack_2,25,15,pepsi_med,304
frame_121,Rack_2,10,15,pepsi_med,273
frame_121,Rack_2,16,15,pepsi_med,246
frame_121,Rack_2,15,15,pepsi_med,218
frame_121,Rack_2,55,13,kick_med,188
frame_121,Rack_2,54,13,kick_med,160
frame_121,Rack_2,63,13,kick_med,134
frame_121,Rack_2,74,13,kick_med,109
frame_121,Rack_2,84,13,kick_med,87
frame_121,Rack_2,90,13,kick_med,64
frame_121,Rack_2,96,13,kick_med,44
frame_121,Rack_2,101,13,kick_med,20
frame_122,Rack_2,56,3,coke_med,617
frame_122,Rack_2,9,2,anw_med,513
frame_122,Rack_2,23,2,anw_med,479
frame_122,Rack_2,1,2,anw_med,443
frame_122,Rack_2,28,2,anw_med,411
frame_122,Rack_2,22,2,anw_med,379
frame_122,Rack_2,41,15,pepsi_med,338
frame_122,Rack_2,25,15,pepsi_med,307
frame_122,Rack_2,10,15,pepsi_med,275
frame_122,Rack_2,16,15,pepsi_med,248
frame_122,Rack_2,15,15,pepsi_med,220
frame_122,Rack_2,55,13,kick_med,189
frame_122,Rack_2,54,13,kick_med,162
frame_122,Rack_2,63,13,kick_med,136
frame_122,Rack_2,74,13,kick_med,111
frame_122,Rack_2,84,13,kick_med,88
frame_122,Rack_2,90,13,kick_med,66
frame_122,Rack_2,96,13,kick_med,46
frame_122,Rack_2,101,13,kick_med,21
frame_123,Rack_2,56,3,coke_med,618
frame_123,Rack_2,48,6,coke_v_med,584
frame_123,Rack_2,9,2,anw_med,516
frame_123,Rack_2,23,2,anw_med,480
frame_123,Rack_2,1,2,anw_med,445
frame_123,Rack_2,28,2,anw_med,413
frame_123,Rack_2,22,2,anw_med,381
frame_123,Rack_2,41,15,pepsi_med,340
frame_123,Rack_2,25,15,pepsi_med,308
frame_123,Rack_2,10,15,pepsi_med,277
frame_123,Rack_2,16,15,pepsi_med,250
frame_123,Rack_2,15,15,pepsi_med,222
frame_123,Rack_2,55,13,kick_med,191
frame_123,Rack_2,54,13,kick_med,164
frame_123,Rack_2,63,13,kick_med,138
frame_123,Rack_2,74,13,kick_med,112
frame_123,Rack_2,84,13,kick_med,90
frame_123,Rack_2,90,13,kick_med,68
frame_123,Rack_2,96,13,kick_med,48
frame_123,Rack_2,101,13,kick_med,23
frame_124,Rack_2,56,3,coke_med,619
frame_124,Rack_2,48,6,coke_v_med,586
frame_124,Rack_2,9,2,anw_med,518
frame_124,Rack_2,23,2,anw_med,483
frame_124,Rack_2,1,2,anw_med,447
frame_124,Rack_2,28,2,anw_med,415
frame_124,Rack_2,22,2,anw_med,383
frame_124,Rack_2,41,15,pepsi_med,342
frame_124,Rack_2,25,15,pepsi_med,309
frame_124,Rack_2,10,15,pepsi_med,278
frame_124,Rack_2,16,15,pepsi_med,251
frame_124,Rack_2,15,15,pepsi_med,224
frame_124,Rack_2,55,13,kick_med,193
frame_124,Rack_2,54,13,kick_med,166
frame_124,Rack_2,63,13,kick_med,140
frame_124,Rack_2,74,13,kick_med,114
frame_124,Rack_2,84,13,kick_med,92
frame_124,Rack_2,90,13,kick_med,70
frame_124,Rack_2,96,13,kick_med,49
frame_124,Rack_2,101,13,kick_med,25
frame_125,Rack_2,56,3,coke_med,621
frame_125,Rack_2,48,6,coke_v_med,588
frame_125,Rack_2,9,2,anw_med,520
frame_125,Rack_2,23,2,anw_med,484
frame_125,Rack_2,1,2,anw_med,449
frame_125,Rack_2,28,2,anw_med,416
frame_125,Rack_2,22,2,anw_med,384
frame_125,Rack_2,41,15,pepsi_med,343
frame_125,Rack_2,25,15,pepsi_med,311
frame_125,Rack_2,10,15,pepsi_med,280
frame_125,Rack_2,16,15,pepsi_med,253
frame_125,Rack_2,15,15,pepsi_med,225
frame_125,Rack_2,55,13,kick_med,194
frame_125,Rack_2,54,13,kick_med,167
frame_125,Rack_2,63,13,kick_med,141
frame_125,Rack_2,74,13,kick_med,115
frame_125,Rack_2,84,13,kick_med,93
frame_125,Rack_2,90,13,kick_med,71
frame_125,Rack_2,96,13,kick_med,44
frame_125,Rack_2,101,13,kick_med,29
frame_126,Rack_2,56,3,coke_med,621
frame_126,Rack_2,48,6,coke_v_med,589
frame_126,Rack_2,9,2,anw_med,521
frame_126,Rack_2,23,2,anw_med,485
frame_126,Rack_2,1,2,anw_med,450
frame_126,Rack_2,28,2,anw_med,417
frame_126,Rack_2,22,2,anw_med,386
frame_126,Rack_2,41,15,pepsi_med,345
frame_126,Rack_2,25,15,pepsi_med,312
frame_126,Rack_2,10,15,pepsi_med,281
frame_126,Rack_2,16,15,pepsi_med,254
frame_126,Rack_2,15,15,pepsi_med,226
frame_126,Rack_2,55,13,kick_med,196
frame_126,Rack_2,54,13,kick_med,168
frame_126,Rack_2,63,13,kick_med,142
frame_126,Rack_2,74,13,kick_med,117
frame_126,Rack_2,84,13,kick_med,95
frame_126,Rack_2,90,13,kick_med,73
frame_126,Rack_2,96,13,kick_med,42
frame_126,Rack_2,101,13,kick_med,32
frame_127,Rack_2,9,2,anw_med,523
frame_127,Rack_2,23,2,anw_med,487
frame_127,Rack_2,1,2,anw_med,451
frame_127,Rack_2,28,2,anw_med,419
frame_127,Rack_2,22,2,anw_med,387
frame_127,Rack_2,41,15,pepsi_med,346
frame_127,Rack_2,25,15,pepsi_med,313
frame_127,Rack_2,10,15,pepsi_med,282
frame_127,Rack_2,16,15,pepsi_med,255
frame_127,Rack_2,15,15,pepsi_med,228
frame_127,Rack_2,55,13,kick_med,197
frame_127,Rack_2,54,13,kick_med,170
frame_127,Rack_2,63,13,kick_med,143
frame_127,Rack_2,74,13,kick_med,118
frame_127,Rack_2,84,13,kick_med,96
frame_127,Rack_2,90,13,kick_med,74
frame_127,Rack_2,96,13,kick_med,39
frame_127,Rack_2,101,13,kick_med,30
frame_128,Rack_2,56,3,coke_med,623
frame_128,Rack_2,9,2,anw_med,524
frame_128,Rack_2,23,2,anw_med,488
frame_128,Rack_2,1,2,anw_med,453
frame_128,Rack_2,28,2,anw_med,420
frame_128,Rack_2,22,2,anw_med,389
frame_128,Rack_2,41,15,pepsi_med,347
frame_128,Rack_2,25,15,pepsi_med,314
frame_128,Rack_2,10,15,pepsi_med,283
frame_128,Rack_2,16,15,pepsi_med,256
frame_128,Rack_2,15,15,pepsi_med,229
frame_128,Rack_2,55,13,kick_med,198
frame_128,Rack_2,54,13,kick_med,171
frame_128,Rack_2,63,13,kick_med,144
frame_128,Rack_2,74,13,kick_med,119
frame_128,Rack_2,84,13,kick_med,97
frame_128,Rack_2,90,13,kick_med,75
frame_128,Rack_2,96,13,kick_med,37
frame_128,Rack_2,101,13,kick_med,30
frame_129,Rack_2,56,3,coke_med,623
frame_129,Rack_2,9,2,anw_med,525
frame_129,Rack_2,23,2,anw_med,490
frame_129,Rack_2,1,2,anw_med,454
frame_129,Rack_2,28,2,anw_med,422
frame_129,Rack_2,22,2,anw_med,390
frame_129,Rack_2,41,15,pepsi_med,348
frame_129,Rack_2,25,15,pepsi_med,315
frame_129,Rack_2,10,15,pepsi_med,284
frame_129,Rack_2,16,15,pepsi_med,258
frame_129,Rack_2,15,15,pepsi_med,230
frame_129,Rack_2,55,13,kick_med,199
frame_129,Rack_2,54,13,kick_med,172
frame_129,Rack_2,63,13,kick_med,146
frame_129,Rack_2,74,13,kick_med,120
frame_129,Rack_2,84,13,kick_med,98
frame_129,Rack_2,90,13,kick_med,76
frame_129,Rack_2,101,13,kick_med,31
frame_13,Rack_2,52,3,coke_med,586
frame_13,Rack_2,40,3,coke_med,546
frame_13,Rack_2,39,3,coke_med,514
frame_13,Rack_2,46,3,coke_med,485
frame_13,Rack_2,21,3,coke_med,456
frame_13,Rack_2,56,6,coke_v_med,426
frame_13,Rack_2,48,6,coke_v_med,397
frame_13,Rack_2,33,6,coke_v_med,369
frame_13,Rack_2,9,2,anw_med,340
frame_13,Rack_2,23,2,anw_med,310
frame_13,Rack_2,1,2,anw_med,279
frame_13,Rack_2,28,2,anw_med,249
frame_13,Rack_2,22,2,anw_med,220
frame_13,Rack_2,41,15,pepsi_med,184
frame_13,Rack_2,25,15,pepsi_med,156
frame_13,Rack_2,10,15,pepsi_med,129
frame_13,Rack_2,16,15,pepsi_med,103
frame_13,Rack_2,15,15,pepsi_med,76
frame_13,Rack_2,55,13,kick_med,47
frame_13,Rack_2,54,13,kick_med,20
frame_13,Rack_2,58,13,kick_med,3
frame_130,Rack_2,56,3,coke_med,624
frame_130,Rack_2,9,2,anw_med,527
frame_130,Rack_2,23,2,anw_med,491
frame_130,Rack_2,1,2,anw_med,456
frame_130,Rack_2,107,2,anw_med,455
frame_130,Rack_2,28,2,anw_med,423
frame_130,Rack_2,22,2,anw_med,391
frame_130,Rack_2,41,15,pepsi_med,350
frame_130,Rack_2,25,15,pepsi_med,316
frame_130,Rack_2,10,15,pepsi_med,285
frame_130,Rack_2,16,15,pepsi_med,259
frame_130,Rack_2,15,15,pepsi_med,231
frame_130,Rack_2,55,13,kick_med,200
frame_130,Rack_2,54,13,kick_med,173
frame_130,Rack_2,63,13,kick_med,147
frame_130,Rack_2,74,13,kick_med,121
frame_130,Rack_2,84,13,kick_med,99
frame_130,Rack_2,90,13,kick_med,77
frame_130,Rack_2,105,13,kick_med,51
frame_130,Rack_2,96,13,kick_med,38
frame_130,Rack_2,101,13,kick_med,32
frame_131,Rack_2,9,2,anw_med,528
frame_131,Rack_2,23,2,anw_med,492
frame_131,Rack_2,107,2,anw_med,456
frame_131,Rack_2,28,2,anw_med,425
frame_131,Rack_2,22,2,anw_med,392
frame_131,Rack_2,41,15,pepsi_med,351
frame_131,Rack_2,25,15,pepsi_med,318
frame_131,Rack_2,10,15,pepsi_med,286
frame_131,Rack_2,16,15,pepsi_med,260
frame_131,Rack_2,15,15,pepsi_med,232
frame_131,Rack_2,55,13,kick_med,202
frame_131,Rack_2,54,13,kick_med,174
frame_131,Rack_2,63,13,kick_med,148
frame_131,Rack_2,74,13,kick_med,122
frame_131,Rack_2,84,13,kick_med,100
frame_131,Rack_2,90,13,kick_med,78
frame_131,Rack_2,105,13,kick_med,54
frame_131,Rack_2,101,13,kick_med,34
frame_132,Rack_2,9,2,anw_med,529
frame_132,Rack_2,23,2,anw_med,494
frame_132,Rack_2,107,2,anw_med,457
frame_132,Rack_2,28,2,anw_med,425
frame_132,Rack_2,22,2,anw_med,394
frame_132,Rack_2,41,15,pepsi_med,352
frame_132,Rack_2,25,15,pepsi_med,319
frame_132,Rack_2,10,15,pepsi_med,288
frame_132,Rack_2,16,15,pepsi_med,261
frame_132,Rack_2,15,15,pepsi_med,233
frame_132,Rack_2,55,13,kick_med,203
frame_132,Rack_2,54,13,kick_med,175
frame_132,Rack_2,63,13,kick_med,148
frame_132,Rack_2,74,13,kick_med,123
frame_132,Rack_2,84,13,kick_med,101
frame_132,Rack_2,90,13,kick_med,79
frame_132,Rack_2,105,13,kick_med,58
frame_132,Rack_2,101,13,kick_med,34
frame_133,Rack_2,9,2,anw_med,531
frame_133,Rack_2,23,2,anw_med,495
frame_133,Rack_2,107,2,anw_med,459
frame_133,Rack_2,28,2,anw_med,427
frame_133,Rack_2,22,2,anw_med,395
frame_133,Rack_2,41,15,pepsi_med,353
frame_133,Rack_2,25,15,pepsi_med,320
frame_133,Rack_2,10,15,pepsi_med,289
frame_133,Rack_2,16,15,pepsi_med,262
frame_133,Rack_2,15,15,pepsi_med,234
frame_133,Rack_2,55,13,kick_med,204
frame_133,Rack_2,54,13,kick_med,176
frame_133,Rack_2,63,13,kick_med,149
frame_133,Rack_2,74,13,kick_med,124
frame_133,Rack_2,84,13,kick_med,102
frame_133,Rack_2,90,13,kick_med,80
frame_133,Rack_2,105,13,kick_med,60
frame_133,Rack_2,101,13,kick_med,35
frame_134,Rack_2,9,2,anw_med,532
frame_134,Rack_2,23,2,anw_med,496
frame_134,Rack_2,1,2,anw_med,460
frame_134,Rack_2,28,2,anw_med,428
frame_134,Rack_2,22,2,anw_med,396
frame_134,Rack_2,41,15,pepsi_med,354
frame_134,Rack_2,25,15,pepsi_med,321
frame_134,Rack_2,10,15,pepsi_med,290
frame_134,Rack_2,16,15,pepsi_med,263
frame_134,Rack_2,15,15,pepsi_med,235
frame_134,Rack_2,55,13,kick_med,205
frame_134,Rack_2,54,13,kick_med,177
frame_134,Rack_2,63,13,kick_med,151
frame_134,Rack_2,74,13,kick_med,125
frame_134,Rack_2,84,13,kick_med,103
frame_134,Rack_2,90,13,kick_med,81
frame_134,Rack_2,105,13,kick_med,61
frame_134,Rack_2,101,13,kick_med,35
frame_135,Rack_2,48,6,coke_v_med,601
frame_135,Rack_2,9,2,anw_med,533
frame_135,Rack_2,23,2,anw_med,497
frame_135,Rack_2,107,2,anw_med,461
frame_135,Rack_2,28,2,anw_med,429
frame_135,Rack_2,22,2,anw_med,397
frame_135,Rack_2,41,15,pepsi_med,354
frame_135,Rack_2,25,15,pepsi_med,322
frame_135,Rack_2,10,15,pepsi_med,291
frame_135,Rack_2,16,15,pepsi_med,264
frame_135,Rack_2,15,15,pepsi_med,236
frame_135,Rack_2,55,13,kick_med,205
frame_135,Rack_2,54,13,kick_med,178
frame_135,Rack_2,63,13,kick_med,151
frame_135,Rack_2,74,13,kick_med,127
frame_135,Rack_2,84,13,kick_med,105
frame_135,Rack_2,90,13,kick_med,82
frame_135,Rack_2,105,13,kick_med,62
frame_135,Rack_2,101,13,kick_med,36
frame_136,Rack_2,48,6,coke_v_med,601
frame_136,Rack_2,9,2,anw_med,534
frame_136,Rack_2,23,2,anw_med,498
frame_136,Rack_2,1,2,anw_med,463
frame_136,Rack_2,107,2,anw_med,461
frame_136,Rack_2,28,2,anw_med,430
frame_136,Rack_2,22,2,anw_med,398
frame_136,Rack_2,41,15,pepsi_med,355
frame_136,Rack_2,25,15,pepsi_med,323
frame_136,Rack_2,10,15,pepsi_med,292
frame_136,Rack_2,16,15,pepsi_med,265
frame_136,Rack_2,15,15,pepsi_med,237
frame_136,Rack_2,55,13,kick_med,206
frame_136,Rack_2,54,13,kick_med,179
frame_136,Rack_2,63,13,kick_med,153
frame_136,Rack_2,74,13,kick_med,128
frame_136,Rack_2,84,13,kick_med,105
frame_136,Rack_2,90,13,kick_med,83
frame_136,Rack_2,105,13,kick_med,63
frame_136,Rack_2,101,13,kick_med,37
frame_137,Rack_2,56,3,coke_med,627
frame_137,Rack_2,48,6,coke_v_med,602
frame_137,Rack_2,9,2,anw_med,535
frame_137,Rack_2,23,2,anw_med,499
frame_137,Rack_2,113,2,anw_med,497
frame_137,Rack_2,1,2,anw_med,463
frame_137,Rack_2,107,2,anw_med,462
frame_137,Rack_2,28,2,anw_med,430
frame_137,Rack_2,22,2,anw_med,398
frame_137,Rack_2,41,15,pepsi_med,356
frame_137,Rack_2,25,15,pepsi_med,323
frame_137,Rack_2,10,15,pepsi_med,292
frame_137,Rack_2,16,15,pepsi_med,265
frame_137,Rack_2,15,15,pepsi_med,238
frame_137,Rack_2,55,13,kick_med,207
frame_137,Rack_2,54,13,kick_med,179
frame_137,Rack_2,63,13,kick_med,153
frame_137,Rack_2,74,13,kick_med,128
frame_137,Rack_2,84,13,kick_med,106
frame_137,Rack_2,90,13,kick_med,84
frame_137,Rack_2,105,13,kick_med,63
frame_137,Rack_2,101,13,kick_med,38
frame_138,Rack_2,9,2,anw_med,535
frame_138,Rack_2,23,2,anw_med,499
frame_138,Rack_2,107,2,anw_med,463
frame_138,Rack_2,28,2,anw_med,431
frame_138,Rack_2,22,2,anw_med,398
frame_138,Rack_2,41,15,pepsi_med,356
frame_138,Rack_2,25,15,pepsi_med,324
frame_138,Rack_2,10,15,pepsi_med,293
frame_138,Rack_2,16,15,pepsi_med,266
frame_138,Rack_2,15,15,pepsi_med,238
frame_138,Rack_2,55,13,kick_med,207
frame_138,Rack_2,54,13,kick_med,180
frame_138,Rack_2,63,13,kick_med,154
frame_138,Rack_2,74,13,kick_med,128
frame_138,Rack_2,84,13,kick_med,106
frame_138,Rack_2,90,13,kick_med,84
frame_138,Rack_2,105,13,kick_med,64
frame_138,Rack_2,101,13,kick_med,39
frame_139,Rack_2,9,2,anw_med,535
frame_139,Rack_2,23,2,anw_med,499
frame_139,Rack_2,113,2,anw_med,498
frame_139,Rack_2,107,2,anw_med,464
frame_139,Rack_2,28,2,anw_med,431
frame_139,Rack_2,22,2,anw_med,398
frame_139,Rack_2,41,15,pepsi_med,357
frame_139,Rack_2,25,15,pepsi_med,324
frame_139,Rack_2,10,15,pepsi_med,293
frame_139,Rack_2,16,15,pepsi_med,266
frame_139,Rack_2,15,15,pepsi_med,238
frame_139,Rack_2,55,13,kick_med,207
frame_139,Rack_2,54,13,kick_med,180
frame_139,Rack_2,63,13,kick_med,154
frame_139,Rack_2,74,13,kick_med,129
frame_139,Rack_2,84,13,kick_med,106
frame_139,Rack_2,90,13,kick_med,84
frame_139,Rack_2,105,13,kick_med,64
frame_139,Rack_2,101,13,kick_med,39
frame_14,Rack_2,52,3,coke_med,587
frame_14,Rack_2,40,3,coke_med,548
frame_14,Rack_2,39,3,coke_med,515
frame_14,Rack_2,46,3,coke_med,486
frame_14,Rack_2,21,3,coke_med,456
frame_14,Rack_2,56,6,coke_v_med,427
frame_14,Rack_2,48,6,coke_v_med,398
frame_14,Rack_2,33,6,coke_v_med,369
frame_14,Rack_2,9,2,anw_med,340
frame_14,Rack_2,23,2,anw_med,310
frame_14,Rack_2,1,2,anw_med,280
frame_14,Rack_2,28,2,anw_med,250
frame_14,Rack_2,22,2,anw_med,221
frame_14,Rack_2,41,15,pepsi_med,184
frame_14,Rack_2,25,15,pepsi_med,157
frame_14,Rack_2,10,15,pepsi_med,130
frame_14,Rack_2,16,15,pepsi_med,103
frame_14,Rack_2,15,15,pepsi_med,77
frame_14,Rack_2,55,13,kick_med,48
frame_14,Rack_2,54,13,kick_med,21
frame_14,Rack_2,58,13,kick_med,3
frame_140,Rack_2,9,2,anw_med,536
frame_140,Rack_2,23,2,anw_med,500
frame_140,Rack_2,107,2,anw_med,464
frame_140,Rack_2,28,2,anw_med,431
frame_140,Rack_2,22,2,anw_med,398
frame_140,Rack_2,41,15,pepsi_med,357
frame_140,Rack_2,25,15,pepsi_med,324
frame_140,Rack_2,10,15,pepsi_med,293
frame_140,Rack_2,16,15,pepsi_med,266
frame_140,Rack_2,15,15,pepsi_med,238
frame_140,Rack_2,55,13,kick_med,207
frame_140,Rack_2,54,13,kick_med,180
frame_140,Rack_2,63,13,kick_med,154
frame_140,Rack_2,74,13,kick_med,129
frame_140,Rack_2,84,13,kick_med,106
frame_140,Rack_2,90,13,kick_med,84
frame_140,Rack_2,105,13,kick_med,64
frame_140,Rack_2,101,13,kick_med,39
frame_141,Rack_2,9,2,anw_med,536
frame_141,Rack_2,113,2,anw_med,499
frame_141,Rack_2,107,2,anw_med,464
frame_141,Rack_2,28,2,anw_med,431
frame_141,Rack_2,22,2,anw_med,398
frame_141,Rack_2,41,15,pepsi_med,357
frame_141,Rack_2,25,15,pepsi_med,324
frame_141,Rack_2,10,15,pepsi_med,293
frame_141,Rack_2,16,15,pepsi_med,266
frame_141,Rack_2,15,15,pepsi_med,238
frame_141,Rack_2,55,13,kick_med,207
frame_141,Rack_2,54,13,kick_med,180
frame_141,Rack_2,63,13,kick_med,154
frame_141,Rack_2,74,13,kick_med,129
frame_141,Rack_2,84,13,kick_med,106
frame_141,Rack_2,90,13,kick_med,84
frame_141,Rack_2,105,13,kick_med,64
frame_141,Rack_2,101,13,kick_med,39
frame_142,Rack_2,56,3,coke_med,628
frame_142,Rack_2,9,2,anw_med,536
frame_142,Rack_2,23,2,anw_med,500
frame_142,Rack_2,113,2,anw_med,499
frame_142,Rack_2,107,2,anw_med,464
frame_142,Rack_2,28,2,anw_med,431
frame_142,Rack_2,22,2,anw_med,398
frame_142,Rack_2,41,15,pepsi_med,357
frame_142,Rack_2,25,15,pepsi_med,324
frame_142,Rack_2,10,15,pepsi_med,293
frame_142,Rack_2,16,15,pepsi_med,265
frame_142,Rack_2,15,15,pepsi_med,238
frame_142,Rack_2,55,13,kick_med,207
frame_142,Rack_2,54,13,kick_med,180
frame_142,Rack_2,63,13,kick_med,153
frame_142,Rack_2,74,13,kick_med,128
frame_142,Rack_2,84,13,kick_med,106
frame_142,Rack_2,90,13,kick_med,84
frame_142,Rack_2,105,13,kick_med,64
frame_142,Rack_2,101,13,kick_med,38
frame_143,Rack_2,9,2,anw_med,536
frame_143,Rack_2,113,2,anw_med,499
frame_143,Rack_2,107,2,anw_med,464
frame_143,Rack_2,28,2,anw_med,431
frame_143,Rack_2,22,2,anw_med,398
frame_143,Rack_2,41,15,pepsi_med,357
frame_143,Rack_2,25,15,pepsi_med,324
frame_143,Rack_2,10,15,pepsi_med,292
frame_143,Rack_2,16,15,pepsi_med,265
frame_143,Rack_2,15,15,pepsi_med,238
frame_143,Rack_2,55,13,kick_med,207
frame_143,Rack_2,54,13,kick_med,180
frame_143,Rack_2,63,13,kick_med,153
frame_143,Rack_2,74,13,kick_med,128
frame_143,Rack_2,84,13,kick_med,105
frame_143,Rack_2,90,13,kick_med,83
frame_143,Rack_2,105,13,kick_med,63
frame_143,Rack_2,101,13,kick_med,38
frame_144,Rack_2,9,2,anw_med,535
frame_144,Rack_2,23,2,anw_med,500
frame_144,Rack_2,113,2,anw_med,499
frame_144,Rack_2,107,2,anw_med,463
frame_144,Rack_2,28,2,anw_med,430
frame_144,Rack_2,22,2,anw_med,398
frame_144,Rack_2,41,15,pepsi_med,357
frame_144,Rack_2,25,15,pepsi_med,323
frame_144,Rack_2,10,15,pepsi_med,292
frame_144,Rack_2,16,15,pepsi_med,265
frame_144,Rack_2,15,15,pepsi_med,237
frame_144,Rack_2,55,13,kick_med,206
frame_144,Rack_2,54,13,kick_med,179
frame_144,Rack_2,63,13,kick_med,153
frame_144,Rack_2,74,13,kick_med,127
frame_144,Rack_2,84,13,kick_med,105
frame_144,Rack_2,90,13,kick_med,83
frame_144,Rack_2,105,13,kick_med,62
frame_144,Rack_2,101,13,kick_med,37
frame_145,Rack_2,9,2,anw_med,535
frame_145,Rack_2,23,2,anw_med,499
frame_145,Rack_2,107,2,anw_med,463
frame_145,Rack_2,28,2,anw_med,430
frame_145,Rack_2,22,2,anw_med,398
frame_145,Rack_2,41,15,pepsi_med,356
frame_145,Rack_2,25,15,pepsi_med,323
frame_145,Rack_2,10,15,pepsi_med,292
frame_145,Rack_2,16,15,pepsi_med,264
frame_145,Rack_2,15,15,pepsi_med,237
frame_145,Rack_2,55,13,kick_med,206
frame_145,Rack_2,54,13,kick_med,179
frame_145,Rack_2,63,13,kick_med,152
frame_145,Rack_2,74,13,kick_med,127
frame_145,Rack_2,84,13,kick_med,104
frame_145,Rack_2,90,13,kick_med,82
frame_145,Rack_2,105,13,kick_med,62
frame_145,Rack_2,101,13,kick_med,36
frame_146,Rack_2,9,2,anw_med,535
frame_146,Rack_2,23,2,anw_med,499
frame_146,Rack_2,107,2,anw_med,463
frame_146,Rack_2,28,2,anw_med,430
frame_146,Rack_2,22,2,anw_med,397
frame_146,Rack_2,41,15,pepsi_med,356
frame_146,Rack_2,25,15,pepsi_med,323
frame_146,Rack_2,10,15,pepsi_med,291
frame_146,Rack_2,16,15,pepsi_med,264
frame_146,Rack_2,15,15,pepsi_med,236
frame_146,Rack_2,55,13,kick_med,205
frame_146,Rack_2,54,13,kick_med,178
frame_146,Rack_2,63,13,kick_med,152
frame_146,Rack_2,74,13,kick_med,126
frame_146,Rack_2,84,13,kick_med,104
frame_146,Rack_2,90,13,kick_med,82
frame_146,Rack_2,105,13,kick_med,61
frame_146,Rack_2,101,13,kick_med,36
frame_147,Rack_2,9,2,anw_med,535
frame_147,Rack_2,116,2,anw_med,534
frame_147,Rack_2,23,2,anw_med,499
frame_147,Rack_2,107,2,anw_med,462
frame_147,Rack_2,28,2,anw_med,430
frame_147,Rack_2,22,2,anw_med,397
frame_147,Rack_2,41,15,pepsi_med,355
frame_147,Rack_2,25,15,pepsi_med,322
frame_147,Rack_2,10,15,pepsi_med,291
frame_147,Rack_2,16,15,pepsi_med,263
frame_147,Rack_2,15,15,pepsi_med,235
frame_147,Rack_2,55,13,kick_med,205
frame_147,Rack_2,54,13,kick_med,178
frame_147,Rack_2,63,13,kick_med,151
frame_147,Rack_2,74,13,kick_med,126
frame_147,Rack_2,84,13,kick_med,103
frame_147,Rack_2,90,13,kick_med,81
frame_147,Rack_2,105,13,kick_med,61
frame_147,Rack_2,101,13,kick_med,35
frame_148,Rack_2,116,2,anw_med,534
frame_148,Rack_2,113,2,anw_med,497
frame_148,Rack_2,107,2,anw_med,462
frame_148,Rack_2,28,2,anw_med,430
frame_148,Rack_2,22,2,anw_med,397
frame_148,Rack_2,41,15,pepsi_med,353
frame_148,Rack_2,25,15,pepsi_med,322
frame_148,Rack_2,10,15,pepsi_med,291
frame_148,Rack_2,16,15,pepsi_med,263
frame_148,Rack_2,15,15,pepsi_med,235
frame_148,Rack_2,55,13,kick_med,204
frame_148,Rack_2,54,13,kick_med,177
frame_148,Rack_2,63,13,kick_med,150
frame_148,Rack_2,74,13,kick_med,125
frame_148,Rack_2,84,13,kick_med,103
frame_148,Rack_2,90,13,kick_med,81
frame_148,Rack_2,105,13,kick_med,60
frame_148,Rack_2,101,13,kick_med,35
frame_15,Rack_2,52,3,coke_med,587
frame_15,Rack_2,40,3,coke_med,548
frame_15,Rack_2,39,3,coke_med,516
frame_15,Rack_2,46,3,coke_med,487
frame_15,Rack_2,21,3,coke_med,458
frame_15,Rack_2,56,6,coke_v_med,428
frame_15,Rack_2,48,6,coke_v_med,399
frame_15,Rack_2,33,6,coke_v_med,370
frame_15,Rack_2,9,2,anw_med,341
frame_15,Rack_2,23,2,anw_med,311
frame_15,Rack_2,1,2,anw_med,280
frame_15,Rack_2,28,2,anw_med,251
frame_15,Rack_2,22,2,anw_med,221
frame_15,Rack_2,41,15,pepsi_med,185
frame_15,Rack_2,25,15,pepsi_med,157
frame_15,Rack_2,10,15,pepsi_med,130
frame_15,Rack_2,16,15,pepsi_med,104
frame_15,Rack_2,15,15,pepsi_med,77
frame_15,Rack_2,55,13,kick_med,48
frame_15,Rack_2,54,13,kick_med,22
frame_15,Rack_2,58,13,kick_med,4
frame_16,Rack_2,52,3,coke_med,588
frame_16,Rack_2,40,3,coke_med,549
frame_16,Rack_2,39,3,coke_med,516
frame_16,Rack_2,46,3,coke_med,488
frame_16,Rack_2,21,3,coke_med,458
frame_16,Rack_2,56,6,coke_v_med,429
frame_16,Rack_2,48,6,coke_v_med,400
frame_16,Rack_2,33,6,coke_v_med,371
frame_16,Rack_2,9,2,anw_med,342
frame_16,Rack_2,23,2,anw_med,312
frame_16,Rack_2,1,2,anw_med,281
frame_16,Rack_2,28,2,anw_med,251
frame_16,Rack_2,22,2,anw_med,222
frame_16,Rack_2,41,15,pepsi_med,186
frame_16,Rack_2,25,15,pepsi_med,158
frame_16,Rack_2,10,15,pepsi_med,131
frame_16,Rack_2,16,15,pepsi_med,105
frame_16,Rack_2,15,15,pepsi_med,78
frame_16,Rack_2,55,13,kick_med,49
frame_16,Rack_2,54,13,kick_med,23
frame_16,Rack_2,58,13,kick_med,4
frame_17,Rack_2,52,3,coke_med,588
frame_17,Rack_2,40,3,coke_med,549
frame_17,Rack_2,39,3,coke_med,517
frame_17,Rack_2,46,3,coke_med,489
frame_17,Rack_2,21,3,coke_med,459
frame_17,Rack_2,56,6,coke_v_med,430
frame_17,Rack_2,48,6,coke_v_med,400
frame_17,Rack_2,33,6,coke_v_med,372
frame_17,Rack_2,9,2,anw_med,343
frame_17,Rack_2,23,2,anw_med,312
frame_17,Rack_2,1,2,anw_med,282
frame_17,Rack_2,28,2,anw_med,252
frame_17,Rack_2,22,2,anw_med,223
frame_17,Rack_2,41,15,pepsi_med,186
frame_17,Rack_2,25,15,pepsi_med,159
frame_17,Rack_2,10,15,pepsi_med,132
frame_17,Rack_2,16,15,pepsi_med,106
frame_17,Rack_2,15,15,pepsi_med,79
frame_17,Rack_2,55,13,kick_med,49
frame_17,Rack_2,54,13,kick_med,23
frame_17,Rack_2,58,13,kick_med,4
frame_18,Rack_2,52,3,coke_med,589
frame_18,Rack_2,40,3,coke_med,550
frame_18,Rack_2,39,3,coke_med,518
frame_18,Rack_2,46,3,coke_med,490
frame_18,Rack_2,21,3,coke_med,460
frame_18,Rack_2,56,6,coke_v_med,431
frame_18,Rack_2,48,6,coke_v_med,401
frame_18,Rack_2,33,6,coke_v_med,373
frame_18,Rack_2,9,2,anw_med,344
frame_18,Rack_2,23,2,anw_med,313
frame_18,Rack_2,1,2,anw_med,283
frame_18,Rack_2,28,2,anw_med,253
frame_18,Rack_2,22,2,anw_med,224
frame_18,Rack_2,41,15,pepsi_med,187
frame_18,Rack_2,25,15,pepsi_med,160
frame_18,Rack_2,10,15,pepsi_med,132
frame_18,Rack_2,16,15,pepsi_med,107
frame_18,Rack_2,15,15,pepsi_med,80
frame_18,Rack_2,55,13,kick_med,51
frame_18,Rack_2,54,13,kick_med,24
frame_18,Rack_2,58,13,kick_med,4
frame_19,Rack_2,52,3,coke_med,590
frame_19,Rack_2,40,3,coke_med,551
frame_19,Rack_2,39,3,coke_med,519
frame_19,Rack_2,46,3,coke_med,491
frame_19,Rack_2,21,3,coke_med,461
frame_19,Rack_2,56,6,coke_v_med,432
frame_19,Rack_2,48,6,coke_v_med,402
frame_19,Rack_2,33,6,coke_v_med,374
frame_19,Rack_2,9,2,anw_med,345
frame_19,Rack_2,23,2,anw_med,314
frame_19,Rack_2,1,2,anw_med,283
frame_19,Rack_2,28,2,anw_med,254
frame_19,Rack_2,22,2,anw_med,225
frame_19,Rack_2,41,15,pepsi_med,188
frame_19,Rack_2,25,15,pepsi_med,161
frame_19,Rack_2,10,15,pepsi_med,133
frame_19,Rack_2,16,15,pepsi_med,108
frame_19,Rack_2,15,15,pepsi_med,81
frame_19,Rack_2,55,13,kick_med,52
frame_19,Rack_2,54,13,kick_med,24
frame_2,Rack_2,52,3,coke_med,581
frame_2,Rack_2,40,3,coke_med,541
frame_2,Rack_2,39,3,coke_med,510
frame_2,Rack_2,46,3,coke_med,482
frame_2,Rack_2,21,3,coke_med,452
frame_2,Rack_2,56,6,coke_v_med,422
frame_2,Rack_2,48,6,coke_v_med,393
frame_2,Rack_2,33,6,coke_v_med,364
frame_2,Rack_2,9,2,anw_med,335
frame_2,Rack_2,23,2,anw_med,305
frame_2,Rack_2,1,2,anw_med,274
frame_2,Rack_2,28,2,anw_med,244
frame_2,Rack_2,22,2,anw_med,215
frame_2,Rack_2,41,15,pepsi_med,179
frame_2,Rack_2,25,15,pepsi_med,151
frame_2,Rack_2,10,15,pepsi_med,123
frame_2,Rack_2,16,15,pepsi_med,97
frame_2,Rack_2,15,15,pepsi_med,70
frame_2,Rack_2,55,13,kick_med,40
frame_2,Rack_2,54,13,kick_med,16
frame_20,Rack_2,52,3,coke_med,591
frame_20,Rack_2,40,3,coke_med,552
frame_20,Rack_2,39,3,coke_med,520
frame_20,Rack_2,46,3,coke_med,492
frame_20,Rack_2,21,3,coke_med,463
frame_20,Rack_2,56,6,coke_v_med,433
frame_20,Rack_2,48,6,coke_v_med,403
frame_20,Rack_2,33,6,coke_v_med,375
frame_20,Rack_2,9,2,anw_med,346
frame_20,Rack_2,23,2,anw_med,315
frame_20,Rack_2,1,2,anw_med,284
frame_20,Rack_2,28,2,anw_med,255
frame_20,Rack_2,22,2,anw_med,227
frame_20,Rack_2,41,15,pepsi_med,189
frame_20,Rack_2,25,15,pepsi_med,162
frame_20,Rack_2,10,15,pepsi_med,135
frame_20,Rack_2,16,15,pepsi_med,109
frame_20,Rack_2,15,15,pepsi_med,82
frame_20,Rack_2,55,13,kick_med,53
frame_20,Rack_2,54,13,kick_med,26
frame_21,Rack_2,52,3,coke_med,593
frame_21,Rack_2,40,3,coke_med,553
frame_21,Rack_2,39,3,coke_med,521
frame_21,Rack_2,46,3,coke_med,493
frame_21,Rack_2,21,3,coke_med,464
frame_21,Rack_2,56,6,coke_v_med,434
frame_21,Rack_2,48,6,coke_v_med,404
frame_21,Rack_2,33,6,coke_v_med,376
frame_21,Rack_2,9,2,anw_med,347
frame_21,Rack_2,23,2,anw_med,317
frame_21,Rack_2,1,2,anw_med,286
frame_21,Rack_2,28,2,anw_med,257
frame_21,Rack_2,22,2,anw_med,227
frame_21,Rack_2,41,15,pepsi_med,191
frame_21,Rack_2,25,15,pepsi_med,163
frame_21,Rack_2,10,15,pepsi_med,136
frame_21,Rack_2,16,15,pepsi_med,111
frame_21,Rack_2,15,15,pepsi_med,84
frame_21,Rack_2,55,13,kick_med,54
frame_21,Rack_2,54,13,kick_med,28
frame_22,Rack_2,52,3,coke_med,594
frame_22,Rack_2,40,3,coke_med,555
frame_22,Rack_2,39,3,coke_med,523
frame_22,Rack_2,46,3,coke_med,495
frame_22,Rack_2,21,3,coke_med,465
frame_22,Rack_2,56,6,coke_v_med,436
frame_22,Rack_2,48,6,coke_v_med,406
frame_22,Rack_2,33,6,coke_v_med,377
frame_22,Rack_2,9,2,anw_med,348
frame_22,Rack_2,23,2,anw_med,318
frame_22,Rack_2,1,2,anw_med,287
frame_22,Rack_2,28,2,anw_med,258
frame_22,Rack_2,22,2,anw_med,229
frame_22,Rack_2,41,15,pepsi_med,192
frame_22,Rack_2,25,15,pepsi_med,165
frame_22,Rack_2,10,15,pepsi_med,137
frame_22,Rack_2,16,15,pepsi_med,112
frame_22,Rack_2,15,15,pepsi_med,85
frame_22,Rack_2,55,13,kick_med,56
frame_22,Rack_2,54,13,kick_med,30
frame_23,Rack_2,52,3,coke_med,595
frame_23,Rack_2,40,3,coke_med,556
frame_23,Rack_2,39,3,coke_med,524
frame_23,Rack_2,46,3,coke_med,496
frame_23,Rack_2,21,3,coke_med,466
frame_23,Rack_2,56,6,coke_v_med,437
frame_23,Rack_2,48,6,coke_v_med,407
frame_23,Rack_2,33,6,coke_v_med,379
frame_23,Rack_2,9,2,anw_med,349
frame_23,Rack_2,23,2,anw_med,319
frame_23,Rack_2,1,2,anw_med,288
frame_23,Rack_2,28,2,anw_med,259
frame_23,Rack_2,22,2,anw_med,230
frame_23,Rack_2,41,15,pepsi_med,194
frame_23,Rack_2,25,15,pepsi_med,166
frame_23,Rack_2,10,15,pepsi_med,139
frame_23,Rack_2,16,15,pepsi_med,113
frame_23,Rack_2,15,15,pepsi_med,87
frame_23,Rack_2,55,13,kick_med,58
frame_23,Rack_2,54,13,kick_med,30
frame_23,Rack_2,58,13,kick_med,3
frame_24,Rack_2,52,3,coke_med,595
frame_24,Rack_2,40,3,coke_med,558
frame_24,Rack_2,39,3,coke_med,526
frame_24,Rack_2,46,3,coke_med,498
frame_24,Rack_2,21,3,coke_med,468
frame_24,Rack_2,56,6,coke_v_med,438
frame_24,Rack_2,48,6,coke_v_med,409
frame_24,Rack_2,33,6,coke_v_med,379
frame_24,Rack_2,9,2,anw_med,350
frame_24,Rack_2,23,2,anw_med,320
frame_24,Rack_2,1,2,anw_med,289
frame_24,Rack_2,28,2,anw_med,261
frame_24,Rack_2,22,2,anw_med,231
frame_24,Rack_2,41,15,pepsi_med,195
frame_24,Rack_2,25,15,pepsi_med,167
frame_24,Rack_2,10,15,pepsi_med,139
frame_24,Rack_2,16,15,pepsi_med,114
frame_24,Rack_2,15,15,pepsi_med,88
frame_24,Rack_2,55,13,kick_med,59
frame_24,Rack_2,54,13,kick_med,32
frame_24,Rack_2,58,13,kick_med,4
frame_25,Rack_2,52,3,coke_med,597
frame_25,Rack_2,40,3,coke_med,559
frame_25,Rack_2,39,3,coke_med,527
frame_25,Rack_2,46,3,coke_med,499
frame_25,Rack_2,21,3,coke_med,469
frame_25,Rack_2,56,6,coke_v_med,439
frame_25,Rack_2,48,6,coke_v_med,410
frame_25,Rack_2,33,6,coke_v_med,380
frame_25,Rack_2,9,2,anw_med,351
frame_25,Rack_2,23,2,anw_med,321
frame_25,Rack_2,1,2,anw_med,290
frame_25,Rack_2,28,2,anw_med,262
frame_25,Rack_2,22,2,anw_med,232
frame_25,Rack_2,41,15,pepsi_med,197
frame_25,Rack_2,25,15,pepsi_med,168
frame_25,Rack_2,10,15,pepsi_med,140
frame_25,Rack_2,16,15,pepsi_med,115
frame_25,Rack_2,15,15,pepsi_med,89
frame_25,Rack_2,55,13,kick_med,60
frame_25,Rack_2,54,13,kick_med,34
frame_25,Rack_2,58,13,kick_med,4
frame_26,Rack_2,52,3,coke_med,598
frame_26,Rack_2,40,3,coke_med,560
frame_26,Rack_2,39,3,coke_med,528
frame_26,Rack_2,46,3,coke_med,500
frame_26,Rack_2,21,3,coke_med,470
frame_26,Rack_2,56,6,coke_v_med,440
frame_26,Rack_2,48,6,coke_v_med,410
frame_26,Rack_2,33,6,coke_v_med,382
frame_26,Rack_2,9,2,anw_med,352
frame_26,Rack_2,23,2,anw_med,322
frame_26,Rack_2,1,2,anw_med,291
frame_26,Rack_2,28,2,anw_med,263
frame_26,Rack_2,22,2,anw_med,233
frame_26,Rack_2,41,15,pepsi_med,197
frame_26,Rack_2,25,15,pepsi_med,169
frame_26,Rack_2,10,15,pepsi_med,141
frame_26,Rack_2,16,15,pepsi_med,116
frame_26,Rack_2,15,15,pepsi_med,90
frame_26,Rack_2,55,13,kick_med,61
frame_26,Rack_2,54,13,kick_med,34
frame_26,Rack_2,58,13,kick_med,4
frame_27,Rack_2,52,3,coke_med,599
frame_27,Rack_2,40,3,coke_med,561
frame_27,Rack_2,39,3,coke_med,529
frame_27,Rack_2,46,3,coke_med,500
frame_27,Rack_2,21,3,coke_med,470
frame_27,Rack_2,56,6,coke_v_med,441
frame_27,Rack_2,48,6,coke_v_med,411
frame_27,Rack_2,33,6,coke_v_med,382
frame_27,Rack_2,9,2,anw_med,353
frame_27,Rack_2,23,2,anw_med,323
frame_27,Rack_2,1,2,anw_med,292
frame_27,Rack_2,28,2,anw_med,263
frame_27,Rack_2,22,2,anw_med,234
frame_27,Rack_2,41,15,pepsi_med,198
frame_27,Rack_2,25,15,pepsi_med,170
frame_27,Rack_2,10,15,pepsi_med,142
frame_27,Rack_2,16,15,pepsi_med,117
frame_27,Rack_2,15,15,pepsi_med,91
frame_27,Rack_2,55,13,kick_med,62
frame_27,Rack_2,54,13,kick_med,35
frame_27,Rack_2,63,13,kick_med,16
frame_28,Rack_2,52,3,coke_med,601
frame_28,Rack_2,40,3,coke_med,561
frame_28,Rack_2,39,3,coke_med,529
frame_28,Rack_2,46,3,coke_med,501
frame_28,Rack_2,21,3,coke_med,471
frame_28,Rack_2,56,6,coke_v_med,441
frame_28,Rack_2,48,6,coke_v_med,412
frame_28,Rack_2,33,6,coke_v_med,383
frame_28,Rack_2,9,2,anw_med,354
frame_28,Rack_2,23,2,anw_med,324
frame_28,Rack_2,1,2,anw_med,293
frame_28,Rack_2,28,2,anw_med,264
frame_28,Rack_2,22,2,anw_med,234
frame_28,Rack_2,41,15,pepsi_med,199
frame_28,Rack_2,25,15,pepsi_med,170
frame_28,Rack_2,10,15,pepsi_med,143
frame_28,Rack_2,16,15,pepsi_med,117
frame_28,Rack_2,15,15,pepsi_med,91
frame_28,Rack_2,55,13,kick_med,63
frame_28,Rack_2,54,13,kick_med,37
frame_28,Rack_2,63,13,kick_med,16
frame_29,Rack_2,52,3,coke_med,602
frame_29,Rack_2,40,3,coke_med,563
frame_29,Rack_2,39,3,coke_med,530
frame_29,Rack_2,46,3,coke_med,502
frame_29,Rack_2,21,3,coke_med,472
frame_29,Rack_2,56,6,coke_v_med,442
frame_29,Rack_2,48,6,coke_v_med,413
frame_29,Rack_2,33,6,coke_v_med,384
frame_29,Rack_2,9,2,anw_med,355
frame_29,Rack_2,23,2,anw_med,325
frame_29,Rack_2,1,2,anw_med,294
frame_29,Rack_2,28,2,anw_med,264
frame_29,Rack_2,22,2,anw_med,235
frame_29,Rack_2,41,15,pepsi_med,200
frame_29,Rack_2,25,15,pepsi_med,171
frame_29,Rack_2,10,15,pepsi_med,143
frame_29,Rack_2,16,15,pepsi_med,118
frame_29,Rack_2,15,15,pepsi_med,92
frame_29,Rack_2,55,13,kick_med,63
frame_29,Rack_2,54,13,kick_med,38
frame_29,Rack_2,63,13,kick_med,16
frame_3,Rack_2,52,3,coke_med,580
frame_3,Rack_2,40,3,coke_med,541
frame_3,Rack_2,39,3,coke_med,510
frame_3,Rack_2,46,3,coke_med,482
frame_3,Rack_2,21,3,coke_med,452
frame_3,Rack_2,56,6,coke_v_med,423
frame_3,Rack_2,48,6,coke_v_med,394
frame_3,Rack_2,33,6,coke_v_med,365
frame_3,Rack_2,9,2,anw_med,336
frame_3,Rack_2,23,2,anw_med,305
frame_3,Rack_2,1,2,anw_med,274
frame_3,Rack_2,28,2,anw_med,245
frame_3,Rack_2,22,2,anw_med,216
frame_3,Rack_2,41,15,pepsi_med,179
frame_3,Rack_2,25,15,pepsi_med,151
frame_3,Rack_2,10,15,pepsi_med,123
frame_3,Rack_2,16,15,pepsi_med,97
frame_3,Rack_2,15,15,pepsi_med,70
frame_3,Rack_2,55,13,kick_med,40
frame_3,Rack_2,54,13,kick_med,16
frame_30,Rack_2,52,3,coke_med,603
frame_30,Rack_2,40,3,coke_med,563
frame_30,Rack_2,39,3,coke_med,531
frame_30,Rack_2,46,3,coke_med,502
frame_30,Rack_2,21,3,coke_med,472
frame_30,Rack_2,56,6,coke_v_med,443
frame_30,Rack_2,48,6,coke_v_med,414
frame_30,Rack_2,33,6,coke_v_med,384
frame_30,Rack_2,9,2,anw_med,355
frame_30,Rack_2,23,2,anw_med,325
frame_30,Rack_2,1,2,anw_med,294
frame_30,Rack_2,28,2,anw_med,265
frame_30,Rack_2,22,2,anw_med,236
frame_30,Rack_2,41,15,pepsi_med,200
frame_30,Rack_2,25,15,pepsi_med,172
frame_30,Rack_2,10,15,pepsi_med,144
frame_30,Rack_2,16,15,pepsi_med,119
frame_30,Rack_2,15,15,pepsi_med,93
frame_30,Rack_2,55,13,kick_med,64
frame_30,Rack_2,54,13,kick_med,38
frame_30,Rack_2,63,13,kick_med,16
frame_31,Rack_2,52,3,coke_med,603
frame_31,Rack_2,40,3,coke_med,565
frame_31,Rack_2,39,3,coke_med,532
frame_31,Rack_2,46,3,coke_med,503
frame_31,Rack_2,21,3,coke_med,473
frame_31,Rack_2,56,6,coke_v_med,444
frame_31,Rack_2,48,6,coke_v_med,415
frame_31,Rack_2,33,6,coke_v_med,385
frame_31,Rack_2,9,2,anw_med,356
frame_31,Rack_2,23,2,anw_med,326
frame_31,Rack_2,1,2,anw_med,295
frame_31,Rack_2,28,2,anw_med,266
frame_31,Rack_2,22,2,anw_med,236
frame_31,Rack_2,41,15,pepsi_med,200
frame_31,Rack_2,25,15,pepsi_med,173
frame_31,Rack_2,10,15,pepsi_med,145
frame_31,Rack_2,16,15,pepsi_med,119
frame_31,Rack_2,15,15,pepsi_med,94
frame_31,Rack_2,55,13,kick_med,65
frame_31,Rack_2,54,13,kick_med,39
frame_31,Rack_2,63,13,kick_med,16
frame_32,Rack_2,52,3,coke_med,603
frame_32,Rack_2,40,3,coke_med,565
frame_32,Rack_2,39,3,coke_med,533
frame_32,Rack_2,46,3,coke_med,504
frame_32,Rack_2,21,3,coke_med,474
frame_32,Rack_2,56,6,coke_v_med,445
frame_32,Rack_2,48,6,coke_v_med,415
frame_32,Rack_2,33,6,coke_v_med,386
frame_32,Rack_2,9,2,anw_med,357
frame_32,Rack_2,23,2,anw_med,326
frame_32,Rack_2,1,2,anw_med,295
frame_32,Rack_2,28,2,anw_med,266
frame_32,Rack_2,22,2,anw_med,237
frame_32,Rack_2,41,15,pepsi_med,200
frame_32,Rack_2,25,15,pepsi_med,173
frame_32,Rack_2,10,15,pepsi_med,145
frame_32,Rack_2,16,15,pepsi_med,120
frame_32,Rack_2,15,15,pepsi_med,94
frame_32,Rack_2,55,13,kick_med,65
frame_32,Rack_2,54,13,kick_med,40
frame_32,Rack_2,63,13,kick_med,16
frame_33,Rack_2,52,3,coke_med,605
frame_33,Rack_2,40,3,coke_med,566
frame_33,Rack_2,39,3,coke_med,534
frame_33,Rack_2,46,3,coke_med,505
frame_33,Rack_2,21,3,coke_med,475
frame_33,Rack_2,56,6,coke_v_med,446
frame_33,Rack_2,48,6,coke_v_med,416
frame_33,Rack_2,33,6,coke_v_med,387
frame_33,Rack_2,9,2,anw_med,357
frame_33,Rack_2,23,2,anw_med,327
frame_33,Rack_2,1,2,anw_med,296
frame_33,Rack_2,28,2,anw_med,267
frame_33,Rack_2,22,2,anw_med,238
frame_33,Rack_2,41,15,pepsi_med,201
frame_33,Rack_2,25,15,pepsi_med,174
frame_33,Rack_2,10,15,pepsi_med,146
frame_33,Rack_2,16,15,pepsi_med,121
frame_33,Rack_2,15,15,pepsi_med,95
frame_33,Rack_2,55,13,kick_med,66
frame_33,Rack_2,54,13,kick_med,40
frame_33,Rack_2,63,13,kick_med,16
frame_34,Rack_2,52,3,coke_med,605
frame_34,Rack_2,40,3,coke_med,567
frame_34,Rack_2,39,3,coke_med,534
frame_34,Rack_2,46,3,coke_med,506
frame_34,Rack_2,21,3,coke_med,476
frame_34,Rack_2,56,6,coke_v_med,446
frame_34,Rack_2,48,6,coke_v_med,417
frame_34,Rack_2,33,6,coke_v_med,387
frame_34,Rack_2,9,2,anw_med,358
frame_34,Rack_2,23,2,anw_med,328
frame_34,Rack_2,1,2,anw_med,297
frame_34,Rack_2,28,2,anw_med,268
frame_34,Rack_2,22,2,anw_med,238
frame_34,Rack_2,41,15,pepsi_med,201
frame_34,Rack_2,25,15,pepsi_med,174
frame_34,Rack_2,10,15,pepsi_med,146
frame_34,Rack_2,16,15,pepsi_med,121
frame_34,Rack_2,15,15,pepsi_med,95
frame_34,Rack_2,55,13,kick_med,66
frame_34,Rack_2,54,13,kick_med,41
frame_34,Rack_2,63,13,kick_med,17
frame_35,Rack_2,52,3,coke_med,607
frame_35,Rack_2,40,3,coke_med,567
frame_35,Rack_2,39,3,coke_med,535
frame_35,Rack_2,46,3,coke_med,506
frame_35,Rack_2,21,3,coke_med,476
frame_35,Rack_2,56,6,coke_v_med,447
frame_35,Rack_2,48,6,coke_v_med,417
frame_35,Rack_2,33,6,coke_v_med,388
frame_35,Rack_2,9,2,anw_med,359
frame_35,Rack_2,23,2,anw_med,328
frame_35,Rack_2,1,2,anw_med,297
frame_35,Rack_2,28,2,anw_med,268
frame_35,Rack_2,22,2,anw_med,239
frame_35,Rack_2,41,15,pepsi_med,202
frame_35,Rack_2,25,15,pepsi_med,175
frame_35,Rack_2,10,15,pepsi_med,147
frame_35,Rack_2,16,15,pepsi_med,122
frame_35,Rack_2,15,15,pepsi_med,96
frame_35,Rack_2,55,13,kick_med,67
frame_35,Rack_2,54,13,kick_med,41
frame_35,Rack_2,63,13,kick_med,17
frame_36,Rack_2,52,3,coke_med,607
frame_36,Rack_2,40,3,coke_med,568
frame_36,Rack_2,39,3,coke_med,536
frame_36,Rack_2,46,3,coke_med,507
frame_36,Rack_2,21,3,coke_med,477
frame_36,Rack_2,56,6,coke_v_med,448
frame_36,Rack_2,70,3,coke_med,448
frame_36,Rack_2,48,6,coke_v_med,418
frame_36,Rack_2,33,6,coke_v_med,389
frame_36,Rack_2,9,2,anw_med,360
frame_36,Rack_2,23,2,anw_med,329
frame_36,Rack_2,1,2,anw_med,298
frame_36,Rack_2,28,2,anw_med,269
frame_36,Rack_2,22,2,anw_med,239
frame_36,Rack_2,41,15,pepsi_med,202
frame_36,Rack_2,25,15,pepsi_med,175
frame_36,Rack_2,10,15,pepsi_med,148
frame_36,Rack_2,16,15,pepsi_med,122
frame_36,Rack_2,15,15,pepsi_med,96
frame_36,Rack_2,55,13,kick_med,67
frame_36,Rack_2,54,13,kick_med,41
frame_36,Rack_2,63,13,kick_med,17
frame_37,Rack_2,52,3,coke_med,609
frame_37,Rack_2,40,3,coke_med,570
frame_37,Rack_2,39,3,coke_med,537
frame_37,Rack_2,46,3,coke_med,508
frame_37,Rack_2,21,3,coke_med,478
frame_37,Rack_2,70,3,coke_med,448
frame_37,Rack_2,48,6,coke_v_med,418
frame_37,Rack_2,33,6,coke_v_med,389
frame_37,Rack_2,9,2,anw_med,360
frame_37,Rack_2,23,2,anw_med,330
frame_37,Rack_2,1,2,anw_med,298
frame_37,Rack_2,28,2,anw_med,269
frame_37,Rack_2,22,2,anw_med,240
frame_37,Rack_2,41,15,pepsi_med,203
frame_37,Rack_2,25,15,pepsi_med,176
frame_37,Rack_2,10,15,pepsi_med,148
frame_37,Rack_2,16,15,pepsi_med,123
frame_37,Rack_2,15,15,pepsi_med,97
frame_37,Rack_2,55,13,kick_med,68
frame_37,Rack_2,54,13,kick_med,42
frame_37,Rack_2,63,13,kick_med,18
frame_38,Rack_2,52,3,coke_med,610
frame_38,Rack_2,40,3,coke_med,570
frame_38,Rack_2,39,3,coke_med,538
frame_38,Rack_2,46,3,coke_med,509
frame_38,Rack_2,21,3,coke_med,480
frame_38,Rack_2,70,3,coke_med,449
frame_38,Rack_2,48,6,coke_v_med,419
frame_38,Rack_2,33,6,coke_v_med,390
frame_38,Rack_2,9,2,anw_med,361
frame_38,Rack_2,23,2,anw_med,330
frame_38,Rack_2,1,2,anw_med,299
frame_38,Rack_2,28,2,anw_med,270
frame_38,Rack_2,22,2,anw_med,241
frame_38,Rack_2,41,15,pepsi_med,204
frame_38,Rack_2,25,15,pepsi_med,176
frame_38,Rack_2,10,15,pepsi_med,149
frame_38,Rack_2,16,15,pepsi_med,123
frame_38,Rack_2,15,15,pepsi_med,97
frame_38,Rack_2,55,13,kick_med,68
frame_38,Rack_2,54,13,kick_med,42
frame_38,Rack_2,63,13,kick_med,18
frame_39,Rack_2,52,3,coke_med,613
frame_39,Rack_2,40,3,coke_med,572
frame_39,Rack_2,39,3,coke_med,539
frame_39,Rack_2,46,3,coke_med,511
frame_39,Rack_2,21,3,coke_med,481
frame_39,Rack_2,56,6,coke_v_med,450
frame_39,Rack_2,48,6,coke_v_med,420
frame_39,Rack_2,33,6,coke_v_med,391
frame_39,Rack_2,9,2,anw_med,362
frame_39,Rack_2,23,2,anw_med,331
frame_39,Rack_2,1,2,anw_med,300
frame_39,Rack_2,28,2,anw_med,271
frame_39,Rack_2,22,2,anw_med,242
frame_39,Rack_2,41,15,pepsi_med,205
frame_39,Rack_2,25,15,pepsi_med,177
frame_39,Rack_2,10,15,pepsi_med,150
frame_39,Rack_2,16,15,pepsi_med,124
frame_39,Rack_2,15,15,pepsi_med,98
frame_39,Rack_2,55,13,kick_med,69
frame_39,Rack_2,54,13,kick_med,42
frame_39,Rack_2,63,13,kick_med,18
frame_4,Rack_2,52,3,coke_med,582
frame_4,Rack_2,40,3,coke_med,542
frame_4,Rack_2,39,3,coke_med,510
frame_4,Rack_2,46,3,coke_med,482
frame_4,Rack_2,21,3,coke_med,452
frame_4,Rack_2,56,6,coke_v_med,423
frame_4,Rack_2,48,6,coke_v_med,394
frame_4,Rack_2,33,6,coke_v_med,365
frame_4,Rack_2,9,2,anw_med,336
frame_4,Rack_2,23,2,anw_med,305
frame_4,Rack_2,1,2,anw_med,274
frame_4,Rack_2,28,2,anw_med,245
frame_4,Rack_2,22,2,anw_med,216
frame_4,Rack_2,41,15,pepsi_med,180
frame_4,Rack_2,25,15,pepsi_med,151
frame_4,Rack_2,10,15,pepsi_med,124
frame_4,Rack_2,16,15,pepsi_med,98
frame_4,Rack_2,15,15,pepsi_med,70
frame_4,Rack_2,55,13,kick_med,41
frame_4,Rack_2,54,13,kick_med,16
frame_40,Rack_2,52,3,coke_med,614
frame_40,Rack_2,40,3,coke_med,574
frame_40,Rack_2,39,3,coke_med,541
frame_40,Rack_2,46,3,coke_med,512
frame_40,Rack_2,21,3,coke_med,482
frame_40,Rack_2,56,6,coke_v_med,451
frame_40,Rack_2,33,6,coke_v_med,392
frame_40,Rack_2,9,2,anw_med,363
frame_40,Rack_2,23,2,anw_med,332
frame_40,Rack_2,1,2,anw_med,300
frame_40,Rack_2,28,2,anw_med,272
frame_40,Rack_2,22,2,anw_med,243
frame_40,Rack_2,41,15,pepsi_med,206
frame_40,Rack_2,25,15,pepsi_med,178
frame_40,Rack_2,10,15,pepsi_med,151
frame_40,Rack_2,16,15,pepsi_med,125
frame_40,Rack_2,15,15,pepsi_med,99
frame_40,Rack_2,55,13,kick_med,69
frame_40,Rack_2,54,13,kick_med,43
frame_40,Rack_2,63,13,kick_med,18
frame_41,Rack_2,52,3,coke_med,615
frame_41,Rack_2,40,3,coke_med,575
frame_41,Rack_2,39,3,coke_med,542
frame_41,Rack_2,46,3,coke_med,513
frame_41,Rack_2,21,3,coke_med,483
frame_41,Rack_2,70,3,coke_med,453
frame_41,Rack_2,48,6,coke_v_med,423
frame_41,Rack_2,33,6,coke_v_med,393
frame_41,Rack_2,9,2,anw_med,364
frame_41,Rack_2,23,2,anw_med,333
frame_41,Rack_2,1,2,anw_med,301
frame_41,Rack_2,28,2,anw_med,272
frame_41,Rack_2,22,2,anw_med,244
frame_41,Rack_2,41,15,pepsi_med,206
frame_41,Rack_2,25,15,pepsi_med,179
frame_41,Rack_2,10,15,pepsi_med,151
frame_41,Rack_2,16,15,pepsi_med,125
frame_41,Rack_2,15,15,pepsi_med,99
frame_41,Rack_2,55,13,kick_med,70
frame_41,Rack_2,54,13,kick_med,44
frame_41,Rack_2,63,13,kick_med,18
frame_42,Rack_2,52,3,coke_med,616
frame_42,Rack_2,40,3,coke_med,577
frame_42,Rack_2,39,3,coke_med,544
frame_42,Rack_2,46,3,coke_med,515
frame_42,Rack_2,21,3,coke_med,484
frame_42,Rack_2,56,6,coke_v_med,454
frame_42,Rack_2,48,6,coke_v_med,424
frame_42,Rack_2,33,6,coke_v_med,394
frame_42,Rack_2,9,2,anw_med,364
frame_42,Rack_2,23,2,anw_med,333
frame_42,Rack_2,1,2,anw_med,302
frame_42,Rack_2,28,2,anw_med,273
frame_42,Rack_2,22,2,anw_med,244
frame_42,Rack_2,41,15,pepsi_med,207
frame_42,Rack_2,25,15,pepsi_med,179
frame_42,Rack_2,10,15,pepsi_med,152
frame_42,Rack_2,16,15,pepsi_med,126
frame_42,Rack_2,15,15,pepsi_med,100
frame_42,Rack_2,55,13,kick_med,71
frame_42,Rack_2,54,13,kick_med,44
frame_42,Rack_2,63,13,kick_med,19
frame_43,Rack_2,52,3,coke_med,617
frame_43,Rack_2,40,3,coke_med,578
frame_43,Rack_2,39,3,coke_med,545
frame_43,Rack_2,46,3,coke_med,516
frame_43,Rack_2,21,3,coke_med,485
frame_43,Rack_2,56,6,coke_v_med,455
frame_43,Rack_2,48,6,coke_v_med,425
frame_43,Rack_2,33,6,coke_v_med,395
frame_43,Rack_2,9,2,anw_med,365
frame_43,Rack_2,23,2,anw_med,334
frame_43,Rack_2,1,2,anw_med,303
frame_43,Rack_2,28,2,anw_med,274
frame_43,Rack_2,22,2,anw_med,244
frame_43,Rack_2,41,15,pepsi_med,207
frame_43,Rack_2,25,15,pepsi_med,180
frame_43,Rack_2,10,15,pepsi_med,152
frame_43,Rack_2,16,15,pepsi_med,126
frame_43,Rack_2,15,15,pepsi_med,100
frame_43,Rack_2,55,13,kick_med,71
frame_43,Rack_2,54,13,kick_med,45
frame_43,Rack_2,63,13,kick_med,18
frame_44,Rack_2,52,3,coke_med,618
frame_44,Rack_2,40,3,coke_med,579
frame_44,Rack_2,39,3,coke_med,546
frame_44,Rack_2,46,3,coke_med,517
frame_44,Rack_2,21,3,coke_med,486
frame_44,Rack_2,56,6,coke_v_med,456
frame_44,Rack_2,48,6,coke_v_med,426
frame_44,Rack_2,33,6,coke_v_med,396
frame_44,Rack_2,9,2,anw_med,366
frame_44,Rack_2,23,2,anw_med,335
frame_44,Rack_2,1,2,anw_med,304
frame_44,Rack_2,28,2,anw_med,274
frame_44,Rack_2,22,2,anw_med,245
frame_44,Rack_2,41,15,pepsi_med,208
frame_44,Rack_2,25,15,pepsi_med,181
frame_44,Rack_2,10,15,pepsi_med,152
frame_44,Rack_2,16,15,pepsi_med,127
frame_44,Rack_2,15,15,pepsi_med,100
frame_44,Rack_2,55,13,kick_med,71
frame_44,Rack_2,54,13,kick_med,45
frame_44,Rack_2,63,13,kick_med,18
frame_45,Rack_2,52,3,coke_med,618
frame_45,Rack_2,40,3,coke_med,581
frame_45,Rack_2,39,3,coke_med,547
frame_45,Rack_2,46,3,coke_med,518
frame_45,Rack_2,21,3,coke_med,487
frame_45,Rack_2,56,6,coke_v_med,457
frame_45,Rack_2,48,6,coke_v_med,427
frame_45,Rack_2,33,6,coke_v_med,397
frame_45,Rack_2,9,2,anw_med,367
frame_45,Rack_2,23,2,anw_med,335
frame_45,Rack_2,1,2,anw_med,304
frame_45,Rack_2,28,2,anw_med,275
frame_45,Rack_2,22,2,anw_med,246
frame_45,Rack_2,41,15,pepsi_med,209
frame_45,Rack_2,25,15,pepsi_med,181
frame_45,Rack_2,10,15,pepsi_med,153
frame_45,Rack_2,16,15,pepsi_med,127
frame_45,Rack_2,15,15,pepsi_med,101
frame_45,Rack_2,55,13,kick_med,71
frame_45,Rack_2,54,13,kick_med,45
frame_45,Rack_2,63,13,kick_med,18
frame_46,Rack_2,52,3,coke_med,619
frame_46,Rack_2,40,3,coke_med,582
frame_46,Rack_2,39,3,coke_med,549
frame_46,Rack_2,46,3,coke_med,519
frame_46,Rack_2,21,3,coke_med,489
frame_46,Rack_2,56,6,coke_v_med,458
frame_46,Rack_2,48,6,coke_v_med,428
frame_46,Rack_2,33,6,coke_v_med,398
frame_46,Rack_2,9,2,anw_med,368
frame_46,Rack_2,23,2,anw_med,336
frame_46,Rack_2,1,2,anw_med,305
frame_46,Rack_2,28,2,anw_med,276
frame_46,Rack_2,22,2,anw_med,247
frame_46,Rack_2,41,15,pepsi_med,210
frame_46,Rack_2,25,15,pepsi_med,182
frame_46,Rack_2,10,15,pepsi_med,154
frame_46,Rack_2,16,15,pepsi_med,127
frame_46,Rack_2,15,15,pepsi_med,101
frame_46,Rack_2,55,13,kick_med,72
frame_46,Rack_2,54,13,kick_med,46
frame_46,Rack_2,63,13,kick_med,18
frame_47,Rack_2,52,3,coke_med,619
frame_47,Rack_2,40,3,coke_med,583
frame_47,Rack_2,39,3,coke_med,550
frame_47,Rack_2,46,3,coke_med,521
frame_47,Rack_2,21,3,coke_med,490
frame_47,Rack_2,48,6,coke_v_med,429
frame_47,Rack_2,33,6,coke_v_med,399
frame_47,Rack_2,9,2,anw_med,369
frame_47,Rack_2,23,2,anw_med,337
frame_47,Rack_2,1,2,anw_med,306
frame_47,Rack_2,28,2,anw_med,276
frame_47,Rack_2,22,2,anw_med,247
frame_47,Rack_2,41,15,pepsi_med,210
frame_47,Rack_2,25,15,pepsi_med,182
frame_47,Rack_2,10,15,pepsi_med,154
frame_47,Rack_2,16,15,pepsi_med,128
frame_47,Rack_2,15,15,pepsi_med,102
frame_47,Rack_2,55,13,kick_med,73
frame_47,Rack_2,54,13,kick_med,46
frame_47,Rack_2,63,13,kick_med,19
frame_48,Rack_2,52,3,coke_med,620
frame_48,Rack_2,40,3,coke_med,585
frame_48,Rack_2,39,3,coke_med,551
frame_48,Rack_2,46,3,coke_med,522
frame_48,Rack_2,21,3,coke_med,491
frame_48,Rack_2,56,6,coke_v_med,461
frame_48,Rack_2,48,6,coke_v_med,430
frame_48,Rack_2,33,6,coke_v_med,400
frame_48,Rack_2,9,2,anw_med,370
frame_48,Rack_2,23,2,anw_med,338
frame_48,Rack_2,1,2,anw_med,307
frame_48,Rack_2,28,2,anw_med,277
frame_48,Rack_2,22,2,anw_med,248
frame_48,Rack_2,41,15,pepsi_med,211
frame_48,Rack_2,25,15,pepsi_med,183
frame_48,Rack_2,10,15,pepsi_med,155
frame_48,Rack_2,16,15,pepsi_med,129
frame_48,Rack_2,15,15,pepsi_med,103
frame_48,Rack_2,55,13,kick_med,73
frame_48,Rack_2,54,13,kick_med,47
frame_48,Rack_2,63,13,kick_med,19
frame_49,Rack_2,52,3,coke_med,620
frame_49,Rack_2,40,3,coke_med,587
frame_49,Rack_2,39,3,coke_med,553
frame_49,Rack_2,46,3,coke_med,523
frame_49,Rack_2,21,3,coke_med,493
frame_49,Rack_2,56,6,coke_v_med,462
frame_49,Rack_2,48,6,coke_v_med,432
frame_49,Rack_2,33,6,coke_v_med,401
frame_49,Rack_2,9,2,anw_med,371
frame_49,Rack_2,23,2,anw_med,339
frame_49,Rack_2,1,2,anw_med,308
frame_49,Rack_2,28,2,anw_med,278
frame_49,Rack_2,22,2,anw_med,249
frame_49,Rack_2,41,15,pepsi_med,212
frame_49,Rack_2,25,15,pepsi_med,184
frame_49,Rack_2,10,15,pepsi_med,156
frame_49,Rack_2,16,15,pepsi_med,130
frame_49,Rack_2,15,15,pepsi_med,104
frame_49,Rack_2,55,13,kick_med,74
frame_49,Rack_2,54,13,kick_med,48
frame_49,Rack_2,63,13,kick_med,20
frame_5,Rack_2,52,3,coke_med,582
frame_5,Rack_2,40,3,coke_med,542
frame_5,Rack_2,39,3,coke_med,511
frame_5,Rack_2,46,3,coke_med,483
frame_5,Rack_2,21,3,coke_med,452
frame_5,Rack_2,56,6,coke_v_med,423
frame_5,Rack_2,48,6,coke_v_med,394
frame_5,Rack_2,33,6,coke_v_med,365
frame_5,Rack_2,9,2,anw_med,336
frame_5,Rack_2,23,2,anw_med,306
frame_5,Rack_2,1,2,anw_med,275
frame_5,Rack_2,28,2,anw_med,245
frame_5,Rack_2,22,2,anw_med,217
frame_5,Rack_2,41,15,pepsi_med,180
frame_5,Rack_2,25,15,pepsi_med,152
frame_5,Rack_2,10,15,pepsi_med,124
frame_5,Rack_2,16,15,pepsi_med,98
frame_5,Rack_2,15,15,pepsi_med,71
frame_5,Rack_2,55,13,kick_med,41
frame_5,Rack_2,54,13,kick_med,16
frame_50,Rack_2,52,3,coke_med,621
frame_50,Rack_2,40,3,coke_med,588
frame_50,Rack_2,39,3,coke_med,554
frame_50,Rack_2,46,3,coke_med,525
frame_50,Rack_2,21,3,coke_med,494
frame_50,Rack_2,56,6,coke_v_med,464
frame_50,Rack_2,48,6,coke_v_med,433
frame_50,Rack_2,33,6,coke_v_med,402
frame_50,Rack_2,9,2,anw_med,372
frame_50,Rack_2,23,2,anw_med,340
frame_50,Rack_2,1,2,anw_med,309
frame_50,Rack_2,28,2,anw_med,279
frame_50,Rack_2,22,2,anw_med,250
frame_50,Rack_2,41,15,pepsi_med,214
frame_50,Rack_2,25,15,pepsi_med,185
frame_50,Rack_2,10,15,pepsi_med,157
frame_50,Rack_2,16,15,pepsi_med,131
frame_50,Rack_2,15,15,pepsi_med,105
frame_50,Rack_2,55,13,kick_med,75
frame_50,Rack_2,54,13,kick_med,49
frame_50,Rack_2,63,13,kick_med,21
frame_51,Rack_2,52,3,coke_med,622
frame_51,Rack_2,40,3,coke_med,589
frame_51,Rack_2,39,3,coke_med,555
frame_51,Rack_2,46,3,coke_med,526
frame_51,Rack_2,21,3,coke_med,495
frame_51,Rack_2,56,6,coke_v_med,465
frame_51,Rack_2,48,6,coke_v_med,434
frame_51,Rack_2,33,6,coke_v_med,403
frame_51,Rack_2,9,2,anw_med,373
frame_51,Rack_2,23,2,anw_med,342
frame_51,Rack_2,1,2,anw_med,310
frame_51,Rack_2,28,2,anw_med,280
frame_51,Rack_2,22,2,anw_med,251
frame_51,Rack_2,41,15,pepsi_med,215
frame_51,Rack_2,25,15,pepsi_med,186
frame_51,Rack_2,10,15,pepsi_med,158
frame_51,Rack_2,16,15,pepsi_med,132
frame_51,Rack_2,15,15,pepsi_med,106
frame_51,Rack_2,55,13,kick_med,76
frame_51,Rack_2,54,13,kick_med,50
frame_51,Rack_2,63,13,kick_med,24
frame_52,Rack_2,52,3,coke_med,622
frame_52,Rack_2,40,3,coke_med,591
frame_52,Rack_2,39,3,coke_med,556
frame_52,Rack_2,46,3,coke_med,528
frame_52,Rack_2,21,3,coke_med,497
frame_52,Rack_2,56,6,coke_v_med,466
frame_52,Rack_2,48,6,coke_v_med,435
frame_52,Rack_2,33,6,coke_v_med,405
frame_52,Rack_2,9,2,anw_med,374
frame_52,Rack_2,23,2,anw_med,343
frame_52,Rack_2,1,2,anw_med,312
frame_52,Rack_2,28,2,anw_med,281
frame_52,Rack_2,22,2,anw_med,252
frame_52,Rack_2,41,15,pepsi_med,216
frame_52,Rack_2,25,15,pepsi_med,187
frame_52,Rack_2,10,15,pepsi_med,159
frame_52,Rack_2,16,15,pepsi_med,133
frame_52,Rack_2,15,15,pepsi_med,107
frame_52,Rack_2,55,13,kick_med,77
frame_52,Rack_2,54,13,kick_med,50
frame_52,Rack_2,63,13,kick_med,25
frame_53,Rack_2,52,3,coke_med,623
frame_53,Rack_2,40,3,coke_med,592
frame_53,Rack_2,39,3,coke_med,558
frame_53,Rack_2,46,3,coke_med,529
frame_53,Rack_2,21,3,coke_med,498
frame_53,Rack_2,56,6,coke_v_med,467
frame_53,Rack_2,48,6,coke_v_med,436
frame_53,Rack_2,33,6,coke_v_med,406
frame_53,Rack_2,9,2,anw_med,376
frame_53,Rack_2,23,2,anw_med,344
frame_53,Rack_2,1,2,anw_med,313
frame_53,Rack_2,28,2,anw_med,283
frame_53,Rack_2,22,2,anw_med,253
frame_53,Rack_2,41,15,pepsi_med,217
frame_53,Rack_2,25,15,pepsi_med,188
frame_53,Rack_2,10,15,pepsi_med,160
frame_53,Rack_2,16,15,pepsi_med,134
frame_53,Rack_2,15,15,pepsi_med,107
frame_53,Rack_2,55,13,kick_med,78
frame_53,Rack_2,54,13,kick_med,51
frame_53,Rack_2,63,13,kick_med,26
frame_54,Rack_2,52,3,coke_med,624
frame_54,Rack_2,40,3,coke_med,594
frame_54,Rack_2,39,3,coke_med,560
frame_54,Rack_2,46,3,coke_med,531
frame_54,Rack_2,21,3,coke_med,500
frame_54,Rack_2,56,6,coke_v_med,469
frame_54,Rack_2,48,6,coke_v_med,438
frame_54,Rack_2,33,6,coke_v_med,408
frame_54,Rack_2,9,2,anw_med,377
frame_54,Rack_2,23,2,anw_med,346
frame_54,Rack_2,1,2,anw_med,313
frame_54,Rack_2,28,2,anw_med,284
frame_54,Rack_2,22,2,anw_med,255
frame_54,Rack_2,41,15,pepsi_med,217
frame_54,Rack_2,25,15,pepsi_med,189
frame_54,Rack_2,10,15,pepsi_med,161
frame_54,Rack_2,16,15,pepsi_med,135
frame_54,Rack_2,15,15,pepsi_med,108
frame_54,Rack_2,55,13,kick_med,79
frame_54,Rack_2,54,13,kick_med,53
frame_54,Rack_2,63,13,kick_med,28
frame_55,Rack_2,52,3,coke_med,625
frame_55,Rack_2,40,3,coke_med,596
frame_55,Rack_2,39,3,coke_med,561
frame_55,Rack_2,46,3,coke_med,532
frame_55,Rack_2,21,3,coke_med,502
frame_55,Rack_2,56,6,coke_v_med,471
frame_55,Rack_2,48,6,coke_v_med,440
frame_55,Rack_2,33,6,coke_v_med,409
frame_55,Rack_2,9,2,anw_med,378
frame_55,Rack_2,23,2,anw_med,347
frame_55,Rack_2,1,2,anw_med,315
frame_55,Rack_2,28,2,anw_med,285
frame_55,Rack_2,22,2,anw_med,256
frame_55,Rack_2,41,15,pepsi_med,219
frame_55,Rack_2,25,15,pepsi_med,190
frame_55,Rack_2,10,15,pepsi_med,162
frame_55,Rack_2,16,15,pepsi_med,136
frame_55,Rack_2,15,15,pepsi_med,110
frame_55,Rack_2,55,13,kick_med,81
frame_55,Rack_2,54,13,kick_med,54
frame_55,Rack_2,63,13,kick_med,29
frame_56,Rack_2,52,3,coke_med,625
frame_56,Rack_2,40,3,coke_med,598
frame_56,Rack_2,39,3,coke_med,564
frame_56,Rack_2,46,3,coke_med,534
frame_56,Rack_2,21,3,coke_med,503
frame_56,Rack_2,56,6,coke_v_med,472
frame_56,Rack_2,48,6,coke_v_med,441
frame_56,Rack_2,33,6,coke_v_med,411
frame_56,Rack_2,9,2,anw_med,380
frame_56,Rack_2,23,2,anw_med,349
frame_56,Rack_2,1,2,anw_med,317
frame_56,Rack_2,28,2,anw_med,287
frame_56,Rack_2,22,2,anw_med,258
frame_56,Rack_2,41,15,pepsi_med,220
frame_56,Rack_2,25,15,pepsi_med,192
frame_56,Rack_2,10,15,pepsi_med,164
frame_56,Rack_2,16,15,pepsi_med,138
frame_56,Rack_2,15,15,pepsi_med,111
frame_56,Rack_2,55,13,kick_med,82
frame_56,Rack_2,54,13,kick_med,56
frame_56,Rack_2,63,13,kick_med,31
frame_57,Rack_2,52,3,coke_med,628
frame_57,Rack_2,40,3,coke_med,600
frame_57,Rack_2,39,3,coke_med,566
frame_57,Rack_2,46,3,coke_med,536
frame_57,Rack_2,21,3,coke_med,505
frame_57,Rack_2,56,6,coke_v_med,475
frame_57,Rack_2,48,6,coke_v_med,443
frame_57,Rack_2,33,6,coke_v_med,413
frame_57,Rack_2,9,2,anw_med,382
frame_57,Rack_2,23,2,anw_med,351
frame_57,Rack_2,1,2,anw_med,318
frame_57,Rack_2,28,2,anw_med,289
frame_57,Rack_2,22,2,anw_med,260
frame_57,Rack_2,41,15,pepsi_med,222
frame_57,Rack_2,25,15,pepsi_med,193
frame_57,Rack_2,10,15,pepsi_med,166
frame_57,Rack_2,16,15,pepsi_med,140
frame_57,Rack_2,15,15,pepsi_med,113
frame_57,Rack_2,55,13,kick_med,84
frame_57,Rack_2,54,13,kick_med,58
frame_57,Rack_2,63,13,kick_med,32
frame_58,Rack_2,52,3,coke_med,629
frame_58,Rack_2,40,3,coke_med,602
frame_58,Rack_2,39,3,coke_med,568
frame_58,Rack_2,46,3,coke_med,538
frame_58,Rack_2,21,3,coke_med,507
frame_58,Rack_2,56,6,coke_v_med,477
frame_58,Rack_2,48,6,coke_v_med,445
frame_58,Rack_2,33,6,coke_v_med,415
frame_58,Rack_2,9,2,anw_med,384
frame_58,Rack_2,23,2,anw_med,352
frame_58,Rack_2,1,2,anw_med,320
frame_58,Rack_2,28,2,anw_med,290
frame_58,Rack_2,22,2,anw_med,262
frame_58,Rack_2,41,15,pepsi_med,223
frame_58,Rack_2,25,15,pepsi_med,195
frame_58,Rack_2,10,15,pepsi_med,167
frame_58,Rack_2,16,15,pepsi_med,141
frame_58,Rack_2,15,15,pepsi_med,115
frame_58,Rack_2,55,13,kick_med,85
frame_58,Rack_2,54,13,kick_med,59
frame_58,Rack_2,63,13,kick_med,34
frame_59,Rack_2,52,3,coke_med,630
frame_59,Rack_2,40,3,coke_med,604
frame_59,Rack_2,39,3,coke_med,570
frame_59,Rack_2,46,3,coke_med,541
frame_59,Rack_2,21,3,coke_med,510
frame_59,Rack_2,56,6,coke_v_med,478
frame_59,Rack_2,48,6,coke_v_med,447
frame_59,Rack_2,33,6,coke_v_med,416
frame_59,Rack_2,9,2,anw_med,386
frame_59,Rack_2,23,2,anw_med,354
frame_59,Rack_2,1,2,anw_med,322
frame_59,Rack_2,28,2,anw_med,292
frame_59,Rack_2,22,2,anw_med,263
frame_59,Rack_2,41,15,pepsi_med,227
frame_59,Rack_2,25,15,pepsi_med,197
frame_59,Rack_2,10,15,pepsi_med,169
frame_59,Rack_2,16,15,pepsi_med,143
frame_59,Rack_2,15,15,pepsi_med,116
frame_59,Rack_2,55,13,kick_med,87
frame_59,Rack_2,54,13,kick_med,60
frame_59,Rack_2,63,13,kick_med,35
frame_6,Rack_2,52,3,coke_med,582
frame_6,Rack_2,40,3,coke_med,542
frame_6,Rack_2,39,3,coke_med,511
frame_6,Rack_2,46,3,coke_med,483
frame_6,Rack_2,21,3,coke_med,453
frame_6,Rack_2,56,6,coke_v_med,424
frame_6,Rack_2,48,6,coke_v_med,394
frame_6,Rack_2,33,6,coke_v_med,365
frame_6,Rack_2,9,2,anw_med,337
frame_6,Rack_2,23,2,anw_med,306
frame_6,Rack_2,1,2,anw_med,275
frame_6,Rack_2,28,2,anw_med,246
frame_6,Rack_2,22,2,anw_med,217
frame_6,Rack_2,41,15,pepsi_med,180
frame_6,Rack_2,25,15,pepsi_med,152
frame_6,Rack_2,10,15,pepsi_med,124
frame_6,Rack_2,16,15,pepsi_med,99
frame_6,Rack_2,15,15,pepsi_med,72
frame_6,Rack_2,55,13,kick_med,42
frame_6,Rack_2,54,13,kick_med,16
frame_60,Rack_2,40,3,coke_med,607
frame_60,Rack_2,39,3,coke_med,572
frame_60,Rack_2,46,3,coke_med,543
frame_60,Rack_2,21,3,coke_med,512
frame_60,Rack_2,56,6,coke_v_med,481
frame_60,Rack_2,48,6,coke_v_med,450
frame_60,Rack_2,33,6,coke_v_med,419
frame_60,Rack_2,9,2,anw_med,388
frame_60,Rack_2,23,2,anw_med,356
frame_60,Rack_2,1,2,anw_med,323
frame_60,Rack_2,28,2,anw_med,294
frame_60,Rack_2,22,2,anw_med,265
frame_60,Rack_2,41,15,pepsi_med,228
frame_60,Rack_2,25,15,pepsi_med,199
frame_60,Rack_2,10,15,pepsi_med,170
frame_60,Rack_2,16,15,pepsi_med,144
frame_60,Rack_2,15,15,pepsi_med,118
frame_60,Rack_2,55,13,kick_med,88
frame_60,Rack_2,54,13,kick_med,62
frame_60,Rack_2,63,13,kick_med,37
frame_61,Rack_2,40,3,coke_med,611
frame_61,Rack_2,39,3,coke_med,575
frame_61,Rack_2,46,3,coke_med,545
frame_61,Rack_2,21,3,coke_med,515
frame_61,Rack_2,56,6,coke_v_med,484
frame_61,Rack_2,33,6,coke_v_med,422
frame_61,Rack_2,9,2,anw_med,391
frame_61,Rack_2,23,2,anw_med,358
frame_61,Rack_2,1,2,anw_med,326
frame_61,Rack_2,28,2,anw_med,296
frame_61,Rack_2,22,2,anw_med,266
frame_61,Rack_2,41,15,pepsi_med,230
frame_61,Rack_2,25,15,pepsi_med,201
frame_61,Rack_2,10,15,pepsi_med,172
frame_61,Rack_2,16,15,pepsi_med,146
frame_61,Rack_2,15,15,pepsi_med,119
frame_61,Rack_2,55,13,kick_med,90
frame_61,Rack_2,54,13,kick_med,64
frame_61,Rack_2,63,13,kick_med,37
frame_62,Rack_2,40,3,coke_med,612
frame_62,Rack_2,39,3,coke_med,578
frame_62,Rack_2,46,3,coke_med,548
frame_62,Rack_2,21,3,coke_med,517
frame_62,Rack_2,56,6,coke_v_med,487
frame_62,Rack_2,33,6,coke_v_med,424
frame_62,Rack_2,9,2,anw_med,393
frame_62,Rack_2,23,2,anw_med,360
frame_62,Rack_2,1,2,anw_med,329
frame_62,Rack_2,28,2,anw_med,298
frame_62,Rack_2,22,2,anw_med,269
frame_62,Rack_2,41,15,pepsi_med,232
frame_62,Rack_2,25,15,pepsi_med,203
frame_62,Rack_2,10,15,pepsi_med,174
frame_62,Rack_2,16,15,pepsi_med,148
frame_62,Rack_2,15,15,pepsi_med,122
frame_62,Rack_2,55,13,kick_med,92
frame_62,Rack_2,54,13,kick_med,66
frame_62,Rack_2,63,13,kick_med,41
frame_63,Rack_2,40,3,coke_med,612
frame_63,Rack_2,39,3,coke_med,580
frame_63,Rack_2,46,3,coke_med,551
frame_63,Rack_2,21,3,coke_med,520
frame_63,Rack_2,56,6,coke_v_med,489
frame_63,Rack_2,48,6,coke_v_med,457
frame_63,Rack_2,33,6,coke_v_med,426
frame_63,Rack_2,9,2,anw_med,395
frame_63,Rack_2,23,2,anw_med,363
frame_63,Rack_2,1,2,anw_med,330
frame_63,Rack_2,28,2,anw_med,300
frame_63,Rack_2,22,2,anw_med,271
frame_63,Rack_2,41,15,pepsi_med,234
frame_63,Rack_2,25,15,pepsi_med,205
frame_63,Rack_2,10,15,pepsi_med,177
frame_63,Rack_2,16,15,pepsi_med,151
frame_63,Rack_2,15,15,pepsi_med,124
frame_63,Rack_2,55,13,kick_med,95
frame_63,Rack_2,54,13,kick_med,69
frame_63,Rack_2,63,13,kick_med,44
frame_63,Rack_2,74,13,kick_med,19
frame_64,Rack_2,40,3,coke_med,614
frame_64,Rack_2,39,3,coke_med,583
frame_64,Rack_2,46,3,coke_med,553
frame_64,Rack_2,21,3,coke_med,522
frame_64,Rack_2,56,6,coke_v_med,491
frame_64,Rack_2,48,6,coke_v_med,460
frame_64,Rack_2,33,6,coke_v_med,428
frame_64,Rack_2,9,2,anw_med,397
frame_64,Rack_2,23,2,anw_med,365
frame_64,Rack_2,1,2,anw_med,332
frame_64,Rack_2,28,2,anw_med,302
frame_64,Rack_2,22,2,anw_med,273
frame_64,Rack_2,41,15,pepsi_med,235
frame_64,Rack_2,25,15,pepsi_med,207
frame_64,Rack_2,10,15,pepsi_med,179
frame_64,Rack_2,16,15,pepsi_med,153
frame_64,Rack_2,15,15,pepsi_med,126
frame_64,Rack_2,55,13,kick_med,97
frame_64,Rack_2,54,13,kick_med,71
frame_64,Rack_2,63,13,kick_med,46
frame_64,Rack_2,74,13,kick_med,20
frame_64,Rack_2,75,13,kick_med,3
frame_65,Rack_2,40,3,coke_med,614
frame_65,Rack_2,39,3,coke_med,584
frame_65,Rack_2,46,3,coke_med,555
frame_65,Rack_2,21,3,coke_med,524
frame_65,Rack_2,56,6,coke_v_med,493
frame_65,Rack_2,48,6,coke_v_med,462
frame_65,Rack_2,33,6,coke_v_med,430
frame_65,Rack_2,9,2,anw_med,399
frame_65,Rack_2,23,2,anw_med,367
frame_65,Rack_2,1,2,anw_med,334
frame_65,Rack_2,28,2,anw_med,304
frame_65,Rack_2,22,2,anw_med,275
frame_65,Rack_2,41,15,pepsi_med,237
frame_65,Rack_2,25,15,pepsi_med,208
frame_65,Rack_2,10,15,pepsi_med,180
frame_65,Rack_2,16,15,pepsi_med,154
frame_65,Rack_2,15,15,pepsi_med,128
frame_65,Rack_2,55,13,kick_med,99
frame_65,Rack_2,54,13,kick_med,73
frame_65,Rack_2,63,13,kick_med,48
frame_65,Rack_2,74,13,kick_med,22
frame_65,Rack_2,75,13,kick_med,4
frame_66,Rack_2,40,3,coke_med,614
frame_66,Rack_2,39,3,coke_med,586
frame_66,Rack_2,46,3,coke_med,557
frame_66,Rack_2,21,3,coke_med,526
frame_66,Rack_2,56,6,coke_v_med,495
frame_66,Rack_2,48,6,coke_v_med,463
frame_66,Rack_2,33,6,coke_v_med,432
frame_66,Rack_2,9,2,anw_med,401
frame_66,Rack_2,23,2,anw_med,368
frame_66,Rack_2,1,2,anw_med,335
frame_66,Rack_2,28,2,anw_med,306
frame_66,Rack_2,22,2,anw_med,277
frame_66,Rack_2,41,15,pepsi_med,238
frame_66,Rack_2,25,15,pepsi_med,210
frame_66,Rack_2,10,15,pepsi_med,182
frame_66,Rack_2,16,15,pepsi_med,156
frame_66,Rack_2,15,15,pepsi_med,130
frame_66,Rack_2,54,13,kick_med,74
frame_66,Rack_2,63,13,kick_med,49
frame_66,Rack_2,74,13,kick_med,24
frame_66,Rack_2,75,13,kick_med,5
frame_67,Rack_2,52,3,coke_med,630
frame_67,Rack_2,40,3,coke_med,614
frame_67,Rack_2,39,3,coke_med,588
frame_67,Rack_2,46,3,coke_med,559
frame_67,Rack_2,21,3,coke_med,528
frame_67,Rack_2,56,6,coke_v_med,497
frame_67,Rack_2,9,2,anw_med,402
frame_67,Rack_2,23,2,anw_med,369
frame_67,Rack_2,1,2,anw_med,337
frame_67,Rack_2,28,2,anw_med,307
frame_67,Rack_2,22,2,anw_med,278
frame_67,Rack_2,41,15,pepsi_med,240
frame_67,Rack_2,25,15,pepsi_med,212
frame_67,Rack_2,10,15,pepsi_med,183
frame_67,Rack_2,16,15,pepsi_med,157
frame_67,Rack_2,15,15,pepsi_med,131
frame_67,Rack_2,55,13,kick_med,102
frame_67,Rack_2,54,13,kick_med,76
frame_67,Rack_2,63,13,kick_med,51
frame_67,Rack_2,74,13,kick_med,26
frame_67,Rack_2,75,13,kick_med,5
frame_68,Rack_2,40,3,coke_med,618
frame_68,Rack_2,39,3,coke_med,590
frame_68,Rack_2,46,3,coke_med,560
frame_68,Rack_2,21,3,coke_med,529
frame_68,Rack_2,56,6,coke_v_med,499
frame_68,Rack_2,48,6,coke_v_med,467
frame_68,Rack_2,33,6,coke_v_med,435
frame_68,Rack_2,9,2,anw_med,404
frame_68,Rack_2,23,2,anw_med,371
frame_68,Rack_2,1,2,anw_med,339
frame_68,Rack_2,28,2,anw_med,309
frame_68,Rack_2,22,2,anw_med,280
frame_68,Rack_2,41,15,pepsi_med,243
frame_68,Rack_2,25,15,pepsi_med,214
frame_68,Rack_2,10,15,pepsi_med,185
frame_68,Rack_2,16,15,pepsi_med,159
frame_68,Rack_2,15,15,pepsi_med,133
frame_68,Rack_2,55,13,kick_med,104
frame_68,Rack_2,54,13,kick_med,78
frame_68,Rack_2,63,13,kick_med,52
frame_68,Rack_2,74,13,kick_med,25
frame_69,Rack_2,40,3,coke_med,618
frame_69,Rack_2,39,3,coke_med,593
frame_69,Rack_2,46,3,coke_med,563
frame_69,Rack_2,21,3,coke_med,532
frame_69,Rack_2,56,6,coke_v_med,500
frame_69,Rack_2,33,6,coke_v_med,437
frame_69,Rack_2,9,2,anw_med,405
frame_69,Rack_2,23,2,anw_med,373
frame_69,Rack_2,1,2,anw_med,341
frame_69,Rack_2,28,2,anw_med,311
frame_69,Rack_2,22,2,anw_med,281
frame_69,Rack_2,41,15,pepsi_med,244
frame_69,Rack_2,25,15,pepsi_med,215
frame_69,Rack_2,10,15,pepsi_med,186
frame_69,Rack_2,16,15,pepsi_med,160
frame_69,Rack_2,15,15,pepsi_med,134
frame_69,Rack_2,55,13,kick_med,105
frame_69,Rack_2,54,13,kick_med,79
frame_69,Rack_2,63,13,kick_med,54
frame_69,Rack_2,74,13,kick_med,27
frame_7,Rack_2,52,3,coke_med,582
frame_7,Rack_2,40,3,coke_med,543
frame_7,Rack_2,39,3,coke_med,511
frame_7,Rack_2,46,3,coke_med,483
frame_7,Rack_2,21,3,coke_med,453
frame_7,Rack_2,56,6,coke_v_med,424
frame_7,Rack_2,48,6,coke_v_med,394
frame_7,Rack_2,33,6,coke_v_med,365
frame_7,Rack_2,9,2,anw_med,337
frame_7,Rack_2,23,2,anw_med,307
frame_7,Rack_2,1,2,anw_med,275
frame_7,Rack_2,28,2,anw_med,246
frame_7,Rack_2,22,2,anw_med,217
frame_7,Rack_2,41,15,pepsi_med,181
frame_7,Rack_2,25,15,pepsi_med,152
frame_7,Rack_2,10,15,pepsi_med,125
frame_7,Rack_2,16,15,pepsi_med,99
frame_7,Rack_2,15,15,pepsi_med,72
frame_7,Rack_2,55,13,kick_med,43
frame_7,Rack_2,54,13,kick_med,17
frame_70,Rack_2,40,3,coke_med,618
frame_70,Rack_2,39,3,coke_med,594
frame_70,Rack_2,46,3,coke_med,565
frame_70,Rack_2,21,3,coke_med,533
frame_70,Rack_2,56,6,coke_v_med,502
frame_70,Rack_2,48,6,coke_v_med,470
frame_70,Rack_2,33,6,coke_v_med,438
frame_70,Rack_2,9,2,anw_med,407
frame_70,Rack_2,23,2,anw_med,374
frame_70,Rack_2,1,2,anw_med,342
frame_70,Rack_2,28,2,anw_med,311
frame_70,Rack_2,22,2,anw_med,282
frame_70,Rack_2,41,15,pepsi_med,245
frame_70,Rack_2,25,15,pepsi_med,216
frame_70,Rack_2,10,15,pepsi_med,187
frame_70,Rack_2,16,15,pepsi_med,162
frame_70,Rack_2,15,15,pepsi_med,135
frame_70,Rack_2,55,13,kick_med,106
frame_70,Rack_2,54,13,kick_med,80
frame_70,Rack_2,63,13,kick_med,55
frame_70,Rack_2,74,13,kick_med,28
frame_70,Rack_2,75,13,kick_med,5
frame_71,Rack_2,52,3,coke_med,630
frame_71,Rack_2,39,3,coke_med,595
frame_71,Rack_2,46,3,coke_med,566
frame_71,Rack_2,21,3,coke_med,534
frame_71,Rack_2,56,6,coke_v_med,503
frame_71,Rack_2,48,6,coke_v_med,470
frame_71,Rack_2,9,2,anw_med,407
frame_71,Rack_2,23,2,anw_med,375
frame_71,Rack_2,1,2,anw_med,343
frame_71,Rack_2,28,2,anw_med,312
frame_71,Rack_2,22,2,anw_med,283
frame_71,Rack_2,41,15,pepsi_med,245
frame_71,Rack_2,25,15,pepsi_med,216
frame_71,Rack_2,10,15,pepsi_med,187
frame_71,Rack_2,16,15,pepsi_med,162
frame_71,Rack_2,15,15,pepsi_med,135
frame_71,Rack_2,55,13,kick_med,106
frame_71,Rack_2,54,13,kick_med,80
frame_71,Rack_2,63,13,kick_med,55
frame_71,Rack_2,74,13,kick_med,28
frame_71,Rack_2,75,13,kick_med,5
frame_72,Rack_2,40,3,coke_med,618
frame_72,Rack_2,39,3,coke_med,595
frame_72,Rack_2,46,3,coke_med,566
frame_72,Rack_2,21,3,coke_med,534
frame_72,Rack_2,56,6,coke_v_med,503
frame_72,Rack_2,48,6,coke_v_med,471
frame_72,Rack_2,33,6,coke_v_med,439
frame_72,Rack_2,9,2,anw_med,408
frame_72,Rack_2,23,2,anw_med,375
frame_72,Rack_2,1,2,anw_med,343
frame_72,Rack_2,28,2,anw_med,312
frame_72,Rack_2,22,2,anw_med,283
frame_72,Rack_2,41,15,pepsi_med,245
frame_72,Rack_2,25,15,pepsi_med,216
frame_72,Rack_2,10,15,pepsi_med,187
frame_72,Rack_2,16,15,pepsi_med,162
frame_72,Rack_2,15,15,pepsi_med,135
frame_72,Rack_2,55,13,kick_med,106
frame_72,Rack_2,54,13,kick_med,80
frame_72,Rack_2,63,13,kick_med,55
frame_72,Rack_2,74,13,kick_med,29
frame_72,Rack_2,75,13,kick_med,3
frame_73,Rack_2,40,3,coke_med,622
frame_73,Rack_2,39,3,coke_med,596
frame_73,Rack_2,46,3,coke_med,566
frame_73,Rack_2,21,3,coke_med,535
frame_73,Rack_2,80,3,coke_med,502
frame_73,Rack_2,48,6,coke_v_med,472
frame_73,Rack_2,33,6,coke_v_med,440
frame_73,Rack_2,9,2,anw_med,408
frame_73,Rack_2,23,2,anw_med,375
frame_73,Rack_2,1,2,anw_med,343
frame_73,Rack_2,28,2,anw_med,312
frame_73,Rack_2,22,2,anw_med,283
frame_73,Rack_2,41,15,pepsi_med,245
frame_73,Rack_2,25,15,pepsi_med,216
frame_73,Rack_2,10,15,pepsi_med,187
frame_73,Rack_2,16,15,pepsi_med,162
frame_73,Rack_2,15,15,pepsi_med,135
frame_73,Rack_2,55,13,kick_med,106
frame_73,Rack_2,54,13,kick_med,79
frame_73,Rack_2,63,13,kick_med,55
frame_73,Rack_2,74,13,kick_med,28
frame_74,Rack_2,40,3,coke_med,623
frame_74,Rack_2,39,3,coke_med,596
frame_74,Rack_2,46,3,coke_med,567
frame_74,Rack_2,21,3,coke_med,535
frame_74,Rack_2,80,3,coke_med,503
frame_74,Rack_2,48,6,coke_v_med,472
frame_74,Rack_2,33,6,coke_v_med,440
frame_74,Rack_2,9,2,anw_med,408
frame_74,Rack_2,23,2,anw_med,375
frame_74,Rack_2,1,2,anw_med,343
frame_74,Rack_2,28,2,anw_med,312
frame_74,Rack_2,22,2,anw_med,283
frame_74,Rack_2,41,15,pepsi_med,245
frame_74,Rack_2,25,15,pepsi_med,216
frame_74,Rack_2,10,15,pepsi_med,187
frame_74,Rack_2,16,15,pepsi_med,162
frame_74,Rack_2,15,15,pepsi_med,135
frame_74,Rack_2,55,13,kick_med,106
frame_74,Rack_2,54,13,kick_med,79
frame_74,Rack_2,63,13,kick_med,54
frame_74,Rack_2,74,13,kick_med,30
frame_75,Rack_2,40,3,coke_med,624
frame_75,Rack_2,39,3,coke_med,597
frame_75,Rack_2,46,3,coke_med,567
frame_75,Rack_2,21,3,coke_med,536
frame_75,Rack_2,80,3,coke_med,503
frame_75,Rack_2,9,2,anw_med,408
frame_75,Rack_2,23,2,anw_med,376
frame_75,Rack_2,1,2,anw_med,343
frame_75,Rack_2,28,2,anw_med,312
frame_75,Rack_2,22,2,anw_med,283
frame_75,Rack_2,41,15,pepsi_med,245
frame_75,Rack_2,25,15,pepsi_med,216
frame_75,Rack_2,10,15,pepsi_med,187
frame_75,Rack_2,16,15,pepsi_med,162
frame_75,Rack_2,15,15,pepsi_med,135
frame_75,Rack_2,55,13,kick_med,106
frame_75,Rack_2,54,13,kick_med,79
frame_75,Rack_2,63,13,kick_med,54
frame_75,Rack_2,74,13,kick_med,30
frame_76,Rack_2,40,3,coke_med,625
frame_76,Rack_2,39,3,coke_med,598
frame_76,Rack_2,46,3,coke_med,569
frame_76,Rack_2,21,3,coke_med,537
frame_76,Rack_2,80,3,coke_med,504
frame_76,Rack_2,48,6,coke_v_med,473
frame_76,Rack_2,33,6,coke_v_med,441
frame_76,Rack_2,9,2,anw_med,409
frame_76,Rack_2,23,2,anw_med,376
frame_76,Rack_2,1,2,anw_med,344
frame_76,Rack_2,28,2,anw_med,313
frame_76,Rack_2,22,2,anw_med,283
frame_76,Rack_2,41,15,pepsi_med,247
frame_76,Rack_2,25,15,pepsi_med,217
frame_76,Rack_2,10,15,pepsi_med,187
frame_76,Rack_2,16,15,pepsi_med,162
frame_76,Rack_2,15,15,pepsi_med,135
frame_76,Rack_2,55,13,kick_med,106
frame_76,Rack_2,54,13,kick_med,79
frame_76,Rack_2,63,13,kick_med,55
frame_76,Rack_2,74,13,kick_med,30
frame_77,Rack_2,40,3,coke_med,625
frame_77,Rack_2,39,3,coke_med,599
frame_77,Rack_2,46,3,coke_med,569
frame_77,Rack_2,21,3,coke_med,537
frame_77,Rack_2,56,6,coke_v_med,506
frame_77,Rack_2,48,6,coke_v_med,473
frame_77,Rack_2,9,2,anw_med,409
frame_77,Rack_2,23,2,anw_med,377
frame_77,Rack_2,1,2,anw_med,344
frame_77,Rack_2,28,2,anw_med,314
frame_77,Rack_2,22,2,anw_med,284
frame_77,Rack_2,41,15,pepsi_med,247
frame_77,Rack_2,25,15,pepsi_med,217
frame_77,Rack_2,10,15,pepsi_med,188
frame_77,Rack_2,16,15,pepsi_med,162
frame_77,Rack_2,15,15,pepsi_med,136
frame_77,Rack_2,55,13,kick_med,106
frame_77,Rack_2,54,13,kick_med,80
frame_77,Rack_2,63,13,kick_med,55
frame_77,Rack_2,74,13,kick_med,30
frame_78,Rack_2,40,3,coke_med,625
frame_78,Rack_2,39,3,coke_med,601
frame_78,Rack_2,46,3,coke_med,571
frame_78,Rack_2,21,3,coke_med,539
frame_78,Rack_2,56,6,coke_v_med,507
frame_78,Rack_2,33,6,coke_v_med,443
frame_78,Rack_2,9,2,anw_med,410
frame_78,Rack_2,23,2,anw_med,378
frame_78,Rack_2,1,2,anw_med,345
frame_78,Rack_2,28,2,anw_med,315
frame_78,Rack_2,22,2,anw_med,284
frame_78,Rack_2,41,15,pepsi_med,247
frame_78,Rack_2,25,15,pepsi_med,218
frame_78,Rack_2,10,15,pepsi_med,189
frame_78,Rack_2,16,15,pepsi_med,163
frame_78,Rack_2,15,15,pepsi_med,137
frame_78,Rack_2,55,13,kick_med,107
frame_78,Rack_2,54,13,kick_med,81
frame_78,Rack_2,63,13,kick_med,56
frame_78,Rack_2,74,13,kick_med,31
frame_79,Rack_2,52,3,coke_med,627
frame_79,Rack_2,40,3,coke_med,626
frame_79,Rack_2,39,3,coke_med,603
frame_79,Rack_2,46,3,coke_med,573
frame_79,Rack_2,21,3,coke_med,541
frame_79,Rack_2,56,6,coke_v_med,509
frame_79,Rack_2,48,6,coke_v_med,476
frame_79,Rack_2,33,6,coke_v_med,444
frame_79,Rack_2,9,2,anw_med,412
frame_79,Rack_2,23,2,anw_med,379
frame_79,Rack_2,1,2,anw_med,346
frame_79,Rack_2,28,2,anw_med,316
frame_79,Rack_2,22,2,anw_med,286
frame_79,Rack_2,41,15,pepsi_med,248
frame_79,Rack_2,25,15,pepsi_med,219
frame_79,Rack_2,10,15,pepsi_med,190
frame_79,Rack_2,16,15,pepsi_med,164
frame_79,Rack_2,15,15,pepsi_med,138
frame_79,Rack_2,55,13,kick_med,109
frame_79,Rack_2,54,13,kick_med,82
frame_79,Rack_2,63,13,kick_med,57
frame_79,Rack_2,74,13,kick_med,32
frame_8,Rack_2,52,3,coke_med,582
frame_8,Rack_2,40,3,coke_med,543
frame_8,Rack_2,39,3,coke_med,511
frame_8,Rack_2,46,3,coke_med,483
frame_8,Rack_2,21,3,coke_med,454
frame_8,Rack_2,56,6,coke_v_med,424
frame_8,Rack_2,48,6,coke_v_med,395
frame_8,Rack_2,33,6,coke_v_med,366
frame_8,Rack_2,9,2,anw_med,337
frame_8,Rack_2,23,2,anw_med,307
frame_8,Rack_2,1,2,anw_med,276
frame_8,Rack_2,28,2,anw_med,246
frame_8,Rack_2,22,2,anw_med,218
frame_8,Rack_2,41,15,pepsi_med,181
frame_8,Rack_2,25,15,pepsi_med,153
frame_8,Rack_2,10,15,pepsi_med,125
frame_8,Rack_2,16,15,pepsi_med,99
frame_8,Rack_2,15,15,pepsi_med,73
frame_8,Rack_2,55,13,kick_med,44
frame_8,Rack_2,54,13,kick_med,17
frame_80,Rack_2,40,3,coke_med,627
frame_80,Rack_2,39,3,coke_med,604
frame_80,Rack_2,46,3,coke_med,575
frame_80,Rack_2,21,3,coke_med,542
frame_80,Rack_2,56,6,coke_v_med,511
frame_80,Rack_2,48,6,coke_v_med,478
frame_80,Rack_2,33,6,coke_v_med,446
frame_80,Rack_2,9,2,anw_med,414
frame_80,Rack_2,23,2,anw_med,381
frame_80,Rack_2,1,2,anw_med,348
frame_80,Rack_2,28,2,anw_med,317
frame_80,Rack_2,22,2,anw_med,287
frame_80,Rack_2,41,15,pepsi_med,249
frame_80,Rack_2,25,15,pepsi_med,221
frame_80,Rack_2,10,15,pepsi_med,192
frame_80,Rack_2,16,15,pepsi_med,165
frame_80,Rack_2,15,15,pepsi_med,139
frame_80,Rack_2,55,13,kick_med,110
frame_80,Rack_2,54,13,kick_med,84
frame_80,Rack_2,63,13,kick_med,59
frame_80,Rack_2,74,13,kick_med,34
frame_81,Rack_2,40,3,coke_med,627
frame_81,Rack_2,39,3,coke_med,605
frame_81,Rack_2,46,3,coke_med,575
frame_81,Rack_2,21,3,coke_med,544
frame_81,Rack_2,56,6,coke_v_med,512
frame_81,Rack_2,48,6,coke_v_med,480
frame_81,Rack_2,9,2,anw_med,415
frame_81,Rack_2,23,2,anw_med,382
frame_81,Rack_2,1,2,anw_med,349
frame_81,Rack_2,28,2,anw_med,319
frame_81,Rack_2,22,2,anw_med,289
frame_81,Rack_2,41,15,pepsi_med,251
frame_81,Rack_2,25,15,pepsi_med,222
frame_81,Rack_2,10,15,pepsi_med,193
frame_81,Rack_2,16,15,pepsi_med,167
frame_81,Rack_2,15,15,pepsi_med,140
frame_81,Rack_2,55,13,kick_med,112
frame_81,Rack_2,54,13,kick_med,85
frame_81,Rack_2,63,13,kick_med,60
frame_81,Rack_2,74,13,kick_med,35
frame_81,Rack_2,84,13,kick_med,14
frame_82,Rack_2,52,3,coke_med,629
frame_82,Rack_2,39,3,coke_med,606
frame_82,Rack_2,46,3,coke_med,577
frame_82,Rack_2,21,3,coke_med,545
frame_82,Rack_2,56,3,coke_med,513
frame_82,Rack_2,48,6,coke_v_med,481
frame_82,Rack_2,33,6,coke_v_med,448
frame_82,Rack_2,9,2,anw_med,416
frame_82,Rack_2,23,2,anw_med,383
frame_82,Rack_2,1,2,anw_med,350
frame_82,Rack_2,28,2,anw_med,320
frame_82,Rack_2,22,2,anw_med,290
frame_82,Rack_2,41,15,pepsi_med,252
frame_82,Rack_2,25,15,pepsi_med,223
frame_82,Rack_2,10,15,pepsi_med,195
frame_82,Rack_2,16,15,pepsi_med,168
frame_82,Rack_2,15,15,pepsi_med,141
frame_82,Rack_2,55,13,kick_med,113
frame_82,Rack_2,54,13,kick_med,86
frame_82,Rack_2,63,13,kick_med,61
frame_82,Rack_2,74,13,kick_med,37
frame_82,Rack_2,84,13,kick_med,14
frame_83,Rack_2,52,3,coke_med,630
frame_83,Rack_2,39,3,coke_med,607
frame_83,Rack_2,46,3,coke_med,577
frame_83,Rack_2,21,3,coke_med,546
frame_83,Rack_2,48,6,coke_v_med,482
frame_83,Rack_2,33,6,coke_v_med,450
frame_83,Rack_2,9,2,anw_med,417
frame_83,Rack_2,23,2,anw_med,384
frame_83,Rack_2,1,2,anw_med,351
frame_83,Rack_2,28,2,anw_med,321
frame_83,Rack_2,22,2,anw_med,291
frame_83,Rack_2,41,15,pepsi_med,253
frame_83,Rack_2,25,15,pepsi_med,224
frame_83,Rack_2,10,15,pepsi_med,196
frame_83,Rack_2,16,15,pepsi_med,169
frame_83,Rack_2,15,15,pepsi_med,143
frame_83,Rack_2,55,13,kick_med,113
frame_83,Rack_2,54,13,kick_med,87
frame_83,Rack_2,63,13,kick_med,62
frame_83,Rack_2,74,13,kick_med,38
frame_83,Rack_2,84,13,kick_med,15
frame_84,Rack_2,52,3,coke_med,630
frame_84,Rack_2,39,3,coke_med,608
frame_84,Rack_2,46,3,coke_med,578
frame_84,Rack_2,21,3,coke_med,546
frame_84,Rack_2,48,6,coke_v_med,482
frame_84,Rack_2,33,6,coke_v_med,451
frame_84,Rack_2,9,2,anw_med,419
frame_84,Rack_2,23,2,anw_med,386
frame_84,Rack_2,1,2,anw_med,352
frame_84,Rack_2,28,2,anw_med,322
frame_84,Rack_2,22,2,anw_med,292
frame_84,Rack_2,41,15,pepsi_med,254
frame_84,Rack_2,25,15,pepsi_med,224
frame_84,Rack_2,10,15,pepsi_med,196
frame_84,Rack_2,16,15,pepsi_med,170
frame_84,Rack_2,15,15,pepsi_med,143
frame_84,Rack_2,55,13,kick_med,114
frame_84,Rack_2,54,13,kick_med,87
frame_84,Rack_2,63,13,kick_med,62
frame_84,Rack_2,74,13,kick_med,38
frame_84,Rack_2,84,13,kick_med,15
frame_85,Rack_2,52,3,coke_med,630
frame_85,Rack_2,39,3,coke_med,608
frame_85,Rack_2,46,3,coke_med,578
frame_85,Rack_2,21,3,coke_med,546
frame_85,Rack_2,56,3,coke_med,515
frame_85,Rack_2,48,6,coke_v_med,483
frame_85,Rack_2,33,6,coke_v_med,451
frame_85,Rack_2,9,2,anw_med,419
frame_85,Rack_2,23,2,anw_med,386
frame_85,Rack_2,1,2,anw_med,353
frame_85,Rack_2,28,2,anw_med,323
frame_85,Rack_2,22,2,anw_med,292
frame_85,Rack_2,41,15,pepsi_med,255
frame_85,Rack_2,25,15,pepsi_med,225
frame_85,Rack_2,10,15,pepsi_med,196
frame_85,Rack_2,16,15,pepsi_med,170
frame_85,Rack_2,15,15,pepsi_med,142
frame_85,Rack_2,55,13,kick_med,113
frame_85,Rack_2,54,13,kick_med,86
frame_85,Rack_2,63,13,kick_med,61
frame_85,Rack_2,74,13,kick_med,36
frame_86,Rack_2,52,3,coke_med,630
frame_86,Rack_2,39,3,coke_med,608
frame_86,Rack_2,46,3,coke_med,578
frame_86,Rack_2,21,3,coke_med,547
frame_86,Rack_2,56,3,coke_med,516
frame_86,Rack_2,80,3,coke_med,516
frame_86,Rack_2,48,6,coke_v_med,484
frame_86,Rack_2,33,6,coke_v_med,452
frame_86,Rack_2,9,2,anw_med,420
frame_86,Rack_2,23,2,anw_med,387
frame_86,Rack_2,1,2,anw_med,354
frame_86,Rack_2,28,2,anw_med,324
frame_86,Rack_2,22,2,anw_med,293
frame_86,Rack_2,41,15,pepsi_med,255
frame_86,Rack_2,25,15,pepsi_med,225
frame_86,Rack_2,10,15,pepsi_med,197
frame_86,Rack_2,16,15,pepsi_med,170
frame_86,Rack_2,15,15,pepsi_med,142
frame_86,Rack_2,55,13,kick_med,113
frame_86,Rack_2,54,13,kick_med,86
frame_86,Rack_2,63,13,kick_med,60
frame_86,Rack_2,74,13,kick_med,35
frame_87,Rack_2,52,3,coke_med,630
frame_87,Rack_2,39,3,coke_med,608
frame_87,Rack_2,46,3,coke_med,578
frame_87,Rack_2,21,3,coke_med,547
frame_87,Rack_2,80,3,coke_med,517
frame_87,Rack_2,56,3,coke_med,516
frame_87,Rack_2,48,6,coke_v_med,484
frame_87,Rack_2,33,6,coke_v_med,453
frame_87,Rack_2,9,2,anw_med,421
frame_87,Rack_2,23,2,anw_med,388
frame_87,Rack_2,1,2,anw_med,355
frame_87,Rack_2,28,2,anw_med,324
frame_87,Rack_2,22,2,anw_med,294
frame_87,Rack_2,41,15,pepsi_med,256
frame_87,Rack_2,25,15,pepsi_med,226
frame_87,Rack_2,10,15,pepsi_med,197
frame_87,Rack_2,16,15,pepsi_med,170
frame_87,Rack_2,15,15,pepsi_med,143
frame_87,Rack_2,55,13,kick_med,113
frame_87,Rack_2,54,13,kick_med,86
frame_87,Rack_2,63,13,kick_med,60
frame_87,Rack_2,74,13,kick_med,34
frame_88,Rack_2,52,3,coke_med,630
frame_88,Rack_2,39,3,coke_med,608
frame_88,Rack_2,46,3,coke_med,579
frame_88,Rack_2,21,3,coke_med,548
frame_88,Rack_2,56,3,coke_med,518
frame_88,Rack_2,80,3,coke_med,517
frame_88,Rack_2,48,6,coke_v_med,485
frame_88,Rack_2,33,6,coke_v_med,454
frame_88,Rack_2,9,2,anw_med,422
frame_88,Rack_2,23,2,anw_med,389
frame_88,Rack_2,1,2,anw_med,357
frame_88,Rack_2,28,2,anw_med,326
frame_88,Rack_2,22,2,anw_med,295
frame_88,Rack_2,41,15,pepsi_med,258
frame_88,Rack_2,25,15,pepsi_med,227
frame_88,Rack_2,10,15,pepsi_med,198
frame_88,Rack_2,16,15,pepsi_med,171
frame_88,Rack_2,15,15,pepsi_med,143
frame_88,Rack_2,55,13,kick_med,113
frame_88,Rack_2,54,13,kick_med,86
frame_88,Rack_2,63,13,kick_med,60
frame_88,Rack_2,74,13,kick_med,35
frame_88,Rack_2,84,13,kick_med,13
frame_89,Rack_2,52,3,coke_med,631
frame_89,Rack_2,39,3,coke_med,609
frame_89,Rack_2,46,3,coke_med,581
frame_89,Rack_2,21,3,coke_med,550
frame_89,Rack_2,56,3,coke_med,519
frame_89,Rack_2,80,3,coke_med,519
frame_89,Rack_2,33,6,coke_v_med,456
frame_89,Rack_2,9,2,anw_med,424
frame_89,Rack_2,23,2,anw_med,391
frame_89,Rack_2,1,2,anw_med,358
frame_89,Rack_2,28,2,anw_med,328
frame_89,Rack_2,22,2,anw_med,297
frame_89,Rack_2,41,15,pepsi_med,260
frame_89,Rack_2,25,15,pepsi_med,229
frame_89,Rack_2,10,15,pepsi_med,199
frame_89,Rack_2,16,15,pepsi_med,172
frame_89,Rack_2,15,15,pepsi_med,145
frame_89,Rack_2,55,13,kick_med,114
frame_89,Rack_2,54,13,kick_med,87
frame_89,Rack_2,63,13,kick_med,61
frame_89,Rack_2,74,13,kick_med,36
frame_89,Rack_2,84,13,kick_med,14
frame_9,Rack_2,52,3,coke_med,583
frame_9,Rack_2,40,3,coke_med,544
frame_9,Rack_2,39,3,coke_med,512
frame_9,Rack_2,46,3,coke_med,484
frame_9,Rack_2,21,3,coke_med,454
frame_9,Rack_2,56,6,coke_v_med,424
frame_9,Rack_2,48,6,coke_v_med,395
frame_9,Rack_2,33,6,coke_v_med,367
frame_9,Rack_2,9,2,anw_med,338
frame_9,Rack_2,23,2,anw_med,308
frame_9,Rack_2,1,2,anw_med,276
frame_9,Rack_2,28,2,anw_med,247
frame_9,Rack_2,22,2,anw_med,218
frame_9,Rack_2,41,15,pepsi_med,181
frame_9,Rack_2,25,15,pepsi_med,154
frame_9,Rack_2,10,15,pepsi_med,126
frame_9,Rack_2,16,15,pepsi_med,100
frame_9,Rack_2,15,15,pepsi_med,74
frame_9,Rack_2,55,13,kick_med,44
frame_9,Rack_2,54,13,kick_med,18
frame_90,Rack_2,39,3,coke_med,611
frame_90,Rack_2,46,3,coke_med,582
frame_90,Rack_2,21,3,coke_med,551
frame_90,Rack_2,80,6,coke_v_med,521
frame_90,Rack_2,48,6,coke_v_med,489
frame_90,Rack_2,33,6,coke_v_med,458
frame_90,Rack_2,9,2,anw_med,426
frame_90,Rack_2,23,2,anw_med,393
frame_90,Rack_2,1,2,anw_med,360
frame_90,Rack_2,28,2,anw_med,330
frame_90,Rack_2,22,2,anw_med,299
frame_90,Rack_2,41,15,pepsi_med,262
frame_90,Rack_2,25,15,pepsi_med,231
frame_90,Rack_2,10,15,pepsi_med,201
frame_90,Rack_2,16,15,pepsi_med,174
frame_90,Rack_2,15,15,pepsi_med,146
frame_90,Rack_2,55,13,kick_med,116
frame_90,Rack_2,54,13,kick_med,89
frame_90,Rack_2,63,13,kick_med,63
frame_90,Rack_2,74,13,kick_med,38
frame_90,Rack_2,84,13,kick_med,14
frame_91,Rack_2,39,3,coke_med,612
frame_91,Rack_2,46,3,coke_med,584
frame_91,Rack_2,21,3,coke_med,554
frame_91,Rack_2,56,3,coke_med,524
frame_91,Rack_2,9,2,anw_med,428
frame_91,Rack_2,23,2,anw_med,395
frame_91,Rack_2,1,2,anw_med,362
frame_91,Rack_2,28,2,anw_med,332
frame_91,Rack_2,22,2,anw_med,302
frame_91,Rack_2,41,15,pepsi_med,263
frame_91,Rack_2,25,15,pepsi_med,233
frame_91,Rack_2,10,15,pepsi_med,203
frame_91,Rack_2,16,15,pepsi_med,177
frame_91,Rack_2,15,15,pepsi_med,149
frame_91,Rack_2,55,13,kick_med,119
frame_91,Rack_2,54,13,kick_med,91
frame_91,Rack_2,63,13,kick_med,65
frame_91,Rack_2,74,13,kick_med,40
frame_91,Rack_2,84,13,kick_med,15
frame_92,Rack_2,39,3,coke_med,615
frame_92,Rack_2,46,3,coke_med,587
frame_92,Rack_2,21,3,coke_med,557
frame_92,Rack_2,56,3,coke_med,526
frame_92,Rack_2,48,6,coke_v_med,494
frame_92,Rack_2,9,2,anw_med,431
frame_92,Rack_2,23,2,anw_med,398
frame_92,Rack_2,1,2,anw_med,365
frame_92,Rack_2,28,2,anw_med,335
frame_92,Rack_2,22,2,anw_med,305
frame_92,Rack_2,41,15,pepsi_med,266
frame_92,Rack_2,25,15,pepsi_med,236
frame_92,Rack_2,10,15,pepsi_med,206
frame_92,Rack_2,16,15,pepsi_med,180
frame_92,Rack_2,15,15,pepsi_med,152
frame_92,Rack_2,55,13,kick_med,122
frame_92,Rack_2,54,13,kick_med,94
frame_92,Rack_2,63,13,kick_med,68
frame_92,Rack_2,74,13,kick_med,42
frame_92,Rack_2,84,13,kick_med,17
frame_93,Rack_2,39,3,coke_med,618
frame_93,Rack_2,46,3,coke_med,590
frame_93,Rack_2,21,3,coke_med,560
frame_93,Rack_2,56,3,coke_med,529
frame_93,Rack_2,9,2,anw_med,434
frame_93,Rack_2,23,2,anw_med,401
frame_93,Rack_2,1,2,anw_med,368
frame_93,Rack_2,28,2,anw_med,338
frame_93,Rack_2,22,2,anw_med,308
frame_93,Rack_2,41,15,pepsi_med,270
frame_93,Rack_2,25,15,pepsi_med,239
frame_93,Rack_2,10,15,pepsi_med,210
frame_93,Rack_2,16,15,pepsi_med,183
frame_93,Rack_2,15,15,pepsi_med,155
frame_93,Rack_2,55,13,kick_med,125
frame_93,Rack_2,54,13,kick_med,97
frame_93,Rack_2,63,13,kick_med,71
frame_93,Rack_2,74,13,kick_med,46
frame_94,Rack_2,39,3,coke_med,620
frame_94,Rack_2,46,3,coke_med,593
frame_94,Rack_2,21,3,coke_med,563
frame_94,Rack_2,80,3,coke_med,533
frame_94,Rack_2,9,2,anw_med,438
frame_94,Rack_2,23,2,anw_med,405
frame_94,Rack_2,1,2,anw_med,372
frame_94,Rack_2,28,2,anw_med,342
frame_94,Rack_2,22,2,anw_med,312
frame_94,Rack_2,41,15,pepsi_med,273
frame_94,Rack_2,25,15,pepsi_med,242
frame_94,Rack_2,10,15,pepsi_med,213
frame_94,Rack_2,16,15,pepsi_med,186
frame_94,Rack_2,15,15,pepsi_med,158
frame_94,Rack_2,55,13,kick_med,128
frame_94,Rack_2,54,13,kick_med,100
frame_94,Rack_2,63,13,kick_med,75
frame_94,Rack_2,74,13,kick_med,49
frame_94,Rack_2,84,13,kick_med,25
frame_95,Rack_2,39,3,coke_med,623
frame_95,Rack_2,46,3,coke_med,596
frame_95,Rack_2,21,3,coke_med,566
frame_95,Rack_2,80,3,coke_med,536
frame_95,Rack_2,48,6,coke_v_med,504
frame_95,Rack_2,9,2,anw_med,441
frame_95,Rack_2,23,2,anw_med,408
frame_95,Rack_2,1,2,anw_med,375
frame_95,Rack_2,28,2,anw_med,345
frame_95,Rack_2,22,2,anw_med,315
frame_95,Rack_2,41,15,pepsi_med,276
frame_95,Rack_2,25,15,pepsi_med,246
frame_95,Rack_2,10,15,pepsi_med,216
frame_95,Rack_2,16,15,pepsi_med,189
frame_95,Rack_2,15,15,pepsi_med,162
frame_95,Rack_2,55,13,kick_med,131
frame_95,Rack_2,54,13,kick_med,104
frame_95,Rack_2,63,13,kick_med,78
frame_95,Rack_2,74,13,kick_med,53
frame_96,Rack_2,39,3,coke_med,625
frame_96,Rack_2,46,3,coke_med,599
frame_96,Rack_2,21,3,coke_med,570
frame_96,Rack_2,56,3,coke_med,540
frame_96,Rack_2,9,2,anw_med,444
frame_96,Rack_2,23,2,anw_med,411
frame_96,Rack_2,1,2,anw_med,378
frame_96,Rack_2,28,2,anw_med,348
frame_96,Rack_2,22,2,anw_med,318
frame_96,Rack_2,41,15,pepsi_med,280
frame_96,Rack_2,25,15,pepsi_med,248
frame_96,Rack_2,10,15,pepsi_med,219
frame_96,Rack_2,16,15,pepsi_med,192
frame_96,Rack_2,15,15,pepsi_med,165
frame_96,Rack_2,55,13,kick_med,135
frame_96,Rack_2,54,13,kick_med,107
frame_96,Rack_2,63,13,kick_med,82
frame_96,Rack_2,74,13,kick_med,57
frame_96,Rack_2,84,13,kick_med,34
frame_96,Rack_2,90,13,kick_med,14
frame_97,Rack_2,39,3,coke_med,626
frame_97,Rack_2,46,3,coke_med,603
frame_97,Rack_2,21,3,coke_med,573
frame_97,Rack_2,9,2,anw_med,447
frame_97,Rack_2,23,2,anw_med,415
frame_97,Rack_2,1,2,anw_med,381
frame_97,Rack_2,28,2,anw_med,351
frame_97,Rack_2,22,2,anw_med,321
frame_97,Rack_2,41,15,pepsi_med,283
frame_97,Rack_2,25,15,pepsi_med,252
frame_97,Rack_2,10,15,pepsi_med,222
frame_97,Rack_2,16,15,pepsi_med,196
frame_97,Rack_2,15,15,pepsi_med,168
frame_97,Rack_2,55,13,kick_med,138
frame_97,Rack_2,54,13,kick_med,111
frame_97,Rack_2,63,13,kick_med,85
frame_97,Rack_2,74,13,kick_med,60
frame_97,Rack_2,84,13,kick_med,38
frame_97,Rack_2,90,13,kick_med,16
frame_98,Rack_2,46,3,coke_med,607
frame_98,Rack_2,21,3,coke_med,576
frame_98,Rack_2,56,3,coke_med,546
frame_98,Rack_2,9,2,anw_med,451
frame_98,Rack_2,23,2,anw_med,418
frame_98,Rack_2,1,2,anw_med,384
frame_98,Rack_2,28,2,anw_med,355
frame_98,Rack_2,22,2,anw_med,324
frame_98,Rack_2,41,15,pepsi_med,286
frame_98,Rack_2,25,15,pepsi_med,255
frame_98,Rack_2,10,15,pepsi_med,225
frame_98,Rack_2,16,15,pepsi_med,199
frame_98,Rack_2,15,15,pepsi_med,171
frame_98,Rack_2,55,13,kick_med,141
frame_98,Rack_2,54,13,kick_med,114
frame_98,Rack_2,63,13,kick_med,88
frame_98,Rack_2,74,13,kick_med,63
frame_98,Rack_2,84,13,kick_med,41
frame_98,Rack_2,90,13,kick_med,18
frame_99,Rack_2,46,3,coke_med,613
frame_99,Rack_2,21,3,coke_med,580
frame_99,Rack_2,56,3,coke_med,549
frame_99,Rack_2,33,6,coke_v_med,486
frame_99,Rack_2,9,2,anw_med,454
frame_99,Rack_2,23,2,anw_med,421
frame_99,Rack_2,1,2,anw_med,388
frame_99,Rack_2,28,2,anw_med,358
frame_99,Rack_2,22,2,anw_med,327
frame_99,Rack_2,41,15,pepsi_med,289
frame_99,Rack_2,25,15,pepsi_med,257
frame_99,Rack_2,10,15,pepsi_med,228
frame_99,Rack_2,16,15,pepsi_med,201
frame_99,Rack_2,15,15,pepsi_med,174
frame_99,Rack_2,55,13,kick_med,144
frame_99,Rack_2,54,13,kick_med,117
frame_99,Rack_2,63,13,kick_med,91
frame_99,Rack_2,74,13,kick_med,66
frame_99,Rack_2,84,13,kick_med,45
frame_99,Rack_2,90,13,kick_med,20
frame_0,Rack_3,4,7,coke_z_big,531
frame_0,Rack_3,5,7,coke_z_big,487
frame_0,Rack_3,3,7,coke_z_big,446
frame_0,Rack_3,6,7,coke_z_big,406
frame_0,Rack_3,27,5,coke_v_big,365
frame_0,Rack_3,19,5,coke_v_big,328
frame_0,Rack_3,17,5,coke_v_big,290
frame_0,Rack_3,7,5,coke_v_big,254
frame_0,Rack_3,2,5,coke_v_big,216
frame_0,Rack_3,8,14,pepsi_big,179
frame_0,Rack_3,11,14,pepsi_big,146
frame_0,Rack_3,47,14,pepsi_big,113
frame_0,Rack_3,38,10,fanta_grape_big,70
frame_1,Rack_3,4,7,coke_z_big,532
frame_1,Rack_3,5,7,coke_z_big,487
frame_1,Rack_3,3,7,coke_z_big,446
frame_1,Rack_3,6,7,coke_z_big,406
frame_1,Rack_3,27,5,coke_v_big,366
frame_1,Rack_3,19,5,coke_v_big,328
frame_1,Rack_3,17,5,coke_v_big,290
frame_1,Rack_3,7,5,coke_v_big,254
frame_1,Rack_3,2,5,coke_v_big,217
frame_1,Rack_3,8,14,pepsi_big,180
frame_1,Rack_3,11,14,pepsi_big,146
frame_1,Rack_3,47,14,pepsi_big,113
frame_1,Rack_3,38,10,fanta_grape_big,71
frame_10,Rack_3,4,7,coke_z_big,533
frame_10,Rack_3,5,7,coke_z_big,490
frame_10,Rack_3,3,7,coke_z_big,449
frame_10,Rack_3,6,7,coke_z_big,408
frame_10,Rack_3,27,5,coke_v_big,368
frame_10,Rack_3,19,5,coke_v_big,330
frame_10,Rack_3,17,5,coke_v_big,294
frame_10,Rack_3,7,5,coke_v_big,258
frame_10,Rack_3,2,5,coke_v_big,220
frame_10,Rack_3,8,14,pepsi_big,183
frame_10,Rack_3,11,14,pepsi_big,150
frame_10,Rack_3,47,14,pepsi_big,117
frame_10,Rack_3,38,10,fanta_grape_big,80
frame_100,Rack_3,5,7,coke_z_big,605
frame_100,Rack_3,3,7,coke_z_big,564
frame_100,Rack_3,6,7,coke_z_big,521
frame_100,Rack_3,27,5,coke_v_big,479
frame_100,Rack_3,19,5,coke_v_big,439
frame_100,Rack_3,17,5,coke_v_big,400
frame_100,Rack_3,7,5,coke_v_big,362
frame_100,Rack_3,2,5,coke_v_big,325
frame_100,Rack_3,8,14,pepsi_big,289
frame_100,Rack_3,11,14,pepsi_big,254
frame_100,Rack_3,47,14,pepsi_big,220
frame_100,Rack_3,38,10,fanta_grape_big,183
frame_100,Rack_3,57,10,fanta_grape_big,150
frame_100,Rack_3,73,10,fanta_grape_big,122
frame_100,Rack_3,67,12,fanta_straw_big,88
frame_100,Rack_3,78,12,fanta_straw_big,53
frame_100,Rack_3,89,11,fanta_lychee_big,18
frame_101,Rack_3,5,7,coke_z_big,609
frame_101,Rack_3,3,7,coke_z_big,567
frame_101,Rack_3,6,7,coke_z_big,525
frame_101,Rack_3,27,5,coke_v_big,482
frame_101,Rack_3,19,5,coke_v_big,442
frame_101,Rack_3,17,5,coke_v_big,402
frame_101,Rack_3,7,5,coke_v_big,365
frame_101,Rack_3,2,5,coke_v_big,328
frame_101,Rack_3,8,14,pepsi_big,292
frame_101,Rack_3,11,14,pepsi_big,257
frame_101,Rack_3,47,14,pepsi_big,223
frame_101,Rack_3,38,10,fanta_grape_big,186
frame_101,Rack_3,57,10,fanta_grape_big,153
frame_101,Rack_3,73,10,fanta_grape_big,124
frame_101,Rack_3,67,12,fanta_straw_big,91
frame_101,Rack_3,78,12,fanta_straw_big,56
frame_101,Rack_3,89,11,fanta_lychee_big,21
frame_102,Rack_3,5,7,coke_z_big,612
frame_102,Rack_3,3,7,coke_z_big,570
frame_102,Rack_3,6,7,coke_z_big,528
frame_102,Rack_3,27,5,coke_v_big,485
frame_102,Rack_3,19,5,coke_v_big,445
frame_102,Rack_3,17,5,coke_v_big,405
frame_102,Rack_3,7,5,coke_v_big,368
frame_102,Rack_3,2,5,coke_v_big,330
frame_102,Rack_3,8,14,pepsi_big,294
frame_102,Rack_3,11,14,pepsi_big,260
frame_102,Rack_3,47,14,pepsi_big,226
frame_102,Rack_3,38,10,fanta_grape_big,188
frame_102,Rack_3,57,10,fanta_grape_big,155
frame_102,Rack_3,73,10,fanta_grape_big,127
frame_102,Rack_3,67,12,fanta_straw_big,93
frame_102,Rack_3,78,11,fanta_lychee_big,59
frame_102,Rack_3,89,11,fanta_lychee_big,24
frame_103,Rack_3,5,7,coke_z_big,614
frame_103,Rack_3,3,7,coke_z_big,573
frame_103,Rack_3,6,7,coke_z_big,530
frame_103,Rack_3,27,5,coke_v_big,488
frame_103,Rack_3,19,5,coke_v_big,448
frame_103,Rack_3,17,5,coke_v_big,408
frame_103,Rack_3,7,5,coke_v_big,371
frame_103,Rack_3,2,5,coke_v_big,333
frame_103,Rack_3,8,14,pepsi_big,297
frame_103,Rack_3,11,14,pepsi_big,263
frame_103,Rack_3,47,14,pepsi_big,229
frame_103,Rack_3,38,10,fanta_grape_big,191
frame_103,Rack_3,57,10,fanta_grape_big,158
frame_103,Rack_3,73,10,fanta_grape_big,129
frame_103,Rack_3,67,12,fanta_straw_big,96
frame_103,Rack_3,78,11,fanta_lychee_big,62
frame_103,Rack_3,89,11,fanta_lychee_big,27
frame_104,Rack_3,5,7,coke_z_big,617
frame_104,Rack_3,3,7,coke_z_big,577
frame_104,Rack_3,6,7,coke_z_big,534
frame_104,Rack_3,27,5,coke_v_big,491
frame_104,Rack_3,19,5,coke_v_big,451
frame_104,Rack_3,17,5,coke_v_big,411
frame_104,Rack_3,7,5,coke_v_big,373
frame_104,Rack_3,2,5,coke_v_big,336
frame_104,Rack_3,8,14,pepsi_big,299
frame_104,Rack_3,11,14,pepsi_big,265
frame_104,Rack_3,47,14,pepsi_big,232
frame_104,Rack_3,38,10,fanta_grape_big,194
frame_104,Rack_3,57,10,fanta_grape_big,161
frame_104,Rack_3,73,10,fanta_grape_big,132
frame_104,Rack_3,67,12,fanta_straw_big,99
frame_104,Rack_3,78,11,fanta_lychee_big,64
frame_104,Rack_3,89,11,fanta_lychee_big,30
frame_105,Rack_3,5,7,coke_z_big,618
frame_105,Rack_3,3,7,coke_z_big,580
frame_105,Rack_3,6,7,coke_z_big,537
frame_105,Rack_3,27,5,coke_v_big,494
frame_105,Rack_3,19,5,coke_v_big,454
frame_105,Rack_3,17,5,coke_v_big,414
frame_105,Rack_3,7,5,coke_v_big,376
frame_105,Rack_3,2,5,coke_v_big,339
frame_105,Rack_3,8,14,pepsi_big,302
frame_105,Rack_3,11,14,pepsi_big,268
frame_105,Rack_3,47,14,pepsi_big,234
frame_105,Rack_3,38,10,fanta_grape_big,197
frame_105,Rack_3,57,10,fanta_grape_big,163
frame_105,Rack_3,73,10,fanta_grape_big,134
frame_105,Rack_3,67,12,fanta_straw_big,101
frame_105,Rack_3,78,11,fanta_lychee_big,67
frame_105,Rack_3,89,11,fanta_lychee_big,33
frame_106,Rack_3,5,7,coke_z_big,620
frame_106,Rack_3,3,7,coke_z_big,583
frame_106,Rack_3,6,7,coke_z_big,540
frame_106,Rack_3,27,5,coke_v_big,497
frame_106,Rack_3,19,5,coke_v_big,456
frame_106,Rack_3,17,5,coke_v_big,416
frame_106,Rack_3,7,5,coke_v_big,378
frame_106,Rack_3,2,5,coke_v_big,341
frame_106,Rack_3,8,14,pepsi_big,305
frame_106,Rack_3,11,14,pepsi_big,270
frame_106,Rack_3,47,14,pepsi_big,236
frame_106,Rack_3,38,10,fanta_grape_big,199
frame_106,Rack_3,57,10,fanta_grape_big,165
frame_106,Rack_3,73,10,fanta_grape_big,136
frame_106,Rack_3,67,12,fanta_straw_big,103
frame_106,Rack_3,78,11,fanta_lychee_big,69
frame_106,Rack_3,89,11,fanta_lychee_big,35
frame_107,Rack_3,5,7,coke_z_big,621
frame_107,Rack_3,3,7,coke_z_big,586
frame_107,Rack_3,6,7,coke_z_big,543
frame_107,Rack_3,27,5,coke_v_big,499
frame_107,Rack_3,19,5,coke_v_big,458
frame_107,Rack_3,17,5,coke_v_big,418
frame_107,Rack_3,7,5,coke_v_big,380
frame_107,Rack_3,2,5,coke_v_big,343
frame_107,Rack_3,8,14,pepsi_big,307
frame_107,Rack_3,11,14,pepsi_big,272
frame_107,Rack_3,47,14,pepsi_big,238
frame_107,Rack_3,38,10,fanta_grape_big,201
frame_107,Rack_3,57,10,fanta_grape_big,167
frame_107,Rack_3,73,10,fanta_grape_big,138
frame_107,Rack_3,67,12,fanta_straw_big,105
frame_107,Rack_3,78,11,fanta_lychee_big,71
frame_107,Rack_3,89,11,fanta_lychee_big,37
frame_107,Rack_3,98,11,fanta_lychee_big,10
frame_108,Rack_3,5,7,coke_z_big,621
frame_108,Rack_3,3,7,coke_z_big,588
frame_108,Rack_3,6,7,coke_z_big,545
frame_108,Rack_3,27,5,coke_v_big,501
frame_108,Rack_3,19,5,coke_v_big,460
frame_108,Rack_3,17,5,coke_v_big,420
frame_108,Rack_3,7,5,coke_v_big,382
frame_108,Rack_3,2,5,coke_v_big,345
frame_108,Rack_3,8,14,pepsi_big,309
frame_108,Rack_3,11,14,pepsi_big,275
frame_108,Rack_3,47,14,pepsi_big,240
frame_108,Rack_3,38,10,fanta_grape_big,202
frame_108,Rack_3,57,10,fanta_grape_big,169
frame_108,Rack_3,73,10,fanta_grape_big,140
frame_108,Rack_3,67,12,fanta_straw_big,107
frame_108,Rack_3,89,11,fanta_lychee_big,39
frame_108,Rack_3,98,11,fanta_lychee_big,12
frame_109,Rack_3,5,7,coke_z_big,622
frame_109,Rack_3,3,7,coke_z_big,590
frame_109,Rack_3,6,7,coke_z_big,547
frame_109,Rack_3,27,5,coke_v_big,504
frame_109,Rack_3,19,5,coke_v_big,463
frame_109,Rack_3,17,5,coke_v_big,422
frame_109,Rack_3,7,5,coke_v_big,384
frame_109,Rack_3,2,5,coke_v_big,347
frame_109,Rack_3,8,14,pepsi_big,311
frame_109,Rack_3,11,14,pepsi_big,277
frame_109,Rack_3,47,14,pepsi_big,242
frame_109,Rack_3,38,10,fanta_grape_big,204
frame_109,Rack_3,57,10,fanta_grape_big,170
frame_109,Rack_3,73,10,fanta_grape_big,142
frame_109,Rack_3,67,12,fanta_straw_big,108
frame_109,Rack_3,78,11,fanta_lychee_big,74
frame_109,Rack_3,89,11,fanta_lychee_big,41
frame_109,Rack_3,98,11,fanta_lychee_big,13
frame_11,Rack_3,4,7,coke_z_big,534
frame_11,Rack_3,5,7,coke_z_big,490
frame_11,Rack_3,3,7,coke_z_big,449
frame_11,Rack_3,6,7,coke_z_big,409
frame_11,Rack_3,27,5,coke_v_big,369
frame_11,Rack_3,19,5,coke_v_big,331
frame_11,Rack_3,17,5,coke_v_big,294
frame_11,Rack_3,7,5,coke_v_big,258
frame_11,Rack_3,2,5,coke_v_big,221
frame_11,Rack_3,8,14,pepsi_big,183
frame_11,Rack_3,11,14,pepsi_big,151
frame_11,Rack_3,47,14,pepsi_big,118
frame_11,Rack_3,38,10,fanta_grape_big,80
frame_110,Rack_3,5,7,coke_z_big,623
frame_110,Rack_3,3,7,coke_z_big,593
frame_110,Rack_3,6,7,coke_z_big,549
frame_110,Rack_3,27,5,coke_v_big,506
frame_110,Rack_3,19,5,coke_v_big,465
frame_110,Rack_3,17,5,coke_v_big,424
frame_110,Rack_3,7,5,coke_v_big,386
frame_110,Rack_3,2,5,coke_v_big,349
frame_110,Rack_3,8,14,pepsi_big,312
frame_110,Rack_3,11,14,pepsi_big,278
frame_110,Rack_3,47,14,pepsi_big,244
frame_110,Rack_3,38,10,fanta_grape_big,206
frame_110,Rack_3,57,10,fanta_grape_big,172
frame_110,Rack_3,73,10,fanta_grape_big,143
frame_110,Rack_3,67,12,fanta_straw_big,109
frame_110,Rack_3,78,11,fanta_lychee_big,76
frame_110,Rack_3,89,11,fanta_lychee_big,43
frame_110,Rack_3,98,11,fanta_lychee_big,14
frame_111,Rack_3,5,7,coke_z_big,624
frame_111,Rack_3,3,7,coke_z_big,595
frame_111,Rack_3,6,7,coke_z_big,552
frame_111,Rack_3,27,5,coke_v_big,508
frame_111,Rack_3,19,5,coke_v_big,467
frame_111,Rack_3,17,5,coke_v_big,427
frame_111,Rack_3,7,5,coke_v_big,388
frame_111,Rack_3,2,5,coke_v_big,351
frame_111,Rack_3,8,14,pepsi_big,314
frame_111,Rack_3,11,14,pepsi_big,280
frame_111,Rack_3,47,14,pepsi_big,245
frame_111,Rack_3,38,10,fanta_grape_big,207
frame_111,Rack_3,57,10,fanta_grape_big,173
frame_111,Rack_3,73,10,fanta_grape_big,145
frame_111,Rack_3,67,12,fanta_straw_big,110
frame_111,Rack_3,78,11,fanta_lychee_big,77
frame_111,Rack_3,89,11,fanta_lychee_big,44
frame_111,Rack_3,98,11,fanta_lychee_big,15
frame_112,Rack_3,5,7,coke_z_big,625
frame_112,Rack_3,3,7,coke_z_big,598
frame_112,Rack_3,6,7,coke_z_big,554
frame_112,Rack_3,27,5,coke_v_big,511
frame_112,Rack_3,19,5,coke_v_big,469
frame_112,Rack_3,17,5,coke_v_big,429
frame_112,Rack_3,7,5,coke_v_big,390
frame_112,Rack_3,2,5,coke_v_big,353
frame_112,Rack_3,8,14,pepsi_big,316
frame_112,Rack_3,11,14,pepsi_big,281
frame_112,Rack_3,47,14,pepsi_big,247
frame_112,Rack_3,38,10,fanta_grape_big,209
frame_112,Rack_3,57,10,fanta_grape_big,175
frame_112,Rack_3,73,10,fanta_grape_big,146
frame_112,Rack_3,67,12,fanta_straw_big,112
frame_112,Rack_3,78,11,fanta_lychee_big,78
frame_112,Rack_3,89,11,fanta_lychee_big,45
frame_112,Rack_3,98,11,fanta_lychee_big,16
frame_113,Rack_3,5,7,coke_z_big,627
frame_113,Rack_3,3,7,coke_z_big,600
frame_113,Rack_3,6,7,coke_z_big,557
frame_113,Rack_3,27,5,coke_v_big,513
frame_113,Rack_3,19,5,coke_v_big,471
frame_113,Rack_3,17,5,coke_v_big,431
frame_113,Rack_3,7,5,coke_v_big,392
frame_113,Rack_3,2,5,coke_v_big,355
frame_113,Rack_3,8,14,pepsi_big,317
frame_113,Rack_3,11,14,pepsi_big,283
frame_113,Rack_3,47,14,pepsi_big,248
frame_113,Rack_3,38,10,fanta_grape_big,211
frame_113,Rack_3,57,10,fanta_grape_big,177
frame_113,Rack_3,73,10,fanta_grape_big,147
frame_113,Rack_3,67,12,fanta_straw_big,113
frame_113,Rack_3,78,11,fanta_lychee_big,79
frame_113,Rack_3,89,11,fanta_lychee_big,46
frame_113,Rack_3,98,11,fanta_lychee_big,17
frame_114,Rack_3,5,7,coke_z_big,628
frame_114,Rack_3,3,7,coke_z_big,603
frame_114,Rack_3,6,7,coke_z_big,559
frame_114,Rack_3,27,5,coke_v_big,515
frame_114,Rack_3,19,5,coke_v_big,474
frame_114,Rack_3,17,5,coke_v_big,433
frame_114,Rack_3,7,5,coke_v_big,394
frame_114,Rack_3,2,5,coke_v_big,357
frame_114,Rack_3,8,14,pepsi_big,319
frame_114,Rack_3,11,14,pepsi_big,284
frame_114,Rack_3,47,14,pepsi_big,250
frame_114,Rack_3,38,10,fanta_grape_big,212
frame_114,Rack_3,57,10,fanta_grape_big,178
frame_114,Rack_3,73,10,fanta_grape_big,148
frame_114,Rack_3,67,12,fanta_straw_big,115
frame_114,Rack_3,78,11,fanta_lychee_big,80
frame_114,Rack_3,89,11,fanta_lychee_big,47
frame_114,Rack_3,98,11,fanta_lychee_big,18
frame_115,Rack_3,3,7,coke_z_big,606
frame_115,Rack_3,6,7,coke_z_big,561
frame_115,Rack_3,27,5,coke_v_big,517
frame_115,Rack_3,19,5,coke_v_big,476
frame_115,Rack_3,17,5,coke_v_big,435
frame_115,Rack_3,7,5,coke_v_big,396
frame_115,Rack_3,2,5,coke_v_big,358
frame_115,Rack_3,8,14,pepsi_big,321
frame_115,Rack_3,11,14,pepsi_big,286
frame_115,Rack_3,47,14,pepsi_big,251
frame_115,Rack_3,38,10,fanta_grape_big,214
frame_115,Rack_3,57,10,fanta_grape_big,180
frame_115,Rack_3,73,10,fanta_grape_big,150
frame_115,Rack_3,67,12,fanta_straw_big,116
frame_115,Rack_3,78,12,fanta_straw_big,81
frame_115,Rack_3,89,11,fanta_lychee_big,48
frame_115,Rack_3,98,11,fanta_lychee_big,19
frame_116,Rack_3,3,7,coke_z_big,609
frame_116,Rack_3,6,7,coke_z_big,564
frame_116,Rack_3,27,5,coke_v_big,520
frame_116,Rack_3,19,5,coke_v_big,478
frame_116,Rack_3,17,5,coke_v_big,437
frame_116,Rack_3,7,5,coke_v_big,398
frame_116,Rack_3,2,5,coke_v_big,360
frame_116,Rack_3,8,14,pepsi_big,323
frame_116,Rack_3,11,14,pepsi_big,287
frame_116,Rack_3,47,14,pepsi_big,253
frame_116,Rack_3,38,10,fanta_grape_big,216
frame_116,Rack_3,57,10,fanta_grape_big,181
frame_116,Rack_3,73,10,fanta_grape_big,151
frame_116,Rack_3,67,12,fanta_straw_big,118
frame_116,Rack_3,78,12,fanta_straw_big,83
frame_116,Rack_3,89,11,fanta_lychee_big,50
frame_116,Rack_3,98,11,fanta_lychee_big,21
frame_117,Rack_3,3,7,coke_z_big,611
frame_117,Rack_3,6,7,coke_z_big,566
frame_117,Rack_3,27,5,coke_v_big,522
frame_117,Rack_3,19,5,coke_v_big,481
frame_117,Rack_3,17,5,coke_v_big,439
frame_117,Rack_3,7,5,coke_v_big,401
frame_117,Rack_3,2,5,coke_v_big,362
frame_117,Rack_3,8,14,pepsi_big,326
frame_117,Rack_3,11,14,pepsi_big,290
frame_117,Rack_3,47,14,pepsi_big,255
frame_117,Rack_3,38,10,fanta_grape_big,217
frame_117,Rack_3,57,10,fanta_grape_big,183
frame_117,Rack_3,73,10,fanta_grape_big,153
frame_117,Rack_3,67,12,fanta_straw_big,120
frame_117,Rack_3,78,12,fanta_straw_big,84
frame_117,Rack_3,89,11,fanta_lychee_big,51
frame_117,Rack_3,98,11,fanta_lychee_big,22
frame_118,Rack_3,3,7,coke_z_big,613
frame_118,Rack_3,6,7,coke_z_big,569
frame_118,Rack_3,27,5,coke_v_big,525
frame_118,Rack_3,19,5,coke_v_big,483
frame_118,Rack_3,17,5,coke_v_big,442
frame_118,Rack_3,7,5,coke_v_big,402
frame_118,Rack_3,2,5,coke_v_big,364
frame_118,Rack_3,8,14,pepsi_big,327
frame_118,Rack_3,11,14,pepsi_big,292
frame_118,Rack_3,47,14,pepsi_big,257
frame_118,Rack_3,38,10,fanta_grape_big,219
frame_118,Rack_3,57,10,fanta_grape_big,184
frame_118,Rack_3,73,10,fanta_grape_big,155
frame_118,Rack_3,67,12,fanta_straw_big,122
frame_118,Rack_3,78,12,fanta_straw_big,86
frame_118,Rack_3,89,11,fanta_lychee_big,53
frame_118,Rack_3,98,11,fanta_lychee_big,23
frame_119,Rack_3,3,7,coke_z_big,614
frame_119,Rack_3,6,7,coke_z_big,572
frame_119,Rack_3,27,5,coke_v_big,527
frame_119,Rack_3,19,5,coke_v_big,485
frame_119,Rack_3,17,5,coke_v_big,444
frame_119,Rack_3,7,5,coke_v_big,405
frame_119,Rack_3,2,5,coke_v_big,366
frame_119,Rack_3,8,14,pepsi_big,329
frame_119,Rack_3,11,14,pepsi_big,294
frame_119,Rack_3,47,14,pepsi_big,259
frame_119,Rack_3,38,10,fanta_grape_big,221
frame_119,Rack_3,57,10,fanta_grape_big,186
frame_119,Rack_3,73,10,fanta_grape_big,157
frame_119,Rack_3,67,12,fanta_straw_big,123
frame_119,Rack_3,78,12,fanta_straw_big,88
frame_119,Rack_3,89,11,fanta_lychee_big,55
frame_119,Rack_3,98,11,fanta_lychee_big,26
frame_12,Rack_3,4,7,coke_z_big,534
frame_12,Rack_3,5,7,coke_z_big,491
frame_12,Rack_3,3,7,coke_z_big,450
frame_12,Rack_3,6,7,coke_z_big,409
frame_12,Rack_3,27,5,coke_v_big,370
frame_12,Rack_3,19,5,coke_v_big,332
frame_12,Rack_3,17,5,coke_v_big,295
frame_12,Rack_3,7,5,coke_v_big,259
frame_12,Rack_3,2,5,coke_v_big,221
frame_12,Rack_3,8,14,pepsi_big,184
frame_12,Rack_3,11,14,pepsi_big,151
frame_12,Rack_3,47,14,pepsi_big,119
frame_12,Rack_3,38,10,fanta_grape_big,81
frame_12,Rack_3,57,10,fanta_grape_big,49
frame_120,Rack_3,3,7,coke_z_big,615
frame_120,Rack_3,6,7,coke_z_big,574
frame_120,Rack_3,27,5,coke_v_big,530
frame_120,Rack_3,19,5,coke_v_big,487
frame_120,Rack_3,17,5,coke_v_big,446
frame_120,Rack_3,7,5,coke_v_big,407
frame_120,Rack_3,2,5,coke_v_big,368
frame_120,Rack_3,8,14,pepsi_big,331
frame_120,Rack_3,11,14,pepsi_big,295
frame_120,Rack_3,47,14,pepsi_big,261
frame_120,Rack_3,38,10,fanta_grape_big,222
frame_120,Rack_3,57,10,fanta_grape_big,188
frame_120,Rack_3,73,10,fanta_grape_big,158
frame_120,Rack_3,67,12,fanta_straw_big,124
frame_120,Rack_3,78,12,fanta_straw_big,89
frame_120,Rack_3,89,11,fanta_lychee_big,56
frame_120,Rack_3,98,11,fanta_lychee_big,27
frame_121,Rack_3,3,7,coke_z_big,617
frame_121,Rack_3,6,7,coke_z_big,577
frame_121,Rack_3,27,5,coke_v_big,532
frame_121,Rack_3,19,5,coke_v_big,490
frame_121,Rack_3,17,5,coke_v_big,448
frame_121,Rack_3,7,5,coke_v_big,409
frame_121,Rack_3,2,5,coke_v_big,370
frame_121,Rack_3,8,14,pepsi_big,333
frame_121,Rack_3,11,14,pepsi_big,297
frame_121,Rack_3,47,14,pepsi_big,262
frame_121,Rack_3,38,10,fanta_grape_big,224
frame_121,Rack_3,57,10,fanta_grape_big,190
frame_121,Rack_3,73,10,fanta_grape_big,160
frame_121,Rack_3,67,12,fanta_straw_big,126
frame_121,Rack_3,78,12,fanta_straw_big,91
frame_121,Rack_3,89,11,fanta_lychee_big,58
frame_121,Rack_3,98,11,fanta_lychee_big,29
frame_122,Rack_3,3,7,coke_z_big,618
frame_122,Rack_3,6,7,coke_z_big,579
frame_122,Rack_3,27,5,coke_v_big,534
frame_122,Rack_3,19,5,coke_v_big,492
frame_122,Rack_3,17,5,coke_v_big,450
frame_122,Rack_3,7,5,coke_v_big,411
frame_122,Rack_3,2,5,coke_v_big,372
frame_122,Rack_3,8,14,pepsi_big,334
frame_122,Rack_3,11,14,pepsi_big,299
frame_122,Rack_3,47,14,pepsi_big,264
frame_122,Rack_3,38,10,fanta_grape_big,226
frame_122,Rack_3,57,10,fanta_grape_big,192
frame_122,Rack_3,73,10,fanta_grape_big,162
frame_122,Rack_3,67,12,fanta_straw_big,127
frame_122,Rack_3,78,12,fanta_straw_big,93
frame_122,Rack_3,89,11,fanta_lychee_big,60
frame_122,Rack_3,98,11,fanta_lychee_big,32
frame_123,Rack_3,3,7,coke_z_big,619
frame_123,Rack_3,6,7,coke_z_big,581
frame_123,Rack_3,27,5,coke_v_big,537
frame_123,Rack_3,19,5,coke_v_big,494
frame_123,Rack_3,17,5,coke_v_big,452
frame_123,Rack_3,7,5,coke_v_big,413
frame_123,Rack_3,2,5,coke_v_big,374
frame_123,Rack_3,8,14,pepsi_big,337
frame_123,Rack_3,11,14,pepsi_big,301
frame_123,Rack_3,47,14,pepsi_big,265
frame_123,Rack_3,38,10,fanta_grape_big,228
frame_123,Rack_3,57,10,fanta_grape_big,194
frame_123,Rack_3,73,10,fanta_grape_big,163
frame_123,Rack_3,67,12,fanta_straw_big,129
frame_123,Rack_3,78,12,fanta_straw_big,95
frame_123,Rack_3,89,11,fanta_lychee_big,61
frame_123,Rack_3,98,11,fanta_lychee_big,33
frame_124,Rack_3,3,7,coke_z_big,621
frame_124,Rack_3,6,7,coke_z_big,583
frame_124,Rack_3,27,5,coke_v_big,539
frame_124,Rack_3,19,5,coke_v_big,496
frame_124,Rack_3,17,5,coke_v_big,454
frame_124,Rack_3,7,5,coke_v_big,415
frame_124,Rack_3,2,5,coke_v_big,376
frame_124,Rack_3,8,14,pepsi_big,339
frame_124,Rack_3,11,14,pepsi_big,302
frame_124,Rack_3,47,14,pepsi_big,267
frame_124,Rack_3,38,10,fanta_grape_big,229
frame_124,Rack_3,57,10,fanta_grape_big,195
frame_124,Rack_3,73,10,fanta_grape_big,164
frame_124,Rack_3,67,12,fanta_straw_big,131
frame_124,Rack_3,78,12,fanta_straw_big,96
frame_124,Rack_3,89,11,fanta_lychee_big,63
frame_124,Rack_3,98,11,fanta_lychee_big,35
frame_125,Rack_3,3,7,coke_z_big,622
frame_125,Rack_3,6,7,coke_z_big,585
frame_125,Rack_3,27,5,coke_v_big,541
frame_125,Rack_3,19,5,coke_v_big,498
frame_125,Rack_3,17,5,coke_v_big,456
frame_125,Rack_3,7,5,coke_v_big,416
frame_125,Rack_3,2,5,coke_v_big,378
frame_125,Rack_3,8,14,pepsi_big,340
frame_125,Rack_3,11,14,pepsi_big,304
frame_125,Rack_3,47,14,pepsi_big,268
frame_125,Rack_3,38,10,fanta_grape_big,231
frame_125,Rack_3,57,10,fanta_grape_big,196
frame_125,Rack_3,73,10,fanta_grape_big,165
frame_125,Rack_3,67,12,fanta_straw_big,132
frame_125,Rack_3,78,12,fanta_straw_big,98
frame_125,Rack_3,89,11,fanta_lychee_big,64
frame_125,Rack_3,98,11,fanta_lychee_big,36
frame_126,Rack_3,3,7,coke_z_big,622
frame_126,Rack_3,6,7,coke_z_big,587
frame_126,Rack_3,27,5,coke_v_big,542
frame_126,Rack_3,19,5,coke_v_big,500
frame_126,Rack_3,17,5,coke_v_big,457
frame_126,Rack_3,7,5,coke_v_big,418
frame_126,Rack_3,2,5,coke_v_big,379
frame_126,Rack_3,8,14,pepsi_big,341
frame_126,Rack_3,11,14,pepsi_big,305
frame_126,Rack_3,47,14,pepsi_big,270
frame_126,Rack_3,38,10,fanta_grape_big,232
frame_126,Rack_3,57,10,fanta_grape_big,197
frame_126,Rack_3,73,10,fanta_grape_big,167
frame_126,Rack_3,67,12,fanta_straw_big,133
frame_126,Rack_3,78,12,fanta_straw_big,98
frame_126,Rack_3,89,11,fanta_lychee_big,65
frame_126,Rack_3,98,11,fanta_lychee_big,36
frame_127,Rack_3,3,7,coke_z_big,623
frame_127,Rack_3,6,7,coke_z_big,588
frame_127,Rack_3,27,5,coke_v_big,544
frame_127,Rack_3,19,5,coke_v_big,501
frame_127,Rack_3,17,5,coke_v_big,458
frame_127,Rack_3,7,5,coke_v_big,419
frame_127,Rack_3,2,5,coke_v_big,380
frame_127,Rack_3,8,14,pepsi_big,343
frame_127,Rack_3,11,14,pepsi_big,306
frame_127,Rack_3,47,14,pepsi_big,271
frame_127,Rack_3,38,10,fanta_grape_big,233
frame_127,Rack_3,57,10,fanta_grape_big,199
frame_127,Rack_3,73,10,fanta_grape_big,168
frame_127,Rack_3,67,12,fanta_straw_big,134
frame_127,Rack_3,78,12,fanta_straw_big,100
frame_127,Rack_3,89,11,fanta_lychee_big,66
frame_127,Rack_3,98,11,fanta_lychee_big,37
frame_128,Rack_3,3,7,coke_z_big,624
frame_128,Rack_3,6,7,coke_z_big,590
frame_128,Rack_3,27,5,coke_v_big,545
frame_128,Rack_3,19,5,coke_v_big,502
frame_128,Rack_3,17,5,coke_v_big,459
frame_128,Rack_3,7,5,coke_v_big,421
frame_128,Rack_3,2,5,coke_v_big,381
frame_128,Rack_3,8,14,pepsi_big,344
frame_128,Rack_3,11,14,pepsi_big,308
frame_128,Rack_3,47,14,pepsi_big,272
frame_128,Rack_3,38,10,fanta_grape_big,234
frame_128,Rack_3,57,10,fanta_grape_big,200
frame_128,Rack_3,73,10,fanta_grape_big,169
frame_128,Rack_3,67,12,fanta_straw_big,135
frame_128,Rack_3,78,12,fanta_straw_big,101
frame_128,Rack_3,89,11,fanta_lychee_big,67
frame_128,Rack_3,98,11,fanta_lychee_big,38
frame_129,Rack_3,6,7,coke_z_big,591
frame_129,Rack_3,27,5,coke_v_big,547
frame_129,Rack_3,19,5,coke_v_big,504
frame_129,Rack_3,17,5,coke_v_big,461
frame_129,Rack_3,7,5,coke_v_big,422
frame_129,Rack_3,2,5,coke_v_big,383
frame_129,Rack_3,8,14,pepsi_big,345
frame_129,Rack_3,11,14,pepsi_big,309
frame_129,Rack_3,47,14,pepsi_big,273
frame_129,Rack_3,38,10,fanta_grape_big,235
frame_129,Rack_3,57,10,fanta_grape_big,201
frame_129,Rack_3,73,10,fanta_grape_big,170
frame_129,Rack_3,67,12,fanta_straw_big,137
frame_129,Rack_3,78,12,fanta_straw_big,101
frame_129,Rack_3,89,11,fanta_lychee_big,68
frame_129,Rack_3,98,11,fanta_lychee_big,40
frame_13,Rack_3,4,7,coke_z_big,535
frame_13,Rack_3,5,7,coke_z_big,491
frame_13,Rack_3,3,7,coke_z_big,450
frame_13,Rack_3,6,7,coke_z_big,409
frame_13,Rack_3,27,5,coke_v_big,370
frame_13,Rack_3,19,5,coke_v_big,332
frame_13,Rack_3,17,5,coke_v_big,295
frame_13,Rack_3,7,5,coke_v_big,260
frame_13,Rack_3,2,5,coke_v_big,222
frame_13,Rack_3,8,14,pepsi_big,184
frame_13,Rack_3,11,14,pepsi_big,152
frame_13,Rack_3,47,14,pepsi_big,120
frame_13,Rack_3,38,10,fanta_grape_big,82
frame_13,Rack_3,57,10,fanta_grape_big,50
frame_130,Rack_3,6,7,coke_z_big,592
frame_130,Rack_3,27,5,coke_v_big,548
frame_130,Rack_3,19,5,coke_v_big,505
frame_130,Rack_3,17,5,coke_v_big,462
frame_130,Rack_3,7,5,coke_v_big,423
frame_130,Rack_3,2,5,coke_v_big,384
frame_130,Rack_3,8,14,pepsi_big,346
frame_130,Rack_3,11,14,pepsi_big,310
frame_130,Rack_3,47,14,pepsi_big,275
frame_130,Rack_3,38,10,fanta_grape_big,236
frame_130,Rack_3,57,10,fanta_grape_big,202
frame_130,Rack_3,73,10,fanta_grape_big,171
frame_130,Rack_3,67,12,fanta_straw_big,138
frame_130,Rack_3,78,12,fanta_straw_big,102
frame_130,Rack_3,89,11,fanta_lychee_big,69
frame_130,Rack_3,98,11,fanta_lychee_big,40
frame_131,Rack_3,6,7,coke_z_big,593
frame_131,Rack_3,27,5,coke_v_big,549
frame_131,Rack_3,19,5,coke_v_big,506
frame_131,Rack_3,17,5,coke_v_big,464
frame_131,Rack_3,7,5,coke_v_big,424
frame_131,Rack_3,2,5,coke_v_big,385
frame_131,Rack_3,8,14,pepsi_big,347
frame_131,Rack_3,11,14,pepsi_big,311
frame_131,Rack_3,47,14,pepsi_big,276
frame_131,Rack_3,38,10,fanta_grape_big,237
frame_131,Rack_3,57,10,fanta_grape_big,203
frame_131,Rack_3,73,10,fanta_grape_big,172
frame_131,Rack_3,67,12,fanta_straw_big,138
frame_131,Rack_3,78,12,fanta_straw_big,103
frame_131,Rack_3,89,11,fanta_lychee_big,70
frame_131,Rack_3,98,11,fanta_lychee_big,41
frame_132,Rack_3,6,7,coke_z_big,595
frame_132,Rack_3,27,5,coke_v_big,550
frame_132,Rack_3,19,5,coke_v_big,507
frame_132,Rack_3,17,5,coke_v_big,465
frame_132,Rack_3,7,5,coke_v_big,425
frame_132,Rack_3,2,5,coke_v_big,387
frame_132,Rack_3,8,14,pepsi_big,347
frame_132,Rack_3,11,14,pepsi_big,312
frame_132,Rack_3,47,14,pepsi_big,277
frame_132,Rack_3,38,10,fanta_grape_big,239
frame_132,Rack_3,57,10,fanta_grape_big,204
frame_132,Rack_3,73,10,fanta_grape_big,174
frame_132,Rack_3,67,12,fanta_straw_big,139
frame_132,Rack_3,78,12,fanta_straw_big,104
frame_132,Rack_3,89,11,fanta_lychee_big,72
frame_132,Rack_3,98,11,fanta_lychee_big,43
frame_133,Rack_3,3,7,coke_z_big,627
frame_133,Rack_3,6,7,coke_z_big,596
frame_133,Rack_3,27,5,coke_v_big,552
frame_133,Rack_3,19,5,coke_v_big,509
frame_133,Rack_3,17,5,coke_v_big,466
frame_133,Rack_3,7,5,coke_v_big,426
frame_133,Rack_3,2,5,coke_v_big,388
frame_133,Rack_3,8,14,pepsi_big,348
frame_133,Rack_3,11,14,pepsi_big,313
frame_133,Rack_3,47,14,pepsi_big,278
frame_133,Rack_3,38,10,fanta_grape_big,240
frame_133,Rack_3,57,10,fanta_grape_big,205
frame_133,Rack_3,73,10,fanta_grape_big,175
frame_133,Rack_3,67,12,fanta_straw_big,140
frame_133,Rack_3,78,12,fanta_straw_big,105
frame_133,Rack_3,89,11,fanta_lychee_big,74
frame_133,Rack_3,98,11,fanta_lychee_big,45
frame_133,Rack_3,110,11,fanta_lychee_big,17
frame_134,Rack_3,3,7,coke_z_big,628
frame_134,Rack_3,6,7,coke_z_big,597
frame_134,Rack_3,27,5,coke_v_big,553
frame_134,Rack_3,19,5,coke_v_big,510
frame_134,Rack_3,17,5,coke_v_big,467
frame_134,Rack_3,7,5,coke_v_big,427
frame_134,Rack_3,2,5,coke_v_big,389
frame_134,Rack_3,8,14,pepsi_big,350
frame_134,Rack_3,11,14,pepsi_big,314
frame_134,Rack_3,47,14,pepsi_big,279
frame_134,Rack_3,38,10,fanta_grape_big,241
frame_134,Rack_3,57,10,fanta_grape_big,206
frame_134,Rack_3,73,10,fanta_grape_big,176
frame_134,Rack_3,67,12,fanta_straw_big,141
frame_134,Rack_3,78,12,fanta_straw_big,106
frame_134,Rack_3,89,11,fanta_lychee_big,75
frame_134,Rack_3,98,11,fanta_lychee_big,46
frame_135,Rack_3,3,7,coke_z_big,628
frame_135,Rack_3,6,7,coke_z_big,598
frame_135,Rack_3,27,5,coke_v_big,554
frame_135,Rack_3,19,5,coke_v_big,510
frame_135,Rack_3,17,5,coke_v_big,468
frame_135,Rack_3,7,5,coke_v_big,428
frame_135,Rack_3,2,5,coke_v_big,389
frame_135,Rack_3,8,14,pepsi_big,351
frame_135,Rack_3,11,14,pepsi_big,315
frame_135,Rack_3,47,14,pepsi_big,280
frame_135,Rack_3,38,10,fanta_grape_big,242
frame_135,Rack_3,57,10,fanta_grape_big,207
frame_135,Rack_3,73,10,fanta_grape_big,177
frame_135,Rack_3,67,12,fanta_straw_big,142
frame_135,Rack_3,78,12,fanta_straw_big,108
frame_135,Rack_3,89,11,fanta_lychee_big,76
frame_135,Rack_3,98,11,fanta_lychee_big,47
frame_135,Rack_3,110,11,fanta_lychee_big,18
frame_136,Rack_3,3,7,coke_z_big,629
frame_136,Rack_3,6,7,coke_z_big,599
frame_136,Rack_3,27,5,coke_v_big,554
frame_136,Rack_3,19,5,coke_v_big,511
frame_136,Rack_3,17,5,coke_v_big,468
frame_136,Rack_3,7,5,coke_v_big,429
frame_136,Rack_3,2,5,coke_v_big,390
frame_136,Rack_3,8,14,pepsi_big,351
frame_136,Rack_3,11,14,pepsi_big,315
frame_136,Rack_3,47,14,pepsi_big,280
frame_136,Rack_3,38,10,fanta_grape_big,243
frame_136,Rack_3,57,10,fanta_grape_big,208
frame_136,Rack_3,73,10,fanta_grape_big,177
frame_136,Rack_3,67,12,fanta_straw_big,143
frame_136,Rack_3,78,12,fanta_straw_big,108
frame_136,Rack_3,89,11,fanta_lychee_big,76
frame_136,Rack_3,98,11,fanta_lychee_big,48
frame_136,Rack_3,110,11,fanta_lychee_big,19
frame_137,Rack_3,3,7,coke_z_big,629
frame_137,Rack_3,6,7,coke_z_big,600
frame_137,Rack_3,27,5,coke_v_big,555
frame_137,Rack_3,19,5,coke_v_big,512
frame_137,Rack_3,17,5,coke_v_big,469
frame_137,Rack_3,7,5,coke_v_big,429
frame_137,Rack_3,2,5,coke_v_big,391
frame_137,Rack_3,8,14,pepsi_big,352
frame_137,Rack_3,11,14,pepsi_big,316
frame_137,Rack_3,47,14,pepsi_big,280
frame_137,Rack_3,38,10,fanta_grape_big,243
frame_137,Rack_3,57,10,fanta_grape_big,209
frame_137,Rack_3,73,10,fanta_grape_big,178
frame_137,Rack_3,67,12,fanta_straw_big,144
frame_137,Rack_3,78,12,fanta_straw_big,109
frame_137,Rack_3,89,11,fanta_lychee_big,77
frame_137,Rack_3,98,11,fanta_lychee_big,48
frame_137,Rack_3,110,11,fanta_lychee_big,19
frame_138,Rack_3,3,7,coke_z_big,629
frame_138,Rack_3,6,7,coke_z_big,600
frame_138,Rack_3,27,5,coke_v_big,556
frame_138,Rack_3,19,5,coke_v_big,512
frame_138,Rack_3,17,5,coke_v_big,469
frame_138,Rack_3,7,5,coke_v_big,429
frame_138,Rack_3,2,5,coke_v_big,391
frame_138,Rack_3,8,14,pepsi_big,353
frame_138,Rack_3,11,14,pepsi_big,316
frame_138,Rack_3,47,14,pepsi_big,281
frame_138,Rack_3,38,10,fanta_grape_big,243
frame_138,Rack_3,57,10,fanta_grape_big,209
frame_138,Rack_3,73,10,fanta_grape_big,179
frame_138,Rack_3,67,12,fanta_straw_big,144
frame_138,Rack_3,78,12,fanta_straw_big,110
frame_138,Rack_3,89,11,fanta_lychee_big,77
frame_138,Rack_3,98,11,fanta_lychee_big,49
frame_138,Rack_3,110,11,fanta_lychee_big,19
frame_139,Rack_3,3,7,coke_z_big,630
frame_139,Rack_3,6,7,coke_z_big,600
frame_139,Rack_3,27,5,coke_v_big,556
frame_139,Rack_3,19,5,coke_v_big,512
frame_139,Rack_3,17,5,coke_v_big,470
frame_139,Rack_3,7,5,coke_v_big,430
frame_139,Rack_3,2,5,coke_v_big,391
frame_139,Rack_3,8,14,pepsi_big,353
frame_139,Rack_3,11,14,pepsi_big,317
frame_139,Rack_3,47,14,pepsi_big,281
frame_139,Rack_3,38,10,fanta_grape_big,244
frame_139,Rack_3,57,10,fanta_grape_big,209
frame_139,Rack_3,73,10,fanta_grape_big,179
frame_139,Rack_3,67,12,fanta_straw_big,145
frame_139,Rack_3,78,12,fanta_straw_big,110
frame_139,Rack_3,89,11,fanta_lychee_big,77
frame_139,Rack_3,98,11,fanta_lychee_big,49
frame_139,Rack_3,110,11,fanta_lychee_big,19
frame_14,Rack_3,4,7,coke_z_big,536
frame_14,Rack_3,5,7,coke_z_big,492
frame_14,Rack_3,3,7,coke_z_big,451
frame_14,Rack_3,6,7,coke_z_big,410
frame_14,Rack_3,27,5,coke_v_big,371
frame_14,Rack_3,19,5,coke_v_big,333
frame_14,Rack_3,17,5,coke_v_big,296
frame_14,Rack_3,7,5,coke_v_big,260
frame_14,Rack_3,2,5,coke_v_big,223
frame_14,Rack_3,8,14,pepsi_big,185
frame_14,Rack_3,11,14,pepsi_big,153
frame_14,Rack_3,47,14,pepsi_big,120
frame_14,Rack_3,38,10,fanta_grape_big,82
frame_14,Rack_3,57,10,fanta_grape_big,51
frame_140,Rack_3,3,7,coke_z_big,630
frame_140,Rack_3,6,7,coke_z_big,601
frame_140,Rack_3,27,5,coke_v_big,556
frame_140,Rack_3,19,5,coke_v_big,512
frame_140,Rack_3,17,5,coke_v_big,470
frame_140,Rack_3,7,5,coke_v_big,430
frame_140,Rack_3,2,5,coke_v_big,391
frame_140,Rack_3,8,14,pepsi_big,353
frame_140,Rack_3,11,14,pepsi_big,317
frame_140,Rack_3,47,14,pepsi_big,281
frame_140,Rack_3,38,10,fanta_grape_big,244
frame_140,Rack_3,57,10,fanta_grape_big,209
frame_140,Rack_3,73,10,fanta_grape_big,179
frame_140,Rack_3,67,12,fanta_straw_big,145
frame_140,Rack_3,78,12,fanta_straw_big,110
frame_140,Rack_3,89,11,fanta_lychee_big,77
frame_140,Rack_3,98,11,fanta_lychee_big,49
frame_140,Rack_3,110,11,fanta_lychee_big,19
frame_141,Rack_3,3,7,coke_z_big,631
frame_141,Rack_3,6,7,coke_z_big,601
frame_141,Rack_3,27,5,coke_v_big,556
frame_141,Rack_3,19,5,coke_v_big,512
frame_141,Rack_3,17,5,coke_v_big,470
frame_141,Rack_3,7,5,coke_v_big,430
frame_141,Rack_3,2,5,coke_v_big,391
frame_141,Rack_3,8,14,pepsi_big,353
frame_141,Rack_3,11,14,pepsi_big,317
frame_141,Rack_3,47,14,pepsi_big,281
frame_141,Rack_3,38,10,fanta_grape_big,244
frame_141,Rack_3,57,10,fanta_grape_big,209
frame_141,Rack_3,73,10,fanta_grape_big,179
frame_141,Rack_3,67,12,fanta_straw_big,144
frame_141,Rack_3,78,12,fanta_straw_big,110
frame_141,Rack_3,89,11,fanta_lychee_big,77
frame_141,Rack_3,98,11,fanta_lychee_big,49
frame_141,Rack_3,110,11,fanta_lychee_big,19
frame_142,Rack_3,3,7,coke_z_big,631
frame_142,Rack_3,6,7,coke_z_big,601
frame_142,Rack_3,27,5,coke_v_big,556
frame_142,Rack_3,19,5,coke_v_big,512
frame_142,Rack_3,17,5,coke_v_big,470
frame_142,Rack_3,7,5,coke_v_big,430
frame_142,Rack_3,2,5,coke_v_big,391
frame_142,Rack_3,8,14,pepsi_big,353
frame_142,Rack_3,11,14,pepsi_big,316
frame_142,Rack_3,47,14,pepsi_big,280
frame_142,Rack_3,38,10,fanta_grape_big,244
frame_142,Rack_3,57,10,fanta_grape_big,209
frame_142,Rack_3,73,10,fanta_grape_big,178
frame_142,Rack_3,67,12,fanta_straw_big,144
frame_142,Rack_3,78,12,fanta_straw_big,109
frame_142,Rack_3,89,11,fanta_lychee_big,77
frame_142,Rack_3,98,11,fanta_lychee_big,48
frame_142,Rack_3,110,11,fanta_lychee_big,19
frame_143,Rack_3,3,7,coke_z_big,631
frame_143,Rack_3,6,7,coke_z_big,601
frame_143,Rack_3,27,5,coke_v_big,556
frame_143,Rack_3,19,5,coke_v_big,512
frame_143,Rack_3,17,5,coke_v_big,470
frame_143,Rack_3,7,5,coke_v_big,430
frame_143,Rack_3,2,5,coke_v_big,391
frame_143,Rack_3,8,14,pepsi_big,353
frame_143,Rack_3,11,14,pepsi_big,316
frame_143,Rack_3,47,14,pepsi_big,280
frame_143,Rack_3,38,10,fanta_grape_big,243
frame_143,Rack_3,57,10,fanta_grape_big,209
frame_143,Rack_3,73,10,fanta_grape_big,178
frame_143,Rack_3,67,12,fanta_straw_big,144
frame_143,Rack_3,78,12,fanta_straw_big,109
frame_143,Rack_3,89,11,fanta_lychee_big,76
frame_143,Rack_3,98,11,fanta_lychee_big,48
frame_144,Rack_3,3,7,coke_z_big,631
frame_144,Rack_3,6,7,coke_z_big,601
frame_144,Rack_3,27,5,coke_v_big,556
frame_144,Rack_3,19,5,coke_v_big,512
frame_144,Rack_3,17,5,coke_v_big,469
frame_144,Rack_3,7,5,coke_v_big,430
frame_144,Rack_3,2,5,coke_v_big,391
frame_144,Rack_3,8,14,pepsi_big,352
frame_144,Rack_3,11,14,pepsi_big,316
frame_144,Rack_3,47,14,pepsi_big,280
frame_144,Rack_3,38,10,fanta_grape_big,243
frame_144,Rack_3,57,10,fanta_grape_big,208
frame_144,Rack_3,73,10,fanta_grape_big,178
frame_144,Rack_3,67,12,fanta_straw_big,143
frame_144,Rack_3,78,12,fanta_straw_big,108
frame_144,Rack_3,89,11,fanta_lychee_big,76
frame_144,Rack_3,98,11,fanta_lychee_big,47
frame_145,Rack_3,3,7,coke_z_big,631
frame_145,Rack_3,6,7,coke_z_big,601
frame_145,Rack_3,27,5,coke_v_big,556
frame_145,Rack_3,19,5,coke_v_big,512
frame_145,Rack_3,17,5,coke_v_big,469
frame_145,Rack_3,7,5,coke_v_big,429
frame_145,Rack_3,2,5,coke_v_big,390
frame_145,Rack_3,8,14,pepsi_big,352
frame_145,Rack_3,11,14,pepsi_big,315
frame_145,Rack_3,47,14,pepsi_big,280
frame_145,Rack_3,38,10,fanta_grape_big,242
frame_145,Rack_3,57,10,fanta_grape_big,208
frame_145,Rack_3,73,10,fanta_grape_big,177
frame_145,Rack_3,67,12,fanta_straw_big,143
frame_145,Rack_3,78,12,fanta_straw_big,108
frame_145,Rack_3,89,11,fanta_lychee_big,75
frame_145,Rack_3,98,11,fanta_lychee_big,46
frame_146,Rack_3,3,7,coke_z_big,630
frame_146,Rack_3,6,7,coke_z_big,600
frame_146,Rack_3,27,5,coke_v_big,555
frame_146,Rack_3,19,5,coke_v_big,512
frame_146,Rack_3,17,5,coke_v_big,469
frame_146,Rack_3,7,5,coke_v_big,429
frame_146,Rack_3,2,5,coke_v_big,390
frame_146,Rack_3,8,14,pepsi_big,351
frame_146,Rack_3,11,14,pepsi_big,315
frame_146,Rack_3,47,14,pepsi_big,279
frame_146,Rack_3,38,10,fanta_grape_big,242
frame_146,Rack_3,57,10,fanta_grape_big,207
frame_146,Rack_3,73,10,fanta_grape_big,177
frame_146,Rack_3,67,12,fanta_straw_big,142
frame_146,Rack_3,78,12,fanta_straw_big,107
frame_146,Rack_3,89,11,fanta_lychee_big,75
frame_146,Rack_3,98,11,fanta_lychee_big,46
frame_147,Rack_3,3,7,coke_z_big,630
frame_147,Rack_3,6,7,coke_z_big,599
frame_147,Rack_3,27,5,coke_v_big,555
frame_147,Rack_3,19,5,coke_v_big,511
frame_147,Rack_3,17,5,coke_v_big,468
frame_147,Rack_3,7,5,coke_v_big,428
frame_147,Rack_3,2,5,coke_v_big,389
frame_147,Rack_3,8,14,pepsi_big,351
frame_147,Rack_3,11,14,pepsi_big,314
frame_147,Rack_3,47,14,pepsi_big,279
frame_147,Rack_3,38,10,fanta_grape_big,241
frame_147,Rack_3,57,10,fanta_grape_big,207
frame_147,Rack_3,73,10,fanta_grape_big,176
frame_147,Rack_3,67,12,fanta_straw_big,142
frame_147,Rack_3,78,12,fanta_straw_big,107
frame_147,Rack_3,89,11,fanta_lychee_big,75
frame_147,Rack_3,98,11,fanta_lychee_big,46
frame_147,Rack_3,110,11,fanta_lychee_big,17
frame_15,Rack_3,4,7,coke_z_big,536
frame_15,Rack_3,5,7,coke_z_big,492
frame_15,Rack_3,3,7,coke_z_big,451
frame_15,Rack_3,6,7,coke_z_big,411
frame_15,Rack_3,27,5,coke_v_big,372
frame_15,Rack_3,19,5,coke_v_big,334
frame_15,Rack_3,17,5,coke_v_big,297
frame_15,Rack_3,7,5,coke_v_big,261
frame_15,Rack_3,2,5,coke_v_big,223
frame_15,Rack_3,8,14,pepsi_big,186
frame_15,Rack_3,11,14,pepsi_big,153
frame_15,Rack_3,47,14,pepsi_big,121
frame_15,Rack_3,38,10,fanta_grape_big,83
frame_15,Rack_3,57,10,fanta_grape_big,52
frame_16,Rack_3,4,7,coke_z_big,537
frame_16,Rack_3,5,7,coke_z_big,493
frame_16,Rack_3,3,7,coke_z_big,452
frame_16,Rack_3,6,7,coke_z_big,412
frame_16,Rack_3,27,5,coke_v_big,372
frame_16,Rack_3,19,5,coke_v_big,334
frame_16,Rack_3,17,5,coke_v_big,297
frame_16,Rack_3,7,5,coke_v_big,262
frame_16,Rack_3,2,5,coke_v_big,224
frame_16,Rack_3,8,14,pepsi_big,187
frame_16,Rack_3,11,14,pepsi_big,153
frame_16,Rack_3,47,14,pepsi_big,121
frame_16,Rack_3,38,10,fanta_grape_big,84
frame_16,Rack_3,57,10,fanta_grape_big,53
frame_16,Rack_3,61,12,fanta_straw_big,6
frame_17,Rack_3,4,7,coke_z_big,538
frame_17,Rack_3,5,7,coke_z_big,494
frame_17,Rack_3,3,7,coke_z_big,453
frame_17,Rack_3,6,7,coke_z_big,412
frame_17,Rack_3,27,5,coke_v_big,373
frame_17,Rack_3,19,5,coke_v_big,335
frame_17,Rack_3,17,5,coke_v_big,298
frame_17,Rack_3,7,5,coke_v_big,262
frame_17,Rack_3,2,5,coke_v_big,225
frame_17,Rack_3,8,14,pepsi_big,187
frame_17,Rack_3,11,14,pepsi_big,154
frame_17,Rack_3,47,14,pepsi_big,122
frame_17,Rack_3,38,10,fanta_grape_big,85
frame_17,Rack_3,57,10,fanta_grape_big,54
frame_17,Rack_3,61,12,fanta_straw_big,6
frame_18,Rack_3,4,7,coke_z_big,539
frame_18,Rack_3,5,7,coke_z_big,495
frame_18,Rack_3,3,7,coke_z_big,453
frame_18,Rack_3,6,7,coke_z_big,413
frame_18,Rack_3,27,5,coke_v_big,374
frame_18,Rack_3,19,5,coke_v_big,336
frame_18,Rack_3,17,5,coke_v_big,299
frame_18,Rack_3,7,5,coke_v_big,263
frame_18,Rack_3,2,5,coke_v_big,226
frame_18,Rack_3,8,14,pepsi_big,188
frame_18,Rack_3,11,14,pepsi_big,155
frame_18,Rack_3,47,14,pepsi_big,123
frame_18,Rack_3,38,10,fanta_grape_big,86
frame_18,Rack_3,57,10,fanta_grape_big,54
frame_18,Rack_3,61,12,fanta_straw_big,6
frame_19,Rack_3,4,7,coke_z_big,540
frame_19,Rack_3,5,7,coke_z_big,496
frame_19,Rack_3,3,7,coke_z_big,454
frame_19,Rack_3,6,7,coke_z_big,414
frame_19,Rack_3,27,5,coke_v_big,375
frame_19,Rack_3,19,5,coke_v_big,337
frame_19,Rack_3,17,5,coke_v_big,300
frame_19,Rack_3,7,5,coke_v_big,264
frame_19,Rack_3,2,5,coke_v_big,227
frame_19,Rack_3,8,14,pepsi_big,189
frame_19,Rack_3,11,14,pepsi_big,156
frame_19,Rack_3,47,14,pepsi_big,124
frame_19,Rack_3,38,10,fanta_grape_big,87
frame_19,Rack_3,61,12,fanta_straw_big,6
frame_2,Rack_3,4,7,coke_z_big,531
frame_2,Rack_3,5,7,coke_z_big,487
frame_2,Rack_3,3,7,coke_z_big,446
frame_2,Rack_3,6,7,coke_z_big,406
frame_2,Rack_3,27,5,coke_v_big,366
frame_2,Rack_3,19,5,coke_v_big,328
frame_2,Rack_3,17,5,coke_v_big,291
frame_2,Rack_3,7,5,coke_v_big,254
frame_2,Rack_3,2,5,coke_v_big,217
frame_2,Rack_3,8,14,pepsi_big,180
frame_2,Rack_3,11,14,pepsi_big,146
frame_2,Rack_3,47,14,pepsi_big,114
frame_2,Rack_3,38,10,fanta_grape_big,74
frame_2,Rack_3,57,10,fanta_grape_big,43
frame_20,Rack_3,4,7,coke_z_big,541
frame_20,Rack_3,5,7,coke_z_big,497
frame_20,Rack_3,3,7,coke_z_big,455
frame_20,Rack_3,6,7,coke_z_big,415
frame_20,Rack_3,27,5,coke_v_big,376
frame_20,Rack_3,19,5,coke_v_big,338
frame_20,Rack_3,17,5,coke_v_big,300
frame_20,Rack_3,7,5,coke_v_big,265
frame_20,Rack_3,2,5,coke_v_big,228
frame_20,Rack_3,8,14,pepsi_big,190
frame_20,Rack_3,11,14,pepsi_big,157
frame_20,Rack_3,47,14,pepsi_big,125
frame_20,Rack_3,38,10,fanta_grape_big,83
frame_21,Rack_3,4,7,coke_z_big,542
frame_21,Rack_3,5,7,coke_z_big,498
frame_21,Rack_3,3,7,coke_z_big,457
frame_21,Rack_3,6,7,coke_z_big,416
frame_21,Rack_3,27,5,coke_v_big,377
frame_21,Rack_3,19,5,coke_v_big,339
frame_21,Rack_3,17,5,coke_v_big,301
frame_21,Rack_3,7,5,coke_v_big,266
frame_21,Rack_3,2,5,coke_v_big,229
frame_21,Rack_3,8,14,pepsi_big,191
frame_21,Rack_3,11,14,pepsi_big,158
frame_21,Rack_3,47,14,pepsi_big,126
frame_21,Rack_3,38,10,fanta_grape_big,81
frame_21,Rack_3,57,10,fanta_grape_big,65
frame_22,Rack_3,4,7,coke_z_big,543
frame_22,Rack_3,5,7,coke_z_big,499
frame_22,Rack_3,3,7,coke_z_big,458
frame_22,Rack_3,6,7,coke_z_big,418
frame_22,Rack_3,27,5,coke_v_big,378
frame_22,Rack_3,19,5,coke_v_big,340
frame_22,Rack_3,17,5,coke_v_big,303
frame_22,Rack_3,7,5,coke_v_big,267
frame_22,Rack_3,2,5,coke_v_big,230
frame_22,Rack_3,8,14,pepsi_big,194
frame_22,Rack_3,11,14,pepsi_big,161
frame_22,Rack_3,47,14,pepsi_big,128
frame_22,Rack_3,38,10,fanta_grape_big,80
frame_23,Rack_3,4,7,coke_z_big,544
frame_23,Rack_3,5,7,coke_z_big,500
frame_23,Rack_3,3,7,coke_z_big,459
frame_23,Rack_3,6,7,coke_z_big,419
frame_23,Rack_3,27,5,coke_v_big,379
frame_23,Rack_3,19,5,coke_v_big,341
frame_23,Rack_3,17,5,coke_v_big,304
frame_23,Rack_3,7,5,coke_v_big,268
frame_23,Rack_3,2,5,coke_v_big,232
frame_23,Rack_3,8,14,pepsi_big,195
frame_23,Rack_3,11,14,pepsi_big,162
frame_23,Rack_3,47,14,pepsi_big,129
frame_23,Rack_3,38,10,fanta_grape_big,80
frame_24,Rack_3,4,7,coke_z_big,545
frame_24,Rack_3,5,7,coke_z_big,502
frame_24,Rack_3,3,7,coke_z_big,460
frame_24,Rack_3,6,7,coke_z_big,420
frame_24,Rack_3,27,5,coke_v_big,380
frame_24,Rack_3,19,5,coke_v_big,342
frame_24,Rack_3,17,5,coke_v_big,305
frame_24,Rack_3,7,5,coke_v_big,269
frame_24,Rack_3,2,5,coke_v_big,233
frame_24,Rack_3,8,14,pepsi_big,196
frame_24,Rack_3,11,14,pepsi_big,164
frame_24,Rack_3,47,14,pepsi_big,131
frame_24,Rack_3,38,10,fanta_grape_big,89
frame_25,Rack_3,4,7,coke_z_big,547
frame_25,Rack_3,5,7,coke_z_big,503
frame_25,Rack_3,3,7,coke_z_big,461
frame_25,Rack_3,6,7,coke_z_big,421
frame_25,Rack_3,27,5,coke_v_big,381
frame_25,Rack_3,19,5,coke_v_big,343
frame_25,Rack_3,17,5,coke_v_big,306
frame_25,Rack_3,7,5,coke_v_big,271
frame_25,Rack_3,2,5,coke_v_big,234
frame_25,Rack_3,8,14,pepsi_big,197
frame_25,Rack_3,11,14,pepsi_big,165
frame_25,Rack_3,47,14,pepsi_big,132
frame_25,Rack_3,38,10,fanta_grape_big,93
frame_26,Rack_3,4,7,coke_z_big,547
frame_26,Rack_3,5,7,coke_z_big,503
frame_26,Rack_3,3,7,coke_z_big,462
frame_26,Rack_3,6,7,coke_z_big,422
frame_26,Rack_3,27,5,coke_v_big,382
frame_26,Rack_3,19,5,coke_v_big,344
frame_26,Rack_3,17,5,coke_v_big,307
frame_26,Rack_3,7,5,coke_v_big,272
frame_26,Rack_3,2,5,coke_v_big,234
frame_26,Rack_3,8,14,pepsi_big,198
frame_26,Rack_3,11,14,pepsi_big,166
frame_26,Rack_3,47,14,pepsi_big,133
frame_26,Rack_3,38,10,fanta_grape_big,95
frame_27,Rack_3,4,7,coke_z_big,548
frame_27,Rack_3,5,7,coke_z_big,504
frame_27,Rack_3,3,7,coke_z_big,463
frame_27,Rack_3,6,7,coke_z_big,422
frame_27,Rack_3,27,5,coke_v_big,382
frame_27,Rack_3,19,5,coke_v_big,345
frame_27,Rack_3,17,5,coke_v_big,308
frame_27,Rack_3,7,5,coke_v_big,272
frame_27,Rack_3,2,5,coke_v_big,235
frame_27,Rack_3,8,14,pepsi_big,199
frame_27,Rack_3,11,14,pepsi_big,166
frame_27,Rack_3,47,14,pepsi_big,134
frame_27,Rack_3,38,10,fanta_grape_big,96
frame_28,Rack_3,4,7,coke_z_big,549
frame_28,Rack_3,5,7,coke_z_big,505
frame_28,Rack_3,3,7,coke_z_big,464
frame_28,Rack_3,6,7,coke_z_big,423
frame_28,Rack_3,27,5,coke_v_big,383
frame_28,Rack_3,19,5,coke_v_big,346
frame_28,Rack_3,17,5,coke_v_big,309
frame_28,Rack_3,7,5,coke_v_big,273
frame_28,Rack_3,2,5,coke_v_big,236
frame_28,Rack_3,8,14,pepsi_big,199
frame_28,Rack_3,11,14,pepsi_big,167
frame_28,Rack_3,47,14,pepsi_big,135
frame_28,Rack_3,38,10,fanta_grape_big,97
frame_28,Rack_3,57,10,fanta_grape_big,67
frame_29,Rack_3,64,9,empty,603
frame_29,Rack_3,4,7,coke_z_big,549
frame_29,Rack_3,5,7,coke_z_big,506
frame_29,Rack_3,3,7,coke_z_big,465
frame_29,Rack_3,6,7,coke_z_big,424
frame_29,Rack_3,27,5,coke_v_big,384
frame_29,Rack_3,19,5,coke_v_big,346
frame_29,Rack_3,17,5,coke_v_big,309
frame_29,Rack_3,7,5,coke_v_big,274
frame_29,Rack_3,2,5,coke_v_big,236
frame_29,Rack_3,8,14,pepsi_big,200
frame_29,Rack_3,11,14,pepsi_big,167
frame_29,Rack_3,47,14,pepsi_big,135
frame_29,Rack_3,38,10,fanta_grape_big,99
frame_29,Rack_3,57,10,fanta_grape_big,68
frame_3,Rack_3,4,7,coke_z_big,532
frame_3,Rack_3,5,7,coke_z_big,487
frame_3,Rack_3,3,7,coke_z_big,446
frame_3,Rack_3,6,7,coke_z_big,406
frame_3,Rack_3,27,5,coke_v_big,366
frame_3,Rack_3,19,5,coke_v_big,328
frame_3,Rack_3,17,5,coke_v_big,291
frame_3,Rack_3,7,5,coke_v_big,255
frame_3,Rack_3,2,5,coke_v_big,217
frame_3,Rack_3,8,14,pepsi_big,180
frame_3,Rack_3,11,14,pepsi_big,147
frame_3,Rack_3,47,14,pepsi_big,114
frame_3,Rack_3,38,10,fanta_grape_big,75
frame_3,Rack_3,57,10,fanta_grape_big,44
frame_30,Rack_3,4,7,coke_z_big,550
frame_30,Rack_3,5,7,coke_z_big,506
frame_30,Rack_3,3,7,coke_z_big,465
frame_30,Rack_3,6,7,coke_z_big,425
frame_30,Rack_3,27,5,coke_v_big,385
frame_30,Rack_3,19,5,coke_v_big,347
frame_30,Rack_3,17,5,coke_v_big,310
frame_30,Rack_3,7,5,coke_v_big,274
frame_30,Rack_3,2,5,coke_v_big,237
frame_30,Rack_3,8,14,pepsi_big,201
frame_30,Rack_3,11,14,pepsi_big,168
frame_30,Rack_3,47,14,pepsi_big,136
frame_30,Rack_3,38,10,fanta_grape_big,100
frame_30,Rack_3,57,10,fanta_grape_big,69
frame_31,Rack_3,64,9,empty,605
frame_31,Rack_3,4,7,coke_z_big,551
frame_31,Rack_3,5,7,coke_z_big,507
frame_31,Rack_3,3,7,coke_z_big,466
frame_31,Rack_3,6,7,coke_z_big,426
frame_31,Rack_3,27,5,coke_v_big,385
frame_31,Rack_3,19,5,coke_v_big,347
frame_31,Rack_3,17,5,coke_v_big,310
frame_31,Rack_3,7,5,coke_v_big,275
frame_31,Rack_3,2,5,coke_v_big,238
frame_31,Rack_3,8,14,pepsi_big,202
frame_31,Rack_3,11,14,pepsi_big,169
frame_31,Rack_3,47,14,pepsi_big,136
frame_31,Rack_3,38,10,fanta_grape_big,100
frame_31,Rack_3,57,10,fanta_grape_big,69
frame_32,Rack_3,64,9,empty,605
frame_32,Rack_3,4,7,coke_z_big,552
frame_32,Rack_3,5,7,coke_z_big,507
frame_32,Rack_3,3,7,coke_z_big,467
frame_32,Rack_3,6,7,coke_z_big,426
frame_32,Rack_3,27,5,coke_v_big,386
frame_32,Rack_3,19,5,coke_v_big,348
frame_32,Rack_3,17,5,coke_v_big,311
frame_32,Rack_3,7,5,coke_v_big,276
frame_32,Rack_3,2,5,coke_v_big,238
frame_32,Rack_3,8,14,pepsi_big,202
frame_32,Rack_3,11,14,pepsi_big,170
frame_32,Rack_3,47,14,pepsi_big,137
frame_32,Rack_3,38,10,fanta_grape_big,100
frame_32,Rack_3,57,10,fanta_grape_big,69
frame_33,Rack_3,64,9,empty,606
frame_33,Rack_3,4,7,coke_z_big,552
frame_33,Rack_3,5,7,coke_z_big,508
frame_33,Rack_3,3,7,coke_z_big,467
frame_33,Rack_3,6,7,coke_z_big,427
frame_33,Rack_3,27,5,coke_v_big,387
frame_33,Rack_3,19,5,coke_v_big,348
frame_33,Rack_3,17,5,coke_v_big,312
frame_33,Rack_3,7,5,coke_v_big,276
frame_33,Rack_3,2,5,coke_v_big,239
frame_33,Rack_3,8,14,pepsi_big,203
frame_33,Rack_3,11,14,pepsi_big,170
frame_33,Rack_3,47,14,pepsi_big,137
frame_33,Rack_3,38,10,fanta_grape_big,101
frame_33,Rack_3,57,10,fanta_grape_big,69
frame_34,Rack_3,64,9,empty,606
frame_34,Rack_3,4,7,coke_z_big,553
frame_34,Rack_3,5,7,coke_z_big,508
frame_34,Rack_3,3,7,coke_z_big,468
frame_34,Rack_3,6,7,coke_z_big,427
frame_34,Rack_3,27,5,coke_v_big,388
frame_34,Rack_3,19,5,coke_v_big,349
frame_34,Rack_3,17,5,coke_v_big,312
frame_34,Rack_3,7,5,coke_v_big,277
frame_34,Rack_3,2,5,coke_v_big,240
frame_34,Rack_3,8,14,pepsi_big,203
frame_34,Rack_3,11,14,pepsi_big,170
frame_34,Rack_3,47,14,pepsi_big,137
frame_34,Rack_3,38,10,fanta_grape_big,101
frame_34,Rack_3,57,10,fanta_grape_big,70
frame_34,Rack_3,67,12,fanta_straw_big,17
frame_35,Rack_3,64,9,empty,607
frame_35,Rack_3,4,7,coke_z_big,554
frame_35,Rack_3,5,7,coke_z_big,509
frame_35,Rack_3,3,7,coke_z_big,468
frame_35,Rack_3,6,7,coke_z_big,428
frame_35,Rack_3,27,5,coke_v_big,388
frame_35,Rack_3,19,5,coke_v_big,350
frame_35,Rack_3,17,5,coke_v_big,313
frame_35,Rack_3,7,5,coke_v_big,277
frame_35,Rack_3,2,5,coke_v_big,240
frame_35,Rack_3,8,14,pepsi_big,203
frame_35,Rack_3,11,14,pepsi_big,171
frame_35,Rack_3,47,14,pepsi_big,138
frame_35,Rack_3,38,10,fanta_grape_big,101
frame_35,Rack_3,57,10,fanta_grape_big,70
frame_35,Rack_3,67,12,fanta_straw_big,17
frame_36,Rack_3,64,9,empty,608
frame_36,Rack_3,4,7,coke_z_big,555
frame_36,Rack_3,5,7,coke_z_big,510
frame_36,Rack_3,3,7,coke_z_big,469
frame_36,Rack_3,6,7,coke_z_big,428
frame_36,Rack_3,27,5,coke_v_big,389
frame_36,Rack_3,19,5,coke_v_big,350
frame_36,Rack_3,17,5,coke_v_big,313
frame_36,Rack_3,7,5,coke_v_big,278
frame_36,Rack_3,2,5,coke_v_big,241
frame_36,Rack_3,8,14,pepsi_big,204
frame_36,Rack_3,11,14,pepsi_big,171
frame_36,Rack_3,47,14,pepsi_big,138
frame_36,Rack_3,38,10,fanta_grape_big,101
frame_36,Rack_3,57,10,fanta_grape_big,70
frame_36,Rack_3,67,12,fanta_straw_big,17
frame_37,Rack_3,64,9,empty,609
frame_37,Rack_3,4,7,coke_z_big,556
frame_37,Rack_3,5,7,coke_z_big,511
frame_37,Rack_3,3,7,coke_z_big,470
frame_37,Rack_3,6,7,coke_z_big,429
frame_37,Rack_3,27,5,coke_v_big,389
frame_37,Rack_3,19,5,coke_v_big,351
frame_37,Rack_3,17,5,coke_v_big,314
frame_37,Rack_3,7,5,coke_v_big,278
frame_37,Rack_3,2,5,coke_v_big,241
frame_37,Rack_3,8,14,pepsi_big,204
frame_37,Rack_3,11,14,pepsi_big,172
frame_37,Rack_3,47,14,pepsi_big,139
frame_37,Rack_3,38,10,fanta_grape_big,102
frame_37,Rack_3,57,10,fanta_grape_big,71
frame_37,Rack_3,67,12,fanta_straw_big,17
frame_38,Rack_3,4,7,coke_z_big,557
frame_38,Rack_3,5,7,coke_z_big,512
frame_38,Rack_3,3,7,coke_z_big,471
frame_38,Rack_3,6,7,coke_z_big,430
frame_38,Rack_3,27,5,coke_v_big,390
frame_38,Rack_3,19,5,coke_v_big,352
frame_38,Rack_3,17,5,coke_v_big,314
frame_38,Rack_3,7,5,coke_v_big,279
frame_38,Rack_3,2,5,coke_v_big,242
frame_38,Rack_3,8,14,pepsi_big,205
frame_38,Rack_3,11,14,pepsi_big,172
frame_38,Rack_3,47,14,pepsi_big,139
frame_38,Rack_3,38,10,fanta_grape_big,102
frame_38,Rack_3,57,10,fanta_grape_big,71
frame_38,Rack_3,67,12,fanta_straw_big,18
frame_39,Rack_3,64,9,empty,611
frame_39,Rack_3,4,7,coke_z_big,558
frame_39,Rack_3,5,7,coke_z_big,514
frame_39,Rack_3,3,7,coke_z_big,472
frame_39,Rack_3,6,7,coke_z_big,431
frame_39,Rack_3,27,5,coke_v_big,391
frame_39,Rack_3,19,5,coke_v_big,353
frame_39,Rack_3,17,5,coke_v_big,315
frame_39,Rack_3,7,5,coke_v_big,280
frame_39,Rack_3,2,5,coke_v_big,243
frame_39,Rack_3,8,14,pepsi_big,206
frame_39,Rack_3,11,14,pepsi_big,173
frame_39,Rack_3,47,14,pepsi_big,140
frame_39,Rack_3,38,10,fanta_grape_big,103
frame_39,Rack_3,57,10,fanta_grape_big,72
frame_39,Rack_3,67,12,fanta_straw_big,18
frame_4,Rack_3,4,7,coke_z_big,532
frame_4,Rack_3,5,7,coke_z_big,488
frame_4,Rack_3,3,7,coke_z_big,447
frame_4,Rack_3,6,7,coke_z_big,406
frame_4,Rack_3,27,5,coke_v_big,366
frame_4,Rack_3,19,5,coke_v_big,329
frame_4,Rack_3,17,5,coke_v_big,291
frame_4,Rack_3,7,5,coke_v_big,255
frame_4,Rack_3,2,5,coke_v_big,218
frame_4,Rack_3,8,14,pepsi_big,181
frame_4,Rack_3,11,14,pepsi_big,148
frame_4,Rack_3,47,14,pepsi_big,115
frame_4,Rack_3,38,10,fanta_grape_big,76
frame_4,Rack_3,57,10,fanta_grape_big,45
frame_40,Rack_3,4,7,coke_z_big,559
frame_40,Rack_3,5,7,coke_z_big,515
frame_40,Rack_3,3,7,coke_z_big,473
frame_40,Rack_3,6,7,coke_z_big,432
frame_40,Rack_3,27,5,coke_v_big,392
frame_40,Rack_3,19,5,coke_v_big,353
frame_40,Rack_3,17,5,coke_v_big,316
frame_40,Rack_3,7,5,coke_v_big,281
frame_40,Rack_3,2,5,coke_v_big,243
frame_40,Rack_3,8,14,pepsi_big,206
frame_40,Rack_3,11,14,pepsi_big,174
frame_40,Rack_3,47,14,pepsi_big,141
frame_40,Rack_3,38,10,fanta_grape_big,103
frame_40,Rack_3,57,10,fanta_grape_big,73
frame_40,Rack_3,67,12,fanta_straw_big,18
frame_41,Rack_3,4,7,coke_z_big,560
frame_41,Rack_3,5,7,coke_z_big,516
frame_41,Rack_3,3,7,coke_z_big,474
frame_41,Rack_3,6,7,coke_z_big,433
frame_41,Rack_3,27,5,coke_v_big,393
frame_41,Rack_3,19,5,coke_v_big,354
frame_41,Rack_3,17,5,coke_v_big,317
frame_41,Rack_3,7,5,coke_v_big,281
frame_41,Rack_3,2,5,coke_v_big,244
frame_41,Rack_3,8,14,pepsi_big,207
frame_41,Rack_3,11,14,pepsi_big,175
frame_41,Rack_3,47,14,pepsi_big,142
frame_41,Rack_3,38,10,fanta_grape_big,104
frame_41,Rack_3,57,10,fanta_grape_big,73
frame_41,Rack_3,67,12,fanta_straw_big,18
frame_42,Rack_3,4,7,coke_z_big,561
frame_42,Rack_3,5,7,coke_z_big,517
frame_42,Rack_3,3,7,coke_z_big,475
frame_42,Rack_3,6,7,coke_z_big,433
frame_42,Rack_3,27,5,coke_v_big,393
frame_42,Rack_3,19,5,coke_v_big,355
frame_42,Rack_3,17,5,coke_v_big,317
frame_42,Rack_3,7,5,coke_v_big,282
frame_42,Rack_3,2,5,coke_v_big,245
frame_42,Rack_3,8,14,pepsi_big,208
frame_42,Rack_3,11,14,pepsi_big,176
frame_42,Rack_3,47,14,pepsi_big,143
frame_42,Rack_3,38,10,fanta_grape_big,105
frame_42,Rack_3,57,10,fanta_grape_big,73
frame_42,Rack_3,67,12,fanta_straw_big,18
frame_43,Rack_3,4,7,coke_z_big,562
frame_43,Rack_3,5,7,coke_z_big,518
frame_43,Rack_3,3,7,coke_z_big,476
frame_43,Rack_3,6,7,coke_z_big,434
frame_43,Rack_3,27,5,coke_v_big,394
frame_43,Rack_3,19,5,coke_v_big,356
frame_43,Rack_3,17,5,coke_v_big,318
frame_43,Rack_3,7,5,coke_v_big,282
frame_43,Rack_3,2,5,coke_v_big,245
frame_43,Rack_3,8,14,pepsi_big,208
frame_43,Rack_3,11,14,pepsi_big,176
frame_43,Rack_3,47,14,pepsi_big,143
frame_43,Rack_3,38,10,fanta_grape_big,105
frame_43,Rack_3,57,10,fanta_grape_big,74
frame_43,Rack_3,67,12,fanta_straw_big,19
frame_44,Rack_3,4,7,coke_z_big,563
frame_44,Rack_3,5,7,coke_z_big,519
frame_44,Rack_3,3,7,coke_z_big,477
frame_44,Rack_3,6,7,coke_z_big,435
frame_44,Rack_3,27,5,coke_v_big,395
frame_44,Rack_3,19,5,coke_v_big,356
frame_44,Rack_3,17,5,coke_v_big,319
frame_44,Rack_3,7,5,coke_v_big,283
frame_44,Rack_3,2,5,coke_v_big,246
frame_44,Rack_3,8,14,pepsi_big,209
frame_44,Rack_3,11,14,pepsi_big,177
frame_44,Rack_3,47,14,pepsi_big,144
frame_44,Rack_3,38,10,fanta_grape_big,106
frame_44,Rack_3,67,12,fanta_straw_big,19
frame_45,Rack_3,4,7,coke_z_big,564
frame_45,Rack_3,5,7,coke_z_big,520
frame_45,Rack_3,3,7,coke_z_big,477
frame_45,Rack_3,6,7,coke_z_big,436
frame_45,Rack_3,27,5,coke_v_big,395
frame_45,Rack_3,19,5,coke_v_big,357
frame_45,Rack_3,17,5,coke_v_big,319
frame_45,Rack_3,7,5,coke_v_big,283
frame_45,Rack_3,2,5,coke_v_big,246
frame_45,Rack_3,8,14,pepsi_big,210
frame_45,Rack_3,11,14,pepsi_big,178
frame_45,Rack_3,47,14,pepsi_big,145
frame_45,Rack_3,38,10,fanta_grape_big,107
frame_45,Rack_3,57,10,fanta_grape_big,76
frame_45,Rack_3,67,12,fanta_straw_big,19
frame_46,Rack_3,4,7,coke_z_big,565
frame_46,Rack_3,5,7,coke_z_big,521
frame_46,Rack_3,3,7,coke_z_big,478
frame_46,Rack_3,6,7,coke_z_big,437
frame_46,Rack_3,27,5,coke_v_big,396
frame_46,Rack_3,19,5,coke_v_big,358
frame_46,Rack_3,17,5,coke_v_big,320
frame_46,Rack_3,7,5,coke_v_big,284
frame_46,Rack_3,2,5,coke_v_big,247
frame_46,Rack_3,8,14,pepsi_big,211
frame_46,Rack_3,11,14,pepsi_big,179
frame_46,Rack_3,47,14,pepsi_big,146
frame_46,Rack_3,38,10,fanta_grape_big,108
frame_46,Rack_3,57,10,fanta_grape_big,76
frame_46,Rack_3,67,12,fanta_straw_big,20
frame_47,Rack_3,4,7,coke_z_big,567
frame_47,Rack_3,5,7,coke_z_big,522
frame_47,Rack_3,3,7,coke_z_big,479
frame_47,Rack_3,6,7,coke_z_big,438
frame_47,Rack_3,27,5,coke_v_big,397
frame_47,Rack_3,19,5,coke_v_big,359
frame_47,Rack_3,17,5,coke_v_big,321
frame_47,Rack_3,7,5,coke_v_big,285
frame_47,Rack_3,2,5,coke_v_big,248
frame_47,Rack_3,8,14,pepsi_big,212
frame_47,Rack_3,11,14,pepsi_big,180
frame_47,Rack_3,47,14,pepsi_big,146
frame_47,Rack_3,38,10,fanta_grape_big,108
frame_47,Rack_3,67,12,fanta_straw_big,20
frame_48,Rack_3,4,7,coke_z_big,568
frame_48,Rack_3,5,7,coke_z_big,523
frame_48,Rack_3,3,7,coke_z_big,480
frame_48,Rack_3,6,7,coke_z_big,439
frame_48,Rack_3,27,5,coke_v_big,398
frame_48,Rack_3,19,5,coke_v_big,360
frame_48,Rack_3,17,5,coke_v_big,322
frame_48,Rack_3,7,5,coke_v_big,286
frame_48,Rack_3,2,5,coke_v_big,249
frame_48,Rack_3,8,14,pepsi_big,213
frame_48,Rack_3,11,14,pepsi_big,180
frame_48,Rack_3,47,14,pepsi_big,147
frame_48,Rack_3,38,10,fanta_grape_big,109
frame_48,Rack_3,67,12,fanta_straw_big,20
frame_49,Rack_3,4,7,coke_z_big,570
frame_49,Rack_3,5,7,coke_z_big,524
frame_49,Rack_3,3,7,coke_z_big,482
frame_49,Rack_3,6,7,coke_z_big,440
frame_49,Rack_3,27,5,coke_v_big,399
frame_49,Rack_3,19,5,coke_v_big,360
frame_49,Rack_3,17,5,coke_v_big,323
frame_49,Rack_3,7,5,coke_v_big,287
frame_49,Rack_3,2,5,coke_v_big,250
frame_49,Rack_3,8,14,pepsi_big,214
frame_49,Rack_3,11,14,pepsi_big,181
frame_49,Rack_3,47,14,pepsi_big,148
frame_49,Rack_3,38,10,fanta_grape_big,110
frame_49,Rack_3,67,12,fanta_straw_big,21
frame_5,Rack_3,4,7,coke_z_big,532
frame_5,Rack_3,5,7,coke_z_big,488
frame_5,Rack_3,3,7,coke_z_big,447
frame_5,Rack_3,6,7,coke_z_big,406
frame_5,Rack_3,27,5,coke_v_big,366
frame_5,Rack_3,19,5,coke_v_big,329
frame_5,Rack_3,17,5,coke_v_big,292
frame_5,Rack_3,7,5,coke_v_big,255
frame_5,Rack_3,2,5,coke_v_big,218
frame_5,Rack_3,8,14,pepsi_big,181
frame_5,Rack_3,11,14,pepsi_big,148
frame_5,Rack_3,47,14,pepsi_big,115
frame_5,Rack_3,38,10,fanta_grape_big,77
frame_5,Rack_3,57,10,fanta_grape_big,45
frame_50,Rack_3,4,7,coke_z_big,571
frame_50,Rack_3,5,7,coke_z_big,525
frame_50,Rack_3,3,7,coke_z_big,483
frame_50,Rack_3,6,7,coke_z_big,441
frame_50,Rack_3,27,5,coke_v_big,400
frame_50,Rack_3,19,5,coke_v_big,361
frame_50,Rack_3,17,5,coke_v_big,324
frame_50,Rack_3,7,5,coke_v_big,288
frame_50,Rack_3,2,5,coke_v_big,250
frame_50,Rack_3,8,14,pepsi_big,215
frame_50,Rack_3,11,14,pepsi_big,182
frame_50,Rack_3,47,14,pepsi_big,149
frame_50,Rack_3,38,10,fanta_grape_big,111
frame_50,Rack_3,67,12,fanta_straw_big,22
frame_51,Rack_3,4,7,coke_z_big,572
frame_51,Rack_3,5,7,coke_z_big,526
frame_51,Rack_3,3,7,coke_z_big,484
frame_51,Rack_3,6,7,coke_z_big,442
frame_51,Rack_3,27,5,coke_v_big,401
frame_51,Rack_3,19,5,coke_v_big,362
frame_51,Rack_3,17,5,coke_v_big,325
frame_51,Rack_3,7,5,coke_v_big,289
frame_51,Rack_3,2,5,coke_v_big,251
frame_51,Rack_3,8,14,pepsi_big,215
frame_51,Rack_3,11,14,pepsi_big,183
frame_51,Rack_3,47,14,pepsi_big,150
frame_51,Rack_3,38,10,fanta_grape_big,112
frame_51,Rack_3,67,12,fanta_straw_big,23
frame_52,Rack_3,4,7,coke_z_big,573
frame_52,Rack_3,5,7,coke_z_big,527
frame_52,Rack_3,3,7,coke_z_big,485
frame_52,Rack_3,6,7,coke_z_big,443
frame_52,Rack_3,27,5,coke_v_big,402
frame_52,Rack_3,19,5,coke_v_big,363
frame_52,Rack_3,17,5,coke_v_big,326
frame_52,Rack_3,7,5,coke_v_big,290
frame_52,Rack_3,2,5,coke_v_big,252
frame_52,Rack_3,8,14,pepsi_big,216
frame_52,Rack_3,11,14,pepsi_big,183
frame_52,Rack_3,47,14,pepsi_big,151
frame_52,Rack_3,38,10,fanta_grape_big,113
frame_52,Rack_3,57,10,fanta_grape_big,81
frame_52,Rack_3,67,12,fanta_straw_big,23
frame_53,Rack_3,4,7,coke_z_big,574
frame_53,Rack_3,5,7,coke_z_big,529
frame_53,Rack_3,3,7,coke_z_big,486
frame_53,Rack_3,6,7,coke_z_big,444
frame_53,Rack_3,27,5,coke_v_big,404
frame_53,Rack_3,19,5,coke_v_big,364
frame_53,Rack_3,17,5,coke_v_big,327
frame_53,Rack_3,7,5,coke_v_big,290
frame_53,Rack_3,2,5,coke_v_big,253
frame_53,Rack_3,8,14,pepsi_big,217
frame_53,Rack_3,11,14,pepsi_big,184
frame_53,Rack_3,47,14,pepsi_big,151
frame_53,Rack_3,38,10,fanta_grape_big,114
frame_53,Rack_3,57,10,fanta_grape_big,82
frame_53,Rack_3,67,12,fanta_straw_big,24
frame_54,Rack_3,4,7,coke_z_big,575
frame_54,Rack_3,5,7,coke_z_big,530
frame_54,Rack_3,3,7,coke_z_big,488
frame_54,Rack_3,6,7,coke_z_big,446
frame_54,Rack_3,27,5,coke_v_big,405
frame_54,Rack_3,19,5,coke_v_big,365
frame_54,Rack_3,17,5,coke_v_big,328
frame_54,Rack_3,7,5,coke_v_big,292
frame_54,Rack_3,2,5,coke_v_big,255
frame_54,Rack_3,8,14,pepsi_big,218
frame_54,Rack_3,11,14,pepsi_big,186
frame_54,Rack_3,47,14,pepsi_big,152
frame_54,Rack_3,38,10,fanta_grape_big,115
frame_54,Rack_3,57,10,fanta_grape_big,83
frame_54,Rack_3,67,12,fanta_straw_big,25
frame_55,Rack_3,4,7,coke_z_big,577
frame_55,Rack_3,5,7,coke_z_big,531
frame_55,Rack_3,3,7,coke_z_big,489
frame_55,Rack_3,6,7,coke_z_big,447
frame_55,Rack_3,27,5,coke_v_big,406
frame_55,Rack_3,19,5,coke_v_big,367
frame_55,Rack_3,17,5,coke_v_big,329
frame_55,Rack_3,7,5,coke_v_big,293
frame_55,Rack_3,2,5,coke_v_big,256
frame_55,Rack_3,8,14,pepsi_big,220
frame_55,Rack_3,11,14,pepsi_big,187
frame_55,Rack_3,47,14,pepsi_big,153
frame_55,Rack_3,38,10,fanta_grape_big,117
frame_55,Rack_3,57,10,fanta_grape_big,85
frame_55,Rack_3,67,12,fanta_straw_big,25
frame_56,Rack_3,4,7,coke_z_big,578
frame_56,Rack_3,5,7,coke_z_big,533
frame_56,Rack_3,3,7,coke_z_big,491
frame_56,Rack_3,6,7,coke_z_big,449
frame_56,Rack_3,27,5,coke_v_big,408
frame_56,Rack_3,19,5,coke_v_big,369
frame_56,Rack_3,17,5,coke_v_big,331
frame_56,Rack_3,7,5,coke_v_big,295
frame_56,Rack_3,2,5,coke_v_big,258
frame_56,Rack_3,8,14,pepsi_big,221
frame_56,Rack_3,11,14,pepsi_big,188
frame_56,Rack_3,47,14,pepsi_big,155
frame_56,Rack_3,38,10,fanta_grape_big,118
frame_56,Rack_3,57,10,fanta_grape_big,86
frame_56,Rack_3,67,12,fanta_straw_big,27
frame_57,Rack_3,4,7,coke_z_big,580
frame_57,Rack_3,5,7,coke_z_big,535
frame_57,Rack_3,3,7,coke_z_big,492
frame_57,Rack_3,6,7,coke_z_big,451
frame_57,Rack_3,27,5,coke_v_big,409
frame_57,Rack_3,19,5,coke_v_big,370
frame_57,Rack_3,17,5,coke_v_big,333
frame_57,Rack_3,7,5,coke_v_big,296
frame_57,Rack_3,2,5,coke_v_big,259
frame_57,Rack_3,8,14,pepsi_big,223
frame_57,Rack_3,11,14,pepsi_big,189
frame_57,Rack_3,47,14,pepsi_big,156
frame_57,Rack_3,38,10,fanta_grape_big,120
frame_57,Rack_3,57,10,fanta_grape_big,88
frame_57,Rack_3,67,12,fanta_straw_big,29
frame_58,Rack_3,4,7,coke_z_big,583
frame_58,Rack_3,5,7,coke_z_big,537
frame_58,Rack_3,3,7,coke_z_big,494
frame_58,Rack_3,6,7,coke_z_big,453
frame_58,Rack_3,27,5,coke_v_big,411
frame_58,Rack_3,19,5,coke_v_big,372
frame_58,Rack_3,17,5,coke_v_big,334
frame_58,Rack_3,7,5,coke_v_big,298
frame_58,Rack_3,2,5,coke_v_big,261
frame_58,Rack_3,8,14,pepsi_big,224
frame_58,Rack_3,11,14,pepsi_big,191
frame_58,Rack_3,47,14,pepsi_big,158
frame_58,Rack_3,38,10,fanta_grape_big,121
frame_58,Rack_3,57,10,fanta_grape_big,89
frame_58,Rack_3,67,12,fanta_straw_big,30
frame_59,Rack_3,4,7,coke_z_big,585
frame_59,Rack_3,5,7,coke_z_big,539
frame_59,Rack_3,3,7,coke_z_big,496
frame_59,Rack_3,6,7,coke_z_big,454
frame_59,Rack_3,27,5,coke_v_big,413
frame_59,Rack_3,19,5,coke_v_big,374
frame_59,Rack_3,17,5,coke_v_big,336
frame_59,Rack_3,7,5,coke_v_big,299
frame_59,Rack_3,2,5,coke_v_big,263
frame_59,Rack_3,8,14,pepsi_big,226
frame_59,Rack_3,11,14,pepsi_big,194
frame_59,Rack_3,47,14,pepsi_big,160
frame_59,Rack_3,38,10,fanta_grape_big,123
frame_59,Rack_3,57,10,fanta_grape_big,91
frame_59,Rack_3,67,12,fanta_straw_big,32
frame_6,Rack_3,4,7,coke_z_big,532
frame_6,Rack_3,5,7,coke_z_big,488
frame_6,Rack_3,3,7,coke_z_big,447
frame_6,Rack_3,6,7,coke_z_big,407
frame_6,Rack_3,27,5,coke_v_big,367
frame_6,Rack_3,19,5,coke_v_big,329
frame_6,Rack_3,17,5,coke_v_big,292
frame_6,Rack_3,7,5,coke_v_big,256
frame_6,Rack_3,2,5,coke_v_big,218
frame_6,Rack_3,8,14,pepsi_big,181
frame_6,Rack_3,11,14,pepsi_big,148
frame_6,Rack_3,47,14,pepsi_big,115
frame_6,Rack_3,38,10,fanta_grape_big,77
frame_60,Rack_3,4,7,coke_z_big,587
frame_60,Rack_3,5,7,coke_z_big,541
frame_60,Rack_3,3,7,coke_z_big,498
frame_60,Rack_3,6,7,coke_z_big,457
frame_60,Rack_3,27,5,coke_v_big,415
frame_60,Rack_3,19,5,coke_v_big,376
frame_60,Rack_3,17,5,coke_v_big,338
frame_60,Rack_3,7,5,coke_v_big,301
frame_60,Rack_3,2,5,coke_v_big,264
frame_60,Rack_3,8,14,pepsi_big,228
frame_60,Rack_3,11,14,pepsi_big,195
frame_60,Rack_3,47,14,pepsi_big,161
frame_60,Rack_3,38,10,fanta_grape_big,125
frame_60,Rack_3,57,10,fanta_grape_big,93
frame_60,Rack_3,73,10,fanta_grape_big,66
frame_60,Rack_3,67,12,fanta_straw_big,34
frame_61,Rack_3,4,7,coke_z_big,589
frame_61,Rack_3,5,7,coke_z_big,544
frame_61,Rack_3,3,7,coke_z_big,501
frame_61,Rack_3,6,7,coke_z_big,459
frame_61,Rack_3,27,5,coke_v_big,417
frame_61,Rack_3,19,5,coke_v_big,378
frame_61,Rack_3,17,5,coke_v_big,340
frame_61,Rack_3,7,5,coke_v_big,303
frame_61,Rack_3,2,5,coke_v_big,266
frame_61,Rack_3,8,14,pepsi_big,230
frame_61,Rack_3,11,14,pepsi_big,197
frame_61,Rack_3,47,14,pepsi_big,164
frame_61,Rack_3,38,10,fanta_grape_big,126
frame_61,Rack_3,57,10,fanta_grape_big,95
frame_61,Rack_3,73,10,fanta_grape_big,68
frame_61,Rack_3,67,12,fanta_straw_big,36
frame_62,Rack_3,4,7,coke_z_big,591
frame_62,Rack_3,5,7,coke_z_big,546
frame_62,Rack_3,3,7,coke_z_big,503
frame_62,Rack_3,6,7,coke_z_big,461
frame_62,Rack_3,27,5,coke_v_big,419
frame_62,Rack_3,19,5,coke_v_big,380
frame_62,Rack_3,17,5,coke_v_big,342
frame_62,Rack_3,7,5,coke_v_big,305
frame_62,Rack_3,2,5,coke_v_big,268
frame_62,Rack_3,8,14,pepsi_big,232
frame_62,Rack_3,11,14,pepsi_big,199
frame_62,Rack_3,47,14,pepsi_big,166
frame_62,Rack_3,38,10,fanta_grape_big,128
frame_62,Rack_3,57,10,fanta_grape_big,97
frame_62,Rack_3,67,12,fanta_straw_big,38
frame_63,Rack_3,4,7,coke_z_big,594
frame_63,Rack_3,5,7,coke_z_big,549
frame_63,Rack_3,3,7,coke_z_big,506
frame_63,Rack_3,6,7,coke_z_big,463
frame_63,Rack_3,27,5,coke_v_big,422
frame_63,Rack_3,19,5,coke_v_big,382
frame_63,Rack_3,17,5,coke_v_big,344
frame_63,Rack_3,7,5,coke_v_big,307
frame_63,Rack_3,2,5,coke_v_big,270
frame_63,Rack_3,8,14,pepsi_big,234
frame_63,Rack_3,11,14,pepsi_big,201
frame_63,Rack_3,47,14,pepsi_big,168
frame_63,Rack_3,38,10,fanta_grape_big,131
frame_63,Rack_3,57,10,fanta_grape_big,99
frame_63,Rack_3,67,12,fanta_straw_big,41
frame_64,Rack_3,4,7,coke_z_big,596
frame_64,Rack_3,5,7,coke_z_big,551
frame_64,Rack_3,3,7,coke_z_big,508
frame_64,Rack_3,6,7,coke_z_big,465
frame_64,Rack_3,27,5,coke_v_big,424
frame_64,Rack_3,19,5,coke_v_big,384
frame_64,Rack_3,17,5,coke_v_big,346
frame_64,Rack_3,7,5,coke_v_big,309
frame_64,Rack_3,2,5,coke_v_big,272
frame_64,Rack_3,8,14,pepsi_big,236
frame_64,Rack_3,11,14,pepsi_big,203
frame_64,Rack_3,47,14,pepsi_big,169
frame_64,Rack_3,38,10,fanta_grape_big,133
frame_64,Rack_3,57,10,fanta_grape_big,101
frame_64,Rack_3,67,12,fanta_straw_big,42
frame_65,Rack_3,4,7,coke_z_big,598
frame_65,Rack_3,5,7,coke_z_big,553
frame_65,Rack_3,3,7,coke_z_big,510
frame_65,Rack_3,6,7,coke_z_big,467
frame_65,Rack_3,27,5,coke_v_big,425
frame_65,Rack_3,19,5,coke_v_big,386
frame_65,Rack_3,17,5,coke_v_big,347
frame_65,Rack_3,7,5,coke_v_big,311
frame_65,Rack_3,2,5,coke_v_big,274
frame_65,Rack_3,8,14,pepsi_big,237
frame_65,Rack_3,11,14,pepsi_big,204
frame_65,Rack_3,47,14,pepsi_big,170
frame_65,Rack_3,38,10,fanta_grape_big,134
frame_65,Rack_3,57,10,fanta_grape_big,102
frame_65,Rack_3,67,12,fanta_straw_big,43
frame_66,Rack_3,4,7,coke_z_big,600
frame_66,Rack_3,5,7,coke_z_big,555
frame_66,Rack_3,3,7,coke_z_big,511
frame_66,Rack_3,6,7,coke_z_big,469
frame_66,Rack_3,27,5,coke_v_big,427
frame_66,Rack_3,19,5,coke_v_big,387
frame_66,Rack_3,17,5,coke_v_big,349
frame_66,Rack_3,7,5,coke_v_big,312
frame_66,Rack_3,2,5,coke_v_big,275
frame_66,Rack_3,8,14,pepsi_big,238
frame_66,Rack_3,11,14,pepsi_big,206
frame_66,Rack_3,47,14,pepsi_big,172
frame_66,Rack_3,38,10,fanta_grape_big,135
frame_66,Rack_3,57,10,fanta_grape_big,103
frame_66,Rack_3,73,10,fanta_grape_big,78
frame_66,Rack_3,67,12,fanta_straw_big,45
frame_67,Rack_3,4,7,coke_z_big,602
frame_67,Rack_3,5,7,coke_z_big,557
frame_67,Rack_3,3,7,coke_z_big,513
frame_67,Rack_3,6,7,coke_z_big,470
frame_67,Rack_3,27,5,coke_v_big,428
frame_67,Rack_3,19,5,coke_v_big,389
frame_67,Rack_3,17,5,coke_v_big,351
frame_67,Rack_3,7,5,coke_v_big,314
frame_67,Rack_3,2,5,coke_v_big,276
frame_67,Rack_3,8,14,pepsi_big,240
frame_67,Rack_3,11,14,pepsi_big,207
frame_67,Rack_3,47,14,pepsi_big,174
frame_67,Rack_3,38,10,fanta_grape_big,137
frame_67,Rack_3,57,10,fanta_grape_big,105
frame_67,Rack_3,73,10,fanta_grape_big,79
frame_67,Rack_3,67,12,fanta_straw_big,46
frame_68,Rack_3,4,7,coke_z_big,603
frame_68,Rack_3,5,7,coke_z_big,558
frame_68,Rack_3,3,7,coke_z_big,514
frame_68,Rack_3,6,7,coke_z_big,472
frame_68,Rack_3,27,5,coke_v_big,430
frame_68,Rack_3,19,5,coke_v_big,390
frame_68,Rack_3,17,5,coke_v_big,352
frame_68,Rack_3,7,5,coke_v_big,314
frame_68,Rack_3,2,5,coke_v_big,278
frame_68,Rack_3,8,14,pepsi_big,242
frame_68,Rack_3,11,14,pepsi_big,209
frame_68,Rack_3,47,14,pepsi_big,175
frame_68,Rack_3,38,10,fanta_grape_big,138
frame_68,Rack_3,57,10,fanta_grape_big,106
frame_68,Rack_3,73,10,fanta_grape_big,81
frame_68,Rack_3,67,12,fanta_straw_big,48
frame_69,Rack_3,4,7,coke_z_big,606
frame_69,Rack_3,5,7,coke_z_big,560
frame_69,Rack_3,3,7,coke_z_big,516
frame_69,Rack_3,6,7,coke_z_big,473
frame_69,Rack_3,27,5,coke_v_big,432
frame_69,Rack_3,19,5,coke_v_big,392
frame_69,Rack_3,17,5,coke_v_big,353
frame_69,Rack_3,7,5,coke_v_big,316
frame_69,Rack_3,2,5,coke_v_big,279
frame_69,Rack_3,8,14,pepsi_big,243
frame_69,Rack_3,11,14,pepsi_big,211
frame_69,Rack_3,47,14,pepsi_big,177
frame_69,Rack_3,38,10,fanta_grape_big,139
frame_69,Rack_3,57,10,fanta_grape_big,107
frame_69,Rack_3,73,10,fanta_grape_big,82
frame_69,Rack_3,67,12,fanta_straw_big,50
frame_69,Rack_3,78,12,fanta_straw_big,17
frame_7,Rack_3,4,7,coke_z_big,532
frame_7,Rack_3,5,7,coke_z_big,488
frame_7,Rack_3,3,7,coke_z_big,447
frame_7,Rack_3,6,7,coke_z_big,407
frame_7,Rack_3,27,5,coke_v_big,367
frame_7,Rack_3,19,5,coke_v_big,329
frame_7,Rack_3,17,5,coke_v_big,292
frame_7,Rack_3,7,5,coke_v_big,256
frame_7,Rack_3,2,5,coke_v_big,219
frame_7,Rack_3,8,14,pepsi_big,182
frame_7,Rack_3,11,14,pepsi_big,149
frame_7,Rack_3,47,14,pepsi_big,115
frame_7,Rack_3,38,10,fanta_grape_big,78
frame_70,Rack_3,4,7,coke_z_big,607
frame_70,Rack_3,5,7,coke_z_big,561
frame_70,Rack_3,3,7,coke_z_big,517
frame_70,Rack_3,6,7,coke_z_big,475
frame_70,Rack_3,27,5,coke_v_big,432
frame_70,Rack_3,19,5,coke_v_big,392
frame_70,Rack_3,17,5,coke_v_big,354
frame_70,Rack_3,7,5,coke_v_big,317
frame_70,Rack_3,2,5,coke_v_big,280
frame_70,Rack_3,8,14,pepsi_big,244
frame_70,Rack_3,11,14,pepsi_big,211
frame_70,Rack_3,47,14,pepsi_big,178
frame_70,Rack_3,38,10,fanta_grape_big,140
frame_70,Rack_3,57,10,fanta_grape_big,108
frame_70,Rack_3,73,10,fanta_grape_big,83
frame_70,Rack_3,67,12,fanta_straw_big,50
frame_70,Rack_3,78,12,fanta_straw_big,17
frame_71,Rack_3,4,7,coke_z_big,608
frame_71,Rack_3,5,7,coke_z_big,562
frame_71,Rack_3,3,7,coke_z_big,518
frame_71,Rack_3,6,7,coke_z_big,475
frame_71,Rack_3,27,5,coke_v_big,433
frame_71,Rack_3,19,5,coke_v_big,393
frame_71,Rack_3,17,5,coke_v_big,354
frame_71,Rack_3,7,5,coke_v_big,317
frame_71,Rack_3,2,5,coke_v_big,280
frame_71,Rack_3,8,14,pepsi_big,245
frame_71,Rack_3,11,14,pepsi_big,212
frame_71,Rack_3,47,14,pepsi_big,178
frame_71,Rack_3,38,10,fanta_grape_big,141
frame_71,Rack_3,57,10,fanta_grape_big,108
frame_71,Rack_3,73,10,fanta_grape_big,83
frame_71,Rack_3,67,12,fanta_straw_big,50
frame_71,Rack_3,78,12,fanta_straw_big,17
frame_72,Rack_3,4,7,coke_z_big,609
frame_72,Rack_3,5,7,coke_z_big,562
frame_72,Rack_3,3,7,coke_z_big,518
frame_72,Rack_3,6,7,coke_z_big,476
frame_72,Rack_3,27,5,coke_v_big,433
frame_72,Rack_3,19,5,coke_v_big,393
frame_72,Rack_3,17,5,coke_v_big,355
frame_72,Rack_3,7,5,coke_v_big,317
frame_72,Rack_3,2,5,coke_v_big,280
frame_72,Rack_3,8,14,pepsi_big,245
frame_72,Rack_3,11,14,pepsi_big,212
frame_72,Rack_3,47,14,pepsi_big,178
frame_72,Rack_3,38,10,fanta_grape_big,141
frame_72,Rack_3,57,10,fanta_grape_big,108
frame_72,Rack_3,73,10,fanta_grape_big,83
frame_72,Rack_3,67,12,fanta_straw_big,50
frame_72,Rack_3,78,12,fanta_straw_big,17
frame_73,Rack_3,4,7,coke_z_big,609
frame_73,Rack_3,5,7,coke_z_big,562
frame_73,Rack_3,3,7,coke_z_big,519
frame_73,Rack_3,6,7,coke_z_big,476
frame_73,Rack_3,27,5,coke_v_big,434
frame_73,Rack_3,19,5,coke_v_big,393
frame_73,Rack_3,17,5,coke_v_big,355
frame_73,Rack_3,7,5,coke_v_big,317
frame_73,Rack_3,2,5,coke_v_big,280
frame_73,Rack_3,8,14,pepsi_big,244
frame_73,Rack_3,11,14,pepsi_big,212
frame_73,Rack_3,47,14,pepsi_big,178
frame_73,Rack_3,38,10,fanta_grape_big,140
frame_73,Rack_3,57,10,fanta_grape_big,108
frame_73,Rack_3,73,10,fanta_grape_big,83
frame_73,Rack_3,67,12,fanta_straw_big,50
frame_73,Rack_3,78,12,fanta_straw_big,17
frame_74,Rack_3,4,7,coke_z_big,609
frame_74,Rack_3,5,7,coke_z_big,563
frame_74,Rack_3,3,7,coke_z_big,519
frame_74,Rack_3,6,7,coke_z_big,476
frame_74,Rack_3,27,5,coke_v_big,433
frame_74,Rack_3,19,5,coke_v_big,393
frame_74,Rack_3,17,5,coke_v_big,355
frame_74,Rack_3,7,5,coke_v_big,317
frame_74,Rack_3,2,5,coke_v_big,280
frame_74,Rack_3,8,14,pepsi_big,244
frame_74,Rack_3,11,14,pepsi_big,212
frame_74,Rack_3,47,14,pepsi_big,178
frame_74,Rack_3,38,10,fanta_grape_big,140
frame_74,Rack_3,57,10,fanta_grape_big,108
frame_74,Rack_3,73,10,fanta_grape_big,83
frame_74,Rack_3,67,12,fanta_straw_big,50
frame_74,Rack_3,78,12,fanta_straw_big,17
frame_75,Rack_3,4,7,coke_z_big,609
frame_75,Rack_3,5,7,coke_z_big,563
frame_75,Rack_3,3,7,coke_z_big,519
frame_75,Rack_3,6,7,coke_z_big,476
frame_75,Rack_3,27,5,coke_v_big,434
frame_75,Rack_3,19,5,coke_v_big,394
frame_75,Rack_3,17,5,coke_v_big,355
frame_75,Rack_3,7,5,coke_v_big,317
frame_75,Rack_3,2,5,coke_v_big,280
frame_75,Rack_3,8,14,pepsi_big,245
frame_75,Rack_3,11,14,pepsi_big,212
frame_75,Rack_3,47,14,pepsi_big,178
frame_75,Rack_3,38,10,fanta_grape_big,140
frame_75,Rack_3,57,10,fanta_grape_big,108
frame_75,Rack_3,73,10,fanta_grape_big,83
frame_75,Rack_3,67,12,fanta_straw_big,50
frame_75,Rack_3,78,12,fanta_straw_big,17
frame_76,Rack_3,4,7,coke_z_big,610
frame_76,Rack_3,5,7,coke_z_big,564
frame_76,Rack_3,3,7,coke_z_big,520
frame_76,Rack_3,6,7,coke_z_big,477
frame_76,Rack_3,27,5,coke_v_big,434
frame_76,Rack_3,19,5,coke_v_big,394
frame_76,Rack_3,17,5,coke_v_big,355
frame_76,Rack_3,7,5,coke_v_big,318
frame_76,Rack_3,2,5,coke_v_big,281
frame_76,Rack_3,8,14,pepsi_big,245
frame_76,Rack_3,11,14,pepsi_big,212
frame_76,Rack_3,47,14,pepsi_big,179
frame_76,Rack_3,38,10,fanta_grape_big,141
frame_76,Rack_3,57,10,fanta_grape_big,109
frame_76,Rack_3,73,10,fanta_grape_big,83
frame_76,Rack_3,67,12,fanta_straw_big,51
frame_76,Rack_3,78,12,fanta_straw_big,17
frame_77,Rack_3,4,7,coke_z_big,611
frame_77,Rack_3,5,7,coke_z_big,565
frame_77,Rack_3,3,7,coke_z_big,521
frame_77,Rack_3,6,7,coke_z_big,478
frame_77,Rack_3,27,5,coke_v_big,435
frame_77,Rack_3,19,5,coke_v_big,395
frame_77,Rack_3,17,5,coke_v_big,356
frame_77,Rack_3,7,5,coke_v_big,319
frame_77,Rack_3,2,5,coke_v_big,281
frame_77,Rack_3,8,14,pepsi_big,246
frame_77,Rack_3,11,14,pepsi_big,213
frame_77,Rack_3,47,14,pepsi_big,179
frame_77,Rack_3,38,10,fanta_grape_big,142
frame_77,Rack_3,57,10,fanta_grape_big,110
frame_77,Rack_3,67,12,fanta_straw_big,51
frame_77,Rack_3,78,12,fanta_straw_big,18
frame_78,Rack_3,4,7,coke_z_big,612
frame_78,Rack_3,5,7,coke_z_big,567
frame_78,Rack_3,3,7,coke_z_big,522
frame_78,Rack_3,6,7,coke_z_big,479
frame_78,Rack_3,27,5,coke_v_big,436
frame_78,Rack_3,19,5,coke_v_big,396
frame_78,Rack_3,17,5,coke_v_big,357
frame_78,Rack_3,7,5,coke_v_big,320
frame_78,Rack_3,2,5,coke_v_big,282
frame_78,Rack_3,8,14,pepsi_big,246
frame_78,Rack_3,11,14,pepsi_big,214
frame_78,Rack_3,47,14,pepsi_big,180
frame_78,Rack_3,38,10,fanta_grape_big,143
frame_78,Rack_3,57,10,fanta_grape_big,111
frame_78,Rack_3,67,12,fanta_straw_big,52
frame_78,Rack_3,78,12,fanta_straw_big,18
frame_79,Rack_3,4,7,coke_z_big,613
frame_79,Rack_3,5,7,coke_z_big,568
frame_79,Rack_3,3,7,coke_z_big,524
frame_79,Rack_3,6,7,coke_z_big,481
frame_79,Rack_3,27,5,coke_v_big,437
frame_79,Rack_3,19,5,coke_v_big,397
frame_79,Rack_3,17,5,coke_v_big,359
frame_79,Rack_3,7,5,coke_v_big,321
frame_79,Rack_3,2,5,coke_v_big,283
frame_79,Rack_3,8,14,pepsi_big,247
frame_79,Rack_3,11,14,pepsi_big,215
frame_79,Rack_3,47,14,pepsi_big,181
frame_79,Rack_3,38,10,fanta_grape_big,144
frame_79,Rack_3,57,10,fanta_grape_big,112
frame_79,Rack_3,67,12,fanta_straw_big,53
frame_79,Rack_3,78,12,fanta_straw_big,19
frame_8,Rack_3,4,7,coke_z_big,533
frame_8,Rack_3,5,7,coke_z_big,489
frame_8,Rack_3,3,7,coke_z_big,448
frame_8,Rack_3,6,7,coke_z_big,407
frame_8,Rack_3,27,5,coke_v_big,367
frame_8,Rack_3,19,5,coke_v_big,330
frame_8,Rack_3,17,5,coke_v_big,293
frame_8,Rack_3,7,5,coke_v_big,257
frame_8,Rack_3,2,5,coke_v_big,219
frame_8,Rack_3,8,14,pepsi_big,182
frame_8,Rack_3,11,14,pepsi_big,149
frame_8,Rack_3,47,14,pepsi_big,116
frame_8,Rack_3,38,10,fanta_grape_big,78
frame_80,Rack_3,4,7,coke_z_big,614
frame_80,Rack_3,5,7,coke_z_big,570
frame_80,Rack_3,3,7,coke_z_big,525
frame_80,Rack_3,6,7,coke_z_big,482
frame_80,Rack_3,27,5,coke_v_big,439
frame_80,Rack_3,19,5,coke_v_big,398
frame_80,Rack_3,17,5,coke_v_big,360
frame_80,Rack_3,7,5,coke_v_big,322
frame_80,Rack_3,2,5,coke_v_big,284
frame_80,Rack_3,8,14,pepsi_big,248
frame_80,Rack_3,11,14,pepsi_big,216
frame_80,Rack_3,47,14,pepsi_big,182
frame_80,Rack_3,38,10,fanta_grape_big,145
frame_80,Rack_3,57,10,fanta_grape_big,113
frame_80,Rack_3,73,10,fanta_grape_big,86
frame_80,Rack_3,67,12,fanta_straw_big,55
frame_80,Rack_3,78,12,fanta_straw_big,20
frame_81,Rack_3,4,7,coke_z_big,614
frame_81,Rack_3,5,7,coke_z_big,571
frame_81,Rack_3,3,7,coke_z_big,527
frame_81,Rack_3,6,7,coke_z_big,483
frame_81,Rack_3,27,5,coke_v_big,440
frame_81,Rack_3,19,5,coke_v_big,400
frame_81,Rack_3,17,5,coke_v_big,361
frame_81,Rack_3,7,5,coke_v_big,324
frame_81,Rack_3,2,5,coke_v_big,286
frame_81,Rack_3,8,14,pepsi_big,250
frame_81,Rack_3,11,14,pepsi_big,217
frame_81,Rack_3,47,14,pepsi_big,183
frame_81,Rack_3,38,10,fanta_grape_big,146
frame_81,Rack_3,57,10,fanta_grape_big,114
frame_81,Rack_3,73,10,fanta_grape_big,87
frame_81,Rack_3,67,12,fanta_straw_big,56
frame_81,Rack_3,78,12,fanta_straw_big,21
frame_82,Rack_3,4,7,coke_z_big,615
frame_82,Rack_3,5,7,coke_z_big,573
frame_82,Rack_3,3,7,coke_z_big,528
frame_82,Rack_3,6,7,coke_z_big,484
frame_82,Rack_3,27,5,coke_v_big,442
frame_82,Rack_3,19,5,coke_v_big,401
frame_82,Rack_3,17,5,coke_v_big,362
frame_82,Rack_3,7,5,coke_v_big,325
frame_82,Rack_3,2,5,coke_v_big,287
frame_82,Rack_3,8,14,pepsi_big,251
frame_82,Rack_3,11,14,pepsi_big,218
frame_82,Rack_3,47,14,pepsi_big,184
frame_82,Rack_3,38,10,fanta_grape_big,147
frame_82,Rack_3,57,10,fanta_grape_big,115
frame_82,Rack_3,73,10,fanta_grape_big,88
frame_82,Rack_3,67,12,fanta_straw_big,57
frame_82,Rack_3,78,12,fanta_straw_big,21
frame_83,Rack_3,4,7,coke_z_big,616
frame_83,Rack_3,5,7,coke_z_big,574
frame_83,Rack_3,3,7,coke_z_big,529
frame_83,Rack_3,6,7,coke_z_big,485
frame_83,Rack_3,27,5,coke_v_big,443
frame_83,Rack_3,19,5,coke_v_big,402
frame_83,Rack_3,17,5,coke_v_big,363
frame_83,Rack_3,7,5,coke_v_big,326
frame_83,Rack_3,2,5,coke_v_big,288
frame_83,Rack_3,8,14,pepsi_big,251
frame_83,Rack_3,11,14,pepsi_big,219
frame_83,Rack_3,47,14,pepsi_big,185
frame_83,Rack_3,38,10,fanta_grape_big,148
frame_83,Rack_3,57,10,fanta_grape_big,116
frame_83,Rack_3,73,10,fanta_grape_big,89
frame_83,Rack_3,67,12,fanta_straw_big,57
frame_83,Rack_3,78,12,fanta_straw_big,21
frame_84,Rack_3,4,7,coke_z_big,616
frame_84,Rack_3,5,7,coke_z_big,574
frame_84,Rack_3,3,7,coke_z_big,530
frame_84,Rack_3,6,7,coke_z_big,486
frame_84,Rack_3,27,5,coke_v_big,443
frame_84,Rack_3,19,5,coke_v_big,403
frame_84,Rack_3,17,5,coke_v_big,363
frame_84,Rack_3,7,5,coke_v_big,327
frame_84,Rack_3,2,5,coke_v_big,289
frame_84,Rack_3,8,14,pepsi_big,252
frame_84,Rack_3,11,14,pepsi_big,219
frame_84,Rack_3,47,14,pepsi_big,185
frame_84,Rack_3,38,10,fanta_grape_big,148
frame_84,Rack_3,57,10,fanta_grape_big,116
frame_84,Rack_3,73,10,fanta_grape_big,89
frame_84,Rack_3,67,12,fanta_straw_big,57
frame_84,Rack_3,78,12,fanta_straw_big,20
frame_85,Rack_3,4,7,coke_z_big,616
frame_85,Rack_3,5,7,coke_z_big,574
frame_85,Rack_3,3,7,coke_z_big,530
frame_85,Rack_3,6,7,coke_z_big,486
frame_85,Rack_3,27,5,coke_v_big,444
frame_85,Rack_3,19,5,coke_v_big,404
frame_85,Rack_3,17,5,coke_v_big,364
frame_85,Rack_3,7,5,coke_v_big,327
frame_85,Rack_3,2,5,coke_v_big,290
frame_85,Rack_3,8,14,pepsi_big,252
frame_85,Rack_3,11,14,pepsi_big,219
frame_85,Rack_3,47,14,pepsi_big,185
frame_85,Rack_3,38,10,fanta_grape_big,148
frame_85,Rack_3,57,10,fanta_grape_big,116
frame_85,Rack_3,73,10,fanta_grape_big,89
frame_85,Rack_3,67,12,fanta_straw_big,56
frame_85,Rack_3,78,12,fanta_straw_big,19
frame_86,Rack_3,4,7,coke_z_big,616
frame_86,Rack_3,5,7,coke_z_big,574
frame_86,Rack_3,3,7,coke_z_big,530
frame_86,Rack_3,6,7,coke_z_big,487
frame_86,Rack_3,27,5,coke_v_big,444
frame_86,Rack_3,19,5,coke_v_big,404
frame_86,Rack_3,17,5,coke_v_big,365
frame_86,Rack_3,7,5,coke_v_big,328
frame_86,Rack_3,2,5,coke_v_big,290
frame_86,Rack_3,8,14,pepsi_big,253
frame_86,Rack_3,11,14,pepsi_big,219
frame_86,Rack_3,47,14,pepsi_big,185
frame_86,Rack_3,38,10,fanta_grape_big,148
frame_86,Rack_3,57,10,fanta_grape_big,116
frame_86,Rack_3,73,10,fanta_grape_big,88
frame_86,Rack_3,67,12,fanta_straw_big,55
frame_86,Rack_3,78,12,fanta_straw_big,19
frame_87,Rack_3,4,7,coke_z_big,616
frame_87,Rack_3,5,7,coke_z_big,574
frame_87,Rack_3,3,7,coke_z_big,531
frame_87,Rack_3,6,7,coke_z_big,488
frame_87,Rack_3,27,5,coke_v_big,445
frame_87,Rack_3,19,5,coke_v_big,405
frame_87,Rack_3,17,5,coke_v_big,366
frame_87,Rack_3,7,5,coke_v_big,329
frame_87,Rack_3,2,5,coke_v_big,291
frame_87,Rack_3,8,14,pepsi_big,253
frame_87,Rack_3,11,14,pepsi_big,220
frame_87,Rack_3,47,14,pepsi_big,186
frame_87,Rack_3,38,10,fanta_grape_big,149
frame_87,Rack_3,57,10,fanta_grape_big,116
frame_87,Rack_3,73,10,fanta_grape_big,88
frame_87,Rack_3,67,12,fanta_straw_big,55
frame_87,Rack_3,78,12,fanta_straw_big,19
frame_88,Rack_3,4,7,coke_z_big,616
frame_88,Rack_3,5,7,coke_z_big,574
frame_88,Rack_3,3,7,coke_z_big,531
frame_88,Rack_3,6,7,coke_z_big,489
frame_88,Rack_3,27,5,coke_v_big,446
frame_88,Rack_3,19,5,coke_v_big,406
frame_88,Rack_3,17,5,coke_v_big,367
frame_88,Rack_3,7,5,coke_v_big,330
frame_88,Rack_3,2,5,coke_v_big,292
frame_88,Rack_3,8,14,pepsi_big,255
frame_88,Rack_3,11,14,pepsi_big,221
frame_88,Rack_3,47,14,pepsi_big,187
frame_88,Rack_3,38,10,fanta_grape_big,150
frame_88,Rack_3,57,10,fanta_grape_big,116
frame_88,Rack_3,73,10,fanta_grape_big,89
frame_88,Rack_3,67,12,fanta_straw_big,55
frame_89,Rack_3,4,7,coke_z_big,616
frame_89,Rack_3,5,7,coke_z_big,575
frame_89,Rack_3,3,7,coke_z_big,532
frame_89,Rack_3,6,7,coke_z_big,490
frame_89,Rack_3,27,5,coke_v_big,448
frame_89,Rack_3,19,5,coke_v_big,408
frame_89,Rack_3,17,5,coke_v_big,368
frame_89,Rack_3,7,5,coke_v_big,331
frame_89,Rack_3,2,5,coke_v_big,294
frame_89,Rack_3,8,14,pepsi_big,257
frame_89,Rack_3,11,14,pepsi_big,223
frame_89,Rack_3,47,14,pepsi_big,188
frame_89,Rack_3,38,10,fanta_grape_big,151
frame_89,Rack_3,57,10,fanta_grape_big,117
frame_89,Rack_3,67,12,fanta_straw_big,57
frame_89,Rack_3,78,12,fanta_straw_big,19
frame_9,Rack_3,4,7,coke_z_big,533
frame_9,Rack_3,5,7,coke_z_big,489
frame_9,Rack_3,3,7,coke_z_big,448
frame_9,Rack_3,6,7,coke_z_big,408
frame_9,Rack_3,27,5,coke_v_big,368
frame_9,Rack_3,19,5,coke_v_big,330
frame_9,Rack_3,17,5,coke_v_big,293
frame_9,Rack_3,7,5,coke_v_big,257
frame_9,Rack_3,2,5,coke_v_big,219
frame_9,Rack_3,8,14,pepsi_big,182
frame_9,Rack_3,11,14,pepsi_big,150
frame_9,Rack_3,47,14,pepsi_big,117
frame_9,Rack_3,38,10,fanta_grape_big,79
frame_90,Rack_3,4,7,coke_z_big,617
frame_90,Rack_3,5,7,coke_z_big,577
frame_90,Rack_3,3,7,coke_z_big,534
frame_90,Rack_3,6,7,coke_z_big,491
frame_90,Rack_3,27,5,coke_v_big,450
frame_90,Rack_3,19,5,coke_v_big,410
frame_90,Rack_3,17,5,coke_v_big,370
frame_90,Rack_3,7,5,coke_v_big,333
frame_90,Rack_3,2,5,coke_v_big,296
frame_90,Rack_3,8,14,pepsi_big,259
frame_90,Rack_3,11,14,pepsi_big,225
frame_90,Rack_3,47,14,pepsi_big,191
frame_90,Rack_3,38,10,fanta_grape_big,152
frame_90,Rack_3,57,10,fanta_grape_big,119
frame_90,Rack_3,73,10,fanta_grape_big,91
frame_90,Rack_3,67,12,fanta_straw_big,58
frame_90,Rack_3,78,12,fanta_straw_big,20
frame_91,Rack_3,4,7,coke_z_big,618
frame_91,Rack_3,5,7,coke_z_big,578
frame_91,Rack_3,3,7,coke_z_big,536
frame_91,Rack_3,6,7,coke_z_big,494
frame_91,Rack_3,27,5,coke_v_big,452
frame_91,Rack_3,19,5,coke_v_big,412
frame_91,Rack_3,17,5,coke_v_big,373
frame_91,Rack_3,7,5,coke_v_big,336
frame_91,Rack_3,2,5,coke_v_big,298
frame_91,Rack_3,8,14,pepsi_big,261
frame_91,Rack_3,11,14,pepsi_big,227
frame_91,Rack_3,47,14,pepsi_big,193
frame_91,Rack_3,38,10,fanta_grape_big,155
frame_91,Rack_3,57,10,fanta_grape_big,121
frame_91,Rack_3,73,10,fanta_grape_big,94
frame_91,Rack_3,67,12,fanta_straw_big,59
frame_91,Rack_3,78,12,fanta_straw_big,22
frame_92,Rack_3,4,7,coke_z_big,619
frame_92,Rack_3,5,7,coke_z_big,581
frame_92,Rack_3,3,7,coke_z_big,539
frame_92,Rack_3,6,7,coke_z_big,496
frame_92,Rack_3,27,5,coke_v_big,454
frame_92,Rack_3,19,5,coke_v_big,415
frame_92,Rack_3,17,5,coke_v_big,376
frame_92,Rack_3,7,5,coke_v_big,338
frame_92,Rack_3,2,5,coke_v_big,300
frame_92,Rack_3,8,14,pepsi_big,264
frame_92,Rack_3,11,14,pepsi_big,230
frame_92,Rack_3,47,14,pepsi_big,196
frame_92,Rack_3,38,10,fanta_grape_big,158
frame_92,Rack_3,57,10,fanta_grape_big,124
frame_92,Rack_3,73,10,fanta_grape_big,96
frame_92,Rack_3,67,12,fanta_straw_big,62
frame_92,Rack_3,78,11,fanta_lychee_big,24
frame_93,Rack_3,4,7,coke_z_big,620
frame_93,Rack_3,5,7,coke_z_big,584
frame_93,Rack_3,3,7,coke_z_big,541
frame_93,Rack_3,6,7,coke_z_big,499
frame_93,Rack_3,27,5,coke_v_big,457
frame_93,Rack_3,19,5,coke_v_big,418
frame_93,Rack_3,17,5,coke_v_big,378
frame_93,Rack_3,7,5,coke_v_big,341
frame_93,Rack_3,2,5,coke_v_big,304
frame_93,Rack_3,8,14,pepsi_big,267
frame_93,Rack_3,11,14,pepsi_big,233
frame_93,Rack_3,47,14,pepsi_big,199
frame_93,Rack_3,38,10,fanta_grape_big,161
frame_93,Rack_3,57,10,fanta_grape_big,127
frame_93,Rack_3,73,10,fanta_grape_big,99
frame_93,Rack_3,67,12,fanta_straw_big,65
frame_93,Rack_3,78,12,fanta_straw_big,28
frame_94,Rack_3,4,7,coke_z_big,621
frame_94,Rack_3,5,7,coke_z_big,587
frame_94,Rack_3,3,7,coke_z_big,545
frame_94,Rack_3,6,7,coke_z_big,503
frame_94,Rack_3,27,5,coke_v_big,461
frame_94,Rack_3,19,5,coke_v_big,421
frame_94,Rack_3,17,5,coke_v_big,381
frame_94,Rack_3,7,5,coke_v_big,344
frame_94,Rack_3,2,5,coke_v_big,307
frame_94,Rack_3,8,14,pepsi_big,270
frame_94,Rack_3,11,14,pepsi_big,236
frame_94,Rack_3,47,14,pepsi_big,202
frame_94,Rack_3,38,10,fanta_grape_big,164
frame_94,Rack_3,57,10,fanta_grape_big,130
frame_94,Rack_3,73,10,fanta_grape_big,102
frame_94,Rack_3,67,12,fanta_straw_big,68
frame_94,Rack_3,78,11,fanta_lychee_big,31
frame_95,Rack_3,4,7,coke_z_big,623
frame_95,Rack_3,5,7,coke_z_big,589
frame_95,Rack_3,3,7,coke_z_big,548
frame_95,Rack_3,6,7,coke_z_big,506
frame_95,Rack_3,27,5,coke_v_big,464
frame_95,Rack_3,19,5,coke_v_big,424
frame_95,Rack_3,17,5,coke_v_big,385
frame_95,Rack_3,7,5,coke_v_big,348
frame_95,Rack_3,2,5,coke_v_big,310
frame_95,Rack_3,8,14,pepsi_big,273
frame_95,Rack_3,11,14,pepsi_big,239
frame_95,Rack_3,47,14,pepsi_big,205
frame_95,Rack_3,38,10,fanta_grape_big,168
frame_95,Rack_3,57,10,fanta_grape_big,134
frame_95,Rack_3,73,10,fanta_grape_big,106
frame_95,Rack_3,67,12,fanta_straw_big,72
frame_96,Rack_3,4,7,coke_z_big,624
frame_96,Rack_3,5,7,coke_z_big,593
frame_96,Rack_3,3,7,coke_z_big,551
frame_96,Rack_3,6,7,coke_z_big,509
frame_96,Rack_3,27,5,coke_v_big,467
frame_96,Rack_3,19,5,coke_v_big,427
frame_96,Rack_3,17,5,coke_v_big,388
frame_96,Rack_3,7,5,coke_v_big,351
frame_96,Rack_3,2,5,coke_v_big,313
frame_96,Rack_3,8,14,pepsi_big,277
frame_96,Rack_3,11,14,pepsi_big,243
frame_96,Rack_3,47,14,pepsi_big,208
frame_96,Rack_3,38,10,fanta_grape_big,171
frame_96,Rack_3,57,10,fanta_grape_big,137
frame_96,Rack_3,73,10,fanta_grape_big,109
frame_96,Rack_3,67,12,fanta_straw_big,75
frame_96,Rack_3,78,11,fanta_lychee_big,37
frame_97,Rack_3,4,7,coke_z_big,625
frame_97,Rack_3,5,7,coke_z_big,596
frame_97,Rack_3,3,7,coke_z_big,555
frame_97,Rack_3,6,7,coke_z_big,512
frame_97,Rack_3,27,5,coke_v_big,470
frame_97,Rack_3,19,5,coke_v_big,430
frame_97,Rack_3,17,5,coke_v_big,391
frame_97,Rack_3,7,5,coke_v_big,354
frame_97,Rack_3,2,5,coke_v_big,316
frame_97,Rack_3,8,14,pepsi_big,280
frame_97,Rack_3,11,14,pepsi_big,246
frame_97,Rack_3,47,14,pepsi_big,212
frame_97,Rack_3,38,10,fanta_grape_big,174
frame_97,Rack_3,57,10,fanta_grape_big,141
frame_97,Rack_3,73,10,fanta_grape_big,113
frame_97,Rack_3,67,12,fanta_straw_big,78
frame_98,Rack_3,5,7,coke_z_big,599
frame_98,Rack_3,3,7,coke_z_big,557
frame_98,Rack_3,6,7,coke_z_big,515
frame_98,Rack_3,27,5,coke_v_big,473
frame_98,Rack_3,19,5,coke_v_big,433
frame_98,Rack_3,17,5,coke_v_big,394
frame_98,Rack_3,7,5,coke_v_big,357
frame_98,Rack_3,2,5,coke_v_big,319
frame_98,Rack_3,8,14,pepsi_big,282
frame_98,Rack_3,11,14,pepsi_big,249
frame_98,Rack_3,47,14,pepsi_big,215
frame_98,Rack_3,38,10,fanta_grape_big,177
frame_98,Rack_3,57,10,fanta_grape_big,144
frame_98,Rack_3,73,10,fanta_grape_big,115
frame_98,Rack_3,67,12,fanta_straw_big,81
frame_98,Rack_3,78,11,fanta_lychee_big,47
frame_98,Rack_3,89,11,fanta_lychee_big,18
frame_99,Rack_3,4,7,coke_z_big,628
frame_99,Rack_3,5,7,coke_z_big,602
frame_99,Rack_3,3,7,coke_z_big,561
frame_99,Rack_3,6,7,coke_z_big,518
frame_99,Rack_3,27,5,coke_v_big,476
frame_99,Rack_3,19,5,coke_v_big,436
frame_99,Rack_3,17,5,coke_v_big,397
frame_99,Rack_3,7,5,coke_v_big,360
frame_99,Rack_3,2,5,coke_v_big,322
frame_99,Rack_3,8,14,pepsi_big,285
frame_99,Rack_3,11,14,pepsi_big,251
frame_99,Rack_3,47,14,pepsi_big,218
frame_99,Rack_3,38,10,fanta_grape_big,180
frame_99,Rack_3,57,10,fanta_grape_big,146
frame_99,Rack_3,73,10,fanta_grape_big,119
frame_99,Rack_3,67,12,fanta_straw_big,84
frame_99,Rack_3,78,12,fanta_straw_big,50
frame_99,Rack_3,89,11,fanta_lychee_big,18
frame_148,Rack_5,3,7,coke_z_big,629
frame_148,Rack_5,6,7,coke_z_big,599
frame_148,Rack_5,27,5,coke_v_big,554
frame_148,Rack_5,19,5,coke_v_big,511
frame_148,Rack_5,17,5,coke_v_big,468
frame_148,Rack_5,7,5,coke_v_big,428
frame_148,Rack_5,2,5,coke_v_big,389
frame_148,Rack_5,8,14,pepsi_big,350
frame_148,Rack_5,11,14,pepsi_big,314
frame_148,Rack_5,47,14,pepsi_big,279
frame_148,Rack_5,38,10,fanta_grape_big,241
frame_148,Rack_5,57,10,fanta_grape_big,206
frame_148,Rack_5,73,10,fanta_grape_big,176
frame_148,Rack_5,67,12,fanta_straw_big,142
frame_148,Rack_5,78,12,fanta_straw_big,106
frame_148,Rack_5,89,11,fanta_lychee_big,74
frame_148,Rack_5,98,11,fanta_lychee_big,46
