frame_id,rack_id,track_id,class_id,class_name,confidence,xmin,ymin,xmax,ymax,cx,cy
frame_0,Rack_3,12,9,empty,0.956045925617218,949,441,1200,705,1074,573
frame_0,Rack_3,27,7,coke_z_big,0.9342501759529114,880,443,952,676,916,559
frame_0,Rack_3,6,7,coke_z_big,0.9649608135223389,807,439,879,676,843,557
frame_0,Rack_3,24,5,coke_v_big,0.9383933544158936,736,438,805,696,770,567
frame_0,Rack_3,31,5,coke_v_big,0.9274605512619019,663,439,735,704,699,571
frame_0,Rack_3,21,5,coke_v_big,0.9433996677398682,596,438,662,664,629,551
frame_0,Rack_3,30,5,coke_v_big,0.9293316006660461,528,438,594,662,561,550
frame_0,Rack_3,16,5,coke_v_big,0.9488623142242432,456,439,526,692,491,565
frame_0,Rack_3,43,14,pepsi_big,0.8804445266723633,391,434,454,691,422,562
frame_0,Rack_3,48,14,pepsi_big,0.8675757646560669,328,429,390,684,359,556
frame_0,Rack_3,54,14,pepsi_big,0.8398421406745911,264,428,326,681,295,554
frame_0,Rack_3,45,10,fanta_grape_big,0.8768582344055176,190,427,261,682,225,554
frame_0,Rack_3,60,10,fanta_grape_big,0.6124715209007263,140,426,188,663,164,544
frame_0,Rack_3,25,12,fanta_straw_big,0.9366752505302429,9,426,88,645,48,535
frame_1,Rack_3,12,9,empty,0.9576711058616638,949,440,1200,705,1074,572
frame_1,Rack_3,27,7,coke_z_big,0.936025083065033,880,443,952,675,916,559
frame_1,Rack_3,6,7,coke_z_big,0.9662431478500366,807,438,879,676,843,557
frame_1,Rack_3,24,5,coke_v_big,0.9361501336097717,736,438,805,697,770,567
frame_1,Rack_3,31,5,coke_v_big,0.9224768877029419,663,439,735,704,699,571
frame_1,Rack_3,21,5,coke_v_big,0.9421120285987854,596,438,663,665,629,551
frame_1,Rack_3,30,5,coke_v_big,0.9289881587028503,528,438,594,663,561,550
frame_1,Rack_3,16,5,coke_v_big,0.9491363763809204,456,439,526,692,491,565
frame_1,Rack_3,43,14,pepsi_big,0.8964340090751648,391,434,454,691,422,562
frame_1,Rack_3,48,14,pepsi_big,0.8663831949234009,327,429,390,684,358,556
frame_1,Rack_3,54,14,pepsi_big,0.8459609746932983,264,428,326,681,295,554
frame_1,Rack_3,45,10,fanta_grape_big,0.850288450717926,189,427,261,682,225,554
frame_1,Rack_3,60,10,fanta_grape_big,0.5751786828041077,139,426,187,663,163,544
frame_1,Rack_3,25,12,fanta_straw_big,0.939798891544342,9,426,87,646,48,536
frame_2,Rack_3,12,9,empty,0.9582564830780029,949,440,1200,705,1074,572
frame_2,Rack_3,27,7,coke_z_big,0.9350394010543823,880,442,952,676,916,559
frame_2,Rack_3,6,7,coke_z_big,0.9699225425720215,807,438,879,676,843,557
frame_2,Rack_3,24,5,coke_v_big,0.9358580708503723,736,438,805,697,770,567
frame_2,Rack_3,31,5,coke_v_big,0.9221795201301575,664,439,735,704,699,571
frame_2,Rack_3,21,5,coke_v_big,0.9404534697532654,596,438,663,665,629,551
frame_2,Rack_3,30,5,coke_v_big,0.9313841462135315,529,438,595,663,562,550
frame_2,Rack_3,16,5,coke_v_big,0.9467275142669678,457,439,526,693,491,566
frame_2,Rack_3,43,14,pepsi_big,0.9112998247146606,391,434,454,691,422,562
frame_2,Rack_3,48,14,pepsi_big,0.8569079041481018,327,430,390,685,358,557
frame_2,Rack_3,54,14,pepsi_big,0.8454337120056152,264,428,326,681,295,554
frame_2,Rack_3,45,10,fanta_grape_big,0.8601641654968262,190,427,261,682,225,554
frame_2,Rack_3,60,10,fanta_grape_big,0.6057562232017517,139,425,187,663,163,544
frame_2,Rack_3,25,12,fanta_straw_big,0.9352503418922424,8,426,87,646,47,536
frame_3,Rack_3,12,9,empty,0.9578955173492432,949,440,1200,705,1074,572
frame_3,Rack_3,27,7,coke_z_big,0.9292398691177368,880,442,953,677,916,559
frame_3,Rack_3,6,7,coke_z_big,0.9684605598449707,807,438,879,676,843,557
frame_3,Rack_3,24,5,coke_v_big,0.9343188405036926,736,438,805,697,770,567
frame_3,Rack_3,31,5,coke_v_big,0.9258198142051697,664,439,735,704,699,571
frame_3,Rack_3,21,5,coke_v_big,0.9412922263145447,596,438,663,665,629,551
frame_3,Rack_3,30,5,coke_v_big,0.9308075308799744,529,438,595,663,562,550
frame_3,Rack_3,16,5,coke_v_big,0.9463728070259094,457,439,527,693,492,566
frame_3,Rack_3,43,14,pepsi_big,0.9176493287086487,391,434,454,691,422,562
frame_3,Rack_3,48,14,pepsi_big,0.8598976135253906,328,430,390,685,359,557
frame_3,Rack_3,54,14,pepsi_big,0.8308045864105225,264,428,326,681,295,554
frame_3,Rack_3,45,10,fanta_grape_big,0.8618612289428711,190,427,261,682,225,554
frame_3,Rack_3,60,10,fanta_grape_big,0.6241140961647034,139,426,187,663,163,544
frame_3,Rack_3,25,12,fanta_straw_big,0.9347077012062073,8,426,86,646,47,536
frame_4,Rack_3,12,9,empty,0.9583166837692261,949,440,1200,705,1074,572
frame_4,Rack_3,27,7,coke_z_big,0.9266504645347595,880,442,953,677,916,559
frame_4,Rack_3,6,7,coke_z_big,0.9668207764625549,807,438,879,676,843,557
frame_4,Rack_3,24,5,coke_v_big,0.9390798807144165,736,438,805,697,770,567
frame_4,Rack_3,31,5,coke_v_big,0.9241154193878174,664,439,735,704,699,571
frame_4,Rack_3,21,5,coke_v_big,0.9386690258979797,596,438,663,665,629,551
frame_4,Rack_3,30,5,coke_v_big,0.9360077381134033,529,438,595,664,562,551
frame_4,Rack_3,16,5,coke_v_big,0.9446688890457153,457,439,527,693,492,566
frame_4,Rack_3,43,14,pepsi_big,0.9292872548103333,391,434,455,691,423,562
frame_4,Rack_3,48,14,pepsi_big,0.882726788520813,328,430,390,685,359,557
frame_4,Rack_3,54,14,pepsi_big,0.8315178155899048,264,428,326,681,295,554
frame_4,Rack_3,45,10,fanta_grape_big,0.8766613602638245,190,427,261,682,225,554
frame_4,Rack_3,60,10,fanta_grape_big,0.6285160779953003,140,426,188,664,164,545
frame_4,Rack_3,25,12,fanta_straw_big,0.9341747164726257,9,426,87,646,48,536
frame_5,Rack_3,12,9,empty,0.9557607769966125,950,440,1200,705,1075,572
frame_5,Rack_3,27,7,coke_z_big,0.9181301593780518,880,442,953,677,916,559
frame_5,Rack_3,6,7,coke_z_big,0.9637114405632019,808,439,879,676,843,557
frame_5,Rack_3,24,5,coke_v_big,0.9418817758560181,736,438,805,697,770,567
frame_5,Rack_3,31,5,coke_v_big,0.9291985034942627,664,439,735,704,699,571
frame_5,Rack_3,21,5,coke_v_big,0.9382817149162292,597,438,664,666,630,552
frame_5,Rack_3,30,5,coke_v_big,0.9401446580886841,529,439,596,664,562,551
frame_5,Rack_3,16,5,coke_v_big,0.9444729089736938,457,439,527,692,492,565
frame_5,Rack_3,43,14,pepsi_big,0.9250625967979431,391,434,455,692,423,563
frame_5,Rack_3,48,14,pepsi_big,0.8735446333885193,328,430,390,685,359,557
frame_5,Rack_3,54,14,pepsi_big,0.82240891456604,265,429,326,681,295,555
frame_5,Rack_3,45,10,fanta_grape_big,0.8455163836479187,190,428,262,682,226,555
frame_5,Rack_3,60,10,fanta_grape_big,0.6202492117881775,140,426,188,665,164,545
frame_5,Rack_3,25,12,fanta_straw_big,0.9171406030654907,9,426,87,646,48,536
frame_6,Rack_3,12,9,empty,0.9548083543777466,950,440,1201,705,1075,572
frame_6,Rack_3,27,7,coke_z_big,0.9353840351104736,881,442,954,677,917,559
frame_6,Rack_3,6,7,coke_z_big,0.9631388187408447,808,439,880,676,844,557
frame_6,Rack_3,24,5,coke_v_big,0.9404064416885376,736,438,805,697,770,567
frame_6,Rack_3,31,5,coke_v_big,0.9302826523780823,664,439,735,704,699,571
frame_6,Rack_3,21,5,coke_v_big,0.9427462816238403,597,438,664,665,630,551
frame_6,Rack_3,30,5,coke_v_big,0.9345281720161438,529,439,596,664,562,551
frame_6,Rack_3,16,5,coke_v_big,0.943467915058136,457,439,527,692,492,565
frame_6,Rack_3,43,14,pepsi_big,0.9244213700294495,392,434,455,691,423,562
frame_6,Rack_3,48,14,pepsi_big,0.8684187531471252,328,430,390,685,359,557
frame_6,Rack_3,54,14,pepsi_big,0.8184157013893127,265,429,326,681,295,555
frame_6,Rack_3,45,10,fanta_grape_big,0.8609981536865234,191,428,262,682,226,555
frame_6,Rack_3,60,10,fanta_grape_big,0.6832095980644226,141,426,189,665,165,545
frame_6,Rack_3,25,12,fanta_straw_big,0.8653876781463623,9,426,87,646,48,536
frame_7,Rack_3,12,9,empty,0.9575228691101074,950,440,1201,706,1075,573
frame_7,Rack_3,27,7,coke_z_big,0.927160382270813,881,442,954,676,917,559
frame_7,Rack_3,6,7,coke_z_big,0.9616266489028931,808,439,880,676,844,557
frame_7,Rack_3,24,5,coke_v_big,0.9404628872871399,737,438,805,696,771,567
frame_7,Rack_3,31,5,coke_v_big,0.9290053248405457,664,439,735,704,699,571
frame_7,Rack_3,21,5,coke_v_big,0.940890371799469,597,438,664,665,630,551
frame_7,Rack_3,30,5,coke_v_big,0.9335800409317017,529,438,596,664,562,551
frame_7,Rack_3,16,5,coke_v_big,0.9411444664001465,458,439,527,692,492,565
frame_7,Rack_3,43,14,pepsi_big,0.9202660918235779,392,434,455,691,423,562
frame_7,Rack_3,48,14,pepsi_big,0.8588597178459167,328,430,390,685,359,557
frame_7,Rack_3,54,14,pepsi_big,0.8347314596176147,265,429,326,681,295,555
frame_7,Rack_3,45,10,fanta_grape_big,0.8703325390815735,191,428,262,682,226,555
frame_7,Rack_3,60,10,fanta_grape_big,0.6286385655403137,141,426,189,665,165,545
frame_7,Rack_3,25,12,fanta_straw_big,0.9225114583969116,9,426,87,646,48,536
frame_8,Rack_3,12,9,empty,0.9581830501556396,950,440,1201,706,1075,573
frame_8,Rack_3,27,7,coke_z_big,0.9378207921981812,881,442,954,676,917,559
frame_8,Rack_3,6,7,coke_z_big,0.9630812406539917,808,439,880,676,844,557
frame_8,Rack_3,24,5,coke_v_big,0.938773512840271,736,438,805,696,770,567
frame_8,Rack_3,31,5,coke_v_big,0.9292054772377014,664,439,735,704,699,571
frame_8,Rack_3,21,5,coke_v_big,0.9414723515510559,597,438,664,665,630,551
frame_8,Rack_3,30,5,coke_v_big,0.9307068586349487,530,438,596,664,563,551
frame_8,Rack_3,16,5,coke_v_big,0.9458357691764832,458,439,527,692,492,565
frame_8,Rack_3,43,14,pepsi_big,0.9261549711227417,392,434,455,691,423,562
frame_8,Rack_3,48,14,pepsi_big,0.8544362187385559,328,430,390,684,359,557
frame_8,Rack_3,54,14,pepsi_big,0.8382432460784912,265,429,327,682,296,555
frame_8,Rack_3,45,10,fanta_grape_big,0.8906866312026978,191,428,262,682,226,555
frame_8,Rack_3,60,10,fanta_grape_big,0.6701804995536804,141,426,189,664,165,545
frame_8,Rack_3,25,12,fanta_straw_big,0.8914716243743896,8,426,86,646,47,536
frame_9,Rack_3,12,9,empty,0.9577028155326843,950,440,1201,705,1075,572
frame_9,Rack_3,27,7,coke_z_big,0.9322836399078369,881,442,954,676,917,559
frame_9,Rack_3,6,7,coke_z_big,0.9619600176811218,808,439,880,676,844,557
frame_9,Rack_3,24,5,coke_v_big,0.932304859161377,737,438,805,696,771,567
frame_9,Rack_3,31,5,coke_v_big,0.9287497401237488,664,439,736,704,700,571
frame_9,Rack_3,21,5,coke_v_big,0.9429179430007935,597,438,664,666,630,552
frame_9,Rack_3,30,5,coke_v_big,0.9319219589233398,529,438,596,665,562,551
frame_9,Rack_3,16,5,coke_v_big,0.945072591304779,458,439,527,692,492,565
frame_9,Rack_3,43,14,pepsi_big,0.926815390586853,392,434,455,691,423,562
frame_9,Rack_3,48,14,pepsi_big,0.8501758575439453,328,430,390,685,359,557
frame_9,Rack_3,54,14,pepsi_big,0.8504629135131836,265,428,327,682,296,555
frame_9,Rack_3,45,10,fanta_grape_big,0.8976266384124756,191,428,262,682,226,555
frame_9,Rack_3,60,10,fanta_grape_big,0.6928717494010925,141,426,189,665,165,545
frame_9,Rack_3,25,12,fanta_straw_big,0.9228967428207397,9,426,87,646,48,536
frame_10,Rack_3,12,9,empty,0.959266185760498,950,440,1201,705,1075,572
frame_10,Rack_3,27,7,coke_z_big,0.9339881539344788,881,442,954,675,917,558
frame_10,Rack_3,6,7,coke_z_big,0.9598595499992371,808,439,879,676,843,557
frame_10,Rack_3,24,5,coke_v_big,0.9347339272499084,737,438,805,696,771,567
frame_10,Rack_3,31,5,coke_v_big,0.9224852919578552,664,439,736,704,700,571
frame_10,Rack_3,21,5,coke_v_big,0.9446535110473633,597,438,664,666,630,552
frame_10,Rack_3,30,5,coke_v_big,0.9281208515167236,530,438,596,665,563,551
frame_10,Rack_3,16,5,coke_v_big,0.9462147355079651,457,439,527,692,492,565
frame_10,Rack_3,43,14,pepsi_big,0.9247217774391174,392,434,455,691,423,562
frame_10,Rack_3,48,14,pepsi_big,0.8590480089187622,328,430,390,685,359,557
frame_10,Rack_3,54,14,pepsi_big,0.8659157156944275,265,428,327,682,296,555
frame_10,Rack_3,45,10,fanta_grape_big,0.870341420173645,191,428,262,682,226,555
frame_10,Rack_3,60,10,fanta_grape_big,0.6640943288803101,141,426,189,665,165,545
frame_10,Rack_3,25,12,fanta_straw_big,0.9224494695663452,9,426,87,647,48,536
frame_11,Rack_3,12,9,empty,0.9588260650634766,950,440,1201,705,1075,572
frame_11,Rack_3,27,7,coke_z_big,0.9373050332069397,881,442,954,675,917,558
frame_11,Rack_3,6,7,coke_z_big,0.9599502682685852,808,439,880,675,844,557
frame_11,Rack_3,24,5,coke_v_big,0.9327618479728699,736,438,805,696,770,567
frame_11,Rack_3,31,5,coke_v_big,0.9209975600242615,664,438,736,704,700,571
frame_11,Rack_3,21,5,coke_v_big,0.9462169408798218,597,438,664,666,630,552
frame_11,Rack_3,30,5,coke_v_big,0.9265599846839905,529,438,596,664,562,551
frame_11,Rack_3,16,5,coke_v_big,0.9484848976135254,457,439,527,692,492,565
frame_11,Rack_3,43,14,pepsi_big,0.9274640083312988,392,434,455,691,423,562
frame_11,Rack_3,48,14,pepsi_big,0.8519582152366638,328,429,390,684,359,556
frame_11,Rack_3,54,14,pepsi_big,0.8558342456817627,265,428,327,682,296,555
frame_11,Rack_3,45,10,fanta_grape_big,0.8389068841934204,191,428,262,682,226,555
frame_11,Rack_3,60,10,fanta_grape_big,0.6795530319213867,140,426,189,664,164,545
frame_11,Rack_3,25,12,fanta_straw_big,0.8908653259277344,10,426,88,648,49,537
frame_12,Rack_3,12,9,empty,0.9547747373580933,951,439,1201,705,1076,572
frame_12,Rack_3,27,7,coke_z_big,0.9337948560714722,882,442,954,673,918,557
frame_12,Rack_3,6,7,coke_z_big,0.9581261277198792,808,439,880,675,844,557
frame_12,Rack_3,24,5,coke_v_big,0.9307458996772766,736,438,805,696,770,567
frame_12,Rack_3,31,5,coke_v_big,0.9231840372085571,664,438,736,704,700,571
frame_12,Rack_3,21,5,coke_v_big,0.9521803259849548,597,437,664,665,630,551
frame_12,Rack_3,30,5,coke_v_big,0.9295713305473328,530,438,596,663,563,550
frame_12,Rack_3,16,5,coke_v_big,0.9467946290969849,457,439,527,692,492,565
frame_12,Rack_3,43,14,pepsi_big,0.9232048988342285,391,432,455,691,423,561
frame_12,Rack_3,48,14,pepsi_big,0.8523439168930054,328,429,390,684,359,556
frame_12,Rack_3,54,14,pepsi_big,0.8552210330963135,265,428,327,682,296,555
frame_12,Rack_3,45,10,fanta_grape_big,0.8593257069587708,191,427,262,682,226,554
frame_12,Rack_3,60,10,fanta_grape_big,0.7009239792823792,140,426,189,664,164,545
frame_12,Rack_3,25,12,fanta_straw_big,0.8993310928344727,10,426,88,647,49,536
frame_13,Rack_3,12,9,empty,0.9546337127685547,951,439,1202,705,1076,572
frame_13,Rack_3,27,7,coke_z_big,0.9426774978637695,881,441,954,673,917,557
frame_13,Rack_3,6,7,coke_z_big,0.9591236710548401,808,439,880,675,844,557
frame_13,Rack_3,24,5,coke_v_big,0.9275839328765869,736,437,805,696,770,566
frame_13,Rack_3,31,5,coke_v_big,0.9240956902503967,664,438,736,703,700,570
frame_13,Rack_3,21,5,coke_v_big,0.9551846385002136,597,437,664,665,630,551
frame_13,Rack_3,30,5,coke_v_big,0.9314978122711182,529,438,596,663,562,550
frame_13,Rack_3,16,5,coke_v_big,0.9489959478378296,457,439,527,691,492,565
frame_13,Rack_3,43,14,pepsi_big,0.9178833961486816,391,432,455,691,423,561
frame_13,Rack_3,48,14,pepsi_big,0.8592121005058289,328,428,391,685,359,556
frame_13,Rack_3,54,14,pepsi_big,0.8674702048301697,265,427,327,682,296,554
frame_13,Rack_3,45,10,fanta_grape_big,0.813235342502594,190,427,262,682,226,554
frame_13,Rack_3,60,10,fanta_grape_big,0.6791397929191589,140,425,188,663,164,544
frame_13,Rack_3,25,12,fanta_straw_big,0.918400228023529,9,426,87,646,48,536
frame_14,Rack_3,12,9,empty,0.9555178880691528,951,438,1203,705,1077,571
frame_14,Rack_3,27,7,coke_z_big,0.9479878544807434,881,441,954,673,917,557
frame_14,Rack_3,6,7,coke_z_big,0.9605342745780945,808,439,880,674,844,556
frame_14,Rack_3,24,5,coke_v_big,0.9272546768188477,736,437,805,696,770,566
frame_14,Rack_3,31,5,coke_v_big,0.9271891117095947,664,438,736,703,700,570
frame_14,Rack_3,21,5,coke_v_big,0.956672728061676,597,437,664,665,630,551
frame_14,Rack_3,30,5,coke_v_big,0.9350915551185608,529,438,596,663,562,550
frame_14,Rack_3,16,5,coke_v_big,0.9434378743171692,457,438,527,691,492,564
frame_14,Rack_3,43,14,pepsi_big,0.9285238981246948,391,431,455,690,423,560
frame_14,Rack_3,48,14,pepsi_big,0.8691092729568481,328,428,390,684,359,556
frame_14,Rack_3,54,14,pepsi_big,0.8716317415237427,265,427,327,682,296,554
frame_14,Rack_3,45,10,fanta_grape_big,0.8599343299865723,190,426,262,682,226,554
frame_14,Rack_3,60,10,fanta_grape_big,0.7024936079978943,140,425,188,662,164,543
frame_14,Rack_3,25,12,fanta_straw_big,0.918451726436615,9,425,88,647,48,536
frame_15,Rack_3,12,9,empty,0.9556577801704407,950,437,1203,705,1076,571
frame_15,Rack_3,27,7,coke_z_big,0.938069224357605,881,441,954,673,917,557
frame_15,Rack_3,6,7,coke_z_big,0.9601794481277466,808,438,880,674,844,556
frame_15,Rack_3,24,5,coke_v_big,0.9295299649238586,736,437,805,696,770,566
frame_15,Rack_3,31,5,coke_v_big,0.9218629598617554,664,437,736,703,700,570
frame_15,Rack_3,21,5,coke_v_big,0.9550506472587585,597,437,664,665,630,551
frame_15,Rack_3,30,5,coke_v_big,0.9373222589492798,529,438,596,664,562,551
frame_15,Rack_3,16,5,coke_v_big,0.9433247447013855,457,438,527,691,492,564
frame_15,Rack_3,43,14,pepsi_big,0.9312344193458557,391,431,455,690,423,560
frame_15,Rack_3,48,14,pepsi_big,0.881583034992218,328,427,390,684,359,555
frame_15,Rack_3,54,14,pepsi_big,0.8614186644554138,265,427,327,681,296,554
frame_15,Rack_3,45,10,fanta_grape_big,0.8883297443389893,190,426,262,682,226,554
frame_15,Rack_3,60,10,fanta_grape_big,0.7078957557678223,140,424,188,663,164,543
frame_15,Rack_3,25,12,fanta_straw_big,0.9253581166267395,9,425,87,647,48,536
frame_16,Rack_3,12,9,empty,0.9538993239402771,950,436,1203,705,1076,570
frame_16,Rack_3,27,7,coke_z_big,0.951470673084259,881,441,953,672,917,556
frame_16,Rack_3,6,7,coke_z_big,0.95768803358078,808,437,880,674,844,555
frame_16,Rack_3,24,5,coke_v_big,0.9271620512008667,736,437,805,696,770,566
frame_16,Rack_3,31,5,coke_v_big,0.9229145050048828,664,437,735,703,699,570
frame_16,Rack_3,21,5,coke_v_big,0.9535005688667297,597,437,664,665,630,551
frame_16,Rack_3,30,5,coke_v_big,0.9416823387145996,529,437,596,664,562,550
frame_16,Rack_3,16,5,coke_v_big,0.9446090459823608,457,438,527,691,492,564
frame_16,Rack_3,43,14,pepsi_big,0.921314001083374,391,430,455,690,423,560
frame_16,Rack_3,48,14,pepsi_big,0.8797067403793335,328,427,390,684,359,555
frame_16,Rack_3,54,14,pepsi_big,0.8775690793991089,264,426,326,681,295,553
frame_16,Rack_3,45,10,fanta_grape_big,0.8608007431030273,190,426,262,682,226,554
frame_16,Rack_3,60,10,fanta_grape_big,0.6810609698295593,139,424,188,662,163,543
frame_16,Rack_3,25,12,fanta_straw_big,0.9151286482810974,9,425,87,647,48,536
frame_17,Rack_3,12,9,empty,0.9528132677078247,949,436,1202,705,1075,570
frame_17,Rack_3,27,7,coke_z_big,0.9486680030822754,881,441,953,670,917,555
frame_17,Rack_3,6,7,coke_z_big,0.9565945267677307,807,438,879,674,843,556
frame_17,Rack_3,24,5,coke_v_big,0.9286100268363953,736,437,805,696,770,566
frame_17,Rack_3,31,5,coke_v_big,0.920316219329834,664,437,735,703,699,570
frame_17,Rack_3,21,5,coke_v_big,0.9541133046150208,597,437,664,665,630,551
frame_17,Rack_3,30,5,coke_v_big,0.9446226358413696,529,437,595,664,562,550
frame_17,Rack_3,16,5,coke_v_big,0.9460145235061646,457,438,527,691,492,564
frame_17,Rack_3,43,14,pepsi_big,0.9082567095756531,391,430,455,690,423,560
frame_17,Rack_3,48,14,pepsi_big,0.8783785104751587,328,427,390,684,359,555
frame_17,Rack_3,54,14,pepsi_big,0.8581045866012573,264,426,326,681,295,553
frame_17,Rack_3,45,10,fanta_grape_big,0.8820760250091553,189,426,261,682,225,554
frame_17,Rack_3,60,10,fanta_grape_big,0.6834188103675842,139,425,188,662,163,543
frame_17,Rack_3,25,12,fanta_straw_big,0.9078314900398254,9,425,86,646,47,535
frame_18,Rack_3,12,9,empty,0.9550436735153198,950,437,1203,705,1076,571
frame_18,Rack_3,27,7,coke_z_big,0.9476975202560425,881,441,953,671,917,556
frame_18,Rack_3,6,7,coke_z_big,0.9573094844818115,807,438,879,674,843,556
frame_18,Rack_3,24,5,coke_v_big,0.9298416972160339,736,437,805,696,770,566
frame_18,Rack_3,31,5,coke_v_big,0.9226323962211609,664,437,735,703,699,570
frame_18,Rack_3,21,5,coke_v_big,0.9500479698181152,597,437,664,665,630,551
frame_18,Rack_3,30,5,coke_v_big,0.9421374201774597,529,438,595,664,562,551
frame_18,Rack_3,16,5,coke_v_big,0.9461504817008972,457,438,526,691,491,564
frame_18,Rack_3,43,14,pepsi_big,0.9064201712608337,391,430,455,690,423,560
frame_18,Rack_3,48,14,pepsi_big,0.8912768959999084,328,427,390,684,359,555
frame_18,Rack_3,54,14,pepsi_big,0.8722012042999268,264,426,326,681,295,553
frame_18,Rack_3,45,10,fanta_grape_big,0.8909367918968201,189,426,261,683,225,554
frame_18,Rack_3,60,10,fanta_grape_big,0.6592808961868286,139,425,187,660,163,542
frame_18,Rack_3,61,12,fanta_straw_big,0.5064899921417236,84,424,139,648,111,536
frame_18,Rack_3,25,12,fanta_straw_big,0.9279869794845581,8,425,85,646,46,535
frame_19,Rack_3,12,9,empty,0.9535598158836365,950,437,1203,705,1076,571
frame_19,Rack_3,27,7,coke_z_big,0.9430917501449585,881,441,953,671,917,556
frame_19,Rack_3,6,7,coke_z_big,0.9543877243995667,808,438,879,674,843,556
frame_19,Rack_3,24,5,coke_v_big,0.9254061579704285,736,437,805,696,770,566
frame_19,Rack_3,31,5,coke_v_big,0.9214382767677307,664,437,735,703,699,570
frame_19,Rack_3,21,5,coke_v_big,0.9555714130401611,597,437,664,665,630,551
frame_19,Rack_3,30,5,coke_v_big,0.9452387094497681,529,438,595,663,562,550
frame_19,Rack_3,16,5,coke_v_big,0.9432230591773987,457,438,526,691,491,564
frame_19,Rack_3,43,14,pepsi_big,0.9143841862678528,391,430,455,690,423,560
frame_19,Rack_3,48,14,pepsi_big,0.8795059323310852,328,428,390,684,359,556
frame_19,Rack_3,54,14,pepsi_big,0.8771135807037354,264,426,326,681,295,553
frame_19,Rack_3,45,10,fanta_grape_big,0.8794192671775818,189,426,261,683,225,554
frame_19,Rack_3,60,10,fanta_grape_big,0.6600829362869263,139,425,187,659,163,542
frame_19,Rack_3,25,12,fanta_straw_big,0.9285721778869629,9,426,86,647,47,536
frame_20,Rack_3,12,9,empty,0.9538607001304626,950,437,1203,705,1076,571
frame_20,Rack_3,27,7,coke_z_big,0.9392457008361816,881,441,953,671,917,556
frame_20,Rack_3,6,7,coke_z_big,0.9539511799812317,807,438,879,674,843,556
frame_20,Rack_3,24,5,coke_v_big,0.9247325658798218,736,437,805,695,770,566
frame_20,Rack_3,31,5,coke_v_big,0.9179006814956665,664,437,735,703,699,570
frame_20,Rack_3,21,5,coke_v_big,0.9527209401130676,597,437,664,666,630,551
frame_20,Rack_3,30,5,coke_v_big,0.9435861110687256,529,437,596,663,562,550
frame_20,Rack_3,16,5,coke_v_big,0.9436184167861938,457,438,527,691,492,564
frame_20,Rack_3,43,14,pepsi_big,0.9077390432357788,391,431,455,690,423,560
frame_20,Rack_3,48,14,pepsi_big,0.8837942481040955,328,428,390,684,359,556
frame_20,Rack_3,54,14,pepsi_big,0.8702444434165955,264,427,326,682,295,554
frame_20,Rack_3,45,10,fanta_grape_big,0.8867172598838806,189,427,261,683,225,555
frame_20,Rack_3,60,10,fanta_grape_big,0.6671326756477356,139,425,187,659,163,542
frame_20,Rack_3,25,12,fanta_straw_big,0.9335351586341858,10,426,87,647,48,536
frame_21,Rack_3,12,9,empty,0.9521158337593079,950,437,1203,705,1076,571
frame_21,Rack_3,27,7,coke_z_big,0.9348435997962952,881,441,954,672,917,556
frame_21,Rack_3,6,7,coke_z_big,0.9568784832954407,808,438,880,674,844,556
frame_21,Rack_3,24,5,coke_v_big,0.9276761412620544,736,437,805,695,770,566
frame_21,Rack_3,31,5,coke_v_big,0.9146308302879333,664,437,736,703,700,570
frame_21,Rack_3,21,5,coke_v_big,0.9502720236778259,597,437,664,665,630,551
frame_21,Rack_3,30,5,coke_v_big,0.9447005391120911,529,437,596,663,562,550
frame_21,Rack_3,16,5,coke_v_big,0.9329582452774048,457,438,527,691,492,564
frame_21,Rack_3,43,14,pepsi_big,0.9084795117378235,391,431,455,690,423,560
frame_21,Rack_3,48,14,pepsi_big,0.8764567375183105,328,428,390,684,359,556
frame_21,Rack_3,54,14,pepsi_big,0.8710896968841553,264,427,326,682,295,554
frame_21,Rack_3,45,10,fanta_grape_big,0.8758359551429749,189,427,261,683,225,555
frame_21,Rack_3,60,10,fanta_grape_big,0.6484265327453613,139,425,187,661,163,543
frame_21,Rack_3,25,12,fanta_straw_big,0.9374181032180786,10,426,87,647,48,536
frame_22,Rack_3,12,9,empty,0.9534446597099304,950,437,1203,705,1076,571
frame_22,Rack_3,27,7,coke_z_big,0.9346247911453247,881,441,954,673,917,557
frame_22,Rack_3,6,7,coke_z_big,0.9598708748817444,808,438,880,674,844,556
frame_22,Rack_3,24,5,coke_v_big,0.9330174922943115,737,437,806,695,771,566
frame_22,Rack_3,31,5,coke_v_big,0.9068462252616882,665,437,736,703,700,570
frame_22,Rack_3,21,5,coke_v_big,0.9495617747306824,598,437,665,665,631,551
frame_22,Rack_3,30,5,coke_v_big,0.9487717151641846,530,437,596,663,563,550
frame_22,Rack_3,16,5,coke_v_big,0.9292027354240417,458,438,527,691,492,564
frame_22,Rack_3,43,14,pepsi_big,0.9078506231307983,391,431,456,690,423,560
frame_22,Rack_3,48,14,pepsi_big,0.8854563236236572,328,428,390,685,359,556
frame_22,Rack_3,54,14,pepsi_big,0.8757131695747375,265,427,326,682,295,554
frame_22,Rack_3,45,10,fanta_grape_big,0.8885977268218994,189,427,262,683,225,555
frame_22,Rack_3,60,10,fanta_grape_big,0.7329856157302856,139,425,187,661,163,543
frame_22,Rack_3,25,12,fanta_straw_big,0.9389025568962097,10,426,88,647,49,536
frame_23,Rack_3,12,9,empty,0.9530661702156067,950,437,1203,705,1076,571
frame_23,Rack_3,27,7,coke_z_big,0.9374388456344604,882,441,954,672,918,556
frame_23,Rack_3,6,7,coke_z_big,0.959755003452301,808,438,881,674,844,556
frame_23,Rack_3,24,5,coke_v_big,0.9348342418670654,737,437,806,695,771,566
frame_23,Rack_3,31,5,coke_v_big,0.9131990075111389,665,437,737,702,701,569
frame_23,Rack_3,21,5,coke_v_big,0.9492427110671997,598,437,665,664,631,550
frame_23,Rack_3,30,5,coke_v_big,0.949251651763916,530,437,597,662,563,549
frame_23,Rack_3,16,5,coke_v_big,0.9207553863525391,458,438,528,691,493,564
frame_23,Rack_3,43,14,pepsi_big,0.910079836845398,392,431,456,690,424,560
frame_23,Rack_3,48,14,pepsi_big,0.8643538951873779,329,428,390,685,359,556
frame_23,Rack_3,54,14,pepsi_big,0.8832495808601379,265,427,327,682,296,554
frame_23,Rack_3,45,10,fanta_grape_big,0.8804251551628113,190,427,262,683,226,555
frame_23,Rack_3,60,10,fanta_grape_big,0.7390418648719788,140,425,188,661,164,543
frame_23,Rack_3,25,12,fanta_straw_big,0.9371838569641113,10,426,87,647,48,536
frame_24,Rack_3,12,9,empty,0.9499809145927429,951,436,1204,705,1077,570
frame_24,Rack_3,27,7,coke_z_big,0.9377853274345398,882,440,955,672,918,556
frame_24,Rack_3,6,7,coke_z_big,0.9584103226661682,809,438,881,674,845,556
frame_24,Rack_3,24,5,coke_v_big,0.9408524036407471,738,437,806,695,772,566
frame_24,Rack_3,31,5,coke_v_big,0.9113823175430298,666,437,737,702,701,569
frame_24,Rack_3,21,5,coke_v_big,0.9444200396537781,599,437,666,664,632,550
frame_24,Rack_3,30,5,coke_v_big,0.9449515342712402,530,437,597,662,563,549
frame_24,Rack_3,16,5,coke_v_big,0.9074391722679138,458,438,528,691,493,564
frame_24,Rack_3,43,14,pepsi_big,0.9258501529693604,392,431,457,690,424,560
frame_24,Rack_3,48,14,pepsi_big,0.8397778272628784,329,428,391,685,360,556
frame_24,Rack_3,54,14,pepsi_big,0.8927807211875916,265,427,327,682,296,554
frame_24,Rack_3,45,10,fanta_grape_big,0.8803161382675171,190,427,262,683,226,555
frame_24,Rack_3,60,10,fanta_grape_big,0.7112991213798523,140,425,188,660,164,542
frame_24,Rack_3,61,12,fanta_straw_big,0.5159668326377869,85,425,140,648,112,536
frame_24,Rack_3,25,12,fanta_straw_big,0.9244213700294495,10,426,87,646,48,536
frame_25,Rack_3,12,9,empty,0.9518017768859863,951,436,1204,705,1077,570
frame_25,Rack_3,27,7,coke_z_big,0.947819709777832,883,441,955,671,919,556
frame_25,Rack_3,6,7,coke_z_big,0.9575461745262146,809,438,882,675,845,556
frame_25,Rack_3,24,5,coke_v_big,0.9461068511009216,738,437,807,696,772,566
frame_25,Rack_3,31,5,coke_v_big,0.9124146699905396,666,437,737,702,701,569
frame_25,Rack_3,21,5,coke_v_big,0.940192699432373,599,436,666,665,632,550
frame_25,Rack_3,30,5,coke_v_big,0.9408887028694153,531,437,598,663,564,550
frame_25,Rack_3,16,5,coke_v_big,0.9130644798278809,459,438,528,691,493,564
frame_25,Rack_3,43,14,pepsi_big,0.9249584078788757,393,431,457,690,425,560
frame_25,Rack_3,48,14,pepsi_big,0.8533360362052917,330,428,391,685,360,556
frame_25,Rack_3,54,14,pepsi_big,0.9048857688903809,266,427,327,682,296,554
frame_25,Rack_3,45,10,fanta_grape_big,0.9121702909469604,190,426,262,683,226,554
frame_25,Rack_3,60,10,fanta_grape_big,0.8061136603355408,141,425,189,662,165,543
frame_25,Rack_3,25,12,fanta_straw_big,0.9208139777183533,10,426,87,647,48,536
frame_26,Rack_3,12,9,empty,0.9503450989723206,952,436,1205,705,1078,570
frame_26,Rack_3,27,7,coke_z_big,0.9475575685501099,884,440,955,670,919,555
frame_26,Rack_3,6,7,coke_z_big,0.9579217433929443,810,438,882,675,846,556
frame_26,Rack_3,24,5,coke_v_big,0.9488843083381653,738,438,807,696,772,567
frame_26,Rack_3,31,5,coke_v_big,0.9164901971817017,667,437,738,702,702,569
frame_26,Rack_3,21,5,coke_v_big,0.939176082611084,599,436,667,665,633,550
frame_26,Rack_3,30,5,coke_v_big,0.9405346512794495,531,437,598,663,564,550
frame_26,Rack_3,16,5,coke_v_big,0.9109876155853271,459,437,528,692,493,564
frame_26,Rack_3,43,14,pepsi_big,0.9295410513877869,393,431,457,690,425,560
frame_26,Rack_3,48,14,pepsi_big,0.8621904850006104,330,428,392,684,361,556
frame_26,Rack_3,54,14,pepsi_big,0.9145450592041016,266,427,328,682,297,554
frame_26,Rack_3,45,10,fanta_grape_big,0.9229543209075928,191,426,263,683,227,554
frame_26,Rack_3,60,10,fanta_grape_big,0.8179951310157776,141,425,189,662,165,543
frame_26,Rack_3,25,12,fanta_straw_big,0.9276966452598572,10,425,88,646,49,535
frame_27,Rack_3,12,9,empty,0.9516234397888184,952,437,1204,705,1078,571
frame_27,Rack_3,27,7,coke_z_big,0.9490479230880737,884,440,956,671,920,555
frame_27,Rack_3,6,7,coke_z_big,0.9604210257530212,810,438,882,675,846,556
frame_27,Rack_3,24,5,coke_v_big,0.9521192908287048,738,438,807,696,772,567
frame_27,Rack_3,31,5,coke_v_big,0.9144188761711121,667,436,738,702,702,569
frame_27,Rack_3,21,5,coke_v_big,0.9417741894721985,600,436,667,666,633,551
frame_27,Rack_3,30,5,coke_v_big,0.9437112808227539,531,437,599,663,565,550
frame_27,Rack_3,16,5,coke_v_big,0.9065392017364502,459,437,529,692,494,564
frame_27,Rack_3,43,14,pepsi_big,0.9264206290245056,393,431,457,690,425,560
frame_27,Rack_3,48,14,pepsi_big,0.8608464598655701,331,428,392,685,361,556
frame_27,Rack_3,54,14,pepsi_big,0.9338253140449524,267,427,329,683,298,555
frame_27,Rack_3,45,10,fanta_grape_big,0.8941067457199097,191,426,263,683,227,554
frame_27,Rack_3,60,10,fanta_grape_big,0.7805851101875305,141,425,190,663,165,544
frame_27,Rack_3,25,12,fanta_straw_big,0.9328991770744324,10,426,88,647,49,536
frame_28,Rack_3,12,9,empty,0.952181875705719,953,437,1205,705,1079,571
frame_28,Rack_3,27,7,coke_z_big,0.9500796794891357,884,440,956,670,920,555
frame_28,Rack_3,6,7,coke_z_big,0.9551704525947571,811,438,883,675,847,556
frame_28,Rack_3,24,5,coke_v_big,0.952570915222168,739,438,808,696,773,567
frame_28,Rack_3,31,5,coke_v_big,0.9127637147903442,667,436,738,702,702,569
frame_28,Rack_3,21,5,coke_v_big,0.9391267895698547,600,436,667,666,633,551
frame_28,Rack_3,30,5,coke_v_big,0.9441220164299011,531,437,599,664,565,550
frame_28,Rack_3,16,5,coke_v_big,0.9046013355255127,459,437,529,692,494,564
frame_28,Rack_3,43,14,pepsi_big,0.9277357459068298,393,430,457,690,425,560
frame_28,Rack_3,48,14,pepsi_big,0.8758936524391174,331,428,392,685,361,556
frame_28,Rack_3,54,14,pepsi_big,0.9240187406539917,267,427,329,683,298,555
frame_28,Rack_3,45,10,fanta_grape_big,0.9075537919998169,191,426,263,683,227,554
frame_28,Rack_3,60,10,fanta_grape_big,0.7669744491577148,141,425,190,662,165,543
frame_28,Rack_3,25,12,fanta_straw_big,0.9357140064239502,10,425,88,647,49,536
frame_29,Rack_3,12,9,empty,0.954060435295105,953,437,1204,705,1078,571
frame_29,Rack_3,27,7,coke_z_big,0.9548338651657104,884,440,956,670,920,555
frame_29,Rack_3,6,7,coke_z_big,0.9559444785118103,811,438,883,675,847,556
frame_29,Rack_3,24,5,coke_v_big,0.9488914012908936,739,437,808,696,773,566
frame_29,Rack_3,31,5,coke_v_big,0.9104307889938354,667,436,738,702,702,569
frame_29,Rack_3,21,5,coke_v_big,0.939687192440033,600,436,667,666,633,551
frame_29,Rack_3,30,5,coke_v_big,0.9469701051712036,531,437,599,664,565,550
frame_29,Rack_3,16,5,coke_v_big,0.8908981680870056,459,437,529,692,494,564
frame_29,Rack_3,43,14,pepsi_big,0.9273940920829773,393,430,458,690,425,560
frame_29,Rack_3,48,14,pepsi_big,0.851691722869873,331,428,392,685,361,556
frame_29,Rack_3,54,14,pepsi_big,0.9375733137130737,267,427,329,682,298,554
frame_29,Rack_3,45,10,fanta_grape_big,0.8967726826667786,191,426,263,683,227,554
frame_29,Rack_3,60,10,fanta_grape_big,0.7466121912002563,141,425,190,662,165,543
frame_29,Rack_3,25,12,fanta_straw_big,0.9354761242866516,10,425,88,647,49,536
frame_30,Rack_3,12,9,empty,0.9500879645347595,953,437,1205,705,1079,571
frame_30,Rack_3,27,7,coke_z_big,0.9532220959663391,884,441,956,669,920,555
frame_30,Rack_3,6,7,coke_z_big,0.9565467834472656,811,439,883,674,847,556
frame_30,Rack_3,24,5,coke_v_big,0.9448065161705017,739,437,808,696,773,566
frame_30,Rack_3,31,5,coke_v_big,0.9014665484428406,668,436,738,702,703,569
frame_30,Rack_3,21,5,coke_v_big,0.9379108548164368,600,436,667,665,633,550
frame_30,Rack_3,30,5,coke_v_big,0.945898711681366,531,437,599,663,565,550
frame_30,Rack_3,16,5,coke_v_big,0.8935738801956177,459,437,529,692,494,564
frame_30,Rack_3,43,14,pepsi_big,0.9340341091156006,393,430,458,690,425,560
frame_30,Rack_3,48,14,pepsi_big,0.8610263466835022,331,428,392,684,361,556
frame_30,Rack_3,54,14,pepsi_big,0.9306954145431519,267,427,329,682,298,554
frame_30,Rack_3,45,10,fanta_grape_big,0.9189154505729675,191,426,263,683,227,554
frame_30,Rack_3,60,10,fanta_grape_big,0.747951090335846,141,425,190,661,165,543
frame_30,Rack_3,25,12,fanta_straw_big,0.9216593503952026,11,425,89,647,50,536
frame_31,Rack_3,12,9,empty,0.9485837817192078,953,436,1205,705,1079,570
frame_31,Rack_3,27,7,coke_z_big,0.9506484866142273,884,440,956,669,920,554
frame_31,Rack_3,6,7,coke_z_big,0.9612842798233032,811,438,883,674,847,556
frame_31,Rack_3,24,5,coke_v_big,0.9493950605392456,739,437,808,696,773,566
frame_31,Rack_3,31,5,coke_v_big,0.9152836799621582,668,436,738,702,703,569
frame_31,Rack_3,21,5,coke_v_big,0.9395163655281067,600,436,666,664,633,550
frame_31,Rack_3,30,5,coke_v_big,0.9386826753616333,531,436,599,662,565,549
frame_31,Rack_3,16,5,coke_v_big,0.8994535803794861,459,437,529,692,494,564
frame_31,Rack_3,43,14,pepsi_big,0.9316602945327759,393,430,458,690,425,560
frame_31,Rack_3,48,14,pepsi_big,0.8630622029304504,331,427,392,684,361,555
frame_31,Rack_3,54,14,pepsi_big,0.9328243732452393,267,426,329,682,298,554
frame_31,Rack_3,45,10,fanta_grape_big,0.8759331107139587,191,426,263,683,227,554
frame_31,Rack_3,60,10,fanta_grape_big,0.6663150787353516,141,424,190,663,165,543
frame_31,Rack_3,61,12,fanta_straw_big,0.5453509092330933,86,424,141,650,113,537
frame_31,Rack_3,25,12,fanta_straw_big,0.9253873825073242,9,425,87,647,48,536
frame_32,Rack_3,12,9,empty,0.9483046531677246,953,436,1205,705,1079,570
frame_32,Rack_3,27,7,coke_z_big,0.9443367719650269,884,440,956,669,920,554
frame_32,Rack_3,6,7,coke_z_big,0.96194988489151,811,438,883,674,847,556
frame_32,Rack_3,24,5,coke_v_big,0.9501643776893616,739,437,808,696,773,566
frame_32,Rack_3,31,5,coke_v_big,0.9193493723869324,668,436,738,702,703,569
frame_32,Rack_3,21,5,coke_v_big,0.9420250654220581,600,436,667,664,633,550
frame_32,Rack_3,30,5,coke_v_big,0.9398514032363892,531,436,599,662,565,549
frame_32,Rack_3,16,5,coke_v_big,0.8955981135368347,459,437,529,692,494,564
frame_32,Rack_3,43,14,pepsi_big,0.931922197341919,393,430,458,690,425,560
frame_32,Rack_3,48,14,pepsi_big,0.8619218468666077,331,427,392,684,361,555
frame_32,Rack_3,54,14,pepsi_big,0.939785897731781,267,426,329,682,298,554
frame_32,Rack_3,45,10,fanta_grape_big,0.8611096143722534,191,426,263,682,227,554
frame_32,Rack_3,60,10,fanta_grape_big,0.6490515470504761,141,424,190,663,165,543
frame_32,Rack_3,61,12,fanta_straw_big,0.5398697257041931,85,424,140,650,112,537
frame_32,Rack_3,25,12,fanta_straw_big,0.9407322406768799,9,425,87,647,48,536
frame_33,Rack_3,12,9,empty,0.9491395950317383,953,436,1205,705,1079,570
frame_33,Rack_3,27,7,coke_z_big,0.9456962943077087,884,440,956,669,920,554
frame_33,Rack_3,6,7,coke_z_big,0.963483989238739,811,438,883,674,847,556
frame_33,Rack_3,24,5,coke_v_big,0.9490161538124084,739,437,808,696,773,566
frame_33,Rack_3,31,5,coke_v_big,0.9213785529136658,668,436,738,701,703,568
frame_33,Rack_3,21,5,coke_v_big,0.9414318799972534,600,436,667,663,633,549
frame_33,Rack_3,30,5,coke_v_big,0.9409494996070862,531,436,599,662,565,549
frame_33,Rack_3,16,5,coke_v_big,0.8888264298439026,459,437,529,692,494,564
frame_33,Rack_3,43,14,pepsi_big,0.9359729290008545,393,430,458,690,425,560
frame_33,Rack_3,48,14,pepsi_big,0.8639264106750488,331,426,392,684,361,555
frame_33,Rack_3,54,14,pepsi_big,0.9287434816360474,267,426,330,682,298,554
frame_33,Rack_3,45,10,fanta_grape_big,0.8682106733322144,191,426,263,683,227,554
frame_33,Rack_3,60,10,fanta_grape_big,0.6673607230186462,141,424,190,663,165,543
frame_33,Rack_3,25,12,fanta_straw_big,0.9318135976791382,9,425,87,646,48,535
frame_34,Rack_3,12,9,empty,0.9484488368034363,953,436,1206,705,1079,570
frame_34,Rack_3,27,7,coke_z_big,0.9468435645103455,884,440,956,669,920,554
frame_34,Rack_3,6,7,coke_z_big,0.9632040858268738,811,438,883,674,847,556
frame_34,Rack_3,24,5,coke_v_big,0.9489302635192871,739,437,808,696,773,566
frame_34,Rack_3,31,5,coke_v_big,0.9191079139709473,668,436,738,701,703,568
frame_34,Rack_3,21,5,coke_v_big,0.9439054727554321,601,436,667,663,634,549
frame_34,Rack_3,30,5,coke_v_big,0.9378810524940491,531,435,600,662,565,548
frame_34,Rack_3,16,5,coke_v_big,0.8848073482513428,459,437,529,692,494,564
frame_34,Rack_3,43,14,pepsi_big,0.931122362613678,393,430,458,690,425,560
frame_34,Rack_3,48,14,pepsi_big,0.8741168975830078,331,426,392,684,361,555
frame_34,Rack_3,54,14,pepsi_big,0.9349184632301331,267,426,330,682,298,554
frame_34,Rack_3,45,10,fanta_grape_big,0.8335931301116943,191,426,263,683,227,554
frame_34,Rack_3,60,10,fanta_grape_big,0.6323307156562805,141,424,190,663,165,543
frame_34,Rack_3,25,12,fanta_straw_big,0.93341064453125,10,425,88,647,49,536
frame_35,Rack_3,12,9,empty,0.9472994208335876,953,436,1206,705,1079,570
frame_35,Rack_3,27,7,coke_z_big,0.9498386979103088,884,440,956,669,920,554
frame_35,Rack_3,6,7,coke_z_big,0.9626960754394531,811,438,883,674,847,556
frame_35,Rack_3,24,5,coke_v_big,0.9450406432151794,739,436,808,697,773,566
frame_35,Rack_3,31,5,coke_v_big,0.9181641936302185,668,436,738,702,703,569
frame_35,Rack_3,21,5,coke_v_big,0.941543698310852,601,436,667,664,634,550
frame_35,Rack_3,30,5,coke_v_big,0.9354729056358337,531,435,600,663,565,549
frame_35,Rack_3,16,5,coke_v_big,0.8796616196632385,460,437,529,692,494,564
frame_35,Rack_3,43,14,pepsi_big,0.9328208565711975,393,430,459,690,426,560
frame_35,Rack_3,48,14,pepsi_big,0.8918511867523193,331,427,392,685,361,556
frame_35,Rack_3,54,14,pepsi_big,0.9319925904273987,267,426,330,683,298,554
frame_35,Rack_3,45,10,fanta_grape_big,0.8274669647216797,191,426,263,683,227,554
frame_35,Rack_3,60,10,fanta_grape_big,0.6720673441886902,141,424,190,665,165,544
frame_35,Rack_3,25,12,fanta_straw_big,0.9408373236656189,10,424,88,647,49,535
frame_36,Rack_3,12,9,empty,0.9515193700790405,952,436,1205,705,1078,570
frame_36,Rack_3,27,7,coke_z_big,0.9490670561790466,885,440,957,670,921,555
frame_36,Rack_3,6,7,coke_z_big,0.9645467400550842,811,438,883,675,847,556
frame_36,Rack_3,24,5,coke_v_big,0.9447538256645203,739,437,809,697,774,567
frame_36,Rack_3,31,5,coke_v_big,0.9170399308204651,668,436,738,702,703,569
frame_36,Rack_3,21,5,coke_v_big,0.9443320035934448,601,436,667,664,634,550
frame_36,Rack_3,30,5,coke_v_big,0.9409815669059753,532,435,600,664,566,549
frame_36,Rack_3,16,5,coke_v_big,0.8773889541625977,460,437,529,692,494,564
frame_36,Rack_3,43,14,pepsi_big,0.919809877872467,393,430,459,690,426,560
frame_36,Rack_3,48,14,pepsi_big,0.8869724273681641,332,427,393,685,362,556
frame_36,Rack_3,54,14,pepsi_big,0.9337483048439026,267,426,330,683,298,554
frame_36,Rack_3,45,10,fanta_grape_big,0.8631259202957153,191,426,264,683,227,554
frame_36,Rack_3,60,10,fanta_grape_big,0.6632243394851685,141,424,190,664,165,544
frame_36,Rack_3,25,12,fanta_straw_big,0.9448360800743103,10,425,88,647,49,536
frame_37,Rack_3,12,9,empty,0.9530866146087646,952,436,1204,705,1078,570
frame_37,Rack_3,27,7,coke_z_big,0.9523460865020752,885,440,957,671,921,555
frame_37,Rack_3,6,7,coke_z_big,0.9646111726760864,811,437,884,675,847,556
frame_37,Rack_3,24,5,coke_v_big,0.9465357661247253,740,437,809,697,774,567
frame_37,Rack_3,31,5,coke_v_big,0.920171856880188,669,436,739,702,704,569
frame_37,Rack_3,21,5,coke_v_big,0.9404209852218628,601,436,667,664,634,550
frame_37,Rack_3,30,5,coke_v_big,0.943315863609314,532,436,601,664,566,550
frame_37,Rack_3,16,5,coke_v_big,0.871764063835144,460,437,529,692,494,564
frame_37,Rack_3,43,14,pepsi_big,0.9154574871063232,394,430,459,691,426,560
frame_37,Rack_3,48,14,pepsi_big,0.8960989117622375,332,427,393,685,362,556
frame_37,Rack_3,54,14,pepsi_big,0.9417857527732849,267,426,330,683,298,554
frame_37,Rack_3,45,10,fanta_grape_big,0.8900597095489502,191,426,263,683,227,554
frame_37,Rack_3,60,10,fanta_grape_big,0.6914851069450378,141,425,190,665,165,545
frame_37,Rack_3,25,12,fanta_straw_big,0.9344874620437622,10,425,88,647,49,536
frame_38,Rack_3,12,9,empty,0.954305112361908,952,436,1203,704,1077,570
frame_38,Rack_3,27,7,coke_z_big,0.9553154706954956,885,440,957,671,921,555
frame_38,Rack_3,6,7,coke_z_big,0.9693134427070618,811,437,884,674,847,555
frame_38,Rack_3,24,5,coke_v_big,0.946765124797821,740,437,809,697,774,567
frame_38,Rack_3,31,5,coke_v_big,0.9211795926094055,669,436,739,702,704,569
frame_38,Rack_3,21,5,coke_v_big,0.9399055242538452,602,436,667,664,634,550
frame_38,Rack_3,30,5,coke_v_big,0.9502328634262085,532,436,601,664,566,550
frame_38,Rack_3,16,5,coke_v_big,0.871178388595581,460,437,529,692,494,564
frame_38,Rack_3,43,14,pepsi_big,0.9287862777709961,394,430,459,691,426,560
frame_38,Rack_3,48,14,pepsi_big,0.9071454405784607,332,427,393,685,362,556
frame_38,Rack_3,54,14,pepsi_big,0.9478093981742859,267,426,330,683,298,554
frame_38,Rack_3,45,10,fanta_grape_big,0.8718649744987488,191,426,263,683,227,554
frame_38,Rack_3,60,10,fanta_grape_big,0.6722527146339417,141,425,190,665,165,545
frame_38,Rack_3,25,12,fanta_straw_big,0.9340519905090332,10,425,88,647,49,536
frame_39,Rack_3,12,9,empty,0.9552381038665771,952,436,1203,704,1077,570
frame_39,Rack_3,27,7,coke_z_big,0.9583057761192322,885,440,957,670,921,555
frame_39,Rack_3,6,7,coke_z_big,0.9711814522743225,811,437,884,674,847,555
frame_39,Rack_3,24,5,coke_v_big,0.9443383812904358,740,436,809,696,774,566
frame_39,Rack_3,31,5,coke_v_big,0.9152125716209412,669,436,739,702,704,569
frame_39,Rack_3,21,5,coke_v_big,0.9409092664718628,602,436,668,664,635,550
frame_39,Rack_3,30,5,coke_v_big,0.9529918432235718,532,436,601,665,566,550
frame_39,Rack_3,16,5,coke_v_big,0.8536437153816223,461,437,529,690,495,563
frame_39,Rack_3,43,14,pepsi_big,0.9359865188598633,394,430,459,691,426,560
frame_39,Rack_3,48,14,pepsi_big,0.9139232635498047,332,427,393,685,362,556
frame_39,Rack_3,54,14,pepsi_big,0.9443861246109009,267,426,330,682,298,554
frame_39,Rack_3,45,10,fanta_grape_big,0.8630773425102234,191,426,264,683,227,554
frame_39,Rack_3,60,10,fanta_grape_big,0.6449365019798279,141,425,191,666,166,545
frame_39,Rack_3,25,12,fanta_straw_big,0.9345174431800842,10,425,88,647,49,536
frame_40,Rack_3,12,9,empty,0.954680860042572,953,436,1203,704,1078,570
frame_40,Rack_3,27,7,coke_z_big,0.9591997861862183,886,440,957,670,921,555
frame_40,Rack_3,6,7,coke_z_big,0.971493661403656,812,437,884,674,848,555
frame_40,Rack_3,24,5,coke_v_big,0.9402471780776978,740,436,809,696,774,566
frame_40,Rack_3,31,5,coke_v_big,0.9145604372024536,670,436,739,702,704,569
frame_40,Rack_3,21,5,coke_v_big,0.9406837224960327,602,436,668,664,635,550
frame_40,Rack_3,30,5,coke_v_big,0.9502626657485962,532,436,601,665,566,550
frame_40,Rack_3,16,5,coke_v_big,0.8599196076393127,462,437,530,689,496,563
frame_40,Rack_3,43,14,pepsi_big,0.9421942830085754,394,430,460,691,427,560
frame_40,Rack_3,48,14,pepsi_big,0.9154487252235413,332,427,393,685,362,556
frame_40,Rack_3,54,14,pepsi_big,0.9462711811065674,268,427,330,682,299,554
frame_40,Rack_3,45,10,fanta_grape_big,0.8690429925918579,191,426,264,683,227,554
frame_40,Rack_3,60,10,fanta_grape_big,0.6488980054855347,141,425,191,665,166,545
frame_40,Rack_3,25,12,fanta_straw_big,0.9409473538398743,10,425,88,647,49,536
frame_41,Rack_3,12,9,empty,0.9545744061470032,953,436,1203,704,1078,570
frame_41,Rack_3,27,7,coke_z_big,0.9606313705444336,886,440,958,669,922,554
frame_41,Rack_3,6,7,coke_z_big,0.972244381904602,812,436,885,673,848,554
frame_41,Rack_3,24,5,coke_v_big,0.9327144622802734,741,436,810,697,775,566
frame_41,Rack_3,31,5,coke_v_big,0.9138009548187256,670,436,740,702,705,569
frame_41,Rack_3,21,5,coke_v_big,0.943209171295166,602,436,668,664,635,550
frame_41,Rack_3,30,5,coke_v_big,0.9480921030044556,532,435,601,665,566,550
frame_41,Rack_3,16,5,coke_v_big,0.8536171317100525,462,437,530,689,496,563
frame_41,Rack_3,43,14,pepsi_big,0.9426770806312561,394,430,460,691,427,560
frame_41,Rack_3,48,14,pepsi_big,0.9125062823295593,333,427,393,685,363,556
frame_41,Rack_3,54,14,pepsi_big,0.9394477605819702,268,426,330,682,299,554
frame_41,Rack_3,45,10,fanta_grape_big,0.8640648722648621,191,426,264,683,227,554
frame_41,Rack_3,60,10,fanta_grape_big,0.6436710357666016,141,424,191,665,166,544
frame_41,Rack_3,25,12,fanta_straw_big,0.9323793649673462,10,425,88,647,49,536
frame_42,Rack_3,12,9,empty,0.956304132938385,953,436,1204,704,1078,570
frame_42,Rack_3,27,7,coke_z_big,0.966001033782959,886,439,958,669,922,554
frame_42,Rack_3,6,7,coke_z_big,0.9725112915039062,812,436,885,673,848,554
frame_42,Rack_3,24,5,coke_v_big,0.9355188012123108,741,436,810,697,775,566
frame_42,Rack_3,31,5,coke_v_big,0.9104242324829102,670,436,740,702,705,569
frame_42,Rack_3,21,5,coke_v_big,0.9403656721115112,602,436,668,664,635,550
frame_42,Rack_3,30,5,coke_v_big,0.943511426448822,533,435,602,665,567,550
frame_42,Rack_3,16,5,coke_v_big,0.8396365642547607,462,437,530,691,496,564
frame_42,Rack_3,43,14,pepsi_big,0.9381743669509888,394,430,460,691,427,560
frame_42,Rack_3,48,14,pepsi_big,0.9087193012237549,333,426,394,685,363,555
frame_42,Rack_3,54,14,pepsi_big,0.9414882063865662,268,426,330,682,299,554
frame_42,Rack_3,45,10,fanta_grape_big,0.881104588508606,191,426,264,683,227,554
frame_42,Rack_3,60,10,fanta_grape_big,0.6468705534934998,141,424,191,664,166,544
frame_42,Rack_3,25,12,fanta_straw_big,0.9025760889053345,10,425,88,647,49,536
frame_43,Rack_3,12,9,empty,0.9554345011711121,954,436,1204,704,1079,570
frame_43,Rack_3,27,7,coke_z_big,0.9654765725135803,887,439,959,668,923,553
frame_43,Rack_3,6,7,coke_z_big,0.9709404706954956,813,435,886,673,849,554
frame_43,Rack_3,24,5,coke_v_big,0.9365262389183044,741,436,810,696,775,566
frame_43,Rack_3,31,5,coke_v_big,0.9141360521316528,670,436,740,702,705,569
frame_43,Rack_3,21,5,coke_v_big,0.9348936080932617,603,436,668,664,635,550
frame_43,Rack_3,30,5,coke_v_big,0.936099648475647,533,435,602,665,567,550
frame_43,Rack_3,16,5,coke_v_big,0.8292283415794373,462,437,531,690,496,563
frame_43,Rack_3,43,14,pepsi_big,0.9422339200973511,395,430,460,691,427,560
frame_43,Rack_3,48,14,pepsi_big,0.911142885684967,333,426,394,684,363,555
frame_43,Rack_3,54,14,pepsi_big,0.9427875876426697,268,425,331,682,299,553
frame_43,Rack_3,45,10,fanta_grape_big,0.8852940201759338,192,425,264,682,228,553
frame_43,Rack_3,60,10,fanta_grape_big,0.7094775438308716,142,424,191,665,166,544
frame_43,Rack_3,25,12,fanta_straw_big,0.9017199873924255,10,425,88,647,49,536
frame_44,Rack_3,12,9,empty,0.9463704824447632,956,435,1206,703,1081,569
frame_44,Rack_3,27,7,coke_z_big,0.9583588242530823,888,439,959,668,923,553
frame_44,Rack_3,6,7,coke_z_big,0.9733768105506897,813,436,886,674,849,555
frame_44,Rack_3,24,5,coke_v_big,0.9363646507263184,742,436,811,696,776,566
frame_44,Rack_3,31,5,coke_v_big,0.920470118522644,670,435,740,701,705,568
frame_44,Rack_3,21,5,coke_v_big,0.9411793351173401,603,436,669,664,636,550
frame_44,Rack_3,30,5,coke_v_big,0.9369784593582153,534,435,602,665,568,550
frame_44,Rack_3,16,5,coke_v_big,0.8223609328269958,463,437,531,689,497,563
frame_44,Rack_3,43,14,pepsi_big,0.9441607594490051,395,429,461,691,428,560
frame_44,Rack_3,48,14,pepsi_big,0.9213851094245911,333,426,394,684,363,555
frame_44,Rack_3,54,14,pepsi_big,0.9485191106796265,269,425,331,681,300,553
frame_44,Rack_3,45,10,fanta_grape_big,0.8822908401489258,192,425,265,682,228,553
frame_44,Rack_3,60,10,fanta_grape_big,0.7011772394180298,142,424,191,664,166,544
frame_44,Rack_3,25,12,fanta_straw_big,0.9215077757835388,11,424,89,647,50,535
frame_45,Rack_3,12,9,empty,0.944076418876648,957,435,1207,703,1082,569
frame_45,Rack_3,27,7,coke_z_big,0.9674262404441833,888,439,959,668,923,553
frame_45,Rack_3,6,7,coke_z_big,0.9733395576477051,813,436,887,674,850,555
frame_45,Rack_3,24,5,coke_v_big,0.9298261404037476,742,437,811,696,776,566
frame_45,Rack_3,31,5,coke_v_big,0.9216440916061401,671,435,740,701,705,568
frame_45,Rack_3,21,5,coke_v_big,0.93790203332901,603,436,669,664,636,550
frame_45,Rack_3,30,5,coke_v_big,0.9331437945365906,534,435,603,665,568,550
frame_45,Rack_3,16,5,coke_v_big,0.8297517895698547,462,436,532,692,497,564
frame_45,Rack_3,43,14,pepsi_big,0.9461889266967773,395,429,461,691,428,560
frame_45,Rack_3,48,14,pepsi_big,0.9260208606719971,334,426,394,684,364,555
frame_45,Rack_3,54,14,pepsi_big,0.9492892622947693,269,425,331,681,300,553
frame_45,Rack_3,45,10,fanta_grape_big,0.8813623785972595,192,425,265,682,228,553
frame_45,Rack_3,60,10,fanta_grape_big,0.708460807800293,142,424,192,665,167,544
frame_45,Rack_3,25,12,fanta_straw_big,0.8433823585510254,11,424,90,647,50,535
frame_46,Rack_3,12,9,empty,0.9438785314559937,958,435,1208,703,1083,569
frame_46,Rack_3,27,7,coke_z_big,0.9669535160064697,889,439,960,668,924,553
frame_46,Rack_3,6,7,coke_z_big,0.9696985483169556,814,437,887,674,850,555
frame_46,Rack_3,24,5,coke_v_big,0.9201358556747437,743,437,812,697,777,567
frame_46,Rack_3,31,5,coke_v_big,0.9264093637466431,671,435,741,701,706,568
frame_46,Rack_3,21,5,coke_v_big,0.9328847527503967,604,436,669,664,636,550
frame_46,Rack_3,30,5,coke_v_big,0.9290050268173218,535,435,603,664,569,549
frame_46,Rack_3,16,5,coke_v_big,0.8554998636245728,463,436,532,692,497,564
frame_46,Rack_3,43,14,pepsi_big,0.9412855505943298,395,429,461,691,428,560
frame_46,Rack_3,48,14,pepsi_big,0.9280475378036499,334,426,395,684,364,555
frame_46,Rack_3,54,14,pepsi_big,0.9589453935623169,270,425,332,681,301,553
frame_46,Rack_3,45,10,fanta_grape_big,0.8561112880706787,193,425,266,682,229,553
frame_46,Rack_3,60,10,fanta_grape_big,0.6914330124855042,143,423,193,665,168,544
frame_46,Rack_3,25,12,fanta_straw_big,0.8358668684959412,11,424,91,648,51,536
frame_47,Rack_3,12,9,empty,0.9394083023071289,959,435,1209,703,1084,569
frame_47,Rack_3,27,7,coke_z_big,0.9689938426017761,889,439,960,668,924,553
frame_47,Rack_3,6,7,coke_z_big,0.9718546271324158,814,437,888,674,851,555
frame_47,Rack_3,24,5,coke_v_big,0.9335562586784363,743,437,812,697,777,567
frame_47,Rack_3,31,5,coke_v_big,0.9235626459121704,671,435,741,701,706,568
frame_47,Rack_3,21,5,coke_v_big,0.93329918384552,604,436,670,664,637,550
frame_47,Rack_3,30,5,coke_v_big,0.9225432276725769,536,435,604,663,570,549
frame_47,Rack_3,16,5,coke_v_big,0.8689506649971008,463,436,533,692,498,564
frame_47,Rack_3,43,14,pepsi_big,0.9417278170585632,396,429,462,691,429,560
frame_47,Rack_3,48,14,pepsi_big,0.9290834665298462,335,426,395,684,365,555
frame_47,Rack_3,54,14,pepsi_big,0.9663023352622986,270,425,332,681,301,553
frame_47,Rack_3,45,10,fanta_grape_big,0.8544251918792725,193,424,266,682,229,553
frame_47,Rack_3,60,10,fanta_grape_big,0.6885978579521179,144,423,193,665,168,544
frame_47,Rack_3,25,12,fanta_straw_big,0.698364794254303,12,424,91,647,51,535
frame_48,Rack_3,12,9,empty,0.9319490790367126,961,435,1212,703,1086,569
frame_48,Rack_3,27,7,coke_z_big,0.968515932559967,889,439,960,668,924,553
frame_48,Rack_3,6,7,coke_z_big,0.9729376435279846,815,437,888,674,851,555
frame_48,Rack_3,24,5,coke_v_big,0.9380094408988953,744,437,813,696,778,566
frame_48,Rack_3,31,5,coke_v_big,0.9258754253387451,672,435,742,701,707,568
frame_48,Rack_3,21,5,coke_v_big,0.9352328181266785,605,435,670,663,637,549
frame_48,Rack_3,30,5,coke_v_big,0.9192041158676147,536,435,605,663,570,549
frame_48,Rack_3,16,5,coke_v_big,0.881101667881012,464,435,534,691,499,563
frame_48,Rack_3,43,14,pepsi_big,0.940687358379364,396,429,462,690,429,559
frame_48,Rack_3,48,14,pepsi_big,0.9364612102508545,335,426,396,683,365,554
frame_48,Rack_3,54,14,pepsi_big,0.971218466758728,270,425,333,681,301,553
frame_48,Rack_3,45,10,fanta_grape_big,0.7967309951782227,194,424,266,679,230,551
frame_48,Rack_3,60,10,fanta_grape_big,0.6933658719062805,144,423,193,665,168,544
frame_48,Rack_3,25,12,fanta_straw_big,0.9015536904335022,12,424,91,646,51,535
frame_49,Rack_3,12,9,empty,0.9277818202972412,962,435,1215,704,1088,569
frame_49,Rack_3,27,7,coke_z_big,0.9777855277061462,890,439,961,668,925,553
frame_49,Rack_3,6,7,coke_z_big,0.9741716980934143,815,437,889,673,852,555
frame_49,Rack_3,24,5,coke_v_big,0.9464396834373474,744,437,813,696,778,566
frame_49,Rack_3,31,5,coke_v_big,0.9247212409973145,673,435,743,701,708,568
frame_49,Rack_3,21,5,coke_v_big,0.9308076500892639,606,435,670,662,638,548
frame_49,Rack_3,30,5,coke_v_big,0.9090108871459961,537,435,605,663,571,549
frame_49,Rack_3,16,5,coke_v_big,0.8832066059112549,465,435,535,691,500,563
frame_49,Rack_3,43,14,pepsi_big,0.9346737265586853,397,429,463,690,430,559
frame_49,Rack_3,48,14,pepsi_big,0.951265811920166,336,426,396,683,366,554
frame_49,Rack_3,54,14,pepsi_big,0.9702131152153015,271,425,334,681,302,553
frame_49,Rack_3,45,10,fanta_grape_big,0.8297801613807678,194,424,267,681,230,552
frame_49,Rack_3,60,10,fanta_grape_big,0.7568866610527039,144,422,194,671,169,546
frame_49,Rack_3,25,12,fanta_straw_big,0.7887122631072998,12,424,91,646,51,535
frame_50,Rack_3,12,9,empty,0.924553632736206,963,435,1216,704,1089,569
frame_50,Rack_3,27,7,coke_z_big,0.9715695381164551,891,439,962,668,926,553
frame_50,Rack_3,6,7,coke_z_big,0.9709332585334778,816,436,889,674,852,555
frame_50,Rack_3,24,5,coke_v_big,0.9561451077461243,745,437,814,696,779,566
frame_50,Rack_3,31,5,coke_v_big,0.9307215213775635,673,434,743,700,708,567
frame_50,Rack_3,21,5,coke_v_big,0.9324982762336731,606,435,671,662,638,548
frame_50,Rack_3,30,5,coke_v_big,0.9108262062072754,538,435,605,662,571,548
frame_50,Rack_3,16,5,coke_v_big,0.9001206755638123,465,435,535,691,500,563
frame_50,Rack_3,43,14,pepsi_big,0.936408519744873,398,429,463,689,430,559
frame_50,Rack_3,48,14,pepsi_big,0.9504407644271851,336,426,397,683,366,554
frame_50,Rack_3,54,14,pepsi_big,0.970873236656189,271,425,334,681,302,553
frame_50,Rack_3,45,10,fanta_grape_big,0.8546830415725708,194,424,268,681,231,552
frame_50,Rack_3,60,10,fanta_grape_big,0.7414398789405823,144,422,195,674,169,548
frame_50,Rack_3,25,12,fanta_straw_big,0.8781248331069946,13,424,92,646,52,535
frame_51,Rack_3,12,9,empty,0.9194424748420715,963,435,1216,703,1089,569
frame_51,Rack_3,27,7,coke_z_big,0.9666410684585571,892,439,962,667,927,553
frame_51,Rack_3,6,7,coke_z_big,0.9673746824264526,816,436,890,674,853,555
frame_51,Rack_3,24,5,coke_v_big,0.9605036973953247,745,437,814,696,779,566
frame_51,Rack_3,31,5,coke_v_big,0.9355946183204651,673,434,743,701,708,567
frame_51,Rack_3,21,5,coke_v_big,0.9262933731079102,606,435,671,662,638,548
frame_51,Rack_3,30,5,coke_v_big,0.9092720746994019,538,434,606,663,572,548
frame_51,Rack_3,16,5,coke_v_big,0.8977583050727844,465,435,536,692,500,563
frame_51,Rack_3,43,14,pepsi_big,0.9429342150688171,398,429,463,689,430,559
frame_51,Rack_3,48,14,pepsi_big,0.9520589113235474,336,426,397,683,366,554
frame_51,Rack_3,54,14,pepsi_big,0.9702845811843872,271,425,334,681,302,553
frame_51,Rack_3,45,10,fanta_grape_big,0.8362020254135132,195,424,268,681,231,552
frame_51,Rack_3,60,10,fanta_grape_big,0.757610559463501,144,422,195,675,169,548
frame_51,Rack_3,25,12,fanta_straw_big,0.8776707053184509,12,424,92,646,52,535
frame_52,Rack_3,12,9,empty,0.9145975112915039,963,434,1216,703,1089,568
frame_52,Rack_3,27,7,coke_z_big,0.9729282855987549,892,439,963,667,927,553
frame_52,Rack_3,6,7,coke_z_big,0.9560456871986389,817,435,891,674,854,554
frame_52,Rack_3,24,5,coke_v_big,0.9566850662231445,746,437,815,696,780,566
frame_52,Rack_3,31,5,coke_v_big,0.9374963045120239,674,434,744,701,709,567
frame_52,Rack_3,21,5,coke_v_big,0.9298470616340637,607,434,672,662,639,548
frame_52,Rack_3,30,5,coke_v_big,0.9099574089050293,538,434,606,663,572,548
frame_52,Rack_3,16,5,coke_v_big,0.8961732387542725,465,435,536,692,500,563
frame_52,Rack_3,43,14,pepsi_big,0.9431514739990234,398,429,464,689,431,559
frame_52,Rack_3,48,14,pepsi_big,0.956967830657959,336,426,397,683,366,554
frame_52,Rack_3,54,14,pepsi_big,0.9699410796165466,271,425,335,681,303,553
frame_52,Rack_3,45,10,fanta_grape_big,0.8288981318473816,195,425,268,679,231,552
frame_52,Rack_3,60,10,fanta_grape_big,0.7400089502334595,145,423,195,668,170,545
frame_52,Rack_3,25,12,fanta_straw_big,0.8754264712333679,13,424,92,646,52,535
frame_53,Rack_3,12,9,empty,0.9108842611312866,963,434,1217,703,1090,568
frame_53,Rack_3,27,7,coke_z_big,0.9727622270584106,892,439,963,668,927,553
frame_53,Rack_3,6,7,coke_z_big,0.9514849185943604,817,435,891,672,854,553
frame_53,Rack_3,24,5,coke_v_big,0.9487120509147644,746,437,816,696,781,566
frame_53,Rack_3,31,5,coke_v_big,0.9402755498886108,674,434,744,700,709,567
frame_53,Rack_3,21,5,coke_v_big,0.9302244782447815,607,434,672,663,639,548
frame_53,Rack_3,30,5,coke_v_big,0.9178155064582825,538,434,606,663,572,548
frame_53,Rack_3,16,5,coke_v_big,0.8904006481170654,466,435,536,692,501,563
frame_53,Rack_3,43,14,pepsi_big,0.943015992641449,398,428,464,689,431,558
frame_53,Rack_3,48,14,pepsi_big,0.9598792195320129,337,426,398,683,367,554
frame_53,Rack_3,54,14,pepsi_big,0.965941846370697,271,425,335,681,303,553
frame_53,Rack_3,45,10,fanta_grape_big,0.8144915103912354,195,425,268,678,231,551
frame_53,Rack_3,60,10,fanta_grape_big,0.7495214343070984,146,423,195,665,170,544
frame_53,Rack_3,25,12,fanta_straw_big,0.8755073547363281,14,424,93,646,53,535
frame_54,Rack_3,12,9,empty,0.9093937277793884,963,434,1217,703,1090,568
frame_54,Rack_3,27,7,coke_z_big,0.9717506170272827,892,438,963,667,927,552
frame_54,Rack_3,6,7,coke_z_big,0.949011504650116,818,435,891,672,854,553
frame_54,Rack_3,24,5,coke_v_big,0.9421952962875366,747,436,816,696,781,566
frame_54,Rack_3,31,5,coke_v_big,0.9395611882209778,674,434,744,700,709,567
frame_54,Rack_3,21,5,coke_v_big,0.9350870847702026,607,434,672,663,639,548
frame_54,Rack_3,30,5,coke_v_big,0.9189974665641785,539,434,606,663,572,548
frame_54,Rack_3,16,5,coke_v_big,0.8921386003494263,466,434,537,692,501,563
frame_54,Rack_3,43,14,pepsi_big,0.9462096095085144,399,428,464,689,431,558
frame_54,Rack_3,48,14,pepsi_big,0.9586575031280518,337,426,398,683,367,554
frame_54,Rack_3,54,14,pepsi_big,0.9652203917503357,272,425,335,681,303,553
frame_54,Rack_3,45,10,fanta_grape_big,0.7814565896987915,195,424,268,680,231,552
frame_54,Rack_3,60,10,fanta_grape_big,0.6991695761680603,147,423,195,663,171,543
frame_54,Rack_3,25,12,fanta_straw_big,0.8849725723266602,13,423,93,645,53,534
frame_55,Rack_3,12,9,empty,0.9105398654937744,963,433,1218,702,1090,567
frame_55,Rack_3,27,7,coke_z_big,0.9692443013191223,892,438,963,668,927,553
frame_55,Rack_3,6,7,coke_z_big,0.9511532783508301,818,435,891,672,854,553
frame_55,Rack_3,24,5,coke_v_big,0.9392450451850891,747,436,816,695,781,565
frame_55,Rack_3,31,5,coke_v_big,0.941542387008667,675,434,745,700,710,567
frame_55,Rack_3,21,5,coke_v_big,0.9312030673027039,607,434,673,663,640,548
frame_55,Rack_3,30,5,coke_v_big,0.9191959500312805,539,434,606,663,572,548
frame_55,Rack_3,16,5,coke_v_big,0.8937861919403076,467,435,537,689,502,562
frame_55,Rack_3,43,14,pepsi_big,0.944307267665863,399,428,464,688,431,558
frame_55,Rack_3,48,14,pepsi_big,0.9581739902496338,337,425,398,683,367,554
frame_55,Rack_3,54,14,pepsi_big,0.9637206196784973,272,425,335,680,303,552
frame_55,Rack_3,45,10,fanta_grape_big,0.7998784184455872,195,424,269,679,232,551
frame_55,Rack_3,60,10,fanta_grape_big,0.7374845743179321,147,423,195,663,171,543
frame_55,Rack_3,25,12,fanta_straw_big,0.9154254198074341,13,423,93,644,53,533
frame_56,Rack_3,12,9,empty,0.9079928398132324,963,433,1218,702,1090,567
frame_56,Rack_3,27,7,coke_z_big,0.9720667004585266,893,437,963,667,928,552
frame_56,Rack_3,6,7,coke_z_big,0.9502379894256592,818,434,891,671,854,552
frame_56,Rack_3,24,5,coke_v_big,0.9417282342910767,747,436,817,695,782,565
frame_56,Rack_3,31,5,coke_v_big,0.9417299032211304,675,434,745,700,710,567
frame_56,Rack_3,21,5,coke_v_big,0.9242296814918518,607,434,673,664,640,549
frame_56,Rack_3,30,5,coke_v_big,0.9200113415718079,539,434,607,663,573,548
frame_56,Rack_3,16,5,coke_v_big,0.8902695178985596,467,435,537,688,502,561
frame_56,Rack_3,43,14,pepsi_big,0.9411227107048035,399,428,464,688,431,558
frame_56,Rack_3,48,14,pepsi_big,0.9528530836105347,337,425,398,682,367,553
frame_56,Rack_3,54,14,pepsi_big,0.9625876545906067,272,425,335,680,303,552
frame_56,Rack_3,45,10,fanta_grape_big,0.7668747305870056,195,424,269,679,232,551
frame_56,Rack_3,60,10,fanta_grape_big,0.7231443524360657,147,422,195,662,171,542
frame_56,Rack_3,25,12,fanta_straw_big,0.928545355796814,13,422,93,644,53,533
frame_57,Rack_3,12,9,empty,0.9076961278915405,963,433,1219,702,1091,567
frame_57,Rack_3,27,7,coke_z_big,0.9724510908126831,893,437,963,667,928,552
frame_57,Rack_3,6,7,coke_z_big,0.9546709656715393,818,434,892,671,855,552
frame_57,Rack_3,24,5,coke_v_big,0.9347911477088928,747,436,817,695,782,565
frame_57,Rack_3,31,5,coke_v_big,0.9443976879119873,675,434,745,700,710,567
frame_57,Rack_3,21,5,coke_v_big,0.9250897169113159,607,434,673,664,640,549
frame_57,Rack_3,30,5,coke_v_big,0.9226723909378052,539,434,607,663,573,548
frame_57,Rack_3,16,5,coke_v_big,0.8928214311599731,468,435,538,688,503,561
frame_57,Rack_3,43,14,pepsi_big,0.9464494585990906,399,428,464,688,431,558
frame_57,Rack_3,48,14,pepsi_big,0.9464308023452759,338,425,398,682,368,553
frame_57,Rack_3,54,14,pepsi_big,0.966510534286499,272,425,336,681,304,553
frame_57,Rack_3,45,10,fanta_grape_big,0.7675194144248962,196,423,269,678,232,550
frame_57,Rack_3,60,10,fanta_grape_big,0.7287691831588745,148,422,195,662,171,542
frame_57,Rack_3,25,12,fanta_straw_big,0.9346567392349243,14,422,94,644,54,533
frame_58,Rack_3,12,9,empty,0.9035115838050842,964,433,1219,702,1091,567
frame_58,Rack_3,27,7,coke_z_big,0.9714051485061646,893,437,963,667,928,552
frame_58,Rack_3,6,7,coke_z_big,0.9512362480163574,819,434,892,671,855,552
frame_58,Rack_3,24,5,coke_v_big,0.9325409531593323,747,436,817,695,782,565
frame_58,Rack_3,31,5,coke_v_big,0.9449552893638611,676,434,745,700,710,567
frame_58,Rack_3,21,5,coke_v_big,0.9327953457832336,608,434,673,663,640,548
frame_58,Rack_3,30,5,coke_v_big,0.9256413578987122,540,434,607,663,573,548
frame_58,Rack_3,16,5,coke_v_big,0.8952613472938538,467,434,538,690,502,562
frame_58,Rack_3,43,14,pepsi_big,0.952257513999939,399,428,464,688,431,558
frame_58,Rack_3,48,14,pepsi_big,0.9536929726600647,338,425,398,682,368,553
frame_58,Rack_3,54,14,pepsi_big,0.9653069376945496,272,424,336,680,304,552
frame_58,Rack_3,45,10,fanta_grape_big,0.7860584855079651,196,423,270,680,233,551
frame_58,Rack_3,60,10,fanta_grape_big,0.7774466872215271,147,421,197,669,172,545
frame_58,Rack_3,25,12,fanta_straw_big,0.9274592995643616,14,422,95,644,54,533
frame_59,Rack_3,12,9,empty,0.9027639627456665,964,433,1219,702,1091,567
frame_59,Rack_3,27,7,coke_z_big,0.9714937806129456,894,437,963,666,928,551
frame_59,Rack_3,6,7,coke_z_big,0.9495118856430054,819,434,892,671,855,552
frame_59,Rack_3,24,5,coke_v_big,0.922658383846283,748,435,817,695,782,565
frame_59,Rack_3,31,5,coke_v_big,0.9461740851402283,676,434,746,700,711,567
frame_59,Rack_3,21,5,coke_v_big,0.9236423969268799,608,434,673,663,640,548
frame_59,Rack_3,30,5,coke_v_big,0.9250447154045105,540,434,607,662,573,548
frame_59,Rack_3,16,5,coke_v_big,0.8867213129997253,467,434,538,691,502,562
frame_59,Rack_3,43,14,pepsi_big,0.9484702944755554,399,428,465,688,432,558
frame_59,Rack_3,48,14,pepsi_big,0.9502832293510437,338,425,399,682,368,553
frame_59,Rack_3,54,14,pepsi_big,0.9611011147499084,272,424,336,681,304,552
frame_59,Rack_3,45,10,fanta_grape_big,0.7746398448944092,196,423,270,680,233,551
frame_59,Rack_3,60,10,fanta_grape_big,0.7359489798545837,147,421,197,671,172,546
frame_59,Rack_3,25,12,fanta_straw_big,0.9199473261833191,15,422,95,645,55,533
frame_60,Rack_3,12,9,empty,0.8966443538665771,964,433,1220,702,1092,567
frame_60,Rack_3,27,7,coke_z_big,0.9679384827613831,894,437,964,666,929,551
frame_60,Rack_3,6,7,coke_z_big,0.9437263607978821,819,435,892,671,855,553
frame_60,Rack_3,24,5,coke_v_big,0.9163380861282349,748,434,818,695,783,564
frame_60,Rack_3,31,5,coke_v_big,0.9411674737930298,676,433,746,700,711,566
frame_60,Rack_3,21,5,coke_v_big,0.9192882180213928,608,433,673,663,640,548
frame_60,Rack_3,30,5,coke_v_big,0.9173898100852966,540,433,607,662,573,547
frame_60,Rack_3,16,5,coke_v_big,0.8960154056549072,467,433,538,691,502,562
frame_60,Rack_3,43,14,pepsi_big,0.9452109336853027,400,428,465,688,432,558
frame_60,Rack_3,48,14,pepsi_big,0.9518017768859863,338,425,399,682,368,553
frame_60,Rack_3,54,14,pepsi_big,0.9695912599563599,273,425,337,681,305,553
frame_60,Rack_3,45,10,fanta_grape_big,0.6948384046554565,197,424,271,680,234,552
frame_60,Rack_3,60,10,fanta_grape_big,0.5992405414581299,148,422,196,666,172,544
frame_60,Rack_3,25,12,fanta_straw_big,0.78327876329422,14,422,95,646,54,534
frame_61,Rack_3,12,9,empty,0.8996047973632812,964,433,1221,702,1092,567
frame_61,Rack_3,27,7,coke_z_big,0.9690276980400085,894,437,964,666,929,551
frame_61,Rack_3,6,7,coke_z_big,0.9370852112770081,820,434,892,670,856,552
frame_61,Rack_3,24,5,coke_v_big,0.9101163744926453,748,434,818,695,783,564
frame_61,Rack_3,31,5,coke_v_big,0.9410476684570312,676,433,746,700,711,566
frame_61,Rack_3,21,5,coke_v_big,0.9248244166374207,609,433,674,663,641,548
frame_61,Rack_3,30,5,coke_v_big,0.9136643409729004,541,433,608,662,574,547
frame_61,Rack_3,16,5,coke_v_big,0.8970791697502136,467,433,538,690,502,561
frame_61,Rack_3,43,14,pepsi_big,0.9370851516723633,400,428,465,688,432,558
frame_61,Rack_3,48,14,pepsi_big,0.9419289231300354,338,425,399,682,368,553
frame_61,Rack_3,54,14,pepsi_big,0.9611165523529053,273,425,337,680,305,552
frame_61,Rack_3,45,10,fanta_grape_big,0.7126497030258179,197,424,271,680,234,552
frame_61,Rack_3,60,10,fanta_grape_big,0.6746498942375183,148,422,197,668,172,545
frame_61,Rack_3,25,12,fanta_straw_big,0.8853775858879089,14,423,95,645,54,534
frame_62,Rack_3,12,9,empty,0.9020841121673584,964,433,1221,702,1092,567
frame_62,Rack_3,27,7,coke_z_big,0.9702910780906677,894,437,964,665,929,551
frame_62,Rack_3,6,7,coke_z_big,0.936578094959259,820,434,893,670,856,552
frame_62,Rack_3,24,5,coke_v_big,0.9095947742462158,748,433,818,695,783,564
frame_62,Rack_3,31,5,coke_v_big,0.9432992339134216,676,433,746,699,711,566
frame_62,Rack_3,21,5,coke_v_big,0.9252690672874451,609,433,674,662,641,547
frame_62,Rack_3,30,5,coke_v_big,0.9097420573234558,541,433,608,662,574,547
frame_62,Rack_3,16,5,coke_v_big,0.8967956900596619,467,433,539,690,503,561
frame_62,Rack_3,43,14,pepsi_big,0.9303995370864868,400,428,465,688,432,558
frame_62,Rack_3,48,14,pepsi_big,0.9339942932128906,338,425,399,682,368,553
frame_62,Rack_3,54,14,pepsi_big,0.9562954306602478,273,425,337,680,305,552
frame_62,Rack_3,45,10,fanta_grape_big,0.7274737358093262,197,424,271,680,234,552
frame_62,Rack_3,60,10,fanta_grape_big,0.6822124123573303,148,422,197,668,172,545
frame_62,Rack_3,61,12,fanta_straw_big,0.5296844244003296,94,422,147,644,120,533
frame_62,Rack_3,25,12,fanta_straw_big,0.8891531825065613,15,423,95,644,55,533
frame_63,Rack_3,12,9,empty,0.8999302387237549,965,433,1222,702,1093,567
frame_63,Rack_3,27,7,coke_z_big,0.9697864055633545,895,437,964,664,929,550
frame_63,Rack_3,6,7,coke_z_big,0.937584638595581,820,433,893,670,856,551
frame_63,Rack_3,24,5,coke_v_big,0.9020364284515381,749,433,818,695,783,564
frame_63,Rack_3,31,5,coke_v_big,0.9472819566726685,677,432,747,699,712,565
frame_63,Rack_3,21,5,coke_v_big,0.9278960227966309,609,432,674,662,641,547
frame_63,Rack_3,30,5,coke_v_big,0.9085846543312073,541,432,608,661,574,546
frame_63,Rack_3,16,5,coke_v_big,0.9072049260139465,467,433,539,689,503,561
frame_63,Rack_3,43,14,pepsi_big,0.9283998608589172,401,428,465,688,433,558
frame_63,Rack_3,48,14,pepsi_big,0.9346098899841309,339,425,399,682,369,553
frame_63,Rack_3,54,14,pepsi_big,0.9501002430915833,274,425,337,680,305,552
frame_63,Rack_3,45,10,fanta_grape_big,0.751906156539917,198,424,272,680,235,552
frame_63,Rack_3,60,10,fanta_grape_big,0.7375909090042114,148,422,197,667,172,544
frame_63,Rack_3,61,12,fanta_straw_big,0.5149036049842834,94,422,147,644,120,533
frame_63,Rack_3,25,12,fanta_straw_big,0.8683677911758423,15,423,95,644,55,533
frame_64,Rack_3,12,9,empty,0.8985047936439514,965,433,1223,702,1094,567
frame_64,Rack_3,27,7,coke_z_big,0.9679468870162964,895,437,964,664,929,550
frame_64,Rack_3,6,7,coke_z_big,0.9352149963378906,821,433,893,669,857,551
frame_64,Rack_3,24,5,coke_v_big,0.9061402678489685,749,433,819,695,784,564
frame_64,Rack_3,31,5,coke_v_big,0.946373701095581,677,432,747,698,712,565
frame_64,Rack_3,21,5,coke_v_big,0.9289666414260864,610,432,675,662,642,547
frame_64,Rack_3,30,5,coke_v_big,0.9021815061569214,541,432,608,661,574,546
frame_64,Rack_3,16,5,coke_v_big,0.9098165035247803,468,432,539,689,503,560
frame_64,Rack_3,43,14,pepsi_big,0.9329050183296204,401,428,466,688,433,558
frame_64,Rack_3,48,14,pepsi_big,0.9310029149055481,339,425,400,681,369,553
frame_64,Rack_3,54,14,pepsi_big,0.9484662413597107,274,425,338,680,306,552
frame_64,Rack_3,45,10,fanta_grape_big,0.7709629535675049,198,424,272,679,235,551
frame_64,Rack_3,60,10,fanta_grape_big,0.6880534291267395,148,422,197,667,172,544
frame_64,Rack_3,25,12,fanta_straw_big,0.8370720744132996,14,423,94,644,54,533
frame_65,Rack_3,12,9,empty,0.8907014727592468,965,433,1223,702,1094,567
frame_65,Rack_3,27,7,coke_z_big,0.9614883661270142,896,436,965,665,930,550
frame_65,Rack_3,6,7,coke_z_big,0.9391162395477295,821,433,894,670,857,551
frame_65,Rack_3,24,5,coke_v_big,0.8948929905891418,749,433,819,695,784,564
frame_65,Rack_3,31,5,coke_v_big,0.9458886981010437,677,432,747,698,712,565
frame_65,Rack_3,21,5,coke_v_big,0.9305497407913208,610,432,675,661,642,546
frame_65,Rack_3,30,5,coke_v_big,0.901096761226654,542,432,608,661,575,546
frame_65,Rack_3,16,5,coke_v_big,0.8988272547721863,468,432,540,689,504,560
frame_65,Rack_3,43,14,pepsi_big,0.9343108534812927,401,428,466,688,433,558
frame_65,Rack_3,48,14,pepsi_big,0.9283123016357422,339,424,400,681,369,552
frame_65,Rack_3,54,14,pepsi_big,0.940160870552063,274,424,338,679,306,551
frame_65,Rack_3,45,10,fanta_grape_big,0.7631819248199463,197,424,271,677,234,550
frame_65,Rack_3,60,10,fanta_grape_big,0.7214493155479431,149,422,197,662,173,542
frame_65,Rack_3,25,12,fanta_straw_big,0.8177746534347534,14,423,94,643,54,533
frame_66,Rack_3,12,9,empty,0.8874229788780212,966,433,1224,702,1095,567
frame_66,Rack_3,27,7,coke_z_big,0.9653972387313843,896,436,965,664,930,550
frame_66,Rack_3,6,7,coke_z_big,0.9500077366828918,822,433,895,669,858,551
frame_66,Rack_3,24,5,coke_v_big,0.8897693157196045,750,432,820,694,785,563
frame_66,Rack_3,31,5,coke_v_big,0.9475557804107666,678,432,747,697,712,564
frame_66,Rack_3,21,5,coke_v_big,0.9316798448562622,611,432,675,661,643,546
frame_66,Rack_3,30,5,coke_v_big,0.9093510508537292,542,432,609,660,575,546
frame_66,Rack_3,16,5,coke_v_big,0.9047960042953491,469,432,540,688,504,560
frame_66,Rack_3,43,14,pepsi_big,0.9279245734214783,402,427,466,688,434,557
frame_66,Rack_3,48,14,pepsi_big,0.9164198637008667,340,424,401,680,370,552
frame_66,Rack_3,54,14,pepsi_big,0.9253427982330322,275,424,339,679,307,551
frame_66,Rack_3,45,10,fanta_grape_big,0.7779603600502014,198,424,271,676,234,550
frame_66,Rack_3,60,10,fanta_grape_big,0.7378484606742859,149,422,196,659,172,540
frame_66,Rack_3,25,12,fanta_straw_big,0.8127724528312683,15,423,95,643,55,533
frame_67,Rack_3,12,9,empty,0.8867397904396057,966,433,1223,699,1094,566
frame_67,Rack_3,27,7,coke_z_big,0.966120183467865,897,436,966,664,931,550
frame_67,Rack_3,6,7,coke_z_big,0.9462072849273682,823,432,895,669,859,550
frame_67,Rack_3,24,5,coke_v_big,0.8832151293754578,750,432,820,694,785,563
frame_67,Rack_3,31,5,coke_v_big,0.9429227709770203,678,432,748,696,713,564
frame_67,Rack_3,21,5,coke_v_big,0.9302671551704407,611,431,676,661,643,546
frame_67,Rack_3,30,5,coke_v_big,0.8985708355903625,542,431,609,659,575,545
frame_67,Rack_3,16,5,coke_v_big,0.8945520520210266,469,432,540,688,504,560
frame_67,Rack_3,43,14,pepsi_big,0.9344761371612549,402,427,467,687,434,557
frame_67,Rack_3,48,14,pepsi_big,0.9127878546714783,341,424,401,680,371,552
frame_67,Rack_3,54,14,pepsi_big,0.9173060655593872,275,424,339,678,307,551
frame_67,Rack_3,45,10,fanta_grape_big,0.7699346542358398,198,423,272,675,235,549
frame_67,Rack_3,60,10,fanta_grape_big,0.765526294708252,149,422,198,664,173,543
frame_67,Rack_3,25,12,fanta_straw_big,0.8351940512657166,15,423,95,642,55,532
frame_68,Rack_3,12,9,empty,0.8685782551765442,966,432,1222,698,1094,565
frame_68,Rack_3,27,7,coke_z_big,0.9715291261672974,898,435,966,663,932,549
frame_68,Rack_3,6,7,coke_z_big,0.9475130438804626,823,432,896,669,859,550
frame_68,Rack_3,24,5,coke_v_big,0.8816761374473572,751,432,821,693,786,562
frame_68,Rack_3,31,5,coke_v_big,0.9406408667564392,679,432,748,695,713,563
frame_68,Rack_3,21,5,coke_v_big,0.9345967769622803,612,431,676,660,644,545
frame_68,Rack_3,30,5,coke_v_big,0.9093306660652161,543,431,609,658,576,544
frame_68,Rack_3,16,5,coke_v_big,0.904879629611969,470,432,541,688,505,560
frame_68,Rack_3,43,14,pepsi_big,0.9237879514694214,403,427,467,687,435,557
frame_68,Rack_3,48,14,pepsi_big,0.8998714685440063,341,423,401,679,371,551
frame_68,Rack_3,54,14,pepsi_big,0.8825604319572449,275,423,339,678,307,550
frame_68,Rack_3,45,10,fanta_grape_big,0.7215428352355957,198,422,273,674,235,548
frame_68,Rack_3,60,10,fanta_grape_big,0.7682304382324219,150,421,199,665,174,543
frame_68,Rack_3,25,12,fanta_straw_big,0.827680766582489,14,422,96,642,55,532
frame_69,Rack_3,12,9,empty,0.8696283102035522,968,432,1225,698,1096,565
frame_69,Rack_3,27,7,coke_z_big,0.9737194776535034,898,434,967,663,932,548
frame_69,Rack_3,6,7,coke_z_big,0.9465476274490356,824,432,896,669,860,550
frame_69,Rack_3,24,5,coke_v_big,0.8864740133285522,751,432,821,693,786,562
frame_69,Rack_3,31,5,coke_v_big,0.9339184761047363,679,431,749,695,714,563
frame_69,Rack_3,21,5,coke_v_big,0.9423617124557495,613,431,677,659,645,545
frame_69,Rack_3,30,5,coke_v_big,0.9068081378936768,543,431,610,658,576,544
frame_69,Rack_3,16,5,coke_v_big,0.9047347903251648,470,432,541,687,505,559
frame_69,Rack_3,43,14,pepsi_big,0.9163923859596252,403,426,468,687,435,556
frame_69,Rack_3,48,14,pepsi_big,0.9166768789291382,341,423,402,679,371,551
frame_69,Rack_3,54,14,pepsi_big,0.8797975182533264,276,423,340,677,308,550
frame_69,Rack_3,45,10,fanta_grape_big,0.7266372442245483,199,422,273,674,236,548
frame_69,Rack_3,60,10,fanta_grape_big,0.8100710511207581,151,420,200,665,175,542
frame_69,Rack_3,25,12,fanta_straw_big,0.8504179120063782,14,421,96,643,55,532
frame_70,Rack_3,12,9,empty,0.8595446348190308,969,432,1226,698,1097,565
frame_70,Rack_3,27,7,coke_z_big,0.9720545411109924,898,433,967,662,932,547
frame_70,Rack_3,6,7,coke_z_big,0.9464693665504456,824,432,897,669,860,550
frame_70,Rack_3,24,5,coke_v_big,0.88584965467453,752,431,822,693,787,562
frame_70,Rack_3,31,5,coke_v_big,0.9445118308067322,680,431,750,695,715,563
frame_70,Rack_3,21,5,coke_v_big,0.9453741312026978,613,431,677,658,645,544
frame_70,Rack_3,30,5,coke_v_big,0.9123196005821228,544,431,611,658,577,544
frame_70,Rack_3,16,5,coke_v_big,0.9023880362510681,471,431,542,687,506,559
frame_70,Rack_3,43,14,pepsi_big,0.9185587167739868,404,427,468,686,436,556
frame_70,Rack_3,48,14,pepsi_big,0.9044227004051208,342,423,402,678,372,550
frame_70,Rack_3,54,14,pepsi_big,0.8572868704795837,276,423,340,677,308,550
frame_70,Rack_3,45,10,fanta_grape_big,0.7006534337997437,199,422,274,673,236,547
frame_70,Rack_3,60,10,fanta_grape_big,0.754209578037262,152,421,200,661,176,541
frame_70,Rack_3,25,12,fanta_straw_big,0.8554701209068298,15,421,97,642,56,531
frame_71,Rack_3,12,9,empty,0.8607473969459534,970,432,1227,697,1098,564
frame_71,Rack_3,27,7,coke_z_big,0.9667838215827942,899,433,968,662,933,547
frame_71,Rack_3,6,7,coke_z_big,0.948803186416626,825,432,897,669,861,550
frame_71,Rack_3,24,5,coke_v_big,0.8941542506217957,752,431,822,692,787,561
frame_71,Rack_3,31,5,coke_v_big,0.953834593296051,680,431,750,695,715,563
frame_71,Rack_3,21,5,coke_v_big,0.9532575011253357,614,431,678,657,646,544
frame_71,Rack_3,30,5,coke_v_big,0.9191810488700867,544,431,611,658,577,544
frame_71,Rack_3,16,5,coke_v_big,0.901174783706665,472,431,543,687,507,559
frame_71,Rack_3,43,14,pepsi_big,0.9200161695480347,405,427,469,686,437,556
frame_71,Rack_3,48,14,pepsi_big,0.9055562615394592,343,423,403,678,373,550
frame_71,Rack_3,54,14,pepsi_big,0.8516583442687988,277,423,341,677,309,550
frame_71,Rack_3,45,10,fanta_grape_big,0.6391729712486267,200,422,274,673,237,547
frame_71,Rack_3,60,10,fanta_grape_big,0.7501481175422668,152,421,201,663,176,542
frame_71,Rack_3,25,12,fanta_straw_big,0.872317373752594,15,421,98,642,56,531
frame_72,Rack_3,12,9,empty,0.8519114255905151,970,432,1229,697,1099,564
frame_72,Rack_3,27,7,coke_z_big,0.969247579574585,899,433,968,663,933,548
frame_72,Rack_3,6,7,coke_z_big,0.9533734321594238,825,432,898,669,861,550
frame_72,Rack_3,24,5,coke_v_big,0.8973321318626404,753,431,823,692,788,561
frame_72,Rack_3,31,5,coke_v_big,0.9585652947425842,680,431,750,695,715,563
frame_72,Rack_3,21,5,coke_v_big,0.9542948007583618,614,431,678,657,646,544
frame_72,Rack_3,30,5,coke_v_big,0.9244558811187744,545,431,611,658,578,544
frame_72,Rack_3,16,5,coke_v_big,0.9001312851905823,473,431,543,687,508,559
frame_72,Rack_3,43,14,pepsi_big,0.9204978942871094,406,427,470,685,438,556
frame_72,Rack_3,48,14,pepsi_big,0.9025044441223145,343,423,404,678,373,550
frame_72,Rack_3,54,14,pepsi_big,0.8438482880592346,277,423,341,677,309,550
frame_72,Rack_3,45,10,fanta_grape_big,0.6406139135360718,200,422,275,673,237,547
frame_72,Rack_3,60,10,fanta_grape_big,0.7521451115608215,153,421,202,664,177,542
frame_72,Rack_3,25,12,fanta_straw_big,0.8920996785163879,15,421,97,641,56,531
frame_73,Rack_3,12,9,empty,0.8334308862686157,972,432,1232,698,1102,565
frame_73,Rack_3,27,7,coke_z_big,0.9727303981781006,900,432,969,663,934,547
frame_73,Rack_3,6,7,coke_z_big,0.9559361338615417,826,432,898,668,862,550
frame_73,Rack_3,24,5,coke_v_big,0.9123614430427551,753,431,823,691,788,561
frame_73,Rack_3,31,5,coke_v_big,0.9596430063247681,681,431,751,695,716,563
frame_73,Rack_3,21,5,coke_v_big,0.9614529609680176,615,431,679,656,647,543
frame_73,Rack_3,30,5,coke_v_big,0.9261846542358398,545,431,612,657,578,544
frame_73,Rack_3,16,5,coke_v_big,0.8959869742393494,473,431,544,686,508,558
frame_73,Rack_3,43,14,pepsi_big,0.9267245531082153,407,426,471,685,439,555
frame_73,Rack_3,48,14,pepsi_big,0.8710160851478577,344,423,404,678,374,550
frame_73,Rack_3,54,14,pepsi_big,0.8151711225509644,278,423,342,677,310,550
frame_73,Rack_3,45,10,fanta_grape_big,0.6160176396369934,201,422,275,673,238,547
frame_73,Rack_3,60,10,fanta_grape_big,0.7800619006156921,153,421,202,663,177,542
frame_73,Rack_3,61,12,fanta_straw_big,0.5249269604682922,99,420,152,640,125,530
frame_73,Rack_3,25,12,fanta_straw_big,0.8552982807159424,16,421,98,641,57,531
frame_74,Rack_3,12,9,empty,0.8487324714660645,972,431,1233,698,1102,564
frame_74,Rack_3,27,7,coke_z_big,0.9640269875526428,901,432,970,662,935,547
frame_74,Rack_3,6,7,coke_z_big,0.9540517926216125,827,432,899,668,863,550
frame_74,Rack_3,24,5,coke_v_big,0.9177408814430237,754,431,824,691,789,561
frame_74,Rack_3,31,5,coke_v_big,0.9614602327346802,682,431,752,695,717,563
frame_74,Rack_3,21,5,coke_v_big,0.9618467688560486,615,431,679,656,647,543
frame_74,Rack_3,30,5,coke_v_big,0.9225409626960754,546,430,613,657,579,543
frame_74,Rack_3,16,5,coke_v_big,0.8894777894020081,474,430,544,686,509,558
frame_74,Rack_3,43,14,pepsi_big,0.9256507158279419,407,426,472,685,439,555
frame_74,Rack_3,48,14,pepsi_big,0.8897709846496582,345,423,405,676,375,549
frame_74,Rack_3,54,14,pepsi_big,0.8431420922279358,280,422,343,674,311,548
frame_74,Rack_3,45,10,fanta_grape_big,0.6167762875556946,202,422,277,671,239,546
frame_74,Rack_3,60,10,fanta_grape_big,0.8006713390350342,154,420,202,659,178,539
frame_74,Rack_3,61,12,fanta_straw_big,0.6241085529327393,100,420,152,641,126,530
frame_74,Rack_3,25,12,fanta_straw_big,0.8997101783752441,18,421,100,641,59,531
frame_75,Rack_3,12,9,empty,0.839818000793457,971,431,1234,698,1102,564
frame_75,Rack_3,27,7,coke_z_big,0.9658607840538025,901,432,971,662,936,547
frame_75,Rack_3,6,7,coke_z_big,0.9539487957954407,827,432,899,668,863,550
frame_75,Rack_3,24,5,coke_v_big,0.9213285446166992,754,430,825,691,789,560
frame_75,Rack_3,31,5,coke_v_big,0.9593766331672668,682,431,752,695,717,563
frame_75,Rack_3,21,5,coke_v_big,0.9641396403312683,616,431,680,656,648,543
frame_75,Rack_3,30,5,coke_v_big,0.9243183732032776,546,430,613,657,579,543
frame_75,Rack_3,16,5,coke_v_big,0.8910937905311584,475,430,545,685,510,557
frame_75,Rack_3,43,14,pepsi_big,0.9228399991989136,408,426,472,685,440,555
frame_75,Rack_3,48,14,pepsi_big,0.8840393424034119,345,423,406,676,375,549
frame_75,Rack_3,54,14,pepsi_big,0.8469526767730713,281,422,344,672,312,547
frame_75,Rack_3,45,10,fanta_grape_big,0.637505829334259,203,422,278,671,240,546
frame_75,Rack_3,60,10,fanta_grape_big,0.7711755633354187,155,420,203,661,179,540
frame_75,Rack_3,61,12,fanta_straw_big,0.5934974551200867,100,420,153,639,126,529
frame_75,Rack_3,25,12,fanta_straw_big,0.8980819582939148,19,421,101,641,60,531
frame_76,Rack_3,12,9,empty,0.8462253212928772,973,431,1236,698,1104,564
frame_76,Rack_3,27,7,coke_z_big,0.9693175554275513,902,432,971,661,936,546
frame_76,Rack_3,6,7,coke_z_big,0.959316074848175,828,431,900,666,864,548
frame_76,Rack_3,24,5,coke_v_big,0.9300488233566284,755,430,826,691,790,560
frame_76,Rack_3,31,5,coke_v_big,0.9489915370941162,683,430,753,694,718,562
frame_76,Rack_3,21,5,coke_v_big,0.9689796566963196,616,431,680,656,648,543
frame_76,Rack_3,30,5,coke_v_big,0.9195419549942017,547,430,614,656,580,543
frame_76,Rack_3,16,5,coke_v_big,0.8798428177833557,475,430,545,685,510,557
frame_76,Rack_3,43,14,pepsi_big,0.9142866134643555,408,426,473,684,440,555
frame_76,Rack_3,48,14,pepsi_big,0.8690784573554993,346,423,406,675,376,549
frame_76,Rack_3,54,14,pepsi_big,0.8267315626144409,281,422,344,672,312,547
frame_76,Rack_3,45,10,fanta_grape_big,0.6945083141326904,204,421,278,671,241,546
frame_76,Rack_3,60,10,fanta_grape_big,0.8113667368888855,155,420,204,662,179,541
frame_76,Rack_3,61,12,fanta_straw_big,0.6952401995658875,100,420,153,639,126,529
frame_76,Rack_3,25,12,fanta_straw_big,0.900791585445404,20,420,101,641,60,530
frame_77,Rack_3,12,9,empty,0.8403589129447937,974,431,1238,697,1106,564
frame_77,Rack_3,27,7,coke_z_big,0.96394944190979,903,432,972,661,937,546
frame_77,Rack_3,6,7,coke_z_big,0.9610775709152222,829,431,900,665,864,548
frame_77,Rack_3,24,5,coke_v_big,0.9322182536125183,756,430,826,691,791,560
frame_77,Rack_3,31,5,coke_v_big,0.935452938079834,684,430,754,694,719,562
frame_77,Rack_3,21,5,coke_v_big,0.9712821245193481,617,430,681,656,649,543
frame_77,Rack_3,30,5,coke_v_big,0.9193235635757446,548,429,614,656,581,542
frame_77,Rack_3,16,5,coke_v_big,0.8818064332008362,476,430,546,684,511,557
frame_77,Rack_3,43,14,pepsi_big,0.9026318192481995,409,426,474,684,441,555
frame_77,Rack_3,48,14,pepsi_big,0.8695589900016785,346,423,407,675,376,549
frame_77,Rack_3,54,14,pepsi_big,0.8419008255004883,282,422,345,671,313,546
frame_77,Rack_3,45,10,fanta_grape_big,0.691299557685852,204,421,279,671,241,546
frame_77,Rack_3,60,10,fanta_grape_big,0.7833758592605591,156,420,204,661,180,540
frame_77,Rack_3,61,12,fanta_straw_big,0.6840163469314575,101,420,153,638,127,529
frame_77,Rack_3,25,12,fanta_straw_big,0.9152979850769043,21,420,102,640,61,530
frame_78,Rack_3,12,9,empty,0.8428003787994385,973,430,1238,698,1105,564
frame_78,Rack_3,27,7,coke_z_big,0.966853678226471,903,432,972,661,937,546
frame_78,Rack_3,6,7,coke_z_big,0.9636076092720032,829,431,900,664,864,547
frame_78,Rack_3,24,5,coke_v_big,0.9183099269866943,757,430,827,691,792,560
frame_78,Rack_3,31,5,coke_v_big,0.9268520474433899,685,431,755,694,720,562
frame_78,Rack_3,21,5,coke_v_big,0.9706428647041321,617,430,681,655,649,542
frame_78,Rack_3,30,5,coke_v_big,0.9237415790557861,548,429,615,655,581,542
frame_78,Rack_3,16,5,coke_v_big,0.8790215253829956,476,429,546,684,511,556
frame_78,Rack_3,43,14,pepsi_big,0.8979933261871338,409,425,474,683,441,554
frame_78,Rack_3,48,14,pepsi_big,0.8605877757072449,347,423,408,677,377,550
frame_78,Rack_3,54,14,pepsi_big,0.8550516963005066,283,421,345,671,314,546
frame_78,Rack_3,45,10,fanta_grape_big,0.6733229756355286,204,421,280,671,242,546
frame_78,Rack_3,60,10,fanta_grape_big,0.7967615723609924,156,420,205,661,180,540
frame_78,Rack_3,61,12,fanta_straw_big,0.6914345026016235,101,420,154,638,127,529
frame_78,Rack_3,25,12,fanta_straw_big,0.8881635665893555,23,420,103,639,63,529
frame_79,Rack_3,12,9,empty,0.8450255990028381,971,430,1236,697,1103,563
frame_79,Rack_3,27,7,coke_z_big,0.9738286733627319,903,432,972,661,937,546
frame_79,Rack_3,6,7,coke_z_big,0.9636715650558472,830,432,901,664,865,548
frame_79,Rack_3,24,5,coke_v_big,0.9173438549041748,757,430,828,691,792,560
frame_79,Rack_3,31,5,coke_v_big,0.9274671077728271,685,430,755,694,720,562
frame_79,Rack_3,21,5,coke_v_big,0.9696755409240723,617,430,682,655,649,542
frame_79,Rack_3,30,5,coke_v_big,0.9226564764976501,549,429,615,655,582,542
frame_79,Rack_3,16,5,coke_v_big,0.88584965467453,477,429,546,684,511,556
frame_79,Rack_3,43,14,pepsi_big,0.8949580192565918,410,424,475,683,442,553
frame_79,Rack_3,48,14,pepsi_big,0.8402546048164368,347,422,408,676,377,549
frame_79,Rack_3,54,14,pepsi_big,0.8466222882270813,283,421,346,671,314,546
frame_79,Rack_3,45,10,fanta_grape_big,0.7275465130805969,205,420,280,670,242,545
frame_79,Rack_3,60,10,fanta_grape_big,0.8188399076461792,157,419,205,662,181,540
frame_79,Rack_3,61,10,fanta_grape_big,0.7138665914535522,101,419,154,637,127,528
frame_79,Rack_3,25,12,fanta_straw_big,0.7870211601257324,24,419,103,638,63,528
frame_80,Rack_3,12,9,empty,0.8512185215950012,971,430,1236,697,1103,563
frame_80,Rack_3,27,7,coke_z_big,0.9744905829429626,903,433,973,660,938,546
frame_80,Rack_3,6,7,coke_z_big,0.9632171392440796,830,432,901,664,865,548
frame_80,Rack_3,24,5,coke_v_big,0.9040862917900085,758,430,828,690,793,560
frame_80,Rack_3,31,5,coke_v_big,0.9186537861824036,685,430,756,694,720,562
frame_80,Rack_3,21,5,coke_v_big,0.9665768146514893,617,430,682,656,649,543
frame_80,Rack_3,30,5,coke_v_big,0.9247926473617554,549,429,615,654,582,541
frame_80,Rack_3,16,5,coke_v_big,0.8852218985557556,477,429,547,683,512,556
frame_80,Rack_3,43,14,pepsi_big,0.9028598666191101,410,423,476,683,443,553
frame_80,Rack_3,48,14,pepsi_big,0.8388738632202148,348,422,409,675,378,548
frame_80,Rack_3,54,14,pepsi_big,0.8536465764045715,283,420,347,671,315,545
frame_80,Rack_3,45,10,fanta_grape_big,0.7331786155700684,205,420,281,670,243,545
frame_80,Rack_3,60,10,fanta_grape_big,0.8340508937835693,157,419,205,662,181,540
frame_80,Rack_3,61,10,fanta_grape_big,0.6997888088226318,102,419,155,637,128,528
frame_80,Rack_3,25,12,fanta_straw_big,0.7864758372306824,24,419,103,637,63,528
frame_81,Rack_3,12,9,empty,0.8511713743209839,972,430,1237,697,1104,563
frame_81,Rack_3,27,7,coke_z_big,0.9758174419403076,904,433,973,660,938,546
frame_81,Rack_3,6,7,coke_z_big,0.964619517326355,830,432,901,663,865,547
frame_81,Rack_3,24,5,coke_v_big,0.8994889855384827,758,430,828,690,793,560
frame_81,Rack_3,31,5,coke_v_big,0.9214862585067749,686,430,756,693,721,561
frame_81,Rack_3,21,5,coke_v_big,0.9647632837295532,618,430,683,656,650,543
frame_81,Rack_3,30,5,coke_v_big,0.9275610446929932,549,429,616,655,582,542
frame_81,Rack_3,16,5,coke_v_big,0.8957616686820984,478,429,547,683,512,556
frame_81,Rack_3,43,14,pepsi_big,0.9157834053039551,411,423,476,682,443,552
frame_81,Rack_3,48,14,pepsi_big,0.8293975591659546,348,421,410,676,379,548
frame_81,Rack_3,54,14,pepsi_big,0.8607643842697144,284,420,347,671,315,545
frame_81,Rack_3,45,10,fanta_grape_big,0.7255675792694092,205,420,281,670,243,545
frame_81,Rack_3,60,10,fanta_grape_big,0.8231794834136963,157,419,205,658,181,538
frame_81,Rack_3,61,10,fanta_grape_big,0.7433596253395081,102,419,155,638,128,528
frame_81,Rack_3,25,12,fanta_straw_big,0.7822603583335876,24,419,103,638,63,528
frame_82,Rack_3,12,9,empty,0.8623864650726318,972,430,1237,697,1104,563
frame_82,Rack_3,27,7,coke_z_big,0.9708380699157715,904,433,973,659,938,546
frame_82,Rack_3,6,7,coke_z_big,0.9647000432014465,831,432,901,663,866,547
frame_82,Rack_3,24,5,coke_v_big,0.8920500874519348,758,430,828,690,793,560
frame_82,Rack_3,31,5,coke_v_big,0.9184969663619995,686,430,756,693,721,561
frame_82,Rack_3,21,5,coke_v_big,0.9607689380645752,618,430,683,655,650,542
frame_82,Rack_3,30,5,coke_v_big,0.9302639961242676,550,429,616,655,583,542
frame_82,Rack_3,16,5,coke_v_big,0.894408106803894,478,429,547,683,512,556
frame_82,Rack_3,43,14,pepsi_big,0.9147645831108093,411,422,477,682,444,552
frame_82,Rack_3,48,14,pepsi_big,0.8131742477416992,349,420,410,677,379,548
frame_82,Rack_3,54,14,pepsi_big,0.856389045715332,284,420,348,670,316,545
frame_82,Rack_3,45,10,fanta_grape_big,0.7228022217750549,205,419,282,669,243,544
frame_82,Rack_3,60,10,fanta_grape_big,0.8190963268280029,157,419,205,656,181,537
frame_82,Rack_3,61,10,fanta_grape_big,0.6885704398155212,102,418,155,637,128,527
frame_82,Rack_3,25,12,fanta_straw_big,0.769417405128479,23,418,102,638,62,528
frame_83,Rack_3,12,9,empty,0.8116270303726196,975,430,1242,697,1108,563
frame_83,Rack_3,27,7,coke_z_big,0.9662006497383118,904,433,973,659,938,546
frame_83,Rack_3,6,7,coke_z_big,0.9621915221214294,830,431,901,663,865,547
frame_83,Rack_3,24,5,coke_v_big,0.9035726189613342,758,430,828,689,793,559
frame_83,Rack_3,31,5,coke_v_big,0.9197244644165039,686,430,756,693,721,561
frame_83,Rack_3,21,5,coke_v_big,0.9596054553985596,618,430,683,655,650,542
frame_83,Rack_3,30,5,coke_v_big,0.9295462965965271,550,428,616,654,583,541
frame_83,Rack_3,16,5,coke_v_big,0.8889017105102539,478,428,547,683,512,555
frame_83,Rack_3,43,14,pepsi_big,0.9290212988853455,411,422,477,681,444,551
frame_83,Rack_3,48,14,pepsi_big,0.8462591171264648,349,420,411,676,380,548
frame_83,Rack_3,54,14,pepsi_big,0.847672164440155,285,419,348,670,316,544
frame_83,Rack_3,45,10,fanta_grape_big,0.6787735223770142,206,419,282,669,244,544
frame_83,Rack_3,60,10,fanta_grape_big,0.8319054245948792,158,418,205,655,181,536
frame_83,Rack_3,61,10,fanta_grape_big,0.6905515193939209,102,417,156,637,129,527
frame_83,Rack_3,25,12,fanta_straw_big,0.8671033978462219,25,418,103,637,64,527
frame_84,Rack_3,12,9,empty,0.8533210754394531,972,430,1237,696,1104,563
frame_84,Rack_3,27,7,coke_z_big,0.9732789993286133,904,432,974,658,939,545
frame_84,Rack_3,6,7,coke_z_big,0.9629978537559509,831,431,901,663,866,547
frame_84,Rack_3,24,5,coke_v_big,0.9022843241691589,758,429,829,689,793,559
frame_84,Rack_3,31,5,coke_v_big,0.9166557192802429,686,429,756,692,721,560
frame_84,Rack_3,21,5,coke_v_big,0.9493812918663025,618,430,683,655,650,542
frame_84,Rack_3,30,5,coke_v_big,0.9273132085800171,550,428,617,654,583,541
frame_84,Rack_3,16,5,coke_v_big,0.8800727725028992,478,428,547,682,512,555
frame_84,Rack_3,43,14,pepsi_big,0.9259182214736938,412,421,477,681,444,551
frame_84,Rack_3,48,14,pepsi_big,0.8320876359939575,349,419,411,675,380,547
frame_84,Rack_3,54,14,pepsi_big,0.8365400433540344,285,418,348,669,316,543
frame_84,Rack_3,45,10,fanta_grape_big,0.7079148888587952,206,418,282,669,244,543
frame_84,Rack_3,60,10,fanta_grape_big,0.8401504158973694,158,418,205,655,181,536
frame_84,Rack_3,61,10,fanta_grape_big,0.7009987235069275,102,417,156,637,129,527
frame_84,Rack_3,25,12,fanta_straw_big,0.813801646232605,25,417,103,635,64,526
frame_85,Rack_3,12,9,empty,0.8425130844116211,970,429,1236,696,1103,562
frame_85,Rack_3,27,7,coke_z_big,0.9671065807342529,904,432,974,658,939,545
frame_85,Rack_3,6,7,coke_z_big,0.9529449939727783,831,430,901,663,866,546
frame_85,Rack_3,24,5,coke_v_big,0.9068337082862854,758,429,829,689,793,559
frame_85,Rack_3,31,5,coke_v_big,0.915245771408081,686,429,757,692,721,560
frame_85,Rack_3,21,5,coke_v_big,0.9442461133003235,619,429,684,655,651,542
frame_85,Rack_3,30,5,coke_v_big,0.9197609424591064,550,428,617,654,583,541
frame_85,Rack_3,16,5,coke_v_big,0.8727542161941528,478,427,548,682,513,554
frame_85,Rack_3,43,14,pepsi_big,0.93649822473526,412,420,477,680,444,550
frame_85,Rack_3,48,14,pepsi_big,0.8471934795379639,349,418,411,675,380,546
frame_85,Rack_3,54,14,pepsi_big,0.8336868286132812,285,418,348,668,316,543
frame_85,Rack_3,45,10,fanta_grape_big,0.6695277094841003,206,418,283,668,244,543
frame_85,Rack_3,60,10,fanta_grape_big,0.789394199848175,158,417,205,655,181,536
frame_85,Rack_3,61,10,fanta_grape_big,0.6440886855125427,102,417,156,637,129,527
frame_85,Rack_3,25,12,fanta_straw_big,0.8519063591957092,26,417,104,635,65,526
frame_86,Rack_3,12,9,empty,0.8103766441345215,974,428,1241,696,1107,562
frame_86,Rack_3,27,7,coke_z_big,0.9628027677536011,904,432,974,657,939,544
frame_86,Rack_3,6,7,coke_z_big,0.959466814994812,831,430,902,663,866,546
frame_86,Rack_3,24,5,coke_v_big,0.89641934633255,758,428,829,689,793,558
frame_86,Rack_3,31,5,coke_v_big,0.9186522960662842,686,429,757,692,721,560
frame_86,Rack_3,21,5,coke_v_big,0.9317363500595093,619,429,684,654,651,541
frame_86,Rack_3,30,5,coke_v_big,0.912659227848053,551,427,617,654,584,540
frame_86,Rack_3,16,5,coke_v_big,0.8824416995048523,479,427,548,682,513,554
frame_86,Rack_3,43,14,pepsi_big,0.935033917427063,412,420,477,680,444,550
frame_86,Rack_3,48,14,pepsi_big,0.8532450795173645,349,419,410,675,379,547
frame_86,Rack_3,54,14,pepsi_big,0.8100560903549194,286,418,348,668,317,543
frame_86,Rack_3,45,10,fanta_grape_big,0.7293258905410767,206,418,283,670,244,544
frame_86,Rack_3,60,10,fanta_grape_big,0.8136288523674011,158,417,205,655,181,536
frame_86,Rack_3,61,10,fanta_grape_big,0.7031207084655762,102,416,157,637,129,526
frame_86,Rack_3,25,12,fanta_straw_big,0.8972418904304504,27,416,104,635,65,525
frame_87,Rack_3,12,9,empty,0.8459157943725586,972,428,1239,696,1105,562
frame_87,Rack_3,27,7,coke_z_big,0.960062563419342,904,431,974,656,939,543
frame_87,Rack_3,6,7,coke_z_big,0.9571167826652527,831,429,902,663,866,546
frame_87,Rack_3,24,5,coke_v_big,0.8935901522636414,759,428,829,688,794,558
frame_87,Rack_3,31,5,coke_v_big,0.9158735871315002,686,428,757,692,721,560
frame_87,Rack_3,21,5,coke_v_big,0.9235003590583801,619,429,684,653,651,541
frame_87,Rack_3,30,5,coke_v_big,0.918358325958252,551,427,618,654,584,540
frame_87,Rack_3,16,5,coke_v_big,0.8982241749763489,479,426,549,682,514,554
frame_87,Rack_3,43,14,pepsi_big,0.9402037858963013,412,420,477,679,444,549
frame_87,Rack_3,48,14,pepsi_big,0.856507420539856,349,419,411,674,380,546
frame_87,Rack_3,54,14,pepsi_big,0.8018891215324402,286,418,349,667,317,542
frame_87,Rack_3,45,10,fanta_grape_big,0.7394009232521057,206,418,284,670,245,544
frame_87,Rack_3,60,10,fanta_grape_big,0.8050244450569153,158,416,206,656,182,536
frame_87,Rack_3,61,10,fanta_grape_big,0.6849886775016785,103,415,157,637,130,526
frame_87,Rack_3,25,12,fanta_straw_big,0.9150785207748413,28,416,104,635,66,525
frame_88,Rack_3,12,9,empty,0.8684750199317932,971,428,1237,696,1104,562
frame_88,Rack_3,27,7,coke_z_big,0.955880880355835,905,432,975,656,940,544
frame_88,Rack_3,6,7,coke_z_big,0.9579634070396423,832,429,902,663,867,546
frame_88,Rack_3,24,5,coke_v_big,0.8811517953872681,759,428,830,687,794,557
frame_88,Rack_3,31,5,coke_v_big,0.9082660675048828,687,428,758,692,722,560
frame_88,Rack_3,21,5,coke_v_big,0.9295015931129456,620,429,684,652,652,540
frame_88,Rack_3,30,5,coke_v_big,0.9185863733291626,552,427,618,654,585,540
frame_88,Rack_3,16,5,coke_v_big,0.9033109545707703,479,426,549,681,514,553
frame_88,Rack_3,43,14,pepsi_big,0.9382752776145935,412,419,478,679,445,549
frame_88,Rack_3,48,14,pepsi_big,0.8721754550933838,350,418,411,674,380,546
frame_88,Rack_3,54,14,pepsi_big,0.819825291633606,286,417,349,667,317,542
frame_88,Rack_3,45,10,fanta_grape_big,0.7424951791763306,207,417,284,670,245,543
frame_88,Rack_3,60,10,fanta_grape_big,0.7950617074966431,159,416,206,655,182,535
frame_88,Rack_3,61,10,fanta_grape_big,0.6664594411849976,103,415,158,637,130,526
frame_88,Rack_3,25,12,fanta_straw_big,0.8982053399085999,28,415,105,634,66,524
frame_89,Rack_3,12,9,empty,0.8735879063606262,971,427,1238,696,1104,561
frame_89,Rack_3,27,7,coke_z_big,0.9502832293510437,905,432,975,656,940,544
frame_89,Rack_3,6,7,coke_z_big,0.9594869017601013,832,429,903,663,867,546
frame_89,Rack_3,24,5,coke_v_big,0.8876835703849792,760,428,830,687,795,557
frame_89,Rack_3,31,5,coke_v_big,0.9099504947662354,687,427,758,692,722,559
frame_89,Rack_3,21,5,coke_v_big,0.9479091167449951,620,429,684,652,652,540
frame_89,Rack_3,30,5,coke_v_big,0.9172349572181702,552,427,618,653,585,540
frame_89,Rack_3,16,5,coke_v_big,0.9141612648963928,480,426,549,681,514,553
frame_89,Rack_3,43,14,pepsi_big,0.935843288898468,413,419,478,679,445,549
frame_89,Rack_3,48,14,pepsi_big,0.8607819080352783,350,417,412,674,381,545
frame_89,Rack_3,54,14,pepsi_big,0.8130958080291748,286,416,349,666,317,541
frame_89,Rack_3,45,10,fanta_grape_big,0.7563809156417847,207,416,284,670,245,543
frame_89,Rack_3,60,10,fanta_grape_big,0.7956703901290894,159,415,206,653,182,534
frame_89,Rack_3,61,10,fanta_grape_big,0.6742105484008789,104,415,158,636,131,525
frame_89,Rack_3,25,12,fanta_straw_big,0.9025155901908875,30,414,106,634,68,524
frame_90,Rack_3,12,9,empty,0.8671574592590332,972,428,1238,696,1105,562
frame_90,Rack_3,27,7,coke_z_big,0.9531042575836182,905,431,976,657,940,544
frame_90,Rack_3,6,7,coke_z_big,0.9562761187553406,832,428,903,663,867,545
frame_90,Rack_3,24,5,coke_v_big,0.8950044512748718,760,428,830,687,795,557
frame_90,Rack_3,31,5,coke_v_big,0.9190140962600708,687,427,758,692,722,559
frame_90,Rack_3,21,5,coke_v_big,0.9551531672477722,620,429,685,652,652,540
frame_90,Rack_3,30,5,coke_v_big,0.9142187833786011,553,427,619,653,586,540
frame_90,Rack_3,16,5,coke_v_big,0.9162854552268982,480,425,550,681,515,553
frame_90,Rack_3,43,14,pepsi_big,0.9382432699203491,413,418,478,679,445,548
frame_90,Rack_3,48,14,pepsi_big,0.8601334691047668,350,417,412,674,381,545
frame_90,Rack_3,54,14,pepsi_big,0.819770336151123,286,416,349,666,317,541
frame_90,Rack_3,45,10,fanta_grape_big,0.7632960081100464,207,416,284,669,245,542
frame_90,Rack_3,60,10,fanta_grape_big,0.8359948992729187,159,415,207,653,183,534
frame_90,Rack_3,61,10,fanta_grape_big,0.7327722311019897,105,414,159,636,132,525
frame_90,Rack_3,25,12,fanta_straw_big,0.883689284324646,30,414,106,633,68,523
frame_91,Rack_3,12,9,empty,0.8749863505363464,974,427,1241,696,1107,561
frame_91,Rack_3,27,7,coke_z_big,0.9518400430679321,905,431,977,658,941,544
frame_91,Rack_3,6,7,coke_z_big,0.9616398811340332,832,427,903,662,867,544
frame_91,Rack_3,24,5,coke_v_big,0.9100255966186523,760,428,830,687,795,557
frame_91,Rack_3,31,5,coke_v_big,0.93105149269104,687,426,759,692,723,559
frame_91,Rack_3,21,5,coke_v_big,0.9588794112205505,620,427,685,653,652,540
frame_91,Rack_3,30,5,coke_v_big,0.9124618172645569,553,427,618,652,585,539
frame_91,Rack_3,16,5,coke_v_big,0.9001859426498413,480,425,550,681,515,553
frame_91,Rack_3,43,14,pepsi_big,0.9293761849403381,413,418,478,678,445,548
frame_91,Rack_3,48,14,pepsi_big,0.8528982996940613,351,417,412,673,381,545
frame_91,Rack_3,54,14,pepsi_big,0.7826030850410461,287,416,349,666,318,541
frame_91,Rack_3,45,10,fanta_grape_big,0.7473483085632324,207,415,284,670,245,542
frame_91,Rack_3,60,10,fanta_grape_big,0.633182168006897,160,415,207,652,183,533
frame_91,Rack_3,25,12,fanta_straw_big,0.8879916071891785,30,414,106,634,68,524
frame_92,Rack_3,12,9,empty,0.8675603866577148,976,428,1242,696,1109,562
frame_92,Rack_3,27,7,coke_z_big,0.9563863277435303,905,430,977,658,941,544
frame_92,Rack_3,6,7,coke_z_big,0.9586632251739502,832,426,903,662,867,544
frame_92,Rack_3,24,5,coke_v_big,0.9138793349266052,760,427,831,687,795,557
frame_92,Rack_3,31,5,coke_v_big,0.9338528513908386,687,426,759,691,723,558
frame_92,Rack_3,21,5,coke_v_big,0.961752712726593,620,427,686,653,653,540
frame_92,Rack_3,30,5,coke_v_big,0.9088269472122192,553,427,618,651,585,539
frame_92,Rack_3,16,5,coke_v_big,0.8975096344947815,481,425,550,681,515,553
frame_92,Rack_3,43,14,pepsi_big,0.9284768104553223,414,419,478,678,446,548
frame_92,Rack_3,48,14,pepsi_big,0.8567412495613098,351,417,412,673,381,545
frame_92,Rack_3,54,14,pepsi_big,0.7218858599662781,287,416,350,666,318,541
frame_92,Rack_3,45,10,fanta_grape_big,0.7782512903213501,208,415,284,667,246,541
frame_92,Rack_3,60,10,fanta_grape_big,0.7069542407989502,160,415,207,652,183,533
frame_92,Rack_3,61,10,fanta_grape_big,0.5111292004585266,105,414,159,635,132,524
frame_92,Rack_3,25,12,fanta_straw_big,0.8369782567024231,31,415,107,633,69,524
frame_93,Rack_3,12,9,empty,0.8729687333106995,976,427,1242,695,1109,561
frame_93,Rack_3,27,7,coke_z_big,0.9504773616790771,905,430,977,657,941,543
frame_93,Rack_3,6,7,coke_z_big,0.9563081860542297,832,425,903,661,867,543
frame_93,Rack_3,24,5,coke_v_big,0.9220910668373108,760,426,831,687,795,556
frame_93,Rack_3,31,5,coke_v_big,0.9342263340950012,687,425,759,691,723,558
frame_93,Rack_3,21,5,coke_v_big,0.9606300592422485,620,426,686,652,653,539
frame_93,Rack_3,30,5,coke_v_big,0.9118554592132568,553,427,618,650,585,538
frame_93,Rack_3,16,5,coke_v_big,0.898332953453064,481,425,551,681,516,553
frame_93,Rack_3,43,14,pepsi_big,0.934472382068634,414,419,479,678,446,548
frame_93,Rack_3,48,14,pepsi_big,0.8639959692955017,351,417,412,673,381,545
frame_93,Rack_3,54,14,pepsi_big,0.7261531949043274,287,416,350,666,318,541
frame_93,Rack_3,45,10,fanta_grape_big,0.7694894671440125,208,415,285,667,246,541
frame_93,Rack_3,60,10,fanta_grape_big,0.731614887714386,160,415,207,652,183,533
frame_93,Rack_3,61,10,fanta_grape_big,0.5912443995475769,105,414,159,634,132,524
frame_93,Rack_3,25,12,fanta_straw_big,0.8990630507469177,31,414,107,633,69,523
frame_94,Rack_3,12,9,empty,0.870113730430603,975,427,1243,696,1109,561
frame_94,Rack_3,27,7,coke_z_big,0.953056275844574,906,430,978,656,942,543
frame_94,Rack_3,6,7,coke_z_big,0.9582038521766663,833,426,904,661,868,543
frame_94,Rack_3,24,5,coke_v_big,0.9229015111923218,760,426,831,687,795,556
frame_94,Rack_3,31,5,coke_v_big,0.9342358112335205,687,425,759,690,723,557
frame_94,Rack_3,21,5,coke_v_big,0.9593809247016907,620,426,686,651,653,538
frame_94,Rack_3,30,5,coke_v_big,0.9097563028335571,553,427,618,649,585,538
frame_94,Rack_3,16,5,coke_v_big,0.8993005156517029,481,425,551,681,516,553
frame_94,Rack_3,43,14,pepsi_big,0.9300017356872559,414,418,479,678,446,548
frame_94,Rack_3,48,14,pepsi_big,0.8654770851135254,351,416,413,672,382,544
frame_94,Rack_3,54,14,pepsi_big,0.7328019142150879,287,415,350,665,318,540
frame_94,Rack_3,45,10,fanta_grape_big,0.7890673875808716,208,415,285,668,246,541
frame_94,Rack_3,60,10,fanta_grape_big,0.7443047761917114,160,414,208,656,184,535
frame_94,Rack_3,61,10,fanta_grape_big,0.5965444445610046,105,413,159,633,132,523
frame_94,Rack_3,25,12,fanta_straw_big,0.8977212309837341,31,413,107,632,69,522
frame_95,Rack_3,12,9,empty,0.8702292442321777,975,427,1243,696,1109,561
frame_95,Rack_3,27,7,coke_z_big,0.956123411655426,906,430,978,656,942,543
frame_95,Rack_3,6,7,coke_z_big,0.9624891877174377,833,425,904,661,868,543
frame_95,Rack_3,24,5,coke_v_big,0.9157932996749878,761,426,831,686,796,556
frame_95,Rack_3,31,5,coke_v_big,0.9343019723892212,688,425,759,690,723,557
frame_95,Rack_3,21,5,coke_v_big,0.9588968753814697,621,426,686,651,653,538
frame_95,Rack_3,30,5,coke_v_big,0.9069589972496033,553,427,618,649,585,538
frame_95,Rack_3,16,5,coke_v_big,0.8981105089187622,481,425,551,680,516,552
frame_95,Rack_3,43,14,pepsi_big,0.922818124294281,414,418,479,677,446,547
frame_95,Rack_3,48,14,pepsi_big,0.8553248047828674,351,416,413,672,382,544
frame_95,Rack_3,54,14,pepsi_big,0.7262453436851501,287,414,350,665,318,539
frame_95,Rack_3,45,10,fanta_grape_big,0.8099297285079956,208,414,285,668,246,541
frame_95,Rack_3,60,10,fanta_grape_big,0.7708462476730347,160,414,208,656,184,535
frame_95,Rack_3,61,10,fanta_grape_big,0.6287834644317627,106,413,159,633,132,523
frame_95,Rack_3,25,12,fanta_straw_big,0.8879796862602234,31,412,107,632,69,522
frame_96,Rack_3,12,9,empty,0.87301105260849,975,426,1243,696,1109,561
frame_96,Rack_3,27,7,coke_z_big,0.9572465419769287,906,429,978,655,942,542
frame_96,Rack_3,6,7,coke_z_big,0.9575226306915283,833,425,904,661,868,543
frame_96,Rack_3,24,5,coke_v_big,0.9218109846115112,761,425,832,686,796,555
frame_96,Rack_3,31,5,coke_v_big,0.9407849907875061,688,424,759,690,723,557
frame_96,Rack_3,21,5,coke_v_big,0.9600711464881897,621,425,686,651,653,538
frame_96,Rack_3,30,5,coke_v_big,0.9066893458366394,553,426,618,649,585,537
frame_96,Rack_3,16,5,coke_v_big,0.9035738706588745,481,425,551,680,516,552
frame_96,Rack_3,43,14,pepsi_big,0.9138312339782715,414,417,479,677,446,547
frame_96,Rack_3,48,14,pepsi_big,0.8538808822631836,352,415,413,672,382,543
frame_96,Rack_3,54,14,pepsi_big,0.7200919389724731,287,414,351,667,319,540
frame_96,Rack_3,45,10,fanta_grape_big,0.7918124198913574,208,414,285,668,246,541
frame_96,Rack_3,60,10,fanta_grape_big,0.7288920879364014,160,413,208,657,184,535
frame_96,Rack_3,25,12,fanta_straw_big,0.8908715844154358,31,412,107,632,69,522
frame_97,Rack_3,12,9,empty,0.879236102104187,975,425,1243,695,1109,560
frame_97,Rack_3,27,7,coke_z_big,0.9619056582450867,907,428,979,655,943,541
frame_97,Rack_3,6,7,coke_z_big,0.9547739028930664,834,425,905,661,869,543
frame_97,Rack_3,24,5,coke_v_big,0.9231404662132263,761,425,832,686,796,555
frame_97,Rack_3,31,5,coke_v_big,0.938485324382782,688,424,760,689,724,556
frame_97,Rack_3,21,5,coke_v_big,0.9595867991447449,621,425,687,651,654,538
frame_97,Rack_3,30,5,coke_v_big,0.9068913459777832,553,426,618,649,585,537
frame_97,Rack_3,16,5,coke_v_big,0.9022951126098633,481,424,551,680,516,552
frame_97,Rack_3,43,14,pepsi_big,0.9100884199142456,414,417,479,677,446,547
frame_97,Rack_3,48,14,pepsi_big,0.8619163036346436,352,415,413,671,382,543
frame_97,Rack_3,54,14,pepsi_big,0.7344799041748047,288,413,351,667,319,540
frame_97,Rack_3,45,10,fanta_grape_big,0.824932873249054,208,414,286,668,247,541
frame_97,Rack_3,60,10,fanta_grape_big,0.71039879322052,160,413,208,657,184,535
frame_97,Rack_3,61,10,fanta_grape_big,0.5079599022865295,106,412,160,633,133,522
frame_97,Rack_3,25,12,fanta_straw_big,0.8888328671455383,32,412,107,632,69,522
frame_98,Rack_3,12,9,empty,0.8755613565444946,976,425,1244,695,1110,560
frame_98,Rack_3,27,7,coke_z_big,0.9569277763366699,907,428,979,655,943,541
frame_98,Rack_3,6,7,coke_z_big,0.9590321183204651,834,425,905,661,869,543
frame_98,Rack_3,24,5,coke_v_big,0.9323294162750244,762,425,832,685,797,555
frame_98,Rack_3,31,5,coke_v_big,0.9353051781654358,688,423,760,689,724,556
frame_98,Rack_3,21,5,coke_v_big,0.9527458548545837,621,425,687,651,654,538
frame_98,Rack_3,30,5,coke_v_big,0.9052107334136963,554,425,619,650,586,537
frame_98,Rack_3,16,5,coke_v_big,0.9103242754936218,482,424,551,679,516,551
frame_98,Rack_3,43,14,pepsi_big,0.8982838988304138,415,417,479,677,447,547
frame_98,Rack_3,48,14,pepsi_big,0.85683673620224,352,414,414,671,383,542
frame_98,Rack_3,54,14,pepsi_big,0.7387244701385498,288,413,351,667,319,540
frame_98,Rack_3,45,10,fanta_grape_big,0.829328179359436,209,414,286,668,247,541
frame_98,Rack_3,60,10,fanta_grape_big,0.7053359150886536,161,413,209,657,185,535
frame_98,Rack_3,61,10,fanta_grape_big,0.5417060256004333,106,412,160,634,133,523
frame_98,Rack_3,25,12,fanta_straw_big,0.9068279266357422,32,411,108,632,70,521
frame_99,Rack_3,12,9,empty,0.8778009414672852,975,425,1244,696,1109,560
frame_99,Rack_3,27,7,coke_z_big,0.9529977440834045,907,427,979,654,943,540
frame_99,Rack_3,6,7,coke_z_big,0.9593438506126404,835,425,906,660,870,542
frame_99,Rack_3,24,5,coke_v_big,0.9286582469940186,762,424,833,685,797,554
frame_99,Rack_3,31,5,coke_v_big,0.9302808046340942,689,423,760,688,724,555
frame_99,Rack_3,21,5,coke_v_big,0.9435052275657654,621,424,688,651,654,537
frame_99,Rack_3,30,5,coke_v_big,0.9050467014312744,554,425,620,651,587,538
frame_99,Rack_3,16,5,coke_v_big,0.9079395532608032,482,424,551,678,516,551
frame_99,Rack_3,43,14,pepsi_big,0.8859269022941589,415,416,480,677,447,546
frame_99,Rack_3,48,14,pepsi_big,0.8543975949287415,352,414,414,671,383,542
frame_99,Rack_3,54,14,pepsi_big,0.7180716395378113,288,413,352,667,320,540
frame_99,Rack_3,45,10,fanta_grape_big,0.85056471824646,209,413,287,668,248,540
frame_99,Rack_3,60,10,fanta_grape_big,0.6567174196243286,161,412,209,657,185,534
frame_99,Rack_3,25,12,fanta_straw_big,0.8977064490318298,33,411,108,632,70,521
frame_100,Rack_3,12,9,empty,0.8819705247879028,976,424,1245,697,1110,560
frame_100,Rack_3,27,7,coke_z_big,0.9419511556625366,908,427,980,655,944,541
frame_100,Rack_3,6,7,coke_z_big,0.9644237756729126,835,425,906,659,870,542
frame_100,Rack_3,24,5,coke_v_big,0.9357507824897766,763,424,833,684,798,554
frame_100,Rack_3,31,5,coke_v_big,0.9261162281036377,689,423,760,688,724,555
frame_100,Rack_3,21,5,coke_v_big,0.9274709224700928,621,424,688,651,654,537
frame_100,Rack_3,30,5,coke_v_big,0.9011454582214355,554,424,620,651,587,537
frame_100,Rack_3,16,5,coke_v_big,0.9159019589424133,482,424,552,678,517,551
frame_100,Rack_3,43,14,pepsi_big,0.8778780102729797,415,416,480,676,447,546
frame_100,Rack_3,48,14,pepsi_big,0.8555023074150085,353,414,414,671,383,542
frame_100,Rack_3,54,14,pepsi_big,0.7459608316421509,289,413,352,664,320,538
frame_100,Rack_3,45,10,fanta_grape_big,0.8306165337562561,210,413,287,667,248,540
frame_100,Rack_3,60,10,fanta_grape_big,0.661815881729126,162,412,210,657,186,534
frame_100,Rack_3,25,12,fanta_straw_big,0.9098701477050781,34,411,109,632,71,521
frame_100,Rack_3,66,12,fanta_straw_big,0.5011675357818604,3,413,32,629,17,521
frame_101,Rack_3,12,9,empty,0.8852366805076599,976,424,1246,696,1111,560
frame_101,Rack_3,27,7,coke_z_big,0.9394605755805969,908,427,981,655,944,541
frame_101,Rack_3,6,7,coke_z_big,0.9639232754707336,835,425,906,659,870,542
frame_101,Rack_3,24,5,coke_v_big,0.9341272115707397,763,424,833,684,798,554
frame_101,Rack_3,31,5,coke_v_big,0.9303311705589294,690,423,761,688,725,555
frame_101,Rack_3,21,5,coke_v_big,0.9123246669769287,622,424,689,651,655,537
frame_101,Rack_3,30,5,coke_v_big,0.8944641947746277,555,425,620,648,587,536
frame_101,Rack_3,16,5,coke_v_big,0.9223704934120178,482,424,552,678,517,551
frame_101,Rack_3,43,14,pepsi_big,0.8712213635444641,415,416,480,676,447,546
frame_101,Rack_3,48,14,pepsi_big,0.8591253161430359,353,414,415,671,384,542
frame_101,Rack_3,54,14,pepsi_big,0.7496256828308105,290,413,352,663,321,538
frame_101,Rack_3,45,10,fanta_grape_big,0.8355370163917542,211,413,288,667,249,540
frame_101,Rack_3,60,10,fanta_grape_big,0.7130166888237,162,412,211,657,186,534
frame_101,Rack_3,61,10,fanta_grape_big,0.5542098879814148,107,411,161,633,134,522
frame_101,Rack_3,25,12,fanta_straw_big,0.9140351414680481,35,411,110,632,72,521
frame_101,Rack_3,66,12,fanta_straw_big,0.516725480556488,3,413,33,628,18,520
frame_102,Rack_3,12,9,empty,0.8906006813049316,978,423,1247,697,1112,560
frame_102,Rack_3,27,7,coke_z_big,0.9257327914237976,909,427,981,655,945,541
frame_102,Rack_3,6,7,coke_z_big,0.9651556611061096,836,426,907,659,871,542
frame_102,Rack_3,24,5,coke_v_big,0.9430186152458191,764,424,834,683,799,553
frame_102,Rack_3,31,5,coke_v_big,0.9299836754798889,691,424,762,687,726,555
frame_102,Rack_3,21,5,coke_v_big,0.9200476408004761,622,423,689,651,655,537
frame_102,Rack_3,30,5,coke_v_big,0.925746738910675,555,425,620,646,587,535
frame_102,Rack_3,16,5,coke_v_big,0.9283974766731262,483,423,552,677,517,550
frame_102,Rack_3,43,14,pepsi_big,0.8696101307868958,416,416,481,676,448,546
frame_102,Rack_3,48,14,pepsi_big,0.8734395503997803,354,413,415,671,384,542
frame_102,Rack_3,54,14,pepsi_big,0.7235884070396423,290,413,352,662,321,537
frame_102,Rack_3,45,10,fanta_grape_big,0.8585383296012878,212,413,288,667,250,540
frame_102,Rack_3,60,10,fanta_grape_big,0.6867768168449402,163,412,211,657,187,534
frame_102,Rack_3,25,12,fanta_straw_big,0.8910962343215942,35,411,109,632,72,521
frame_103,Rack_3,12,9,empty,0.8861110806465149,978,422,1248,696,1113,559
frame_103,Rack_3,27,7,coke_z_big,0.9146062135696411,909,427,982,656,945,541
frame_103,Rack_3,6,7,coke_z_big,0.9720224142074585,836,426,907,659,871,542
frame_103,Rack_3,24,5,coke_v_big,0.9491967558860779,764,424,834,683,799,553
frame_103,Rack_3,31,5,coke_v_big,0.9391903877258301,691,423,762,687,726,555
frame_103,Rack_3,21,5,coke_v_big,0.9224656224250793,622,422,690,651,656,536
frame_103,Rack_3,30,5,coke_v_big,0.94967120885849,555,425,621,646,588,535
frame_103,Rack_3,16,5,coke_v_big,0.9321500062942505,483,424,553,677,518,550
frame_103,Rack_3,43,14,pepsi_big,0.8744997382164001,416,416,481,676,448,546
frame_103,Rack_3,48,14,pepsi_big,0.8802457451820374,354,413,416,671,385,542
frame_103,Rack_3,54,14,pepsi_big,0.7336944937705994,290,413,353,662,321,537
frame_103,Rack_3,45,10,fanta_grape_big,0.858858048915863,212,413,289,667,250,540
frame_103,Rack_3,60,10,fanta_grape_big,0.6755355596542358,164,412,212,657,188,534
frame_103,Rack_3,61,10,fanta_grape_big,0.5269145369529724,108,411,162,632,135,521
frame_103,Rack_3,25,12,fanta_straw_big,0.9012791514396667,35,411,110,631,72,521
frame_104,Rack_3,12,9,empty,0.8676446676254272,981,422,1251,696,1116,559
frame_104,Rack_3,27,7,coke_z_big,0.9307299852371216,910,427,982,655,946,541
frame_104,Rack_3,6,7,coke_z_big,0.9739277362823486,837,426,908,657,872,541
frame_104,Rack_3,24,5,coke_v_big,0.9531069397926331,765,425,835,683,800,554
frame_104,Rack_3,31,5,coke_v_big,0.9406400322914124,692,423,763,687,727,555
frame_104,Rack_3,21,5,coke_v_big,0.9228055477142334,623,423,690,651,656,537
frame_104,Rack_3,30,5,coke_v_big,0.9610573053359985,556,425,621,647,588,536
frame_104,Rack_3,16,5,coke_v_big,0.934235692024231,484,424,553,676,518,550
frame_104,Rack_3,43,14,pepsi_big,0.8899762034416199,417,416,482,675,449,545
frame_104,Rack_3,48,14,pepsi_big,0.8873428106307983,355,414,416,671,385,542
frame_104,Rack_3,54,14,pepsi_big,0.7432064414024353,291,413,354,665,322,539
frame_104,Rack_3,45,10,fanta_grape_big,0.8526686429977417,213,413,289,667,251,540
frame_104,Rack_3,60,10,fanta_grape_big,0.6660124659538269,164,413,212,656,188,534
frame_104,Rack_3,61,10,fanta_grape_big,0.5525998473167419,109,412,162,632,135,522
frame_104,Rack_3,25,12,fanta_straw_big,0.8403435945510864,35,411,110,632,72,521
frame_105,Rack_3,12,9,empty,0.8659219145774841,983,422,1254,695,1118,558
frame_105,Rack_3,27,7,coke_z_big,0.9377608895301819,911,427,983,655,947,541
frame_105,Rack_3,6,7,coke_z_big,0.9748510718345642,838,426,909,657,873,541
frame_105,Rack_3,24,5,coke_v_big,0.9516658186912537,765,425,836,683,800,554
frame_105,Rack_3,31,5,coke_v_big,0.9349597096443176,693,423,764,688,728,555
frame_105,Rack_3,21,5,coke_v_big,0.9281662702560425,624,422,691,651,657,536
frame_105,Rack_3,30,5,coke_v_big,0.9650906920433044,556,425,622,648,589,536
frame_105,Rack_3,16,5,coke_v_big,0.9379847049713135,484,424,553,676,518,550
frame_105,Rack_3,43,14,pepsi_big,0.8704303503036499,418,415,482,675,450,545
frame_105,Rack_3,48,14,pepsi_big,0.8781512975692749,356,413,417,671,386,542
frame_105,Rack_3,54,14,pepsi_big,0.7563822865486145,291,413,355,666,323,539
frame_105,Rack_3,45,10,fanta_grape_big,0.8472188711166382,214,413,290,667,252,540
frame_105,Rack_3,60,10,fanta_grape_big,0.6415203809738159,165,412,213,655,189,533
frame_105,Rack_3,61,10,fanta_grape_big,0.5058262348175049,109,411,162,632,135,521
frame_105,Rack_3,25,12,fanta_straw_big,0.9145079851150513,35,411,110,632,72,521
frame_106,Rack_3,12,9,empty,0.8581238985061646,987,421,1258,696,1122,558
frame_106,Rack_3,27,7,coke_z_big,0.9482752680778503,912,427,984,655,948,541
frame_106,Rack_3,6,7,coke_z_big,0.9788289070129395,838,426,909,657,873,541
frame_106,Rack_3,24,5,coke_v_big,0.9514622688293457,766,425,836,683,801,554
frame_106,Rack_3,31,5,coke_v_big,0.9209790825843811,693,423,764,687,728,555
frame_106,Rack_3,21,5,coke_v_big,0.931150496006012,624,422,692,651,658,536
frame_106,Rack_3,30,5,coke_v_big,0.9663761854171753,557,425,623,648,590,536
frame_106,Rack_3,16,5,coke_v_big,0.9391918182373047,485,424,554,676,519,550
frame_106,Rack_3,43,14,pepsi_big,0.9044361114501953,418,416,483,675,450,545
frame_106,Rack_3,48,14,pepsi_big,0.8660011887550354,357,414,418,670,387,542
frame_106,Rack_3,54,14,pepsi_big,0.7475950717926025,292,413,356,668,324,540
frame_106,Rack_3,45,10,fanta_grape_big,0.8628142476081848,215,413,291,667,253,540
frame_106,Rack_3,60,10,fanta_grape_big,0.634610116481781,165,413,214,656,189,534
frame_106,Rack_3,25,12,fanta_straw_big,0.9190254807472229,37,411,111,631,74,521
frame_107,Rack_3,12,9,empty,0.8604362607002258,987,421,1259,696,1123,558
frame_107,Rack_3,27,7,coke_z_big,0.9683301448822021,913,427,985,655,949,541
frame_107,Rack_3,6,7,coke_z_big,0.9718455076217651,839,426,910,657,874,541
frame_107,Rack_3,24,5,coke_v_big,0.9557825326919556,767,424,837,683,802,553
frame_107,Rack_3,31,5,coke_v_big,0.920052707195282,694,422,765,687,729,554
frame_107,Rack_3,21,5,coke_v_big,0.936281144618988,625,422,693,650,659,536
frame_107,Rack_3,30,5,coke_v_big,0.9602908492088318,557,425,623,649,590,537
frame_107,Rack_3,16,5,coke_v_big,0.9324944019317627,485,425,555,676,520,550
frame_107,Rack_3,43,14,pepsi_big,0.9035712480545044,419,416,484,675,451,545
frame_107,Rack_3,48,14,pepsi_big,0.8618646860122681,357,413,419,670,388,541
frame_107,Rack_3,54,14,pepsi_big,0.7070802450180054,292,412,356,668,324,540
frame_107,Rack_3,45,10,fanta_grape_big,0.8807215690612793,216,413,291,667,253,540
frame_107,Rack_3,60,10,fanta_grape_big,0.6830962896347046,166,412,215,656,190,534
frame_107,Rack_3,25,12,fanta_straw_big,0.9101786613464355,38,411,113,632,75,521
frame_108,Rack_3,12,9,empty,0.8676221370697021,987,421,1260,696,1123,558
frame_108,Rack_3,27,7,coke_z_big,0.9743168354034424,913,427,986,655,949,541
frame_108,Rack_3,6,7,coke_z_big,0.9665288329124451,840,426,911,657,875,541
frame_108,Rack_3,24,5,coke_v_big,0.9634103178977966,767,424,837,683,802,553
frame_108,Rack_3,31,5,coke_v_big,0.9234603047370911,695,422,766,687,730,554
frame_108,Rack_3,21,5,coke_v_big,0.9431493282318115,626,421,693,650,659,535
frame_108,Rack_3,30,5,coke_v_big,0.9629011750221252,557,425,624,649,590,537
frame_108,Rack_3,16,5,coke_v_big,0.9220035672187805,486,425,555,675,520,550
frame_108,Rack_3,43,14,pepsi_big,0.930332601070404,420,416,484,675,452,545
frame_108,Rack_3,48,14,pepsi_big,0.857295572757721,358,414,419,670,388,542
frame_108,Rack_3,54,14,pepsi_big,0.7337770462036133,293,412,357,668,325,540
frame_108,Rack_3,45,10,fanta_grape_big,0.8766195178031921,216,413,292,667,254,540
frame_108,Rack_3,60,10,fanta_grape_big,0.6950270533561707,166,412,215,653,190,532
frame_108,Rack_3,25,12,fanta_straw_big,0.8487507104873657,39,411,113,632,76,521
frame_109,Rack_3,12,9,empty,0.8838441371917725,988,420,1262,696,1125,558
frame_109,Rack_3,27,7,coke_z_big,0.9790500998497009,914,426,987,655,950,540
frame_109,Rack_3,6,7,coke_z_big,0.9592950344085693,841,426,912,657,876,541
frame_109,Rack_3,24,5,coke_v_big,0.9681117534637451,768,424,838,683,803,553
frame_109,Rack_3,31,5,coke_v_big,0.9151950478553772,695,422,766,687,730,554
frame_109,Rack_3,21,5,coke_v_big,0.9515738487243652,626,421,694,650,660,535
frame_109,Rack_3,30,5,coke_v_big,0.9459506273269653,558,424,625,649,591,536
frame_109,Rack_3,16,5,coke_v_big,0.8996214270591736,486,425,556,676,521,550
frame_109,Rack_3,43,14,pepsi_big,0.937905490398407,420,415,485,675,452,545
frame_109,Rack_3,48,14,pepsi_big,0.8617594838142395,358,414,419,670,388,542
frame_109,Rack_3,54,14,pepsi_big,0.6996447443962097,293,412,357,668,325,540
frame_109,Rack_3,45,10,fanta_grape_big,0.8681939244270325,217,413,292,667,254,540
frame_109,Rack_3,60,10,fanta_grape_big,0.682262659072876,167,412,215,652,191,532
frame_109,Rack_3,25,12,fanta_straw_big,0.8997662663459778,39,411,114,632,76,521
frame_109,Rack_3,66,12,fanta_straw_big,0.8228887915611267,5,411,36,626,20,518
frame_110,Rack_3,12,9,empty,0.8784152269363403,988,421,1261,696,1124,558
frame_110,Rack_3,27,7,coke_z_big,0.9791105389595032,915,426,988,655,951,540
frame_110,Rack_3,6,7,coke_z_big,0.9558855891227722,841,425,913,658,877,541
frame_110,Rack_3,24,5,coke_v_big,0.9692797064781189,768,424,839,683,803,553
frame_110,Rack_3,31,5,coke_v_big,0.9097998738288879,696,423,767,687,731,555
frame_110,Rack_3,21,5,coke_v_big,0.9524854421615601,627,421,695,650,661,535
frame_110,Rack_3,30,5,coke_v_big,0.9505950808525085,558,424,625,649,591,536
frame_110,Rack_3,16,5,coke_v_big,0.8994163274765015,487,426,557,677,522,551
frame_110,Rack_3,43,14,pepsi_big,0.9460073113441467,421,415,485,675,453,545
frame_110,Rack_3,48,14,pepsi_big,0.8538463115692139,358,414,420,670,389,542
frame_110,Rack_3,54,14,pepsi_big,0.687940239906311,294,413,358,668,326,540
frame_110,Rack_3,45,10,fanta_grape_big,0.8732978105545044,218,413,293,667,255,540
frame_110,Rack_3,60,10,fanta_grape_big,0.7427301406860352,168,412,216,652,192,532
frame_110,Rack_3,25,12,fanta_straw_big,0.9093042612075806,40,411,115,632,77,521
frame_110,Rack_3,66,12,fanta_straw_big,0.8509107232093811,4,411,36,626,20,518
frame_111,Rack_3,12,9,empty,0.8827178478240967,989,420,1263,696,1126,558
frame_111,Rack_3,27,7,coke_z_big,0.9760534167289734,915,426,988,655,951,540
frame_111,Rack_3,6,7,coke_z_big,0.9505891799926758,842,426,914,657,878,541
frame_111,Rack_3,24,5,coke_v_big,0.9700496196746826,769,424,839,683,804,553
frame_111,Rack_3,31,5,coke_v_big,0.9021415114402771,697,422,768,687,732,554
frame_111,Rack_3,21,5,coke_v_big,0.95079505443573,628,421,696,651,662,536
frame_111,Rack_3,30,5,coke_v_big,0.9591140151023865,559,424,626,650,592,537
frame_111,Rack_3,16,5,coke_v_big,0.9395498037338257,488,426,558,677,523,551
frame_111,Rack_3,43,14,pepsi_big,0.955639123916626,422,415,486,675,454,545
frame_111,Rack_3,48,14,pepsi_big,0.8639428615570068,359,414,420,669,389,541
frame_111,Rack_3,54,14,pepsi_big,0.7017893195152283,295,413,359,668,327,540
frame_111,Rack_3,45,10,fanta_grape_big,0.8651132583618164,219,413,293,666,256,539
frame_111,Rack_3,60,10,fanta_grape_big,0.7202891111373901,168,411,217,652,192,531
frame_111,Rack_3,25,12,fanta_straw_big,0.9154254198074341,41,411,116,632,78,521
frame_111,Rack_3,66,12,fanta_straw_big,0.8824552297592163,4,410,36,626,20,518
frame_112,Rack_3,12,9,empty,0.8839252591133118,989,419,1264,696,1126,557
frame_112,Rack_3,27,7,coke_z_big,0.9756887555122375,916,425,989,655,952,540
frame_112,Rack_3,6,7,coke_z_big,0.9437627792358398,843,426,915,657,879,541
frame_112,Rack_3,24,5,coke_v_big,0.9727391600608826,770,424,840,683,805,553
frame_112,Rack_3,31,5,coke_v_big,0.8914311528205872,698,422,768,687,733,554
frame_112,Rack_3,21,5,coke_v_big,0.9430083632469177,629,421,697,650,663,535
frame_112,Rack_3,30,5,coke_v_big,0.9609804749488831,560,424,628,651,594,537
frame_112,Rack_3,16,5,coke_v_big,0.9473775029182434,489,425,559,676,524,550
frame_112,Rack_3,43,14,pepsi_big,0.9615283608436584,423,416,487,675,455,545
frame_112,Rack_3,48,14,pepsi_big,0.8718667030334473,359,414,421,669,390,541
frame_112,Rack_3,54,14,pepsi_big,0.7529744505882263,296,413,360,668,328,540
frame_112,Rack_3,45,10,fanta_grape_big,0.8773897886276245,220,413,294,666,257,539
frame_112,Rack_3,60,10,fanta_grape_big,0.7243722677230835,169,412,218,651,193,531
frame_112,Rack_3,25,12,fanta_straw_big,0.9155064225196838,42,411,117,631,79,521
frame_112,Rack_3,66,12,fanta_straw_big,0.901779294013977,4,411,37,625,20,518
frame_113,Rack_3,12,9,empty,0.8833807110786438,990,419,1265,696,1127,557
frame_113,Rack_3,27,7,coke_z_big,0.981170117855072,917,425,990,655,953,540
frame_113,Rack_3,6,7,coke_z_big,0.9429678320884705,844,425,916,657,880,541
frame_113,Rack_3,24,5,coke_v_big,0.9700247049331665,770,423,841,684,805,553
frame_113,Rack_3,31,5,coke_v_big,0.8894262909889221,699,421,769,686,734,553
frame_113,Rack_3,21,5,coke_v_big,0.9435201287269592,630,421,698,651,664,536
frame_113,Rack_3,30,5,coke_v_big,0.9604566097259521,561,423,629,650,595,536
frame_113,Rack_3,16,5,coke_v_big,0.932183027267456,489,424,560,676,524,550
frame_113,Rack_3,43,14,pepsi_big,0.9664914011955261,423,415,488,675,455,545
frame_113,Rack_3,48,14,pepsi_big,0.8624202013015747,360,414,422,669,391,541
frame_113,Rack_3,54,14,pepsi_big,0.8029086589813232,297,412,361,668,329,540
frame_113,Rack_3,45,10,fanta_grape_big,0.8707562685012817,220,413,294,666,257,539
frame_113,Rack_3,60,10,fanta_grape_big,0.737464964389801,170,412,219,651,194,531
frame_113,Rack_3,25,12,fanta_straw_big,0.8924679756164551,43,411,117,631,80,521
frame_113,Rack_3,66,12,fanta_straw_big,0.9058783054351807,4,411,38,624,21,517
frame_114,Rack_3,12,9,empty,0.8933914303779602,991,418,1266,695,1128,556
frame_114,Rack_3,27,7,coke_z_big,0.9834033846855164,918,424,991,654,954,539
frame_114,Rack_3,6,7,coke_z_big,0.9493720531463623,845,424,917,656,881,540
frame_114,Rack_3,24,5,coke_v_big,0.9690802693367004,771,423,842,684,806,553
frame_114,Rack_3,31,5,coke_v_big,0.9019562602043152,700,421,770,686,735,553
frame_114,Rack_3,21,5,coke_v_big,0.9408069252967834,631,420,699,651,665,535
frame_114,Rack_3,30,5,coke_v_big,0.954508900642395,562,422,630,649,596,535
frame_114,Rack_3,16,5,coke_v_big,0.9252952933311462,490,423,561,676,525,549
frame_114,Rack_3,43,14,pepsi_big,0.967807412147522,424,415,488,674,456,544
frame_114,Rack_3,48,14,pepsi_big,0.8186385631561279,361,414,423,668,392,541
frame_114,Rack_3,54,14,pepsi_big,0.837649405002594,298,412,361,667,329,539
frame_114,Rack_3,45,10,fanta_grape_big,0.9045121073722839,221,413,295,666,258,539
frame_114,Rack_3,60,10,fanta_grape_big,0.7237533926963806,172,411,220,650,196,530
frame_114,Rack_3,25,12,fanta_straw_big,0.916025698184967,45,411,119,630,82,520
frame_114,Rack_3,66,12,fanta_straw_big,0.9190533757209778,4,411,39,624,21,517
frame_115,Rack_3,12,9,empty,0.9125555753707886,992,418,1266,695,1129,556
frame_115,Rack_3,27,7,coke_z_big,0.9863856434822083,920,424,993,654,956,539
frame_115,Rack_3,6,7,coke_z_big,0.9700924754142761,846,424,918,656,882,540
frame_115,Rack_3,24,5,coke_v_big,0.969202995300293,773,423,843,684,808,553
frame_115,Rack_3,31,5,coke_v_big,0.8970562219619751,701,421,771,686,736,553
frame_115,Rack_3,21,5,coke_v_big,0.9292766451835632,632,420,700,651,666,535
frame_115,Rack_3,30,5,coke_v_big,0.9574409127235413,564,422,631,648,597,535
frame_115,Rack_3,16,5,coke_v_big,0.886231005191803,491,422,562,676,526,549
frame_115,Rack_3,43,14,pepsi_big,0.9658223986625671,425,415,490,674,457,544
frame_115,Rack_3,48,14,pepsi_big,0.8247902989387512,362,414,424,669,393,541
frame_115,Rack_3,54,14,pepsi_big,0.8586024045944214,298,412,361,667,329,539
frame_115,Rack_3,45,10,fanta_grape_big,0.9222427010536194,222,413,296,665,259,539
frame_115,Rack_3,60,10,fanta_grape_big,0.7441146969795227,173,411,222,650,197,530
frame_115,Rack_3,25,12,fanta_straw_big,0.9034560322761536,46,411,121,630,83,520
frame_115,Rack_3,66,12,fanta_straw_big,0.9249601364135742,5,411,40,623,22,517
frame_116,Rack_3,12,9,empty,0.9278309941291809,993,418,1267,695,1130,556
frame_116,Rack_3,27,7,coke_z_big,0.9858062863349915,922,423,995,654,958,538
frame_116,Rack_3,6,7,coke_z_big,0.9713487029075623,847,423,920,656,883,539
frame_116,Rack_3,24,5,coke_v_big,0.9598457217216492,774,423,844,684,809,553
frame_116,Rack_3,31,5,coke_v_big,0.9089207053184509,702,421,773,686,737,553
frame_116,Rack_3,21,5,coke_v_big,0.921773374080658,633,420,701,650,667,535
frame_116,Rack_3,30,5,coke_v_big,0.9527463912963867,565,422,632,647,598,534
frame_116,Rack_3,16,5,coke_v_big,0.912076473236084,493,423,563,676,528,549
frame_116,Rack_3,43,14,pepsi_big,0.9648552536964417,426,415,491,674,458,544
frame_116,Rack_3,48,14,pepsi_big,0.8724156618118286,364,414,425,669,394,541
frame_116,Rack_3,54,14,pepsi_big,0.8607982397079468,299,412,362,667,330,539
frame_116,Rack_3,45,10,fanta_grape_big,0.9209138751029968,223,413,297,665,260,539
frame_116,Rack_3,60,10,fanta_grape_big,0.7184443473815918,174,412,223,652,198,532
frame_116,Rack_3,25,12,fanta_straw_big,0.903005063533783,47,411,123,631,85,521
frame_116,Rack_3,66,12,fanta_straw_big,0.9338310360908508,5,411,42,624,23,517
frame_117,Rack_3,12,9,empty,0.937390923500061,994,418,1267,695,1130,556
frame_117,Rack_3,27,7,coke_z_big,0.9856407642364502,924,424,997,654,960,539
frame_117,Rack_3,6,7,coke_z_big,0.9656049609184265,848,423,921,656,884,539
frame_117,Rack_3,24,5,coke_v_big,0.9421442151069641,775,423,846,684,810,553
frame_117,Rack_3,31,5,coke_v_big,0.9232925772666931,703,421,774,687,738,554
frame_117,Rack_3,21,5,coke_v_big,0.9146450757980347,635,420,702,650,668,535
frame_117,Rack_3,30,5,coke_v_big,0.9390413761138916,566,422,634,648,600,535
frame_117,Rack_3,16,5,coke_v_big,0.939028799533844,494,423,565,676,529,549
frame_117,Rack_3,43,14,pepsi_big,0.9669368267059326,428,415,493,674,460,544
frame_117,Rack_3,48,14,pepsi_big,0.911734938621521,366,414,427,669,396,541
frame_117,Rack_3,54,14,pepsi_big,0.8865463733673096,300,413,363,666,331,539
frame_117,Rack_3,45,10,fanta_grape_big,0.9177389144897461,224,413,297,665,260,539
frame_117,Rack_3,60,10,fanta_grape_big,0.7029117345809937,176,412,224,652,200,532
frame_117,Rack_3,25,12,fanta_straw_big,0.8914861083030701,49,411,124,631,86,521
frame_117,Rack_3,66,12,fanta_straw_big,0.9186349511146545,6,411,43,623,24,517
frame_118,Rack_3,12,9,empty,0.9406074285507202,996,418,1268,695,1132,556
frame_118,Rack_3,27,7,coke_z_big,0.9799946546554565,925,424,998,655,961,539
frame_118,Rack_3,6,7,coke_z_big,0.9524934887886047,849,423,923,656,886,539
frame_118,Rack_3,24,5,coke_v_big,0.9068542122840881,777,423,847,684,812,553
frame_118,Rack_3,31,5,coke_v_big,0.9224332571029663,704,422,775,687,739,554
frame_118,Rack_3,21,5,coke_v_big,0.9206804633140564,636,421,703,650,669,535
frame_118,Rack_3,30,5,coke_v_big,0.924574077129364,568,421,635,646,601,533
frame_118,Rack_3,16,5,coke_v_big,0.9563116431236267,496,423,567,676,531,549
frame_118,Rack_3,43,14,pepsi_big,0.9740549325942993,429,415,494,674,461,544
frame_118,Rack_3,48,14,pepsi_big,0.9282445311546326,367,414,428,669,397,541
frame_118,Rack_3,54,14,pepsi_big,0.9342647194862366,302,413,365,665,333,539
frame_118,Rack_3,45,10,fanta_grape_big,0.8890675902366638,225,413,299,665,262,539
frame_118,Rack_3,60,10,fanta_grape_big,0.6563412547111511,177,412,226,650,201,531
frame_118,Rack_3,25,12,fanta_straw_big,0.9132996797561646,50,410,126,631,88,520
frame_118,Rack_3,66,12,fanta_straw_big,0.9024345278739929,6,410,45,623,25,516
frame_119,Rack_3,12,9,empty,0.948576033115387,997,418,1269,695,1133,556
frame_119,Rack_3,27,7,coke_z_big,0.9860883355140686,926,424,999,655,962,539
frame_119,Rack_3,6,7,coke_z_big,0.9690396189689636,851,422,925,656,888,539
frame_119,Rack_3,24,5,coke_v_big,0.8349802494049072,778,423,849,684,813,553
frame_119,Rack_3,31,5,coke_v_big,0.933972954750061,706,422,776,687,741,554
frame_119,Rack_3,21,5,coke_v_big,0.9302602410316467,638,421,705,650,671,535
frame_119,Rack_3,30,5,coke_v_big,0.918565034866333,570,422,636,645,603,533
frame_119,Rack_3,16,5,coke_v_big,0.9517505168914795,497,422,568,675,532,548
frame_119,Rack_3,43,14,pepsi_big,0.9654386043548584,430,415,495,674,462,544
frame_119,Rack_3,48,14,pepsi_big,0.9475980401039124,368,414,429,669,398,541
frame_119,Rack_3,54,14,pepsi_big,0.9501709342002869,303,413,366,665,334,539
frame_119,Rack_3,45,10,fanta_grape_big,0.8902180790901184,227,413,300,665,263,539
frame_119,Rack_3,60,10,fanta_grape_big,0.707554280757904,179,412,227,649,203,530
frame_119,Rack_3,25,12,fanta_straw_big,0.9244856238365173,51,410,127,632,89,521
frame_119,Rack_3,66,12,fanta_straw_big,0.8908519148826599,8,411,47,626,27,518
frame_120,Rack_3,12,9,empty,0.9572006464004517,998,419,1269,695,1133,557
frame_120,Rack_3,27,7,coke_z_big,0.986329972743988,928,424,1001,654,964,539
frame_120,Rack_3,6,7,coke_z_big,0.9650291800498962,853,422,927,656,890,539
frame_120,Rack_3,24,5,coke_v_big,0.7298468947410583,780,422,851,684,815,553
frame_120,Rack_3,31,5,coke_v_big,0.9544642567634583,707,421,778,687,742,554
frame_120,Rack_3,21,5,coke_v_big,0.9501965641975403,639,421,706,649,672,535
frame_120,Rack_3,30,5,coke_v_big,0.9255635142326355,571,422,638,646,604,534
frame_120,Rack_3,16,5,coke_v_big,0.9540067315101624,498,422,569,676,533,549
frame_120,Rack_3,43,14,pepsi_big,0.9642584919929504,431,415,496,674,463,544
frame_120,Rack_3,48,14,pepsi_big,0.9570419788360596,369,414,430,669,399,541
frame_120,Rack_3,54,14,pepsi_big,0.9503708481788635,304,413,367,666,335,539
frame_120,Rack_3,45,10,fanta_grape_big,0.8699173927307129,229,413,302,666,265,539
frame_120,Rack_3,60,10,fanta_grape_big,0.7493796348571777,180,412,229,653,204,532
frame_120,Rack_3,25,12,fanta_straw_big,0.9054767489433289,52,411,129,632,90,521
frame_120,Rack_3,66,12,fanta_straw_big,0.9141991138458252,8,411,49,628,28,519
frame_121,Rack_3,12,9,empty,0.9568880796432495,1000,419,1270,695,1135,557
frame_121,Rack_3,27,7,coke_z_big,0.9804627895355225,929,424,1003,655,966,539
frame_121,Rack_3,6,7,coke_z_big,0.9716890454292297,855,422,929,657,892,539
frame_121,Rack_3,24,5,coke_v_big,0.7248558402061462,782,422,853,683,817,552
frame_121,Rack_3,31,5,coke_v_big,0.941584050655365,709,421,780,687,744,554
frame_121,Rack_3,21,5,coke_v_big,0.9553559422492981,641,421,707,649,674,535
frame_121,Rack_3,30,5,coke_v_big,0.9113707542419434,572,422,639,647,605,534
frame_121,Rack_3,16,5,coke_v_big,0.9526245594024658,500,422,571,676,535,549
frame_121,Rack_3,43,14,pepsi_big,0.9566295742988586,432,415,497,675,464,545
frame_121,Rack_3,48,14,pepsi_big,0.9434320330619812,371,414,432,670,401,542
frame_121,Rack_3,54,14,pepsi_big,0.8934173583984375,306,413,370,666,338,539
frame_121,Rack_3,45,10,fanta_grape_big,0.8775972127914429,230,412,304,666,267,539
frame_121,Rack_3,60,10,fanta_grape_big,0.7078224420547485,181,412,231,654,206,533
frame_121,Rack_3,25,12,fanta_straw_big,0.9128074049949646,54,411,130,632,92,521
frame_121,Rack_3,66,12,fanta_straw_big,0.9275590181350708,9,411,50,629,29,520
frame_122,Rack_3,12,9,empty,0.960858166217804,1000,419,1270,694,1135,556
frame_122,Rack_3,27,7,coke_z_big,0.9746770858764648,932,423,1005,655,968,539
frame_122,Rack_3,6,7,coke_z_big,0.9619840979576111,857,422,931,657,894,539
frame_122,Rack_3,24,5,coke_v_big,0.7662990689277649,784,423,855,683,819,553
frame_122,Rack_3,31,5,coke_v_big,0.9207610487937927,711,422,781,687,746,554
frame_122,Rack_3,21,5,coke_v_big,0.9567738175392151,642,421,709,649,675,535
frame_122,Rack_3,30,5,coke_v_big,0.9083409905433655,573,422,641,649,607,535
frame_122,Rack_3,16,5,coke_v_big,0.9437220096588135,501,423,573,676,537,549
frame_122,Rack_3,43,14,pepsi_big,0.9216797947883606,434,416,499,675,466,545
frame_122,Rack_3,48,14,pepsi_big,0.896375298500061,372,414,434,670,403,542
frame_122,Rack_3,54,14,pepsi_big,0.8419355750083923,308,412,371,667,339,539
frame_122,Rack_3,45,10,fanta_grape_big,0.8475664258003235,232,413,305,666,268,539
frame_122,Rack_3,60,10,fanta_grape_big,0.6975532174110413,183,413,232,652,207,532
frame_122,Rack_3,25,12,fanta_straw_big,0.8976162672042847,56,411,132,632,94,521
frame_122,Rack_3,66,12,fanta_straw_big,0.9087837338447571,9,412,52,630,30,521
frame_123,Rack_3,12,9,empty,0.9611544609069824,1002,418,1271,694,1136,556
frame_123,Rack_3,27,7,coke_z_big,0.9499073624610901,933,423,1007,655,970,539
frame_123,Rack_3,6,7,coke_z_big,0.9531890749931335,858,422,932,658,895,540
frame_123,Rack_3,24,5,coke_v_big,0.789728045463562,786,423,856,683,821,553
frame_123,Rack_3,31,5,coke_v_big,0.9378536939620972,712,422,783,687,747,554
frame_123,Rack_3,21,5,coke_v_big,0.9619268178939819,644,422,710,649,677,535
frame_123,Rack_3,30,5,coke_v_big,0.9158914685249329,575,422,643,649,609,535
frame_123,Rack_3,16,5,coke_v_big,0.9274846315383911,503,424,575,677,539,550
frame_123,Rack_3,43,14,pepsi_big,0.8928109407424927,437,416,502,676,469,546
frame_123,Rack_3,48,14,pepsi_big,0.8632523417472839,375,413,436,670,405,541
frame_123,Rack_3,54,14,pepsi_big,0.8413122892379761,310,412,373,668,341,540
frame_123,Rack_3,45,10,fanta_grape_big,0.8618800640106201,233,413,307,666,270,539
frame_123,Rack_3,60,10,fanta_grape_big,0.7324550151824951,185,413,233,651,209,532
frame_123,Rack_3,25,12,fanta_straw_big,0.907715380191803,57,411,133,632,95,521
frame_123,Rack_3,66,12,fanta_straw_big,0.9022486209869385,10,411,53,630,31,520
frame_124,Rack_3,12,9,empty,0.9586032629013062,1003,418,1273,694,1138,556
frame_124,Rack_3,27,7,coke_z_big,0.8906455039978027,935,424,1008,655,971,539
frame_124,Rack_3,6,7,coke_z_big,0.9552405476570129,860,422,934,658,897,540
frame_124,Rack_3,24,5,coke_v_big,0.8240222930908203,787,423,858,682,822,552
frame_124,Rack_3,31,5,coke_v_big,0.9455967545509338,714,422,785,686,749,554
frame_124,Rack_3,21,5,coke_v_big,0.9707305431365967,646,422,712,649,679,535
frame_124,Rack_3,30,5,coke_v_big,0.9302054047584534,577,422,644,649,610,535
frame_124,Rack_3,16,5,coke_v_big,0.9260188937187195,505,424,576,677,540,550
frame_124,Rack_3,43,14,pepsi_big,0.8953714370727539,439,416,504,676,471,546
frame_124,Rack_3,48,14,pepsi_big,0.8703269362449646,377,413,438,670,407,541
frame_124,Rack_3,54,14,pepsi_big,0.8423605561256409,312,412,375,668,343,540
frame_124,Rack_3,45,10,fanta_grape_big,0.8875721096992493,235,413,309,667,272,540
frame_124,Rack_3,60,10,fanta_grape_big,0.7501963376998901,186,413,234,650,210,531
frame_124,Rack_3,25,12,fanta_straw_big,0.9071915745735168,59,411,134,632,96,521
frame_124,Rack_3,66,12,fanta_straw_big,0.8879929184913635,10,411,54,630,32,520
frame_125,Rack_3,12,9,empty,0.9541179537773132,1005,418,1273,694,1139,556
frame_125,Rack_3,27,7,coke_z_big,0.8848101496696472,937,424,1010,655,973,539
frame_125,Rack_3,6,7,coke_z_big,0.9505499601364136,862,422,936,658,899,540
frame_125,Rack_3,24,5,coke_v_big,0.8275023102760315,789,422,860,682,824,552
frame_125,Rack_3,31,5,coke_v_big,0.91199791431427,716,422,787,684,751,553
frame_125,Rack_3,21,5,coke_v_big,0.9733747839927673,647,422,714,649,680,535
frame_125,Rack_3,30,5,coke_v_big,0.9291369318962097,578,422,645,649,611,535
frame_125,Rack_3,16,5,coke_v_big,0.9273626208305359,507,424,577,676,542,550
frame_125,Rack_3,43,14,pepsi_big,0.8971754312515259,441,416,505,676,473,546
frame_125,Rack_3,48,14,pepsi_big,0.8824437260627747,378,414,440,670,409,542
frame_125,Rack_3,54,14,pepsi_big,0.8603025674819946,314,412,377,668,345,540
frame_125,Rack_3,45,10,fanta_grape_big,0.8578543663024902,237,413,311,666,274,539
frame_125,Rack_3,60,10,fanta_grape_big,0.6788843870162964,188,413,236,650,212,531
frame_125,Rack_3,25,12,fanta_straw_big,0.912461519241333,60,411,135,632,97,521
frame_125,Rack_3,66,12,fanta_straw_big,0.8216844201087952,11,411,56,630,33,520
frame_126,Rack_3,12,9,empty,0.9551051259040833,1006,419,1273,695,1139,557
frame_126,Rack_3,27,7,coke_z_big,0.8983839750289917,939,423,1012,655,975,539
frame_126,Rack_3,6,7,coke_z_big,0.9539861083030701,864,422,938,656,901,539
frame_126,Rack_3,24,5,coke_v_big,0.8313562870025635,790,422,861,682,825,552
frame_126,Rack_3,31,5,coke_v_big,0.9193133115768433,718,421,788,684,753,552
frame_126,Rack_3,21,5,coke_v_big,0.9633264541625977,649,422,715,650,682,536
frame_126,Rack_3,30,5,coke_v_big,0.9236071109771729,580,423,647,649,613,536
frame_126,Rack_3,16,5,coke_v_big,0.9055888652801514,508,424,579,677,543,550
frame_126,Rack_3,43,14,pepsi_big,0.8722686767578125,442,416,507,676,474,546
frame_126,Rack_3,48,14,pepsi_big,0.8723373413085938,381,414,442,670,411,542
frame_126,Rack_3,54,14,pepsi_big,0.8553560972213745,317,413,379,668,348,540
frame_126,Rack_3,45,10,fanta_grape_big,0.854846179485321,239,414,313,666,276,540
frame_126,Rack_3,60,10,fanta_grape_big,0.7001213431358337,190,414,237,650,213,532
frame_126,Rack_3,25,12,fanta_straw_big,0.902599573135376,61,411,136,632,98,521
frame_126,Rack_3,66,12,fanta_straw_big,0.7379729747772217,12,412,58,630,35,521
frame_127,Rack_3,12,9,empty,0.9467253684997559,1007,418,1273,695,1140,556
frame_127,Rack_3,27,7,coke_z_big,0.8101622462272644,940,423,1014,656,977,539
frame_127,Rack_3,6,7,coke_z_big,0.9599719047546387,866,422,939,654,902,538
frame_127,Rack_3,24,5,coke_v_big,0.8712329268455505,792,422,863,683,827,552
frame_127,Rack_3,31,5,coke_v_big,0.9271878600120544,719,421,790,686,754,553
frame_127,Rack_3,21,5,coke_v_big,0.9710468053817749,650,422,717,649,683,535
frame_127,Rack_3,30,5,coke_v_big,0.9353615045547485,582,423,648,648,615,535
frame_127,Rack_3,16,5,coke_v_big,0.884765088558197,510,424,581,676,545,550
frame_127,Rack_3,43,14,pepsi_big,0.8359674215316772,444,416,509,676,476,546
frame_127,Rack_3,48,14,pepsi_big,0.8551151752471924,383,414,444,670,413,542
frame_127,Rack_3,54,14,pepsi_big,0.8208701014518738,318,413,381,668,349,540
frame_127,Rack_3,45,10,fanta_grape_big,0.9034454822540283,240,413,315,667,277,540
frame_127,Rack_3,60,10,fanta_grape_big,0.6406397819519043,191,413,238,649,214,531
frame_127,Rack_3,25,12,fanta_straw_big,0.9278611540794373,63,411,138,631,100,521
frame_127,Rack_3,66,12,fanta_straw_big,0.8190693259239197,12,412,59,630,35,521
frame_128,Rack_3,12,9,empty,0.9555056691169739,1009,418,1274,694,1141,556
frame_128,Rack_3,27,7,coke_z_big,0.8766295313835144,942,422,1016,656,979,539
frame_128,Rack_3,6,7,coke_z_big,0.9535138010978699,867,421,941,656,904,538
frame_128,Rack_3,24,5,coke_v_big,0.8994883894920349,794,422,865,683,829,552
frame_128,Rack_3,31,5,coke_v_big,0.9359861016273499,721,421,792,686,756,553
frame_128,Rack_3,21,5,coke_v_big,0.9730672240257263,652,422,718,649,685,535
frame_128,Rack_3,30,5,coke_v_big,0.9385777115821838,583,422,650,648,616,535
frame_128,Rack_3,16,5,coke_v_big,0.8493465185165405,512,423,582,676,547,549
frame_128,Rack_3,43,14,pepsi_big,0.8233008980751038,446,416,511,675,478,545
frame_128,Rack_3,48,14,pepsi_big,0.8695098161697388,384,414,446,670,415,542
frame_128,Rack_3,54,14,pepsi_big,0.8209210634231567,320,413,383,667,351,540
frame_128,Rack_3,45,10,fanta_grape_big,0.8958844542503357,242,413,316,667,279,540
frame_128,Rack_3,60,10,fanta_grape_big,0.5331531763076782,192,412,239,647,215,529
frame_128,Rack_3,25,12,fanta_straw_big,0.9422962069511414,66,411,140,631,103,521
frame_128,Rack_3,66,12,fanta_straw_big,0.7952079176902771,12,411,60,630,36,520
frame_129,Rack_3,12,9,empty,0.957065224647522,1011,418,1275,694,1143,556
frame_129,Rack_3,27,7,coke_z_big,0.931714653968811,944,422,1018,655,981,538
frame_129,Rack_3,6,7,coke_z_big,0.9547030329704285,869,420,943,656,906,538
frame_129,Rack_3,24,5,coke_v_big,0.9229205846786499,796,421,867,682,831,551
frame_129,Rack_3,31,5,coke_v_big,0.9198079705238342,722,420,793,686,757,553
frame_129,Rack_3,21,5,coke_v_big,0.9459750652313232,653,421,720,649,686,535
frame_129,Rack_3,30,5,coke_v_big,0.9106414914131165,585,422,652,648,618,535
frame_129,Rack_3,16,5,coke_v_big,0.8611564040184021,514,422,584,675,549,548
frame_129,Rack_3,43,14,pepsi_big,0.867034912109375,448,416,512,674,480,545
frame_129,Rack_3,48,14,pepsi_big,0.8770321607589722,386,414,447,670,416,542
frame_129,Rack_3,54,14,pepsi_big,0.8128027319908142,322,412,384,665,353,538
frame_129,Rack_3,45,10,fanta_grape_big,0.9251514077186584,244,413,319,667,281,540
frame_129,Rack_3,25,12,fanta_straw_big,0.9463496804237366,67,411,141,630,104,520
frame_129,Rack_3,66,12,fanta_straw_big,0.8131089210510254,12,411,61,629,36,520
frame_130,Rack_3,12,9,empty,0.9606475830078125,1012,419,1276,695,1144,557
frame_130,Rack_3,27,7,coke_z_big,0.9674779176712036,946,422,1020,654,983,538
frame_130,Rack_3,6,7,coke_z_big,0.9434203505516052,871,418,946,656,908,537
frame_130,Rack_3,24,5,coke_v_big,0.9396790862083435,798,421,869,681,833,551
frame_130,Rack_3,31,5,coke_v_big,0.9089500308036804,725,420,796,685,760,552
frame_130,Rack_3,21,5,coke_v_big,0.9155443906784058,655,420,722,650,688,535
frame_130,Rack_3,30,5,coke_v_big,0.9500553607940674,587,421,654,647,620,534
frame_130,Rack_3,16,5,coke_v_big,0.8816254734992981,516,421,586,675,551,548
frame_130,Rack_3,43,14,pepsi_big,0.9079319834709167,450,416,514,674,482,545
frame_130,Rack_3,48,14,pepsi_big,0.8754967451095581,388,414,449,669,418,541
frame_130,Rack_3,54,14,pepsi_big,0.8196854591369629,324,412,386,665,355,538
frame_130,Rack_3,45,10,fanta_grape_big,0.9042982459068298,246,413,321,666,283,539
frame_130,Rack_3,25,12,fanta_straw_big,0.9442406892776489,69,411,143,630,106,520
frame_130,Rack_3,66,12,fanta_straw_big,0.8243470788002014,12,412,63,629,37,520
frame_131,Rack_3,12,9,empty,0.9666498899459839,1014,419,1276,695,1145,557
frame_131,Rack_3,27,7,coke_z_big,0.9686354994773865,948,421,1022,653,985,537
frame_131,Rack_3,6,7,coke_z_big,0.9490664005279541,874,419,948,655,911,537
frame_131,Rack_3,24,5,coke_v_big,0.9549226760864258,800,420,871,682,835,551
frame_131,Rack_3,31,5,coke_v_big,0.913646399974823,727,420,798,685,762,552
frame_131,Rack_3,21,5,coke_v_big,0.9455835223197937,657,419,725,650,691,534
frame_131,Rack_3,30,5,coke_v_big,0.9608904123306274,588,421,656,649,622,535
frame_131,Rack_3,16,5,coke_v_big,0.8708361387252808,517,421,588,675,552,548
frame_131,Rack_3,43,14,pepsi_big,0.925369918346405,452,416,516,674,484,545
frame_131,Rack_3,48,14,pepsi_big,0.897792637348175,389,414,451,668,420,541
frame_131,Rack_3,54,14,pepsi_big,0.8191337585449219,326,412,388,664,357,538
frame_131,Rack_3,45,10,fanta_grape_big,0.8981740474700928,248,413,323,666,285,539
frame_131,Rack_3,60,10,fanta_grape_big,0.5353301763534546,198,412,246,644,222,528
frame_131,Rack_3,25,12,fanta_straw_big,0.93080735206604,71,411,145,630,108,520
frame_131,Rack_3,66,12,fanta_straw_big,0.8272648453712463,13,412,65,629,39,520
frame_132,Rack_3,12,9,empty,0.964526891708374,1016,419,1276,694,1146,556
frame_132,Rack_3,27,7,coke_z_big,0.9752926230430603,951,421,1024,653,987,537
frame_132,Rack_3,6,7,coke_z_big,0.9618262648582458,876,420,950,655,913,537
frame_132,Rack_3,24,5,coke_v_big,0.9626682996749878,802,421,873,682,837,551
frame_132,Rack_3,31,5,coke_v_big,0.9126991629600525,729,420,800,685,764,552
frame_132,Rack_3,21,5,coke_v_big,0.9632535576820374,659,420,727,650,693,535
frame_132,Rack_3,30,5,coke_v_big,0.9559963345527649,590,421,658,650,624,535
frame_132,Rack_3,16,5,coke_v_big,0.8935287594795227,520,423,590,675,555,549
frame_132,Rack_3,43,14,pepsi_big,0.9393539428710938,454,416,518,674,486,545
frame_132,Rack_3,48,14,pepsi_big,0.8498716354370117,391,415,453,669,422,542
frame_132,Rack_3,54,14,pepsi_big,0.7856485843658447,328,413,390,666,359,539
frame_132,Rack_3,45,10,fanta_grape_big,0.9163293838500977,251,413,325,666,288,539
frame_132,Rack_3,60,10,fanta_grape_big,0.5903202891349792,200,413,248,644,224,528
frame_132,Rack_3,25,12,fanta_straw_big,0.9202265739440918,74,412,147,630,110,521
frame_132,Rack_3,66,12,fanta_straw_big,0.7954206466674805,14,413,68,629,41,521
frame_133,Rack_3,12,9,empty,0.9587110877037048,1019,419,1277,694,1148,556
frame_133,Rack_3,27,7,coke_z_big,0.9817622900009155,953,421,1027,653,990,537
frame_133,Rack_3,6,7,coke_z_big,0.9670678973197937,878,421,952,655,915,538
frame_133,Rack_3,24,5,coke_v_big,0.9601266980171204,804,420,875,683,839,551
frame_133,Rack_3,31,5,coke_v_big,0.9122323989868164,731,420,802,685,766,552
frame_133,Rack_3,21,5,coke_v_big,0.9532826542854309,661,420,729,649,695,534
frame_133,Rack_3,30,5,coke_v_big,0.9607152342796326,592,421,660,651,626,536
frame_133,Rack_3,16,5,coke_v_big,0.9466305375099182,521,423,591,675,556,549
frame_133,Rack_3,43,14,pepsi_big,0.9454134106636047,456,416,520,674,488,545
frame_133,Rack_3,48,14,pepsi_big,0.8611499667167664,393,414,455,669,424,541
frame_133,Rack_3,54,14,pepsi_big,0.8218709230422974,330,413,392,667,361,540
frame_133,Rack_3,45,10,fanta_grape_big,0.8706810474395752,253,413,327,666,290,539
frame_133,Rack_3,60,10,fanta_grape_big,0.5685126781463623,202,412,250,648,226,530
frame_133,Rack_3,25,12,fanta_straw_big,0.9361076951026917,76,412,149,630,112,521
frame_133,Rack_3,66,12,fanta_straw_big,0.833270788192749,15,412,70,629,42,520
frame_134,Rack_3,12,9,empty,0.9555268287658691,1020,419,1277,694,1148,556
frame_134,Rack_3,27,7,coke_z_big,0.9811076521873474,956,421,1029,653,992,537
frame_134,Rack_3,6,7,coke_z_big,0.9628074169158936,880,420,954,654,917,537
frame_134,Rack_3,24,5,coke_v_big,0.9425674676895142,806,421,877,682,841,551
frame_134,Rack_3,31,5,coke_v_big,0.907176673412323,733,420,804,685,768,552
frame_134,Rack_3,21,5,coke_v_big,0.9385858178138733,663,420,731,649,697,534
frame_134,Rack_3,30,5,coke_v_big,0.956585168838501,594,421,662,650,628,535
frame_134,Rack_3,16,5,coke_v_big,0.928852915763855,523,423,593,675,558,549
frame_134,Rack_3,43,14,pepsi_big,0.9564210176467896,457,416,521,674,489,545
frame_134,Rack_3,48,14,pepsi_big,0.8706706762313843,394,414,456,669,425,541
frame_134,Rack_3,54,14,pepsi_big,0.8535005450248718,331,413,394,667,362,540
frame_134,Rack_3,45,10,fanta_grape_big,0.8768876194953918,255,413,329,666,292,539
frame_134,Rack_3,60,10,fanta_grape_big,0.7164900898933411,204,412,253,651,228,531
frame_134,Rack_3,25,12,fanta_straw_big,0.926723062992096,78,411,151,630,114,520
frame_134,Rack_3,66,12,fanta_straw_big,0.7927956581115723,15,412,71,628,43,520
frame_135,Rack_3,12,9,empty,0.9543063640594482,1023,419,1278,694,1150,556
frame_135,Rack_3,27,7,coke_z_big,0.9843938946723938,958,421,1031,653,994,537
frame_135,Rack_3,6,7,coke_z_big,0.9531868100166321,882,420,956,654,919,537
frame_135,Rack_3,24,5,coke_v_big,0.940552294254303,807,421,879,683,843,552
frame_135,Rack_3,31,5,coke_v_big,0.9310435056686401,735,420,806,686,770,553
frame_135,Rack_3,21,5,coke_v_big,0.9379982352256775,665,420,733,649,699,534
frame_135,Rack_3,30,5,coke_v_big,0.9605942368507385,596,420,664,649,630,534
frame_135,Rack_3,16,5,coke_v_big,0.8824458718299866,524,422,595,676,559,549
frame_135,Rack_3,43,14,pepsi_big,0.9631679058074951,459,415,523,675,491,545
frame_135,Rack_3,48,14,pepsi_big,0.8716743588447571,396,414,458,670,427,542
frame_135,Rack_3,54,14,pepsi_big,0.8651191592216492,332,413,395,667,363,540
frame_135,Rack_3,45,10,fanta_grape_big,0.9029579162597656,256,413,330,666,293,539
frame_135,Rack_3,60,10,fanta_grape_big,0.744147539138794,205,412,255,651,230,531
frame_135,Rack_3,25,12,fanta_straw_big,0.8582050800323486,79,411,153,630,116,520
frame_135,Rack_3,66,12,fanta_straw_big,0.6678575873374939,15,411,73,628,44,519
frame_136,Rack_3,12,9,empty,0.9519939422607422,1025,419,1279,693,1152,556
frame_136,Rack_3,27,7,coke_z_big,0.9870806336402893,960,421,1033,653,996,537
frame_136,Rack_3,6,7,coke_z_big,0.959540069103241,884,420,959,654,921,537
frame_136,Rack_3,24,5,coke_v_big,0.9278290271759033,809,421,881,684,845,552
frame_136,Rack_3,31,5,coke_v_big,0.9413629770278931,736,420,808,686,772,553
frame_136,Rack_3,21,5,coke_v_big,0.9331758618354797,667,420,735,649,701,534
frame_136,Rack_3,30,5,coke_v_big,0.9480924010276794,598,420,665,649,631,534
frame_136,Rack_3,16,5,coke_v_big,0.9232405424118042,526,422,596,676,561,549
frame_136,Rack_3,43,14,pepsi_big,0.9649378657341003,460,415,525,675,492,545
frame_136,Rack_3,48,14,pepsi_big,0.893068253993988,398,414,460,670,429,542
frame_136,Rack_3,54,14,pepsi_big,0.9247574210166931,333,413,396,667,364,540
frame_136,Rack_3,45,10,fanta_grape_big,0.9126933813095093,257,413,331,666,294,539
frame_136,Rack_3,60,10,fanta_grape_big,0.8077293038368225,206,412,255,649,230,530
frame_136,Rack_3,25,12,fanta_straw_big,0.846807062625885,80,410,155,630,117,520
frame_136,Rack_3,66,12,fanta_straw_big,0.5881930589675903,16,411,74,628,45,519
frame_137,Rack_3,12,9,empty,0.9404364228248596,1028,419,1280,693,1154,556
frame_137,Rack_3,27,7,coke_z_big,0.9824288487434387,961,421,1034,652,997,536
frame_137,Rack_3,6,7,coke_z_big,0.9639852046966553,886,421,960,655,923,538
frame_137,Rack_3,24,5,coke_v_big,0.9117441773414612,811,421,882,683,846,552
frame_137,Rack_3,31,5,coke_v_big,0.9422081112861633,737,420,809,686,773,553
frame_137,Rack_3,21,5,coke_v_big,0.9402477145195007,669,420,736,649,702,534
frame_137,Rack_3,30,5,coke_v_big,0.9369015693664551,599,420,667,649,633,534
frame_137,Rack_3,16,5,coke_v_big,0.9427797198295593,528,422,598,676,563,549
frame_137,Rack_3,43,14,pepsi_big,0.9658235311508179,462,415,526,675,494,545
frame_137,Rack_3,48,14,pepsi_big,0.9334615468978882,399,414,461,670,430,542
frame_137,Rack_3,54,14,pepsi_big,0.9571342468261719,335,413,397,666,366,539
frame_137,Rack_3,45,10,fanta_grape_big,0.9112608432769775,258,413,332,666,295,539
frame_137,Rack_3,60,10,fanta_grape_big,0.8031669855117798,207,412,257,650,232,531
frame_137,Rack_3,25,12,fanta_straw_big,0.8521209359169006,81,411,156,631,118,521
frame_137,Rack_3,66,12,fanta_straw_big,0.531833291053772,16,411,75,627,45,519
frame_138,Rack_3,12,9,empty,0.9395493865013123,1029,418,1280,693,1154,555
frame_138,Rack_3,27,7,coke_z_big,0.9836666584014893,963,421,1036,653,999,537
frame_138,Rack_3,6,7,coke_z_big,0.9606585502624512,887,420,962,655,924,537
frame_138,Rack_3,24,5,coke_v_big,0.8656536340713501,813,421,884,683,848,552
frame_138,Rack_3,31,5,coke_v_big,0.9411107897758484,739,420,811,687,775,553
frame_138,Rack_3,21,5,coke_v_big,0.941663920879364,670,420,737,649,703,534
frame_138,Rack_3,30,5,coke_v_big,0.9244129061698914,601,420,669,649,635,534
frame_138,Rack_3,16,5,coke_v_big,0.9419323205947876,529,421,599,676,564,548
frame_138,Rack_3,43,14,pepsi_big,0.9681638479232788,462,415,527,675,494,545
frame_138,Rack_3,48,14,pepsi_big,0.9463719725608826,400,414,462,671,431,542
frame_138,Rack_3,54,14,pepsi_big,0.9611117243766785,336,413,398,667,367,540
frame_138,Rack_3,45,10,fanta_grape_big,0.878615140914917,259,413,333,666,296,539
frame_138,Rack_3,60,10,fanta_grape_big,0.8098846077919006,209,412,258,650,233,531
frame_138,Rack_3,25,12,fanta_straw_big,0.8407312631607056,82,411,157,632,119,521
frame_138,Rack_3,66,12,fanta_straw_big,0.5349114537239075,19,412,79,629,49,520
frame_139,Rack_3,12,9,empty,0.939370334148407,1030,418,1280,694,1155,556
frame_139,Rack_3,27,7,coke_z_big,0.9693562984466553,965,420,1038,653,1001,536
frame_139,Rack_3,6,7,coke_z_big,0.962643027305603,889,420,964,656,926,538
frame_139,Rack_3,24,5,coke_v_big,0.8833853006362915,814,421,886,683,850,552
frame_139,Rack_3,31,5,coke_v_big,0.935049295425415,741,421,812,687,776,554
frame_139,Rack_3,21,5,coke_v_big,0.9505856037139893,671,420,738,649,704,534
frame_139,Rack_3,30,5,coke_v_big,0.9157909750938416,602,420,670,650,636,535
frame_139,Rack_3,16,5,coke_v_big,0.9417276978492737,530,421,600,676,565,548
frame_139,Rack_3,43,14,pepsi_big,0.9619650840759277,463,415,528,675,495,545
frame_139,Rack_3,48,14,pepsi_big,0.9585028290748596,401,414,463,671,432,542
frame_139,Rack_3,54,14,pepsi_big,0.9651780724525452,337,413,399,667,368,540
frame_139,Rack_3,45,10,fanta_grape_big,0.8214730024337769,261,413,335,667,298,540
frame_139,Rack_3,60,10,fanta_grape_big,0.7500919699668884,210,412,260,651,235,531
frame_139,Rack_3,25,12,fanta_straw_big,0.8414891362190247,83,411,158,632,120,521
frame_139,Rack_3,66,12,fanta_straw_big,0.6503610014915466,20,412,81,630,50,521
frame_140,Rack_3,12,9,empty,0.9477571249008179,1031,418,1280,693,1155,555
frame_140,Rack_3,27,7,coke_z_big,0.9714490175247192,966,420,1039,653,1002,536
frame_140,Rack_3,6,7,coke_z_big,0.9649991393089294,890,421,965,655,927,538
frame_140,Rack_3,24,5,coke_v_big,0.9091345071792603,816,422,887,683,851,552
frame_140,Rack_3,31,5,coke_v_big,0.9238002896308899,742,421,814,687,778,554
frame_140,Rack_3,21,5,coke_v_big,0.9530797004699707,672,420,740,649,706,534
frame_140,Rack_3,30,5,coke_v_big,0.9200301766395569,603,420,671,651,637,535
frame_140,Rack_3,16,5,coke_v_big,0.9367570877075195,531,421,602,676,566,548
frame_140,Rack_3,43,14,pepsi_big,0.9518901109695435,464,416,529,676,496,546
frame_140,Rack_3,48,14,pepsi_big,0.9555379152297974,402,414,464,671,433,542
frame_140,Rack_3,54,14,pepsi_big,0.9595569372177124,338,413,401,667,369,540
frame_140,Rack_3,45,10,fanta_grape_big,0.8322024345397949,262,414,336,667,299,540
frame_140,Rack_3,60,10,fanta_grape_big,0.8103382587432861,212,413,261,651,236,532
frame_140,Rack_3,25,12,fanta_straw_big,0.8254210352897644,84,413,159,633,121,523
frame_140,Rack_3,66,12,fanta_straw_big,0.7099103927612305,22,413,83,630,52,521
frame_141,Rack_3,12,9,empty,0.9373431205749512,1034,418,1280,693,1157,555
frame_141,Rack_3,27,7,coke_z_big,0.9560306668281555,968,421,1041,653,1004,537
frame_141,Rack_3,6,7,coke_z_big,0.9701575636863708,891,421,966,655,928,538
frame_141,Rack_3,24,5,coke_v_big,0.9131543040275574,817,422,889,683,853,552
frame_141,Rack_3,31,5,coke_v_big,0.9215725064277649,743,421,815,687,779,554
frame_141,Rack_3,21,5,coke_v_big,0.9646387696266174,673,420,741,650,707,535
frame_141,Rack_3,30,5,coke_v_big,0.9230409264564514,604,420,672,652,638,536
frame_141,Rack_3,16,5,coke_v_big,0.9406793713569641,532,421,603,677,567,549
frame_141,Rack_3,43,14,pepsi_big,0.9438953995704651,466,416,530,676,498,546
frame_141,Rack_3,48,14,pepsi_big,0.9375941753387451,403,414,466,671,434,542
frame_141,Rack_3,54,14,pepsi_big,0.9446259140968323,339,413,402,668,370,540
frame_141,Rack_3,45,10,fanta_grape_big,0.7834938764572144,263,415,337,667,300,541
frame_141,Rack_3,60,10,fanta_grape_big,0.8291025161743164,213,414,262,652,237,533
frame_141,Rack_3,25,12,fanta_straw_big,0.7862595915794373,85,414,160,633,122,523
frame_141,Rack_3,66,12,fanta_straw_big,0.7947108149528503,24,413,85,630,54,521
frame_142,Rack_3,12,9,empty,0.93784499168396,1036,418,1280,693,1158,555
frame_142,Rack_3,27,7,coke_z_big,0.9408941864967346,969,421,1042,653,1005,537
frame_142,Rack_3,6,7,coke_z_big,0.9698721170425415,892,422,967,656,929,539
frame_142,Rack_3,24,5,coke_v_big,0.9051856398582458,818,423,890,684,854,553
frame_142,Rack_3,31,5,coke_v_big,0.9447603821754456,744,421,816,687,780,554
frame_142,Rack_3,21,5,coke_v_big,0.9658035039901733,674,420,742,650,708,535
frame_142,Rack_3,30,5,coke_v_big,0.9176219701766968,605,421,673,652,639,536
frame_142,Rack_3,16,5,coke_v_big,0.934772253036499,534,421,605,678,569,549
frame_142,Rack_3,43,14,pepsi_big,0.9425123929977417,467,416,531,677,499,546
frame_142,Rack_3,48,14,pepsi_big,0.9231410026550293,404,414,467,672,435,543
frame_142,Rack_3,54,14,pepsi_big,0.9146248698234558,340,414,403,669,371,541
frame_142,Rack_3,45,10,fanta_grape_big,0.6910194754600525,264,415,337,666,300,540
frame_142,Rack_3,60,10,fanta_grape_big,0.8494725227355957,214,415,263,653,238,534
frame_142,Rack_3,25,12,fanta_straw_big,0.7847341299057007,86,415,161,634,123,524
frame_142,Rack_3,66,12,fanta_straw_big,0.8273392915725708,25,414,86,631,55,522
frame_143,Rack_3,12,9,empty,0.9301808476448059,1036,418,1280,694,1158,556
frame_143,Rack_3,27,7,coke_z_big,0.9318702816963196,970,421,1043,654,1006,537
frame_143,Rack_3,6,7,coke_z_big,0.9609730839729309,893,422,968,658,930,540
frame_143,Rack_3,24,5,coke_v_big,0.9028417468070984,819,423,892,684,855,553
frame_143,Rack_3,31,5,coke_v_big,0.9424203634262085,745,422,817,688,781,555
frame_143,Rack_3,21,5,coke_v_big,0.9684988260269165,675,421,743,651,709,536
frame_143,Rack_3,30,5,coke_v_big,0.9169609546661377,606,421,674,653,640,537
frame_143,Rack_3,16,5,coke_v_big,0.9315265417098999,535,422,606,679,570,550
frame_143,Rack_3,43,14,pepsi_big,0.9457338452339172,468,417,533,678,500,547
frame_143,Rack_3,48,14,pepsi_big,0.9082603454589844,405,415,468,673,436,544
frame_143,Rack_3,54,14,pepsi_big,0.890299379825592,341,415,404,670,372,542
frame_143,Rack_3,45,10,fanta_grape_big,0.7206663489341736,264,416,338,668,301,542
frame_143,Rack_3,60,10,fanta_grape_big,0.8811966776847839,215,416,264,653,239,534
frame_143,Rack_3,61,10,fanta_grape_big,0.5777233839035034,161,415,214,634,187,524
frame_143,Rack_3,25,12,fanta_straw_big,0.8507723212242126,87,416,162,635,124,525
frame_143,Rack_3,66,12,fanta_straw_big,0.872986376285553,26,415,87,632,56,523
frame_144,Rack_3,12,9,empty,0.9242887496948242,1037,420,1280,694,1158,557
frame_144,Rack_3,27,7,coke_z_big,0.9240890741348267,971,422,1044,655,1007,538
frame_144,Rack_3,6,7,coke_z_big,0.9507094621658325,894,422,970,659,932,540
frame_144,Rack_3,24,5,coke_v_big,0.8958837985992432,820,423,893,685,856,554
frame_144,Rack_3,31,5,coke_v_big,0.9370945692062378,746,424,818,688,782,556
frame_144,Rack_3,21,5,coke_v_big,0.9710257649421692,676,422,744,652,710,537
frame_144,Rack_3,30,5,coke_v_big,0.9091700315475464,607,422,675,654,641,538
frame_144,Rack_3,16,5,coke_v_big,0.9239413738250732,536,423,607,679,571,551
frame_144,Rack_3,43,14,pepsi_big,0.9318904876708984,469,418,534,678,501,548
frame_144,Rack_3,48,14,pepsi_big,0.8417794108390808,406,416,468,674,437,545
frame_144,Rack_3,54,14,pepsi_big,0.8596438765525818,341,415,405,671,373,543
frame_144,Rack_3,45,10,fanta_grape_big,0.7813605070114136,265,417,339,670,302,543
frame_144,Rack_3,60,10,fanta_grape_big,0.8867951035499573,216,417,265,657,240,537
frame_144,Rack_3,61,10,fanta_grape_big,0.6973644495010376,162,417,215,635,188,526
frame_144,Rack_3,25,12,fanta_straw_big,0.8588390946388245,88,418,163,637,125,527
frame_144,Rack_3,66,12,fanta_straw_big,0.8555367588996887,27,417,88,633,57,525
frame_145,Rack_3,12,9,empty,0.9216486215591431,1038,420,1280,695,1159,557
frame_145,Rack_3,27,7,coke_z_big,0.9142295122146606,972,422,1046,656,1009,539
frame_145,Rack_3,6,7,coke_z_big,0.9464074969291687,895,422,971,660,933,541
frame_145,Rack_3,24,5,coke_v_big,0.8990219235420227,821,423,894,686,857,554
frame_145,Rack_3,31,5,coke_v_big,0.9250488877296448,747,424,819,689,783,556
frame_145,Rack_3,21,5,coke_v_big,0.9693854451179504,677,423,745,653,711,538
frame_145,Rack_3,30,5,coke_v_big,0.926393985748291,608,423,676,654,642,538
frame_145,Rack_3,16,5,coke_v_big,0.9132005572319031,537,424,607,680,572,552
frame_145,Rack_3,43,14,pepsi_big,0.9215064644813538,470,419,535,679,502,549
frame_145,Rack_3,48,14,pepsi_big,0.7662156224250793,407,417,469,675,438,546
frame_145,Rack_3,54,14,pepsi_big,0.7754100561141968,342,416,406,672,374,544
frame_145,Rack_3,45,10,fanta_grape_big,0.7587043046951294,266,417,339,671,302,544
frame_145,Rack_3,60,10,fanta_grape_big,0.8671247959136963,217,418,267,659,242,538
frame_145,Rack_3,61,10,fanta_grape_big,0.6796348690986633,162,418,215,636,188,527
frame_145,Rack_3,25,12,fanta_straw_big,0.888715922832489,88,419,164,638,126,528
frame_145,Rack_3,66,12,fanta_straw_big,0.8737777471542358,28,418,89,633,58,525
frame_146,Rack_3,12,9,empty,0.9212474822998047,1040,422,1280,695,1160,558
frame_146,Rack_3,27,7,coke_z_big,0.9426748752593994,973,423,1047,657,1010,540
frame_146,Rack_3,6,7,coke_z_big,0.9425612092018127,896,422,972,660,934,541
frame_146,Rack_3,24,5,coke_v_big,0.9159656167030334,822,424,895,687,858,555
frame_146,Rack_3,31,5,coke_v_big,0.9182595610618591,748,425,820,690,784,557
frame_146,Rack_3,21,5,coke_v_big,0.9649379253387451,678,424,745,653,711,538
frame_146,Rack_3,30,5,coke_v_big,0.9182537794113159,609,424,676,655,642,539
frame_146,Rack_3,16,5,coke_v_big,0.8946644067764282,538,425,608,680,573,552
frame_146,Rack_3,43,14,pepsi_big,0.9059168696403503,471,420,536,680,503,550
frame_146,Rack_3,48,14,pepsi_big,0.7810425758361816,409,419,470,673,439,546
frame_146,Rack_3,54,14,pepsi_big,0.7372102737426758,343,418,407,673,375,545
frame_146,Rack_3,45,10,fanta_grape_big,0.7665427327156067,266,419,340,672,303,545
frame_146,Rack_3,60,10,fanta_grape_big,0.8941910862922668,218,419,268,659,243,539
frame_146,Rack_3,61,10,fanta_grape_big,0.7062404751777649,163,419,216,637,189,528
frame_146,Rack_3,25,12,fanta_straw_big,0.8878251314163208,89,419,164,639,126,529
frame_146,Rack_3,66,12,fanta_straw_big,0.8375606536865234,27,419,89,634,58,526
frame_147,Rack_3,12,9,empty,0.9171051979064941,1042,422,1280,695,1161,558
frame_147,Rack_3,27,7,coke_z_big,0.9371197819709778,974,423,1048,657,1011,540
frame_147,Rack_3,6,7,coke_z_big,0.9453783631324768,898,423,973,660,935,541
frame_147,Rack_3,24,5,coke_v_big,0.925677478313446,824,424,896,687,860,555
frame_147,Rack_3,31,5,coke_v_big,0.9090384840965271,749,426,821,691,785,558
frame_147,Rack_3,21,5,coke_v_big,0.9669589996337891,679,425,746,653,712,539
frame_147,Rack_3,30,5,coke_v_big,0.907198429107666,610,424,677,654,643,539
frame_147,Rack_3,16,5,coke_v_big,0.8887245655059814,539,425,609,680,574,552
frame_147,Rack_3,43,14,pepsi_big,0.9005308747291565,472,421,537,680,504,550
frame_147,Rack_3,48,14,pepsi_big,0.7925397157669067,409,419,471,675,440,547
frame_147,Rack_3,54,14,pepsi_big,0.7222864627838135,345,419,408,671,376,545
frame_147,Rack_3,45,10,fanta_grape_big,0.7537692785263062,267,419,341,673,304,546
frame_147,Rack_3,60,10,fanta_grape_big,0.8742489814758301,219,419,268,660,243,539
frame_147,Rack_3,61,10,fanta_grape_big,0.6345055103302002,164,419,216,637,190,528
frame_147,Rack_3,25,12,fanta_straw_big,0.9081952571868896,90,420,165,640,127,530
frame_147,Rack_3,66,12,fanta_straw_big,0.8138806819915771,28,419,90,634,59,526
frame_148,Rack_3,12,9,empty,0.9185041785240173,1044,423,1280,695,1162,559
frame_148,Rack_3,27,7,coke_z_big,0.9388411641120911,976,424,1050,655,1013,539
frame_148,Rack_3,6,7,coke_z_big,0.9489554762840271,899,423,974,660,936,541
frame_148,Rack_3,24,5,coke_v_big,0.9230755567550659,825,425,898,688,861,556
frame_148,Rack_3,31,5,coke_v_big,0.9118929505348206,751,426,823,691,787,558
frame_148,Rack_3,21,5,coke_v_big,0.9686877131462097,680,426,747,653,713,539
frame_148,Rack_3,30,5,coke_v_big,0.9177789688110352,611,425,678,653,644,539
frame_148,Rack_3,16,5,coke_v_big,0.9004640579223633,540,426,610,681,575,553
frame_148,Rack_3,43,14,pepsi_big,0.9031704068183899,473,421,538,680,505,550
frame_148,Rack_3,48,14,pepsi_big,0.8266054391860962,410,419,472,676,441,547
frame_148,Rack_3,54,14,pepsi_big,0.7904733419418335,346,420,409,673,377,546
frame_148,Rack_3,45,10,fanta_grape_big,0.746191143989563,268,420,342,673,305,546
frame_148,Rack_3,60,10,fanta_grape_big,0.8790885806083679,219,420,269,660,244,540
frame_148,Rack_3,61,10,fanta_grape_big,0.6396265625953674,164,419,217,638,190,528
frame_148,Rack_3,25,12,fanta_straw_big,0.9078025221824646,91,420,166,640,128,530
frame_148,Rack_3,66,12,fanta_straw_big,0.8759432435035706,29,419,91,635,60,527
frame_149,Rack_3,12,9,empty,0.919885516166687,1045,423,1280,696,1162,559
frame_149,Rack_3,27,7,coke_z_big,0.9470008015632629,977,424,1051,657,1014,540
frame_149,Rack_3,6,7,coke_z_big,0.9514971375465393,900,423,975,661,937,542
frame_149,Rack_3,24,5,coke_v_big,0.9351261258125305,827,425,899,688,863,556
frame_149,Rack_3,31,5,coke_v_big,0.9208438992500305,751,425,824,692,787,558
frame_149,Rack_3,21,5,coke_v_big,0.9556584358215332,681,426,748,653,714,539
frame_149,Rack_3,30,5,coke_v_big,0.9056572914123535,613,425,679,653,646,539
frame_149,Rack_3,16,5,coke_v_big,0.8945069313049316,541,426,611,682,576,554
frame_149,Rack_3,43,14,pepsi_big,0.9040582180023193,474,421,539,681,506,551
frame_149,Rack_3,48,14,pepsi_big,0.8165979981422424,412,420,473,676,442,548
frame_149,Rack_3,54,14,pepsi_big,0.7964296340942383,347,420,410,674,378,547
frame_149,Rack_3,45,10,fanta_grape_big,0.7201374769210815,269,420,343,674,306,547
frame_149,Rack_3,60,10,fanta_grape_big,0.890435516834259,220,420,270,662,245,541
frame_149,Rack_3,61,10,fanta_grape_big,0.6526148915290833,166,419,218,636,192,527
frame_149,Rack_3,25,12,fanta_straw_big,0.9135321974754333,91,420,166,641,128,530
frame_149,Rack_3,66,12,fanta_straw_big,0.8990850448608398,30,420,92,635,61,527
frame_150,Rack_3,12,9,empty,0.9198954701423645,1046,423,1280,695,1163,559
frame_150,Rack_3,27,7,coke_z_big,0.9470307230949402,978,424,1052,658,1015,541
frame_150,Rack_3,6,7,coke_z_big,0.9517597556114197,901,423,977,661,939,542
frame_150,Rack_3,24,5,coke_v_big,0.9439846277236938,828,425,901,688,864,556
frame_150,Rack_3,31,5,coke_v_big,0.9353498816490173,753,425,826,692,789,558
frame_150,Rack_3,21,5,coke_v_big,0.9576318860054016,683,426,750,653,716,539
frame_150,Rack_3,30,5,coke_v_big,0.9024547934532166,614,426,681,653,647,539
frame_150,Rack_3,16,5,coke_v_big,0.908539891242981,542,426,612,683,577,554
frame_150,Rack_3,43,14,pepsi_big,0.9007274508476257,476,422,540,681,508,551
frame_150,Rack_3,48,14,pepsi_big,0.8085077404975891,413,420,475,677,444,548
frame_150,Rack_3,54,14,pepsi_big,0.7345042824745178,348,420,412,675,380,547
frame_150,Rack_3,45,10,fanta_grape_big,0.7624068260192871,271,420,345,672,308,546
frame_150,Rack_3,60,10,fanta_grape_big,0.9123157262802124,221,420,271,661,246,540
frame_150,Rack_3,61,10,fanta_grape_big,0.7925388813018799,167,419,220,635,193,527
frame_150,Rack_3,25,12,fanta_straw_big,0.9055917859077454,93,420,167,641,130,530
frame_150,Rack_3,66,12,fanta_straw_big,0.915248453617096,33,420,95,636,64,528
frame_151,Rack_3,12,9,empty,0.9268600344657898,1047,422,1280,695,1163,558
frame_151,Rack_3,27,7,coke_z_big,0.9578443169593811,979,423,1054,658,1016,540
frame_151,Rack_3,6,7,coke_z_big,0.9522647857666016,903,423,979,662,941,542
frame_151,Rack_3,24,5,coke_v_big,0.9538794755935669,829,424,902,688,865,556
frame_151,Rack_3,31,5,coke_v_big,0.9333955645561218,754,424,827,693,790,558
frame_151,Rack_3,21,5,coke_v_big,0.9330304265022278,684,426,751,654,717,540
frame_151,Rack_3,30,5,coke_v_big,0.8882173299789429,615,426,682,653,648,539
frame_151,Rack_3,16,5,coke_v_big,0.8902963399887085,543,425,614,683,578,554
frame_151,Rack_3,43,14,pepsi_big,0.912062406539917,477,422,541,680,509,551
frame_151,Rack_3,48,14,pepsi_big,0.8144181370735168,414,419,477,677,445,548
frame_151,Rack_3,54,14,pepsi_big,0.7103542685508728,350,420,413,672,381,546
frame_151,Rack_3,45,10,fanta_grape_big,0.7096770405769348,272,420,347,674,309,547
frame_151,Rack_3,60,10,fanta_grape_big,0.8660892844200134,223,420,272,661,247,540
frame_151,Rack_3,61,10,fanta_grape_big,0.6604393720626831,167,419,221,637,194,528
frame_151,Rack_3,25,12,fanta_straw_big,0.916480541229248,93,420,168,642,130,531
frame_151,Rack_3,66,12,fanta_straw_big,0.9161089658737183,34,420,96,637,65,528
frame_152,Rack_3,12,9,empty,0.9334713816642761,1050,422,1280,695,1165,558
frame_152,Rack_3,27,7,coke_z_big,0.9533557891845703,982,423,1056,658,1019,540
frame_152,Rack_3,6,7,coke_z_big,0.9581751823425293,905,422,981,662,943,542
frame_152,Rack_3,24,5,coke_v_big,0.9600619077682495,831,424,904,689,867,556
frame_152,Rack_3,31,5,coke_v_big,0.9329113960266113,755,424,829,694,792,559
frame_152,Rack_3,21,5,coke_v_big,0.901165783405304,685,426,753,655,719,540
frame_152,Rack_3,30,5,coke_v_big,0.8898400068283081,616,427,683,653,649,540
frame_152,Rack_3,16,5,coke_v_big,0.8561612367630005,545,426,614,682,579,554
frame_152,Rack_3,43,14,pepsi_big,0.9072492718696594,479,423,543,681,511,552
frame_152,Rack_3,48,14,pepsi_big,0.7865087985992432,416,419,478,677,447,548
frame_152,Rack_3,54,14,pepsi_big,0.645392119884491,351,420,414,672,382,546
frame_152,Rack_3,45,10,fanta_grape_big,0.8118770718574524,273,420,348,675,310,547
frame_152,Rack_3,60,10,fanta_grape_big,0.8552030324935913,223,420,273,661,248,540
frame_152,Rack_3,61,10,fanta_grape_big,0.6516077518463135,168,419,222,638,195,528
frame_152,Rack_3,25,12,fanta_straw_big,0.9084275364875793,95,420,170,642,132,531
frame_152,Rack_3,66,12,fanta_straw_big,0.8950597047805786,36,420,98,638,67,529
frame_153,Rack_3,12,9,empty,0.9413959383964539,1052,422,1280,694,1166,558
frame_153,Rack_3,27,7,coke_z_big,0.9591979384422302,984,423,1059,657,1021,540
frame_153,Rack_3,6,7,coke_z_big,0.9627623558044434,907,424,982,662,944,543
frame_153,Rack_3,24,5,coke_v_big,0.9651317000389099,832,425,905,690,868,557
frame_153,Rack_3,31,5,coke_v_big,0.9181533455848694,757,424,831,694,794,559
frame_153,Rack_3,21,5,coke_v_big,0.9162260890007019,686,425,755,656,720,540
frame_153,Rack_3,30,5,coke_v_big,0.9026763439178467,618,427,684,653,651,540
frame_153,Rack_3,16,5,coke_v_big,0.8441216349601746,546,426,616,683,581,554
frame_153,Rack_3,43,14,pepsi_big,0.8947028517723083,481,423,545,681,513,552
frame_153,Rack_3,48,14,pepsi_big,0.7962760925292969,417,419,480,677,448,548
frame_153,Rack_3,54,14,pepsi_big,0.6940113306045532,353,420,416,672,384,546
frame_153,Rack_3,45,10,fanta_grape_big,0.8575600981712341,274,420,349,676,311,548
frame_153,Rack_3,60,10,fanta_grape_big,0.8104338049888611,225,420,274,660,249,540
frame_153,Rack_3,61,10,fanta_grape_big,0.6162973642349243,170,420,223,638,196,529
frame_153,Rack_3,25,12,fanta_straw_big,0.9163359999656677,98,420,172,643,135,531
frame_153,Rack_3,66,12,fanta_straw_big,0.8629075288772583,37,421,99,639,68,530
frame_154,Rack_3,12,9,empty,0.9456673860549927,1053,422,1280,695,1166,558
frame_154,Rack_3,27,7,coke_z_big,0.9681951999664307,986,423,1061,658,1023,540
frame_154,Rack_3,6,7,coke_z_big,0.9557593464851379,908,424,984,663,946,543
frame_154,Rack_3,24,5,coke_v_big,0.9631980061531067,833,426,906,691,869,558
frame_154,Rack_3,31,5,coke_v_big,0.9121716618537903,759,425,832,694,795,559
frame_154,Rack_3,21,5,coke_v_big,0.9154905676841736,688,425,756,656,722,540
frame_154,Rack_3,30,5,coke_v_big,0.9349102973937988,619,427,686,654,652,540
frame_154,Rack_3,16,5,coke_v_big,0.8651019334793091,547,426,617,682,582,554
frame_154,Rack_3,43,14,pepsi_big,0.9224430918693542,482,423,546,682,514,552
frame_154,Rack_3,48,14,pepsi_big,0.8161110281944275,419,420,481,677,450,548
frame_154,Rack_3,54,14,pepsi_big,0.6995353102684021,354,420,417,673,385,546
frame_154,Rack_3,45,10,fanta_grape_big,0.873246967792511,276,420,351,677,313,548
frame_154,Rack_3,60,10,fanta_grape_big,0.8537493348121643,226,420,276,660,251,540
frame_154,Rack_3,61,10,fanta_grape_big,0.6818695664405823,171,419,225,636,198,527
frame_154,Rack_3,25,12,fanta_straw_big,0.9329466223716736,99,420,174,643,136,531
frame_154,Rack_3,66,12,fanta_straw_big,0.9016876220703125,38,421,100,640,69,530
frame_155,Rack_3,12,9,empty,0.9518125653266907,1054,422,1280,694,1167,558
frame_155,Rack_3,27,7,coke_z_big,0.9673248529434204,988,423,1063,659,1025,541
frame_155,Rack_3,6,7,coke_z_big,0.9537477493286133,910,424,986,663,948,543
frame_155,Rack_3,24,5,coke_v_big,0.9583449363708496,835,426,908,691,871,558
frame_155,Rack_3,31,5,coke_v_big,0.9204010367393494,760,425,834,695,797,560
frame_155,Rack_3,21,5,coke_v_big,0.9237846732139587,690,425,758,655,724,540
frame_155,Rack_3,30,5,coke_v_big,0.9280930757522583,621,428,688,655,654,541
frame_155,Rack_3,16,5,coke_v_big,0.8868291974067688,549,426,619,683,584,554
frame_155,Rack_3,43,14,pepsi_big,0.9416667819023132,483,423,547,682,515,552
frame_155,Rack_3,48,14,pepsi_big,0.8293376564979553,420,420,482,678,451,549
frame_155,Rack_3,54,14,pepsi_big,0.7127301692962646,355,421,419,676,387,548
frame_155,Rack_3,45,10,fanta_grape_big,0.9027325510978699,278,420,353,677,315,548
frame_155,Rack_3,60,10,fanta_grape_big,0.8558412790298462,229,420,278,658,253,539
frame_155,Rack_3,61,10,fanta_grape_big,0.6979405879974365,173,419,226,636,199,527
frame_155,Rack_3,25,12,fanta_straw_big,0.9258171319961548,100,420,175,643,137,531
frame_155,Rack_3,66,12,fanta_straw_big,0.8777183294296265,40,421,102,640,71,530
frame_156,Rack_3,12,9,empty,0.948114275932312,1057,423,1280,695,1168,559
frame_156,Rack_3,27,7,coke_z_big,0.9709190130233765,990,423,1065,660,1027,541
frame_156,Rack_3,6,7,coke_z_big,0.9604953527450562,912,423,988,663,950,543
frame_156,Rack_3,24,5,coke_v_big,0.9465299248695374,837,426,910,691,873,558
frame_156,Rack_3,31,5,coke_v_big,0.9259276390075684,762,425,836,694,799,559
frame_156,Rack_3,21,5,coke_v_big,0.9183645248413086,692,425,760,654,726,539
frame_156,Rack_3,30,5,coke_v_big,0.9358727931976318,622,427,689,655,655,541
frame_156,Rack_3,16,5,coke_v_big,0.8676232695579529,551,425,621,682,586,553
frame_156,Rack_3,43,14,pepsi_big,0.97133868932724,485,423,549,682,517,552
frame_156,Rack_3,48,14,pepsi_big,0.872287929058075,422,420,484,678,453,549
frame_156,Rack_3,54,14,pepsi_big,0.6732128858566284,356,420,421,677,388,548
frame_156,Rack_3,45,10,fanta_grape_big,0.9157640337944031,280,420,356,678,318,549
frame_156,Rack_3,60,10,fanta_grape_big,0.8453805446624756,231,420,281,659,256,539
frame_156,Rack_3,61,10,fanta_grape_big,0.6789947748184204,174,420,227,637,200,528
frame_156,Rack_3,25,12,fanta_straw_big,0.9398504495620728,102,421,176,643,139,532
frame_156,Rack_3,66,12,fanta_straw_big,0.8781889081001282,42,421,104,641,73,531
frame_157,Rack_3,12,9,empty,0.9554151296615601,1058,424,1280,695,1169,559
frame_157,Rack_3,27,7,coke_z_big,0.9752262830734253,992,423,1067,660,1029,541
frame_157,Rack_3,6,7,coke_z_big,0.9528889060020447,914,422,991,664,952,543
frame_157,Rack_3,24,5,coke_v_big,0.9089815616607666,839,426,913,692,876,559
frame_157,Rack_3,31,5,coke_v_big,0.9380055665969849,764,425,838,694,801,559
frame_157,Rack_3,21,5,coke_v_big,0.8915708065032959,694,424,762,654,728,539
frame_157,Rack_3,30,5,coke_v_big,0.9508998990058899,624,426,691,655,657,540
frame_157,Rack_3,16,5,coke_v_big,0.9196189641952515,553,427,623,683,588,555
frame_157,Rack_3,43,14,pepsi_big,0.9731892347335815,486,422,551,682,518,552
frame_157,Rack_3,48,14,pepsi_big,0.8678267598152161,423,420,485,678,454,549
frame_157,Rack_3,54,14,pepsi_big,0.721325695514679,359,420,423,676,391,548
frame_157,Rack_3,45,10,fanta_grape_big,0.912634015083313,282,420,357,678,319,549
frame_157,Rack_3,60,10,fanta_grape_big,0.8041996359825134,232,420,282,658,257,539
frame_157,Rack_3,61,10,fanta_grape_big,0.5643990635871887,175,420,228,637,201,528
frame_157,Rack_3,25,12,fanta_straw_big,0.9467711448669434,104,421,178,644,141,532
frame_157,Rack_3,66,12,fanta_straw_big,0.8986027836799622,43,422,106,642,74,532
frame_158,Rack_3,12,9,empty,0.9639361500740051,1060,422,1280,695,1170,558
frame_158,Rack_3,27,7,coke_z_big,0.9753465056419373,993,423,1069,660,1031,541
frame_158,Rack_3,6,7,coke_z_big,0.9607119560241699,916,422,993,664,954,543
frame_158,Rack_3,24,5,coke_v_big,0.764585018157959,842,425,915,691,878,558
frame_158,Rack_3,31,5,coke_v_big,0.9397427439689636,766,425,840,693,803,559
frame_158,Rack_3,21,5,coke_v_big,0.8795116543769836,695,424,764,656,729,540
frame_158,Rack_3,30,5,coke_v_big,0.9470475316047668,626,426,694,654,660,540
frame_158,Rack_3,16,5,coke_v_big,0.9212004542350769,555,427,624,684,589,555
frame_158,Rack_3,43,14,pepsi_big,0.9718989133834839,488,422,553,682,520,552
frame_158,Rack_3,48,14,pepsi_big,0.9082308411598206,425,420,487,678,456,549
frame_158,Rack_3,54,14,pepsi_big,0.7710450887680054,361,421,425,677,393,549
frame_158,Rack_3,45,10,fanta_grape_big,0.9037395119667053,284,420,359,678,321,549
frame_158,Rack_3,60,10,fanta_grape_big,0.8060372471809387,233,420,284,662,258,541
frame_158,Rack_3,61,10,fanta_grape_big,0.5963477492332458,178,420,231,637,204,528
frame_158,Rack_3,25,12,fanta_straw_big,0.9462149143218994,106,422,180,644,143,533
frame_158,Rack_3,66,12,fanta_straw_big,0.9347776770591736,45,422,107,642,76,532
frame_159,Rack_3,12,9,empty,0.962531328201294,1062,423,1280,695,1171,559
frame_159,Rack_3,27,7,coke_z_big,0.9541650414466858,996,424,1071,660,1033,542
frame_159,Rack_3,6,7,coke_z_big,0.9609476923942566,919,422,995,664,957,543
frame_159,Rack_3,24,5,coke_v_big,0.7340621948242188,844,425,917,691,880,558
frame_159,Rack_3,31,5,coke_v_big,0.9537748098373413,768,425,841,693,804,559
frame_159,Rack_3,21,5,coke_v_big,0.8547606468200684,697,425,766,656,731,540
frame_159,Rack_3,30,5,coke_v_big,0.9185904860496521,628,426,695,653,661,539
frame_159,Rack_3,16,5,coke_v_big,0.8474831581115723,556,428,626,685,591,556
frame_159,Rack_3,43,14,pepsi_big,0.9729962348937988,490,422,554,682,522,552
frame_159,Rack_3,48,14,pepsi_big,0.9230185151100159,426,421,488,678,457,549
frame_159,Rack_3,54,14,pepsi_big,0.8366280198097229,362,422,425,677,393,549
frame_159,Rack_3,45,10,fanta_grape_big,0.9186808466911316,286,421,360,678,323,549
frame_159,Rack_3,60,10,fanta_grape_big,0.8525622487068176,234,420,286,666,260,543
frame_159,Rack_3,61,10,fanta_grape_big,0.5575515031814575,180,422,233,638,206,530
frame_159,Rack_3,25,12,fanta_straw_big,0.9388267993927002,107,422,182,644,144,533
frame_159,Rack_3,66,12,fanta_straw_big,0.9527129530906677,47,423,109,641,78,532
frame_160,Rack_3,12,9,empty,0.9575548768043518,1065,424,1280,696,1172,560
frame_160,Rack_3,27,7,coke_z_big,0.8958216905593872,998,424,1074,660,1036,542
frame_160,Rack_3,6,7,coke_z_big,0.9602422118186951,921,423,997,665,959,544
frame_160,Rack_3,24,5,coke_v_big,0.7062972784042358,846,426,919,691,882,558
frame_160,Rack_3,31,5,coke_v_big,0.9498026967048645,770,426,844,693,807,559
frame_160,Rack_3,21,5,coke_v_big,0.8612990379333496,700,427,768,657,734,542
frame_160,Rack_3,30,5,coke_v_big,0.9102932214736938,630,427,697,653,663,540
frame_160,Rack_3,16,5,coke_v_big,0.8918581604957581,559,428,629,685,594,556
frame_160,Rack_3,43,14,pepsi_big,0.9822943210601807,491,424,556,683,523,553
frame_160,Rack_3,48,14,pepsi_big,0.944471538066864,428,422,490,679,459,550
frame_160,Rack_3,54,14,pepsi_big,0.8951420783996582,363,423,427,678,395,550
frame_160,Rack_3,45,10,fanta_grape_big,0.899617075920105,288,422,362,678,325,550
frame_160,Rack_3,60,10,fanta_grape_big,0.8509409427642822,236,421,288,667,262,544
frame_160,Rack_3,61,10,fanta_grape_big,0.5120041966438293,181,423,234,638,207,530
frame_160,Rack_3,25,12,fanta_straw_big,0.9097176194190979,109,423,184,645,146,534
frame_160,Rack_3,66,12,fanta_straw_big,0.9322109222412109,50,423,111,642,80,532
frame_160,Rack_3,88,11,fanta_lychee_big,0.7304127216339111,7,424,53,643,30,533
frame_161,Rack_3,12,9,empty,0.9592276811599731,1066,425,1280,696,1173,560
frame_161,Rack_3,27,7,coke_z_big,0.7764973640441895,1000,424,1076,660,1038,542
frame_161,Rack_3,6,7,coke_z_big,0.9631204605102539,923,424,998,663,960,543
frame_161,Rack_3,24,5,coke_v_big,0.7786632776260376,848,425,921,692,884,558
frame_161,Rack_3,31,5,coke_v_big,0.9408290982246399,772,426,846,694,809,560
frame_161,Rack_3,21,5,coke_v_big,0.9069204926490784,702,427,770,657,736,542
frame_161,Rack_3,30,5,coke_v_big,0.9072726964950562,632,427,699,653,665,540
frame_161,Rack_3,16,5,coke_v_big,0.9212121963500977,560,428,631,686,595,557
frame_161,Rack_3,43,14,pepsi_big,0.9872346520423889,493,425,557,685,525,555
frame_161,Rack_3,48,14,pepsi_big,0.9482092261314392,430,423,492,680,461,551
frame_161,Rack_3,54,14,pepsi_big,0.9295670390129089,365,423,429,679,397,551
frame_161,Rack_3,45,10,fanta_grape_big,0.8795409798622131,289,423,363,678,326,550
frame_161,Rack_3,60,10,fanta_grape_big,0.7951576113700867,237,421,289,668,263,544
frame_161,Rack_3,25,12,fanta_straw_big,0.8878629207611084,112,423,186,644,149,533
frame_161,Rack_3,66,12,fanta_straw_big,0.8900743722915649,52,423,114,642,83,532
frame_161,Rack_3,88,11,fanta_lychee_big,0.8124043941497803,9,424,54,641,31,532
frame_162,Rack_3,12,9,empty,0.9594882130622864,1068,426,1280,697,1174,561
frame_162,Rack_3,27,7,coke_z_big,0.7534069418907166,1002,424,1078,662,1040,543
frame_162,Rack_3,6,7,coke_z_big,0.9715184569358826,925,424,1001,665,963,544
frame_162,Rack_3,24,5,coke_v_big,0.8177586793899536,850,427,923,692,886,559
frame_162,Rack_3,31,5,coke_v_big,0.9433689117431641,774,426,847,694,810,560
frame_162,Rack_3,21,5,coke_v_big,0.9351269006729126,703,427,772,658,737,542
frame_162,Rack_3,30,5,coke_v_big,0.9103788733482361,634,427,701,653,667,540
frame_162,Rack_3,16,5,coke_v_big,0.9482635855674744,561,428,632,687,596,557
frame_162,Rack_3,43,14,pepsi_big,0.983412504196167,494,425,559,686,526,555
frame_162,Rack_3,48,14,pepsi_big,0.9607412219047546,432,424,494,681,463,552
frame_162,Rack_3,54,14,pepsi_big,0.9390546679496765,366,423,431,679,398,551
frame_162,Rack_3,45,10,fanta_grape_big,0.8573848605155945,291,423,364,677,327,550
frame_162,Rack_3,60,10,fanta_grape_big,0.7917866110801697,239,422,291,669,265,545
frame_162,Rack_3,25,12,fanta_straw_big,0.9065187573432922,114,424,189,645,151,534
frame_162,Rack_3,66,12,fanta_straw_big,0.8900078535079956,54,424,116,643,85,533
frame_162,Rack_3,88,11,fanta_lychee_big,0.783210277557373,10,425,55,643,32,534
frame_163,Rack_3,12,9,empty,0.9656262993812561,1071,426,1280,697,1175,561
frame_163,Rack_3,27,7,coke_z_big,0.828307032585144,1004,425,1081,663,1042,544
frame_163,Rack_3,6,7,coke_z_big,0.9681922197341919,927,425,1004,668,965,546
frame_163,Rack_3,24,5,coke_v_big,0.7588599324226379,852,427,926,693,889,560
frame_163,Rack_3,31,5,coke_v_big,0.9447149634361267,776,427,850,695,813,561
frame_163,Rack_3,21,5,coke_v_big,0.9460138082504272,705,427,774,659,739,543
frame_163,Rack_3,30,5,coke_v_big,0.8928149342536926,636,428,704,655,670,541
frame_163,Rack_3,16,5,coke_v_big,0.9367349743843079,563,428,634,688,598,558
frame_163,Rack_3,43,14,pepsi_big,0.9633321762084961,496,425,561,687,528,556
frame_163,Rack_3,48,14,pepsi_big,0.95584636926651,434,423,496,681,465,552
frame_163,Rack_3,54,14,pepsi_big,0.9206472039222717,368,423,432,679,400,551
frame_163,Rack_3,45,10,fanta_grape_big,0.8562389612197876,293,424,366,679,329,551
frame_163,Rack_3,60,10,fanta_grape_big,0.8023613095283508,241,422,293,669,267,545
frame_163,Rack_3,61,10,fanta_grape_big,0.5167471766471863,188,423,242,644,215,533
frame_163,Rack_3,25,12,fanta_straw_big,0.910819947719574,116,424,191,646,153,535
frame_163,Rack_3,66,12,fanta_straw_big,0.887628436088562,57,425,119,643,88,534
frame_164,Rack_3,12,9,empty,0.967239260673523,1073,427,1280,697,1176,562
frame_164,Rack_3,27,7,coke_z_big,0.8863753080368042,1006,426,1083,663,1044,544
frame_164,Rack_3,6,7,coke_z_big,0.9616523385047913,929,426,1006,668,967,547
frame_164,Rack_3,24,5,coke_v_big,0.8098089694976807,854,426,927,693,890,559
frame_164,Rack_3,31,5,coke_v_big,0.9391891956329346,778,428,852,696,815,562
frame_164,Rack_3,21,5,coke_v_big,0.949944257736206,707,427,776,659,741,543
frame_164,Rack_3,30,5,coke_v_big,0.8937327861785889,637,428,706,657,671,542
frame_164,Rack_3,16,5,coke_v_big,0.9175834059715271,565,428,636,689,600,558
frame_164,Rack_3,43,14,pepsi_big,0.9419324398040771,498,425,563,688,530,556
frame_164,Rack_3,48,14,pepsi_big,0.9268905520439148,435,423,497,681,466,552
frame_164,Rack_3,54,14,pepsi_big,0.8862009644508362,369,424,434,680,401,552
frame_164,Rack_3,45,10,fanta_grape_big,0.8706240653991699,294,425,368,679,331,552
frame_164,Rack_3,60,10,fanta_grape_big,0.7967316508293152,243,423,295,669,269,546
frame_164,Rack_3,61,10,fanta_grape_big,0.5599514245986938,190,424,244,645,217,534
frame_164,Rack_3,25,12,fanta_straw_big,0.908625602722168,118,424,193,646,155,535
frame_164,Rack_3,66,12,fanta_straw_big,0.8646146655082703,59,425,121,644,90,534
frame_165,Rack_3,12,9,empty,0.9714362025260925,1076,428,1280,697,1178,562
frame_165,Rack_3,27,7,coke_z_big,0.8982768654823303,1009,426,1085,664,1047,545
frame_165,Rack_3,6,7,coke_z_big,0.948291003704071,932,426,1008,668,970,547
frame_165,Rack_3,24,5,coke_v_big,0.8316185474395752,856,427,929,693,892,560
frame_165,Rack_3,31,5,coke_v_big,0.9205154776573181,780,428,854,697,817,562
frame_165,Rack_3,21,5,coke_v_big,0.9477105736732483,709,428,777,660,743,544
frame_165,Rack_3,30,5,coke_v_big,0.8927780985832214,639,428,708,657,673,542
frame_165,Rack_3,16,5,coke_v_big,0.9027531743049622,567,429,638,689,602,559
frame_165,Rack_3,43,14,pepsi_big,0.9217587113380432,500,425,565,688,532,556
frame_165,Rack_3,48,14,pepsi_big,0.8599311709403992,437,424,499,682,468,553
frame_165,Rack_3,54,14,pepsi_big,0.8317528963088989,371,424,436,681,403,552
frame_165,Rack_3,45,10,fanta_grape_big,0.8704002499580383,296,425,369,680,332,552
frame_165,Rack_3,60,10,fanta_grape_big,0.7729670405387878,245,424,297,668,271,546
frame_165,Rack_3,61,10,fanta_grape_big,0.5577439069747925,191,425,245,645,218,535
frame_165,Rack_3,25,12,fanta_straw_big,0.918109655380249,120,425,195,647,157,536
frame_165,Rack_3,66,12,fanta_straw_big,0.880493700504303,61,425,122,643,91,534
frame_166,Rack_3,12,9,empty,0.9712123870849609,1079,428,1280,698,1179,563
frame_166,Rack_3,27,7,coke_z_big,0.9212023615837097,1011,426,1087,663,1049,544
frame_166,Rack_3,6,7,coke_z_big,0.9529401063919067,934,427,1011,668,972,547
frame_166,Rack_3,24,5,coke_v_big,0.8490353226661682,858,427,932,693,895,560
frame_166,Rack_3,31,5,coke_v_big,0.9212508201599121,782,428,856,697,819,562
frame_166,Rack_3,21,5,coke_v_big,0.9468943476676941,711,428,779,660,745,544
frame_166,Rack_3,30,5,coke_v_big,0.9000881314277649,641,428,709,657,675,542
frame_166,Rack_3,16,5,coke_v_big,0.9014719724655151,569,429,640,690,604,559
frame_166,Rack_3,43,14,pepsi_big,0.8816654682159424,502,425,567,689,534,557
frame_166,Rack_3,48,14,pepsi_big,0.8561370372772217,439,424,502,683,470,553
frame_166,Rack_3,54,14,pepsi_big,0.8416572213172913,373,424,437,681,405,552
frame_166,Rack_3,45,10,fanta_grape_big,0.8814707398414612,297,425,371,680,334,552
frame_166,Rack_3,60,10,fanta_grape_big,0.7410929203033447,247,425,299,668,273,546
frame_166,Rack_3,25,12,fanta_straw_big,0.9158427119255066,122,424,196,647,159,535
frame_166,Rack_3,66,12,fanta_straw_big,0.8704515099525452,63,425,124,643,93,534
frame_167,Rack_3,12,9,empty,0.9703937768936157,1082,429,1280,698,1181,563
frame_167,Rack_3,27,7,coke_z_big,0.9348105192184448,1013,426,1089,663,1051,544
frame_167,Rack_3,6,7,coke_z_big,0.9528786540031433,936,427,1012,668,974,547
frame_167,Rack_3,24,5,coke_v_big,0.8707535266876221,860,428,933,694,896,561
frame_167,Rack_3,31,5,coke_v_big,0.9282777905464172,783,428,858,698,820,563
frame_167,Rack_3,21,5,coke_v_big,0.9282802939414978,712,429,780,661,746,545
frame_167,Rack_3,30,5,coke_v_big,0.8985800743103027,642,429,710,657,676,543
frame_167,Rack_3,16,5,coke_v_big,0.8824082016944885,570,429,642,690,606,559
frame_167,Rack_3,43,14,pepsi_big,0.8762046694755554,504,426,569,689,536,557
frame_167,Rack_3,48,14,pepsi_big,0.8631771802902222,441,424,503,683,472,553
frame_167,Rack_3,54,14,pepsi_big,0.8519041538238525,374,424,439,682,406,553
frame_167,Rack_3,45,10,fanta_grape_big,0.8830069303512573,299,426,372,681,335,553
frame_167,Rack_3,60,10,fanta_grape_big,0.7594892382621765,248,426,300,667,274,546
frame_167,Rack_3,61,10,fanta_grape_big,0.5576488375663757,195,425,248,644,221,534
frame_167,Rack_3,25,12,fanta_straw_big,0.9212117791175842,123,425,198,648,160,536
frame_167,Rack_3,66,12,fanta_straw_big,0.8581783175468445,64,425,125,643,94,534
frame_167,Rack_3,88,11,fanta_lychee_big,0.6086625456809998,12,427,61,648,36,537
frame_168,Rack_3,12,9,empty,0.9707083106040955,1083,428,1280,698,1181,563
frame_168,Rack_3,27,7,coke_z_big,0.9379156827926636,1014,426,1091,664,1052,545
frame_168,Rack_3,6,7,coke_z_big,0.9642044901847839,937,428,1014,670,975,549
frame_168,Rack_3,24,5,coke_v_big,0.9002560377120972,862,428,935,694,898,561
frame_168,Rack_3,31,5,coke_v_big,0.9442862272262573,784,427,860,699,822,563
frame_168,Rack_3,21,5,coke_v_big,0.9179990887641907,713,429,782,661,747,545
frame_168,Rack_3,30,5,coke_v_big,0.9044783711433411,643,429,711,658,677,543
frame_168,Rack_3,16,5,coke_v_big,0.863450288772583,571,430,643,692,607,561
frame_168,Rack_3,43,14,pepsi_big,0.8445124626159668,505,426,571,690,538,558
frame_168,Rack_3,48,14,pepsi_big,0.8519846796989441,442,425,505,684,473,554
frame_168,Rack_3,54,14,pepsi_big,0.8530017137527466,376,425,441,682,408,553
frame_168,Rack_3,45,10,fanta_grape_big,0.8746975064277649,301,426,374,681,337,553
frame_168,Rack_3,60,10,fanta_grape_big,0.7862359881401062,250,426,302,669,276,547
frame_168,Rack_3,61,10,fanta_grape_big,0.5667694211006165,196,425,250,645,223,535
frame_168,Rack_3,25,12,fanta_straw_big,0.9248377680778503,124,425,199,649,161,537
frame_168,Rack_3,66,12,fanta_straw_big,0.8817678093910217,66,426,127,645,96,535
frame_168,Rack_3,88,11,fanta_lychee_big,0.7993563413619995,14,427,62,648,38,537
frame_169,Rack_3,12,9,empty,0.9721933007240295,1085,428,1280,698,1182,563
frame_169,Rack_3,27,7,coke_z_big,0.9171199202537537,1017,426,1093,664,1055,545
frame_169,Rack_3,6,7,coke_z_big,0.9601086974143982,939,428,1016,671,977,549
frame_169,Rack_3,24,5,coke_v_big,0.9163467884063721,863,428,937,695,900,561
frame_169,Rack_3,31,5,coke_v_big,0.9364625811576843,785,427,861,700,823,563
frame_169,Rack_3,21,5,coke_v_big,0.9237011671066284,715,429,783,662,749,545
frame_169,Rack_3,30,5,coke_v_big,0.8962910175323486,644,429,713,660,678,544
frame_169,Rack_3,16,5,coke_v_big,0.8698937296867371,573,430,644,692,608,561
frame_169,Rack_3,43,14,pepsi_big,0.8446594476699829,507,426,572,690,539,558
frame_169,Rack_3,48,14,pepsi_big,0.8579721450805664,444,425,507,684,475,554
frame_169,Rack_3,54,14,pepsi_big,0.86549973487854,378,425,442,682,410,553
frame_169,Rack_3,45,10,fanta_grape_big,0.8603973984718323,303,426,376,681,339,553
frame_169,Rack_3,60,10,fanta_grape_big,0.832344651222229,251,426,303,671,277,548
frame_169,Rack_3,61,10,fanta_grape_big,0.6423959136009216,197,426,251,646,224,536
frame_169,Rack_3,25,12,fanta_straw_big,0.9195736050605774,126,426,200,649,163,537
frame_169,Rack_3,66,12,fanta_straw_big,0.8814153671264648,67,427,128,645,97,536
frame_169,Rack_3,88,11,fanta_lychee_big,0.7927042245864868,15,428,63,648,39,538
frame_170,Rack_3,12,9,empty,0.972955584526062,1089,428,1280,698,1184,563
frame_170,Rack_3,27,7,coke_z_big,0.9543288946151733,1019,427,1096,665,1057,546
frame_170,Rack_3,6,7,coke_z_big,0.9648164510726929,941,429,1017,670,979,549
frame_170,Rack_3,24,5,coke_v_big,0.9143619537353516,864,428,938,695,901,561
frame_170,Rack_3,31,5,coke_v_big,0.925658106803894,787,427,863,700,825,563
frame_170,Rack_3,21,5,coke_v_big,0.8987787961959839,716,430,785,663,750,546
frame_170,Rack_3,30,5,coke_v_big,0.8985157012939453,646,429,715,661,680,545
frame_170,Rack_3,16,5,coke_v_big,0.8786719441413879,575,430,645,691,610,560
frame_170,Rack_3,43,14,pepsi_big,0.8495823740959167,509,426,574,690,541,558
frame_170,Rack_3,48,14,pepsi_big,0.8655468821525574,445,425,508,684,476,554
frame_170,Rack_3,54,14,pepsi_big,0.8654645085334778,380,426,444,683,412,554
frame_170,Rack_3,45,10,fanta_grape_big,0.8720877766609192,304,427,378,682,341,554
frame_170,Rack_3,60,10,fanta_grape_big,0.7768933176994324,253,427,305,671,279,549
frame_170,Rack_3,61,10,fanta_grape_big,0.6358447074890137,198,426,252,647,225,536
frame_170,Rack_3,25,12,fanta_straw_big,0.9310039281845093,127,426,201,649,164,537
frame_170,Rack_3,66,12,fanta_straw_big,0.9089006781578064,68,427,129,646,98,536
frame_170,Rack_3,88,11,fanta_lychee_big,0.7122737765312195,14,429,64,649,39,539
frame_171,Rack_3,12,9,empty,0.9684913158416748,1091,429,1280,697,1185,563
frame_171,Rack_3,27,7,coke_z_big,0.9701958298683167,1022,428,1098,665,1060,546
frame_171,Rack_3,6,7,coke_z_big,0.9699822068214417,942,430,1019,671,980,550
frame_171,Rack_3,24,5,coke_v_big,0.9241911768913269,866,430,940,696,903,563
frame_171,Rack_3,31,5,coke_v_big,0.9268908500671387,789,428,865,701,827,564
frame_171,Rack_3,21,5,coke_v_big,0.8731821775436401,718,431,787,665,752,548
frame_171,Rack_3,30,5,coke_v_big,0.905376136302948,648,430,717,664,682,547
frame_171,Rack_3,16,5,coke_v_big,0.8884214162826538,576,431,647,692,611,561
frame_171,Rack_3,43,14,pepsi_big,0.8246564269065857,510,427,575,691,542,559
frame_171,Rack_3,48,14,pepsi_big,0.8819670081138611,447,426,510,685,478,555
frame_171,Rack_3,54,14,pepsi_big,0.8555150032043457,381,427,445,683,413,555
frame_171,Rack_3,45,10,fanta_grape_big,0.8880429267883301,305,428,379,683,342,555
frame_171,Rack_3,60,10,fanta_grape_big,0.7691701650619507,254,428,305,670,279,549
frame_171,Rack_3,61,10,fanta_grape_big,0.6346310973167419,199,427,253,647,226,537
frame_171,Rack_3,25,12,fanta_straw_big,0.9264137744903564,128,426,201,649,164,537
frame_171,Rack_3,66,12,fanta_straw_big,0.9196476936340332,69,428,130,646,99,537
frame_171,Rack_3,88,11,fanta_lychee_big,0.7580902576446533,15,429,64,649,39,539
frame_172,Rack_3,12,9,empty,0.9820614457130432,1090,432,1279,696,1184,564
frame_172,Rack_3,27,7,coke_z_big,0.9718568921089172,1023,430,1100,666,1061,548
frame_172,Rack_3,6,7,coke_z_big,0.9725868105888367,944,432,1020,672,982,552
frame_172,Rack_3,24,5,coke_v_big,0.9374401569366455,867,431,941,697,904,564
frame_172,Rack_3,31,5,coke_v_big,0.933567464351654,791,429,866,701,828,565
frame_172,Rack_3,21,5,coke_v_big,0.8514807820320129,719,432,788,666,753,549
frame_172,Rack_3,30,5,coke_v_big,0.9038176536560059,649,431,719,668,684,549
frame_172,Rack_3,16,5,coke_v_big,0.8675225377082825,578,433,647,691,612,562
frame_172,Rack_3,43,14,pepsi_big,0.7911038994789124,512,431,576,690,544,560
frame_172,Rack_3,48,14,pepsi_big,0.879002034664154,448,429,511,685,479,557
frame_172,Rack_3,54,14,pepsi_big,0.830107569694519,383,429,446,684,414,556
frame_172,Rack_3,45,10,fanta_grape_big,0.8791927099227905,306,430,380,684,343,557
frame_172,Rack_3,60,10,fanta_grape_big,0.6852647662162781,255,429,306,670,280,549
frame_172,Rack_3,25,12,fanta_straw_big,0.9357131123542786,130,427,203,650,166,538
frame_172,Rack_3,66,12,fanta_straw_big,0.9478182792663574,70,429,131,648,100,538
frame_172,Rack_3,88,11,fanta_lychee_big,0.6678357124328613,15,431,65,652,40,541
frame_173,Rack_3,12,9,empty,0.9807394742965698,1093,433,1279,696,1186,564
frame_173,Rack_3,27,7,coke_z_big,0.9706677794456482,1025,431,1101,666,1063,548
frame_173,Rack_3,6,7,coke_z_big,0.9625002145767212,946,432,1022,673,984,552
frame_173,Rack_3,24,5,coke_v_big,0.9400776624679565,868,431,942,697,905,564
frame_173,Rack_3,31,5,coke_v_big,0.9292880296707153,792,430,867,702,829,566
frame_173,Rack_3,21,5,coke_v_big,0.8914821147918701,720,431,790,666,755,548
frame_173,Rack_3,30,5,coke_v_big,0.9066672921180725,650,432,719,666,684,549
frame_173,Rack_3,16,5,coke_v_big,0.8713837265968323,579,433,649,691,614,562
frame_173,Rack_3,43,14,pepsi_big,0.7915351390838623,514,432,577,691,545,561
frame_173,Rack_3,48,14,pepsi_big,0.8916268348693848,450,429,512,685,481,557
frame_173,Rack_3,54,14,pepsi_big,0.8370637893676758,384,430,447,683,415,556
frame_173,Rack_3,45,10,fanta_grape_big,0.8976166248321533,307,430,381,684,344,557
frame_173,Rack_3,60,10,fanta_grape_big,0.7600569128990173,256,430,307,670,281,550
frame_173,Rack_3,61,10,fanta_grape_big,0.5654032826423645,201,429,255,648,228,538
frame_173,Rack_3,25,12,fanta_straw_big,0.9360686540603638,131,428,204,651,167,539
frame_173,Rack_3,66,12,fanta_straw_big,0.8930198550224304,70,430,132,649,101,539
frame_173,Rack_3,88,11,fanta_lychee_big,0.8523449897766113,17,432,67,653,42,542
frame_174,Rack_3,12,9,empty,0.9782909154891968,1096,434,1279,696,1187,565
frame_174,Rack_3,27,7,coke_z_big,0.9559416770935059,1027,432,1103,666,1065,549
frame_174,Rack_3,6,7,coke_z_big,0.9618992805480957,948,432,1025,674,986,553
frame_174,Rack_3,24,5,coke_v_big,0.9143733382225037,870,431,944,697,907,564
frame_174,Rack_3,31,5,coke_v_big,0.948039174079895,794,430,869,702,831,566
frame_174,Rack_3,21,5,coke_v_big,0.9028686881065369,721,431,791,666,756,548
frame_174,Rack_3,30,5,coke_v_big,0.9094811081886292,651,432,721,670,686,551
frame_174,Rack_3,16,5,coke_v_big,0.8647570610046387,580,433,650,692,615,562
frame_174,Rack_3,43,14,pepsi_big,0.8216947913169861,515,433,578,691,546,562
frame_174,Rack_3,48,14,pepsi_big,0.9059153199195862,451,430,513,686,482,558
frame_174,Rack_3,54,14,pepsi_big,0.8470727205276489,385,431,448,684,416,557
frame_174,Rack_3,45,10,fanta_grape_big,0.8743960857391357,309,432,382,684,345,558
frame_174,Rack_3,60,10,fanta_grape_big,0.6992073059082031,258,431,309,670,283,550
frame_174,Rack_3,25,12,fanta_straw_big,0.937221348285675,132,429,205,651,168,540
frame_174,Rack_3,66,12,fanta_straw_big,0.8744152188301086,71,431,132,649,101,540
frame_174,Rack_3,88,11,fanta_lychee_big,0.8223706483840942,19,433,69,654,44,543
frame_175,Rack_3,12,9,empty,0.9688490629196167,1101,434,1280,697,1190,565
frame_175,Rack_3,27,7,coke_z_big,0.9453635811805725,1029,432,1105,665,1067,548
frame_175,Rack_3,6,7,coke_z_big,0.9551733136177063,950,431,1027,674,988,552
frame_175,Rack_3,24,5,coke_v_big,0.899952232837677,872,431,947,697,909,564
frame_175,Rack_3,31,5,coke_v_big,0.9496526718139648,796,431,871,702,833,566
frame_175,Rack_3,21,5,coke_v_big,0.8925978541374207,723,431,793,667,758,549
frame_175,Rack_3,30,5,coke_v_big,0.889586329460144,652,432,722,669,687,550
frame_175,Rack_3,16,5,coke_v_big,0.8572826981544495,581,432,652,693,616,562
frame_175,Rack_3,43,14,pepsi_big,0.8244539499282837,516,433,580,692,548,562
frame_175,Rack_3,48,14,pepsi_big,0.9168577194213867,452,431,515,686,483,558
frame_175,Rack_3,54,14,pepsi_big,0.8746402263641357,387,431,450,685,418,558
frame_175,Rack_3,45,10,fanta_grape_big,0.8719117641448975,311,431,384,684,347,557
frame_175,Rack_3,60,10,fanta_grape_big,0.7666754722595215,260,430,311,669,285,549
frame_175,Rack_3,25,12,fanta_straw_big,0.9455310702323914,133,428,207,651,170,539
frame_175,Rack_3,66,12,fanta_straw_big,0.8455753326416016,73,430,134,648,103,539
frame_175,Rack_3,88,11,fanta_lychee_big,0.7350603342056274,17,432,67,652,42,542
frame_176,Rack_3,12,9,empty,0.9686587452888489,1103,435,1280,697,1191,566
frame_176,Rack_3,27,7,coke_z_big,0.9108364582061768,1031,433,1106,665,1068,549
frame_176,Rack_3,6,7,coke_z_big,0.9608819484710693,951,432,1028,674,989,553
frame_176,Rack_3,24,5,coke_v_big,0.8948515057563782,875,431,949,697,912,564
frame_176,Rack_3,31,5,coke_v_big,0.948903501033783,798,431,873,701,835,566
frame_176,Rack_3,21,5,coke_v_big,0.8980132937431335,725,431,796,669,760,550
frame_176,Rack_3,30,5,coke_v_big,0.8696011900901794,654,433,724,669,689,551
frame_176,Rack_3,16,5,coke_v_big,0.9038333892822266,582,433,653,695,617,564
frame_176,Rack_3,43,14,pepsi_big,0.899251401424408,518,434,581,693,549,563
frame_176,Rack_3,48,14,pepsi_big,0.9239124059677124,454,432,517,687,485,559
frame_176,Rack_3,54,14,pepsi_big,0.8601000308990479,388,431,451,684,419,557
frame_176,Rack_3,45,10,fanta_grape_big,0.8741570711135864,313,431,386,684,349,557
frame_176,Rack_3,60,10,fanta_grape_big,0.6879386305809021,262,430,313,667,287,548
frame_176,Rack_3,25,12,fanta_straw_big,0.94936603307724,134,428,208,652,171,540
frame_176,Rack_3,66,12,fanta_straw_big,0.8842394351959229,74,430,135,649,104,539
frame_176,Rack_3,88,11,fanta_lychee_big,0.7027283310890198,16,432,67,652,41,542
frame_177,Rack_3,12,9,empty,0.9654945731163025,1104,434,1280,696,1192,565
frame_177,Rack_3,27,7,coke_z_big,0.9219197034835815,1033,433,1109,667,1071,550
frame_177,Rack_3,6,7,coke_z_big,0.9415860772132874,954,432,1031,674,992,553
frame_177,Rack_3,24,5,coke_v_big,0.9188151955604553,877,431,952,697,914,564
frame_177,Rack_3,31,5,coke_v_big,0.9473258256912231,800,431,875,701,837,566
frame_177,Rack_3,21,5,coke_v_big,0.8998944163322449,728,431,798,669,763,550
frame_177,Rack_3,30,5,coke_v_big,0.8813883066177368,656,432,726,669,691,550
frame_177,Rack_3,16,5,coke_v_big,0.9346999526023865,584,434,655,695,619,564
frame_177,Rack_3,43,14,pepsi_big,0.9294074773788452,519,434,583,693,551,563
frame_177,Rack_3,48,14,pepsi_big,0.868234395980835,455,430,518,687,486,558
frame_177,Rack_3,54,14,pepsi_big,0.8410466909408569,389,430,453,685,421,557
frame_177,Rack_3,45,10,fanta_grape_big,0.8898773789405823,315,431,388,685,351,558
frame_177,Rack_3,60,10,fanta_grape_big,0.6986152529716492,262,429,314,669,288,549
frame_177,Rack_3,25,12,fanta_straw_big,0.9529012441635132,135,428,209,652,172,540
frame_177,Rack_3,66,12,fanta_straw_big,0.8438464999198914,75,430,137,649,106,539
frame_177,Rack_3,88,11,fanta_lychee_big,0.7238433957099915,16,431,68,651,42,541
frame_178,Rack_3,12,9,empty,0.9738077521324158,1105,435,1280,695,1192,565
frame_178,Rack_3,27,7,coke_z_big,0.9548121094703674,1036,435,1113,671,1074,553
frame_178,Rack_3,6,7,coke_z_big,0.9396471381187439,957,434,1033,674,995,554
frame_178,Rack_3,24,5,coke_v_big,0.8990029096603394,880,432,954,697,917,564
frame_178,Rack_3,31,5,coke_v_big,0.9488232731819153,802,432,877,701,839,566
frame_178,Rack_3,21,5,coke_v_big,0.929374635219574,730,432,800,669,765,550
frame_178,Rack_3,30,5,coke_v_big,0.8845946192741394,658,434,729,674,693,554
frame_178,Rack_3,16,5,coke_v_big,0.9392862915992737,586,435,656,695,621,565
frame_178,Rack_3,43,14,pepsi_big,0.948855996131897,521,436,584,692,552,564
frame_178,Rack_3,48,14,pepsi_big,0.8856395483016968,457,434,519,687,488,560
frame_178,Rack_3,54,14,pepsi_big,0.8492212295532227,391,434,454,685,422,559
frame_178,Rack_3,45,10,fanta_grape_big,0.8765575885772705,317,434,389,684,353,559
frame_178,Rack_3,60,10,fanta_grape_big,0.6838959455490112,264,433,315,671,289,552
frame_178,Rack_3,25,12,fanta_straw_big,0.9568831324577332,138,433,210,652,174,542
frame_178,Rack_3,66,12,fanta_straw_big,0.7916014194488525,77,433,138,650,107,541
frame_178,Rack_3,88,11,fanta_lychee_big,0.6915751099586487,20,433,72,652,46,542
frame_179,Rack_3,12,9,empty,0.962417721748352,1109,435,1280,693,1194,564
frame_179,Rack_3,27,7,coke_z_big,0.9508413076400757,1038,435,1115,673,1076,554
frame_179,Rack_3,6,7,coke_z_big,0.9382289052009583,959,435,1035,675,997,555
frame_179,Rack_3,24,5,coke_v_big,0.8869760632514954,882,432,956,697,919,564
frame_179,Rack_3,31,5,coke_v_big,0.9554683566093445,804,432,879,702,841,567
frame_179,Rack_3,21,5,coke_v_big,0.9397153854370117,732,433,802,670,767,551
frame_179,Rack_3,30,5,coke_v_big,0.8378562927246094,660,434,730,669,695,551
frame_179,Rack_3,16,5,coke_v_big,0.8411158919334412,588,435,658,694,623,564
frame_179,Rack_3,43,14,pepsi_big,0.9477416276931763,523,436,586,692,554,564
frame_179,Rack_3,48,14,pepsi_big,0.9240834712982178,459,434,521,687,490,560
frame_179,Rack_3,54,14,pepsi_big,0.881558358669281,393,433,456,684,424,558
frame_179,Rack_3,45,10,fanta_grape_big,0.873379111289978,318,434,390,684,354,559
frame_179,Rack_3,60,10,fanta_grape_big,0.7128945589065552,265,432,318,674,291,553
frame_179,Rack_3,25,12,fanta_straw_big,0.9538393616676331,139,431,212,653,175,542
frame_179,Rack_3,66,12,fanta_straw_big,0.8235624432563782,79,432,140,651,109,541
frame_179,Rack_3,88,11,fanta_lychee_big,0.5477580428123474,21,432,74,654,47,543
frame_180,Rack_3,12,9,empty,0.950619101524353,1112,434,1280,695,1196,564
frame_180,Rack_3,27,7,coke_z_big,0.9523462057113647,1041,435,1119,676,1080,555
frame_180,Rack_3,6,7,coke_z_big,0.9515838027000427,961,434,1038,676,999,555
frame_180,Rack_3,24,5,coke_v_big,0.8969054818153381,884,432,959,698,921,565
frame_180,Rack_3,31,5,coke_v_big,0.9536552429199219,806,433,881,700,843,566
frame_180,Rack_3,21,5,coke_v_big,0.9513401389122009,734,432,804,669,769,550
frame_180,Rack_3,30,5,coke_v_big,0.8694457411766052,663,433,732,665,697,549
frame_180,Rack_3,16,5,coke_v_big,0.859859049320221,590,435,661,695,625,565
frame_180,Rack_3,43,14,pepsi_big,0.9621714353561401,524,434,588,693,556,563
frame_180,Rack_3,48,14,pepsi_big,0.9457204937934875,460,432,524,688,492,560
frame_180,Rack_3,54,14,pepsi_big,0.9343082308769226,395,431,458,685,426,558
frame_180,Rack_3,45,10,fanta_grape_big,0.863312304019928,320,431,392,685,356,558
frame_180,Rack_3,60,10,fanta_grape_big,0.7272812128067017,267,429,320,673,293,551
frame_180,Rack_3,25,12,fanta_straw_big,0.9490066766738892,141,430,214,653,177,541
frame_180,Rack_3,66,12,fanta_straw_big,0.8128184080123901,82,431,144,651,113,541
frame_181,Rack_3,12,9,empty,0.9250768423080444,1116,434,1280,695,1198,564
frame_181,Rack_3,27,7,coke_z_big,0.9398927092552185,1043,434,1122,678,1082,556
frame_181,Rack_3,6,7,coke_z_big,0.9535326361656189,964,433,1041,676,1002,554
frame_181,Rack_3,24,5,coke_v_big,0.9015218615531921,887,431,962,699,924,565
frame_181,Rack_3,31,5,coke_v_big,0.9343164563179016,809,433,884,700,846,566
frame_181,Rack_3,21,5,coke_v_big,0.9413525462150574,736,433,806,668,771,550
frame_181,Rack_3,30,5,coke_v_big,0.873174250125885,666,434,734,664,700,549
frame_181,Rack_3,16,5,coke_v_big,0.9083335995674133,592,435,663,695,627,565
frame_181,Rack_3,43,14,pepsi_big,0.9755870699882507,526,434,590,694,558,564
frame_181,Rack_3,48,14,pepsi_big,0.9595033526420593,462,432,525,688,493,560
frame_181,Rack_3,54,14,pepsi_big,0.955603301525116,396,431,460,686,428,558
frame_181,Rack_3,45,10,fanta_grape_big,0.8895667195320129,321,430,394,685,357,557
frame_181,Rack_3,60,10,fanta_grape_big,0.7526292204856873,269,428,322,673,295,550
frame_181,Rack_3,25,12,fanta_straw_big,0.9453601837158203,143,429,216,653,179,541
frame_181,Rack_3,66,12,fanta_straw_big,0.8094719648361206,85,431,146,651,115,541
frame_182,Rack_3,12,9,empty,0.9269233345985413,1119,433,1280,695,1199,564
frame_182,Rack_3,27,7,coke_z_big,0.9090325832366943,1046,434,1124,679,1085,556
frame_182,Rack_3,6,7,coke_z_big,0.967319667339325,966,433,1044,677,1005,555
frame_182,Rack_3,24,5,coke_v_big,0.9165105223655701,889,431,965,698,927,564
frame_182,Rack_3,31,5,coke_v_big,0.9188773036003113,811,433,887,701,849,567
frame_182,Rack_3,21,5,coke_v_big,0.9329550266265869,738,433,807,668,772,550
frame_182,Rack_3,30,5,coke_v_big,0.8672831654548645,667,434,736,665,701,549
frame_182,Rack_3,16,5,coke_v_big,0.9080192446708679,594,435,665,696,629,565
frame_182,Rack_3,43,14,pepsi_big,0.9719290733337402,528,434,592,694,560,564
frame_182,Rack_3,48,14,pepsi_big,0.968916654586792,463,432,527,689,495,560
frame_182,Rack_3,54,14,pepsi_big,0.9662962555885315,398,432,462,686,430,559
frame_182,Rack_3,45,10,fanta_grape_big,0.8904137015342712,323,431,395,685,359,558
frame_182,Rack_3,60,10,fanta_grape_big,0.7720909714698792,271,429,323,669,297,549
frame_182,Rack_3,25,12,fanta_straw_big,0.9529615640640259,145,429,218,653,181,541
frame_182,Rack_3,66,12,fanta_straw_big,0.8111960887908936,87,430,149,651,118,540
frame_182,Rack_3,88,11,fanta_lychee_big,0.575064480304718,20,433,76,653,48,543
frame_183,Rack_3,12,9,empty,0.9388777613639832,1121,433,1280,695,1200,564
frame_183,Rack_3,27,7,coke_z_big,0.9123349785804749,1049,433,1127,678,1088,555
frame_183,Rack_3,6,7,coke_z_big,0.9741359353065491,969,433,1047,678,1008,555
frame_183,Rack_3,24,5,coke_v_big,0.9285941123962402,892,431,967,699,929,565
frame_183,Rack_3,31,5,coke_v_big,0.9154050350189209,813,433,889,702,851,567
frame_183,Rack_3,21,5,coke_v_big,0.9320111274719238,739,433,809,669,774,551
frame_183,Rack_3,30,5,coke_v_big,0.8541653752326965,669,433,737,664,703,548
frame_183,Rack_3,16,5,coke_v_big,0.9022406935691833,596,434,667,696,631,565
frame_183,Rack_3,43,14,pepsi_big,0.9610623717308044,529,433,594,694,561,563
frame_183,Rack_3,48,14,pepsi_big,0.9652058482170105,465,431,528,689,496,560
frame_183,Rack_3,54,14,pepsi_big,0.961971640586853,399,431,463,686,431,558
frame_183,Rack_3,45,10,fanta_grape_big,0.8406599164009094,324,431,397,685,360,558
frame_183,Rack_3,60,10,fanta_grape_big,0.7371175289154053,272,428,324,672,298,550
frame_183,Rack_3,25,12,fanta_straw_big,0.958333432674408,147,428,220,653,183,540
frame_183,Rack_3,66,12,fanta_straw_big,0.867753803730011,90,430,151,650,120,540
frame_183,Rack_3,88,11,fanta_lychee_big,0.7959689497947693,18,433,76,654,47,543
frame_184,Rack_3,12,9,empty,0.927337646484375,1123,432,1280,696,1201,564
frame_184,Rack_3,27,7,coke_z_big,0.9406906366348267,1052,433,1130,678,1091,555
frame_184,Rack_3,6,7,coke_z_big,0.9730321168899536,971,434,1050,679,1010,556
frame_184,Rack_3,24,5,coke_v_big,0.9465460181236267,893,432,969,699,931,565
frame_184,Rack_3,31,5,coke_v_big,0.9201028347015381,814,433,891,703,852,568
frame_184,Rack_3,21,5,coke_v_big,0.9382414817810059,741,433,811,669,776,551
frame_184,Rack_3,30,5,coke_v_big,0.8567646741867065,671,434,739,664,705,549
frame_184,Rack_3,16,5,coke_v_big,0.8965434432029724,597,434,669,697,633,565
frame_184,Rack_3,43,14,pepsi_big,0.9449011087417603,530,433,596,695,563,564
frame_184,Rack_3,48,14,pepsi_big,0.941942036151886,466,431,530,689,498,560
frame_184,Rack_3,54,14,pepsi_big,0.944514274597168,401,431,465,686,433,558
frame_184,Rack_3,45,10,fanta_grape_big,0.8342729806900024,326,431,398,686,362,558
frame_184,Rack_3,60,10,fanta_grape_big,0.8030929565429688,273,428,326,674,299,551
frame_184,Rack_3,25,12,fanta_straw_big,0.9627073407173157,148,428,222,653,185,540
frame_184,Rack_3,66,12,fanta_straw_big,0.8837103247642517,92,431,152,650,122,540
frame_184,Rack_3,88,11,fanta_lychee_big,0.6559860706329346,18,433,78,653,48,543
frame_185,Rack_3,12,9,empty,0.9180466532707214,1125,433,1280,696,1202,564
frame_185,Rack_3,27,7,coke_z_big,0.9337687492370605,1054,434,1133,678,1093,556
frame_185,Rack_3,6,7,coke_z_big,0.9634170532226562,973,435,1051,680,1012,557
frame_185,Rack_3,24,5,coke_v_big,0.9350800514221191,895,432,970,700,932,566
frame_185,Rack_3,31,5,coke_v_big,0.9202908277511597,816,434,893,704,854,569
frame_185,Rack_3,21,5,coke_v_big,0.9320781230926514,742,433,812,669,777,551
frame_185,Rack_3,30,5,coke_v_big,0.855308473110199,672,434,740,665,706,549
frame_185,Rack_3,16,5,coke_v_big,0.9024338126182556,599,434,671,697,635,565
frame_185,Rack_3,43,14,pepsi_big,0.9402511119842529,532,433,597,696,564,564
frame_185,Rack_3,48,14,pepsi_big,0.9112419486045837,468,431,531,690,499,560
frame_185,Rack_3,54,14,pepsi_big,0.9154580235481262,402,431,466,687,434,559
frame_185,Rack_3,45,10,fanta_grape_big,0.7637543678283691,327,430,399,685,363,557
frame_185,Rack_3,60,10,fanta_grape_big,0.7643643021583557,275,429,327,674,301,551
frame_185,Rack_3,25,12,fanta_straw_big,0.9600767493247986,149,428,222,654,185,541
frame_185,Rack_3,66,12,fanta_straw_big,0.8973881602287292,93,431,153,650,123,540
frame_186,Rack_3,12,9,empty,0.9128285646438599,1127,433,1280,697,1203,565
frame_186,Rack_3,27,7,coke_z_big,0.9374967217445374,1055,433,1134,679,1094,556
frame_186,Rack_3,6,7,coke_z_big,0.9554139375686646,974,435,1053,680,1013,557
frame_186,Rack_3,24,5,coke_v_big,0.9239500164985657,896,433,971,700,933,566
frame_186,Rack_3,31,5,coke_v_big,0.9320486783981323,817,434,894,704,855,569
frame_186,Rack_3,21,5,coke_v_big,0.9520224928855896,744,434,814,669,779,551
frame_186,Rack_3,30,5,coke_v_big,0.8398539423942566,673,434,742,666,707,550
frame_186,Rack_3,16,5,coke_v_big,0.906491219997406,601,434,672,696,636,565
frame_186,Rack_3,43,14,pepsi_big,0.939357578754425,534,433,599,696,566,564
frame_186,Rack_3,48,14,pepsi_big,0.8819688558578491,469,431,533,690,501,560
frame_186,Rack_3,54,14,pepsi_big,0.8992652297019958,403,431,468,687,435,559
frame_186,Rack_3,45,10,fanta_grape_big,0.7422605156898499,328,430,400,685,364,557
frame_186,Rack_3,60,10,fanta_grape_big,0.7968003153800964,277,429,329,670,303,549
frame_186,Rack_3,25,12,fanta_straw_big,0.9376544952392578,150,429,223,654,186,541
frame_186,Rack_3,66,12,fanta_straw_big,0.9046294689178467,95,431,154,650,124,540
frame_187,Rack_3,12,9,empty,0.9161429405212402,1129,433,1280,698,1204,565
frame_187,Rack_3,27,7,coke_z_big,0.931939959526062,1057,433,1137,680,1097,556
frame_187,Rack_3,6,7,coke_z_big,0.9687031507492065,975,434,1055,682,1015,558
frame_187,Rack_3,24,5,coke_v_big,0.9309574365615845,897,432,973,700,935,566
frame_187,Rack_3,31,5,coke_v_big,0.9266497492790222,818,433,896,704,857,568
frame_187,Rack_3,21,5,coke_v_big,0.9349785447120667,745,434,815,671,780,552
frame_187,Rack_3,30,5,coke_v_big,0.8226267695426941,674,434,743,667,708,550
frame_187,Rack_3,16,5,coke_v_big,0.9009270071983337,602,435,673,697,637,566
frame_187,Rack_3,43,14,pepsi_big,0.925538182258606,535,433,600,696,567,564
frame_187,Rack_3,48,14,pepsi_big,0.8750783801078796,471,429,534,690,502,559
frame_187,Rack_3,54,14,pepsi_big,0.8407722115516663,405,430,469,688,437,559
frame_187,Rack_3,45,10,fanta_grape_big,0.6958246827125549,329,430,402,685,365,557
frame_187,Rack_3,60,10,fanta_grape_big,0.7628908157348633,278,429,330,675,304,552
frame_187,Rack_3,25,12,fanta_straw_big,0.9167365431785583,153,430,226,654,189,542
frame_187,Rack_3,66,12,fanta_straw_big,0.8934523463249207,96,432,155,650,125,541
frame_188,Rack_3,12,9,empty,0.9209029078483582,1131,433,1280,698,1205,565
frame_188,Rack_3,27,7,coke_z_big,0.9177520275115967,1059,433,1139,682,1099,557
frame_188,Rack_3,6,7,coke_z_big,0.9747947454452515,977,434,1057,683,1017,558
frame_188,Rack_3,24,5,coke_v_big,0.9254633188247681,899,434,974,701,936,567
frame_188,Rack_3,31,5,coke_v_big,0.9209668636322021,820,433,897,704,858,568
frame_188,Rack_3,21,5,coke_v_big,0.942244291305542,746,434,817,671,781,552
frame_188,Rack_3,30,5,coke_v_big,0.8483361005783081,675,434,745,670,710,552
frame_188,Rack_3,16,5,coke_v_big,0.9076439738273621,604,436,674,697,639,566
frame_188,Rack_3,43,14,pepsi_big,0.9296263456344604,536,433,602,696,569,564
frame_188,Rack_3,48,14,pepsi_big,0.877129316329956,472,429,536,690,504,559
frame_188,Rack_3,54,14,pepsi_big,0.8102583289146423,406,431,471,688,438,559
frame_188,Rack_3,45,10,fanta_grape_big,0.6956216096878052,330,430,403,685,366,557
frame_188,Rack_3,60,10,fanta_grape_big,0.7079030275344849,279,430,332,678,305,554
frame_188,Rack_3,25,12,fanta_straw_big,0.9315512776374817,155,431,227,654,191,542
frame_188,Rack_3,66,12,fanta_straw_big,0.9107140302658081,97,432,156,651,126,541
frame_188,Rack_3,88,11,fanta_lychee_big,0.5357655882835388,34,433,96,655,65,544
frame_189,Rack_3,12,9,empty,0.9148001670837402,1133,433,1280,698,1206,565
frame_189,Rack_3,27,7,coke_z_big,0.9047023057937622,1061,433,1142,684,1101,558
frame_189,Rack_3,6,7,coke_z_big,0.9728445410728455,978,433,1058,684,1018,558
frame_189,Rack_3,24,5,coke_v_big,0.8941757678985596,900,434,976,701,938,567
frame_189,Rack_3,31,5,coke_v_big,0.9279266595840454,821,435,899,705,860,570
frame_189,Rack_3,21,5,coke_v_big,0.9390643239021301,748,435,818,673,783,554
frame_189,Rack_3,30,5,coke_v_big,0.8850131630897522,677,435,746,670,711,552
frame_189,Rack_3,16,5,coke_v_big,0.9222189784049988,605,436,676,697,640,566
frame_189,Rack_3,43,14,pepsi_big,0.9136391282081604,537,433,603,697,570,565
frame_189,Rack_3,48,14,pepsi_big,0.8735589385032654,473,430,537,692,505,561
frame_189,Rack_3,54,14,pepsi_big,0.8270353674888611,408,430,472,687,440,558
frame_189,Rack_3,45,10,fanta_grape_big,0.6544814705848694,332,431,405,687,368,559
frame_189,Rack_3,60,10,fanta_grape_big,0.7268629670143127,280,431,333,679,306,555
frame_189,Rack_3,25,12,fanta_straw_big,0.92397141456604,156,431,229,654,192,542
frame_189,Rack_3,66,12,fanta_straw_big,0.9259323477745056,98,431,157,651,127,541
frame_189,Rack_3,88,11,fanta_lychee_big,0.5578333139419556,34,433,96,655,65,544
frame_190,Rack_3,12,9,empty,0.9161841869354248,1136,433,1280,698,1208,565
frame_190,Rack_3,27,7,coke_z_big,0.9142738580703735,1061,433,1143,685,1102,559
frame_190,Rack_3,6,7,coke_z_big,0.9710099101066589,980,433,1060,685,1020,559
frame_190,Rack_3,24,5,coke_v_big,0.8276851177215576,902,435,977,700,939,567
frame_190,Rack_3,31,5,coke_v_big,0.9401566386222839,823,436,900,705,861,570
frame_190,Rack_3,21,5,coke_v_big,0.9267107844352722,749,436,820,674,784,555
frame_190,Rack_3,30,5,coke_v_big,0.919644296169281,678,435,748,671,713,553
frame_190,Rack_3,16,5,coke_v_big,0.9326987862586975,607,437,677,697,642,567
frame_190,Rack_3,43,14,pepsi_big,0.9131364822387695,539,433,605,697,572,565
frame_190,Rack_3,48,14,pepsi_big,0.8794535398483276,474,430,538,691,506,560
frame_190,Rack_3,54,14,pepsi_big,0.8220188021659851,410,430,474,687,442,558
frame_190,Rack_3,45,10,fanta_grape_big,0.7314892411231995,334,431,407,687,370,559
frame_190,Rack_3,60,10,fanta_grape_big,0.8137436509132385,282,431,334,676,308,553
frame_190,Rack_3,61,10,fanta_grape_big,0.5494392514228821,228,431,281,656,254,543
frame_190,Rack_3,25,12,fanta_straw_big,0.928120493888855,157,432,229,655,193,543
frame_190,Rack_3,66,12,fanta_straw_big,0.9382857084274292,99,432,158,652,128,542
frame_190,Rack_3,88,11,fanta_lychee_big,0.7726646661758423,36,434,99,656,67,545
frame_190,Rack_3,105,12,fanta_straw_big,0.6217331886291504,30,434,103,656,66,545
frame_191,Rack_3,12,9,empty,0.9246118664741516,1138,432,1280,698,1209,565
frame_191,Rack_3,27,7,coke_z_big,0.8942773938179016,1063,433,1145,686,1104,559
frame_191,Rack_3,6,7,coke_z_big,0.9705162644386292,981,433,1062,686,1021,559
frame_191,Rack_3,24,5,coke_v_big,0.8288541436195374,903,435,979,701,941,568
frame_191,Rack_3,31,5,coke_v_big,0.9467005133628845,824,436,902,706,863,571
frame_191,Rack_3,21,5,coke_v_big,0.9162553548812866,750,436,821,675,785,555
frame_191,Rack_3,30,5,coke_v_big,0.9260818958282471,680,435,749,671,714,553
frame_191,Rack_3,16,5,coke_v_big,0.9316309094429016,608,437,678,697,643,567
frame_191,Rack_3,43,14,pepsi_big,0.9175164699554443,540,433,606,698,573,565
frame_191,Rack_3,48,14,pepsi_big,0.8719104528427124,476,430,539,692,507,561
frame_191,Rack_3,54,14,pepsi_big,0.781543493270874,411,430,476,687,443,558
frame_191,Rack_3,45,10,fanta_grape_big,0.7857807874679565,335,431,409,686,372,558
frame_191,Rack_3,60,10,fanta_grape_big,0.8376264572143555,283,431,335,675,309,553
frame_191,Rack_3,61,10,fanta_grape_big,0.5667576789855957,229,432,282,656,255,544
frame_191,Rack_3,25,12,fanta_straw_big,0.9370972514152527,158,432,230,655,194,543
frame_191,Rack_3,66,12,fanta_straw_big,0.9310581684112549,100,432,159,652,129,542
frame_191,Rack_3,88,11,fanta_lychee_big,0.5493523478507996,36,434,100,656,68,545
frame_191,Rack_3,105,12,fanta_straw_big,0.879952073097229,32,434,105,656,68,545
frame_192,Rack_3,12,9,empty,0.9242343902587891,1140,432,1280,699,1210,565
frame_192,Rack_3,27,7,coke_z_big,0.8952259421348572,1065,433,1147,687,1106,560
frame_192,Rack_3,6,7,coke_z_big,0.9590792655944824,983,433,1064,687,1023,560
frame_192,Rack_3,24,5,coke_v_big,0.8343919515609741,906,435,981,699,943,567
frame_192,Rack_3,31,5,coke_v_big,0.9586532711982727,826,436,903,705,864,570
frame_192,Rack_3,21,5,coke_v_big,0.9004948139190674,752,436,823,674,787,555
frame_192,Rack_3,30,5,coke_v_big,0.9127960801124573,681,435,750,672,715,553
frame_192,Rack_3,16,5,coke_v_big,0.9277293682098389,609,437,679,697,644,567
frame_192,Rack_3,43,14,pepsi_big,0.8871920704841614,542,433,608,697,575,565
frame_192,Rack_3,48,14,pepsi_big,0.8855008482933044,477,431,541,693,509,562
frame_192,Rack_3,54,14,pepsi_big,0.8060746788978577,413,430,477,688,445,559
frame_192,Rack_3,45,10,fanta_grape_big,0.7677648663520813,337,431,411,687,374,559
frame_192,Rack_3,60,10,fanta_grape_big,0.8182455897331238,284,431,336,675,310,553
frame_192,Rack_3,61,10,fanta_grape_big,0.5916315317153931,230,432,284,657,257,544
frame_192,Rack_3,25,12,fanta_straw_big,0.931078314781189,159,432,231,655,195,543
frame_192,Rack_3,66,12,fanta_straw_big,0.9258176684379578,102,432,161,652,131,542
frame_192,Rack_3,105,11,fanta_lychee_big,0.8141466975212097,34,434,106,655,70,544
frame_192,Rack_3,88,11,fanta_lychee_big,0.5189849734306335,37,434,101,655,69,544
frame_193,Rack_3,12,9,empty,0.9202143549919128,1142,433,1280,699,1211,566
frame_193,Rack_3,27,7,coke_z_big,0.9052706360816956,1066,434,1149,688,1107,561
frame_193,Rack_3,6,7,coke_z_big,0.9584346413612366,984,435,1065,687,1024,561
frame_193,Rack_3,24,5,coke_v_big,0.8499664664268494,908,436,982,699,945,567
frame_193,Rack_3,31,5,coke_v_big,0.9543113708496094,827,437,905,705,866,571
frame_193,Rack_3,21,5,coke_v_big,0.9069836139678955,753,436,824,674,788,555
frame_193,Rack_3,30,5,coke_v_big,0.9167312383651733,682,436,751,672,716,554
frame_193,Rack_3,16,5,coke_v_big,0.9086018204689026,610,437,680,698,645,567
frame_193,Rack_3,43,14,pepsi_big,0.9374841451644897,544,434,609,698,576,566
frame_193,Rack_3,48,14,pepsi_big,0.8806968331336975,479,431,543,693,511,562
frame_193,Rack_3,54,14,pepsi_big,0.7758411169052124,413,430,478,688,445,559
frame_193,Rack_3,45,10,fanta_grape_big,0.8057076930999756,337,431,411,688,374,559
frame_193,Rack_3,60,10,fanta_grape_big,0.7804579734802246,285,431,337,675,311,553
frame_193,Rack_3,61,10,fanta_grape_big,0.6348486542701721,231,432,285,656,258,544
frame_193,Rack_3,25,12,fanta_straw_big,0.9295307397842407,161,432,233,655,197,543
frame_193,Rack_3,66,12,fanta_straw_big,0.9172780513763428,103,433,162,652,132,542
frame_193,Rack_3,105,11,fanta_lychee_big,0.8286980390548706,35,434,107,653,71,543
frame_194,Rack_3,12,9,empty,0.9292388558387756,1145,433,1280,699,1212,566
frame_194,Rack_3,27,7,coke_z_big,0.9510709047317505,1068,434,1151,689,1109,561
frame_194,Rack_3,6,7,coke_z_big,0.9667122960090637,987,435,1067,687,1027,561
frame_194,Rack_3,24,5,coke_v_big,0.8849478960037231,909,436,984,699,946,567
frame_194,Rack_3,31,5,coke_v_big,0.9653246998786926,829,437,906,704,867,570
frame_194,Rack_3,21,5,coke_v_big,0.93216472864151,754,436,826,675,790,555
frame_194,Rack_3,30,5,coke_v_big,0.922661304473877,683,436,752,672,717,554
frame_194,Rack_3,16,5,coke_v_big,0.9062780737876892,611,437,682,698,646,567
frame_194,Rack_3,43,14,pepsi_big,0.9440531730651855,545,434,610,698,577,566
frame_194,Rack_3,48,14,pepsi_big,0.8794376254081726,480,431,544,693,512,562
frame_194,Rack_3,54,14,pepsi_big,0.7883656024932861,415,431,479,688,447,559
frame_194,Rack_3,45,10,fanta_grape_big,0.8325579762458801,338,432,412,689,375,560
frame_194,Rack_3,60,10,fanta_grape_big,0.8240459561347961,287,432,339,678,313,555
frame_194,Rack_3,61,10,fanta_grape_big,0.665591835975647,233,432,286,655,259,543
frame_194,Rack_3,25,12,fanta_straw_big,0.9292846322059631,162,432,234,655,198,543
frame_194,Rack_3,66,12,fanta_straw_big,0.9120596051216125,104,433,163,652,133,542
frame_194,Rack_3,105,11,fanta_lychee_big,0.872896671295166,37,434,108,652,72,543
frame_194,Rack_3,108,11,fanta_lychee_big,0.6516744494438171,2,435,36,654,19,544
frame_195,Rack_3,12,9,empty,0.934753954410553,1147,434,1280,699,1213,566
frame_195,Rack_3,27,7,coke_z_big,0.9508523941040039,1069,434,1152,688,1110,561
frame_195,Rack_3,6,7,coke_z_big,0.9692524075508118,988,435,1068,687,1028,561
frame_195,Rack_3,24,5,coke_v_big,0.8748542070388794,911,435,986,699,948,567
frame_195,Rack_3,31,5,coke_v_big,0.9662050008773804,831,437,908,704,869,570
frame_195,Rack_3,21,5,coke_v_big,0.915793776512146,756,435,828,676,792,555
frame_195,Rack_3,30,5,coke_v_big,0.9251407980918884,685,436,754,674,719,555
frame_195,Rack_3,16,5,coke_v_big,0.8714420795440674,612,436,683,698,647,567
frame_195,Rack_3,43,14,pepsi_big,0.9484421014785767,546,434,611,698,578,566
frame_195,Rack_3,48,14,pepsi_big,0.9147595763206482,482,432,545,693,513,562
frame_195,Rack_3,54,14,pepsi_big,0.7757073640823364,416,431,480,688,448,559
frame_195,Rack_3,45,10,fanta_grape_big,0.8367231488227844,340,432,414,689,377,560
frame_195,Rack_3,60,10,fanta_grape_big,0.8235466480255127,289,431,340,678,314,554
frame_195,Rack_3,61,10,fanta_grape_big,0.6306540369987488,234,431,287,654,260,542
frame_195,Rack_3,25,12,fanta_straw_big,0.9041759371757507,164,432,235,654,199,543
frame_195,Rack_3,66,12,fanta_straw_big,0.8826436400413513,106,432,165,651,135,541
frame_195,Rack_3,105,11,fanta_lychee_big,0.842624306678772,39,432,109,650,74,541
frame_196,Rack_3,12,9,empty,0.9383662939071655,1149,434,1280,700,1214,567
frame_196,Rack_3,27,7,coke_z_big,0.955207347869873,1071,434,1154,689,1112,561
frame_196,Rack_3,6,7,coke_z_big,0.9674930572509766,990,434,1070,688,1030,561
frame_196,Rack_3,24,5,coke_v_big,0.8596545457839966,912,434,988,699,950,566
frame_196,Rack_3,31,5,coke_v_big,0.9638732075691223,833,436,910,704,871,570
frame_196,Rack_3,21,5,coke_v_big,0.9207168817520142,758,435,830,675,794,555
frame_196,Rack_3,30,5,coke_v_big,0.9105724692344666,686,436,756,675,721,555
frame_196,Rack_3,16,5,coke_v_big,0.8964004516601562,613,436,684,698,648,567
frame_196,Rack_3,43,14,pepsi_big,0.960212230682373,547,434,613,699,580,566
frame_196,Rack_3,48,14,pepsi_big,0.8960338234901428,483,431,547,693,515,562
frame_196,Rack_3,54,14,pepsi_big,0.7880905270576477,418,431,482,689,450,560
frame_196,Rack_3,45,10,fanta_grape_big,0.8743733763694763,342,431,416,686,379,558
frame_196,Rack_3,60,10,fanta_grape_big,0.8332164883613586,291,431,342,677,316,554
frame_196,Rack_3,61,10,fanta_grape_big,0.7148417830467224,235,430,289,655,262,542
frame_196,Rack_3,25,12,fanta_straw_big,0.9124127626419067,165,431,236,654,200,542
frame_196,Rack_3,66,12,fanta_straw_big,0.8709679245948792,108,432,167,651,137,541
frame_196,Rack_3,105,11,fanta_lychee_big,0.8157953023910522,40,431,111,649,75,540
frame_197,Rack_3,12,9,empty,0.9365035891532898,1152,436,1280,700,1216,568
frame_197,Rack_3,27,7,coke_z_big,0.9216645359992981,1073,434,1156,689,1114,561
frame_197,Rack_3,6,7,coke_z_big,0.95790034532547,992,434,1073,689,1032,561
frame_197,Rack_3,24,5,coke_v_big,0.8221020698547363,914,435,990,699,952,567
frame_197,Rack_3,31,5,coke_v_big,0.9449798464775085,834,435,912,704,873,569
frame_197,Rack_3,21,5,coke_v_big,0.9395345449447632,760,435,832,674,796,554
frame_197,Rack_3,30,5,coke_v_big,0.901393711566925,688,436,758,675,723,555
frame_197,Rack_3,16,5,coke_v_big,0.9224135875701904,615,437,686,699,650,568
frame_197,Rack_3,43,14,pepsi_big,0.9726593494415283,549,435,614,698,581,566
frame_197,Rack_3,48,14,pepsi_big,0.8930871486663818,485,431,548,692,516,561
frame_197,Rack_3,54,14,pepsi_big,0.7625819444656372,419,432,484,689,451,560
frame_197,Rack_3,45,10,fanta_grape_big,0.865809977054596,345,431,418,685,381,558
frame_197,Rack_3,60,10,fanta_grape_big,0.8141126036643982,293,431,344,673,318,552
frame_197,Rack_3,61,10,fanta_grape_big,0.7048085927963257,237,430,291,655,264,542
frame_197,Rack_3,25,12,fanta_straw_big,0.905873715877533,167,432,238,653,202,542
frame_197,Rack_3,66,12,fanta_straw_big,0.9183143973350525,110,432,169,650,139,541
frame_197,Rack_3,88,11,fanta_lychee_big,0.9150949120521545,46,433,109,648,77,540
frame_198,Rack_3,12,9,empty,0.9359187483787537,1154,435,1280,699,1217,567
frame_198,Rack_3,27,7,coke_z_big,0.8672170639038086,1074,434,1158,689,1116,561
frame_198,Rack_3,6,7,coke_z_big,0.9474630951881409,994,435,1075,689,1034,562
frame_198,Rack_3,24,5,coke_v_big,0.8519091606140137,916,434,992,699,954,566
frame_198,Rack_3,31,5,coke_v_big,0.9631524682044983,836,435,913,702,874,568
frame_198,Rack_3,21,5,coke_v_big,0.9546633958816528,761,435,833,674,797,554
frame_198,Rack_3,30,5,coke_v_big,0.9144021272659302,689,436,759,674,724,555
frame_198,Rack_3,16,5,coke_v_big,0.9271327257156372,617,437,688,697,652,567
frame_198,Rack_3,43,14,pepsi_big,0.9792536497116089,551,435,615,697,583,566
frame_198,Rack_3,48,14,pepsi_big,0.8907866477966309,486,431,549,692,517,561
frame_198,Rack_3,54,14,pepsi_big,0.7880067229270935,421,432,485,688,453,560
frame_198,Rack_3,45,10,fanta_grape_big,0.9013453125953674,347,431,419,684,383,557
frame_198,Rack_3,60,10,fanta_grape_big,0.8464670777320862,295,431,346,673,320,552
frame_198,Rack_3,61,10,fanta_grape_big,0.7442517280578613,239,430,292,654,265,542
frame_198,Rack_3,25,12,fanta_straw_big,0.923262894153595,169,432,239,652,204,542
frame_198,Rack_3,66,12,fanta_straw_big,0.944416344165802,113,432,171,649,142,540
frame_198,Rack_3,88,11,fanta_lychee_big,0.8892834186553955,47,433,110,647,78,540
frame_199,Rack_3,12,9,empty,0.9490381479263306,1155,437,1280,700,1217,568
frame_199,Rack_3,27,7,coke_z_big,0.9422593712806702,1077,435,1160,689,1118,562
frame_199,Rack_3,6,7,coke_z_big,0.9585041403770447,995,435,1076,688,1035,561
frame_199,Rack_3,24,5,coke_v_big,0.8870187401771545,917,434,993,698,955,566
frame_199,Rack_3,31,5,coke_v_big,0.9657463431358337,837,436,914,701,875,568
frame_199,Rack_3,21,5,coke_v_big,0.9617475271224976,763,435,835,674,799,554
frame_199,Rack_3,30,5,coke_v_big,0.9171901941299438,691,436,761,673,726,554
frame_199,Rack_3,16,5,coke_v_big,0.8989474177360535,618,437,689,697,653,567
frame_199,Rack_3,43,14,pepsi_big,0.9762306213378906,552,435,617,697,584,566
frame_199,Rack_3,48,14,pepsi_big,0.8863549828529358,487,431,550,691,518,561
frame_199,Rack_3,54,14,pepsi_big,0.7514814734458923,422,432,486,688,454,560
frame_199,Rack_3,45,10,fanta_grape_big,0.8926352858543396,348,431,420,684,384,557
frame_199,Rack_3,60,10,fanta_grape_big,0.8048216700553894,296,430,346,670,321,550
frame_199,Rack_3,61,10,fanta_grape_big,0.6077457070350647,241,430,294,654,267,542
frame_199,Rack_3,25,12,fanta_straw_big,0.9293174147605896,171,432,241,652,206,542
frame_199,Rack_3,66,12,fanta_straw_big,0.9534355401992798,115,431,173,648,144,539
frame_199,Rack_3,88,11,fanta_lychee_big,0.8596988916397095,50,433,113,647,81,540
frame_200,Rack_3,12,9,empty,0.9471213221549988,1157,435,1280,699,1218,567
frame_200,Rack_3,27,7,coke_z_big,0.9570629596710205,1078,435,1162,688,1120,561
frame_200,Rack_3,6,7,coke_z_big,0.9605636596679688,996,434,1077,687,1036,560
frame_200,Rack_3,24,5,coke_v_big,0.9238888621330261,918,434,995,698,956,566
frame_200,Rack_3,31,5,coke_v_big,0.9741196632385254,838,436,915,701,876,568
frame_200,Rack_3,21,5,coke_v_big,0.9696676135063171,764,436,836,674,800,555
frame_200,Rack_3,30,5,coke_v_big,0.9124000668525696,692,436,762,673,727,554
frame_200,Rack_3,16,5,coke_v_big,0.8702372312545776,620,438,690,697,655,567
frame_200,Rack_3,43,14,pepsi_big,0.9763607978820801,553,435,617,697,585,566
frame_200,Rack_3,48,14,pepsi_big,0.8755825757980347,488,431,551,691,519,561
frame_200,Rack_3,54,14,pepsi_big,0.8419860601425171,423,432,487,688,455,560
frame_200,Rack_3,45,10,fanta_grape_big,0.9076573252677917,349,430,421,683,385,556
frame_200,Rack_3,60,10,fanta_grape_big,0.8489457368850708,296,430,347,669,321,549
frame_200,Rack_3,61,10,fanta_grape_big,0.598798930644989,243,429,296,653,269,541
frame_200,Rack_3,25,12,fanta_straw_big,0.9402256608009338,173,431,243,651,208,541
frame_200,Rack_3,66,12,fanta_straw_big,0.9686446785926819,117,430,175,648,146,539
frame_200,Rack_3,88,11,fanta_lychee_big,0.7740300297737122,52,431,116,647,84,539
frame_201,Rack_3,12,9,empty,0.9420376420021057,1158,434,1280,699,1219,566
frame_201,Rack_3,27,7,coke_z_big,0.9649124145507812,1080,435,1163,688,1121,561
frame_201,Rack_3,6,7,coke_z_big,0.9653341770172119,997,433,1078,687,1037,560
frame_201,Rack_3,24,5,coke_v_big,0.9300704002380371,919,434,996,698,957,566
frame_201,Rack_3,31,5,coke_v_big,0.971472442150116,839,437,917,701,878,569
frame_201,Rack_3,21,5,coke_v_big,0.9691363573074341,765,436,837,674,801,555
frame_201,Rack_3,30,5,coke_v_big,0.8867713809013367,693,436,763,673,728,554
frame_201,Rack_3,16,5,coke_v_big,0.8031047582626343,621,438,691,695,656,566
frame_201,Rack_3,43,14,pepsi_big,0.976699948310852,553,435,618,696,585,565
frame_201,Rack_3,48,14,pepsi_big,0.915142297744751,489,431,552,690,520,560
frame_201,Rack_3,54,14,pepsi_big,0.8552055954933167,424,431,488,687,456,559
frame_201,Rack_3,45,10,fanta_grape_big,0.9087032675743103,350,431,423,685,386,558
frame_201,Rack_3,60,10,fanta_grape_big,0.8344058394432068,297,429,348,668,322,548
frame_201,Rack_3,61,10,fanta_grape_big,0.510145902633667,244,429,297,652,270,540
frame_201,Rack_3,25,12,fanta_straw_big,0.9495699405670166,174,430,245,650,209,540
frame_201,Rack_3,66,12,fanta_straw_big,0.9632897973060608,118,429,176,647,147,538
frame_201,Rack_3,88,11,fanta_lychee_big,0.8099834322929382,54,430,118,647,86,538
frame_202,Rack_3,12,9,empty,0.9433199167251587,1159,433,1280,699,1219,566
frame_202,Rack_3,27,7,coke_z_big,0.9666386246681213,1081,435,1165,689,1123,562
frame_202,Rack_3,6,7,coke_z_big,0.9656311869621277,998,433,1079,686,1038,559
frame_202,Rack_3,24,5,coke_v_big,0.925746738910675,920,434,997,698,958,566
frame_202,Rack_3,31,5,coke_v_big,0.9676881432533264,840,436,918,701,879,568
frame_202,Rack_3,21,5,coke_v_big,0.9686864614486694,766,435,837,674,801,554
frame_202,Rack_3,30,5,coke_v_big,0.8999505043029785,694,435,764,672,729,553
frame_202,Rack_3,16,5,coke_v_big,0.7994955778121948,622,437,692,694,657,565
frame_202,Rack_3,43,14,pepsi_big,0.971916913986206,554,433,619,696,586,564
frame_202,Rack_3,48,14,pepsi_big,0.9196516275405884,490,430,553,690,521,560
frame_202,Rack_3,54,14,pepsi_big,0.8700953125953674,425,431,489,687,457,559
frame_202,Rack_3,45,10,fanta_grape_big,0.9066882729530334,351,430,423,685,387,557
frame_202,Rack_3,60,10,fanta_grape_big,0.8325062990188599,298,429,349,668,323,548
frame_202,Rack_3,25,12,fanta_straw_big,0.9306434392929077,175,429,246,650,210,539
frame_202,Rack_3,66,12,fanta_straw_big,0.955812394618988,120,429,178,647,149,538
frame_202,Rack_3,88,11,fanta_lychee_big,0.8533780574798584,55,429,120,646,87,537
frame_203,Rack_3,12,9,empty,0.9395512938499451,1161,432,1280,698,1220,565
frame_203,Rack_3,27,7,coke_z_big,0.9768365025520325,1082,435,1166,689,1124,562
frame_203,Rack_3,6,7,coke_z_big,0.9644924998283386,999,432,1080,687,1039,559
frame_203,Rack_3,24,5,coke_v_big,0.9232380390167236,921,434,998,698,959,566
frame_203,Rack_3,31,5,coke_v_big,0.9682570099830627,841,435,919,701,880,568
frame_203,Rack_3,21,5,coke_v_big,0.9684065580368042,766,435,838,674,802,554
frame_203,Rack_3,30,5,coke_v_big,0.9060006141662598,695,435,764,672,729,553
frame_203,Rack_3,16,5,coke_v_big,0.8171676397323608,622,436,693,694,657,565
frame_203,Rack_3,43,14,pepsi_big,0.9738507270812988,554,432,620,696,587,564
frame_203,Rack_3,48,14,pepsi_big,0.9256055951118469,490,429,553,690,521,559
frame_203,Rack_3,54,14,pepsi_big,0.881058394908905,425,430,489,687,457,558
frame_203,Rack_3,45,10,fanta_grape_big,0.8961239457130432,351,429,423,683,387,556
frame_203,Rack_3,60,10,fanta_grape_big,0.8431548476219177,298,428,350,668,324,548
frame_203,Rack_3,61,10,fanta_grape_big,0.5458427667617798,245,428,299,653,272,540
frame_203,Rack_3,25,12,fanta_straw_big,0.9320951104164124,176,428,247,650,211,539
frame_203,Rack_3,66,12,fanta_straw_big,0.9592531323432922,120,428,178,647,149,537
frame_203,Rack_3,88,11,fanta_lychee_big,0.883604109287262,55,429,120,646,87,537
