frame_id,rack_id,track_id,class_id,class_name,confidence,xmin,ymin,xmax,ymax,cx,cy
frame_0,Rack_2,15,3,coke_med,0.950523853302002,1128,224,1191,401,1159,312
frame_0,Rack_2,39,3,coke_med,0.8904669284820557,1064,224,1127,401,1095,312
frame_0,Rack_2,13,3,coke_med,0.9532817006111145,1017,225,1062,400,1039,312
frame_0,Rack_2,40,3,coke_med,0.8858180046081543,962,222,1015,401,988,311
frame_0,Rack_2,1,3,coke_med,0.9750725030899048,911,221,961,400,936,310
frame_0,Rack_2,57,6,coke_v_med,0.8223274350166321,858,221,910,401,884,311
frame_0,Rack_2,19,6,coke_v_med,0.9458518624305725,804,223,856,401,830,312
frame_0,Rack_2,29,6,coke_v_med,0.9316072463989258,753,224,803,401,778,312
frame_0,Rack_2,33,2,anw_med,0.9266002178192139,703,224,751,404,727,314
frame_0,Rack_2,11,2,anw_med,0.9583553671836853,653,223,702,402,677,312
frame_0,Rack_2,20,2,anw_med,0.9435264468193054,604,225,653,402,628,313
frame_0,Rack_2,3,2,anw_med,0.9718843698501587,556,228,604,401,580,314
frame_0,Rack_2,9,2,anw_med,0.9598454833030701,507,228,555,401,531,314
frame_0,Rack_2,2,2,anw_med,0.9736498594284058,456,226,506,401,481,313
frame_0,Rack_2,50,15,pepsi_med,0.8627169132232666,416,235,455,396,435,315
frame_0,Rack_2,7,15,pepsi_med,0.9612946510314941,369,234,414,396,391,315
frame_0,Rack_2,10,15,pepsi_med,0.9594199657440186,320,232,367,396,343,314
frame_0,Rack_2,5,15,pepsi_med,0.9695296287536621,279,235,318,395,298,315
frame_0,Rack_2,8,15,pepsi_med,0.9607139229774475,229,235,277,396,253,315
frame_0,Rack_2,17,15,pepsi_med,0.9469577074050903,187,235,227,395,207,315
frame_0,Rack_2,4,13,kick_med,0.9711105227470398,139,231,186,397,162,314
frame_0,Rack_2,44,13,kick_med,0.8796190023422241,97,229,138,397,117,313
frame_0,Rack_2,22,13,kick_med,0.9428192377090454,48,232,97,396,72,314
frame_0,Rack_2,26,13,kick_med,0.9353373646736145,5,233,47,395,26,314
frame_1,Rack_2,15,3,coke_med,0.9533331394195557,1128,221,1192,401,1160,311
frame_1,Rack_2,39,3,coke_med,0.8909487724304199,1064,223,1127,401,1095,312
frame_1,Rack_2,13,3,coke_med,0.9507731795310974,1017,224,1062,400,1039,312
frame_1,Rack_2,40,3,coke_med,0.8966326117515564,962,222,1015,401,988,311
frame_1,Rack_2,1,3,coke_med,0.9741719365119934,912,221,961,400,936,310
frame_1,Rack_2,57,6,coke_v_med,0.8227958679199219,858,224,910,401,884,312
frame_1,Rack_2,19,6,coke_v_med,0.9387795329093933,805,224,856,401,830,312
frame_1,Rack_2,29,6,coke_v_med,0.9343704581260681,753,224,803,401,778,312
frame_1,Rack_2,33,2,anw_med,0.9309024810791016,703,223,751,404,727,313
frame_1,Rack_2,11,2,anw_med,0.9637624025344849,653,222,702,402,677,312
frame_1,Rack_2,20,2,anw_med,0.94240403175354,604,224,653,402,628,313
frame_1,Rack_2,3,2,anw_med,0.9708808660507202,556,226,604,401,580,313
frame_1,Rack_2,9,2,anw_med,0.9584507346153259,507,226,556,402,531,314
frame_1,Rack_2,2,2,anw_med,0.9766581654548645,456,225,507,401,481,313
frame_1,Rack_2,50,15,pepsi_med,0.8564061522483826,415,233,455,397,435,315
frame_1,Rack_2,7,15,pepsi_med,0.9574540257453918,370,234,415,396,392,315
frame_1,Rack_2,10,15,pepsi_med,0.9584308862686157,320,232,367,396,343,314
frame_1,Rack_2,5,15,pepsi_med,0.9661298394203186,279,234,319,395,299,314
frame_1,Rack_2,8,15,pepsi_med,0.9601240754127502,229,234,277,396,253,315
frame_1,Rack_2,17,15,pepsi_med,0.9504615068435669,187,235,227,395,207,315
frame_1,Rack_2,4,13,kick_med,0.9713072776794434,139,231,186,397,162,314
frame_1,Rack_2,44,13,kick_med,0.862379789352417,97,230,138,397,117,313
frame_1,Rack_2,22,13,kick_med,0.9408976435661316,48,232,97,396,72,314
frame_1,Rack_2,26,13,kick_med,0.9432348012924194,5,234,47,395,26,314
frame_2,Rack_2,15,3,coke_med,0.956586480140686,1129,221,1193,400,1161,310
frame_2,Rack_2,39,3,coke_med,0.8882095217704773,1064,223,1128,401,1096,312
frame_2,Rack_2,13,3,coke_med,0.9533063769340515,1017,225,1062,400,1039,312
frame_2,Rack_2,40,3,coke_med,0.8946871161460876,962,222,1015,401,988,311
frame_2,Rack_2,1,3,coke_med,0.9707236886024475,912,221,961,400,936,310
frame_2,Rack_2,57,6,coke_v_med,0.8300684094429016,859,225,910,401,884,313
frame_2,Rack_2,19,6,coke_v_med,0.9363400936126709,805,225,856,401,830,313
frame_2,Rack_2,29,6,coke_v_med,0.9371243715286255,753,224,803,401,778,312
frame_2,Rack_2,33,2,anw_med,0.9372584819793701,703,224,752,404,727,314
frame_2,Rack_2,11,2,anw_med,0.9648558497428894,653,222,702,402,677,312
frame_2,Rack_2,20,2,anw_med,0.9447178244590759,604,224,653,402,628,313
frame_2,Rack_2,3,2,anw_med,0.9687545895576477,556,226,605,401,580,313
frame_2,Rack_2,9,2,anw_med,0.9564031362533569,507,226,556,401,531,313
frame_2,Rack_2,2,2,anw_med,0.9765536785125732,456,225,507,401,481,313
frame_2,Rack_2,50,15,pepsi_med,0.8530592918395996,416,232,456,398,436,315
frame_2,Rack_2,7,15,pepsi_med,0.9562185406684875,370,234,415,396,392,315
frame_2,Rack_2,10,15,pepsi_med,0.9617112278938293,320,232,367,396,343,314
frame_2,Rack_2,5,15,pepsi_med,0.9621707797050476,279,234,319,395,299,314
frame_2,Rack_2,8,15,pepsi_med,0.957883894443512,229,234,277,396,253,315
frame_2,Rack_2,17,15,pepsi_med,0.9517164826393127,187,234,228,395,207,314
frame_2,Rack_2,4,13,kick_med,0.9726765751838684,139,232,186,397,162,314
frame_2,Rack_2,44,13,kick_med,0.8645055890083313,97,230,138,397,117,313
frame_2,Rack_2,22,13,kick_med,0.9406286478042603,48,232,97,396,72,314
frame_2,Rack_2,26,13,kick_med,0.9428986310958862,5,234,47,395,26,314
frame_3,Rack_2,15,3,coke_med,0.9664224982261658,1130,222,1193,400,1161,311
frame_3,Rack_2,39,3,coke_med,0.8988900184631348,1065,223,1128,401,1096,312
frame_3,Rack_2,13,3,coke_med,0.956331193447113,1017,224,1062,400,1039,312
frame_3,Rack_2,40,3,coke_med,0.8908374905586243,962,222,1015,401,988,311
frame_3,Rack_2,1,3,coke_med,0.9683800935745239,912,221,961,400,936,310
frame_3,Rack_2,57,6,coke_v_med,0.8490199446678162,859,225,910,401,884,313
frame_3,Rack_2,19,6,coke_v_med,0.9418767690658569,805,225,856,401,830,313
frame_3,Rack_2,29,6,coke_v_med,0.9375285506248474,753,224,803,401,778,312
frame_3,Rack_2,33,2,anw_med,0.9298628568649292,703,224,752,404,727,314
frame_3,Rack_2,11,2,anw_med,0.9613063335418701,654,222,702,402,678,312
frame_3,Rack_2,20,2,anw_med,0.9414462447166443,604,224,653,402,628,313
frame_3,Rack_2,3,2,anw_med,0.9702272415161133,556,226,605,401,580,313
frame_3,Rack_2,9,2,anw_med,0.957102358341217,507,226,557,401,532,313
frame_3,Rack_2,2,2,anw_med,0.9760981798171997,457,225,507,401,482,313
frame_3,Rack_2,50,15,pepsi_med,0.8535799980163574,416,233,456,398,436,315
frame_3,Rack_2,7,15,pepsi_med,0.9524056315422058,370,234,415,395,392,314
frame_3,Rack_2,10,15,pepsi_med,0.9595944881439209,321,232,367,396,344,314
frame_3,Rack_2,5,15,pepsi_med,0.9657207727432251,279,234,319,395,299,314
frame_3,Rack_2,8,15,pepsi_med,0.9488257169723511,229,235,277,396,253,315
frame_3,Rack_2,17,15,pepsi_med,0.9472960829734802,187,235,228,395,207,315
frame_3,Rack_2,4,13,kick_med,0.9751188158988953,139,232,186,397,162,314
frame_3,Rack_2,44,13,kick_med,0.8588510155677795,97,230,138,397,117,313
frame_3,Rack_2,22,13,kick_med,0.9400550723075867,48,232,97,396,72,314
frame_3,Rack_2,26,13,kick_med,0.9461761713027954,5,234,47,395,26,314
frame_4,Rack_2,15,3,coke_med,0.9690970778465271,1130,223,1193,400,1161,311
frame_4,Rack_2,39,3,coke_med,0.8728166818618774,1065,223,1128,401,1096,312
frame_4,Rack_2,13,3,coke_med,0.9610258340835571,1017,224,1063,400,1040,312
frame_4,Rack_2,40,3,coke_med,0.904219388961792,963,222,1016,401,989,311
frame_4,Rack_2,1,3,coke_med,0.9681345224380493,912,221,961,400,936,310
frame_4,Rack_2,57,6,coke_v_med,0.8719238638877869,859,225,910,401,884,313
frame_4,Rack_2,19,6,coke_v_med,0.9481666088104248,805,225,857,401,831,313
frame_4,Rack_2,29,6,coke_v_med,0.9397296905517578,754,224,804,401,779,312
frame_4,Rack_2,33,2,anw_med,0.9277378916740417,703,224,752,404,727,314
frame_4,Rack_2,11,2,anw_med,0.9573404788970947,654,222,702,402,678,312
frame_4,Rack_2,20,2,anw_med,0.9445019364356995,605,224,653,402,629,313
frame_4,Rack_2,3,2,anw_med,0.967535674571991,556,226,605,401,580,313
frame_4,Rack_2,9,2,anw_med,0.9575446248054504,507,226,557,402,532,314
frame_4,Rack_2,2,2,anw_med,0.9754478931427002,457,224,507,401,482,312
frame_4,Rack_2,50,15,pepsi_med,0.8500580787658691,416,233,456,398,436,315
frame_4,Rack_2,7,15,pepsi_med,0.9521187543869019,370,234,415,395,392,314
frame_4,Rack_2,10,15,pepsi_med,0.9608402252197266,321,232,367,395,344,313
frame_4,Rack_2,5,15,pepsi_med,0.9682895541191101,279,234,319,395,299,314
frame_4,Rack_2,8,15,pepsi_med,0.9556825757026672,230,235,277,396,253,315
frame_4,Rack_2,17,15,pepsi_med,0.9485806822776794,187,235,228,395,207,315
frame_4,Rack_2,4,13,kick_med,0.9757184982299805,139,232,186,397,162,314
frame_4,Rack_2,44,13,kick_med,0.8596274256706238,97,230,138,397,117,313
frame_4,Rack_2,22,13,kick_med,0.9378495216369629,48,232,97,396,72,314
frame_4,Rack_2,26,13,kick_med,0.9469327330589294,5,234,47,395,26,314
frame_5,Rack_2,15,3,coke_med,0.9689560532569885,1130,222,1193,400,1161,311
frame_5,Rack_2,39,3,coke_med,0.8688522577285767,1065,223,1128,401,1096,312
frame_5,Rack_2,13,3,coke_med,0.9550319314002991,1017,224,1063,400,1040,312
frame_5,Rack_2,40,3,coke_med,0.9117434620857239,963,222,1016,401,989,311
frame_5,Rack_2,1,3,coke_med,0.9685590863227844,912,221,962,400,937,310
frame_5,Rack_2,57,6,coke_v_med,0.8677037954330444,859,225,910,401,884,313
frame_5,Rack_2,19,6,coke_v_med,0.9479721188545227,806,225,857,401,831,313
frame_5,Rack_2,29,6,coke_v_med,0.9376429915428162,754,224,804,401,779,312
frame_5,Rack_2,33,2,anw_med,0.9337897896766663,704,224,752,403,728,313
frame_5,Rack_2,11,2,anw_med,0.9550660848617554,654,222,702,402,678,312
frame_5,Rack_2,20,2,anw_med,0.9437987804412842,604,224,653,401,628,312
frame_5,Rack_2,3,2,anw_med,0.9672337174415588,556,226,605,401,580,313
frame_5,Rack_2,9,2,anw_med,0.9503592252731323,508,226,557,401,532,313
frame_5,Rack_2,2,2,anw_med,0.9750392436981201,457,224,507,401,482,312
frame_5,Rack_2,50,15,pepsi_med,0.8587217330932617,416,233,456,398,436,315
frame_5,Rack_2,7,15,pepsi_med,0.9503185153007507,370,234,415,395,392,314
frame_5,Rack_2,10,15,pepsi_med,0.9613509178161621,321,232,367,396,344,314
frame_5,Rack_2,5,15,pepsi_med,0.9712632298469543,279,234,319,395,299,314
frame_5,Rack_2,8,15,pepsi_med,0.9562463760375977,230,236,278,396,254,316
frame_5,Rack_2,17,15,pepsi_med,0.9428633451461792,188,235,228,395,208,315
frame_5,Rack_2,4,13,kick_med,0.9737672805786133,139,232,186,397,162,314
frame_5,Rack_2,44,13,kick_med,0.8482325077056885,97,231,138,397,117,314
frame_5,Rack_2,22,13,kick_med,0.9299594163894653,48,232,97,396,72,314
frame_5,Rack_2,26,13,kick_med,0.9420177936553955,5,234,47,395,26,314
frame_6,Rack_2,15,3,coke_med,0.9717636704444885,1130,222,1193,400,1161,311
frame_6,Rack_2,39,3,coke_med,0.8691256642341614,1065,223,1129,401,1097,312
frame_6,Rack_2,13,3,coke_med,0.9587398171424866,1017,224,1063,400,1040,312
frame_6,Rack_2,40,3,coke_med,0.9211502075195312,963,222,1016,401,989,311
frame_6,Rack_2,1,3,coke_med,0.9708755016326904,912,222,962,400,937,311
frame_6,Rack_2,57,6,coke_v_med,0.8731076717376709,859,226,910,401,884,313
frame_6,Rack_2,19,6,coke_v_med,0.9542446136474609,806,225,857,401,831,313
frame_6,Rack_2,29,6,coke_v_med,0.9313581585884094,754,224,804,401,779,312
frame_6,Rack_2,33,2,anw_med,0.9361729025840759,704,224,752,404,728,314
frame_6,Rack_2,11,2,anw_med,0.9565172791481018,654,222,702,402,678,312
frame_6,Rack_2,20,2,anw_med,0.9472154378890991,605,224,653,402,629,313
frame_6,Rack_2,3,2,anw_med,0.9668046236038208,557,226,605,401,581,313
frame_6,Rack_2,9,2,anw_med,0.9603406190872192,508,225,557,401,532,313
frame_6,Rack_2,2,2,anw_med,0.9757159948348999,457,224,508,401,482,312
frame_6,Rack_2,50,15,pepsi_med,0.855644941329956,416,233,456,398,436,315
frame_6,Rack_2,7,15,pepsi_med,0.9534037709236145,370,234,415,396,392,315
frame_6,Rack_2,10,15,pepsi_med,0.9602923393249512,321,232,367,396,344,314
frame_6,Rack_2,5,15,pepsi_med,0.9726951122283936,279,234,319,395,299,314
frame_6,Rack_2,8,15,pepsi_med,0.9493970274925232,230,236,278,396,254,316
frame_6,Rack_2,17,15,pepsi_med,0.9515987038612366,188,235,228,395,208,315
frame_6,Rack_2,4,13,kick_med,0.9741488099098206,139,232,186,397,162,314
frame_6,Rack_2,44,13,kick_med,0.8434552550315857,98,231,138,397,118,314
frame_6,Rack_2,22,13,kick_med,0.9311866760253906,48,233,97,396,72,314
frame_6,Rack_2,26,13,kick_med,0.9439763426780701,5,234,47,395,26,314
frame_7,Rack_2,15,3,coke_med,0.9632455706596375,1130,222,1194,400,1162,311
frame_7,Rack_2,39,3,coke_med,0.8669586777687073,1065,223,1129,401,1097,312
frame_7,Rack_2,13,3,coke_med,0.9614949822425842,1017,224,1063,400,1040,312
frame_7,Rack_2,40,3,coke_med,0.9175654053688049,963,222,1016,401,989,311
frame_7,Rack_2,1,3,coke_med,0.9681440591812134,913,222,962,400,937,311
frame_7,Rack_2,57,6,coke_v_med,0.879761815071106,860,225,911,401,885,313
frame_7,Rack_2,19,6,coke_v_med,0.9522345066070557,806,225,857,401,831,313
frame_7,Rack_2,29,6,coke_v_med,0.9336662292480469,754,224,804,401,779,312
frame_7,Rack_2,33,2,anw_med,0.9352108836174011,704,224,752,404,728,314
frame_7,Rack_2,11,2,anw_med,0.9584228992462158,654,223,702,402,678,312
frame_7,Rack_2,20,2,anw_med,0.9492138624191284,605,224,653,402,629,313
frame_7,Rack_2,3,2,anw_med,0.9686846137046814,557,226,605,401,581,313
frame_7,Rack_2,9,2,anw_med,0.9617973566055298,508,225,557,401,532,313
frame_7,Rack_2,2,2,anw_med,0.975123941898346,457,224,508,401,482,312
frame_7,Rack_2,50,15,pepsi_med,0.8546156287193298,416,233,456,398,436,315
frame_7,Rack_2,7,15,pepsi_med,0.9530114531517029,370,234,415,396,392,315
frame_7,Rack_2,10,15,pepsi_med,0.9582674503326416,321,232,367,396,344,314
frame_7,Rack_2,5,15,pepsi_med,0.9722456336021423,279,234,319,395,299,314
frame_7,Rack_2,8,15,pepsi_med,0.9523944854736328,230,236,278,396,254,316
frame_7,Rack_2,17,15,pepsi_med,0.9495368003845215,188,236,228,395,208,315
frame_7,Rack_2,4,13,kick_med,0.9726251363754272,139,232,186,397,162,314
frame_7,Rack_2,44,13,kick_med,0.8440464735031128,98,231,138,397,118,314
frame_7,Rack_2,22,13,kick_med,0.9302561283111572,49,233,97,396,73,314
frame_7,Rack_2,26,13,kick_med,0.9399851560592651,5,234,47,395,26,314
frame_8,Rack_2,15,3,coke_med,0.9684914350509644,1130,221,1194,400,1162,310
frame_8,Rack_2,39,3,coke_med,0.8726535439491272,1065,222,1129,402,1097,312
frame_8,Rack_2,13,3,coke_med,0.9596940279006958,1017,224,1063,400,1040,312
frame_8,Rack_2,40,3,coke_med,0.9212307929992676,963,222,1016,401,989,311
frame_8,Rack_2,1,3,coke_med,0.97132807970047,913,222,962,401,937,311
frame_8,Rack_2,57,6,coke_v_med,0.884071409702301,859,225,911,401,885,313
frame_8,Rack_2,19,6,coke_v_med,0.9540072679519653,806,225,857,401,831,313
frame_8,Rack_2,29,6,coke_v_med,0.9328522682189941,754,224,804,401,779,312
frame_8,Rack_2,33,2,anw_med,0.9350779056549072,704,224,752,404,728,314
frame_8,Rack_2,11,2,anw_med,0.9582250714302063,654,223,702,402,678,312
frame_8,Rack_2,20,2,anw_med,0.9469396471977234,605,224,653,402,629,313
frame_8,Rack_2,3,2,anw_med,0.9698984622955322,557,226,605,401,581,313
frame_8,Rack_2,9,2,anw_med,0.9612372517585754,508,225,557,401,532,313
frame_8,Rack_2,2,2,anw_med,0.9748080968856812,457,224,508,401,482,312
frame_8,Rack_2,50,15,pepsi_med,0.8603347539901733,416,233,456,398,436,315
frame_8,Rack_2,7,15,pepsi_med,0.9486740827560425,370,234,415,396,392,315
frame_8,Rack_2,10,15,pepsi_med,0.9580267667770386,321,232,367,396,344,314
frame_8,Rack_2,5,15,pepsi_med,0.9729166626930237,280,235,319,395,299,315
frame_8,Rack_2,8,15,pepsi_med,0.9528903365135193,230,236,278,396,254,316
frame_8,Rack_2,17,15,pepsi_med,0.9484969973564148,188,236,228,395,208,315
frame_8,Rack_2,4,13,kick_med,0.9728879928588867,139,232,186,397,162,314
frame_8,Rack_2,44,13,kick_med,0.849584698677063,98,231,138,397,118,314
frame_8,Rack_2,22,13,kick_med,0.9266617298126221,48,233,97,397,72,315
frame_8,Rack_2,26,13,kick_med,0.9382011890411377,5,235,47,395,26,315
frame_9,Rack_2,15,3,coke_med,0.9611105918884277,1130,221,1194,400,1162,310
frame_9,Rack_2,39,3,coke_med,0.8587793111801147,1066,223,1129,401,1097,312
frame_9,Rack_2,13,3,coke_med,0.9571699500083923,1018,224,1063,400,1040,312
frame_9,Rack_2,40,3,coke_med,0.9118995070457458,963,222,1016,401,989,311
frame_9,Rack_2,1,3,coke_med,0.9641228318214417,912,221,962,400,937,310
frame_9,Rack_2,57,6,coke_v_med,0.8895827531814575,859,225,911,401,885,313
frame_9,Rack_2,19,6,coke_v_med,0.9548164010047913,806,225,857,401,831,313
frame_9,Rack_2,29,6,coke_v_med,0.929534912109375,754,224,804,401,779,312
frame_9,Rack_2,33,2,anw_med,0.9319473505020142,704,224,752,404,728,314
frame_9,Rack_2,11,2,anw_med,0.9562203884124756,654,223,703,402,678,312
frame_9,Rack_2,20,2,anw_med,0.9478527903556824,605,224,653,402,629,313
frame_9,Rack_2,3,2,anw_med,0.9678240418434143,557,224,605,401,581,312
frame_9,Rack_2,9,2,anw_med,0.9626256823539734,508,225,557,401,532,313
frame_9,Rack_2,2,2,anw_med,0.9747231602668762,457,225,508,401,482,313
frame_9,Rack_2,50,15,pepsi_med,0.8665335774421692,416,233,456,397,436,315
frame_9,Rack_2,7,15,pepsi_med,0.9466936588287354,370,234,415,395,392,314
frame_9,Rack_2,10,15,pepsi_med,0.9567625522613525,321,232,367,396,344,314
frame_9,Rack_2,5,15,pepsi_med,0.9718306660652161,279,235,319,395,299,315
frame_9,Rack_2,8,15,pepsi_med,0.9483093619346619,230,236,277,396,253,316
frame_9,Rack_2,17,15,pepsi_med,0.9528670310974121,188,236,228,395,208,315
frame_9,Rack_2,4,13,kick_med,0.9729183316230774,139,232,186,397,162,314
frame_9,Rack_2,44,13,kick_med,0.8380762934684753,98,231,138,397,118,314
frame_9,Rack_2,22,13,kick_med,0.9304330945014954,48,233,97,397,72,315
frame_9,Rack_2,26,13,kick_med,0.9259458184242249,5,235,47,395,26,315
frame_10,Rack_2,15,3,coke_med,0.9646267294883728,1130,221,1193,400,1161,310
frame_10,Rack_2,39,3,coke_med,0.8716089129447937,1066,223,1129,401,1097,312
frame_10,Rack_2,13,3,coke_med,0.9577028155326843,1017,224,1063,400,1040,312
frame_10,Rack_2,40,3,coke_med,0.9017653465270996,963,222,1016,401,989,311
frame_10,Rack_2,1,3,coke_med,0.9659522175788879,912,221,962,400,937,310
frame_10,Rack_2,57,6,coke_v_med,0.887822687625885,859,225,911,401,885,313
frame_10,Rack_2,19,6,coke_v_med,0.9555215835571289,806,225,857,401,831,313
frame_10,Rack_2,29,6,coke_v_med,0.9323717951774597,754,224,804,401,779,312
frame_10,Rack_2,33,2,anw_med,0.9363176822662354,704,224,752,403,728,313
frame_10,Rack_2,11,2,anw_med,0.9563058614730835,654,223,703,402,678,312
frame_10,Rack_2,20,2,anw_med,0.9480108022689819,605,224,653,402,629,313
frame_10,Rack_2,3,2,anw_med,0.9694133400917053,557,225,605,401,581,313
frame_10,Rack_2,9,2,anw_med,0.9624898433685303,508,226,557,401,532,313
frame_10,Rack_2,2,2,anw_med,0.9744446277618408,457,225,508,401,482,313
frame_10,Rack_2,50,15,pepsi_med,0.8723626732826233,416,234,456,397,436,315
frame_10,Rack_2,7,15,pepsi_med,0.9495512247085571,370,234,415,395,392,314
frame_10,Rack_2,10,15,pepsi_med,0.9583395719528198,321,232,367,396,344,314
frame_10,Rack_2,5,15,pepsi_med,0.9705862402915955,279,235,319,395,299,315
frame_10,Rack_2,8,15,pepsi_med,0.9487056136131287,230,236,278,396,254,316
frame_10,Rack_2,17,15,pepsi_med,0.9486610293388367,188,236,228,395,208,315
frame_10,Rack_2,4,13,kick_med,0.9719182848930359,139,232,186,397,162,314
frame_10,Rack_2,44,13,kick_med,0.8483282327651978,97,231,138,397,117,314
frame_10,Rack_2,22,13,kick_med,0.9338250160217285,48,233,97,397,72,315
frame_10,Rack_2,26,13,kick_med,0.9232204556465149,5,235,47,395,26,315
frame_11,Rack_2,15,3,coke_med,0.961133599281311,1130,220,1193,399,1161,309
frame_11,Rack_2,39,3,coke_med,0.8830950260162354,1065,223,1128,401,1096,312
frame_11,Rack_2,13,3,coke_med,0.9553150534629822,1017,224,1063,400,1040,312
frame_11,Rack_2,40,3,coke_med,0.8883851766586304,963,222,1016,401,989,311
frame_11,Rack_2,1,3,coke_med,0.9687293171882629,912,221,962,400,937,310
frame_11,Rack_2,57,6,coke_v_med,0.87845379114151,859,225,911,401,885,313
frame_11,Rack_2,19,6,coke_v_med,0.952427089214325,805,225,857,401,831,313
frame_11,Rack_2,29,6,coke_v_med,0.9345639944076538,754,224,804,401,779,312
frame_11,Rack_2,33,2,anw_med,0.9342010617256165,704,224,752,403,728,313
frame_11,Rack_2,11,2,anw_med,0.9568411111831665,654,223,702,402,678,312
frame_11,Rack_2,20,2,anw_med,0.9446742534637451,605,224,653,402,629,313
frame_11,Rack_2,3,2,anw_med,0.9698179364204407,557,224,605,401,581,312
frame_11,Rack_2,9,2,anw_med,0.9663269519805908,508,226,557,401,532,313
frame_11,Rack_2,2,2,anw_med,0.9741142392158508,457,225,508,401,482,313
frame_11,Rack_2,50,15,pepsi_med,0.8717607259750366,416,233,456,397,436,315
frame_11,Rack_2,7,15,pepsi_med,0.949599027633667,370,234,415,395,392,314
frame_11,Rack_2,10,15,pepsi_med,0.9571698904037476,321,232,367,396,344,314
frame_11,Rack_2,5,15,pepsi_med,0.968485951423645,279,235,319,395,299,315
frame_11,Rack_2,8,15,pepsi_med,0.952572226524353,230,236,277,396,253,316
frame_11,Rack_2,17,15,pepsi_med,0.9470447301864624,188,236,228,395,208,315
frame_11,Rack_2,4,13,kick_med,0.9747739434242249,139,232,186,397,162,314
frame_11,Rack_2,44,13,kick_med,0.8549154996871948,97,231,138,397,117,314
frame_11,Rack_2,22,13,kick_med,0.9344267845153809,48,233,97,397,72,315
frame_11,Rack_2,26,13,kick_med,0.9252045750617981,5,234,47,396,26,315
frame_12,Rack_2,15,3,coke_med,0.9551838636398315,1129,222,1192,400,1160,311
frame_12,Rack_2,39,3,coke_med,0.8917092680931091,1065,223,1128,401,1096,312
frame_12,Rack_2,13,3,coke_med,0.953453540802002,1017,224,1063,400,1040,312
frame_12,Rack_2,40,3,coke_med,0.8764768242835999,963,222,1016,400,989,311
frame_12,Rack_2,1,3,coke_med,0.9689599275588989,912,221,962,400,937,310
frame_12,Rack_2,57,6,coke_v_med,0.8875357508659363,859,225,911,401,885,313
frame_12,Rack_2,19,6,coke_v_med,0.9497658014297485,805,225,857,400,831,312
frame_12,Rack_2,29,6,coke_v_med,0.9335941076278687,754,224,804,401,779,312
frame_12,Rack_2,33,2,anw_med,0.9372393488883972,704,224,752,402,728,313
frame_12,Rack_2,11,2,anw_med,0.9608197808265686,654,223,702,401,678,312
frame_12,Rack_2,20,2,anw_med,0.949357271194458,605,224,653,401,629,312
frame_12,Rack_2,3,2,anw_med,0.9727557897567749,557,223,605,401,581,312
frame_12,Rack_2,9,2,anw_med,0.964053213596344,508,226,557,401,532,313
frame_12,Rack_2,2,2,anw_med,0.9743501543998718,457,225,508,401,482,313
frame_12,Rack_2,50,15,pepsi_med,0.8756639957427979,416,233,456,397,436,315
frame_12,Rack_2,7,15,pepsi_med,0.951913595199585,370,234,415,395,392,314
frame_12,Rack_2,10,15,pepsi_med,0.9584693312644958,321,233,367,396,344,314
frame_12,Rack_2,5,15,pepsi_med,0.9655040502548218,279,235,319,395,299,315
frame_12,Rack_2,8,15,pepsi_med,0.9546436071395874,230,236,277,396,253,316
frame_12,Rack_2,17,15,pepsi_med,0.9433139562606812,187,236,228,395,207,315
frame_12,Rack_2,4,13,kick_med,0.9741829037666321,139,232,186,397,162,314
frame_12,Rack_2,44,13,kick_med,0.8489604592323303,97,230,138,397,117,313
frame_12,Rack_2,22,13,kick_med,0.9387393593788147,48,233,97,397,72,315
frame_12,Rack_2,26,13,kick_med,0.9255161285400391,5,234,47,395,26,314
frame_13,Rack_2,15,3,coke_med,0.954007625579834,1129,222,1192,400,1160,311
frame_13,Rack_2,39,3,coke_med,0.8985186815261841,1065,222,1128,401,1096,311
frame_13,Rack_2,13,3,coke_med,0.9536179304122925,1017,224,1063,400,1040,312
frame_13,Rack_2,40,3,coke_med,0.8781328201293945,963,222,1016,400,989,311
frame_13,Rack_2,1,3,coke_med,0.9687086343765259,912,221,962,400,937,310
frame_13,Rack_2,57,6,coke_v_med,0.8952522277832031,859,225,910,401,884,313
frame_13,Rack_2,19,6,coke_v_med,0.951524555683136,805,225,857,400,831,312
frame_13,Rack_2,29,6,coke_v_med,0.927004337310791,754,224,804,401,779,312
frame_13,Rack_2,33,2,anw_med,0.9441851377487183,704,224,752,402,728,313
frame_13,Rack_2,11,2,anw_med,0.9589496850967407,654,223,702,401,678,312
frame_13,Rack_2,20,2,anw_med,0.9462952017784119,605,224,653,401,629,312
frame_13,Rack_2,3,2,anw_med,0.9722105860710144,557,223,605,401,581,312
frame_13,Rack_2,9,2,anw_med,0.9630380868911743,508,226,557,401,532,313
frame_13,Rack_2,2,2,anw_med,0.9749923348426819,457,225,508,401,482,313
frame_13,Rack_2,50,15,pepsi_med,0.8731061220169067,416,233,456,397,436,315
frame_13,Rack_2,7,15,pepsi_med,0.9551756978034973,370,234,415,395,392,314
frame_13,Rack_2,10,15,pepsi_med,0.9608491659164429,321,233,367,395,344,314
frame_13,Rack_2,5,15,pepsi_med,0.9688712954521179,279,235,319,395,299,315
frame_13,Rack_2,8,15,pepsi_med,0.9536482095718384,229,235,277,396,253,315
frame_13,Rack_2,17,15,pepsi_med,0.9485679864883423,187,235,228,395,207,315
frame_13,Rack_2,4,13,kick_med,0.9752664566040039,139,232,186,397,162,314
frame_13,Rack_2,44,13,kick_med,0.8380568623542786,97,231,138,397,117,314
frame_13,Rack_2,22,13,kick_med,0.9352271556854248,48,233,97,396,72,314
frame_13,Rack_2,26,13,kick_med,0.9416819214820862,5,234,47,395,26,314
frame_14,Rack_2,15,3,coke_med,0.9604476094245911,1128,222,1192,400,1160,311
frame_14,Rack_2,39,3,coke_med,0.8814904093742371,1066,222,1129,401,1097,311
frame_14,Rack_2,13,3,coke_med,0.9593517184257507,1017,223,1063,399,1040,311
frame_14,Rack_2,40,3,coke_med,0.8821664452552795,963,221,1016,400,989,310
frame_14,Rack_2,1,3,coke_med,0.969711422920227,912,220,962,400,937,310
frame_14,Rack_2,57,6,coke_v_med,0.8907080888748169,859,224,910,401,884,312
frame_14,Rack_2,19,6,coke_v_med,0.9477940797805786,805,224,857,400,831,312
frame_14,Rack_2,29,6,coke_v_med,0.9154220223426819,754,224,804,400,779,312
frame_14,Rack_2,33,2,anw_med,0.9560706615447998,704,224,752,402,728,313
frame_14,Rack_2,11,2,anw_med,0.960238516330719,654,222,702,401,678,311
frame_14,Rack_2,20,2,anw_med,0.9464631676673889,605,224,653,401,629,312
frame_14,Rack_2,3,2,anw_med,0.9715601801872253,557,223,605,401,581,312
frame_14,Rack_2,9,2,anw_med,0.9618330597877502,508,225,557,401,532,313
frame_14,Rack_2,2,2,anw_med,0.9759722352027893,457,224,508,401,482,312
frame_14,Rack_2,50,15,pepsi_med,0.873275101184845,416,233,456,397,436,315
frame_14,Rack_2,7,15,pepsi_med,0.9611765742301941,370,234,415,395,392,314
frame_14,Rack_2,10,15,pepsi_med,0.9589106440544128,321,233,367,395,344,314
frame_14,Rack_2,5,15,pepsi_med,0.9677749872207642,279,235,319,395,299,315
frame_14,Rack_2,8,15,pepsi_med,0.9578160047531128,229,235,277,396,253,315
frame_14,Rack_2,17,15,pepsi_med,0.9482817053794861,187,235,228,395,207,315
frame_14,Rack_2,4,13,kick_med,0.9755511283874512,139,231,186,397,162,314
frame_14,Rack_2,44,13,kick_med,0.8560117483139038,97,230,137,397,117,313
frame_14,Rack_2,22,13,kick_med,0.946615993976593,48,232,97,396,72,314
frame_14,Rack_2,26,13,kick_med,0.9236225485801697,5,234,47,395,26,314
frame_15,Rack_2,15,3,coke_med,0.9480862021446228,1128,221,1192,400,1160,310
frame_15,Rack_2,39,3,coke_med,0.8796793222427368,1065,222,1128,401,1096,311
frame_15,Rack_2,13,3,coke_med,0.9565406441688538,1017,223,1063,399,1040,311
frame_15,Rack_2,40,3,coke_med,0.885888934135437,963,221,1016,400,989,310
frame_15,Rack_2,1,3,coke_med,0.9669727087020874,912,219,962,400,937,309
frame_15,Rack_2,57,6,coke_v_med,0.8786556124687195,858,223,910,401,884,312
frame_15,Rack_2,19,6,coke_v_med,0.9434528350830078,805,224,857,400,831,312
frame_15,Rack_2,29,6,coke_v_med,0.9061558246612549,754,223,804,400,779,311
frame_15,Rack_2,33,2,anw_med,0.956261157989502,703,224,752,402,727,313
frame_15,Rack_2,11,2,anw_med,0.9596311450004578,654,222,702,401,678,311
frame_15,Rack_2,20,2,anw_med,0.9417032599449158,605,224,653,401,629,312
frame_15,Rack_2,3,2,anw_med,0.9729397892951965,557,222,605,401,581,311
frame_15,Rack_2,9,2,anw_med,0.9589473009109497,507,225,556,401,531,313
frame_15,Rack_2,2,2,anw_med,0.9773688316345215,457,224,508,401,482,312
frame_15,Rack_2,50,15,pepsi_med,0.8774938583374023,416,233,455,397,435,315
frame_15,Rack_2,7,15,pepsi_med,0.9622193574905396,369,234,414,395,391,314
frame_15,Rack_2,10,15,pepsi_med,0.961359977722168,320,232,366,395,343,313
frame_15,Rack_2,5,15,pepsi_med,0.9633088111877441,279,234,319,395,299,314
frame_15,Rack_2,8,15,pepsi_med,0.955764651298523,229,235,277,395,253,315
frame_15,Rack_2,17,15,pepsi_med,0.948293924331665,187,235,227,395,207,315
frame_15,Rack_2,4,13,kick_med,0.9723519682884216,138,231,186,397,162,314
frame_15,Rack_2,44,13,kick_med,0.8426962494850159,97,230,137,396,117,313
frame_15,Rack_2,22,13,kick_med,0.9450177550315857,48,232,97,396,72,314
frame_15,Rack_2,26,13,kick_med,0.9137694239616394,5,233,48,395,26,314
frame_16,Rack_2,15,3,coke_med,0.9572857618331909,1129,221,1192,400,1160,310
frame_16,Rack_2,39,3,coke_med,0.88120037317276,1065,223,1128,401,1096,312
frame_16,Rack_2,13,3,coke_med,0.9580687880516052,1017,223,1063,399,1040,311
frame_16,Rack_2,40,3,coke_med,0.8786134719848633,962,220,1016,400,989,310
frame_16,Rack_2,1,3,coke_med,0.9673382043838501,912,219,961,400,936,309
frame_16,Rack_2,57,6,coke_v_med,0.871344268321991,858,223,910,400,884,311
frame_16,Rack_2,19,6,coke_v_med,0.9370601177215576,805,224,856,400,830,312
frame_16,Rack_2,29,6,coke_v_med,0.9102752804756165,754,223,804,400,779,311
frame_16,Rack_2,33,2,anw_med,0.9564645290374756,703,224,752,402,727,313
frame_16,Rack_2,11,2,anw_med,0.9610076546669006,653,222,702,401,677,311
frame_16,Rack_2,20,2,anw_med,0.9407433271408081,605,224,653,400,629,312
frame_16,Rack_2,3,2,anw_med,0.9734363555908203,556,222,605,401,580,311
frame_16,Rack_2,9,2,anw_med,0.9577240347862244,507,225,556,400,531,312
frame_16,Rack_2,2,2,anw_med,0.9782310128211975,457,224,507,400,482,312
frame_16,Rack_2,50,15,pepsi_med,0.8746564388275146,416,233,455,397,435,315
frame_16,Rack_2,7,15,pepsi_med,0.9616090655326843,369,234,414,395,391,314
frame_16,Rack_2,10,15,pepsi_med,0.958483874797821,320,232,366,395,343,313
frame_16,Rack_2,5,15,pepsi_med,0.9511753916740417,279,234,318,395,298,314
frame_16,Rack_2,8,15,pepsi_med,0.9558236002922058,229,234,276,395,252,314
frame_16,Rack_2,17,15,pepsi_med,0.9378752112388611,187,234,227,395,207,314
frame_16,Rack_2,4,13,kick_med,0.9704912304878235,138,231,185,397,161,314
frame_16,Rack_2,44,13,kick_med,0.8485252261161804,97,230,137,396,117,313
frame_16,Rack_2,22,13,kick_med,0.9468922019004822,47,232,97,396,72,314
frame_16,Rack_2,26,13,kick_med,0.9060300588607788,6,232,48,395,27,313
frame_17,Rack_2,15,3,coke_med,0.9713302254676819,1129,220,1193,400,1161,310
frame_17,Rack_2,39,3,coke_med,0.8968711495399475,1065,222,1128,401,1096,311
frame_17,Rack_2,13,3,coke_med,0.9605674743652344,1017,223,1063,399,1040,311
frame_17,Rack_2,40,3,coke_med,0.8757229447364807,963,220,1016,400,989,310
frame_17,Rack_2,1,3,coke_med,0.9616290926933289,912,219,962,400,937,309
frame_17,Rack_2,57,6,coke_v_med,0.8790659308433533,858,222,910,400,884,311
frame_17,Rack_2,19,6,coke_v_med,0.9361444711685181,805,224,856,399,830,311
frame_17,Rack_2,29,6,coke_v_med,0.9044155478477478,754,223,804,400,779,311
frame_17,Rack_2,33,2,anw_med,0.9591277241706848,703,224,752,402,727,313
frame_17,Rack_2,11,2,anw_med,0.9643121361732483,653,222,702,401,677,311
frame_17,Rack_2,20,2,anw_med,0.9417737126350403,604,224,652,400,628,312
frame_17,Rack_2,3,2,anw_med,0.9737935066223145,556,222,604,401,580,311
frame_17,Rack_2,9,2,anw_med,0.9564310312271118,507,225,556,400,531,312
frame_17,Rack_2,2,2,anw_med,0.9785196185112,457,224,507,400,482,312
frame_17,Rack_2,50,15,pepsi_med,0.8703765273094177,416,233,455,397,435,315
frame_17,Rack_2,7,15,pepsi_med,0.9618203043937683,369,234,414,395,391,314
frame_17,Rack_2,10,15,pepsi_med,0.9611110687255859,320,232,366,395,343,313
frame_17,Rack_2,5,15,pepsi_med,0.9511616826057434,279,234,318,395,298,314
frame_17,Rack_2,8,15,pepsi_med,0.9487400650978088,229,235,276,395,252,315
frame_17,Rack_2,17,15,pepsi_med,0.9322066903114319,186,235,227,395,206,315
frame_17,Rack_2,4,13,kick_med,0.9724708199501038,138,230,185,397,161,313
frame_17,Rack_2,44,13,kick_med,0.8565511703491211,96,229,137,396,116,312
frame_17,Rack_2,22,13,kick_med,0.9409844279289246,47,232,96,396,71,314
frame_17,Rack_2,26,13,kick_med,0.9002791047096252,6,232,48,395,27,313
frame_18,Rack_2,15,3,coke_med,0.957558810710907,1128,221,1192,400,1160,310
frame_18,Rack_2,39,3,coke_med,0.8819202184677124,1065,223,1127,401,1096,312
frame_18,Rack_2,13,3,coke_med,0.9595557451248169,1017,223,1063,399,1040,311
frame_18,Rack_2,40,3,coke_med,0.8731642961502075,962,220,1016,400,989,310
frame_18,Rack_2,1,3,coke_med,0.9600134491920471,911,219,961,400,936,309
frame_18,Rack_2,57,6,coke_v_med,0.8907133936882019,858,222,910,400,884,311
frame_18,Rack_2,19,6,coke_v_med,0.9394395351409912,805,224,856,399,830,311
frame_18,Rack_2,29,6,coke_v_med,0.8999626636505127,754,223,803,400,778,311
frame_18,Rack_2,33,2,anw_med,0.9604364037513733,703,224,752,402,727,313
frame_18,Rack_2,11,2,anw_med,0.9606189727783203,653,222,702,401,677,311
frame_18,Rack_2,20,2,anw_med,0.9426059722900391,604,224,652,400,628,312
frame_18,Rack_2,3,2,anw_med,0.9740005731582642,556,222,604,401,580,311
frame_18,Rack_2,9,2,anw_med,0.9527094960212708,507,225,556,400,531,312
frame_18,Rack_2,2,2,anw_med,0.978114128112793,456,224,507,400,481,312
frame_18,Rack_2,50,15,pepsi_med,0.8690418601036072,416,234,455,397,435,315
frame_18,Rack_2,7,15,pepsi_med,0.9634218811988831,369,234,414,395,391,314
frame_18,Rack_2,10,15,pepsi_med,0.95957350730896,320,232,366,395,343,313
frame_18,Rack_2,5,15,pepsi_med,0.9465561509132385,278,235,318,395,298,315
frame_18,Rack_2,8,15,pepsi_med,0.9529225826263428,228,235,276,395,252,315
frame_18,Rack_2,17,15,pepsi_med,0.9205178022384644,186,235,227,395,206,315
frame_18,Rack_2,4,13,kick_med,0.9700778126716614,138,230,185,397,161,313
frame_18,Rack_2,44,13,kick_med,0.8805398344993591,96,230,136,396,116,313
frame_18,Rack_2,22,13,kick_med,0.9521280527114868,47,232,96,396,71,314
frame_18,Rack_2,26,13,kick_med,0.9126360416412354,6,232,48,395,27,313
frame_19,Rack_2,15,3,coke_med,0.9663269519805908,1129,220,1193,400,1161,310
frame_19,Rack_2,39,3,coke_med,0.8871310353279114,1064,222,1127,401,1095,311
frame_19,Rack_2,13,3,coke_med,0.9593808054924011,1017,223,1063,399,1040,311
frame_19,Rack_2,40,3,coke_med,0.8741282224655151,962,220,1016,400,989,310
frame_19,Rack_2,1,3,coke_med,0.9620949625968933,911,219,961,400,936,309
frame_19,Rack_2,57,6,coke_v_med,0.8788121938705444,858,222,911,400,884,311
frame_19,Rack_2,19,6,coke_v_med,0.9396619200706482,805,224,856,399,830,311
frame_19,Rack_2,29,6,coke_v_med,0.9135175943374634,754,223,804,400,779,311
frame_19,Rack_2,33,2,anw_med,0.9624608755111694,703,223,752,402,727,312
frame_19,Rack_2,11,2,anw_med,0.957405149936676,653,222,702,401,677,311
frame_19,Rack_2,20,2,anw_med,0.9439458847045898,604,224,652,400,628,312
frame_19,Rack_2,3,2,anw_med,0.9723829030990601,556,222,604,401,580,311
frame_19,Rack_2,9,2,anw_med,0.9535933136940002,507,225,556,400,531,312
frame_19,Rack_2,2,2,anw_med,0.9784111976623535,456,224,507,400,481,312
frame_19,Rack_2,50,15,pepsi_med,0.8684747219085693,416,234,455,397,435,315
frame_19,Rack_2,7,15,pepsi_med,0.9615253806114197,369,234,414,395,391,314
frame_19,Rack_2,10,15,pepsi_med,0.9601861834526062,320,232,366,395,343,313
frame_19,Rack_2,5,15,pepsi_med,0.9511323571205139,279,235,318,395,298,315
frame_19,Rack_2,8,15,pepsi_med,0.9541813731193542,228,234,276,395,252,314
frame_19,Rack_2,17,15,pepsi_med,0.9198610186576843,186,234,227,395,206,314
frame_19,Rack_2,4,13,kick_med,0.9686782956123352,138,230,185,397,161,313
frame_19,Rack_2,44,13,kick_med,0.884586751461029,96,230,136,396,116,313
frame_19,Rack_2,22,13,kick_med,0.9476628303527832,47,232,96,396,71,314
frame_19,Rack_2,26,13,kick_med,0.8891786932945251,6,233,47,395,26,314
frame_20,Rack_2,15,3,coke_med,0.9695494771003723,1129,219,1193,399,1161,309
frame_20,Rack_2,39,3,coke_med,0.8951358199119568,1064,222,1127,401,1095,311
frame_20,Rack_2,13,3,coke_med,0.9580432772636414,1017,223,1063,399,1040,311
frame_20,Rack_2,40,3,coke_med,0.8780664801597595,962,220,1016,400,989,310
frame_20,Rack_2,1,3,coke_med,0.9652243852615356,911,218,962,400,936,309
frame_20,Rack_2,57,6,coke_v_med,0.8712854385375977,858,221,911,400,884,310
frame_20,Rack_2,19,6,coke_v_med,0.9348191618919373,805,222,857,399,831,310
frame_20,Rack_2,29,6,coke_v_med,0.91791832447052,754,222,804,400,779,311
frame_20,Rack_2,33,2,anw_med,0.9621201157569885,703,223,752,402,727,312
frame_20,Rack_2,11,2,anw_med,0.9570901393890381,653,222,702,401,677,311
frame_20,Rack_2,20,2,anw_med,0.9380889534950256,604,223,653,401,628,312
frame_20,Rack_2,3,2,anw_med,0.9714713096618652,557,222,605,401,581,311
frame_20,Rack_2,9,2,anw_med,0.9524646997451782,507,224,556,400,531,312
frame_20,Rack_2,2,2,anw_med,0.9797690510749817,456,224,507,400,481,312
frame_20,Rack_2,50,15,pepsi_med,0.8646840453147888,416,234,455,397,435,315
frame_20,Rack_2,7,15,pepsi_med,0.9600588083267212,369,234,414,395,391,314
frame_20,Rack_2,10,15,pepsi_med,0.9620140790939331,320,232,366,395,343,313
frame_20,Rack_2,5,15,pepsi_med,0.9565268158912659,279,235,318,395,298,315
frame_20,Rack_2,8,15,pepsi_med,0.9588704109191895,228,234,276,395,252,314
frame_20,Rack_2,17,15,pepsi_med,0.9326115846633911,186,234,227,395,206,314
frame_20,Rack_2,4,13,kick_med,0.9695824384689331,137,230,185,397,161,313
frame_20,Rack_2,44,13,kick_med,0.8736343383789062,96,230,136,396,116,313
frame_20,Rack_2,22,13,kick_med,0.9382004737854004,47,232,96,396,71,314
frame_20,Rack_2,26,13,kick_med,0.9206417798995972,6,233,47,395,26,314
frame_21,Rack_2,15,3,coke_med,0.9697898030281067,1129,219,1193,399,1161,309
frame_21,Rack_2,39,3,coke_med,0.8633207678794861,1065,222,1128,401,1096,311
frame_21,Rack_2,13,3,coke_med,0.9549576640129089,1017,223,1063,399,1040,311
frame_21,Rack_2,40,3,coke_med,0.8643646836280823,963,220,1016,400,989,310
frame_21,Rack_2,1,3,coke_med,0.9598619341850281,912,218,962,400,937,309
frame_21,Rack_2,57,6,coke_v_med,0.8791025876998901,858,222,911,400,884,311
frame_21,Rack_2,19,6,coke_v_med,0.9408706426620483,805,223,857,399,831,311
frame_21,Rack_2,29,6,coke_v_med,0.906038761138916,754,223,804,400,779,311
frame_21,Rack_2,33,2,anw_med,0.9680995941162109,703,223,752,402,727,312
frame_21,Rack_2,11,2,anw_med,0.9556269645690918,653,222,702,401,677,311
frame_21,Rack_2,20,2,anw_med,0.9410625696182251,605,224,653,401,629,312
frame_21,Rack_2,3,2,anw_med,0.9702006578445435,557,224,605,401,581,312
frame_21,Rack_2,9,2,anw_med,0.9569331407546997,507,224,556,401,531,312
frame_21,Rack_2,2,2,anw_med,0.9786310195922852,457,224,507,400,482,312
frame_21,Rack_2,50,15,pepsi_med,0.8634518980979919,416,233,455,397,435,315
frame_21,Rack_2,7,15,pepsi_med,0.9582873582839966,369,234,414,395,391,314
frame_21,Rack_2,10,15,pepsi_med,0.9600103497505188,320,232,366,396,343,314
frame_21,Rack_2,5,15,pepsi_med,0.9571957588195801,279,235,318,395,298,315
frame_21,Rack_2,8,15,pepsi_med,0.9555510878562927,229,234,277,395,253,314
frame_21,Rack_2,17,15,pepsi_med,0.9355323314666748,186,234,227,395,206,314
frame_21,Rack_2,4,13,kick_med,0.9684366583824158,138,231,185,397,161,314
frame_21,Rack_2,44,13,kick_med,0.8517303466796875,96,230,136,397,116,313
frame_21,Rack_2,22,13,kick_med,0.9500793814659119,47,232,96,396,71,314
frame_21,Rack_2,26,13,kick_med,0.929467499256134,6,233,47,395,26,314
frame_22,Rack_2,15,3,coke_med,0.9705640077590942,1129,218,1193,400,1161,309
frame_22,Rack_2,39,3,coke_med,0.8881905674934387,1065,221,1128,401,1096,311
frame_22,Rack_2,13,3,coke_med,0.9612282514572144,1017,223,1063,399,1040,311
frame_22,Rack_2,40,3,coke_med,0.8610369563102722,963,219,1016,400,989,309
frame_22,Rack_2,1,3,coke_med,0.9613130688667297,912,218,962,400,937,309
frame_22,Rack_2,57,6,coke_v_med,0.8967061638832092,859,221,911,400,885,310
frame_22,Rack_2,19,6,coke_v_med,0.9536923170089722,805,222,857,400,831,311
frame_22,Rack_2,29,6,coke_v_med,0.9118403792381287,754,222,804,400,779,311
frame_22,Rack_2,33,2,anw_med,0.9683874845504761,704,223,753,402,728,312
frame_22,Rack_2,11,2,anw_med,0.9540093541145325,654,222,702,401,678,311
frame_22,Rack_2,20,2,anw_med,0.945513904094696,605,223,653,401,629,312
frame_22,Rack_2,3,2,anw_med,0.9719682335853577,557,224,605,401,581,312
frame_22,Rack_2,9,2,anw_med,0.9635308980941772,508,224,557,401,532,312
frame_22,Rack_2,2,2,anw_med,0.9778836965560913,457,224,508,400,482,312
frame_22,Rack_2,50,15,pepsi_med,0.8577706813812256,416,233,455,397,435,315
frame_22,Rack_2,7,15,pepsi_med,0.9558326601982117,370,234,415,395,392,314
frame_22,Rack_2,10,15,pepsi_med,0.9616883993148804,320,233,366,395,343,314
frame_22,Rack_2,5,15,pepsi_med,0.9661281704902649,279,235,319,395,299,315
frame_22,Rack_2,8,15,pepsi_med,0.9549076557159424,229,234,277,395,253,314
frame_22,Rack_2,17,15,pepsi_med,0.9371728301048279,187,234,227,395,207,314
frame_22,Rack_2,4,13,kick_med,0.9671580791473389,138,230,186,397,162,313
frame_22,Rack_2,44,13,kick_med,0.8495453000068665,97,230,137,397,117,313
frame_22,Rack_2,22,13,kick_med,0.9578355550765991,47,232,96,396,71,314
frame_22,Rack_2,26,13,kick_med,0.9339799284934998,5,233,46,395,25,314
frame_23,Rack_2,15,3,coke_med,0.9666791558265686,1130,219,1194,400,1162,309
frame_23,Rack_2,39,3,coke_med,0.8858035206794739,1066,221,1129,401,1097,311
frame_23,Rack_2,13,3,coke_med,0.9524293541908264,1017,223,1063,399,1040,311
frame_23,Rack_2,40,3,coke_med,0.8692259192466736,963,221,1016,400,989,310
frame_23,Rack_2,1,3,coke_med,0.9610199928283691,912,219,962,400,937,309
frame_23,Rack_2,57,6,coke_v_med,0.8953834772109985,859,222,912,400,885,311
frame_23,Rack_2,19,6,coke_v_med,0.9511664509773254,806,223,857,400,831,311
frame_23,Rack_2,29,6,coke_v_med,0.8974521160125732,755,223,805,400,780,311
frame_23,Rack_2,33,2,anw_med,0.9666242599487305,704,223,753,402,728,312
frame_23,Rack_2,11,2,anw_med,0.9556923508644104,654,224,702,401,678,312
frame_23,Rack_2,20,2,anw_med,0.9507542252540588,606,224,654,401,630,312
frame_23,Rack_2,3,2,anw_med,0.972807765007019,558,225,605,401,581,313
frame_23,Rack_2,9,2,anw_med,0.9635971784591675,508,224,557,401,532,312
frame_23,Rack_2,2,2,anw_med,0.9764885902404785,457,224,508,400,482,312
frame_23,Rack_2,50,15,pepsi_med,0.8615775108337402,416,233,456,397,436,315
frame_23,Rack_2,7,15,pepsi_med,0.9541995525360107,370,234,415,395,392,314
frame_23,Rack_2,10,15,pepsi_med,0.9599344730377197,321,233,367,395,344,314
frame_23,Rack_2,5,15,pepsi_med,0.9680820107460022,279,235,319,395,299,315
frame_23,Rack_2,8,15,pepsi_med,0.9575669169425964,229,234,277,395,253,314
frame_23,Rack_2,17,15,pepsi_med,0.9393085837364197,187,234,228,395,207,314
frame_23,Rack_2,4,13,kick_med,0.9712333083152771,138,230,186,397,162,313
frame_23,Rack_2,44,13,kick_med,0.8502871990203857,97,231,137,397,117,314
frame_23,Rack_2,22,13,kick_med,0.9424330592155457,47,232,97,396,72,314
frame_23,Rack_2,26,13,kick_med,0.936569094657898,5,234,46,395,25,314
frame_24,Rack_2,15,3,coke_med,0.9579404592514038,1130,221,1193,400,1161,310
frame_24,Rack_2,39,3,coke_med,0.87953120470047,1066,221,1129,401,1097,311
frame_24,Rack_2,13,3,coke_med,0.9521481394767761,1017,223,1064,399,1040,311
frame_24,Rack_2,40,3,coke_med,0.8734734058380127,963,221,1016,400,989,310
frame_24,Rack_2,1,3,coke_med,0.9647642970085144,913,220,962,400,937,310
frame_24,Rack_2,57,6,coke_v_med,0.9018399119377136,859,222,912,400,885,311
frame_24,Rack_2,19,6,coke_v_med,0.9541717767715454,806,223,858,400,832,311
frame_24,Rack_2,29,6,coke_v_med,0.9162036180496216,755,223,805,399,780,311
frame_24,Rack_2,33,2,anw_med,0.968812108039856,704,223,753,401,728,312
frame_24,Rack_2,11,2,anw_med,0.9605587124824524,655,224,703,401,679,312
frame_24,Rack_2,20,2,anw_med,0.9480670094490051,606,224,654,401,630,312
frame_24,Rack_2,3,2,anw_med,0.9744324088096619,558,225,605,400,581,312
frame_24,Rack_2,9,2,anw_med,0.9677753448486328,508,224,557,401,532,312
frame_24,Rack_2,2,2,anw_med,0.9774407744407654,458,224,508,400,483,312
frame_24,Rack_2,50,15,pepsi_med,0.8592939376831055,417,233,456,397,436,315
frame_24,Rack_2,7,15,pepsi_med,0.9535585641860962,370,234,415,395,392,314
frame_24,Rack_2,10,15,pepsi_med,0.9588981866836548,321,232,367,396,344,314
frame_24,Rack_2,5,15,pepsi_med,0.9685928821563721,279,235,319,395,299,315
frame_24,Rack_2,8,15,pepsi_med,0.9554818272590637,229,235,277,396,253,315
frame_24,Rack_2,17,15,pepsi_med,0.9270851016044617,187,234,228,395,207,314
frame_24,Rack_2,4,13,kick_med,0.9675685167312622,138,230,186,397,162,313
frame_24,Rack_2,44,13,kick_med,0.8357877135276794,97,230,137,397,117,313
frame_24,Rack_2,22,13,kick_med,0.9362672567367554,47,232,97,396,72,314
frame_24,Rack_2,26,13,kick_med,0.9484404921531677,6,233,47,395,26,314
frame_25,Rack_2,15,3,coke_med,0.9581905007362366,1131,220,1194,399,1162,309
frame_25,Rack_2,39,3,coke_med,0.8934642672538757,1067,222,1130,400,1098,311
frame_25,Rack_2,13,3,coke_med,0.952383279800415,1018,223,1064,399,1041,311
frame_25,Rack_2,40,3,coke_med,0.8605765700340271,964,221,1017,400,990,310
frame_25,Rack_2,1,3,coke_med,0.9562563896179199,913,220,962,400,937,310
frame_25,Rack_2,57,6,coke_v_med,0.9051445126533508,860,221,912,400,886,310
frame_25,Rack_2,19,6,coke_v_med,0.9535070657730103,807,223,858,399,832,311
frame_25,Rack_2,29,6,coke_v_med,0.8893875479698181,756,223,805,399,780,311
frame_25,Rack_2,33,2,anw_med,0.9724273085594177,705,223,754,401,729,312
frame_25,Rack_2,11,2,anw_med,0.9612685441970825,655,225,703,401,679,313
frame_25,Rack_2,20,2,anw_med,0.9526500105857849,606,224,654,401,630,312
frame_25,Rack_2,3,2,anw_med,0.9709558486938477,558,225,606,400,582,312
frame_25,Rack_2,9,2,anw_med,0.9651080369949341,509,224,558,401,533,312
frame_25,Rack_2,2,2,anw_med,0.9762346744537354,458,224,508,400,483,312
frame_25,Rack_2,50,15,pepsi_med,0.864946722984314,417,236,456,396,436,316
frame_25,Rack_2,7,15,pepsi_med,0.9501786828041077,370,234,416,395,393,314
frame_25,Rack_2,10,15,pepsi_med,0.9588862061500549,321,232,367,396,344,314
frame_25,Rack_2,5,15,pepsi_med,0.9685484766960144,280,234,319,395,299,314
frame_25,Rack_2,8,15,pepsi_med,0.9541028738021851,230,235,278,396,254,315
frame_25,Rack_2,17,15,pepsi_med,0.933177649974823,188,235,228,395,208,315
frame_25,Rack_2,4,13,kick_med,0.9698883295059204,138,231,186,397,162,314
frame_25,Rack_2,44,13,kick_med,0.8251740336418152,97,230,137,397,117,313
frame_25,Rack_2,22,13,kick_med,0.9401159882545471,48,232,97,396,72,314
frame_25,Rack_2,26,13,kick_med,0.9361642003059387,6,233,47,395,26,314
frame_26,Rack_2,15,3,coke_med,0.9709747433662415,1131,220,1194,399,1162,309
frame_26,Rack_2,39,3,coke_med,0.8848378658294678,1067,222,1130,401,1098,311
frame_26,Rack_2,13,3,coke_med,0.9490039944648743,1018,222,1064,399,1041,310
frame_26,Rack_2,40,3,coke_med,0.8553769588470459,964,221,1017,400,990,310
frame_26,Rack_2,1,3,coke_med,0.9592998623847961,913,220,963,400,938,310
frame_26,Rack_2,57,6,coke_v_med,0.9106625318527222,860,220,913,400,886,310
frame_26,Rack_2,19,6,coke_v_med,0.9576442241668701,807,222,859,399,833,310
frame_26,Rack_2,29,6,coke_v_med,0.8772698044776917,756,222,806,399,781,310
frame_26,Rack_2,33,2,anw_med,0.9739616513252258,705,222,754,401,729,311
frame_26,Rack_2,11,2,anw_med,0.9605514407157898,655,224,704,401,679,312
frame_26,Rack_2,20,2,anw_med,0.9480363726615906,606,223,654,400,630,311
frame_26,Rack_2,3,2,anw_med,0.9662132263183594,558,224,606,400,582,312
frame_26,Rack_2,9,2,anw_med,0.9669537544250488,509,224,558,401,533,312
frame_26,Rack_2,2,2,anw_med,0.9751034379005432,458,224,509,400,483,312
frame_26,Rack_2,50,15,pepsi_med,0.86411052942276,418,237,456,396,437,316
frame_26,Rack_2,7,15,pepsi_med,0.948959231376648,371,234,416,395,393,314
frame_26,Rack_2,10,15,pepsi_med,0.9575451612472534,322,232,368,396,345,314
frame_26,Rack_2,5,15,pepsi_med,0.9695115089416504,280,234,320,395,300,314
frame_26,Rack_2,8,15,pepsi_med,0.9504696130752563,230,235,278,396,254,315
frame_26,Rack_2,17,15,pepsi_med,0.9402015805244446,188,234,228,395,208,314
frame_26,Rack_2,4,13,kick_med,0.9707527160644531,138,230,186,397,162,313
frame_26,Rack_2,44,13,kick_med,0.8086947798728943,97,229,137,396,117,312
frame_26,Rack_2,22,13,kick_med,0.9397822022438049,48,232,97,396,72,314
frame_26,Rack_2,26,13,kick_med,0.9391953945159912,6,233,47,395,26,314
frame_27,Rack_2,15,3,coke_med,0.9678630232810974,1131,221,1194,399,1162,310
frame_27,Rack_2,39,3,coke_med,0.889228105545044,1068,222,1131,400,1099,311
frame_27,Rack_2,13,3,coke_med,0.94834965467453,1018,222,1065,399,1041,310
frame_27,Rack_2,40,3,coke_med,0.8613930940628052,964,221,1017,400,990,310
frame_27,Rack_2,1,3,coke_med,0.9640010595321655,913,220,963,400,938,310
frame_27,Rack_2,57,6,coke_v_med,0.901694655418396,860,220,913,400,886,310
frame_27,Rack_2,19,6,coke_v_med,0.9486275315284729,807,222,859,399,833,310
frame_27,Rack_2,29,6,coke_v_med,0.8750030398368835,756,222,806,399,781,310
frame_27,Rack_2,33,2,anw_med,0.975641667842865,705,222,755,401,730,311
frame_27,Rack_2,11,2,anw_med,0.9567480683326721,655,224,704,401,679,312
frame_27,Rack_2,20,2,anw_med,0.9454265236854553,607,223,654,400,630,311
frame_27,Rack_2,3,2,anw_med,0.966215193271637,559,223,606,400,582,311
frame_27,Rack_2,9,2,anw_med,0.9706743955612183,509,223,558,400,533,311
frame_27,Rack_2,2,2,anw_med,0.9741070866584778,458,224,509,400,483,312
frame_27,Rack_2,50,15,pepsi_med,0.848829984664917,418,237,456,396,437,316
frame_27,Rack_2,7,15,pepsi_med,0.9495660662651062,371,233,416,395,393,314
frame_27,Rack_2,10,15,pepsi_med,0.9587743282318115,322,232,368,396,345,314
frame_27,Rack_2,5,15,pepsi_med,0.9697360992431641,280,234,320,395,300,314
frame_27,Rack_2,8,15,pepsi_med,0.9563108682632446,231,234,278,395,254,314
frame_27,Rack_2,17,15,pepsi_med,0.9343585968017578,188,234,229,395,208,314
frame_27,Rack_2,4,13,kick_med,0.9702163338661194,138,230,186,397,162,313
frame_27,Rack_2,44,13,kick_med,0.8122665286064148,97,229,137,397,117,313
frame_27,Rack_2,22,13,kick_med,0.9361604452133179,48,232,97,396,72,314
frame_27,Rack_2,26,13,kick_med,0.9295499324798584,5,233,47,395,26,314
frame_28,Rack_2,15,3,coke_med,0.9646212458610535,1131,220,1194,399,1162,309
frame_28,Rack_2,39,3,coke_med,0.8861773610115051,1068,221,1131,400,1099,310
frame_28,Rack_2,13,3,coke_med,0.9387896060943604,1018,222,1065,399,1041,310
frame_28,Rack_2,40,3,coke_med,0.8535736203193665,965,222,1018,400,991,311
frame_28,Rack_2,1,3,coke_med,0.9658610820770264,914,220,963,400,938,310
frame_28,Rack_2,57,6,coke_v_med,0.9013375639915466,861,221,913,400,887,310
frame_28,Rack_2,19,6,coke_v_med,0.9459167122840881,808,222,859,399,833,310
frame_28,Rack_2,29,6,coke_v_med,0.8734362721443176,756,222,806,399,781,310
frame_28,Rack_2,33,2,anw_med,0.976302981376648,705,222,755,401,730,311
frame_28,Rack_2,11,2,anw_med,0.9537926316261292,655,224,704,401,679,312
frame_28,Rack_2,20,2,anw_med,0.9437312483787537,607,223,655,400,631,311
frame_28,Rack_2,3,2,anw_med,0.9664528965950012,559,223,606,400,582,311
frame_28,Rack_2,9,2,anw_med,0.9717113375663757,509,223,559,400,534,311
frame_28,Rack_2,2,2,anw_med,0.973861038684845,458,224,509,400,483,312
frame_28,Rack_2,50,15,pepsi_med,0.8472651839256287,418,237,456,396,437,316
frame_28,Rack_2,7,15,pepsi_med,0.9514093995094299,371,233,417,395,394,314
frame_28,Rack_2,10,15,pepsi_med,0.9589875340461731,322,232,368,396,345,314
frame_28,Rack_2,5,15,pepsi_med,0.9683230519294739,280,234,320,395,300,314
frame_28,Rack_2,8,15,pepsi_med,0.9596953988075256,231,234,279,395,255,314
frame_28,Rack_2,17,15,pepsi_med,0.9350705742835999,188,233,229,395,208,314
frame_28,Rack_2,4,13,kick_med,0.9732500910758972,138,230,186,397,162,313
frame_28,Rack_2,44,13,kick_med,0.8189676403999329,97,229,137,397,117,313
frame_28,Rack_2,22,13,kick_med,0.9331703782081604,48,232,97,396,72,314
frame_28,Rack_2,26,13,kick_med,0.9328197240829468,5,233,47,395,26,314
frame_29,Rack_2,15,3,coke_med,0.9599260091781616,1132,220,1195,398,1163,309
frame_29,Rack_2,39,3,coke_med,0.8969591856002808,1068,221,1131,400,1099,310
frame_29,Rack_2,13,3,coke_med,0.9399349093437195,1019,222,1065,399,1042,310
frame_29,Rack_2,40,3,coke_med,0.8640320301055908,965,222,1018,400,991,311
frame_29,Rack_2,1,3,coke_med,0.9669577479362488,914,220,963,399,938,309
frame_29,Rack_2,57,6,coke_v_med,0.9016656875610352,861,221,913,399,887,310
frame_29,Rack_2,19,6,coke_v_med,0.9399943351745605,808,222,860,399,834,310
frame_29,Rack_2,29,6,coke_v_med,0.8921685814857483,756,222,806,399,781,310
frame_29,Rack_2,33,2,anw_med,0.978172779083252,706,222,755,401,730,311
frame_29,Rack_2,11,2,anw_med,0.9567781686782837,655,224,704,400,679,312
frame_29,Rack_2,20,2,anw_med,0.9352443814277649,607,223,654,400,630,311
frame_29,Rack_2,3,2,anw_med,0.9631479382514954,559,223,606,400,582,311
frame_29,Rack_2,9,2,anw_med,0.9727474451065063,510,223,559,400,534,311
frame_29,Rack_2,2,2,anw_med,0.9722377061843872,458,224,509,400,483,312
frame_29,Rack_2,50,15,pepsi_med,0.851484477519989,418,236,457,396,437,316
frame_29,Rack_2,7,15,pepsi_med,0.9532627463340759,371,233,417,394,394,313
frame_29,Rack_2,10,15,pepsi_med,0.9623724222183228,322,232,368,395,345,313
frame_29,Rack_2,5,15,pepsi_med,0.9709262847900391,281,234,321,394,301,314
frame_29,Rack_2,8,15,pepsi_med,0.9615023732185364,231,234,279,395,255,314
frame_29,Rack_2,17,15,pepsi_med,0.9490340948104858,188,233,229,395,208,314
frame_29,Rack_2,4,13,kick_med,0.9748414158821106,138,230,186,397,162,313
frame_29,Rack_2,44,13,kick_med,0.8252352476119995,97,229,137,397,117,313
frame_29,Rack_2,22,13,kick_med,0.9350687861442566,48,231,97,396,72,313
frame_29,Rack_2,26,13,kick_med,0.9498632550239563,5,233,47,395,26,314
frame_30,Rack_2,15,3,coke_med,0.9610202312469482,1132,219,1195,398,1163,308
frame_30,Rack_2,39,3,coke_med,0.8774384260177612,1068,221,1131,400,1099,310
frame_30,Rack_2,13,3,coke_med,0.9310053586959839,1019,222,1065,399,1042,310
frame_30,Rack_2,40,3,coke_med,0.883888304233551,965,222,1018,400,991,311
frame_30,Rack_2,1,3,coke_med,0.9671297669410706,914,221,963,399,938,310
frame_30,Rack_2,57,6,coke_v_med,0.9023650288581848,861,221,913,399,887,310
frame_30,Rack_2,19,6,coke_v_med,0.9251514077186584,808,222,860,399,834,310
frame_30,Rack_2,29,6,coke_v_med,0.8950110077857971,757,222,807,399,782,310
frame_30,Rack_2,33,2,anw_med,0.9784900546073914,706,222,755,401,730,311
frame_30,Rack_2,11,2,anw_med,0.9538360834121704,655,224,704,401,679,312
frame_30,Rack_2,20,2,anw_med,0.9421080350875854,607,224,655,400,631,312
frame_30,Rack_2,3,2,anw_med,0.964049220085144,559,222,607,400,583,311
frame_30,Rack_2,9,2,anw_med,0.9715210199356079,510,224,559,400,534,312
frame_30,Rack_2,2,2,anw_med,0.9704577922821045,458,224,509,400,483,312
frame_30,Rack_2,50,15,pepsi_med,0.8514929413795471,418,236,457,395,437,315
frame_30,Rack_2,7,15,pepsi_med,0.949027419090271,371,233,416,394,393,313
frame_30,Rack_2,10,15,pepsi_med,0.9597340226173401,322,232,368,394,345,313
frame_30,Rack_2,5,15,pepsi_med,0.9709575176239014,281,233,321,394,301,313
frame_30,Rack_2,8,15,pepsi_med,0.9590497612953186,231,234,279,394,255,314
frame_30,Rack_2,17,15,pepsi_med,0.9482167363166809,188,233,229,394,208,313
frame_30,Rack_2,4,13,kick_med,0.9745882153511047,138,229,186,397,162,313
frame_30,Rack_2,44,13,kick_med,0.8263072967529297,97,229,137,397,117,313
frame_30,Rack_2,22,13,kick_med,0.9277320504188538,48,231,97,396,72,313
frame_30,Rack_2,26,13,kick_med,0.9456382989883423,5,233,47,395,26,314
frame_31,Rack_2,15,3,coke_med,0.9506407380104065,1133,219,1196,398,1164,308
frame_31,Rack_2,39,3,coke_med,0.8755884170532227,1068,222,1131,400,1099,311
frame_31,Rack_2,13,3,coke_med,0.9501675963401794,1019,222,1065,399,1042,310
frame_31,Rack_2,40,3,coke_med,0.8999791145324707,965,222,1018,400,991,311
frame_31,Rack_2,1,3,coke_med,0.9677703380584717,914,220,963,399,938,309
frame_31,Rack_2,57,6,coke_v_med,0.8866482377052307,862,221,914,399,888,310
frame_31,Rack_2,19,6,coke_v_med,0.9186888933181763,808,221,860,399,834,310
frame_31,Rack_2,29,6,coke_v_med,0.9423117637634277,756,221,807,399,781,310
frame_31,Rack_2,33,2,anw_med,0.9664262533187866,706,222,755,400,730,311
frame_31,Rack_2,11,2,anw_med,0.9532403945922852,655,223,704,400,679,311
frame_31,Rack_2,20,2,anw_med,0.9463146328926086,607,224,654,400,630,312
frame_31,Rack_2,3,2,anw_med,0.9631518721580505,559,222,607,400,583,311
frame_31,Rack_2,9,2,anw_med,0.9714344143867493,510,224,559,400,534,312
frame_31,Rack_2,2,2,anw_med,0.9803016781806946,458,223,509,399,483,311
frame_31,Rack_2,50,15,pepsi_med,0.870060920715332,418,236,456,395,437,315
frame_31,Rack_2,7,15,pepsi_med,0.9513418674468994,371,233,416,394,393,313
frame_31,Rack_2,10,15,pepsi_med,0.961306631565094,322,231,368,394,345,312
frame_31,Rack_2,5,15,pepsi_med,0.9652183055877686,281,232,320,394,300,313
frame_31,Rack_2,8,15,pepsi_med,0.9564128518104553,231,234,279,394,255,314
frame_31,Rack_2,17,15,pepsi_med,0.9420984983444214,188,233,229,394,208,313
frame_31,Rack_2,4,13,kick_med,0.9717162847518921,139,229,187,397,163,313
frame_31,Rack_2,44,13,kick_med,0.8267799615859985,97,228,138,396,117,312
frame_31,Rack_2,22,13,kick_med,0.9073895812034607,48,231,97,396,72,313
frame_31,Rack_2,26,13,kick_med,0.9361869692802429,5,232,47,395,26,313
frame_32,Rack_2,15,3,coke_med,0.9559060335159302,1133,219,1196,397,1164,308
frame_32,Rack_2,39,3,coke_med,0.8989037871360779,1069,222,1131,399,1100,310
frame_32,Rack_2,13,3,coke_med,0.9554828405380249,1019,222,1065,398,1042,310
frame_32,Rack_2,40,3,coke_med,0.9199503660202026,966,222,1019,400,992,311
frame_32,Rack_2,1,3,coke_med,0.9699399471282959,914,220,964,399,939,309
frame_32,Rack_2,57,6,coke_v_med,0.8867881298065186,862,219,914,399,888,309
frame_32,Rack_2,19,6,coke_v_med,0.912828803062439,809,221,860,398,834,309
frame_32,Rack_2,29,6,coke_v_med,0.9432805180549622,756,220,807,398,781,309
frame_32,Rack_2,33,2,anw_med,0.9685893058776855,706,221,755,400,730,310
frame_32,Rack_2,11,2,anw_med,0.9518083930015564,655,223,704,400,679,311
frame_32,Rack_2,20,2,anw_med,0.9442443251609802,607,224,655,400,631,312
frame_32,Rack_2,3,2,anw_med,0.9614233374595642,560,222,607,399,583,310
frame_32,Rack_2,9,2,anw_med,0.9698202610015869,510,224,559,399,534,311
frame_32,Rack_2,2,2,anw_med,0.9811856150627136,458,223,509,399,483,311
frame_32,Rack_2,50,15,pepsi_med,0.8745326995849609,418,236,456,394,437,315
frame_32,Rack_2,7,15,pepsi_med,0.9484432935714722,371,233,417,393,394,313
frame_32,Rack_2,10,15,pepsi_med,0.959665060043335,322,230,368,394,345,312
frame_32,Rack_2,5,15,pepsi_med,0.9674828052520752,280,232,320,393,300,312
frame_32,Rack_2,8,15,pepsi_med,0.9599695801734924,231,234,278,393,254,313
frame_32,Rack_2,17,15,pepsi_med,0.9404554963111877,188,232,229,394,208,313
frame_32,Rack_2,4,13,kick_med,0.9724336266517639,139,229,187,397,163,313
frame_32,Rack_2,44,13,kick_med,0.8249174952507019,97,228,138,397,117,312
frame_32,Rack_2,22,13,kick_med,0.9233877062797546,47,231,97,396,72,313
frame_32,Rack_2,26,13,kick_med,0.9281922578811646,6,232,47,395,26,313
frame_33,Rack_2,15,3,coke_med,0.9467001557350159,1133,219,1196,397,1164,308
frame_33,Rack_2,39,3,coke_med,0.8999298810958862,1069,222,1131,399,1100,310
frame_33,Rack_2,13,3,coke_med,0.949781596660614,1019,222,1065,398,1042,310
frame_33,Rack_2,40,3,coke_med,0.9209875464439392,966,222,1019,400,992,311
frame_33,Rack_2,1,3,coke_med,0.969916820526123,915,220,964,399,939,309
frame_33,Rack_2,57,6,coke_v_med,0.8831062912940979,862,220,914,398,888,309
frame_33,Rack_2,19,6,coke_v_med,0.9122231602668762,809,222,860,398,834,310
frame_33,Rack_2,29,6,coke_v_med,0.943714439868927,756,220,807,398,781,309
frame_33,Rack_2,33,2,anw_med,0.9675931930541992,706,222,755,400,730,311
frame_33,Rack_2,11,2,anw_med,0.9514399170875549,655,222,704,400,679,311
frame_33,Rack_2,20,2,anw_med,0.9417764544487,607,225,655,399,631,312
frame_33,Rack_2,3,2,anw_med,0.9632657170295715,560,222,607,399,583,310
frame_33,Rack_2,9,2,anw_med,0.9685668349266052,510,224,559,399,534,311
frame_33,Rack_2,2,2,anw_med,0.979982852935791,458,223,509,399,483,311
frame_33,Rack_2,50,15,pepsi_med,0.8822247982025146,418,236,456,394,437,315
frame_33,Rack_2,7,15,pepsi_med,0.9457769989967346,371,232,417,393,394,312
frame_33,Rack_2,10,15,pepsi_med,0.9588322043418884,322,230,368,394,345,312
frame_33,Rack_2,5,15,pepsi_med,0.9662441611289978,280,232,320,393,300,312
frame_33,Rack_2,8,15,pepsi_med,0.9625368714332581,231,234,279,393,255,313
frame_33,Rack_2,17,15,pepsi_med,0.9419049024581909,188,231,229,394,208,312
frame_33,Rack_2,4,13,kick_med,0.971135139465332,138,228,187,397,162,312
frame_33,Rack_2,44,13,kick_med,0.826919674873352,97,228,138,397,117,312
frame_33,Rack_2,22,13,kick_med,0.9249981045722961,47,230,97,396,72,313
frame_33,Rack_2,26,13,kick_med,0.9565243721008301,6,231,48,395,27,313
frame_34,Rack_2,15,3,coke_med,0.950114369392395,1133,219,1196,397,1164,308
frame_34,Rack_2,39,3,coke_med,0.8908109068870544,1069,223,1131,399,1100,311
frame_34,Rack_2,13,3,coke_med,0.9426491856575012,1020,222,1066,398,1043,310
frame_34,Rack_2,40,3,coke_med,0.9296419024467468,966,221,1019,399,992,310
frame_34,Rack_2,1,3,coke_med,0.9661604762077332,915,220,964,399,939,309
frame_34,Rack_2,57,6,coke_v_med,0.884589672088623,862,218,914,398,888,308
frame_34,Rack_2,19,6,coke_v_med,0.9140499830245972,809,221,861,398,835,309
frame_34,Rack_2,29,6,coke_v_med,0.9418053030967712,757,220,807,398,782,309
frame_34,Rack_2,33,2,anw_med,0.9721778631210327,706,222,755,400,730,311
frame_34,Rack_2,11,2,anw_med,0.9561920762062073,656,223,704,400,680,311
frame_34,Rack_2,20,2,anw_med,0.9438762664794922,608,224,655,399,631,311
frame_34,Rack_2,3,2,anw_med,0.9620340466499329,560,222,607,399,583,310
frame_34,Rack_2,9,2,anw_med,0.9695698618888855,510,224,559,399,534,311
frame_34,Rack_2,2,2,anw_med,0.9802371859550476,458,223,510,399,484,311
frame_34,Rack_2,50,15,pepsi_med,0.8864697217941284,418,236,457,394,437,315
frame_34,Rack_2,7,15,pepsi_med,0.9506170749664307,371,232,417,393,394,312
frame_34,Rack_2,10,15,pepsi_med,0.9584260582923889,322,230,368,394,345,312
frame_34,Rack_2,5,15,pepsi_med,0.9650697112083435,280,232,320,393,300,312
frame_34,Rack_2,8,15,pepsi_med,0.963355302810669,231,233,279,393,255,313
frame_34,Rack_2,17,15,pepsi_med,0.9495216608047485,188,231,229,394,208,312
frame_34,Rack_2,4,13,kick_med,0.9718989729881287,138,228,187,397,162,312
frame_34,Rack_2,44,13,kick_med,0.8348489999771118,97,228,138,397,117,312
frame_34,Rack_2,22,13,kick_med,0.9322152733802795,47,230,97,396,72,313
frame_34,Rack_2,26,13,kick_med,0.9264607429504395,6,232,47,395,26,313
frame_35,Rack_2,15,3,coke_med,0.944800078868866,1133,219,1197,398,1165,308
frame_35,Rack_2,39,3,coke_med,0.9009472131729126,1069,223,1132,399,1100,311
frame_35,Rack_2,13,3,coke_med,0.9501866698265076,1020,222,1066,398,1043,310
frame_35,Rack_2,40,3,coke_med,0.9094651341438293,967,221,1020,399,993,310
frame_35,Rack_2,1,3,coke_med,0.9567641615867615,915,219,964,399,939,309
frame_35,Rack_2,57,6,coke_v_med,0.8828437924385071,862,218,915,399,888,308
frame_35,Rack_2,19,6,coke_v_med,0.9129854440689087,809,221,861,399,835,310
frame_35,Rack_2,29,6,coke_v_med,0.9346598982810974,757,221,807,399,782,310
frame_35,Rack_2,33,2,anw_med,0.9763472676277161,706,221,756,400,731,310
frame_35,Rack_2,11,2,anw_med,0.9573360085487366,656,223,704,400,680,311
frame_35,Rack_2,20,2,anw_med,0.948016345500946,608,224,655,400,631,312
frame_35,Rack_2,3,2,anw_med,0.9636064171791077,560,222,607,399,583,310
frame_35,Rack_2,9,2,anw_med,0.9718971848487854,510,224,559,400,534,312
frame_35,Rack_2,2,2,anw_med,0.9786143898963928,458,223,510,399,484,311
frame_35,Rack_2,50,15,pepsi_med,0.8778929114341736,418,236,457,394,437,315
frame_35,Rack_2,7,15,pepsi_med,0.954311192035675,371,231,417,393,394,312
frame_35,Rack_2,10,15,pepsi_med,0.9587786793708801,322,230,368,394,345,312
frame_35,Rack_2,5,15,pepsi_med,0.9664140343666077,280,232,320,393,300,312
frame_35,Rack_2,8,15,pepsi_med,0.9618767499923706,231,233,279,394,255,313
frame_35,Rack_2,17,15,pepsi_med,0.9563710689544678,188,231,229,394,208,312
frame_35,Rack_2,4,13,kick_med,0.971751868724823,138,228,187,397,162,312
frame_35,Rack_2,44,13,kick_med,0.8156755566596985,97,228,138,397,117,312
frame_35,Rack_2,22,13,kick_med,0.9217759370803833,47,230,97,396,72,313
frame_35,Rack_2,26,13,kick_med,0.957558274269104,6,231,47,395,26,313
frame_36,Rack_2,15,3,coke_med,0.9401150345802307,1134,219,1197,398,1165,308
frame_36,Rack_2,39,3,coke_med,0.905009388923645,1069,222,1132,399,1100,310
frame_36,Rack_2,13,3,coke_med,0.9505209922790527,1020,222,1066,398,1043,310
frame_36,Rack_2,40,3,coke_med,0.9183091521263123,967,221,1020,400,993,310
frame_36,Rack_2,1,3,coke_med,0.9507038593292236,915,219,965,399,940,309
frame_36,Rack_2,57,6,coke_v_med,0.8837812542915344,862,218,915,399,888,308
frame_36,Rack_2,19,6,coke_v_med,0.9113945960998535,809,221,861,399,835,310
frame_36,Rack_2,29,6,coke_v_med,0.9223511815071106,757,221,807,399,782,310
frame_36,Rack_2,33,2,anw_med,0.9796528816223145,706,221,756,400,731,310
frame_36,Rack_2,11,2,anw_med,0.9538010954856873,656,223,705,400,680,311
frame_36,Rack_2,20,2,anw_med,0.9467823505401611,608,224,655,400,631,312
frame_36,Rack_2,3,2,anw_med,0.9612202048301697,560,223,607,400,583,311
frame_36,Rack_2,9,2,anw_med,0.9718465209007263,511,224,559,400,535,312
frame_36,Rack_2,2,2,anw_med,0.9775124192237854,458,223,510,399,484,311
frame_36,Rack_2,50,15,pepsi_med,0.8764727711677551,418,236,457,395,437,315
frame_36,Rack_2,7,15,pepsi_med,0.9498317241668701,371,232,417,393,394,312
frame_36,Rack_2,10,15,pepsi_med,0.958259105682373,322,230,368,394,345,312
frame_36,Rack_2,5,15,pepsi_med,0.9672670364379883,281,232,321,394,301,313
frame_36,Rack_2,8,15,pepsi_med,0.9586772322654724,231,233,279,394,255,313
frame_36,Rack_2,17,15,pepsi_med,0.9502158164978027,188,231,229,394,208,312
frame_36,Rack_2,4,13,kick_med,0.9697930216789246,139,228,187,397,163,312
frame_36,Rack_2,44,13,kick_med,0.817276656627655,97,228,138,397,117,312
frame_36,Rack_2,22,13,kick_med,0.9174087047576904,47,230,97,396,72,313
frame_36,Rack_2,26,13,kick_med,0.9577469825744629,6,231,47,395,26,313
frame_37,Rack_2,15,3,coke_med,0.943970263004303,1134,218,1198,398,1166,308
frame_37,Rack_2,39,3,coke_med,0.9001665711402893,1069,222,1132,399,1100,310
frame_37,Rack_2,13,3,coke_med,0.9415469169616699,1021,222,1067,398,1044,310
frame_37,Rack_2,40,3,coke_med,0.911496102809906,967,221,1020,400,993,310
frame_37,Rack_2,1,3,coke_med,0.9514943361282349,916,219,965,399,940,309
frame_37,Rack_2,57,6,coke_v_med,0.8758237361907959,863,219,915,399,889,309
frame_37,Rack_2,19,6,coke_v_med,0.9200471639633179,810,221,861,399,835,310
frame_37,Rack_2,29,6,coke_v_med,0.9254397749900818,757,221,808,399,782,310
frame_37,Rack_2,33,2,anw_med,0.9807368516921997,706,222,756,400,731,311
frame_37,Rack_2,11,2,anw_med,0.9510246515274048,656,222,705,400,680,311
frame_37,Rack_2,20,2,anw_med,0.9527101516723633,608,224,655,400,631,312
frame_37,Rack_2,3,2,anw_med,0.9668212532997131,560,224,607,400,583,312
frame_37,Rack_2,9,2,anw_med,0.9737511277198792,511,224,560,400,535,312
frame_37,Rack_2,2,2,anw_med,0.9733049869537354,459,223,510,399,484,311
frame_37,Rack_2,50,15,pepsi_med,0.8904088735580444,418,236,457,395,437,315
frame_37,Rack_2,7,15,pepsi_med,0.9487459659576416,371,232,417,394,394,313
frame_37,Rack_2,10,15,pepsi_med,0.9558736085891724,322,230,369,395,345,312
frame_37,Rack_2,5,15,pepsi_med,0.9676657319068909,281,232,321,394,301,313
frame_37,Rack_2,8,15,pepsi_med,0.9543573260307312,231,233,279,394,255,313
frame_37,Rack_2,17,15,pepsi_med,0.948150098323822,188,232,229,394,208,313
frame_37,Rack_2,4,13,kick_med,0.969666600227356,139,229,187,397,163,313
frame_37,Rack_2,44,13,kick_med,0.8203977346420288,97,229,138,397,117,313
frame_37,Rack_2,22,13,kick_med,0.9284752011299133,47,230,97,396,72,313
frame_37,Rack_2,26,13,kick_med,0.9387843608856201,5,232,47,395,26,313
frame_38,Rack_2,15,3,coke_med,0.9464277029037476,1135,220,1198,398,1166,309
frame_38,Rack_2,39,3,coke_med,0.8778147101402283,1070,223,1133,399,1101,311
frame_38,Rack_2,13,3,coke_med,0.9429423809051514,1021,222,1067,398,1044,310
frame_38,Rack_2,40,3,coke_med,0.9196577668190002,968,221,1021,400,994,310
frame_38,Rack_2,1,3,coke_med,0.938798725605011,916,219,966,399,941,309
frame_38,Rack_2,57,6,coke_v_med,0.8690415620803833,863,220,915,399,889,309
frame_38,Rack_2,19,6,coke_v_med,0.9244340658187866,810,221,861,399,835,310
frame_38,Rack_2,29,6,coke_v_med,0.9217432141304016,757,221,808,399,782,310
frame_38,Rack_2,33,2,anw_med,0.9828971028327942,707,222,756,400,731,311
frame_38,Rack_2,11,2,anw_med,0.948005735874176,656,222,705,400,680,311
frame_38,Rack_2,20,2,anw_med,0.9525658488273621,608,224,655,400,631,312
frame_38,Rack_2,3,2,anw_med,0.9646996855735779,560,224,607,400,583,312
frame_38,Rack_2,9,2,anw_med,0.9731735587120056,511,224,560,400,535,312
frame_38,Rack_2,2,2,anw_med,0.9736360907554626,459,223,510,399,484,311
frame_38,Rack_2,50,15,pepsi_med,0.890800416469574,418,236,457,395,437,315
frame_38,Rack_2,7,15,pepsi_med,0.948262095451355,371,232,417,394,394,313
frame_38,Rack_2,10,15,pepsi_med,0.9567385315895081,323,230,369,395,346,312
frame_38,Rack_2,5,15,pepsi_med,0.9697418212890625,281,232,321,394,301,313
frame_38,Rack_2,8,15,pepsi_med,0.9584794044494629,231,233,279,394,255,313
frame_38,Rack_2,17,15,pepsi_med,0.9451833367347717,188,232,229,394,208,313
frame_38,Rack_2,4,13,kick_med,0.9691285490989685,139,229,187,397,163,313
frame_38,Rack_2,44,13,kick_med,0.8138592839241028,97,229,138,397,117,313
frame_38,Rack_2,22,13,kick_med,0.9275972843170166,47,231,96,396,71,313
frame_38,Rack_2,26,13,kick_med,0.9366658329963684,5,232,46,395,25,313
frame_39,Rack_2,15,3,coke_med,0.9502270221710205,1135,219,1198,398,1166,308
frame_39,Rack_2,39,3,coke_med,0.8963367938995361,1070,223,1133,399,1101,311
frame_39,Rack_2,13,3,coke_med,0.9400947093963623,1021,222,1068,398,1044,310
frame_39,Rack_2,40,3,coke_med,0.9212973713874817,968,221,1021,400,994,310
frame_39,Rack_2,1,3,coke_med,0.9369091987609863,916,219,966,399,941,309
frame_39,Rack_2,57,6,coke_v_med,0.8603587746620178,863,219,915,399,889,309
frame_39,Rack_2,19,6,coke_v_med,0.9261119365692139,810,221,862,399,836,310
frame_39,Rack_2,29,6,coke_v_med,0.9277021884918213,758,221,809,399,783,310
frame_39,Rack_2,33,2,anw_med,0.9851539731025696,707,222,756,400,731,311
frame_39,Rack_2,11,2,anw_med,0.9472194910049438,657,222,706,400,681,311
frame_39,Rack_2,20,2,anw_med,0.9522315859794617,608,224,656,400,632,312
frame_39,Rack_2,3,2,anw_med,0.9652457237243652,561,224,608,400,584,312
frame_39,Rack_2,9,2,anw_med,0.9736880660057068,511,224,560,400,535,312
frame_39,Rack_2,2,2,anw_med,0.9738490581512451,459,223,510,399,484,311
frame_39,Rack_2,50,15,pepsi_med,0.9008194208145142,418,236,457,395,437,315
frame_39,Rack_2,7,15,pepsi_med,0.9499360918998718,371,232,417,394,394,313
frame_39,Rack_2,10,15,pepsi_med,0.9555940628051758,323,230,369,395,346,312
frame_39,Rack_2,5,15,pepsi_med,0.9711228609085083,281,232,321,394,301,313
frame_39,Rack_2,8,15,pepsi_med,0.9593129754066467,231,233,279,394,255,313
frame_39,Rack_2,17,15,pepsi_med,0.9404006600379944,188,232,229,395,208,313
frame_39,Rack_2,4,13,kick_med,0.9700453877449036,139,229,187,397,163,313
frame_39,Rack_2,44,13,kick_med,0.8137908577919006,97,229,138,396,117,312
frame_39,Rack_2,22,13,kick_med,0.9229051470756531,47,230,96,396,71,313
frame_39,Rack_2,26,13,kick_med,0.9320889115333557,5,232,46,395,25,313
frame_40,Rack_2,15,3,coke_med,0.9536797404289246,1135,220,1198,398,1166,309
frame_40,Rack_2,39,3,coke_med,0.9004082083702087,1070,223,1134,400,1102,311
frame_40,Rack_2,13,3,coke_med,0.9387200474739075,1022,222,1068,399,1045,310
frame_40,Rack_2,40,3,coke_med,0.936983585357666,968,220,1022,400,995,310
frame_40,Rack_2,1,3,coke_med,0.9332129955291748,917,219,967,399,942,309
frame_40,Rack_2,57,6,coke_v_med,0.8661526441574097,864,219,916,399,890,309
frame_40,Rack_2,19,6,coke_v_med,0.9375420808792114,811,221,862,399,836,310
frame_40,Rack_2,29,6,coke_v_med,0.9270261526107788,758,221,809,399,783,310
frame_40,Rack_2,33,2,anw_med,0.984562337398529,707,222,757,400,732,311
frame_40,Rack_2,11,2,anw_med,0.9530152678489685,657,223,706,400,681,311
frame_40,Rack_2,20,2,anw_med,0.9485726356506348,609,224,656,400,632,312
frame_40,Rack_2,3,2,anw_med,0.9609917998313904,561,224,608,400,584,312
frame_40,Rack_2,9,2,anw_med,0.9740179777145386,511,224,560,400,535,312
frame_40,Rack_2,2,2,anw_med,0.9734719395637512,459,223,510,399,484,311
frame_40,Rack_2,50,15,pepsi_med,0.887965738773346,419,236,457,395,438,315
frame_40,Rack_2,7,15,pepsi_med,0.9448344707489014,371,232,417,394,394,313
frame_40,Rack_2,10,15,pepsi_med,0.959236204624176,323,230,369,395,346,312
frame_40,Rack_2,5,15,pepsi_med,0.9719101190567017,281,232,321,394,301,313
frame_40,Rack_2,8,15,pepsi_med,0.9593652486801147,231,233,279,394,255,313
frame_40,Rack_2,17,15,pepsi_med,0.9381626844406128,188,232,229,395,208,313
frame_40,Rack_2,4,13,kick_med,0.9677246809005737,139,228,187,397,163,312
frame_40,Rack_2,44,13,kick_med,0.8170326352119446,97,228,138,396,117,312
frame_40,Rack_2,22,13,kick_med,0.9171274304389954,47,231,97,396,72,313
frame_40,Rack_2,26,13,kick_med,0.9304397106170654,5,232,46,395,25,313
frame_41,Rack_2,15,3,coke_med,0.9614108800888062,1135,220,1198,398,1166,309
frame_41,Rack_2,39,3,coke_med,0.9225790500640869,1071,223,1134,399,1102,311
frame_41,Rack_2,13,3,coke_med,0.9375899434089661,1022,222,1069,398,1045,310
frame_41,Rack_2,40,3,coke_med,0.9376901388168335,969,220,1022,400,995,310
frame_41,Rack_2,1,3,coke_med,0.9245694279670715,917,219,967,399,942,309
frame_41,Rack_2,57,6,coke_v_med,0.8652287125587463,864,219,916,399,890,309
frame_41,Rack_2,19,6,coke_v_med,0.9422736167907715,811,221,862,399,836,310
frame_41,Rack_2,29,6,coke_v_med,0.9254078269004822,758,221,809,399,783,310
frame_41,Rack_2,33,2,anw_med,0.9845396876335144,707,222,757,400,732,311
frame_41,Rack_2,11,2,anw_med,0.9559020400047302,657,222,707,401,682,311
frame_41,Rack_2,20,2,anw_med,0.9465370774269104,609,224,657,400,633,312
frame_41,Rack_2,3,2,anw_med,0.9592819809913635,561,224,608,400,584,312
frame_41,Rack_2,9,2,anw_med,0.9749996066093445,511,224,560,400,535,312
frame_41,Rack_2,2,2,anw_med,0.9750779271125793,459,222,510,399,484,310
frame_41,Rack_2,50,15,pepsi_med,0.8718846440315247,419,236,457,395,438,315
frame_41,Rack_2,7,15,pepsi_med,0.9426805973052979,371,230,418,395,394,312
frame_41,Rack_2,10,15,pepsi_med,0.9620710015296936,323,230,369,394,346,312
frame_41,Rack_2,5,15,pepsi_med,0.9749045372009277,281,231,322,394,301,312
frame_41,Rack_2,8,15,pepsi_med,0.9587765336036682,231,233,280,394,255,313
frame_41,Rack_2,17,15,pepsi_med,0.9301461577415466,188,231,229,394,208,312
frame_41,Rack_2,4,13,kick_med,0.96793133020401,139,228,187,397,163,312
frame_41,Rack_2,44,13,kick_med,0.8232277631759644,97,228,138,396,117,312
frame_41,Rack_2,22,13,kick_med,0.9165058732032776,47,230,97,396,72,313
frame_41,Rack_2,26,13,kick_med,0.9438440203666687,5,232,46,395,25,313
frame_42,Rack_2,15,3,coke_med,0.9622640609741211,1136,220,1198,398,1167,309
frame_42,Rack_2,39,3,coke_med,0.9367435574531555,1071,223,1135,399,1103,311
frame_42,Rack_2,13,3,coke_med,0.9293955564498901,1023,222,1069,398,1046,310
frame_42,Rack_2,40,3,coke_med,0.9237908124923706,969,220,1022,399,995,309
frame_42,Rack_2,1,3,coke_med,0.9023169875144958,918,219,968,399,943,309
frame_42,Rack_2,57,6,coke_v_med,0.867476224899292,864,218,917,399,890,308
frame_42,Rack_2,19,6,coke_v_med,0.938500165939331,811,220,862,399,836,309
frame_42,Rack_2,29,6,coke_v_med,0.9186675548553467,759,221,810,399,784,310
frame_42,Rack_2,33,2,anw_med,0.9846295714378357,708,222,757,400,732,311
frame_42,Rack_2,11,2,anw_med,0.9581406116485596,658,222,707,400,682,311
frame_42,Rack_2,20,2,anw_med,0.9499441385269165,609,224,657,400,633,312
frame_42,Rack_2,3,2,anw_med,0.9577515721321106,561,225,608,400,584,312
frame_42,Rack_2,9,2,anw_med,0.9715374708175659,512,224,560,400,536,312
frame_42,Rack_2,2,2,anw_med,0.975138247013092,459,222,511,399,485,310
frame_42,Rack_2,50,15,pepsi_med,0.8572331666946411,419,236,458,395,438,315
frame_42,Rack_2,7,15,pepsi_med,0.9384776949882507,371,229,418,395,394,312
frame_42,Rack_2,10,15,pepsi_med,0.9607845544815063,323,230,369,394,346,312
frame_42,Rack_2,5,15,pepsi_med,0.9757316708564758,282,231,322,394,302,312
frame_42,Rack_2,8,15,pepsi_med,0.9575080275535583,231,233,280,393,255,313
frame_42,Rack_2,17,15,pepsi_med,0.9311659932136536,188,231,229,394,208,312
frame_42,Rack_2,4,13,kick_med,0.9721747040748596,139,228,187,397,163,312
frame_42,Rack_2,44,13,kick_med,0.8000428676605225,98,228,138,396,118,312
frame_42,Rack_2,22,13,kick_med,0.9158108830451965,47,229,97,396,72,312
frame_42,Rack_2,26,13,kick_med,0.9435874223709106,5,232,46,395,25,313
frame_43,Rack_2,15,3,coke_med,0.9580793976783752,1136,221,1198,398,1167,309
frame_43,Rack_2,39,3,coke_med,0.9391053318977356,1072,223,1135,399,1103,311
frame_43,Rack_2,13,3,coke_med,0.9260511994361877,1023,222,1070,398,1046,310
frame_43,Rack_2,40,3,coke_med,0.9155654311180115,970,220,1023,399,996,309
frame_43,Rack_2,1,3,coke_med,0.8827701210975647,918,218,968,400,943,309
frame_43,Rack_2,57,6,coke_v_med,0.8688687682151794,864,218,917,399,890,308
frame_43,Rack_2,19,6,coke_v_med,0.941752552986145,811,219,863,399,837,309
frame_43,Rack_2,29,6,coke_v_med,0.904849648475647,759,221,810,398,784,309
frame_43,Rack_2,33,2,anw_med,0.9775539040565491,708,221,758,400,733,310
frame_43,Rack_2,11,2,anw_med,0.9577609896659851,658,223,707,400,682,311
frame_43,Rack_2,20,2,anw_med,0.9534154534339905,610,223,658,401,634,312
frame_43,Rack_2,3,2,anw_med,0.9584622383117676,562,225,608,400,585,312
frame_43,Rack_2,9,2,anw_med,0.96833336353302,512,225,561,400,536,312
frame_43,Rack_2,2,2,anw_med,0.9773270487785339,459,222,511,399,485,310
frame_43,Rack_2,50,15,pepsi_med,0.8169569373130798,419,236,458,395,438,315
frame_43,Rack_2,7,15,pepsi_med,0.9352768063545227,372,230,418,394,395,312
frame_43,Rack_2,10,15,pepsi_med,0.9603593349456787,323,229,369,394,346,311
frame_43,Rack_2,5,15,pepsi_med,0.9772325158119202,282,231,322,393,302,312
frame_43,Rack_2,8,15,pepsi_med,0.9528570771217346,231,232,280,393,255,312
frame_43,Rack_2,17,15,pepsi_med,0.9217382669448853,189,231,230,393,209,312
frame_43,Rack_2,4,13,kick_med,0.9721980690956116,139,228,187,397,163,312
frame_43,Rack_2,44,13,kick_med,0.8052529096603394,98,231,138,395,118,313
frame_43,Rack_2,22,13,kick_med,0.9084454774856567,47,229,97,396,72,312
frame_43,Rack_2,26,13,kick_med,0.9499802589416504,5,231,47,395,26,313
frame_44,Rack_2,15,3,coke_med,0.9633889198303223,1137,222,1198,397,1167,309
frame_44,Rack_2,39,3,coke_med,0.9453352093696594,1072,222,1136,399,1104,310
frame_44,Rack_2,13,3,coke_med,0.9123510122299194,1024,220,1070,398,1047,309
frame_44,Rack_2,40,3,coke_med,0.9098947644233704,970,218,1023,399,996,308
frame_44,Rack_2,1,3,coke_med,0.8770744800567627,919,218,969,399,944,308
frame_44,Rack_2,57,6,coke_v_med,0.8625285029411316,865,217,917,399,891,308
frame_44,Rack_2,19,6,coke_v_med,0.9433379173278809,812,219,863,398,837,308
frame_44,Rack_2,29,6,coke_v_med,0.9034406542778015,760,220,811,398,785,309
frame_44,Rack_2,33,2,anw_med,0.9730344414710999,709,221,758,400,733,310
frame_44,Rack_2,11,2,anw_med,0.9613944888114929,659,222,708,400,683,311
frame_44,Rack_2,20,2,anw_med,0.9594578146934509,610,222,659,400,634,311
frame_44,Rack_2,3,2,anw_med,0.9534200429916382,562,225,609,399,585,312
frame_44,Rack_2,9,2,anw_med,0.9631407260894775,512,224,561,399,536,311
frame_44,Rack_2,2,2,anw_med,0.9768686890602112,459,222,511,399,485,310
frame_44,Rack_2,50,15,pepsi_med,0.7948551774024963,420,236,458,394,439,315
frame_44,Rack_2,7,15,pepsi_med,0.9363903403282166,371,229,418,395,394,312
frame_44,Rack_2,10,15,pepsi_med,0.959663987159729,324,229,370,393,347,311
frame_44,Rack_2,5,15,pepsi_med,0.9809864163398743,283,231,322,393,302,312
frame_44,Rack_2,8,15,pepsi_med,0.9551567435264587,231,232,280,393,255,312
frame_44,Rack_2,17,15,pepsi_med,0.9166523218154907,189,231,230,393,209,312
frame_44,Rack_2,4,13,kick_med,0.9718363881111145,140,228,188,397,164,312
frame_44,Rack_2,44,13,kick_med,0.8127297759056091,99,232,139,395,119,313
frame_44,Rack_2,22,13,kick_med,0.9053688049316406,48,229,98,396,73,312
frame_44,Rack_2,26,13,kick_med,0.9553905725479126,5,231,47,394,26,312
frame_45,Rack_2,15,3,coke_med,0.965945303440094,1137,222,1199,397,1168,309
frame_45,Rack_2,39,3,coke_med,0.9415990710258484,1072,221,1136,398,1104,309
frame_45,Rack_2,13,3,coke_med,0.911105751991272,1024,220,1070,398,1047,309
frame_45,Rack_2,40,3,coke_med,0.9217482805252075,970,218,1023,398,996,308
frame_45,Rack_2,1,3,coke_med,0.8697567582130432,919,217,970,399,944,308
frame_45,Rack_2,57,6,coke_v_med,0.8582586646080017,865,217,918,399,891,308
frame_45,Rack_2,19,6,coke_v_med,0.9383049011230469,812,219,864,398,838,308
frame_45,Rack_2,29,6,coke_v_med,0.9029184579849243,760,220,811,398,785,309
frame_45,Rack_2,33,2,anw_med,0.9755104184150696,709,220,759,399,734,309
frame_45,Rack_2,11,2,anw_med,0.960283100605011,659,222,708,400,683,311
frame_45,Rack_2,20,2,anw_med,0.9631972312927246,610,221,659,400,634,310
frame_45,Rack_2,3,2,anw_med,0.9509509205818176,562,224,609,399,585,311
frame_45,Rack_2,9,2,anw_med,0.9555869102478027,513,224,562,399,537,311
frame_45,Rack_2,2,2,anw_med,0.9758092761039734,460,221,512,399,486,310
frame_45,Rack_2,50,15,pepsi_med,0.8215621709823608,420,236,459,394,439,315
frame_45,Rack_2,7,15,pepsi_med,0.9366458654403687,372,229,419,395,395,312
frame_45,Rack_2,10,15,pepsi_med,0.9567664861679077,324,229,370,393,347,311
frame_45,Rack_2,5,15,pepsi_med,0.9820477962493896,283,232,323,393,303,312
frame_45,Rack_2,8,15,pepsi_med,0.9562487602233887,232,232,280,392,256,312
frame_45,Rack_2,17,15,pepsi_med,0.9135449528694153,189,231,230,393,209,312
frame_45,Rack_2,4,13,kick_med,0.9752004742622375,140,228,188,396,164,312
frame_45,Rack_2,44,13,kick_med,0.8365863561630249,99,232,139,394,119,313
frame_45,Rack_2,22,13,kick_med,0.9094021916389465,48,228,98,396,73,312
frame_45,Rack_2,26,13,kick_med,0.953199028968811,5,231,47,394,26,312
frame_46,Rack_2,15,3,coke_med,0.9576590657234192,1138,221,1199,397,1168,309
frame_46,Rack_2,39,3,coke_med,0.9464213252067566,1073,221,1137,398,1105,309
frame_46,Rack_2,13,3,coke_med,0.9135597348213196,1025,220,1071,398,1048,309
frame_46,Rack_2,40,3,coke_med,0.9258065223693848,971,218,1024,398,997,308
frame_46,Rack_2,1,3,coke_med,0.8601377010345459,920,217,971,399,945,308
frame_46,Rack_2,57,6,coke_v_med,0.8535653352737427,866,217,919,399,892,308
frame_46,Rack_2,19,6,coke_v_med,0.9406384229660034,813,218,864,398,838,308
frame_46,Rack_2,29,6,coke_v_med,0.9145483374595642,761,220,812,398,786,309
frame_46,Rack_2,33,2,anw_med,0.9814032316207886,709,220,759,399,734,309
frame_46,Rack_2,11,2,anw_med,0.9639154076576233,660,221,709,400,684,310
frame_46,Rack_2,20,2,anw_med,0.9640659689903259,611,221,660,400,635,310
frame_46,Rack_2,3,2,anw_med,0.9528346657752991,562,223,609,399,585,311
frame_46,Rack_2,9,2,anw_med,0.9544462561607361,513,224,562,399,537,311
frame_46,Rack_2,2,2,anw_med,0.9677842855453491,460,221,512,399,486,310
frame_46,Rack_2,50,15,pepsi_med,0.8746657967567444,421,237,459,394,440,315
frame_46,Rack_2,7,15,pepsi_med,0.9411216974258423,373,231,419,394,396,312
frame_46,Rack_2,10,15,pepsi_med,0.9557577967643738,325,229,370,393,347,311
frame_46,Rack_2,5,15,pepsi_med,0.9826787710189819,283,231,323,393,303,312
frame_46,Rack_2,8,15,pepsi_med,0.9556519985198975,232,232,280,392,256,312
frame_46,Rack_2,17,15,pepsi_med,0.8995864987373352,190,231,231,393,210,312
frame_46,Rack_2,4,13,kick_med,0.9735561013221741,140,228,188,396,164,312
frame_46,Rack_2,44,13,kick_med,0.8406530618667603,100,232,140,394,120,313
frame_46,Rack_2,22,13,kick_med,0.9208667278289795,48,228,98,396,73,312
frame_46,Rack_2,26,13,kick_med,0.9564069509506226,6,231,48,394,27,312
frame_47,Rack_2,15,3,coke_med,0.9509506821632385,1138,220,1200,396,1169,308
frame_47,Rack_2,39,3,coke_med,0.9521575570106506,1073,221,1137,398,1105,309
frame_47,Rack_2,13,3,coke_med,0.9123184680938721,1025,221,1071,398,1048,309
frame_47,Rack_2,40,3,coke_med,0.9211909770965576,971,218,1024,398,997,308
frame_47,Rack_2,1,3,coke_med,0.8198765516281128,921,217,971,399,946,308
frame_47,Rack_2,57,6,coke_v_med,0.8623842000961304,867,217,919,398,893,307
frame_47,Rack_2,19,6,coke_v_med,0.9376287460327148,813,219,865,398,839,308
frame_47,Rack_2,29,6,coke_v_med,0.9116451144218445,762,221,812,397,787,309
frame_47,Rack_2,33,2,anw_med,0.9819460511207581,710,221,760,399,735,310
frame_47,Rack_2,11,2,anw_med,0.9545266032218933,660,222,709,399,684,310
frame_47,Rack_2,20,2,anw_med,0.9625534415245056,611,222,660,400,635,311
frame_47,Rack_2,3,2,anw_med,0.9531253576278687,563,224,610,399,586,311
frame_47,Rack_2,9,2,anw_med,0.950641393661499,514,225,563,399,538,312
frame_47,Rack_2,2,2,anw_med,0.962754487991333,461,222,513,399,487,310
frame_47,Rack_2,50,15,pepsi_med,0.888136088848114,421,236,460,394,440,315
frame_47,Rack_2,7,15,pepsi_med,0.9428274035453796,374,232,419,393,396,312
frame_47,Rack_2,10,15,pepsi_med,0.954534649848938,325,230,371,393,348,311
frame_47,Rack_2,5,15,pepsi_med,0.9832565188407898,284,231,323,393,303,312
frame_47,Rack_2,8,15,pepsi_med,0.9550196528434753,232,231,281,392,256,311
frame_47,Rack_2,17,15,pepsi_med,0.8860676288604736,190,230,231,392,210,311
frame_47,Rack_2,4,13,kick_med,0.9758502840995789,141,228,188,396,164,312
frame_47,Rack_2,44,13,kick_med,0.8670968413352966,100,231,140,394,120,312
frame_47,Rack_2,22,13,kick_med,0.9232727885246277,49,228,99,396,74,312
frame_47,Rack_2,26,13,kick_med,0.9616630673408508,7,231,49,394,28,312
frame_48,Rack_2,15,3,coke_med,0.953224241733551,1139,219,1200,396,1169,307
frame_48,Rack_2,39,3,coke_med,0.9529725909233093,1074,220,1138,398,1106,309
frame_48,Rack_2,13,3,coke_med,0.9048235416412354,1026,221,1072,398,1049,309
frame_48,Rack_2,40,3,coke_med,0.9110084772109985,972,217,1024,398,998,307
frame_48,Rack_2,1,3,coke_med,0.8375883102416992,922,217,972,398,947,307
frame_48,Rack_2,57,6,coke_v_med,0.8794976472854614,867,217,920,398,893,307
frame_48,Rack_2,19,6,coke_v_med,0.9392736554145813,814,218,865,398,839,308
frame_48,Rack_2,29,6,coke_v_med,0.9036020040512085,762,220,813,397,787,308
frame_48,Rack_2,33,2,anw_med,0.9793093204498291,710,221,760,399,735,310
frame_48,Rack_2,11,2,anw_med,0.9539969563484192,661,221,710,399,685,310
frame_48,Rack_2,20,2,anw_med,0.9656486511230469,612,222,660,400,636,311
frame_48,Rack_2,3,2,anw_med,0.9591746926307678,563,223,610,399,586,311
frame_48,Rack_2,9,2,anw_med,0.9541491270065308,514,224,563,399,538,311
frame_48,Rack_2,2,2,anw_med,0.9446204900741577,462,222,514,399,488,310
frame_48,Rack_2,50,15,pepsi_med,0.9029263854026794,422,237,460,394,441,315
frame_48,Rack_2,7,15,pepsi_med,0.9451114535331726,374,232,420,393,397,312
frame_48,Rack_2,10,15,pepsi_med,0.9553369879722595,326,230,371,392,348,311
frame_48,Rack_2,5,15,pepsi_med,0.9818437695503235,284,231,324,392,304,311
frame_48,Rack_2,8,15,pepsi_med,0.9615672826766968,232,231,281,391,256,311
frame_48,Rack_2,17,15,pepsi_med,0.8725414872169495,191,230,231,392,211,311
frame_48,Rack_2,4,13,kick_med,0.9722814559936523,141,228,189,396,165,312
frame_48,Rack_2,44,13,kick_med,0.8491689562797546,100,231,141,394,120,312
frame_48,Rack_2,22,13,kick_med,0.9304590225219727,49,228,99,396,74,312
frame_48,Rack_2,26,13,kick_med,0.960673987865448,7,231,49,394,28,312
frame_49,Rack_2,15,3,coke_med,0.9503585696220398,1140,221,1201,396,1170,308
frame_49,Rack_2,39,3,coke_med,0.9512104392051697,1074,220,1138,397,1106,308
frame_49,Rack_2,13,3,coke_med,0.8930588364601135,1026,221,1073,397,1049,309
frame_49,Rack_2,40,3,coke_med,0.9121009707450867,972,217,1025,398,998,307
frame_49,Rack_2,1,3,coke_med,0.832073986530304,922,217,972,398,947,307
frame_49,Rack_2,57,6,coke_v_med,0.8937250375747681,868,217,920,397,894,307
frame_49,Rack_2,19,6,coke_v_med,0.9481328129768372,815,218,866,397,840,307
frame_49,Rack_2,29,6,coke_v_med,0.9118524193763733,763,219,814,397,788,308
frame_49,Rack_2,33,2,anw_med,0.9773083329200745,711,221,761,398,736,309
frame_49,Rack_2,11,2,anw_med,0.9447154998779297,662,221,710,399,686,310
frame_49,Rack_2,20,2,anw_med,0.9642988443374634,613,222,661,399,637,310
frame_49,Rack_2,3,2,anw_med,0.9631470441818237,564,223,611,399,587,311
frame_49,Rack_2,9,2,anw_med,0.955577552318573,514,223,564,399,539,311
frame_49,Rack_2,2,2,anw_med,0.9374064207077026,462,222,514,398,488,310
frame_49,Rack_2,50,15,pepsi_med,0.9070360064506531,422,237,461,393,441,315
frame_49,Rack_2,7,15,pepsi_med,0.953068196773529,375,232,420,393,397,312
frame_49,Rack_2,10,15,pepsi_med,0.961328387260437,327,229,372,392,349,310
frame_49,Rack_2,5,15,pepsi_med,0.9804370999336243,284,230,324,392,304,311
frame_49,Rack_2,8,15,pepsi_med,0.9590092301368713,233,230,282,391,257,310
frame_49,Rack_2,17,15,pepsi_med,0.8627443909645081,191,229,232,392,211,310
frame_49,Rack_2,4,13,kick_med,0.972713828086853,141,228,189,396,165,312
frame_49,Rack_2,44,13,kick_med,0.8600032925605774,100,230,141,394,120,312
frame_49,Rack_2,22,13,kick_med,0.9325664043426514,50,228,99,396,74,312
frame_49,Rack_2,26,13,kick_med,0.9750722646713257,7,230,49,393,28,311
frame_50,Rack_2,15,3,coke_med,0.9482123255729675,1140,217,1202,396,1171,306
frame_50,Rack_2,39,3,coke_med,0.9367765188217163,1074,218,1139,397,1106,307
frame_50,Rack_2,13,3,coke_med,0.8880616426467896,1027,220,1073,397,1050,308
frame_50,Rack_2,40,3,coke_med,0.9098231792449951,973,217,1025,397,999,307
frame_50,Rack_2,1,3,coke_med,0.881493330001831,923,216,973,398,948,307
frame_50,Rack_2,57,6,coke_v_med,0.872171938419342,868,215,922,397,895,306
frame_50,Rack_2,19,6,coke_v_med,0.9363659024238586,815,215,867,397,841,306
frame_50,Rack_2,29,6,coke_v_med,0.9109265804290771,763,216,815,396,789,306
frame_50,Rack_2,33,2,anw_med,0.9708125591278076,711,219,762,398,736,308
frame_50,Rack_2,11,2,anw_med,0.9445422291755676,662,220,711,399,686,309
frame_50,Rack_2,20,2,anw_med,0.9639284014701843,613,221,662,399,637,310
frame_50,Rack_2,3,2,anw_med,0.9692376255989075,564,222,612,399,588,310
frame_50,Rack_2,9,2,anw_med,0.9609937071800232,515,222,565,399,540,310
frame_50,Rack_2,2,2,anw_med,0.942074179649353,463,221,515,398,489,309
frame_50,Rack_2,50,15,pepsi_med,0.919588029384613,423,236,461,393,442,314
frame_50,Rack_2,7,15,pepsi_med,0.9591652750968933,375,231,421,392,398,311
frame_50,Rack_2,10,15,pepsi_med,0.9591390490531921,327,229,372,392,349,310
frame_50,Rack_2,5,15,pepsi_med,0.9782841801643372,285,229,325,392,305,310
frame_50,Rack_2,8,15,pepsi_med,0.9560448527336121,233,229,282,391,257,310
frame_50,Rack_2,17,15,pepsi_med,0.8491909503936768,192,229,232,391,212,310
frame_50,Rack_2,4,13,kick_med,0.9682301878929138,142,228,189,396,165,312
frame_50,Rack_2,44,13,kick_med,0.849987804889679,101,231,141,394,121,312
frame_50,Rack_2,22,13,kick_med,0.9302453994750977,50,228,100,395,75,311
frame_50,Rack_2,26,13,kick_med,0.9618192911148071,7,230,49,393,28,311
frame_51,Rack_2,15,3,coke_med,0.9060586094856262,1140,213,1203,396,1171,304
frame_51,Rack_2,39,3,coke_med,0.9135321974754333,1074,215,1139,397,1106,306
frame_51,Rack_2,13,3,coke_med,0.8707982897758484,1027,216,1074,397,1050,306
frame_51,Rack_2,40,3,coke_med,0.8872250318527222,973,213,1027,398,1000,305
frame_51,Rack_2,1,3,coke_med,0.8766310811042786,923,212,974,398,948,305
frame_51,Rack_2,57,6,coke_v_med,0.8874642252922058,868,210,923,397,895,303
frame_51,Rack_2,19,6,coke_v_med,0.9398043155670166,815,209,868,398,841,303
frame_51,Rack_2,29,6,coke_v_med,0.903571605682373,763,210,816,396,789,303
frame_51,Rack_2,33,2,anw_med,0.969601571559906,711,216,763,398,737,307
frame_51,Rack_2,11,2,anw_med,0.9442574977874756,662,218,712,399,687,308
frame_51,Rack_2,20,2,anw_med,0.9672811031341553,613,219,662,399,637,309
frame_51,Rack_2,3,2,anw_med,0.972499668598175,565,220,612,399,588,309
frame_51,Rack_2,9,2,anw_med,0.9680255055427551,515,219,565,399,540,309
frame_51,Rack_2,2,2,anw_med,0.9489565491676331,463,218,515,398,489,308
frame_51,Rack_2,50,15,pepsi_med,0.9289409518241882,423,235,462,393,442,314
frame_51,Rack_2,7,15,pepsi_med,0.9592626690864563,375,230,421,392,398,311
frame_51,Rack_2,10,15,pepsi_med,0.9605314135551453,327,228,373,391,350,309
frame_51,Rack_2,5,15,pepsi_med,0.9760074019432068,285,228,325,392,305,310
frame_51,Rack_2,8,15,pepsi_med,0.9497225880622864,233,229,283,391,258,310
frame_51,Rack_2,17,15,pepsi_med,0.8322063684463501,192,229,232,391,212,310
frame_51,Rack_2,4,13,kick_med,0.9664292931556702,142,227,190,395,166,311
frame_51,Rack_2,44,13,kick_med,0.8564542531967163,101,230,142,393,121,311
frame_51,Rack_2,22,13,kick_med,0.9206811785697937,50,228,100,395,75,311
frame_51,Rack_2,26,13,kick_med,0.957973062992096,7,230,49,393,28,311
frame_52,Rack_2,15,3,coke_med,0.9195775389671326,1140,210,1204,395,1172,302
frame_52,Rack_2,39,3,coke_med,0.9196785688400269,1074,213,1140,397,1107,305
frame_52,Rack_2,13,3,coke_med,0.8627973198890686,1028,214,1075,397,1051,305
frame_52,Rack_2,40,3,coke_med,0.8858733773231506,974,212,1027,398,1000,305
frame_52,Rack_2,1,3,coke_med,0.8861174583435059,923,210,975,398,949,304
frame_52,Rack_2,57,6,coke_v_med,0.9004650115966797,869,209,923,398,896,303
frame_52,Rack_2,19,6,coke_v_med,0.940473735332489,815,207,869,398,842,302
frame_52,Rack_2,29,6,coke_v_med,0.9093985557556152,763,209,816,397,789,303
frame_52,Rack_2,33,2,anw_med,0.9712148308753967,711,213,763,398,737,305
frame_52,Rack_2,11,2,anw_med,0.9303827285766602,663,215,712,399,687,307
frame_52,Rack_2,20,2,anw_med,0.9595489501953125,613,216,663,399,638,307
frame_52,Rack_2,3,2,anw_med,0.9732491970062256,565,216,613,399,589,307
frame_52,Rack_2,9,2,anw_med,0.9699620604515076,515,215,566,400,540,307
frame_52,Rack_2,2,2,anw_med,0.9551270008087158,463,215,516,398,489,306
frame_52,Rack_2,50,15,pepsi_med,0.9304474592208862,423,233,463,393,443,313
frame_52,Rack_2,7,15,pepsi_med,0.9602659940719604,375,229,422,392,398,310
frame_52,Rack_2,10,15,pepsi_med,0.9607988595962524,327,228,373,391,350,309
frame_52,Rack_2,5,15,pepsi_med,0.9765878915786743,285,228,326,392,305,310
frame_52,Rack_2,8,15,pepsi_med,0.9414455890655518,233,228,283,391,258,309
frame_52,Rack_2,17,15,pepsi_med,0.815766453742981,192,228,233,391,212,309
frame_52,Rack_2,4,13,kick_med,0.9599128365516663,143,227,190,395,166,311
frame_52,Rack_2,44,13,kick_med,0.8492331504821777,101,230,142,393,121,311
frame_52,Rack_2,22,13,kick_med,0.9252079725265503,51,227,100,395,75,311
frame_52,Rack_2,26,13,kick_med,0.9662266969680786,7,229,49,393,28,311
frame_53,Rack_2,15,3,coke_med,0.8840171694755554,1141,210,1205,396,1173,303
frame_53,Rack_2,39,3,coke_med,0.9013564586639404,1074,212,1140,397,1107,304
frame_53,Rack_2,13,3,coke_med,0.8549331426620483,1028,214,1076,396,1052,305
frame_53,Rack_2,40,3,coke_med,0.8668874502182007,974,211,1028,397,1001,304
frame_53,Rack_2,1,3,coke_med,0.8646524548530579,923,210,975,398,949,304
frame_53,Rack_2,57,6,coke_v_med,0.8759877681732178,869,208,924,397,896,302
frame_53,Rack_2,19,6,coke_v_med,0.9262775778770447,815,205,870,397,842,301
frame_53,Rack_2,29,6,coke_v_med,0.8986464738845825,763,206,817,396,790,301
frame_53,Rack_2,33,2,anw_med,0.9702592492103577,712,214,764,398,738,306
frame_53,Rack_2,11,2,anw_med,0.9281324744224548,663,216,713,398,688,307
frame_53,Rack_2,20,2,anw_med,0.9619931578636169,614,218,663,399,638,308
frame_53,Rack_2,3,2,anw_med,0.9704676866531372,565,218,613,398,589,308
frame_53,Rack_2,9,2,anw_med,0.9685102105140686,516,217,566,399,541,308
frame_53,Rack_2,2,2,anw_med,0.9453415274620056,463,216,516,398,489,307
frame_53,Rack_2,50,15,pepsi_med,0.9449878334999084,424,233,463,393,443,313
frame_53,Rack_2,7,15,pepsi_med,0.9610037207603455,376,228,422,392,399,310
frame_53,Rack_2,10,15,pepsi_med,0.955866277217865,327,228,373,391,350,309
frame_53,Rack_2,5,15,pepsi_med,0.9761489033699036,286,227,326,391,306,309
frame_53,Rack_2,8,15,pepsi_med,0.9226770401000977,234,227,283,391,258,309
frame_53,Rack_2,17,15,pepsi_med,0.7649936079978943,192,228,233,390,212,309
frame_53,Rack_2,4,13,kick_med,0.9604601263999939,143,227,191,395,167,311
frame_53,Rack_2,44,13,kick_med,0.8547650575637817,101,229,142,392,121,310
frame_53,Rack_2,22,13,kick_med,0.928570032119751,51,227,100,395,75,311
frame_53,Rack_2,26,13,kick_med,0.9680892825126648,7,229,50,393,28,311
frame_54,Rack_2,15,3,coke_med,0.9311127662658691,1142,214,1205,396,1173,305
frame_54,Rack_2,39,3,coke_med,0.9197801947593689,1075,215,1140,397,1107,306
frame_54,Rack_2,13,3,coke_med,0.8886505365371704,1029,216,1076,396,1052,306
frame_54,Rack_2,40,3,coke_med,0.871471643447876,975,213,1028,397,1001,305
frame_54,Rack_2,1,3,coke_med,0.8709088563919067,924,212,975,398,949,305
frame_54,Rack_2,57,6,coke_v_med,0.8770081996917725,870,212,924,397,897,304
frame_54,Rack_2,19,6,coke_v_med,0.9269487261772156,817,209,870,397,843,303
frame_54,Rack_2,29,6,coke_v_med,0.8965386152267456,764,209,817,396,790,302
frame_54,Rack_2,33,2,anw_med,0.9673754572868347,713,217,764,398,738,307
frame_54,Rack_2,11,2,anw_med,0.9185376763343811,664,218,713,398,688,308
frame_54,Rack_2,20,2,anw_med,0.9573752284049988,614,220,663,399,638,309
frame_54,Rack_2,3,2,anw_med,0.9669201970100403,566,220,613,398,589,309
frame_54,Rack_2,9,2,anw_med,0.9650443196296692,516,219,566,399,541,309
frame_54,Rack_2,2,2,anw_med,0.9332572221755981,464,218,516,399,490,308
frame_54,Rack_2,50,15,pepsi_med,0.9483059048652649,424,232,463,393,443,312
frame_54,Rack_2,7,15,pepsi_med,0.9629308581352234,376,228,422,391,399,309
frame_54,Rack_2,10,15,pepsi_med,0.9527304768562317,327,228,373,390,350,309
frame_54,Rack_2,5,15,pepsi_med,0.9736202359199524,286,228,326,391,306,309
frame_54,Rack_2,8,15,pepsi_med,0.918796956539154,234,227,284,390,259,308
frame_54,Rack_2,17,15,pepsi_med,0.744795560836792,193,228,233,390,213,309
frame_54,Rack_2,4,13,kick_med,0.9629242420196533,144,227,191,394,167,310
frame_54,Rack_2,44,13,kick_med,0.8710688352584839,102,230,142,392,122,311
frame_54,Rack_2,22,13,kick_med,0.9286009073257446,51,227,101,395,76,311
frame_54,Rack_2,26,13,kick_med,0.969572126865387,7,229,50,393,28,311
frame_55,Rack_2,15,3,coke_med,0.90642911195755,1142,211,1206,396,1174,303
frame_55,Rack_2,39,3,coke_med,0.9100496172904968,1075,213,1141,397,1108,305
frame_55,Rack_2,13,3,coke_med,0.9110410213470459,1029,214,1076,396,1052,305
frame_55,Rack_2,40,3,coke_med,0.8787908554077148,975,211,1028,398,1001,304
frame_55,Rack_2,1,3,coke_med,0.8927907347679138,924,211,976,398,950,304
frame_55,Rack_2,57,6,coke_v_med,0.8774780035018921,870,209,925,397,897,303
frame_55,Rack_2,19,6,coke_v_med,0.929217517375946,816,205,870,397,843,301
frame_55,Rack_2,29,6,coke_v_med,0.8999003171920776,764,206,818,396,791,301
frame_55,Rack_2,33,2,anw_med,0.9661166071891785,713,216,764,398,738,307
frame_55,Rack_2,11,2,anw_med,0.9148633480072021,664,217,713,398,688,307
frame_55,Rack_2,20,2,anw_med,0.962648332118988,614,219,664,399,639,309
frame_55,Rack_2,3,2,anw_med,0.9711946249008179,566,219,613,398,589,308
frame_55,Rack_2,9,2,anw_med,0.9715873003005981,517,219,566,399,541,309
frame_55,Rack_2,2,2,anw_med,0.9362266659736633,465,218,517,399,491,308
frame_55,Rack_2,50,15,pepsi_med,0.9418436884880066,424,231,464,393,444,312
frame_55,Rack_2,7,15,pepsi_med,0.9620838165283203,376,227,422,391,399,309
frame_55,Rack_2,10,15,pepsi_med,0.9522475004196167,328,227,373,390,350,308
frame_55,Rack_2,5,15,pepsi_med,0.9715686440467834,287,227,327,391,307,309
frame_55,Rack_2,8,15,pepsi_med,0.902560830116272,234,227,284,390,259,308
frame_55,Rack_2,17,15,pepsi_med,0.7428649663925171,193,228,233,390,213,309
frame_55,Rack_2,4,13,kick_med,0.9566875696182251,144,227,191,394,167,310
frame_55,Rack_2,44,13,kick_med,0.8617947101593018,101,228,142,393,121,310
frame_55,Rack_2,22,13,kick_med,0.9207749962806702,52,227,101,394,76,310
frame_55,Rack_2,26,13,kick_med,0.9717991352081299,7,229,50,393,28,311
frame_56,Rack_2,15,3,coke_med,0.9171292781829834,1142,209,1207,396,1174,302
frame_56,Rack_2,39,3,coke_med,0.9003016352653503,1076,212,1142,397,1109,304
frame_56,Rack_2,13,3,coke_med,0.9183406829833984,1029,212,1077,396,1053,304
frame_56,Rack_2,40,3,coke_med,0.8874956369400024,976,210,1029,398,1002,304
frame_56,Rack_2,1,3,coke_med,0.9019725322723389,925,211,976,398,950,304
frame_56,Rack_2,57,6,coke_v_med,0.8599895238876343,871,209,925,397,898,303
frame_56,Rack_2,19,6,coke_v_med,0.9168900847434998,817,205,871,398,844,301
frame_56,Rack_2,29,6,coke_v_med,0.8964182138442993,764,204,818,396,791,300
frame_56,Rack_2,33,2,anw_med,0.9679023027420044,713,215,764,398,738,306
frame_56,Rack_2,11,2,anw_med,0.9072930812835693,664,216,713,398,688,307
frame_56,Rack_2,20,2,anw_med,0.9581496715545654,614,219,664,399,639,309
frame_56,Rack_2,3,2,anw_med,0.9634037613868713,566,219,613,398,589,308
frame_56,Rack_2,9,2,anw_med,0.9680757522583008,517,219,566,399,541,309
frame_56,Rack_2,2,2,anw_med,0.9315240383148193,465,218,517,398,491,308
frame_56,Rack_2,50,15,pepsi_med,0.9358991384506226,424,231,464,392,444,311
frame_56,Rack_2,7,15,pepsi_med,0.9558743238449097,376,227,423,391,399,309
frame_56,Rack_2,10,15,pepsi_med,0.9552735090255737,328,227,374,390,351,308
frame_56,Rack_2,5,15,pepsi_med,0.9698117971420288,287,227,327,391,307,309
frame_56,Rack_2,8,15,pepsi_med,0.9101696610450745,234,226,285,390,259,308
frame_56,Rack_2,17,15,pepsi_med,0.7363271117210388,193,227,233,390,213,308
frame_56,Rack_2,4,13,kick_med,0.9510812759399414,144,227,191,393,167,310
frame_56,Rack_2,44,13,kick_med,0.8579389452934265,101,227,143,393,122,310
frame_56,Rack_2,22,13,kick_med,0.9075519442558289,52,227,101,394,76,310
frame_56,Rack_2,26,13,kick_med,0.9702887535095215,7,229,50,393,28,311
frame_57,Rack_2,15,3,coke_med,0.919156551361084,1143,210,1206,396,1174,303
frame_57,Rack_2,39,3,coke_med,0.8991884589195251,1076,211,1142,397,1109,304
frame_57,Rack_2,13,3,coke_med,0.9294857382774353,1030,212,1077,396,1053,304
frame_57,Rack_2,40,3,coke_med,0.8996071219444275,976,209,1029,398,1002,303
frame_57,Rack_2,1,3,coke_med,0.9035074710845947,925,210,976,398,950,304
frame_57,Rack_2,57,6,coke_v_med,0.8458082675933838,871,208,926,397,898,302
frame_57,Rack_2,19,6,coke_v_med,0.9145699739456177,817,204,871,398,844,301
frame_57,Rack_2,29,6,coke_v_med,0.894385576248169,765,204,818,396,791,300
frame_57,Rack_2,33,2,anw_med,0.9676008820533752,713,215,765,398,739,306
frame_57,Rack_2,11,2,anw_med,0.8989189267158508,664,216,713,398,688,307
frame_57,Rack_2,20,2,anw_med,0.95811927318573,614,218,664,399,639,308
frame_57,Rack_2,3,2,anw_med,0.9605613350868225,567,219,614,398,590,308
frame_57,Rack_2,9,2,anw_med,0.9667192697525024,517,219,567,399,542,309
frame_57,Rack_2,2,2,anw_med,0.927412748336792,465,218,517,398,491,308
frame_57,Rack_2,50,15,pepsi_med,0.9355461001396179,424,231,464,392,444,311
frame_57,Rack_2,7,15,pepsi_med,0.9551290273666382,376,227,423,391,399,309
frame_57,Rack_2,10,15,pepsi_med,0.9570867419242859,328,227,374,390,351,308
frame_57,Rack_2,5,15,pepsi_med,0.9670677781105042,287,226,327,391,307,308
frame_57,Rack_2,8,15,pepsi_med,0.9028438329696655,235,226,285,390,260,308
frame_57,Rack_2,17,15,pepsi_med,0.744708240032196,193,227,234,391,213,309
frame_57,Rack_2,4,13,kick_med,0.9504683017730713,144,227,192,393,168,310
frame_57,Rack_2,44,13,kick_med,0.8576164245605469,102,227,143,393,122,310
frame_57,Rack_2,22,13,kick_med,0.9017842411994934,52,227,101,393,76,310
frame_57,Rack_2,26,13,kick_med,0.9695899486541748,7,228,51,393,29,310
frame_58,Rack_2,15,3,coke_med,0.9403457045555115,1143,210,1207,396,1175,303
frame_58,Rack_2,39,3,coke_med,0.914066731929779,1077,211,1142,397,1109,304
frame_58,Rack_2,13,3,coke_med,0.9214577078819275,1030,212,1078,396,1054,304
frame_58,Rack_2,40,3,coke_med,0.8858343958854675,977,210,1030,397,1003,303
frame_58,Rack_2,1,3,coke_med,0.9064339995384216,926,210,977,398,951,304
frame_58,Rack_2,57,6,coke_v_med,0.8317339420318604,871,209,926,397,898,303
frame_58,Rack_2,19,6,coke_v_med,0.9109631776809692,817,205,871,397,844,301
frame_58,Rack_2,29,6,coke_v_med,0.8876097202301025,765,203,818,396,791,299
frame_58,Rack_2,33,2,anw_med,0.9716411828994751,714,215,765,398,739,306
frame_58,Rack_2,11,2,anw_med,0.901745080947876,665,216,714,398,689,307
frame_58,Rack_2,20,2,anw_med,0.9536110162734985,615,218,664,398,639,308
frame_58,Rack_2,3,2,anw_med,0.9604620337486267,567,219,614,398,590,308
frame_58,Rack_2,9,2,anw_med,0.9649377465248108,518,219,567,399,542,309
frame_58,Rack_2,2,2,anw_med,0.9185258150100708,466,218,517,397,491,307
frame_58,Rack_2,50,15,pepsi_med,0.934643030166626,424,230,465,392,444,311
frame_58,Rack_2,7,15,pepsi_med,0.9517083764076233,377,227,423,391,400,309
frame_58,Rack_2,10,15,pepsi_med,0.9515344500541687,328,226,374,390,351,308
frame_58,Rack_2,5,15,pepsi_med,0.959807813167572,287,226,327,391,307,308
frame_58,Rack_2,8,15,pepsi_med,0.8998367786407471,235,226,285,390,260,308
frame_58,Rack_2,17,15,pepsi_med,0.7460417747497559,193,225,234,393,213,309
frame_58,Rack_2,4,13,kick_med,0.9503206014633179,145,227,192,393,168,310
frame_58,Rack_2,44,13,kick_med,0.8657659292221069,102,227,143,393,122,310
frame_58,Rack_2,22,13,kick_med,0.9092248678207397,53,227,101,393,77,310
frame_58,Rack_2,26,13,kick_med,0.9671633243560791,7,228,51,393,29,310
frame_59,Rack_2,15,3,coke_med,0.9313746094703674,1144,209,1207,395,1175,302
frame_59,Rack_2,39,3,coke_med,0.910282552242279,1077,210,1143,397,1110,303
frame_59,Rack_2,13,3,coke_med,0.9309860467910767,1031,212,1078,396,1054,304
frame_59,Rack_2,40,3,coke_med,0.8990197777748108,977,210,1030,397,1003,303
frame_59,Rack_2,1,3,coke_med,0.9209917187690735,926,210,977,398,951,304
frame_59,Rack_2,57,6,coke_v_med,0.8268367648124695,872,209,926,397,899,303
frame_59,Rack_2,19,6,coke_v_med,0.9150251150131226,818,205,871,397,844,301
frame_59,Rack_2,29,6,coke_v_med,0.8829390406608582,765,204,819,396,792,300
frame_59,Rack_2,33,2,anw_med,0.9689062237739563,714,215,765,398,739,306
frame_59,Rack_2,11,2,anw_med,0.8991795778274536,665,216,714,398,689,307
frame_59,Rack_2,20,2,anw_med,0.9545235633850098,615,218,665,398,640,308
frame_59,Rack_2,3,2,anw_med,0.9625383019447327,568,219,615,398,591,308
frame_59,Rack_2,9,2,anw_med,0.9660252928733826,518,219,567,399,542,309
frame_59,Rack_2,2,2,anw_med,0.9103152751922607,466,219,517,398,491,308
frame_59,Rack_2,50,15,pepsi_med,0.928041398525238,424,230,465,392,444,311
frame_59,Rack_2,7,15,pepsi_med,0.949648916721344,377,225,424,391,400,308
frame_59,Rack_2,10,15,pepsi_med,0.9523959159851074,328,226,375,390,351,308
frame_59,Rack_2,5,15,pepsi_med,0.9567086696624756,287,226,327,391,307,308
frame_59,Rack_2,8,15,pepsi_med,0.8904078602790833,235,226,285,390,260,308
frame_59,Rack_2,17,15,pepsi_med,0.7623633146286011,193,225,234,393,213,309
frame_59,Rack_2,4,13,kick_med,0.9468878507614136,145,226,192,393,168,309
frame_59,Rack_2,44,13,kick_med,0.8781833052635193,102,227,143,393,122,310
frame_59,Rack_2,22,13,kick_med,0.9150717258453369,53,227,102,393,77,310
frame_59,Rack_2,26,13,kick_med,0.9681171178817749,7,228,51,393,29,310
frame_60,Rack_2,15,3,coke_med,0.9502577185630798,1144,209,1208,395,1176,302
frame_60,Rack_2,39,3,coke_med,0.879323422908783,1078,213,1143,397,1110,305
frame_60,Rack_2,13,3,coke_med,0.9340882897377014,1031,214,1078,396,1054,305
frame_60,Rack_2,40,3,coke_med,0.8590376377105713,978,213,1030,397,1004,305
frame_60,Rack_2,1,3,coke_med,0.9241148233413696,926,210,977,398,951,304
frame_60,Rack_2,57,6,coke_v_med,0.8812292218208313,872,211,926,397,899,304
frame_60,Rack_2,19,6,coke_v_med,0.9372041821479797,818,209,871,397,844,303
frame_60,Rack_2,29,6,coke_v_med,0.9140459299087524,766,207,818,395,792,301
frame_60,Rack_2,33,2,anw_med,0.9683257341384888,714,215,765,397,739,306
frame_60,Rack_2,11,2,anw_med,0.8898846507072449,665,215,714,398,689,306
frame_60,Rack_2,20,2,anw_med,0.958852231502533,615,216,665,398,640,307
frame_60,Rack_2,3,2,anw_med,0.9524001479148865,568,216,615,398,591,307
frame_60,Rack_2,9,2,anw_med,0.9680594801902771,518,216,568,398,543,307
frame_60,Rack_2,2,2,anw_med,0.9166380167007446,466,217,518,398,492,307
frame_60,Rack_2,50,15,pepsi_med,0.9162617325782776,425,230,465,392,445,311
frame_60,Rack_2,7,15,pepsi_med,0.9503920674324036,378,225,424,392,401,308
frame_60,Rack_2,10,15,pepsi_med,0.9417222142219543,329,227,375,390,352,308
frame_60,Rack_2,5,15,pepsi_med,0.9552222490310669,287,227,327,391,307,309
frame_60,Rack_2,8,15,pepsi_med,0.921084463596344,235,227,285,390,260,308
frame_60,Rack_2,17,15,pepsi_med,0.7637125253677368,194,226,234,392,214,309
frame_60,Rack_2,4,13,kick_med,0.9523526430130005,145,226,193,394,169,310
frame_60,Rack_2,44,13,kick_med,0.8840141892433167,102,226,143,393,122,309
frame_60,Rack_2,22,13,kick_med,0.9182658195495605,53,227,102,393,77,310
frame_60,Rack_2,26,13,kick_med,0.9528875946998596,7,228,51,392,29,310
frame_61,Rack_2,15,3,coke_med,0.9605757594108582,1145,208,1209,395,1177,301
frame_61,Rack_2,39,3,coke_med,0.8872225284576416,1078,213,1143,397,1110,305
frame_61,Rack_2,13,3,coke_med,0.9401622414588928,1032,213,1078,396,1055,304
frame_61,Rack_2,40,3,coke_med,0.8981967568397522,978,213,1031,397,1004,305
frame_61,Rack_2,1,3,coke_med,0.9361239671707153,927,209,978,398,952,303
frame_61,Rack_2,57,6,coke_v_med,0.8673607110977173,872,211,926,396,899,303
frame_61,Rack_2,19,6,coke_v_med,0.9339024424552917,819,209,871,397,845,303
frame_61,Rack_2,29,6,coke_v_med,0.9073923230171204,767,209,818,395,792,302
frame_61,Rack_2,33,2,anw_med,0.9678899049758911,715,215,765,397,740,306
frame_61,Rack_2,11,2,anw_med,0.8921326994895935,665,214,714,398,689,306
frame_61,Rack_2,20,2,anw_med,0.9511693716049194,615,214,666,398,640,306
frame_61,Rack_2,3,2,anw_med,0.9507370591163635,568,213,616,398,592,305
frame_61,Rack_2,9,2,anw_med,0.9710845351219177,518,213,568,398,543,305
frame_61,Rack_2,2,2,anw_med,0.9206804633140564,466,215,518,398,492,306
frame_61,Rack_2,50,15,pepsi_med,0.9115818738937378,425,229,466,392,445,310
frame_61,Rack_2,7,15,pepsi_med,0.9538463950157166,378,224,425,392,401,308
frame_61,Rack_2,10,15,pepsi_med,0.9441770315170288,329,227,375,390,352,308
frame_61,Rack_2,5,15,pepsi_med,0.9540003538131714,288,226,327,391,307,308
frame_61,Rack_2,8,15,pepsi_med,0.924714207649231,235,226,285,390,260,308
frame_61,Rack_2,17,15,pepsi_med,0.7633375525474548,194,225,235,392,214,308
frame_61,Rack_2,4,13,kick_med,0.9444721341133118,145,226,193,394,169,310
frame_61,Rack_2,44,13,kick_med,0.8889239430427551,102,226,144,393,123,309
frame_61,Rack_2,22,13,kick_med,0.9223121404647827,53,226,102,393,77,309
frame_61,Rack_2,26,13,kick_med,0.9565725922584534,7,227,51,392,29,309
frame_62,Rack_2,15,3,coke_med,0.9612950682640076,1145,209,1209,394,1177,301
frame_62,Rack_2,39,3,coke_med,0.8678572773933411,1079,213,1144,397,1111,305
frame_62,Rack_2,13,3,coke_med,0.9513481259346008,1032,212,1079,396,1055,304
frame_62,Rack_2,40,3,coke_med,0.9061270356178284,979,212,1031,396,1005,304
frame_62,Rack_2,1,3,coke_med,0.9400109648704529,927,209,978,397,952,303
frame_62,Rack_2,57,6,coke_v_med,0.8663129806518555,873,211,926,396,899,303
frame_62,Rack_2,19,6,coke_v_med,0.9325465559959412,819,209,871,396,845,302
frame_62,Rack_2,29,6,coke_v_med,0.9057136178016663,767,209,818,395,792,302
frame_62,Rack_2,33,2,anw_med,0.9672303795814514,715,215,766,397,740,306
frame_62,Rack_2,11,2,anw_med,0.8979778289794922,666,213,715,397,690,305
frame_62,Rack_2,20,2,anw_med,0.9485160708427429,616,213,666,398,641,305
frame_62,Rack_2,3,2,anw_med,0.9475510716438293,568,212,616,397,592,304
frame_62,Rack_2,9,2,anw_med,0.9704504609107971,518,212,569,398,543,305
frame_62,Rack_2,2,2,anw_med,0.9256993532180786,466,214,518,398,492,306
frame_62,Rack_2,50,15,pepsi_med,0.9137129187583923,425,228,466,392,445,310
frame_62,Rack_2,7,15,pepsi_med,0.9557419419288635,378,223,425,392,401,307
frame_62,Rack_2,10,15,pepsi_med,0.9430379271507263,329,226,376,390,352,308
frame_62,Rack_2,5,15,pepsi_med,0.9498955011367798,288,226,328,391,308,308
frame_62,Rack_2,8,15,pepsi_med,0.9235832095146179,236,226,285,390,260,308
frame_62,Rack_2,17,15,pepsi_med,0.7671005129814148,194,225,235,393,214,309
frame_62,Rack_2,4,13,kick_med,0.9363719820976257,145,226,193,393,169,309
frame_62,Rack_2,44,13,kick_med,0.8932748436927795,103,226,144,393,123,309
frame_62,Rack_2,22,13,kick_med,0.9153847694396973,53,226,102,393,77,309
frame_62,Rack_2,26,13,kick_med,0.9476573467254639,7,227,51,392,29,309
frame_63,Rack_2,15,3,coke_med,0.9632057547569275,1146,209,1210,394,1178,301
frame_63,Rack_2,39,3,coke_med,0.8864546418190002,1079,213,1144,397,1111,305
frame_63,Rack_2,13,3,coke_med,0.9511345028877258,1032,212,1079,396,1055,304
frame_63,Rack_2,40,3,coke_med,0.9093480706214905,979,212,1031,396,1005,304
frame_63,Rack_2,1,3,coke_med,0.9401965141296387,927,209,978,397,952,303
frame_63,Rack_2,57,6,coke_v_med,0.8714036345481873,873,211,926,396,899,303
frame_63,Rack_2,19,6,coke_v_med,0.9324499368667603,819,209,871,396,845,302
frame_63,Rack_2,29,6,coke_v_med,0.9012022018432617,767,209,818,395,792,302
frame_63,Rack_2,33,2,anw_med,0.9681201577186584,715,214,766,397,740,305
frame_63,Rack_2,11,2,anw_med,0.9036238789558411,666,213,715,397,690,305
frame_63,Rack_2,20,2,anw_med,0.9416522979736328,616,213,666,398,641,305
frame_63,Rack_2,3,2,anw_med,0.9460700154304504,568,211,617,397,592,304
frame_63,Rack_2,9,2,anw_med,0.9660264849662781,518,212,569,398,543,305
frame_63,Rack_2,2,2,anw_med,0.9320114254951477,466,214,518,398,492,306
frame_63,Rack_2,50,15,pepsi_med,0.9222580194473267,425,228,466,392,445,310
frame_63,Rack_2,7,15,pepsi_med,0.9581369757652283,378,223,425,392,401,307
frame_63,Rack_2,10,15,pepsi_med,0.9374346733093262,329,226,376,390,352,308
frame_63,Rack_2,5,15,pepsi_med,0.9394301772117615,288,226,328,391,308,308
frame_63,Rack_2,8,15,pepsi_med,0.9290796518325806,236,226,286,390,261,308
frame_63,Rack_2,17,15,pepsi_med,0.7676371335983276,195,224,235,393,215,308
frame_63,Rack_2,4,13,kick_med,0.9237957000732422,146,226,193,393,169,309
frame_63,Rack_2,44,13,kick_med,0.9008483290672302,103,226,144,392,123,309
frame_63,Rack_2,22,13,kick_med,0.925665020942688,54,226,103,393,78,309
frame_63,Rack_2,26,13,kick_med,0.9460374712944031,7,227,52,392,29,309
frame_64,Rack_2,15,3,coke_med,0.9619072079658508,1146,209,1210,395,1178,302
frame_64,Rack_2,39,3,coke_med,0.8419392108917236,1080,214,1144,397,1112,305
frame_64,Rack_2,13,3,coke_med,0.9571509957313538,1033,213,1079,396,1056,304
frame_64,Rack_2,40,3,coke_med,0.9152038097381592,979,212,1031,396,1005,304
frame_64,Rack_2,1,3,coke_med,0.933698296546936,928,210,978,397,953,303
frame_64,Rack_2,57,6,coke_v_med,0.8861144185066223,873,211,927,396,900,303
frame_64,Rack_2,19,6,coke_v_med,0.9337484240531921,820,210,872,396,846,303
frame_64,Rack_2,29,6,coke_v_med,0.9051674604415894,768,210,819,395,793,302
frame_64,Rack_2,33,2,anw_med,0.9692742228507996,716,214,766,397,741,305
frame_64,Rack_2,11,2,anw_med,0.8911424279212952,666,213,715,397,690,305
frame_64,Rack_2,20,2,anw_med,0.9375972151756287,616,213,666,398,641,305
frame_64,Rack_2,3,2,anw_med,0.94375079870224,569,212,617,397,593,304
frame_64,Rack_2,9,2,anw_med,0.9615989923477173,518,212,569,398,543,305
frame_64,Rack_2,2,2,anw_med,0.9367421865463257,467,214,518,398,492,306
frame_64,Rack_2,50,15,pepsi_med,0.9230592250823975,426,227,467,392,446,309
frame_64,Rack_2,7,15,pepsi_med,0.9587538242340088,379,223,425,391,402,307
frame_64,Rack_2,10,15,pepsi_med,0.9416002035140991,329,224,377,391,353,307
frame_64,Rack_2,5,15,pepsi_med,0.9398984909057617,288,225,328,390,308,307
frame_64,Rack_2,8,15,pepsi_med,0.9298799633979797,236,226,286,390,261,308
frame_64,Rack_2,17,15,pepsi_med,0.802236020565033,195,224,235,393,215,308
frame_64,Rack_2,4,13,kick_med,0.9143637418746948,146,225,193,393,169,309
frame_64,Rack_2,44,13,kick_med,0.9001203775405884,103,225,144,392,123,308
frame_64,Rack_2,22,13,kick_med,0.9297330975532532,54,226,103,392,78,309
frame_64,Rack_2,26,13,kick_med,0.9412444829940796,7,226,52,392,29,309
frame_65,Rack_2,15,3,coke_med,0.9624608755111694,1147,209,1211,394,1179,301
frame_65,Rack_2,39,3,coke_med,0.83934485912323,1081,213,1145,397,1113,305
frame_65,Rack_2,13,3,coke_med,0.9527621865272522,1033,212,1079,396,1056,304
frame_65,Rack_2,40,3,coke_med,0.8881734609603882,979,212,1032,396,1005,304
frame_65,Rack_2,1,3,coke_med,0.9226090908050537,928,209,979,397,953,303
frame_65,Rack_2,57,6,coke_v_med,0.8961175084114075,874,211,927,395,900,303
frame_65,Rack_2,19,6,coke_v_med,0.9371557831764221,820,209,872,395,846,302
frame_65,Rack_2,29,6,coke_v_med,0.8927925229072571,768,209,819,395,793,302
frame_65,Rack_2,33,2,anw_med,0.9696970582008362,716,213,767,397,741,305
frame_65,Rack_2,11,2,anw_med,0.9000725746154785,667,212,716,397,691,304
frame_65,Rack_2,20,2,anw_med,0.9285193681716919,617,213,667,397,642,305
frame_65,Rack_2,3,2,anw_med,0.9436594843864441,569,212,617,397,593,304
frame_65,Rack_2,9,2,anw_med,0.9603537321090698,519,212,569,398,544,305
frame_65,Rack_2,2,2,anw_med,0.9436209201812744,467,214,519,398,493,306
frame_65,Rack_2,50,15,pepsi_med,0.9308947324752808,426,227,467,392,446,309
frame_65,Rack_2,7,15,pepsi_med,0.9625298976898193,379,223,425,391,402,307
frame_65,Rack_2,10,15,pepsi_med,0.9471036791801453,330,225,377,390,353,307
frame_65,Rack_2,5,15,pepsi_med,0.9324679970741272,289,225,328,390,308,307
frame_65,Rack_2,8,15,pepsi_med,0.9324144124984741,237,225,286,389,261,307
frame_65,Rack_2,17,15,pepsi_med,0.8179627656936646,195,224,235,393,215,308
frame_65,Rack_2,4,13,kick_med,0.9187390804290771,146,225,194,392,170,308
frame_65,Rack_2,44,13,kick_med,0.9258744716644287,103,225,144,392,123,308
frame_65,Rack_2,22,13,kick_med,0.937902569770813,54,226,103,392,78,309
frame_65,Rack_2,26,13,kick_med,0.9493448138237,8,226,52,392,30,309
frame_66,Rack_2,15,3,coke_med,0.9566126465797424,1147,210,1211,394,1179,302
frame_66,Rack_2,39,3,coke_med,0.8578693866729736,1081,213,1146,397,1113,305
frame_66,Rack_2,13,3,coke_med,0.9476320743560791,1033,213,1079,396,1056,304
frame_66,Rack_2,40,3,coke_med,0.8626262545585632,980,213,1032,396,1006,304
frame_66,Rack_2,1,3,coke_med,0.9113746881484985,928,210,979,396,953,303
frame_66,Rack_2,57,6,coke_v_med,0.8982664942741394,874,210,928,395,901,302
frame_66,Rack_2,19,6,coke_v_med,0.9402390718460083,820,209,872,395,846,302
frame_66,Rack_2,29,6,coke_v_med,0.8886945247650146,768,210,819,395,793,302
frame_66,Rack_2,33,2,anw_med,0.9681334495544434,716,212,767,397,741,304
frame_66,Rack_2,11,2,anw_med,0.9009850025177002,667,212,716,397,691,304
frame_66,Rack_2,20,2,anw_med,0.9158942699432373,617,213,667,397,642,305
frame_66,Rack_2,3,2,anw_med,0.9384264349937439,569,212,618,397,593,304
frame_66,Rack_2,9,2,anw_med,0.9576002359390259,519,213,569,398,544,305
frame_66,Rack_2,2,2,anw_med,0.9353979825973511,468,215,519,398,493,306
frame_66,Rack_2,50,15,pepsi_med,0.9329909086227417,426,226,467,391,446,308
frame_66,Rack_2,7,15,pepsi_med,0.9661735892295837,379,223,426,391,402,307
frame_66,Rack_2,10,15,pepsi_med,0.9488033056259155,330,225,377,389,353,307
frame_66,Rack_2,5,15,pepsi_med,0.9318106770515442,289,224,329,389,309,306
frame_66,Rack_2,8,15,pepsi_med,0.9354149103164673,237,225,287,388,262,306
frame_66,Rack_2,17,15,pepsi_med,0.8387448191642761,196,224,236,392,216,308
frame_66,Rack_2,4,13,kick_med,0.8941568732261658,146,225,194,392,170,308
frame_66,Rack_2,44,13,kick_med,0.9173283576965332,104,225,144,391,124,308
frame_66,Rack_2,22,13,kick_med,0.9356436729431152,54,225,103,392,78,308
frame_66,Rack_2,26,13,kick_med,0.945245087146759,8,225,53,392,30,308
frame_67,Rack_2,15,3,coke_med,0.9672999382019043,1148,210,1212,394,1180,302
frame_67,Rack_2,39,3,coke_med,0.877918541431427,1082,214,1146,397,1114,305
frame_67,Rack_2,13,3,coke_med,0.9426801204681396,1034,213,1080,395,1057,304
frame_67,Rack_2,40,3,coke_med,0.8623836040496826,980,213,1032,396,1006,304
frame_67,Rack_2,1,3,coke_med,0.8927865624427795,929,210,979,396,954,303
frame_67,Rack_2,57,6,coke_v_med,0.9000020623207092,874,210,928,395,901,302
frame_67,Rack_2,19,6,coke_v_med,0.9459230303764343,821,209,873,395,847,302
frame_67,Rack_2,29,6,coke_v_med,0.8563660383224487,769,210,820,395,794,302
frame_67,Rack_2,33,2,anw_med,0.968299925327301,717,212,768,397,742,304
frame_67,Rack_2,11,2,anw_med,0.92418372631073,668,212,717,397,692,304
frame_67,Rack_2,20,2,anw_med,0.8968883752822876,618,213,667,397,642,305
frame_67,Rack_2,3,2,anw_med,0.9276514053344727,570,213,618,397,594,305
frame_67,Rack_2,9,2,anw_med,0.9553132057189941,520,213,570,398,545,305
frame_67,Rack_2,2,2,anw_med,0.9333534240722656,468,215,519,398,493,306
frame_67,Rack_2,50,15,pepsi_med,0.9256502389907837,426,224,467,391,446,307
frame_67,Rack_2,7,15,pepsi_med,0.9712448716163635,380,223,426,391,403,307
frame_67,Rack_2,10,15,pepsi_med,0.9423152208328247,330,224,378,390,354,307
frame_67,Rack_2,5,15,pepsi_med,0.9204335808753967,290,224,329,388,309,306
frame_67,Rack_2,8,15,pepsi_med,0.9377598762512207,238,224,287,388,262,306
frame_67,Rack_2,17,15,pepsi_med,0.8210362792015076,196,223,236,392,216,307
frame_67,Rack_2,4,13,kick_med,0.8966913819313049,147,225,194,391,170,308
frame_67,Rack_2,44,13,kick_med,0.9260703325271606,104,224,145,391,124,307
frame_67,Rack_2,22,13,kick_med,0.9417214393615723,54,225,103,391,78,308
frame_67,Rack_2,26,13,kick_med,0.9466477036476135,8,225,53,391,30,308
frame_68,Rack_2,15,3,coke_med,0.954980731010437,1149,209,1213,394,1181,301
frame_68,Rack_2,39,3,coke_med,0.9044239521026611,1083,214,1147,397,1115,305
frame_68,Rack_2,13,3,coke_med,0.9356977343559265,1034,213,1080,396,1057,304
frame_68,Rack_2,40,3,coke_med,0.8224700689315796,981,213,1033,396,1007,304
frame_68,Rack_2,1,3,coke_med,0.8590506315231323,929,210,980,396,954,303
frame_68,Rack_2,57,6,coke_v_med,0.8928665518760681,875,210,928,395,901,302
frame_68,Rack_2,19,6,coke_v_med,0.9500079154968262,821,209,874,395,847,302
frame_68,Rack_2,29,6,coke_v_med,0.7793679237365723,769,210,820,395,794,302
frame_68,Rack_2,33,2,anw_med,0.9690725803375244,717,212,768,397,742,304
frame_68,Rack_2,11,2,anw_med,0.9373646974563599,668,212,717,397,692,304
frame_68,Rack_2,20,2,anw_med,0.8949368000030518,618,212,668,397,643,304
frame_68,Rack_2,3,2,anw_med,0.9262726902961731,570,213,618,397,594,305
frame_68,Rack_2,9,2,anw_med,0.951371967792511,520,212,570,397,545,304
frame_68,Rack_2,2,2,anw_med,0.9373873472213745,469,215,520,397,494,306
frame_68,Rack_2,50,15,pepsi_med,0.9152845740318298,427,223,468,391,447,307
frame_68,Rack_2,7,15,pepsi_med,0.9738608002662659,380,222,426,390,403,306
frame_68,Rack_2,10,15,pepsi_med,0.9474733471870422,330,223,378,390,354,306
frame_68,Rack_2,5,15,pepsi_med,0.9121294021606445,290,223,329,388,309,305
frame_68,Rack_2,8,15,pepsi_med,0.9335931539535522,238,223,288,387,263,305
frame_68,Rack_2,17,15,pepsi_med,0.8236367106437683,197,223,236,391,216,307
frame_68,Rack_2,4,13,kick_med,0.8958598971366882,147,224,195,390,171,307
frame_68,Rack_2,44,13,kick_med,0.9351972341537476,104,224,145,390,124,307
frame_68,Rack_2,22,13,kick_med,0.9481703042984009,55,224,104,391,79,307
frame_68,Rack_2,26,13,kick_med,0.9430549740791321,9,225,53,391,31,308
frame_69,Rack_2,15,3,coke_med,0.9602016806602478,1149,209,1213,393,1181,301
frame_69,Rack_2,39,3,coke_med,0.9057841300964355,1083,213,1147,396,1115,304
frame_69,Rack_2,13,3,coke_med,0.9071007370948792,1034,212,1081,395,1057,303
frame_69,Rack_2,40,3,coke_med,0.7980148196220398,981,213,1033,396,1007,304
frame_69,Rack_2,1,3,coke_med,0.8378272652626038,930,210,980,396,955,303
frame_69,Rack_2,57,6,coke_v_med,0.8973507285118103,875,210,928,394,901,302
frame_69,Rack_2,19,6,coke_v_med,0.9555827379226685,822,209,874,395,848,302
frame_69,Rack_2,29,6,coke_v_med,0.6442183256149292,769,210,820,394,794,302
frame_69,Rack_2,33,2,anw_med,0.9656028151512146,718,211,768,396,743,303
frame_69,Rack_2,11,2,anw_med,0.9393416047096252,669,212,718,397,693,304
frame_69,Rack_2,20,2,anw_med,0.8810473680496216,619,212,668,396,643,304
frame_69,Rack_2,3,2,anw_med,0.9259418249130249,570,212,619,397,594,304
frame_69,Rack_2,9,2,anw_med,0.9447015523910522,521,212,570,397,545,304
frame_69,Rack_2,2,2,anw_med,0.9422714114189148,469,214,520,397,494,305
frame_69,Rack_2,50,15,pepsi_med,0.9079843759536743,427,223,468,391,447,307
frame_69,Rack_2,7,15,pepsi_med,0.9757171273231506,380,222,426,390,403,306
frame_69,Rack_2,10,15,pepsi_med,0.9460477232933044,330,223,378,389,354,306
frame_69,Rack_2,5,15,pepsi_med,0.9095836877822876,290,223,330,387,310,305
frame_69,Rack_2,8,15,pepsi_med,0.9454709887504578,238,223,288,387,263,305
frame_69,Rack_2,17,15,pepsi_med,0.8212069869041443,197,223,237,389,217,306
frame_69,Rack_2,4,13,kick_med,0.8955609202384949,148,224,195,389,171,306
frame_69,Rack_2,44,13,kick_med,0.942173421382904,105,224,146,390,125,307
frame_69,Rack_2,22,13,kick_med,0.957793653011322,55,224,104,390,79,307
frame_69,Rack_2,26,13,kick_med,0.9322289228439331,9,224,54,390,31,307
frame_70,Rack_2,15,3,coke_med,0.9645689129829407,1149,208,1214,393,1181,300
frame_70,Rack_2,39,3,coke_med,0.9204403758049011,1084,211,1148,396,1116,303
frame_70,Rack_2,13,3,coke_med,0.8856093883514404,1035,211,1081,395,1058,303
frame_70,Rack_2,40,3,coke_med,0.7796603441238403,982,212,1034,395,1008,303
frame_70,Rack_2,1,3,coke_med,0.8030709624290466,930,210,981,396,955,303
frame_70,Rack_2,57,6,coke_v_med,0.8991227746009827,876,209,929,394,902,301
frame_70,Rack_2,19,6,coke_v_med,0.9666651487350464,823,209,875,394,849,301
frame_70,Rack_2,29,6,coke_v_med,0.6301231980323792,770,210,821,394,795,302
frame_70,Rack_2,33,2,anw_med,0.9649225473403931,718,210,769,396,743,303
frame_70,Rack_2,11,2,anw_med,0.9373435378074646,669,211,719,396,694,303
frame_70,Rack_2,20,2,anw_med,0.875447154045105,619,211,669,396,644,303
frame_70,Rack_2,3,2,anw_med,0.9292227625846863,571,211,619,397,595,304
frame_70,Rack_2,9,2,anw_med,0.9446905255317688,521,211,571,397,546,304
frame_70,Rack_2,2,2,anw_med,0.9452497959136963,470,213,521,396,495,304
frame_70,Rack_2,50,15,pepsi_med,0.8922635912895203,428,223,469,390,448,306
frame_70,Rack_2,7,15,pepsi_med,0.9753859639167786,381,222,427,389,404,305
frame_70,Rack_2,10,15,pepsi_med,0.9489814639091492,331,223,379,389,355,306
frame_70,Rack_2,5,15,pepsi_med,0.893254280090332,291,223,330,387,310,305
frame_70,Rack_2,8,15,pepsi_med,0.9416911005973816,239,223,288,387,263,305
frame_70,Rack_2,17,15,pepsi_med,0.8373520374298096,198,223,237,388,217,305
frame_70,Rack_2,4,13,kick_med,0.9062831997871399,148,224,195,389,171,306
frame_70,Rack_2,44,13,kick_med,0.9524887204170227,105,224,146,389,125,306
frame_70,Rack_2,22,13,kick_med,0.9605706930160522,55,224,104,390,79,307
frame_70,Rack_2,26,13,kick_med,0.9153695702552795,10,224,54,389,32,306
frame_71,Rack_2,15,3,coke_med,0.9646115303039551,1150,208,1214,392,1182,300
frame_71,Rack_2,39,3,coke_med,0.9253932237625122,1084,211,1149,396,1116,303
frame_71,Rack_2,13,3,coke_med,0.8819035291671753,1035,211,1082,394,1058,302
frame_71,Rack_2,40,3,coke_med,0.7951235771179199,982,211,1034,395,1008,303
frame_71,Rack_2,1,3,coke_med,0.7955135703086853,931,209,981,396,956,302
frame_71,Rack_2,57,6,coke_v_med,0.8974868655204773,877,209,930,394,903,301
frame_71,Rack_2,19,6,coke_v_med,0.9701529741287231,823,210,876,394,849,302
frame_71,Rack_2,29,6,coke_v_med,0.6277889609336853,771,210,821,393,796,301
frame_71,Rack_2,33,2,anw_med,0.9656938910484314,719,210,770,396,744,303
frame_71,Rack_2,11,2,anw_med,0.9321595430374146,670,211,719,396,694,303
frame_71,Rack_2,20,2,anw_med,0.8715958595275879,620,210,669,396,644,303
frame_71,Rack_2,3,2,anw_med,0.9236921072006226,571,211,619,396,595,303
frame_71,Rack_2,9,2,anw_med,0.9437130689620972,522,211,571,396,546,303
frame_71,Rack_2,2,2,anw_med,0.9499250650405884,470,213,521,396,495,304
frame_71,Rack_2,50,15,pepsi_med,0.8961201906204224,429,223,469,390,449,306
frame_71,Rack_2,7,15,pepsi_med,0.9726764559745789,382,222,428,389,405,305
frame_71,Rack_2,10,15,pepsi_med,0.9477443099021912,331,222,379,389,355,305
frame_71,Rack_2,5,15,pepsi_med,0.8889318704605103,291,223,330,387,310,305
frame_71,Rack_2,8,15,pepsi_med,0.9422951340675354,239,223,289,387,264,305
frame_71,Rack_2,17,15,pepsi_med,0.8380930423736572,198,223,237,387,217,305
frame_71,Rack_2,4,13,kick_med,0.9032737016677856,149,224,196,388,172,306
frame_71,Rack_2,44,13,kick_med,0.9515810012817383,106,224,147,389,126,306
frame_71,Rack_2,22,13,kick_med,0.9622741937637329,56,224,104,389,80,306
frame_71,Rack_2,26,13,kick_med,0.9305874109268188,10,224,54,388,32,306
frame_72,Rack_2,15,3,coke_med,0.9633267521858215,1151,207,1215,391,1183,299
frame_72,Rack_2,39,3,coke_med,0.9365246891975403,1085,210,1150,395,1117,302
frame_72,Rack_2,13,3,coke_med,0.8783600330352783,1036,210,1082,393,1059,301
frame_72,Rack_2,40,3,coke_med,0.804314374923706,983,211,1035,394,1009,302
frame_72,Rack_2,1,3,coke_med,0.8029180765151978,931,209,982,396,956,302
frame_72,Rack_2,57,6,coke_v_med,0.8888428211212158,877,209,930,393,903,301
frame_72,Rack_2,19,6,coke_v_med,0.9727464318275452,824,210,876,393,850,301
frame_72,Rack_2,29,6,coke_v_med,0.5984020233154297,771,210,822,392,796,301
frame_72,Rack_2,33,2,anw_med,0.9655354619026184,719,210,770,396,744,303
frame_72,Rack_2,11,2,anw_med,0.9339463710784912,670,211,720,396,695,303
frame_72,Rack_2,20,2,anw_med,0.8821972608566284,620,210,670,395,645,302
frame_72,Rack_2,3,2,anw_med,0.915972113609314,572,211,620,396,596,303
frame_72,Rack_2,9,2,anw_med,0.9527416229248047,522,210,572,396,547,303
frame_72,Rack_2,2,2,anw_med,0.9569566249847412,471,213,522,395,496,304
frame_72,Rack_2,50,15,pepsi_med,0.8867300152778625,429,223,470,390,449,306
frame_72,Rack_2,7,15,pepsi_med,0.9676436185836792,382,222,428,389,405,305
frame_72,Rack_2,10,15,pepsi_med,0.9521664977073669,332,222,380,389,356,305
frame_72,Rack_2,5,15,pepsi_med,0.8671205043792725,292,223,331,387,311,305
frame_72,Rack_2,8,15,pepsi_med,0.9472365975379944,240,223,289,387,264,305
frame_72,Rack_2,17,15,pepsi_med,0.8637974262237549,198,223,237,387,217,305
frame_72,Rack_2,4,13,kick_med,0.910797119140625,149,224,196,388,172,306
frame_72,Rack_2,44,13,kick_med,0.9535766243934631,106,223,147,389,126,306
frame_72,Rack_2,22,13,kick_med,0.9655458331108093,56,224,105,389,80,306
frame_72,Rack_2,26,13,kick_med,0.9161837697029114,10,224,54,388,32,306
frame_73,Rack_2,15,3,coke_med,0.9692384004592896,1151,207,1215,391,1183,299
frame_73,Rack_2,39,3,coke_med,0.9371346235275269,1085,210,1150,395,1117,302
frame_73,Rack_2,13,3,coke_med,0.8736253380775452,1037,210,1083,393,1060,301
frame_73,Rack_2,40,3,coke_med,0.8140230774879456,984,211,1036,394,1010,302
frame_73,Rack_2,1,3,coke_med,0.8054432272911072,932,209,983,396,957,302
frame_73,Rack_2,57,6,coke_v_med,0.912693977355957,878,209,931,393,904,301
frame_73,Rack_2,19,6,coke_v_med,0.9723673462867737,825,210,877,393,851,301
frame_73,Rack_2,29,6,coke_v_med,0.6060793399810791,772,210,822,392,797,301
frame_73,Rack_2,33,2,anw_med,0.9692474603652954,720,210,771,396,745,303
frame_73,Rack_2,11,2,anw_med,0.9473176002502441,671,211,720,396,695,303
frame_73,Rack_2,20,2,anw_med,0.8955979943275452,621,210,670,395,645,302
frame_73,Rack_2,3,2,anw_med,0.9232925772666931,572,211,621,396,596,303
frame_73,Rack_2,9,2,anw_med,0.953159511089325,523,210,572,395,547,302
frame_73,Rack_2,2,2,anw_med,0.9570637345314026,471,212,523,395,497,303
frame_73,Rack_2,50,15,pepsi_med,0.888767659664154,430,223,471,390,450,306
frame_73,Rack_2,7,15,pepsi_med,0.9663501977920532,383,221,429,389,406,305
frame_73,Rack_2,10,15,pepsi_med,0.9491206407546997,332,222,380,389,356,305
frame_73,Rack_2,5,15,pepsi_med,0.8705739974975586,292,223,331,387,311,305
frame_73,Rack_2,8,15,pepsi_med,0.9447845816612244,240,223,290,386,265,304
frame_73,Rack_2,17,15,pepsi_med,0.8812897205352783,199,223,238,387,218,305
frame_73,Rack_2,4,13,kick_med,0.9062318801879883,150,224,196,388,173,306
frame_73,Rack_2,44,13,kick_med,0.9574898481369019,106,224,147,388,126,306
frame_73,Rack_2,22,13,kick_med,0.9691575169563293,57,224,105,389,81,306
frame_73,Rack_2,26,13,kick_med,0.8536471724510193,10,224,55,388,32,306
frame_74,Rack_2,15,3,coke_med,0.9674134850502014,1152,205,1217,391,1184,298
frame_74,Rack_2,39,3,coke_med,0.9509289264678955,1086,208,1151,396,1118,302
frame_74,Rack_2,13,3,coke_med,0.8549010753631592,1037,208,1084,392,1060,300
frame_74,Rack_2,40,3,coke_med,0.8111553192138672,985,209,1037,393,1011,301
frame_74,Rack_2,1,3,coke_med,0.7332364916801453,933,207,984,396,958,301
frame_74,Rack_2,57,6,coke_v_med,0.9134761691093445,879,207,932,392,905,299
frame_74,Rack_2,19,6,coke_v_med,0.9659337401390076,825,209,878,393,851,301
frame_74,Rack_2,29,6,coke_v_med,0.5272578001022339,773,209,823,392,798,300
frame_74,Rack_2,33,2,anw_med,0.9714457392692566,721,209,772,396,746,302
frame_74,Rack_2,11,2,anw_med,0.9480297565460205,671,209,721,396,696,302
frame_74,Rack_2,20,2,anw_med,0.9193605780601501,621,209,671,395,646,302
frame_74,Rack_2,3,2,anw_med,0.9391669034957886,573,210,622,396,597,303
frame_74,Rack_2,9,2,anw_med,0.9536924362182617,524,209,573,395,548,302
frame_74,Rack_2,2,2,anw_med,0.947962760925293,472,210,524,395,498,302
frame_74,Rack_2,50,15,pepsi_med,0.8696755170822144,431,222,471,389,451,305
frame_74,Rack_2,7,15,pepsi_med,0.9626940488815308,383,221,430,389,406,305
frame_74,Rack_2,10,15,pepsi_med,0.9456118941307068,333,222,381,389,357,305
frame_74,Rack_2,5,15,pepsi_med,0.8643518090248108,293,223,332,386,312,304
frame_74,Rack_2,8,15,pepsi_med,0.9450693130493164,241,223,290,386,265,304
frame_74,Rack_2,17,15,pepsi_med,0.9068130254745483,200,224,239,386,219,305
frame_74,Rack_2,4,13,kick_med,0.920701801776886,150,224,197,388,173,306
frame_74,Rack_2,44,13,kick_med,0.9585253000259399,107,224,148,388,127,306
frame_74,Rack_2,22,13,kick_med,0.9626780152320862,58,224,106,388,82,306
frame_74,Rack_2,26,13,kick_med,0.7932878136634827,11,224,56,386,33,305
frame_75,Rack_2,15,3,coke_med,0.9650565385818481,1152,203,1217,391,1184,297
frame_75,Rack_2,39,3,coke_med,0.9495011568069458,1087,207,1152,396,1119,301
frame_75,Rack_2,13,3,coke_med,0.8136795163154602,1039,208,1086,392,1062,300
frame_75,Rack_2,40,3,coke_med,0.822367250919342,986,208,1038,393,1012,300
frame_75,Rack_2,1,3,coke_med,0.728879451751709,933,206,984,396,958,301
frame_75,Rack_2,57,6,coke_v_med,0.9259356260299683,880,206,933,392,906,299
frame_75,Rack_2,19,6,coke_v_med,0.9697717428207397,826,208,879,392,852,300
frame_75,Rack_2,33,2,anw_med,0.9730772376060486,721,208,772,396,746,302
frame_75,Rack_2,11,2,anw_med,0.9524482488632202,672,209,721,396,696,302
frame_75,Rack_2,20,2,anw_med,0.9264367818832397,622,209,672,395,647,302
frame_75,Rack_2,3,2,anw_med,0.9347192645072937,574,209,622,396,598,302
frame_75,Rack_2,9,2,anw_med,0.9495947360992432,525,208,574,394,549,301
frame_75,Rack_2,2,2,anw_med,0.9275107979774475,473,209,525,394,499,301
frame_75,Rack_2,50,15,pepsi_med,0.8590033054351807,432,222,472,389,452,305
frame_75,Rack_2,7,15,pepsi_med,0.9593124389648438,384,221,430,389,407,305
frame_75,Rack_2,10,15,pepsi_med,0.9447759389877319,334,222,382,389,358,305
frame_75,Rack_2,5,15,pepsi_med,0.8935279846191406,294,223,333,386,313,304
frame_75,Rack_2,8,15,pepsi_med,0.9488831162452698,241,223,291,386,266,304
frame_75,Rack_2,17,15,pepsi_med,0.9162980914115906,200,223,240,387,220,305
frame_75,Rack_2,4,13,kick_med,0.929909348487854,151,224,198,388,174,306
frame_75,Rack_2,44,13,kick_med,0.9461137652397156,108,224,149,388,128,306
frame_75,Rack_2,22,13,kick_med,0.9509353637695312,59,224,107,388,83,306
frame_75,Rack_2,26,13,kick_med,0.7767093181610107,12,223,56,385,34,304
frame_76,Rack_2,15,3,coke_med,0.9664030075073242,1153,203,1218,391,1185,297
frame_76,Rack_2,39,3,coke_med,0.951554000377655,1087,206,1153,395,1120,300
frame_76,Rack_2,13,3,coke_med,0.8194466233253479,1040,207,1086,392,1063,299
frame_76,Rack_2,40,3,coke_med,0.7958030700683594,986,207,1039,392,1012,299
frame_76,Rack_2,1,3,coke_med,0.7142971158027649,934,206,985,396,959,301
frame_76,Rack_2,57,6,coke_v_med,0.927493155002594,880,205,934,393,907,299
frame_76,Rack_2,19,6,coke_v_med,0.9714072942733765,827,207,880,392,853,299
frame_76,Rack_2,29,6,coke_v_med,0.564872682094574,773,209,825,393,799,301
frame_76,Rack_2,33,2,anw_med,0.9710103869438171,722,208,773,396,747,302
frame_76,Rack_2,11,2,anw_med,0.9565022587776184,672,208,722,396,697,302
frame_76,Rack_2,20,2,anw_med,0.9330435395240784,623,209,672,395,647,302
frame_76,Rack_2,3,2,anw_med,0.9428830742835999,575,209,623,396,599,302
frame_76,Rack_2,9,2,anw_med,0.9512505531311035,526,208,575,394,550,301
frame_76,Rack_2,2,2,anw_med,0.9173322319984436,474,209,526,394,500,301
frame_76,Rack_2,50,15,pepsi_med,0.8492230176925659,433,222,473,389,453,305
frame_76,Rack_2,7,15,pepsi_med,0.9560617208480835,385,221,431,388,408,304
frame_76,Rack_2,10,15,pepsi_med,0.9469226598739624,335,222,382,389,358,305
frame_76,Rack_2,5,15,pepsi_med,0.9188847541809082,294,223,333,386,313,304
frame_76,Rack_2,8,15,pepsi_med,0.9404456615447998,242,223,291,386,266,304
frame_76,Rack_2,17,15,pepsi_med,0.9188960790634155,201,223,240,387,220,305
frame_76,Rack_2,4,13,kick_med,0.9267160892486572,152,224,199,387,175,305
frame_76,Rack_2,44,13,kick_med,0.924608051776886,109,224,150,387,129,305
frame_76,Rack_2,22,13,kick_med,0.9496942162513733,60,224,108,388,84,306
frame_76,Rack_2,26,13,kick_med,0.7664983868598938,12,224,57,386,34,305
frame_77,Rack_2,15,3,coke_med,0.9741197824478149,1154,204,1218,391,1186,297
frame_77,Rack_2,39,3,coke_med,0.9515059590339661,1088,206,1154,394,1121,300
frame_77,Rack_2,13,3,coke_med,0.8309047818183899,1040,207,1087,392,1063,299
frame_77,Rack_2,40,3,coke_med,0.8067348599433899,987,207,1039,392,1013,299
frame_77,Rack_2,1,3,coke_med,0.6492094397544861,935,206,986,396,960,301
frame_77,Rack_2,57,6,coke_v_med,0.9255284667015076,881,203,935,393,908,298
frame_77,Rack_2,19,6,coke_v_med,0.9676508903503418,828,206,881,392,854,299
frame_77,Rack_2,29,6,coke_v_med,0.5614949464797974,774,209,825,393,799,301
frame_77,Rack_2,33,2,anw_med,0.968087375164032,723,208,774,396,748,302
frame_77,Rack_2,11,2,anw_med,0.9603838324546814,673,208,723,396,698,302
frame_77,Rack_2,20,2,anw_med,0.9371235370635986,623,209,673,395,648,302
frame_77,Rack_2,3,2,anw_med,0.9454605579376221,575,209,624,395,599,302
frame_77,Rack_2,9,2,anw_med,0.951563835144043,526,208,576,394,551,301
frame_77,Rack_2,2,2,anw_med,0.9217519164085388,474,210,526,393,500,301
frame_77,Rack_2,50,15,pepsi_med,0.8563752174377441,433,222,473,388,453,305
frame_77,Rack_2,7,15,pepsi_med,0.9550504088401794,385,221,431,388,408,304
frame_77,Rack_2,10,15,pepsi_med,0.9424532651901245,335,222,382,389,358,305
frame_77,Rack_2,5,15,pepsi_med,0.9213405847549438,295,222,334,386,314,304
frame_77,Rack_2,8,15,pepsi_med,0.9372774362564087,242,223,291,386,266,304
frame_77,Rack_2,17,15,pepsi_med,0.9229145050048828,201,223,241,387,221,305
frame_77,Rack_2,4,13,kick_med,0.9357074499130249,152,224,199,387,175,305
frame_77,Rack_2,44,13,kick_med,0.915245532989502,109,223,150,387,129,305
frame_77,Rack_2,22,13,kick_med,0.9358441829681396,60,223,109,388,84,305
frame_77,Rack_2,26,13,kick_med,0.7641364932060242,12,223,57,386,34,304
frame_78,Rack_2,15,3,coke_med,0.9687753319740295,1154,203,1219,391,1186,297
frame_78,Rack_2,39,3,coke_med,0.9477179646492004,1089,206,1154,394,1121,300
frame_78,Rack_2,13,3,coke_med,0.8256374001502991,1041,207,1088,392,1064,299
frame_78,Rack_2,40,3,coke_med,0.8183274269104004,987,206,1040,392,1013,299
frame_78,Rack_2,1,3,coke_med,0.5786330103874207,936,206,987,396,961,301
frame_78,Rack_2,57,6,coke_v_med,0.9206879734992981,881,204,935,393,908,298
frame_78,Rack_2,19,6,coke_v_med,0.9658921360969543,828,206,881,392,854,299
frame_78,Rack_2,29,6,coke_v_med,0.5751374363899231,774,208,826,393,800,300
frame_78,Rack_2,33,2,anw_med,0.9681105017662048,723,208,774,395,748,301
frame_78,Rack_2,11,2,anw_med,0.9673796892166138,674,208,723,396,698,302
frame_78,Rack_2,20,2,anw_med,0.9425259232521057,624,208,673,395,648,301
frame_78,Rack_2,3,2,anw_med,0.955418050289154,576,209,624,395,600,302
frame_78,Rack_2,9,2,anw_med,0.9586100578308105,527,208,576,395,551,301
frame_78,Rack_2,2,2,anw_med,0.9197531938552856,475,210,526,392,500,301
frame_78,Rack_2,50,15,pepsi_med,0.8414502143859863,434,222,473,388,453,305
frame_78,Rack_2,7,15,pepsi_med,0.9476800560951233,386,221,432,388,409,304
frame_78,Rack_2,10,15,pepsi_med,0.9381274580955505,336,222,383,388,359,305
frame_78,Rack_2,5,15,pepsi_med,0.9317299723625183,295,222,334,386,314,304
frame_78,Rack_2,8,15,pepsi_med,0.9333564043045044,243,223,292,386,267,304
frame_78,Rack_2,17,15,pepsi_med,0.9297286868095398,202,222,241,386,221,304
frame_78,Rack_2,4,13,kick_med,0.9381114840507507,152,223,200,387,176,305
frame_78,Rack_2,44,13,kick_med,0.8977920413017273,110,223,151,387,130,305
frame_78,Rack_2,22,13,kick_med,0.9296233654022217,61,223,110,388,85,305
frame_78,Rack_2,26,13,kick_med,0.7608271837234497,12,223,58,386,35,304
frame_79,Rack_2,15,3,coke_med,0.9683871269226074,1155,203,1220,391,1187,297
frame_79,Rack_2,39,3,coke_med,0.9549769163131714,1089,206,1154,394,1121,300
frame_79,Rack_2,13,3,coke_med,0.8255387544631958,1041,207,1088,392,1064,299
frame_79,Rack_2,40,3,coke_med,0.8292366862297058,987,206,1040,391,1013,298
frame_79,Rack_2,1,3,coke_med,0.590229868888855,936,206,987,395,961,300
frame_79,Rack_2,57,6,coke_v_med,0.9179450869560242,882,204,935,392,908,298
frame_79,Rack_2,19,6,coke_v_med,0.9605916738510132,829,206,882,392,855,299
frame_79,Rack_2,29,6,coke_v_med,0.5851613283157349,775,208,827,393,801,300
frame_79,Rack_2,33,2,anw_med,0.9692572951316833,723,208,774,396,748,302
frame_79,Rack_2,11,2,anw_med,0.9715352058410645,675,208,724,396,699,302
frame_79,Rack_2,20,2,anw_med,0.9423805475234985,624,208,674,395,649,301
frame_79,Rack_2,3,2,anw_med,0.9587305188179016,576,209,624,395,600,302
frame_79,Rack_2,9,2,anw_med,0.9646331667900085,527,208,576,395,551,301
frame_79,Rack_2,2,2,anw_med,0.9163458943367004,475,210,527,392,501,301
frame_79,Rack_2,50,15,pepsi_med,0.8101934194564819,434,223,473,388,453,305
frame_79,Rack_2,7,15,pepsi_med,0.9417940974235535,386,221,432,387,409,304
frame_79,Rack_2,10,15,pepsi_med,0.9297198057174683,336,221,383,388,359,304
frame_79,Rack_2,5,15,pepsi_med,0.9346920847892761,295,222,334,386,314,304
frame_79,Rack_2,8,15,pepsi_med,0.9268184900283813,243,223,292,386,267,304
frame_79,Rack_2,17,15,pepsi_med,0.9349190592765808,202,222,242,386,222,304
frame_79,Rack_2,4,13,kick_med,0.9455048441886902,153,223,200,387,176,305
frame_79,Rack_2,44,13,kick_med,0.8950521945953369,110,223,151,387,130,305
frame_79,Rack_2,22,13,kick_med,0.9247483611106873,61,223,110,387,85,305
frame_79,Rack_2,26,13,kick_med,0.7931840419769287,12,223,59,387,35,305
frame_80,Rack_2,15,3,coke_med,0.9714566469192505,1156,203,1220,391,1188,297
frame_80,Rack_2,39,3,coke_med,0.9578283429145813,1089,205,1154,393,1121,299
frame_80,Rack_2,13,3,coke_med,0.8455643653869629,1042,208,1088,391,1065,299
frame_80,Rack_2,40,3,coke_med,0.8252429962158203,988,206,1040,391,1014,298
frame_80,Rack_2,1,3,coke_med,0.6134659051895142,937,206,988,395,962,300
frame_80,Rack_2,57,6,coke_v_med,0.9152010083198547,882,205,936,392,909,298
frame_80,Rack_2,19,6,coke_v_med,0.9523419737815857,829,206,882,392,855,299
frame_80,Rack_2,29,6,coke_v_med,0.5724419951438904,775,208,827,393,801,300
frame_80,Rack_2,33,2,anw_med,0.9701253771781921,724,208,775,395,749,301
frame_80,Rack_2,11,2,anw_med,0.9747944474220276,675,207,725,396,700,301
frame_80,Rack_2,20,2,anw_med,0.9380154013633728,625,208,674,395,649,301
frame_80,Rack_2,3,2,anw_med,0.9605081081390381,576,208,624,395,600,301
frame_80,Rack_2,9,2,anw_med,0.9677046537399292,527,208,576,395,551,301
frame_80,Rack_2,2,2,anw_med,0.9274724721908569,475,210,527,391,501,300
frame_80,Rack_2,50,15,pepsi_med,0.8115156292915344,434,223,473,387,453,305
frame_80,Rack_2,7,15,pepsi_med,0.9378229975700378,386,220,433,387,409,303
frame_80,Rack_2,10,15,pepsi_med,0.9226208329200745,336,221,384,388,360,304
frame_80,Rack_2,5,15,pepsi_med,0.9406171441078186,295,223,335,386,315,304
frame_80,Rack_2,8,15,pepsi_med,0.9159786105155945,243,223,293,386,268,304
frame_80,Rack_2,17,15,pepsi_med,0.9421308636665344,203,222,242,386,222,304
frame_80,Rack_2,4,13,kick_med,0.9494230151176453,153,223,200,387,176,305
frame_80,Rack_2,44,13,kick_med,0.8761110305786133,111,223,152,386,131,304
frame_80,Rack_2,22,13,kick_med,0.9127338528633118,62,222,110,387,86,304
frame_80,Rack_2,26,13,kick_med,0.8174757361412048,13,223,59,387,36,305
frame_81,Rack_2,15,3,coke_med,0.9756666421890259,1156,205,1220,389,1188,297
frame_81,Rack_2,39,3,coke_med,0.9666425585746765,1090,207,1154,392,1122,299
frame_81,Rack_2,13,3,coke_med,0.8733943700790405,1042,210,1088,391,1065,300
frame_81,Rack_2,40,3,coke_med,0.8649597764015198,989,208,1040,390,1014,299
frame_81,Rack_2,1,3,coke_med,0.7165704369544983,938,208,988,393,963,300
frame_81,Rack_2,57,6,coke_v_med,0.9287450313568115,883,208,935,391,909,299
frame_81,Rack_2,19,6,coke_v_med,0.9595545530319214,830,209,882,391,856,300
frame_81,Rack_2,29,6,coke_v_med,0.6137408018112183,776,210,827,392,801,301
frame_81,Rack_2,33,2,anw_med,0.9703713655471802,724,208,775,394,749,301
frame_81,Rack_2,11,2,anw_med,0.974877655506134,676,208,725,395,700,301
frame_81,Rack_2,20,2,anw_med,0.9368834495544434,625,209,675,395,650,302
frame_81,Rack_2,3,2,anw_med,0.9641848802566528,577,210,624,394,600,302
frame_81,Rack_2,9,2,anw_med,0.9693769216537476,528,210,576,394,552,302
frame_81,Rack_2,2,2,anw_med,0.9365079402923584,476,211,527,390,501,300
frame_81,Rack_2,50,15,pepsi_med,0.8176635503768921,434,224,473,386,453,305
frame_81,Rack_2,7,15,pepsi_med,0.93439781665802,387,221,433,387,410,304
frame_81,Rack_2,10,15,pepsi_med,0.9230267405509949,337,221,384,387,360,304
frame_81,Rack_2,5,15,pepsi_med,0.9464403986930847,296,222,335,385,315,303
frame_81,Rack_2,8,15,pepsi_med,0.9141756296157837,244,223,293,386,268,304
frame_81,Rack_2,17,15,pepsi_med,0.9608169198036194,203,221,243,385,223,303
frame_81,Rack_2,4,13,kick_med,0.9504996538162231,153,222,201,387,177,304
frame_81,Rack_2,44,13,kick_med,0.8614997267723083,111,222,152,386,131,304
frame_81,Rack_2,22,13,kick_med,0.9065412878990173,62,222,111,387,86,304
frame_81,Rack_2,26,13,kick_med,0.8282870650291443,13,222,59,386,36,304
frame_82,Rack_2,15,3,coke_med,0.9721425175666809,1157,204,1220,388,1188,296
frame_82,Rack_2,39,3,coke_med,0.959308385848999,1090,206,1154,390,1122,298
frame_82,Rack_2,13,3,coke_med,0.8854570984840393,1043,208,1089,390,1066,299
frame_82,Rack_2,40,3,coke_med,0.8357551097869873,989,207,1041,388,1015,297
frame_82,Rack_2,1,3,coke_med,0.7383192777633667,939,207,988,391,963,299
frame_82,Rack_2,57,6,coke_v_med,0.9192829132080078,883,207,936,391,909,299
frame_82,Rack_2,19,6,coke_v_med,0.9501452445983887,830,209,882,390,856,299
frame_82,Rack_2,29,6,coke_v_med,0.6902869343757629,776,210,827,390,801,300
frame_82,Rack_2,33,2,anw_med,0.9708425998687744,725,208,775,392,750,300
frame_82,Rack_2,11,2,anw_med,0.973379373550415,676,208,725,393,700,300
frame_82,Rack_2,20,2,anw_med,0.9369305372238159,626,209,675,393,650,301
frame_82,Rack_2,3,2,anw_med,0.9670299887657166,577,209,624,392,600,300
frame_82,Rack_2,9,2,anw_med,0.9711502194404602,528,209,576,392,552,300
frame_82,Rack_2,2,2,anw_med,0.9528908729553223,476,210,527,389,501,299
frame_82,Rack_2,50,15,pepsi_med,0.7842506170272827,435,224,473,386,454,305
frame_82,Rack_2,7,15,pepsi_med,0.93817138671875,387,221,433,386,410,303
frame_82,Rack_2,10,15,pepsi_med,0.9198518395423889,337,221,384,387,360,304
frame_82,Rack_2,5,15,pepsi_med,0.9512927532196045,296,222,335,385,315,303
frame_82,Rack_2,8,15,pepsi_med,0.9158909916877747,244,223,294,386,269,304
frame_82,Rack_2,17,15,pepsi_med,0.9609088897705078,203,221,243,385,223,303
frame_82,Rack_2,4,13,kick_med,0.9551958441734314,153,222,201,386,177,304
frame_82,Rack_2,44,13,kick_med,0.8753229975700378,111,222,152,386,131,304
frame_82,Rack_2,22,13,kick_med,0.9055424332618713,62,222,111,386,86,304
frame_82,Rack_2,26,13,kick_med,0.81931072473526,13,222,60,386,36,304
frame_83,Rack_2,15,3,coke_med,0.9742685556411743,1158,203,1222,387,1190,295
frame_83,Rack_2,39,3,coke_med,0.9638563990592957,1091,206,1155,390,1123,298
frame_83,Rack_2,13,3,coke_med,0.8803119659423828,1043,208,1089,389,1066,298
frame_83,Rack_2,40,3,coke_med,0.8504523634910583,989,207,1041,389,1015,298
frame_83,Rack_2,1,3,coke_med,0.7065658569335938,939,206,988,390,963,298
frame_83,Rack_2,57,6,coke_v_med,0.9108088612556458,883,206,936,390,909,298
frame_83,Rack_2,19,6,coke_v_med,0.948237955570221,830,209,882,390,856,299
frame_83,Rack_2,29,6,coke_v_med,0.7086285948753357,776,210,827,390,801,300
frame_83,Rack_2,33,2,anw_med,0.9658005833625793,725,208,775,392,750,300
frame_83,Rack_2,11,2,anw_med,0.9730404615402222,676,208,725,392,700,300
frame_83,Rack_2,20,2,anw_med,0.9403204321861267,626,208,675,392,650,300
frame_83,Rack_2,3,2,anw_med,0.9648321866989136,577,209,625,392,601,300
frame_83,Rack_2,9,2,anw_med,0.9647817015647888,528,208,577,392,552,300
frame_83,Rack_2,2,2,anw_med,0.9552483558654785,476,209,527,388,501,298
frame_83,Rack_2,50,15,pepsi_med,0.7686628103256226,435,223,474,385,454,304
frame_83,Rack_2,7,15,pepsi_med,0.9419444799423218,387,221,433,385,410,303
frame_83,Rack_2,10,15,pepsi_med,0.9159901738166809,337,221,384,386,360,303
frame_83,Rack_2,5,15,pepsi_med,0.9467920660972595,296,222,335,384,315,303
frame_83,Rack_2,8,15,pepsi_med,0.9124305248260498,245,223,294,386,269,304
frame_83,Rack_2,17,15,pepsi_med,0.9631064534187317,203,221,243,385,223,303
frame_83,Rack_2,4,13,kick_med,0.9597532153129578,153,222,201,386,177,304
frame_83,Rack_2,44,13,kick_med,0.8458954095840454,111,222,152,385,131,303
frame_83,Rack_2,22,13,kick_med,0.9004732370376587,62,222,111,386,86,304
frame_83,Rack_2,26,13,kick_med,0.8015519976615906,13,222,60,386,36,304
frame_84,Rack_2,15,3,coke_med,0.9726690053939819,1158,203,1222,387,1190,295
frame_84,Rack_2,39,3,coke_med,0.9592740535736084,1091,206,1155,388,1123,297
frame_84,Rack_2,13,3,coke_med,0.8811528086662292,1044,209,1090,388,1067,298
frame_84,Rack_2,40,3,coke_med,0.8610903024673462,989,206,1041,388,1015,297
frame_84,Rack_2,1,3,coke_med,0.6571337580680847,939,205,988,390,963,297
frame_84,Rack_2,57,6,coke_v_med,0.9024147391319275,884,204,937,390,910,297
frame_84,Rack_2,19,6,coke_v_med,0.9408362507820129,831,208,882,389,856,298
frame_84,Rack_2,29,6,coke_v_med,0.5934970378875732,776,210,828,389,802,299
frame_84,Rack_2,33,2,anw_med,0.9649513959884644,726,208,775,391,750,299
frame_84,Rack_2,11,2,anw_med,0.972295880317688,677,207,725,391,701,299
frame_84,Rack_2,20,2,anw_med,0.9434077143669128,626,208,675,391,650,299
frame_84,Rack_2,3,2,anw_med,0.9658796787261963,577,208,625,391,601,299
frame_84,Rack_2,9,2,anw_med,0.9591274261474609,528,208,577,391,552,299
frame_84,Rack_2,2,2,anw_med,0.9647388458251953,476,209,527,388,501,298
frame_84,Rack_2,50,15,pepsi_med,0.796290934085846,435,223,474,385,454,304
frame_84,Rack_2,7,15,pepsi_med,0.9426882863044739,387,221,433,385,410,303
frame_84,Rack_2,10,15,pepsi_med,0.9204608798027039,337,220,384,385,360,302
frame_84,Rack_2,5,15,pepsi_med,0.9521034955978394,296,222,336,384,316,303
frame_84,Rack_2,8,15,pepsi_med,0.9171953201293945,245,222,294,385,269,303
frame_84,Rack_2,17,15,pepsi_med,0.9701370000839233,203,220,244,384,223,302
frame_84,Rack_2,4,13,kick_med,0.9618580341339111,154,222,201,385,177,303
frame_84,Rack_2,44,13,kick_med,0.8524258732795715,112,222,152,385,132,303
frame_84,Rack_2,22,13,kick_med,0.9016207456588745,62,222,111,385,86,303
frame_84,Rack_2,26,13,kick_med,0.7889694571495056,13,222,60,385,36,303
frame_85,Rack_2,15,3,coke_med,0.9817343950271606,1158,201,1223,386,1190,293
frame_85,Rack_2,39,3,coke_med,0.9488286972045898,1092,204,1156,388,1124,296
frame_85,Rack_2,13,3,coke_med,0.8867084980010986,1044,208,1090,387,1067,297
frame_85,Rack_2,40,3,coke_med,0.8682552576065063,990,205,1042,388,1016,296
frame_85,Rack_2,1,3,coke_med,0.7278169393539429,939,203,989,389,964,296
frame_85,Rack_2,57,6,coke_v_med,0.9148472547531128,884,201,937,389,910,295
frame_85,Rack_2,19,6,coke_v_med,0.9442277550697327,831,206,883,388,857,297
frame_85,Rack_2,29,6,coke_v_med,0.5569538474082947,777,208,828,389,802,298
frame_85,Rack_2,33,2,anw_med,0.9689968824386597,726,207,775,390,750,298
frame_85,Rack_2,11,2,anw_med,0.967797577381134,677,207,725,391,701,299
frame_85,Rack_2,20,2,anw_med,0.9435561895370483,626,208,675,390,650,299
frame_85,Rack_2,3,2,anw_med,0.9632241129875183,578,207,625,390,601,298
frame_85,Rack_2,9,2,anw_med,0.9554359316825867,529,207,577,390,553,298
frame_85,Rack_2,2,2,anw_med,0.962683916091919,476,208,528,387,502,297
frame_85,Rack_2,50,15,pepsi_med,0.8147224187850952,435,222,474,384,454,303
frame_85,Rack_2,7,15,pepsi_med,0.9465504288673401,387,220,433,384,410,302
frame_85,Rack_2,10,15,pepsi_med,0.9328782558441162,338,220,384,385,361,302
frame_85,Rack_2,5,15,pepsi_med,0.9569483399391174,296,221,336,384,316,302
frame_85,Rack_2,8,15,pepsi_med,0.9215238094329834,246,222,294,384,270,303
frame_85,Rack_2,17,15,pepsi_med,0.9733749032020569,203,219,244,384,223,301
frame_85,Rack_2,4,13,kick_med,0.9600444436073303,154,222,201,384,177,303
frame_85,Rack_2,44,13,kick_med,0.8280994296073914,112,222,152,384,132,303
frame_85,Rack_2,22,13,kick_med,0.9052565693855286,62,221,111,384,86,302
frame_85,Rack_2,26,13,kick_med,0.8291311264038086,13,221,60,384,36,302
frame_86,Rack_2,15,3,coke_med,0.9848856329917908,1159,200,1223,386,1191,293
frame_86,Rack_2,39,3,coke_med,0.9483986496925354,1092,204,1156,387,1124,295
frame_86,Rack_2,13,3,coke_med,0.9100428819656372,1045,208,1090,386,1067,297
frame_86,Rack_2,40,3,coke_med,0.8678773045539856,990,204,1042,387,1016,295
frame_86,Rack_2,1,3,coke_med,0.7013722062110901,940,202,989,389,964,295
frame_86,Rack_2,57,6,coke_v_med,0.9133074879646301,884,199,938,389,911,294
frame_86,Rack_2,19,6,coke_v_med,0.9397438168525696,831,203,884,388,857,295
frame_86,Rack_2,29,6,coke_v_med,0.5337582230567932,777,208,829,389,803,298
frame_86,Rack_2,33,2,anw_med,0.9683820009231567,726,207,776,389,751,298
frame_86,Rack_2,11,2,anw_med,0.9594936966896057,677,206,725,390,701,298
frame_86,Rack_2,20,2,anw_med,0.9434586763381958,626,207,676,391,651,299
frame_86,Rack_2,3,2,anw_med,0.9528074264526367,578,207,625,390,601,298
frame_86,Rack_2,9,2,anw_med,0.9512996673583984,529,207,577,390,553,298
frame_86,Rack_2,2,2,anw_med,0.970149576663971,476,208,528,387,502,297
frame_86,Rack_2,50,15,pepsi_med,0.8610718250274658,436,222,475,384,455,303
frame_86,Rack_2,7,15,pepsi_med,0.9571756720542908,388,219,434,384,411,301
frame_86,Rack_2,10,15,pepsi_med,0.9402931332588196,338,219,385,384,361,301
frame_86,Rack_2,5,15,pepsi_med,0.9639649391174316,297,220,337,383,317,301
frame_86,Rack_2,8,15,pepsi_med,0.9229965209960938,246,221,295,384,270,302
frame_86,Rack_2,17,15,pepsi_med,0.9790904521942139,203,218,244,383,223,300
frame_86,Rack_2,4,13,kick_med,0.962919294834137,154,220,201,384,177,302
frame_86,Rack_2,44,13,kick_med,0.8322315216064453,112,221,153,384,132,302
frame_86,Rack_2,22,13,kick_med,0.894126296043396,63,220,111,384,87,302
frame_86,Rack_2,26,13,kick_med,0.8399931788444519,12,220,60,384,36,302
frame_87,Rack_2,15,3,coke_med,0.9861413240432739,1159,199,1224,385,1191,292
frame_87,Rack_2,39,3,coke_med,0.9488087296485901,1092,204,1157,387,1124,295
frame_87,Rack_2,13,3,coke_med,0.9491425156593323,1045,209,1091,386,1068,297
frame_87,Rack_2,40,3,coke_med,0.8906985521316528,991,205,1043,387,1017,296
frame_87,Rack_2,1,3,coke_med,0.7936751246452332,940,203,989,388,964,295
frame_87,Rack_2,57,6,coke_v_med,0.9132102727890015,885,202,938,388,911,295
frame_87,Rack_2,19,6,coke_v_med,0.9375314712524414,831,205,884,387,857,296
frame_87,Rack_2,29,6,coke_v_med,0.5549178123474121,777,207,829,388,803,297
frame_87,Rack_2,33,2,anw_med,0.9662736654281616,727,206,776,388,751,297
frame_87,Rack_2,11,2,anw_med,0.9599786400794983,677,206,725,389,701,297
frame_87,Rack_2,20,2,anw_med,0.9400210976600647,627,207,676,390,651,298
frame_87,Rack_2,3,2,anw_med,0.949255108833313,578,207,626,389,602,298
frame_87,Rack_2,9,2,anw_med,0.9448667168617249,530,207,578,388,554,297
frame_87,Rack_2,2,2,anw_med,0.9743048548698425,477,207,528,386,502,296
frame_87,Rack_2,50,15,pepsi_med,0.830738365650177,436,222,475,384,455,303
frame_87,Rack_2,7,15,pepsi_med,0.9551689624786377,388,218,434,384,411,301
frame_87,Rack_2,10,15,pepsi_med,0.9383333325386047,338,218,385,384,361,301
frame_87,Rack_2,5,15,pepsi_med,0.972515881061554,297,219,337,383,317,301
frame_87,Rack_2,8,15,pepsi_med,0.928127646446228,246,220,295,384,270,302
frame_87,Rack_2,17,15,pepsi_med,0.9786459803581238,204,218,244,383,224,300
frame_87,Rack_2,4,13,kick_med,0.9586607813835144,154,219,201,384,177,301
frame_87,Rack_2,44,13,kick_med,0.8222813606262207,112,219,153,384,132,301
frame_87,Rack_2,22,13,kick_med,0.8883004784584045,63,219,111,384,87,301
frame_87,Rack_2,26,13,kick_med,0.7980034947395325,12,219,60,384,36,301
frame_88,Rack_2,15,3,coke_med,0.9852001667022705,1160,199,1224,385,1192,292
frame_88,Rack_2,39,3,coke_med,0.9481596350669861,1093,204,1157,387,1125,295
frame_88,Rack_2,13,3,coke_med,0.9568862318992615,1046,209,1091,386,1068,297
frame_88,Rack_2,40,3,coke_med,0.8945508003234863,991,206,1043,387,1017,296
frame_88,Rack_2,1,3,coke_med,0.8173962831497192,941,203,989,388,965,295
frame_88,Rack_2,57,6,coke_v_med,0.906792402267456,885,203,938,388,911,295
frame_88,Rack_2,19,6,coke_v_med,0.9356642365455627,832,206,884,387,858,296
frame_88,Rack_2,29,6,coke_v_med,0.6102570295333862,778,207,830,387,804,297
frame_88,Rack_2,33,2,anw_med,0.9627594947814941,727,206,776,388,751,297
frame_88,Rack_2,11,2,anw_med,0.9628716111183167,678,206,726,388,702,297
frame_88,Rack_2,20,2,anw_med,0.9416830539703369,627,206,676,389,651,297
frame_88,Rack_2,3,2,anw_med,0.950871467590332,579,206,626,389,602,297
frame_88,Rack_2,9,2,anw_med,0.9401466250419617,530,207,578,388,554,297
frame_88,Rack_2,2,2,anw_med,0.9699895977973938,477,207,529,386,503,296
frame_88,Rack_2,50,15,pepsi_med,0.8076693415641785,437,222,475,383,456,302
frame_88,Rack_2,7,15,pepsi_med,0.9580530524253845,388,218,434,383,411,300
frame_88,Rack_2,10,15,pepsi_med,0.943943202495575,338,217,385,384,361,300
frame_88,Rack_2,5,15,pepsi_med,0.9790757894515991,298,218,338,383,318,300
frame_88,Rack_2,8,15,pepsi_med,0.9318695664405823,246,219,296,384,271,301
frame_88,Rack_2,17,15,pepsi_med,0.9808652997016907,204,217,245,383,224,300
frame_88,Rack_2,4,13,kick_med,0.9590137004852295,154,218,202,384,178,301
frame_88,Rack_2,44,13,kick_med,0.8101307153701782,112,218,154,383,133,300
frame_88,Rack_2,22,13,kick_med,0.8915161490440369,64,218,112,383,88,300
frame_88,Rack_2,26,13,kick_med,0.820539653301239,13,219,61,383,37,301
frame_89,Rack_2,15,3,coke_med,0.9815711379051208,1161,200,1225,384,1193,292
frame_89,Rack_2,39,3,coke_med,0.9415366649627686,1093,204,1158,387,1125,295
frame_89,Rack_2,13,3,coke_med,0.9543207287788391,1046,209,1092,386,1069,297
frame_89,Rack_2,40,3,coke_med,0.8935227990150452,992,206,1044,387,1018,296
frame_89,Rack_2,1,3,coke_med,0.8268318772315979,941,203,990,388,965,295
frame_89,Rack_2,57,6,coke_v_med,0.9003384113311768,886,203,938,387,912,295
frame_89,Rack_2,19,6,coke_v_med,0.9298471808433533,832,206,884,387,858,296
frame_89,Rack_2,29,6,coke_v_med,0.7086453437805176,778,207,830,387,804,297
frame_89,Rack_2,33,2,anw_med,0.9541453123092651,727,206,777,388,752,297
frame_89,Rack_2,11,2,anw_med,0.958479642868042,678,205,726,388,702,296
frame_89,Rack_2,20,2,anw_med,0.940436601638794,627,206,677,389,652,297
frame_89,Rack_2,3,2,anw_med,0.948081374168396,579,206,627,389,603,297
frame_89,Rack_2,9,2,anw_med,0.9383774399757385,530,207,578,388,554,297
frame_89,Rack_2,2,2,anw_med,0.9654998183250427,477,207,529,386,503,296
frame_89,Rack_2,50,15,pepsi_med,0.8098477721214294,437,222,476,383,456,302
frame_89,Rack_2,7,15,pepsi_med,0.9560423493385315,388,218,435,383,411,300
frame_89,Rack_2,10,15,pepsi_med,0.9436782598495483,339,217,386,383,362,300
frame_89,Rack_2,5,15,pepsi_med,0.982824444770813,298,217,338,383,318,300
frame_89,Rack_2,8,15,pepsi_med,0.93250572681427,247,219,296,383,271,301
frame_89,Rack_2,17,15,pepsi_med,0.9778243899345398,204,217,245,383,224,300
frame_89,Rack_2,4,13,kick_med,0.959168553352356,154,217,202,384,178,300
frame_89,Rack_2,44,13,kick_med,0.8057817816734314,113,218,154,383,133,300
frame_89,Rack_2,22,13,kick_med,0.8962340950965881,64,217,113,383,88,300
frame_89,Rack_2,26,13,kick_med,0.8125277757644653,13,218,61,383,37,300
frame_90,Rack_2,15,3,coke_med,0.9748634099960327,1161,201,1225,384,1193,292
frame_90,Rack_2,39,3,coke_med,0.9339548945426941,1094,204,1158,387,1126,295
frame_90,Rack_2,13,3,coke_med,0.9515317678451538,1047,209,1092,386,1069,297
frame_90,Rack_2,40,3,coke_med,0.8920645117759705,992,206,1044,387,1018,296
frame_90,Rack_2,1,3,coke_med,0.8399584293365479,941,203,990,387,965,295
frame_90,Rack_2,57,6,coke_v_med,0.9132158160209656,886,202,938,387,912,294
frame_90,Rack_2,19,6,coke_v_med,0.9323632121086121,832,206,884,387,858,296
frame_90,Rack_2,29,6,coke_v_med,0.7115342617034912,778,207,830,387,804,297
frame_90,Rack_2,33,2,anw_med,0.9588549733161926,727,205,777,387,752,296
frame_90,Rack_2,11,2,anw_med,0.9542107582092285,678,205,726,387,702,296
frame_90,Rack_2,20,2,anw_med,0.9406498074531555,628,206,676,388,652,297
frame_90,Rack_2,3,2,anw_med,0.9478890895843506,580,206,627,388,603,297
frame_90,Rack_2,9,2,anw_med,0.9426071643829346,531,207,579,387,555,297
frame_90,Rack_2,2,2,anw_med,0.9659082293510437,478,207,529,386,503,296
frame_90,Rack_2,50,15,pepsi_med,0.8196587562561035,437,221,476,383,456,302
frame_90,Rack_2,7,15,pepsi_med,0.9564621448516846,388,218,435,383,411,300
frame_90,Rack_2,10,15,pepsi_med,0.9441614151000977,339,216,386,383,362,299
frame_90,Rack_2,5,15,pepsi_med,0.9837998151779175,298,217,339,383,318,300
frame_90,Rack_2,8,15,pepsi_med,0.9311195611953735,247,219,296,383,271,301
frame_90,Rack_2,17,15,pepsi_med,0.9763200283050537,204,216,245,383,224,299
frame_90,Rack_2,4,13,kick_med,0.9580169320106506,155,217,202,384,178,300
frame_90,Rack_2,44,13,kick_med,0.8031193614006042,113,218,154,383,133,300
frame_90,Rack_2,22,13,kick_med,0.9023405313491821,64,217,113,383,88,300
frame_90,Rack_2,26,13,kick_med,0.8640684485435486,14,218,62,383,38,300
frame_91,Rack_2,15,3,coke_med,0.9766930937767029,1162,202,1225,384,1193,293
frame_91,Rack_2,39,3,coke_med,0.9215442538261414,1095,204,1159,387,1127,295
frame_91,Rack_2,13,3,coke_med,0.9443564414978027,1047,209,1092,385,1069,297
frame_91,Rack_2,40,3,coke_med,0.8818191289901733,992,205,1044,386,1018,295
frame_91,Rack_2,1,3,coke_med,0.8798683881759644,942,204,990,387,966,295
frame_91,Rack_2,57,6,coke_v_med,0.9197271466255188,886,204,939,387,912,295
frame_91,Rack_2,19,6,coke_v_med,0.9151384830474854,832,206,884,387,858,296
frame_91,Rack_2,29,6,coke_v_med,0.7072466015815735,779,208,830,387,804,297
frame_91,Rack_2,33,2,anw_med,0.937938928604126,728,206,777,387,752,296
frame_91,Rack_2,11,2,anw_med,0.9358100891113281,678,206,726,388,702,297
frame_91,Rack_2,20,2,anw_med,0.9221112132072449,628,206,677,388,652,297
frame_91,Rack_2,3,2,anw_med,0.960077166557312,580,206,627,387,603,296
frame_91,Rack_2,9,2,anw_med,0.9451917409896851,531,207,579,388,555,297
frame_91,Rack_2,2,2,anw_med,0.9542694687843323,477,207,529,386,503,296
frame_91,Rack_2,50,15,pepsi_med,0.8315415978431702,437,222,476,383,456,302
frame_91,Rack_2,7,15,pepsi_med,0.9627352952957153,388,217,435,383,411,300
frame_91,Rack_2,10,15,pepsi_med,0.9543169140815735,339,216,386,383,362,299
frame_91,Rack_2,5,15,pepsi_med,0.9844316840171814,298,217,339,383,318,300
frame_91,Rack_2,8,15,pepsi_med,0.9215915203094482,247,219,296,383,271,301
frame_91,Rack_2,17,15,pepsi_med,0.9675324559211731,205,217,246,383,225,300
frame_91,Rack_2,4,13,kick_med,0.9616310596466064,155,217,203,384,179,300
frame_91,Rack_2,44,13,kick_med,0.7921019792556763,113,218,154,383,133,300
frame_91,Rack_2,22,13,kick_med,0.893748939037323,64,218,113,383,88,300
frame_91,Rack_2,26,13,kick_med,0.8764739036560059,13,219,61,383,37,301
frame_92,Rack_2,15,3,coke_med,0.9812668561935425,1162,202,1225,384,1193,293
frame_92,Rack_2,39,3,coke_med,0.9365286827087402,1095,204,1160,387,1127,295
frame_92,Rack_2,13,3,coke_med,0.956436276435852,1047,208,1093,385,1070,296
frame_92,Rack_2,40,3,coke_med,0.915311336517334,992,204,1045,386,1018,295
frame_92,Rack_2,1,3,coke_med,0.895183801651001,942,203,991,387,966,295
frame_92,Rack_2,57,6,coke_v_med,0.9172261357307434,886,204,939,387,912,295
frame_92,Rack_2,19,6,coke_v_med,0.9131805300712585,832,206,884,386,858,296
frame_92,Rack_2,29,6,coke_v_med,0.6896412968635559,779,208,831,387,805,297
frame_92,Rack_2,33,2,anw_med,0.9406327605247498,728,207,777,387,752,297
frame_92,Rack_2,11,2,anw_med,0.9399054050445557,678,205,726,387,702,296
frame_92,Rack_2,20,2,anw_med,0.9195409417152405,628,206,677,387,652,296
frame_92,Rack_2,3,2,anw_med,0.9622550010681152,580,207,627,387,603,297
frame_92,Rack_2,9,2,anw_med,0.946535050868988,531,206,579,388,555,297
frame_92,Rack_2,2,2,anw_med,0.9465458393096924,478,207,529,386,503,296
frame_92,Rack_2,50,15,pepsi_med,0.854105532169342,438,222,476,383,457,302
frame_92,Rack_2,7,15,pepsi_med,0.9627830982208252,388,217,435,383,411,300
frame_92,Rack_2,10,15,pepsi_med,0.9526624083518982,339,216,386,383,362,299
frame_92,Rack_2,5,15,pepsi_med,0.9826493263244629,298,217,339,383,318,300
frame_92,Rack_2,8,15,pepsi_med,0.9269702434539795,247,218,296,383,271,300
frame_92,Rack_2,17,15,pepsi_med,0.9687243103981018,205,217,246,382,225,299
frame_92,Rack_2,4,13,kick_med,0.9607580304145813,155,216,203,383,179,299
frame_92,Rack_2,44,13,kick_med,0.773070216178894,113,217,155,383,134,300
frame_92,Rack_2,22,13,kick_med,0.8921324610710144,64,218,112,383,88,300
frame_92,Rack_2,26,13,kick_med,0.8746033906936646,13,219,61,383,37,301
frame_93,Rack_2,15,3,coke_med,0.9732004404067993,1163,202,1226,384,1194,293
frame_93,Rack_2,39,3,coke_med,0.9339892864227295,1095,203,1161,387,1128,295
frame_93,Rack_2,13,3,coke_med,0.9538878202438354,1047,207,1093,385,1070,296
frame_93,Rack_2,40,3,coke_med,0.8970721960067749,993,204,1045,386,1019,295
frame_93,Rack_2,1,3,coke_med,0.8886119723320007,942,202,991,386,966,294
frame_93,Rack_2,57,6,coke_v_med,0.8956291675567627,887,203,940,387,913,295
frame_93,Rack_2,19,6,coke_v_med,0.8882234692573547,832,205,885,386,858,295
frame_93,Rack_2,29,6,coke_v_med,0.7126436233520508,779,207,831,387,805,297
frame_93,Rack_2,33,2,anw_med,0.9450793862342834,728,206,778,387,753,296
frame_93,Rack_2,11,2,anw_med,0.9413628578186035,678,205,727,386,702,295
frame_93,Rack_2,20,2,anw_med,0.9207969903945923,628,206,677,387,652,296
frame_93,Rack_2,3,2,anw_med,0.9646120667457581,580,206,627,388,603,297
frame_93,Rack_2,9,2,anw_med,0.9505382180213928,531,206,579,388,555,297
frame_93,Rack_2,2,2,anw_med,0.9482977986335754,478,207,530,386,504,296
frame_93,Rack_2,50,15,pepsi_med,0.8716799020767212,438,221,477,383,457,302
frame_93,Rack_2,7,15,pepsi_med,0.9638126492500305,388,216,435,384,411,300
frame_93,Rack_2,10,15,pepsi_med,0.9517993927001953,339,216,386,383,362,299
frame_93,Rack_2,5,15,pepsi_med,0.9794623255729675,299,216,339,383,319,299
frame_93,Rack_2,8,15,pepsi_med,0.9247071743011475,247,217,296,383,271,300
frame_93,Rack_2,17,15,pepsi_med,0.9734612703323364,205,216,246,382,225,299
frame_93,Rack_2,4,13,kick_med,0.9565996527671814,156,216,203,383,179,299
frame_93,Rack_2,44,13,kick_med,0.75328129529953,114,219,155,383,134,301
frame_93,Rack_2,22,13,kick_med,0.8990538716316223,64,217,113,383,88,300
frame_93,Rack_2,26,13,kick_med,0.8896890878677368,12,219,61,383,36,301
frame_94,Rack_2,15,3,coke_med,0.9778214693069458,1163,202,1226,383,1194,292
frame_94,Rack_2,39,3,coke_med,0.9282256364822388,1096,203,1161,387,1128,295
frame_94,Rack_2,13,3,coke_med,0.9513665437698364,1047,207,1093,385,1070,296
frame_94,Rack_2,40,3,coke_med,0.8768928050994873,993,203,1046,386,1019,294
frame_94,Rack_2,1,3,coke_med,0.8993462324142456,942,202,991,386,966,294
frame_94,Rack_2,57,6,coke_v_med,0.8921723961830139,887,202,940,387,913,294
frame_94,Rack_2,19,6,coke_v_med,0.8828314542770386,833,205,885,386,859,295
frame_94,Rack_2,29,6,coke_v_med,0.7416114807128906,779,206,831,387,805,296
frame_94,Rack_2,33,2,anw_med,0.9420863389968872,728,205,778,387,753,296
frame_94,Rack_2,11,2,anw_med,0.9372777938842773,678,205,727,386,702,295
frame_94,Rack_2,20,2,anw_med,0.9238619208335876,628,205,677,387,652,296
frame_94,Rack_2,3,2,anw_med,0.965008556842804,580,206,627,387,603,296
frame_94,Rack_2,9,2,anw_med,0.9492276906967163,531,206,579,388,555,297
frame_94,Rack_2,2,2,anw_med,0.9463313817977905,478,206,530,386,504,296
frame_94,Rack_2,50,15,pepsi_med,0.8703994750976562,438,221,477,383,457,302
frame_94,Rack_2,7,15,pepsi_med,0.964714765548706,388,215,436,383,412,299
frame_94,Rack_2,10,15,pepsi_med,0.9482928514480591,339,216,386,383,362,299
frame_94,Rack_2,5,15,pepsi_med,0.9791792631149292,299,216,339,383,319,299
frame_94,Rack_2,8,15,pepsi_med,0.9259485602378845,247,217,296,383,271,300
frame_94,Rack_2,17,15,pepsi_med,0.9692018628120422,205,216,246,382,225,299
frame_94,Rack_2,4,13,kick_med,0.9519806504249573,156,215,203,383,179,299
frame_94,Rack_2,44,13,kick_med,0.7340219616889954,114,219,155,383,134,301
frame_94,Rack_2,22,13,kick_med,0.8997806310653687,64,216,113,383,88,299
frame_94,Rack_2,26,13,kick_med,0.8729274868965149,12,219,61,383,36,301
frame_95,Rack_2,15,3,coke_med,0.9791157841682434,1163,202,1226,383,1194,292
frame_95,Rack_2,39,3,coke_med,0.9299442768096924,1095,203,1161,386,1128,294
frame_95,Rack_2,13,3,coke_med,0.9539035558700562,1047,207,1093,385,1070,296
frame_95,Rack_2,40,3,coke_med,0.8623259663581848,993,203,1046,385,1019,294
frame_95,Rack_2,1,3,coke_med,0.9078218340873718,943,201,991,386,967,293
frame_95,Rack_2,57,6,coke_v_med,0.9010760188102722,887,203,940,386,913,294
frame_95,Rack_2,19,6,coke_v_med,0.8918290138244629,833,205,885,386,859,295
frame_95,Rack_2,29,6,coke_v_med,0.7016408443450928,780,206,832,387,806,296
frame_95,Rack_2,33,2,anw_med,0.9434465765953064,728,204,778,386,753,295
frame_95,Rack_2,11,2,anw_med,0.9410895705223083,679,205,727,387,703,296
frame_95,Rack_2,20,2,anw_med,0.9244726300239563,628,206,677,387,652,296
frame_95,Rack_2,3,2,anw_med,0.9661456346511841,580,206,627,387,603,296
frame_95,Rack_2,9,2,anw_med,0.9477012753486633,531,206,579,387,555,296
frame_95,Rack_2,2,2,anw_med,0.9491063356399536,478,206,530,385,504,295
frame_95,Rack_2,50,15,pepsi_med,0.8766226172447205,438,221,477,383,457,302
frame_95,Rack_2,7,15,pepsi_med,0.9635685086250305,388,215,436,383,412,299
frame_95,Rack_2,10,15,pepsi_med,0.9465713500976562,339,216,386,383,362,299
frame_95,Rack_2,5,15,pepsi_med,0.9789086580276489,299,216,339,383,319,299
frame_95,Rack_2,8,15,pepsi_med,0.9311760067939758,247,217,296,382,271,299
frame_95,Rack_2,17,15,pepsi_med,0.9705091118812561,205,216,246,382,225,299
frame_95,Rack_2,4,13,kick_med,0.9476234316825867,156,215,203,383,179,299
frame_95,Rack_2,44,13,kick_med,0.7159441113471985,114,219,155,383,134,301
frame_95,Rack_2,22,13,kick_med,0.9053352475166321,64,216,113,383,88,299
frame_95,Rack_2,26,13,kick_med,0.8532094955444336,12,218,62,383,37,300
frame_96,Rack_2,15,3,coke_med,0.9815877676010132,1163,201,1227,383,1195,292
frame_96,Rack_2,39,3,coke_med,0.9386281371116638,1096,202,1162,386,1129,294
frame_96,Rack_2,13,3,coke_med,0.9490638971328735,1047,206,1093,385,1070,295
frame_96,Rack_2,40,3,coke_med,0.8740026950836182,993,202,1046,385,1019,293
frame_96,Rack_2,1,3,coke_med,0.9101442098617554,943,200,992,386,967,293
frame_96,Rack_2,57,6,coke_v_med,0.8990350961685181,887,203,940,386,913,294
frame_96,Rack_2,19,6,coke_v_med,0.8866422176361084,833,204,886,386,859,295
frame_96,Rack_2,29,6,coke_v_med,0.7366141676902771,780,206,832,387,806,296
frame_96,Rack_2,33,2,anw_med,0.9454284310340881,728,203,778,386,753,294
frame_96,Rack_2,11,2,anw_med,0.9393780827522278,679,205,727,387,703,296
frame_96,Rack_2,20,2,anw_med,0.9248278141021729,629,206,677,386,653,296
frame_96,Rack_2,3,2,anw_med,0.9649975895881653,580,206,627,387,603,296
frame_96,Rack_2,9,2,anw_med,0.9496919512748718,531,206,580,387,555,296
frame_96,Rack_2,2,2,anw_med,0.9486058950424194,478,206,531,386,504,296
frame_96,Rack_2,50,15,pepsi_med,0.8867843747138977,438,221,477,383,457,302
frame_96,Rack_2,7,15,pepsi_med,0.9587247967720032,389,216,436,383,412,299
frame_96,Rack_2,10,15,pepsi_med,0.9395750761032104,340,216,386,383,363,299
frame_96,Rack_2,5,15,pepsi_med,0.9816354513168335,299,216,339,383,319,299
frame_96,Rack_2,8,15,pepsi_med,0.9333677291870117,247,216,297,382,272,299
frame_96,Rack_2,17,15,pepsi_med,0.967627763748169,205,216,246,382,225,299
frame_96,Rack_2,4,13,kick_med,0.9491214752197266,156,214,203,383,179,298
frame_96,Rack_2,44,13,kick_med,0.7335072159767151,114,218,155,383,134,300
frame_96,Rack_2,22,13,kick_med,0.9141135811805725,64,215,114,383,89,299
frame_96,Rack_2,26,13,kick_med,0.8598212003707886,12,218,62,382,37,300
frame_97,Rack_2,15,3,coke_med,0.9818128347396851,1163,201,1227,383,1195,292
frame_97,Rack_2,39,3,coke_med,0.9338223934173584,1096,201,1162,386,1129,293
frame_97,Rack_2,13,3,coke_med,0.9465780854225159,1048,205,1094,385,1071,295
frame_97,Rack_2,40,3,coke_med,0.8612831830978394,993,201,1046,385,1019,293
frame_97,Rack_2,1,3,coke_med,0.91446453332901,943,199,992,385,967,292
frame_97,Rack_2,57,6,coke_v_med,0.8979878425598145,888,202,941,386,914,294
frame_97,Rack_2,19,6,coke_v_med,0.8763728737831116,834,203,886,386,860,294
frame_97,Rack_2,29,6,coke_v_med,0.7306942939758301,780,205,832,386,806,295
frame_97,Rack_2,33,2,anw_med,0.9474314451217651,729,203,779,385,754,294
frame_97,Rack_2,11,2,anw_med,0.9417804479598999,679,204,727,386,703,295
frame_97,Rack_2,20,2,anw_med,0.9269502758979797,629,206,677,386,653,296
frame_97,Rack_2,3,2,anw_med,0.9631555676460266,581,206,628,386,604,296
frame_97,Rack_2,9,2,anw_med,0.9502795338630676,532,205,580,387,556,296
frame_97,Rack_2,2,2,anw_med,0.9571695327758789,479,205,531,386,505,295
frame_97,Rack_2,50,15,pepsi_med,0.8768834471702576,438,221,477,383,457,302
frame_97,Rack_2,7,15,pepsi_med,0.9534428715705872,389,215,436,383,412,299
frame_97,Rack_2,10,15,pepsi_med,0.9340941309928894,340,216,387,383,363,299
frame_97,Rack_2,5,15,pepsi_med,0.981273889541626,299,217,339,382,319,299
frame_97,Rack_2,8,15,pepsi_med,0.9288071393966675,247,216,297,382,272,299
frame_97,Rack_2,17,15,pepsi_med,0.9585785269737244,205,215,246,382,225,298
frame_97,Rack_2,4,13,kick_med,0.9319086074829102,156,213,203,383,179,298
frame_97,Rack_2,44,13,kick_med,0.7241551280021667,114,217,155,383,134,300
frame_97,Rack_2,22,13,kick_med,0.8914440274238586,64,215,114,383,89,299
frame_97,Rack_2,26,13,kick_med,0.852398157119751,13,217,62,382,37,299
frame_98,Rack_2,15,3,coke_med,0.9735639691352844,1164,203,1227,383,1195,293
frame_98,Rack_2,39,3,coke_med,0.9306249618530273,1097,200,1163,386,1130,293
frame_98,Rack_2,13,3,coke_med,0.9470122456550598,1048,205,1094,385,1071,295
frame_98,Rack_2,40,3,coke_med,0.8715465664863586,993,201,1047,385,1020,293
frame_98,Rack_2,1,3,coke_med,0.914553165435791,943,199,992,386,967,292
frame_98,Rack_2,57,6,coke_v_med,0.8930078148841858,888,201,941,386,914,293
frame_98,Rack_2,19,6,coke_v_med,0.8741101026535034,834,203,887,386,860,294
frame_98,Rack_2,29,6,coke_v_med,0.711402177810669,780,205,832,386,806,295
frame_98,Rack_2,33,2,anw_med,0.9475200176239014,729,202,779,385,754,293
frame_98,Rack_2,11,2,anw_med,0.9469778537750244,679,203,728,386,703,294
frame_98,Rack_2,20,2,anw_med,0.9306533932685852,629,205,678,386,653,295
frame_98,Rack_2,3,2,anw_med,0.9633090496063232,581,206,628,387,604,296
frame_98,Rack_2,9,2,anw_med,0.9532137513160706,532,205,580,387,556,296
frame_98,Rack_2,2,2,anw_med,0.9565130472183228,479,205,531,386,505,295
frame_98,Rack_2,50,15,pepsi_med,0.8838979005813599,438,220,477,382,457,301
frame_98,Rack_2,7,15,pepsi_med,0.9552863240242004,390,216,437,383,413,299
frame_98,Rack_2,10,15,pepsi_med,0.9426480531692505,341,217,387,383,364,300
frame_98,Rack_2,5,15,pepsi_med,0.9825586080551147,300,217,339,382,319,299
frame_98,Rack_2,8,15,pepsi_med,0.9368927478790283,247,215,297,382,272,298
frame_98,Rack_2,17,15,pepsi_med,0.9612097144126892,205,215,246,381,225,298
frame_98,Rack_2,4,13,kick_med,0.9301273226737976,156,213,203,383,179,298
frame_98,Rack_2,44,13,kick_med,0.7358995676040649,114,217,156,383,135,300
frame_98,Rack_2,22,13,kick_med,0.8856943845748901,65,214,114,383,89,298
frame_98,Rack_2,26,13,kick_med,0.8797894716262817,12,217,62,382,37,299
frame_99,Rack_2,15,3,coke_med,0.9648051261901855,1164,202,1227,383,1195,292
frame_99,Rack_2,39,3,coke_med,0.9083400964736938,1098,199,1164,386,1131,292
frame_99,Rack_2,13,3,coke_med,0.9496062397956848,1049,205,1095,384,1072,294
frame_99,Rack_2,40,3,coke_med,0.8481989502906799,994,200,1047,385,1020,292
frame_99,Rack_2,1,3,coke_med,0.9053589701652527,944,199,993,385,968,292
frame_99,Rack_2,57,6,coke_v_med,0.8988449573516846,888,200,941,386,914,293
frame_99,Rack_2,19,6,coke_v_med,0.8852466344833374,834,202,887,386,860,294
frame_99,Rack_2,29,6,coke_v_med,0.7235082387924194,781,205,833,386,807,295
frame_99,Rack_2,33,2,anw_med,0.9507830739021301,729,202,779,385,754,293
frame_99,Rack_2,11,2,anw_med,0.9494041204452515,679,203,728,386,703,294
frame_99,Rack_2,20,2,anw_med,0.9337263703346252,630,205,678,386,654,295
frame_99,Rack_2,3,2,anw_med,0.964738667011261,581,206,628,386,604,296
frame_99,Rack_2,9,2,anw_med,0.9578249454498291,532,205,580,387,556,296
frame_99,Rack_2,2,2,anw_med,0.953978955745697,479,205,532,386,505,295
frame_99,Rack_2,50,15,pepsi_med,0.8860416412353516,439,220,477,382,458,301
frame_99,Rack_2,7,15,pepsi_med,0.9531949162483215,390,217,437,382,413,299
frame_99,Rack_2,10,15,pepsi_med,0.9403104186058044,341,216,387,383,364,299
frame_99,Rack_2,5,15,pepsi_med,0.9848505258560181,300,216,340,382,320,299
frame_99,Rack_2,8,15,pepsi_med,0.9283004999160767,247,215,297,382,272,298
frame_99,Rack_2,17,15,pepsi_med,0.9637799859046936,206,216,247,381,226,298
frame_99,Rack_2,4,13,kick_med,0.9240046143531799,156,213,203,383,179,298
frame_99,Rack_2,44,13,kick_med,0.7451311349868774,115,217,156,383,135,300
frame_99,Rack_2,22,13,kick_med,0.9018922448158264,65,214,114,382,89,298
frame_99,Rack_2,26,13,kick_med,0.8907155990600586,13,217,62,382,37,299
frame_100,Rack_2,15,3,coke_med,0.9605187773704529,1165,202,1228,383,1196,292
frame_100,Rack_2,39,3,coke_med,0.9046869277954102,1098,200,1164,385,1131,292
frame_100,Rack_2,13,3,coke_med,0.9491528272628784,1049,204,1095,384,1072,294
frame_100,Rack_2,40,3,coke_med,0.8751733899116516,994,200,1048,385,1021,292
frame_100,Rack_2,1,3,coke_med,0.91571444272995,944,198,993,385,968,291
frame_100,Rack_2,57,6,coke_v_med,0.8979737162590027,889,200,942,386,915,293
frame_100,Rack_2,19,6,coke_v_med,0.894457995891571,835,202,887,386,861,294
frame_100,Rack_2,29,6,coke_v_med,0.6651214957237244,781,205,833,386,807,295
frame_100,Rack_2,33,2,anw_med,0.9532386660575867,729,202,779,385,754,293
frame_100,Rack_2,11,2,anw_med,0.9519506096839905,680,203,728,386,704,294
frame_100,Rack_2,20,2,anw_med,0.9275951981544495,630,205,679,386,654,295
frame_100,Rack_2,3,2,anw_med,0.9698874354362488,582,206,629,386,605,296
frame_100,Rack_2,9,2,anw_med,0.9596933126449585,532,205,581,387,556,296
frame_100,Rack_2,2,2,anw_med,0.9524746537208557,480,205,532,386,506,295
frame_100,Rack_2,50,15,pepsi_med,0.8996633887290955,439,220,478,382,458,301
frame_100,Rack_2,7,15,pepsi_med,0.959290087223053,390,216,437,382,413,299
frame_100,Rack_2,10,15,pepsi_med,0.9406291842460632,341,216,388,382,364,299
frame_100,Rack_2,5,15,pepsi_med,0.985393762588501,300,216,340,382,320,299
frame_100,Rack_2,8,15,pepsi_med,0.9415168166160583,248,215,297,382,272,298
frame_100,Rack_2,17,15,pepsi_med,0.9588340520858765,206,215,247,381,226,298
frame_100,Rack_2,4,13,kick_med,0.9209824800491333,157,213,204,383,180,298
frame_100,Rack_2,44,13,kick_med,0.7422710657119751,115,217,156,382,135,299
frame_100,Rack_2,22,13,kick_med,0.8961524367332458,65,214,115,382,90,298
frame_100,Rack_2,26,13,kick_med,0.8861133456230164,13,217,63,382,38,299
frame_101,Rack_2,15,3,coke_med,0.9565504789352417,1165,201,1229,383,1197,292
frame_101,Rack_2,39,3,coke_med,0.9174154996871948,1099,199,1165,385,1132,292
frame_101,Rack_2,13,3,coke_med,0.9446945786476135,1049,204,1096,384,1072,294
frame_101,Rack_2,40,3,coke_med,0.8710126876831055,995,200,1048,385,1021,292
frame_101,Rack_2,1,3,coke_med,0.9173242449760437,944,198,994,385,969,291
frame_101,Rack_2,57,6,coke_v_med,0.910591185092926,889,199,942,385,915,292
frame_101,Rack_2,19,6,coke_v_med,0.892919659614563,835,202,888,385,861,293
frame_101,Rack_2,29,6,coke_v_med,0.6730777025222778,781,205,833,386,807,295
frame_101,Rack_2,33,2,anw_med,0.951443612575531,730,202,780,385,755,293
frame_101,Rack_2,11,2,anw_med,0.9548961520195007,680,203,729,386,704,294
frame_101,Rack_2,20,2,anw_med,0.9284387826919556,630,206,679,386,654,296
frame_101,Rack_2,3,2,anw_med,0.9728035926818848,582,206,629,386,605,296
frame_101,Rack_2,9,2,anw_med,0.9659289717674255,532,205,581,387,556,296
frame_101,Rack_2,2,2,anw_med,0.9535788297653198,480,205,532,386,506,295
frame_101,Rack_2,50,15,pepsi_med,0.8983309268951416,439,220,478,382,458,301
frame_101,Rack_2,7,15,pepsi_med,0.9648614525794983,391,216,437,382,414,299
frame_101,Rack_2,10,15,pepsi_med,0.9449864625930786,342,215,388,382,365,298
frame_101,Rack_2,5,15,pepsi_med,0.9827539920806885,300,216,340,382,320,299
frame_101,Rack_2,8,15,pepsi_med,0.9304614663124084,248,215,297,382,272,298
frame_101,Rack_2,17,15,pepsi_med,0.9560737013816833,206,215,247,381,226,298
frame_101,Rack_2,4,13,kick_med,0.9183743596076965,157,213,204,383,180,298
frame_101,Rack_2,44,13,kick_med,0.7541282176971436,115,217,156,382,135,299
frame_101,Rack_2,22,13,kick_med,0.8891737461090088,66,214,115,383,90,298
frame_101,Rack_2,26,13,kick_med,0.8523963689804077,13,217,63,382,38,299
frame_102,Rack_2,15,3,coke_med,0.9521599411964417,1166,201,1230,383,1198,292
frame_102,Rack_2,39,3,coke_med,0.9238787293434143,1099,199,1166,385,1132,292
frame_102,Rack_2,13,3,coke_med,0.9344973564147949,1050,204,1097,384,1073,294
frame_102,Rack_2,40,3,coke_med,0.874764621257782,995,200,1049,385,1022,292
frame_102,Rack_2,1,3,coke_med,0.9306426644325256,945,198,994,385,969,291
frame_102,Rack_2,57,6,coke_v_med,0.9123087525367737,890,200,943,385,916,292
frame_102,Rack_2,19,6,coke_v_med,0.9030196070671082,836,201,888,385,862,293
frame_102,Rack_2,29,6,coke_v_med,0.6667225360870361,782,205,834,385,808,295
frame_102,Rack_2,33,2,anw_med,0.9474368691444397,730,202,780,385,755,293
frame_102,Rack_2,11,2,anw_med,0.949857771396637,681,203,729,386,705,294
frame_102,Rack_2,20,2,anw_med,0.9181584715843201,631,206,679,386,655,296
frame_102,Rack_2,3,2,anw_med,0.9724986553192139,583,206,629,386,606,296
frame_102,Rack_2,9,2,anw_med,0.9691711068153381,533,205,581,386,557,295
frame_102,Rack_2,2,2,anw_med,0.9479753375053406,481,204,533,385,507,294
frame_102,Rack_2,50,15,pepsi_med,0.9100923538208008,440,219,479,381,459,300
frame_102,Rack_2,7,15,pepsi_med,0.9680772423744202,391,215,438,382,414,298
frame_102,Rack_2,10,15,pepsi_med,0.958061158657074,342,215,389,382,365,298
frame_102,Rack_2,5,15,pepsi_med,0.985304057598114,300,216,341,382,320,299
frame_102,Rack_2,8,15,pepsi_med,0.9346638321876526,248,215,298,382,273,298
frame_102,Rack_2,17,15,pepsi_med,0.9544549584388733,207,216,248,381,227,298
frame_102,Rack_2,4,13,kick_med,0.9201313853263855,158,214,205,383,181,298
frame_102,Rack_2,44,13,kick_med,0.7936209440231323,116,217,157,382,136,299
frame_102,Rack_2,22,13,kick_med,0.8881939053535461,67,216,115,383,91,299
frame_102,Rack_2,26,13,kick_med,0.8289596438407898,13,217,63,382,38,299
frame_103,Rack_2,15,3,coke_med,0.9461419582366943,1167,202,1230,383,1198,292
frame_103,Rack_2,39,3,coke_med,0.9233282804489136,1100,198,1166,385,1133,291
frame_103,Rack_2,13,3,coke_med,0.9193105101585388,1050,203,1097,384,1073,293
frame_103,Rack_2,40,3,coke_med,0.8383655548095703,996,200,1049,385,1022,292
frame_103,Rack_2,1,3,coke_med,0.9410238862037659,945,198,994,384,969,291
frame_103,Rack_2,57,6,coke_v_med,0.9103434085845947,890,200,943,385,916,292
frame_103,Rack_2,19,6,coke_v_med,0.9000155925750732,836,201,889,385,862,293
frame_103,Rack_2,29,6,coke_v_med,0.7741214632987976,782,205,834,385,808,295
frame_103,Rack_2,33,2,anw_med,0.9401146173477173,731,201,781,385,756,293
frame_103,Rack_2,11,2,anw_med,0.9504873752593994,681,203,730,385,705,294
frame_103,Rack_2,20,2,anw_med,0.9185923933982849,631,205,680,386,655,295
frame_103,Rack_2,3,2,anw_med,0.9687647819519043,583,206,630,386,606,296
frame_103,Rack_2,9,2,anw_med,0.9596537351608276,533,205,582,386,557,295
frame_103,Rack_2,2,2,anw_med,0.9477003812789917,481,204,533,385,507,294
frame_103,Rack_2,50,15,pepsi_med,0.9184804558753967,440,218,479,381,459,299
frame_103,Rack_2,7,15,pepsi_med,0.9712072014808655,391,214,438,381,414,297
frame_103,Rack_2,10,15,pepsi_med,0.9670398235321045,342,214,389,382,365,298
frame_103,Rack_2,5,15,pepsi_med,0.9869018793106079,301,215,341,382,321,298
frame_103,Rack_2,8,15,pepsi_med,0.9358930587768555,249,214,298,382,273,298
frame_103,Rack_2,17,15,pepsi_med,0.9475633502006531,207,215,248,381,227,298
frame_103,Rack_2,4,13,kick_med,0.9196804761886597,158,213,205,383,181,298
frame_103,Rack_2,44,13,kick_med,0.7940199375152588,116,217,157,382,136,299
frame_103,Rack_2,22,13,kick_med,0.9080808758735657,67,216,115,383,91,299
frame_103,Rack_2,26,13,kick_med,0.8257691264152527,13,217,64,382,38,299
frame_104,Rack_2,15,3,coke_med,0.9416800141334534,1168,201,1231,383,1199,292
frame_104,Rack_2,39,3,coke_med,0.9449205994606018,1101,198,1167,384,1134,291
frame_104,Rack_2,13,3,coke_med,0.910372793674469,1051,202,1098,384,1074,293
frame_104,Rack_2,40,3,coke_med,0.8825592398643494,997,202,1050,384,1023,293
frame_104,Rack_2,1,3,coke_med,0.9513774514198303,946,198,995,384,970,291
frame_104,Rack_2,57,6,coke_v_med,0.922376275062561,891,200,944,385,917,292
frame_104,Rack_2,19,6,coke_v_med,0.9158188700675964,837,201,890,384,863,292
frame_104,Rack_2,29,6,coke_v_med,0.6462993621826172,783,205,835,385,809,295
frame_104,Rack_2,33,2,anw_med,0.9393985271453857,731,201,782,385,756,293
frame_104,Rack_2,11,2,anw_med,0.9524052143096924,682,203,730,385,706,294
frame_104,Rack_2,20,2,anw_med,0.9177402853965759,631,204,680,385,655,294
frame_104,Rack_2,3,2,anw_med,0.9686667919158936,583,205,630,386,606,295
frame_104,Rack_2,9,2,anw_med,0.9579235315322876,534,205,582,386,558,295
frame_104,Rack_2,2,2,anw_med,0.9523401260375977,482,204,533,385,507,294
frame_104,Rack_2,50,15,pepsi_med,0.9118557572364807,440,217,480,381,460,299
frame_104,Rack_2,7,15,pepsi_med,0.9748563766479492,392,214,439,381,415,297
frame_104,Rack_2,10,15,pepsi_med,0.9708022475242615,343,214,390,381,366,297
frame_104,Rack_2,5,15,pepsi_med,0.9895060658454895,301,215,341,382,321,298
frame_104,Rack_2,8,15,pepsi_med,0.9400615096092224,249,215,298,381,273,298
frame_104,Rack_2,17,15,pepsi_med,0.9441162347793579,208,215,248,381,228,298
frame_104,Rack_2,4,13,kick_med,0.919456422328949,159,214,206,383,182,298
frame_104,Rack_2,44,13,kick_med,0.795907735824585,117,217,158,382,137,299
frame_104,Rack_2,22,13,kick_med,0.8971461653709412,68,217,116,382,92,299
frame_104,Rack_2,26,13,kick_med,0.7748672962188721,13,217,64,382,38,299
frame_105,Rack_2,15,3,coke_med,0.9524701833724976,1168,201,1231,383,1199,292
frame_105,Rack_2,39,3,coke_med,0.9425297379493713,1102,199,1167,384,1134,291
frame_105,Rack_2,13,3,coke_med,0.8934667110443115,1052,203,1099,383,1075,293
frame_105,Rack_2,40,3,coke_med,0.9000664949417114,998,202,1051,384,1024,293
frame_105,Rack_2,1,3,coke_med,0.9427604675292969,947,200,995,384,971,292
frame_105,Rack_2,57,6,coke_v_med,0.9119247794151306,892,201,945,385,918,293
frame_105,Rack_2,19,6,coke_v_med,0.895979106426239,838,202,890,384,864,293
frame_105,Rack_2,29,6,coke_v_med,0.6766414046287537,784,206,836,385,810,295
frame_105,Rack_2,33,2,anw_med,0.9323496222496033,732,204,782,386,757,295
frame_105,Rack_2,11,2,anw_med,0.9494614601135254,683,204,731,385,707,294
frame_105,Rack_2,20,2,anw_med,0.9150829315185547,632,204,681,385,656,294
frame_105,Rack_2,3,2,anw_med,0.9733903408050537,584,205,631,386,607,295
frame_105,Rack_2,9,2,anw_med,0.944826066493988,534,206,582,386,558,296
frame_105,Rack_2,2,2,anw_med,0.954836368560791,482,205,534,385,508,295
frame_105,Rack_2,50,15,pepsi_med,0.9260819554328918,441,217,480,381,460,299
frame_105,Rack_2,7,15,pepsi_med,0.9771054983139038,392,214,439,381,415,297
frame_105,Rack_2,10,15,pepsi_med,0.9687361717224121,343,214,390,381,366,297
frame_105,Rack_2,5,15,pepsi_med,0.9897280335426331,301,215,341,382,321,298
frame_105,Rack_2,8,15,pepsi_med,0.9344441294670105,250,214,299,381,274,297
frame_105,Rack_2,17,15,pepsi_med,0.9225050806999207,208,215,249,381,228,298
frame_105,Rack_2,4,13,kick_med,0.926195502281189,160,214,207,383,183,298
frame_105,Rack_2,44,13,kick_med,0.8358693718910217,117,218,158,382,137,300
frame_105,Rack_2,22,13,kick_med,0.9114069938659668,69,217,116,382,92,299
frame_105,Rack_2,26,13,kick_med,0.791833221912384,14,217,65,382,39,299
frame_106,Rack_2,15,3,coke_med,0.9556280374526978,1169,200,1231,383,1200,291
frame_106,Rack_2,39,3,coke_med,0.9450104236602783,1102,198,1168,384,1135,291
frame_106,Rack_2,13,3,coke_med,0.8942077159881592,1053,202,1100,383,1076,292
frame_106,Rack_2,40,3,coke_med,0.9243748784065247,999,201,1052,384,1025,292
frame_106,Rack_2,1,3,coke_med,0.9364528656005859,947,199,996,384,971,291
frame_106,Rack_2,57,6,coke_v_med,0.9312703609466553,893,200,945,385,919,292
frame_106,Rack_2,19,6,coke_v_med,0.9249001741409302,839,201,891,384,865,292
frame_106,Rack_2,29,6,coke_v_med,0.5681619644165039,784,205,836,385,810,295
frame_106,Rack_2,33,2,anw_med,0.9339914917945862,733,203,783,385,758,294
frame_106,Rack_2,11,2,anw_med,0.9427129030227661,683,203,732,385,707,294
frame_106,Rack_2,20,2,anw_med,0.9170145392417908,632,204,682,385,657,294
frame_106,Rack_2,3,2,anw_med,0.9754334688186646,584,205,631,386,607,295
frame_106,Rack_2,9,2,anw_med,0.9430383443832397,535,205,583,386,559,295
frame_106,Rack_2,2,2,anw_med,0.9593103528022766,483,205,534,385,508,295
frame_106,Rack_2,50,15,pepsi_med,0.9294186234474182,441,217,481,381,461,299
frame_106,Rack_2,7,15,pepsi_med,0.9735041260719299,393,215,440,381,416,298
frame_106,Rack_2,10,15,pepsi_med,0.969319224357605,343,214,390,381,366,297
frame_106,Rack_2,5,15,pepsi_med,0.9861834049224854,302,215,342,382,322,298
frame_106,Rack_2,8,15,pepsi_med,0.9233999848365784,250,214,300,381,275,297
frame_106,Rack_2,17,15,pepsi_med,0.9140642285346985,209,215,249,381,229,298
frame_106,Rack_2,4,13,kick_med,0.929234504699707,160,214,207,383,183,298
frame_106,Rack_2,44,13,kick_med,0.8644987344741821,118,217,159,382,138,299
frame_106,Rack_2,22,13,kick_med,0.9267019629478455,69,217,117,382,93,299
frame_106,Rack_2,26,13,kick_med,0.8181387186050415,14,217,66,382,40,299
frame_107,Rack_2,15,3,coke_med,0.953053891658783,1169,200,1232,382,1200,291
frame_107,Rack_2,39,3,coke_med,0.947848379611969,1103,198,1169,383,1136,290
frame_107,Rack_2,13,3,coke_med,0.8686931133270264,1055,204,1101,382,1078,293
frame_107,Rack_2,40,3,coke_med,0.9269722700119019,1000,202,1053,383,1026,292
frame_107,Rack_2,1,3,coke_med,0.9147773385047913,948,201,997,384,972,292
frame_107,Rack_2,57,6,coke_v_med,0.9269284605979919,893,200,946,384,919,292
frame_107,Rack_2,19,6,coke_v_med,0.9196221232414246,839,201,892,384,865,292
frame_107,Rack_2,29,6,coke_v_med,0.6853200793266296,785,204,837,384,811,294
frame_107,Rack_2,33,2,anw_med,0.9414590001106262,734,203,783,384,758,293
frame_107,Rack_2,11,2,anw_med,0.9468233585357666,684,203,732,384,708,293
frame_107,Rack_2,20,2,anw_med,0.9240230321884155,633,204,682,385,657,294
frame_107,Rack_2,3,2,anw_med,0.9729649424552917,585,205,632,385,608,295
frame_107,Rack_2,9,2,anw_med,0.9407158493995667,535,206,583,385,559,295
frame_107,Rack_2,2,2,anw_med,0.9633045196533203,483,205,535,385,509,295
frame_107,Rack_2,50,15,pepsi_med,0.9259786009788513,442,217,481,381,461,299
frame_107,Rack_2,7,15,pepsi_med,0.9737615585327148,394,215,440,380,417,297
frame_107,Rack_2,10,15,pepsi_med,0.9747631549835205,344,214,391,381,367,297
frame_107,Rack_2,5,15,pepsi_med,0.9819783568382263,303,215,343,381,323,298
frame_107,Rack_2,8,15,pepsi_med,0.9284321069717407,252,214,301,381,276,297
frame_107,Rack_2,17,15,pepsi_med,0.9177328944206238,210,215,250,380,230,297
frame_107,Rack_2,4,13,kick_med,0.935696005821228,161,214,208,383,184,298
frame_107,Rack_2,44,13,kick_med,0.8934282064437866,118,217,159,383,138,300
frame_107,Rack_2,22,13,kick_med,0.9414496421813965,70,217,118,383,94,300
frame_107,Rack_2,26,13,kick_med,0.8555426597595215,16,217,68,382,42,299
frame_108,Rack_2,15,3,coke_med,0.9275288581848145,1171,200,1234,381,1202,290
frame_108,Rack_2,39,3,coke_med,0.9383845329284668,1103,198,1169,383,1136,290
frame_108,Rack_2,13,3,coke_med,0.8429968953132629,1055,204,1102,382,1078,293
frame_108,Rack_2,40,3,coke_med,0.906556248664856,1001,202,1054,383,1027,292
frame_108,Rack_2,1,3,coke_med,0.9268870949745178,949,199,998,384,973,291
frame_108,Rack_2,57,6,coke_v_med,0.9279636144638062,894,198,947,384,920,291
frame_108,Rack_2,19,6,coke_v_med,0.939813494682312,840,202,892,383,866,292
frame_108,Rack_2,29,6,coke_v_med,0.6746808290481567,785,205,838,384,811,294
frame_108,Rack_2,33,2,anw_med,0.9419109225273132,735,205,784,384,759,294
frame_108,Rack_2,11,2,anw_med,0.9573848247528076,684,204,733,384,708,294
frame_108,Rack_2,20,2,anw_med,0.9248332977294922,634,205,683,384,658,294
frame_108,Rack_2,3,2,anw_med,0.9767840504646301,586,206,632,385,609,295
frame_108,Rack_2,9,2,anw_med,0.9432550668716431,536,205,584,385,560,295
frame_108,Rack_2,2,2,anw_med,0.9670349955558777,484,205,535,384,509,294
frame_108,Rack_2,50,15,pepsi_med,0.9399387836456299,442,216,482,380,462,298
frame_108,Rack_2,7,15,pepsi_med,0.9754939675331116,394,214,441,380,417,297
frame_108,Rack_2,10,15,pepsi_med,0.9769124984741211,344,214,391,381,367,297
frame_108,Rack_2,5,15,pepsi_med,0.974833607673645,304,215,343,381,323,298
frame_108,Rack_2,8,15,pepsi_med,0.9473115801811218,253,215,302,381,277,298
frame_108,Rack_2,17,15,pepsi_med,0.8972470760345459,210,215,251,380,230,297
frame_108,Rack_2,4,13,kick_med,0.9240832924842834,162,214,209,383,185,298
frame_108,Rack_2,44,13,kick_med,0.9119937419891357,119,218,160,383,139,300
frame_108,Rack_2,22,13,kick_med,0.9426273703575134,71,219,118,383,94,301
frame_108,Rack_2,26,13,kick_med,0.8231221437454224,17,218,68,382,42,300
frame_108,Rack_2,71,13,kick_med,0.6072399616241455,0,215,13,381,6,298
frame_109,Rack_2,15,3,coke_med,0.9441430568695068,1172,200,1235,382,1203,291
frame_109,Rack_2,39,3,coke_med,0.9167185425758362,1104,198,1170,383,1137,290
frame_109,Rack_2,13,3,coke_med,0.8519914150238037,1056,203,1103,383,1079,293
frame_109,Rack_2,40,3,coke_med,0.9030073881149292,1002,203,1055,383,1028,293
frame_109,Rack_2,1,3,coke_med,0.9011619091033936,950,199,1000,384,975,291
frame_109,Rack_2,57,6,coke_v_med,0.9137193560600281,894,198,948,384,921,291
frame_109,Rack_2,19,6,coke_v_med,0.9171507954597473,840,199,894,384,867,291
frame_109,Rack_2,29,6,coke_v_med,0.7275270223617554,786,202,839,384,812,293
frame_109,Rack_2,33,2,anw_med,0.949191689491272,735,205,785,385,760,295
frame_109,Rack_2,11,2,anw_med,0.9634943604469299,685,204,733,385,709,294
frame_109,Rack_2,20,2,anw_med,0.912020742893219,634,204,684,385,659,294
frame_109,Rack_2,3,2,anw_med,0.9732570648193359,586,205,633,385,609,295
frame_109,Rack_2,9,2,anw_med,0.9355331063270569,536,204,585,385,560,294
frame_109,Rack_2,2,2,anw_med,0.9685944318771362,484,205,536,385,510,295
frame_109,Rack_2,50,15,pepsi_med,0.9453715682029724,443,217,482,380,462,298
frame_109,Rack_2,7,15,pepsi_med,0.9689087867736816,395,215,441,380,418,297
frame_109,Rack_2,10,15,pepsi_med,0.9742631316184998,345,215,392,381,368,298
frame_109,Rack_2,5,15,pepsi_med,0.9519196152687073,305,215,344,381,324,298
frame_109,Rack_2,8,15,pepsi_med,0.9439120888710022,254,215,302,381,278,298
frame_109,Rack_2,17,15,pepsi_med,0.9023695588111877,211,215,252,380,231,297
frame_109,Rack_2,4,13,kick_med,0.9151307344436646,163,215,209,383,186,299
frame_109,Rack_2,44,13,kick_med,0.9064609408378601,119,218,160,383,139,300
frame_109,Rack_2,22,13,kick_med,0.9456405639648438,71,218,119,383,95,300
frame_109,Rack_2,26,13,kick_med,0.7605746388435364,17,219,68,382,42,300
frame_110,Rack_2,15,3,coke_med,0.9298753142356873,1174,202,1236,382,1205,292
frame_110,Rack_2,39,3,coke_med,0.9235053062438965,1105,198,1171,383,1138,290
frame_110,Rack_2,13,3,coke_med,0.8916146755218506,1057,203,1104,382,1080,292
frame_110,Rack_2,40,3,coke_med,0.9204980134963989,1003,202,1056,383,1029,292
frame_110,Rack_2,1,3,coke_med,0.9238598942756653,951,198,1001,384,976,291
frame_110,Rack_2,57,6,coke_v_med,0.9250515699386597,895,195,949,384,922,289
frame_110,Rack_2,19,6,coke_v_med,0.9209607839584351,841,197,894,384,867,290
frame_110,Rack_2,29,6,coke_v_med,0.6469023823738098,787,203,839,384,813,293
frame_110,Rack_2,33,2,anw_med,0.9488242268562317,736,205,785,384,760,294
frame_110,Rack_2,11,2,anw_med,0.9579209685325623,686,204,734,384,710,294
frame_110,Rack_2,20,2,anw_med,0.9153764843940735,635,205,684,384,659,294
frame_110,Rack_2,3,2,anw_med,0.9743072390556335,587,205,634,384,610,294
frame_110,Rack_2,9,2,anw_med,0.9327949285507202,537,204,586,385,561,294
frame_110,Rack_2,2,2,anw_med,0.9702615737915039,485,206,536,385,510,295
frame_110,Rack_2,50,15,pepsi_med,0.9332599639892578,443,217,483,380,463,298
frame_110,Rack_2,7,15,pepsi_med,0.9681440591812134,395,215,442,380,418,297
frame_110,Rack_2,10,15,pepsi_med,0.9719189405441284,346,215,393,380,369,297
frame_110,Rack_2,5,15,pepsi_med,0.9474075436592102,305,215,345,381,325,298
frame_110,Rack_2,8,15,pepsi_med,0.9527363181114197,254,216,303,381,278,298
frame_110,Rack_2,17,15,pepsi_med,0.8979687690734863,212,215,252,380,232,297
frame_110,Rack_2,4,13,kick_med,0.9056533575057983,163,217,210,383,186,300
frame_110,Rack_2,44,13,kick_med,0.9228211045265198,120,218,161,383,140,300
frame_110,Rack_2,22,13,kick_med,0.9472220540046692,71,219,119,383,95,301
frame_110,Rack_2,26,13,kick_med,0.8003346920013428,17,219,69,382,43,300
frame_110,Rack_2,71,13,kick_med,0.5985438823699951,0,215,12,382,6,298
frame_111,Rack_2,15,3,coke_med,0.9592457413673401,1175,202,1238,381,1206,291
frame_111,Rack_2,39,3,coke_med,0.9107779264450073,1106,198,1172,383,1139,290
frame_111,Rack_2,13,3,coke_med,0.8953631520271301,1058,204,1105,382,1081,293
frame_111,Rack_2,40,3,coke_med,0.9218124747276306,1004,202,1057,382,1030,292
frame_111,Rack_2,1,3,coke_med,0.9278784990310669,952,198,1002,384,977,291
frame_111,Rack_2,57,6,coke_v_med,0.9129704236984253,896,194,950,383,923,288
frame_111,Rack_2,19,6,coke_v_med,0.9226375818252563,842,197,895,383,868,290
frame_111,Rack_2,29,6,coke_v_med,0.7222166061401367,788,203,840,383,814,293
frame_111,Rack_2,33,2,anw_med,0.9566535353660583,737,206,786,384,761,295
frame_111,Rack_2,11,2,anw_med,0.9608749151229858,686,204,735,384,710,294
frame_111,Rack_2,20,2,anw_med,0.9126850366592407,636,205,685,384,660,294
frame_111,Rack_2,3,2,anw_med,0.9729723930358887,588,205,635,384,611,294
frame_111,Rack_2,9,2,anw_med,0.9230368733406067,538,205,586,384,562,294
frame_111,Rack_2,2,2,anw_med,0.9725431799888611,486,206,537,384,511,295
frame_111,Rack_2,50,15,pepsi_med,0.928865373134613,444,217,484,379,464,298
frame_111,Rack_2,7,15,pepsi_med,0.9654963612556458,396,215,442,379,419,297
frame_111,Rack_2,10,15,pepsi_med,0.9727727174758911,346,215,393,380,369,297
frame_111,Rack_2,5,15,pepsi_med,0.9406718015670776,306,216,345,380,325,298
frame_111,Rack_2,8,15,pepsi_med,0.9549645185470581,255,217,303,381,279,299
frame_111,Rack_2,17,15,pepsi_med,0.8965123891830444,213,216,253,380,233,298
frame_111,Rack_2,4,13,kick_med,0.8945004343986511,164,217,210,383,187,300
frame_111,Rack_2,44,13,kick_med,0.9273868203163147,121,219,162,383,141,301
frame_111,Rack_2,22,13,kick_med,0.9409703612327576,72,220,119,383,95,301
frame_111,Rack_2,26,13,kick_med,0.8083393573760986,18,218,70,382,44,300
frame_111,Rack_2,71,13,kick_med,0.8365398049354553,0,215,13,382,6,298
frame_112,Rack_2,15,3,coke_med,0.9592154622077942,1177,203,1239,381,1208,292
frame_112,Rack_2,39,3,coke_med,0.898322582244873,1107,199,1173,382,1140,290
frame_112,Rack_2,13,3,coke_med,0.8849236369132996,1059,204,1105,381,1082,292
frame_112,Rack_2,40,3,coke_med,0.9126794338226318,1004,202,1057,382,1030,292
frame_112,Rack_2,1,3,coke_med,0.9020346999168396,953,199,1003,383,978,291
frame_112,Rack_2,57,6,coke_v_med,0.9116917252540588,898,196,951,382,924,289
frame_112,Rack_2,19,6,coke_v_med,0.9343421459197998,842,196,896,383,869,289
frame_112,Rack_2,29,6,coke_v_med,0.5828736424446106,788,202,841,382,814,292
frame_112,Rack_2,33,2,anw_med,0.9558457136154175,737,205,787,383,762,294
frame_112,Rack_2,11,2,anw_med,0.949907124042511,687,205,735,384,711,294
frame_112,Rack_2,20,2,anw_med,0.9096406698226929,637,206,685,384,661,295
frame_112,Rack_2,3,2,anw_med,0.9667110443115234,589,205,635,383,612,294
frame_112,Rack_2,9,2,anw_med,0.9082671999931335,539,204,587,383,563,293
frame_112,Rack_2,2,2,anw_med,0.9736282825469971,487,205,538,383,512,294
frame_112,Rack_2,50,15,pepsi_med,0.9322746992111206,445,217,484,379,464,298
frame_112,Rack_2,7,15,pepsi_med,0.9561451077461243,397,215,443,379,420,297
frame_112,Rack_2,10,15,pepsi_med,0.9693230390548706,347,215,394,379,370,297
frame_112,Rack_2,5,15,pepsi_med,0.9138706922531128,307,216,346,380,326,298
frame_112,Rack_2,8,15,pepsi_med,0.948017418384552,256,217,304,381,280,299
frame_112,Rack_2,17,15,pepsi_med,0.9031375646591187,214,216,254,379,234,297
frame_112,Rack_2,4,13,kick_med,0.8862760066986084,165,216,211,383,188,299
frame_112,Rack_2,44,13,kick_med,0.9269084930419922,121,218,162,383,141,300
frame_112,Rack_2,22,13,kick_med,0.9366858601570129,72,217,120,383,96,300
frame_112,Rack_2,26,13,kick_med,0.7859301567077637,19,217,71,383,45,300
frame_112,Rack_2,71,13,kick_med,0.8468456864356995,0,214,13,382,6,298
frame_113,Rack_2,15,3,coke_med,0.9618729948997498,1178,204,1241,380,1209,292
frame_113,Rack_2,39,3,coke_med,0.8782360553741455,1109,200,1174,382,1141,291
frame_113,Rack_2,13,3,coke_med,0.9169332385063171,1061,205,1106,381,1083,293
frame_113,Rack_2,40,3,coke_med,0.9126550555229187,1006,203,1058,381,1032,292
frame_113,Rack_2,1,3,coke_med,0.8934424519538879,954,200,1004,382,979,291
frame_113,Rack_2,57,6,coke_v_med,0.8889861106872559,899,196,952,381,925,288
frame_113,Rack_2,19,6,coke_v_med,0.9279329776763916,844,197,896,382,870,289
frame_113,Rack_2,29,6,coke_v_med,0.5644647479057312,788,196,842,381,815,288
frame_113,Rack_2,33,2,anw_med,0.9637622833251953,739,205,788,383,763,294
frame_113,Rack_2,11,2,anw_med,0.939841091632843,688,205,736,382,712,293
frame_113,Rack_2,20,2,anw_med,0.9211248159408569,637,206,686,383,661,294
frame_113,Rack_2,3,2,anw_med,0.9670020937919617,590,206,636,383,613,294
frame_113,Rack_2,9,2,anw_med,0.9185371994972229,540,205,588,383,564,294
frame_113,Rack_2,2,2,anw_med,0.9832314252853394,488,206,538,382,513,294
frame_113,Rack_2,50,15,pepsi_med,0.9291967749595642,446,217,485,379,465,298
frame_113,Rack_2,7,15,pepsi_med,0.958767831325531,398,214,445,379,421,296
frame_113,Rack_2,10,15,pepsi_med,0.9728843569755554,348,214,395,379,371,296
frame_113,Rack_2,5,15,pepsi_med,0.9069055318832397,308,216,346,380,327,298
frame_113,Rack_2,8,15,pepsi_med,0.95424485206604,257,217,305,381,281,299
frame_113,Rack_2,17,15,pepsi_med,0.9128207564353943,214,216,254,379,234,297
frame_113,Rack_2,4,13,kick_med,0.8989893198013306,165,216,212,383,188,299
frame_113,Rack_2,44,13,kick_med,0.9340260028839111,122,218,163,383,142,300
frame_113,Rack_2,22,13,kick_med,0.960384726524353,73,218,121,383,97,300
frame_113,Rack_2,26,13,kick_med,0.9379271864891052,23,218,74,383,48,300
frame_113,Rack_2,71,13,kick_med,0.905277669429779,4,218,18,379,11,298
frame_114,Rack_2,15,3,coke_med,0.9105997681617737,1180,207,1242,379,1211,293
frame_114,Rack_2,39,3,coke_med,0.8072535991668701,1110,200,1175,381,1142,290
frame_114,Rack_2,13,3,coke_med,0.9202657341957092,1062,204,1108,380,1085,292
frame_114,Rack_2,40,3,coke_med,0.8820447325706482,1007,200,1060,381,1033,290
frame_114,Rack_2,1,3,coke_med,0.8926782011985779,955,201,1005,382,980,291
frame_114,Rack_2,57,6,coke_v_med,0.8770902752876282,900,193,954,380,927,286
frame_114,Rack_2,19,6,coke_v_med,0.9274245500564575,844,192,898,381,871,286
frame_114,Rack_2,29,6,coke_v_med,0.6069738268852234,790,194,844,381,817,287
frame_114,Rack_2,33,2,anw_med,0.9665648937225342,740,206,789,382,764,294
frame_114,Rack_2,11,2,anw_med,0.9351248741149902,689,204,738,382,713,293
frame_114,Rack_2,20,2,anw_med,0.9118615388870239,639,207,687,383,663,295
frame_114,Rack_2,3,2,anw_med,0.967406690120697,591,207,637,382,614,294
frame_114,Rack_2,9,2,anw_med,0.9217309355735779,541,206,589,382,565,294
frame_114,Rack_2,2,2,anw_med,0.9844437837600708,489,206,540,382,514,294
frame_114,Rack_2,50,15,pepsi_med,0.9290716052055359,447,218,486,379,466,298
frame_114,Rack_2,7,15,pepsi_med,0.9553647637367249,399,213,446,379,422,296
frame_114,Rack_2,10,15,pepsi_med,0.9762318730354309,349,214,396,380,372,297
frame_114,Rack_2,5,15,pepsi_med,0.925703227519989,309,215,347,380,328,297
frame_114,Rack_2,8,15,pepsi_med,0.9597341418266296,257,217,306,381,281,299
frame_114,Rack_2,17,15,pepsi_med,0.9292348623275757,215,216,255,380,235,298
frame_114,Rack_2,4,13,kick_med,0.8905983567237854,166,216,213,383,189,299
frame_114,Rack_2,44,13,kick_med,0.9132199287414551,123,218,164,383,143,300
frame_114,Rack_2,22,13,kick_med,0.9544323682785034,74,217,122,383,98,300
frame_114,Rack_2,26,13,kick_med,0.879361093044281,25,217,76,382,50,299
frame_114,Rack_2,71,13,kick_med,0.91985023021698,6,219,20,379,13,299
frame_115,Rack_2,15,3,coke_med,0.8967808485031128,1182,205,1244,378,1213,291
frame_115,Rack_2,39,3,coke_med,0.825916051864624,1113,201,1178,381,1145,291
frame_115,Rack_2,13,3,coke_med,0.9451313614845276,1064,205,1109,380,1086,292
frame_115,Rack_2,40,3,coke_med,0.904326856136322,1008,201,1061,381,1034,291
frame_115,Rack_2,1,3,coke_med,0.8918428421020508,956,201,1006,381,981,291
frame_115,Rack_2,57,6,coke_v_med,0.9267364740371704,902,197,954,380,928,288
frame_115,Rack_2,19,6,coke_v_med,0.9440227746963501,846,195,899,381,872,288
frame_115,Rack_2,29,6,coke_v_med,0.5121340751647949,792,200,845,380,818,290
frame_115,Rack_2,33,2,anw_med,0.9704689979553223,741,205,790,382,765,293
frame_115,Rack_2,11,2,anw_med,0.940018355846405,690,204,739,382,714,293
frame_115,Rack_2,20,2,anw_med,0.8967545628547668,639,205,688,382,663,293
frame_115,Rack_2,3,2,anw_med,0.9655246138572693,591,207,638,382,614,294
frame_115,Rack_2,9,2,anw_med,0.9336236715316772,542,206,590,382,566,294
frame_115,Rack_2,2,2,anw_med,0.9836826920509338,490,206,541,381,515,293
frame_115,Rack_2,50,15,pepsi_med,0.9146241545677185,448,217,487,378,467,297
frame_115,Rack_2,7,15,pepsi_med,0.9464576840400696,400,212,447,379,423,295
frame_115,Rack_2,10,15,pepsi_med,0.9795919060707092,350,213,398,379,374,296
frame_115,Rack_2,5,15,pepsi_med,0.9403588175773621,310,215,348,379,329,297
frame_115,Rack_2,8,15,pepsi_med,0.9589231610298157,258,217,307,381,282,299
frame_115,Rack_2,17,15,pepsi_med,0.9446425437927246,216,216,256,379,236,297
frame_115,Rack_2,4,13,kick_med,0.8923365473747253,167,216,214,382,190,299
frame_115,Rack_2,44,13,kick_med,0.8822461366653442,124,218,165,382,144,300
frame_115,Rack_2,22,13,kick_med,0.9501296281814575,75,217,124,383,99,300
frame_115,Rack_2,26,13,kick_med,0.8415334820747375,27,217,77,382,52,299
frame_115,Rack_2,71,13,kick_med,0.9162594079971313,6,219,21,378,13,298
frame_116,Rack_2,15,3,coke_med,0.8293421268463135,1184,207,1246,378,1215,292
frame_116,Rack_2,39,3,coke_med,0.8866055011749268,1114,199,1180,380,1147,289
frame_116,Rack_2,13,3,coke_med,0.9371770620346069,1065,204,1111,379,1088,291
frame_116,Rack_2,40,3,coke_med,0.9069423079490662,1010,200,1063,381,1036,290
frame_116,Rack_2,1,3,coke_med,0.9147297739982605,958,202,1007,381,982,291
frame_116,Rack_2,57,6,coke_v_med,0.9189633131027222,903,194,956,380,929,287
frame_116,Rack_2,19,6,coke_v_med,0.9452906847000122,847,192,901,381,874,286
frame_116,Rack_2,29,6,coke_v_med,0.7682163715362549,793,195,847,380,820,287
frame_116,Rack_2,33,2,anw_med,0.9572075605392456,742,205,791,382,766,293
frame_116,Rack_2,11,2,anw_med,0.9449899792671204,691,204,740,382,715,293
frame_116,Rack_2,20,2,anw_med,0.9291114211082458,641,204,690,382,665,293
frame_116,Rack_2,3,2,anw_med,0.9663533568382263,592,207,639,382,615,294
frame_116,Rack_2,9,2,anw_med,0.946902334690094,543,206,591,382,567,294
frame_116,Rack_2,2,2,anw_med,0.979172945022583,491,206,542,381,516,293
frame_116,Rack_2,50,15,pepsi_med,0.9357773661613464,449,218,488,378,468,298
frame_116,Rack_2,7,15,pepsi_med,0.9401295781135559,401,213,448,379,424,296
frame_116,Rack_2,10,15,pepsi_med,0.982474148273468,352,214,399,379,375,296
frame_116,Rack_2,5,15,pepsi_med,0.9623938798904419,311,215,349,380,330,297
frame_116,Rack_2,8,15,pepsi_med,0.9595642685890198,259,216,308,381,283,298
frame_116,Rack_2,17,15,pepsi_med,0.9730024337768555,217,215,258,379,237,297
frame_116,Rack_2,4,13,kick_med,0.9088331460952759,168,215,215,382,191,298
frame_116,Rack_2,44,13,kick_med,0.8699650168418884,126,216,167,382,146,299
frame_116,Rack_2,22,13,kick_med,0.9525027871131897,77,216,125,383,101,299
frame_116,Rack_2,26,13,kick_med,0.8267219066619873,28,218,77,382,52,300
frame_116,Rack_2,71,13,kick_med,0.9095843434333801,6,220,21,378,13,299
frame_117,Rack_2,15,3,coke_med,0.8888136148452759,1185,210,1247,378,1216,294
frame_117,Rack_2,39,3,coke_med,0.8338915705680847,1117,202,1181,380,1149,291
frame_117,Rack_2,13,3,coke_med,0.9159409999847412,1067,203,1113,379,1090,291
frame_117,Rack_2,40,3,coke_med,0.8644935488700867,1011,198,1065,381,1038,289
frame_117,Rack_2,1,3,coke_med,0.9321428537368774,959,202,1009,381,984,291
frame_117,Rack_2,57,6,coke_v_med,0.9087123274803162,904,190,958,380,931,285
frame_117,Rack_2,19,6,coke_v_med,0.9344044923782349,848,189,903,381,875,285
frame_117,Rack_2,29,6,coke_v_med,0.9056428074836731,794,191,849,380,821,285
frame_117,Rack_2,33,2,anw_med,0.9376915097236633,743,205,793,382,768,293
frame_117,Rack_2,11,2,anw_med,0.9342185258865356,692,203,741,382,716,292
frame_117,Rack_2,20,2,anw_med,0.9393821358680725,642,205,691,382,666,293
frame_117,Rack_2,3,2,anw_med,0.9613417983055115,594,207,640,382,617,294
frame_117,Rack_2,9,2,anw_med,0.957379162311554,544,207,592,382,568,294
frame_117,Rack_2,2,2,anw_med,0.9749819040298462,491,206,543,381,517,293
frame_117,Rack_2,50,15,pepsi_med,0.9311928749084473,450,218,489,379,469,298
frame_117,Rack_2,7,15,pepsi_med,0.9362935423851013,403,213,449,379,426,296
frame_117,Rack_2,10,15,pepsi_med,0.9821997880935669,353,213,400,380,376,296
frame_117,Rack_2,5,15,pepsi_med,0.969028115272522,312,214,351,380,331,297
frame_117,Rack_2,8,15,pepsi_med,0.9646424651145935,261,216,309,381,285,298
frame_117,Rack_2,17,15,pepsi_med,0.9792829155921936,218,215,259,380,238,297
frame_117,Rack_2,4,13,kick_med,0.9206476211547852,169,215,216,382,192,298
frame_117,Rack_2,44,13,kick_med,0.8525747060775757,127,216,168,382,147,299
frame_117,Rack_2,22,13,kick_med,0.9274212718009949,78,216,127,383,102,299
frame_117,Rack_2,26,13,kick_med,0.8302133679389954,27,218,77,381,52,299
frame_117,Rack_2,71,13,kick_med,0.9155741930007935,3,218,20,379,11,298
frame_118,Rack_2,15,3,coke_med,0.9161727428436279,1186,210,1248,379,1217,294
frame_118,Rack_2,39,3,coke_med,0.8488900065422058,1118,202,1183,379,1150,290
frame_118,Rack_2,13,3,coke_med,0.8524436950683594,1068,203,1114,379,1091,291
frame_118,Rack_2,40,3,coke_med,0.8193475604057312,1013,200,1066,380,1039,290
frame_118,Rack_2,1,3,coke_med,0.914529025554657,961,202,1010,381,985,291
frame_118,Rack_2,57,6,coke_v_med,0.8901747465133667,906,191,960,380,933,285
frame_118,Rack_2,19,6,coke_v_med,0.9244024157524109,850,189,904,381,877,285
frame_118,Rack_2,29,6,coke_v_med,0.8926864266395569,795,190,850,380,822,285
frame_118,Rack_2,33,2,anw_med,0.9453818798065186,744,205,794,382,769,293
frame_118,Rack_2,11,2,anw_med,0.9328041672706604,694,204,742,382,718,293
frame_118,Rack_2,20,2,anw_med,0.9560000896453857,643,206,692,382,667,294
frame_118,Rack_2,3,2,anw_med,0.9629136323928833,595,207,642,382,618,294
frame_118,Rack_2,9,2,anw_med,0.9610666632652283,546,207,594,382,570,294
frame_118,Rack_2,2,2,anw_med,0.9702717661857605,493,206,544,381,518,293
frame_118,Rack_2,50,15,pepsi_med,0.92087322473526,452,218,490,379,471,298
frame_118,Rack_2,7,15,pepsi_med,0.9394293427467346,403,213,450,380,426,296
frame_118,Rack_2,10,15,pepsi_med,0.9755022525787354,354,213,401,380,377,296
frame_118,Rack_2,5,15,pepsi_med,0.9646339416503906,313,214,352,380,332,297
frame_118,Rack_2,8,15,pepsi_med,0.9571212530136108,262,216,311,381,286,298
frame_118,Rack_2,17,15,pepsi_med,0.979274570941925,220,216,260,380,240,298
frame_118,Rack_2,4,13,kick_med,0.9263911247253418,171,215,218,382,194,298
frame_118,Rack_2,44,13,kick_med,0.7917995452880859,129,218,170,382,149,300
frame_118,Rack_2,22,13,kick_med,0.9143994450569153,80,216,128,383,104,299
frame_118,Rack_2,26,13,kick_med,0.8150114417076111,27,218,77,382,52,300
frame_118,Rack_2,71,13,kick_med,0.8887215256690979,2,218,19,380,10,299
frame_119,Rack_2,15,3,coke_med,0.895169734954834,1188,211,1250,379,1219,295
frame_119,Rack_2,39,3,coke_med,0.8890675902366638,1119,197,1185,380,1152,288
frame_119,Rack_2,13,3,coke_med,0.8463587164878845,1070,203,1116,378,1093,290
frame_119,Rack_2,40,3,coke_med,0.8336816430091858,1014,198,1068,380,1041,289
frame_119,Rack_2,1,3,coke_med,0.8840373158454895,962,203,1012,381,987,292
frame_119,Rack_2,57,6,coke_v_med,0.8093938231468201,907,192,961,380,934,286
frame_119,Rack_2,19,6,coke_v_med,0.9352094531059265,851,189,906,381,878,285
frame_119,Rack_2,29,6,coke_v_med,0.8983408212661743,796,190,851,380,823,285
frame_119,Rack_2,33,2,anw_med,0.9078395366668701,746,206,796,382,771,294
frame_119,Rack_2,11,2,anw_med,0.9334321022033691,695,205,744,382,719,293
frame_119,Rack_2,20,2,anw_med,0.9656851887702942,645,206,693,382,669,294
frame_119,Rack_2,3,2,anw_med,0.9716585278511047,596,207,643,382,619,294
frame_119,Rack_2,9,2,anw_med,0.9653884768486023,547,207,595,382,571,294
frame_119,Rack_2,2,2,anw_med,0.9602479338645935,494,206,545,381,519,293
frame_119,Rack_2,50,15,pepsi_med,0.9389398694038391,453,218,492,379,472,298
frame_119,Rack_2,7,15,pepsi_med,0.9462605118751526,404,213,451,381,427,297
frame_119,Rack_2,10,15,pepsi_med,0.9728336930274963,355,213,402,380,378,296
frame_119,Rack_2,5,15,pepsi_med,0.9676640629768372,315,214,354,380,334,297
frame_119,Rack_2,8,15,pepsi_med,0.9449644088745117,264,217,312,380,288,298
frame_119,Rack_2,17,15,pepsi_med,0.9747856855392456,221,217,261,380,241,298
frame_119,Rack_2,4,13,kick_med,0.9388307929039001,172,216,219,382,195,299
frame_119,Rack_2,44,13,kick_med,0.8252639174461365,131,218,171,382,151,300
frame_119,Rack_2,22,13,kick_med,0.8795135021209717,81,216,130,383,105,299
frame_119,Rack_2,26,13,kick_med,0.8681029081344604,28,218,79,382,53,300
frame_119,Rack_2,71,13,kick_med,0.8555006384849548,2,218,19,381,10,299
frame_120,Rack_2,15,3,coke_med,0.9492523074150085,1189,210,1251,379,1220,294
frame_120,Rack_2,39,3,coke_med,0.9084321856498718,1122,204,1186,380,1154,292
frame_120,Rack_2,13,3,coke_med,0.8901873826980591,1071,204,1118,379,1094,291
frame_120,Rack_2,40,3,coke_med,0.7358372807502747,1017,201,1070,380,1043,290
frame_120,Rack_2,1,3,coke_med,0.9018532633781433,965,205,1014,381,989,293
frame_120,Rack_2,57,6,coke_v_med,0.7920293211936951,909,192,962,380,935,286
frame_120,Rack_2,19,6,coke_v_med,0.9462538957595825,854,196,906,381,880,288
frame_120,Rack_2,29,6,coke_v_med,0.7886648774147034,799,198,852,380,825,289
frame_120,Rack_2,33,2,anw_med,0.9432103037834167,747,206,797,382,772,294
frame_120,Rack_2,11,2,anw_med,0.9469676613807678,697,205,745,382,721,293
frame_120,Rack_2,20,2,anw_med,0.9644832015037537,646,206,695,382,670,294
frame_120,Rack_2,3,2,anw_med,0.9717720150947571,597,206,644,382,620,294
frame_120,Rack_2,9,2,anw_med,0.9749544858932495,548,206,596,382,572,294
frame_120,Rack_2,2,2,anw_med,0.9547059535980225,495,206,547,381,521,293
frame_120,Rack_2,50,15,pepsi_med,0.9376102089881897,454,217,493,379,473,298
frame_120,Rack_2,7,15,pepsi_med,0.9538691639900208,405,213,452,381,428,297
frame_120,Rack_2,10,15,pepsi_med,0.9635418653488159,357,214,403,380,380,297
frame_120,Rack_2,5,15,pepsi_med,0.9779976010322571,316,215,355,381,335,298
frame_120,Rack_2,8,15,pepsi_med,0.9545744061470032,265,217,312,380,288,298
frame_120,Rack_2,17,15,pepsi_med,0.9428859353065491,222,217,263,380,242,298
frame_120,Rack_2,4,13,kick_med,0.9538326263427734,173,215,220,382,196,298
frame_120,Rack_2,44,13,kick_med,0.8819431066513062,132,219,173,382,152,300
frame_120,Rack_2,22,13,kick_med,0.8451788425445557,83,216,131,382,107,299
frame_120,Rack_2,26,13,kick_med,0.8645738959312439,28,219,78,382,53,300
frame_120,Rack_2,71,13,kick_med,0.6619557738304138,0,217,16,381,8,299
frame_121,Rack_2,15,3,coke_med,0.9688718914985657,1191,206,1255,380,1223,293
frame_121,Rack_2,39,3,coke_med,0.9036316871643066,1123,205,1188,381,1155,293
frame_121,Rack_2,13,3,coke_med,0.908546507358551,1073,204,1120,380,1096,292
frame_121,Rack_2,40,3,coke_med,0.8345440626144409,1018,200,1072,380,1045,290
frame_121,Rack_2,1,3,coke_med,0.9287095665931702,966,202,1016,381,991,291
frame_121,Rack_2,57,6,coke_v_med,0.8337959051132202,910,192,964,380,937,286
frame_121,Rack_2,19,6,coke_v_med,0.9583855867385864,856,199,908,380,882,289
frame_121,Rack_2,29,6,coke_v_med,0.8607535362243652,801,202,853,380,827,291
frame_121,Rack_2,33,2,anw_med,0.9492558240890503,749,205,799,382,774,293
frame_121,Rack_2,11,2,anw_med,0.9381236433982849,698,206,747,382,722,294
frame_121,Rack_2,20,2,anw_med,0.961938202381134,647,207,696,382,671,294
frame_121,Rack_2,3,2,anw_med,0.974611759185791,599,205,646,382,622,293
frame_121,Rack_2,9,2,anw_med,0.9758498072624207,550,206,598,382,574,294
frame_121,Rack_2,2,2,anw_med,0.9681444764137268,497,205,549,381,523,293
frame_121,Rack_2,50,15,pepsi_med,0.9342239499092102,456,217,495,379,475,298
frame_121,Rack_2,7,15,pepsi_med,0.9567142128944397,407,213,454,381,430,297
frame_121,Rack_2,10,15,pepsi_med,0.9738658666610718,358,215,405,380,381,297
frame_121,Rack_2,5,15,pepsi_med,0.9851925373077393,317,215,356,381,336,298
frame_121,Rack_2,8,15,pepsi_med,0.9563150405883789,266,217,314,380,290,298
frame_121,Rack_2,17,15,pepsi_med,0.8810006380081177,224,217,264,379,244,298
frame_121,Rack_2,4,13,kick_med,0.9458897113800049,175,216,221,382,198,299
frame_121,Rack_2,44,13,kick_med,0.9081240296363831,133,220,174,382,153,301
frame_121,Rack_2,22,13,kick_med,0.9002213478088379,84,219,132,382,108,300
frame_121,Rack_2,26,13,kick_med,0.922808825969696,33,221,83,382,58,301
frame_121,Rack_2,71,13,kick_med,0.7657476663589478,0,216,15,382,7,299
frame_122,Rack_2,15,3,coke_med,0.966995120048523,1193,207,1257,380,1225,293
frame_122,Rack_2,39,3,coke_med,0.9123702645301819,1125,205,1190,381,1157,293
frame_122,Rack_2,13,3,coke_med,0.9015951156616211,1075,205,1121,380,1098,292
frame_122,Rack_2,40,3,coke_med,0.7739496231079102,1020,200,1073,380,1046,290
frame_122,Rack_2,1,3,coke_med,0.9259625673294067,968,202,1018,381,993,291
frame_122,Rack_2,57,6,coke_v_med,0.852092444896698,913,196,965,380,939,288
frame_122,Rack_2,19,6,coke_v_med,0.9576362371444702,857,199,910,380,883,289
frame_122,Rack_2,29,6,coke_v_med,0.9146273136138916,803,201,855,380,829,290
frame_122,Rack_2,33,2,anw_med,0.9511548280715942,750,204,801,382,775,293
frame_122,Rack_2,11,2,anw_med,0.953418493270874,700,206,748,383,724,294
frame_122,Rack_2,20,2,anw_med,0.9512785077095032,649,206,698,382,673,294
frame_122,Rack_2,3,2,anw_med,0.9807658195495605,600,203,647,382,623,292
frame_122,Rack_2,9,2,anw_med,0.9707177877426147,551,206,599,382,575,294
frame_122,Rack_2,2,2,anw_med,0.977343738079071,498,203,550,381,524,292
frame_122,Rack_2,50,15,pepsi_med,0.9356715679168701,457,216,497,378,477,297
frame_122,Rack_2,7,15,pepsi_med,0.9600536823272705,409,213,455,380,432,296
frame_122,Rack_2,10,15,pepsi_med,0.9769834876060486,360,215,406,380,383,297
frame_122,Rack_2,5,15,pepsi_med,0.9810757637023926,319,215,358,381,338,298
frame_122,Rack_2,8,15,pepsi_med,0.9354917407035828,267,216,316,380,291,298
frame_122,Rack_2,17,15,pepsi_med,0.8494765162467957,225,216,266,379,245,297
frame_122,Rack_2,4,13,kick_med,0.9214626550674438,177,216,223,382,200,299
frame_122,Rack_2,44,13,kick_med,0.951473593711853,135,220,175,382,155,301
frame_122,Rack_2,22,13,kick_med,0.9328422546386719,86,220,133,382,109,301
frame_122,Rack_2,26,13,kick_med,0.9264026284217834,37,222,86,382,61,302
frame_122,Rack_2,79,13,kick_med,0.7320832014083862,11,220,37,381,24,300
frame_123,Rack_2,15,3,coke_med,0.9500465393066406,1195,205,1259,379,1227,292
frame_123,Rack_2,39,3,coke_med,0.8855840563774109,1127,205,1192,380,1159,292
frame_123,Rack_2,13,3,coke_med,0.9232814908027649,1077,205,1123,379,1100,292
frame_123,Rack_2,40,3,coke_med,0.7993600368499756,1022,199,1075,380,1048,289
frame_123,Rack_2,1,3,coke_med,0.8806279897689819,970,203,1020,380,995,291
frame_123,Rack_2,57,6,coke_v_med,0.8799136281013489,915,197,967,379,941,288
frame_123,Rack_2,19,6,coke_v_med,0.9543561339378357,859,198,912,379,885,288
frame_123,Rack_2,29,6,coke_v_med,0.8763537406921387,804,200,857,379,830,289
frame_123,Rack_2,33,2,anw_med,0.9644433856010437,751,204,802,381,776,292
frame_123,Rack_2,11,2,anw_med,0.9632567167282104,701,206,750,382,725,294
frame_123,Rack_2,20,2,anw_med,0.9393572807312012,650,206,699,382,674,294
frame_123,Rack_2,3,2,anw_med,0.9838805794715881,602,202,649,382,625,292
frame_123,Rack_2,9,2,anw_med,0.957843542098999,552,206,601,382,576,294
frame_123,Rack_2,2,2,anw_med,0.9843165874481201,500,203,551,381,525,292
frame_123,Rack_2,50,15,pepsi_med,0.9301065802574158,459,215,498,378,478,296
frame_123,Rack_2,7,15,pepsi_med,0.9616712331771851,410,213,457,379,433,296
frame_123,Rack_2,10,15,pepsi_med,0.9791510105133057,361,214,408,380,384,297
frame_123,Rack_2,5,15,pepsi_med,0.9598226547241211,321,215,360,380,340,297
frame_123,Rack_2,8,15,pepsi_med,0.950314998626709,270,217,318,380,294,298
frame_123,Rack_2,17,15,pepsi_med,0.8997089266777039,227,215,268,380,247,297
frame_123,Rack_2,4,13,kick_med,0.8851891160011292,178,216,225,382,201,299
frame_123,Rack_2,44,13,kick_med,0.9681062698364258,136,220,177,382,156,301
frame_123,Rack_2,22,13,kick_med,0.9580076336860657,87,220,135,382,111,301
frame_123,Rack_2,26,13,kick_med,0.9564558863639832,39,221,88,383,63,302
frame_123,Rack_2,79,13,kick_med,0.7536407709121704,14,220,40,382,27,301
frame_123,Rack_2,71,13,kick_med,0.6939098238945007,0,218,13,382,6,300
frame_124,Rack_2,15,3,coke_med,0.9186336398124695,1198,205,1262,378,1230,291
frame_124,Rack_2,39,3,coke_med,0.8837129473686218,1130,204,1195,380,1162,292
frame_124,Rack_2,13,3,coke_med,0.9491775631904602,1079,204,1125,379,1102,291
frame_124,Rack_2,40,3,coke_med,0.8155820369720459,1024,200,1077,379,1050,289
frame_124,Rack_2,1,3,coke_med,0.9124407768249512,972,203,1022,379,997,291
frame_124,Rack_2,57,6,coke_v_med,0.8498125076293945,917,200,969,379,943,289
frame_124,Rack_2,19,6,coke_v_med,0.9320263266563416,861,198,914,379,887,288
frame_124,Rack_2,29,6,coke_v_med,0.8671309947967529,806,199,859,379,832,289
frame_124,Rack_2,33,2,anw_med,0.9629433751106262,753,203,804,381,778,292
frame_124,Rack_2,11,2,anw_med,0.963391125202179,703,206,752,382,727,294
frame_124,Rack_2,20,2,anw_med,0.9318918585777283,652,207,701,382,676,294
frame_124,Rack_2,3,2,anw_med,0.9706321954727173,603,202,651,382,627,292
frame_124,Rack_2,9,2,anw_med,0.9532004594802856,554,206,603,382,578,294
frame_124,Rack_2,2,2,anw_med,0.9861997365951538,502,204,553,381,527,292
frame_124,Rack_2,50,15,pepsi_med,0.91483074426651,460,215,500,379,480,297
frame_124,Rack_2,7,15,pepsi_med,0.9664857387542725,412,212,458,379,435,295
frame_124,Rack_2,10,15,pepsi_med,0.9743360877037048,363,214,409,379,386,296
frame_124,Rack_2,5,15,pepsi_med,0.9368156790733337,323,215,361,380,342,297
frame_124,Rack_2,8,15,pepsi_med,0.9539315700531006,272,217,320,379,296,298
frame_124,Rack_2,17,15,pepsi_med,0.9263301491737366,229,215,269,381,249,298
frame_124,Rack_2,4,13,kick_med,0.8435639142990112,180,217,227,382,203,299
frame_124,Rack_2,44,13,kick_med,0.9789491891860962,138,220,178,382,158,301
frame_124,Rack_2,22,13,kick_med,0.968696653842926,88,221,136,382,112,301
frame_124,Rack_2,26,13,kick_med,0.9583482146263123,41,221,90,383,65,302
frame_124,Rack_2,79,13,kick_med,0.750903308391571,15,220,42,382,28,301
frame_124,Rack_2,71,13,kick_med,0.7648969292640686,0,218,13,383,6,300
frame_125,Rack_2,15,3,coke_med,0.9064592719078064,1199,204,1264,379,1231,291
frame_125,Rack_2,39,3,coke_med,0.8716854453086853,1131,201,1198,379,1164,290
frame_125,Rack_2,13,3,coke_med,0.9571496844291687,1080,201,1128,379,1104,290
frame_125,Rack_2,40,3,coke_med,0.8696218729019165,1025,197,1080,380,1052,288
frame_125,Rack_2,1,3,coke_med,0.9506068229675293,973,198,1024,380,998,289
frame_125,Rack_2,57,6,coke_v_med,0.8696542978286743,918,198,971,380,944,289
frame_125,Rack_2,19,6,coke_v_med,0.9418802857398987,863,199,915,379,889,289
frame_125,Rack_2,29,6,coke_v_med,0.8595478534698486,808,200,861,379,834,289
frame_125,Rack_2,33,2,anw_med,0.9596655368804932,755,204,806,381,780,292
frame_125,Rack_2,11,2,anw_med,0.9603986740112305,705,206,754,382,729,294
frame_125,Rack_2,20,2,anw_med,0.9353426098823547,654,207,703,382,678,294
frame_125,Rack_2,3,2,anw_med,0.9650829434394836,605,204,653,382,629,293
frame_125,Rack_2,9,2,anw_med,0.9329095482826233,556,205,605,381,580,293
frame_125,Rack_2,2,2,anw_med,0.9884169697761536,504,205,555,381,529,293
frame_125,Rack_2,50,15,pepsi_med,0.8735187649726868,462,215,502,379,482,297
frame_125,Rack_2,7,15,pepsi_med,0.9652817249298096,414,212,461,379,437,295
frame_125,Rack_2,10,15,pepsi_med,0.9666454195976257,365,215,411,379,388,297
frame_125,Rack_2,5,15,pepsi_med,0.9225998520851135,324,216,363,379,343,297
frame_125,Rack_2,8,15,pepsi_med,0.9524067044258118,273,218,321,379,297,298
frame_125,Rack_2,17,15,pepsi_med,0.9231899380683899,230,215,271,381,250,298
frame_125,Rack_2,4,13,kick_med,0.8418594002723694,182,219,228,382,205,300
frame_125,Rack_2,44,13,kick_med,0.9799222946166992,139,221,180,382,159,301
frame_125,Rack_2,22,13,kick_med,0.9752554297447205,90,222,137,382,113,302
frame_125,Rack_2,26,13,kick_med,0.9087477922439575,44,222,91,383,67,302
frame_125,Rack_2,79,13,kick_med,0.6503002643585205,17,222,43,382,30,302
frame_125,Rack_2,71,13,kick_med,0.8890786170959473,0,217,13,383,6,300
frame_126,Rack_2,15,3,coke_med,0.8727103471755981,1201,205,1265,378,1233,291
frame_126,Rack_2,39,3,coke_med,0.8996145725250244,1134,202,1199,379,1166,290
frame_126,Rack_2,13,3,coke_med,0.912266731262207,1082,202,1129,379,1105,290
frame_126,Rack_2,40,3,coke_med,0.8082379698753357,1028,199,1081,379,1054,289
frame_126,Rack_2,1,3,coke_med,0.9573231339454651,975,198,1026,380,1000,289
frame_126,Rack_2,57,6,coke_v_med,0.8591322898864746,920,199,972,380,946,289
frame_126,Rack_2,19,6,coke_v_med,0.918117880821228,865,201,917,380,891,290
frame_126,Rack_2,29,6,coke_v_med,0.8702802062034607,810,201,863,380,836,290
frame_126,Rack_2,33,2,anw_med,0.962035059928894,757,204,808,382,782,293
frame_126,Rack_2,11,2,anw_med,0.9691904783248901,706,205,756,382,731,293
frame_126,Rack_2,20,2,anw_med,0.933489978313446,655,207,704,382,679,294
frame_126,Rack_2,3,2,anw_med,0.9694552421569824,607,206,655,382,631,294
frame_126,Rack_2,9,2,anw_med,0.9385321736335754,557,204,607,382,582,293
frame_126,Rack_2,2,2,anw_med,0.9799086451530457,506,205,557,382,531,293
frame_126,Rack_2,50,15,pepsi_med,0.8337051868438721,464,214,504,380,484,297
frame_126,Rack_2,7,15,pepsi_med,0.9599578380584717,416,212,462,379,439,295
frame_126,Rack_2,10,15,pepsi_med,0.968217134475708,366,215,413,379,389,297
frame_126,Rack_2,5,15,pepsi_med,0.9328532218933105,326,217,364,379,345,298
frame_126,Rack_2,8,15,pepsi_med,0.9509556293487549,274,218,322,379,298,298
frame_126,Rack_2,17,15,pepsi_med,0.9328166842460632,232,218,272,379,252,298
frame_126,Rack_2,4,13,kick_med,0.8689940571784973,183,220,229,382,206,301
frame_126,Rack_2,44,13,kick_med,0.9701246619224548,141,221,181,382,161,301
frame_126,Rack_2,22,13,kick_med,0.9592300653457642,92,222,139,382,115,302
frame_126,Rack_2,26,13,kick_med,0.8883697986602783,46,222,93,383,69,302
frame_126,Rack_2,79,13,kick_med,0.7276111841201782,18,223,44,381,31,302
frame_126,Rack_2,71,13,kick_med,0.9068145751953125,0,218,13,383,6,300
frame_127,Rack_2,15,3,coke_med,0.8831846714019775,1203,208,1265,377,1234,292
frame_127,Rack_2,39,3,coke_med,0.8656119108200073,1136,207,1200,378,1168,292
frame_127,Rack_2,13,3,coke_med,0.8567147254943848,1084,202,1131,378,1107,290
frame_127,Rack_2,40,3,coke_med,0.7757217884063721,1030,201,1083,379,1056,290
frame_127,Rack_2,1,3,coke_med,0.9267212748527527,976,199,1027,380,1001,289
frame_127,Rack_2,57,6,coke_v_med,0.8680340647697449,922,202,974,380,948,291
frame_127,Rack_2,19,6,coke_v_med,0.884165346622467,867,200,919,380,893,290
frame_127,Rack_2,29,6,coke_v_med,0.8759354948997498,811,196,865,380,838,288
frame_127,Rack_2,33,2,anw_med,0.9617002010345459,758,203,810,382,784,292
frame_127,Rack_2,11,2,anw_med,0.9690539836883545,707,203,758,383,732,293
frame_127,Rack_2,20,2,anw_med,0.9399138689041138,657,206,706,382,681,294
frame_127,Rack_2,3,2,anw_med,0.9787632822990417,609,206,656,383,632,294
frame_127,Rack_2,9,2,anw_med,0.9525267481803894,559,205,608,382,583,293
frame_127,Rack_2,2,2,anw_med,0.9717965126037598,507,205,558,382,532,293
frame_127,Rack_2,50,15,pepsi_med,0.7918567657470703,465,213,506,380,485,296
frame_127,Rack_2,7,15,pepsi_med,0.9609280824661255,418,212,464,378,441,295
frame_127,Rack_2,10,15,pepsi_med,0.9665495157241821,368,214,415,379,391,296
frame_127,Rack_2,5,15,pepsi_med,0.9481368660926819,327,215,366,379,346,297
frame_127,Rack_2,8,15,pepsi_med,0.945906400680542,275,217,323,379,299,298
frame_127,Rack_2,17,15,pepsi_med,0.9452255368232727,234,217,274,379,254,298
frame_127,Rack_2,4,13,kick_med,0.8755285739898682,185,219,231,382,208,300
frame_127,Rack_2,44,13,kick_med,0.9280101656913757,142,221,183,382,162,301
frame_127,Rack_2,22,13,kick_med,0.9115869402885437,93,221,141,382,117,301
frame_127,Rack_2,26,13,kick_med,0.8484094738960266,47,222,94,383,70,302
frame_127,Rack_2,79,13,kick_med,0.7481135129928589,19,223,46,381,32,302
frame_127,Rack_2,71,13,kick_med,0.9458479285240173,0,217,14,383,7,300
frame_128,Rack_2,15,3,coke_med,0.9275662899017334,1203,208,1263,375,1233,291
frame_128,Rack_2,39,3,coke_med,0.8288987874984741,1138,207,1201,375,1169,291
frame_128,Rack_2,13,3,coke_med,0.8091129660606384,1087,203,1133,375,1110,289
frame_128,Rack_2,40,3,coke_med,0.7725470662117004,1032,198,1085,376,1058,287
frame_128,Rack_2,1,3,coke_med,0.8828578591346741,979,197,1030,377,1004,287
frame_128,Rack_2,57,6,coke_v_med,0.8331984877586365,924,197,977,378,950,287
frame_128,Rack_2,19,6,coke_v_med,0.8393293023109436,869,195,922,378,895,286
frame_128,Rack_2,29,6,coke_v_med,0.8745696544647217,812,191,867,378,839,284
frame_128,Rack_2,33,2,anw_med,0.9391863942146301,760,204,811,380,785,292
frame_128,Rack_2,11,2,anw_med,0.9785860776901245,710,204,759,381,734,292
frame_128,Rack_2,20,2,anw_med,0.9497324824333191,659,205,708,381,683,293
frame_128,Rack_2,3,2,anw_med,0.9821057319641113,610,207,657,381,633,294
frame_128,Rack_2,9,2,anw_med,0.9639073610305786,561,206,609,380,585,293
frame_128,Rack_2,2,2,anw_med,0.9635738730430603,509,206,559,379,534,292
frame_128,Rack_2,50,15,pepsi_med,0.8189850449562073,467,215,506,377,486,296
frame_128,Rack_2,7,15,pepsi_med,0.9685455560684204,419,213,465,377,442,295
frame_128,Rack_2,10,15,pepsi_med,0.9658042788505554,370,214,416,377,393,295
frame_128,Rack_2,5,15,pepsi_med,0.976682186126709,328,216,367,377,347,296
frame_128,Rack_2,8,15,pepsi_med,0.9744191765785217,277,216,325,377,301,296
frame_128,Rack_2,17,15,pepsi_med,0.9722920060157776,235,217,275,377,255,297
frame_128,Rack_2,4,13,kick_med,0.9152635931968689,186,219,232,381,209,300
frame_128,Rack_2,44,13,kick_med,0.8782912492752075,144,219,185,382,164,300
frame_128,Rack_2,22,13,kick_med,0.9233048558235168,95,220,143,382,119,301
frame_128,Rack_2,26,13,kick_med,0.851020872592926,49,223,95,382,72,302
frame_128,Rack_2,79,13,kick_med,0.6739643812179565,21,223,48,380,34,301
frame_128,Rack_2,71,13,kick_med,0.9537220001220703,1,218,16,382,8,300
frame_129,Rack_2,15,3,coke_med,0.896121621131897,1204,210,1263,374,1233,292
frame_129,Rack_2,39,3,coke_med,0.8343647718429565,1140,210,1203,374,1171,292
frame_129,Rack_2,13,3,coke_med,0.830641508102417,1089,205,1135,374,1112,289
frame_129,Rack_2,40,3,coke_med,0.8197223544120789,1035,203,1087,375,1061,289
frame_129,Rack_2,1,3,coke_med,0.749646782875061,982,205,1031,376,1006,290
frame_129,Rack_2,57,6,coke_v_med,0.8414607644081116,927,207,978,377,952,292
frame_129,Rack_2,19,6,coke_v_med,0.8922393918037415,872,204,923,377,897,290
frame_129,Rack_2,29,6,coke_v_med,0.8728652000427246,814,190,869,377,841,283
frame_129,Rack_2,33,2,anw_med,0.9185759425163269,763,206,813,379,788,292
frame_129,Rack_2,11,2,anw_med,0.9654010534286499,712,205,761,380,736,292
frame_129,Rack_2,20,2,anw_med,0.9635816216468811,661,206,710,380,685,293
frame_129,Rack_2,3,2,anw_med,0.9856224656105042,612,208,659,380,635,294
frame_129,Rack_2,9,2,anw_med,0.9564855694770813,563,208,611,380,587,294
frame_129,Rack_2,2,2,anw_med,0.9506734013557434,511,207,561,378,536,292
frame_129,Rack_2,50,15,pepsi_med,0.8269073367118835,469,217,508,376,488,296
frame_129,Rack_2,7,15,pepsi_med,0.9613279104232788,421,214,466,377,443,295
frame_129,Rack_2,10,15,pepsi_med,0.9555355906486511,371,214,417,377,394,295
frame_129,Rack_2,5,15,pepsi_med,0.9912909269332886,330,216,369,377,349,296
frame_129,Rack_2,8,15,pepsi_med,0.9753434062004089,279,216,327,377,303,296
frame_129,Rack_2,17,15,pepsi_med,0.9595386385917664,237,218,277,377,257,297
frame_129,Rack_2,4,13,kick_med,0.942035973072052,188,219,234,382,211,300
frame_129,Rack_2,44,13,kick_med,0.7687786221504211,145,219,186,382,165,300
frame_129,Rack_2,22,13,kick_med,0.9176064729690552,97,220,145,382,121,301
frame_129,Rack_2,26,13,kick_med,0.8887253999710083,51,223,97,381,74,302
frame_129,Rack_2,79,13,kick_med,0.7364868521690369,23,222,50,380,36,301
frame_129,Rack_2,71,13,kick_med,0.9574711918830872,1,218,17,382,9,300
frame_130,Rack_2,15,3,coke_med,0.8930113315582275,1205,210,1263,373,1234,291
frame_130,Rack_2,39,3,coke_med,0.8210890889167786,1144,210,1206,373,1175,291
frame_130,Rack_2,13,3,coke_med,0.8524130582809448,1093,208,1138,372,1115,290
frame_130,Rack_2,40,3,coke_med,0.8032379746437073,1038,206,1089,374,1063,290
frame_130,Rack_2,1,3,coke_med,0.7219528555870056,986,209,1034,375,1010,292
frame_130,Rack_2,57,6,coke_v_med,0.8553124666213989,931,212,980,376,955,294
frame_130,Rack_2,19,6,coke_v_med,0.9009693264961243,875,208,924,376,899,292
frame_130,Rack_2,29,6,coke_v_med,0.909237802028656,816,188,871,375,843,281
frame_130,Rack_2,33,2,anw_med,0.9041274785995483,765,207,815,378,790,292
frame_130,Rack_2,11,2,anw_med,0.9609633088111877,714,207,762,379,738,293
frame_130,Rack_2,20,2,anw_med,0.9515060782432556,663,207,711,379,687,293
frame_130,Rack_2,3,2,anw_med,0.981631875038147,614,208,660,378,637,293
frame_130,Rack_2,9,2,anw_med,0.9700214862823486,565,208,612,378,588,293
frame_130,Rack_2,2,2,anw_med,0.9551750421524048,513,208,563,375,538,291
frame_130,Rack_2,50,15,pepsi_med,0.8498539924621582,471,218,510,375,490,296
frame_130,Rack_2,7,15,pepsi_med,0.9691911339759827,423,216,468,376,445,296
frame_130,Rack_2,10,15,pepsi_med,0.962600827217102,373,215,419,376,396,295
frame_130,Rack_2,5,15,pepsi_med,0.9913994073867798,333,217,371,376,352,296
frame_130,Rack_2,8,15,pepsi_med,0.9712188839912415,281,217,328,375,304,296
frame_130,Rack_2,17,15,pepsi_med,0.9233860969543457,239,218,278,375,258,296
frame_130,Rack_2,4,13,kick_med,0.9364451169967651,190,218,236,381,213,299
frame_130,Rack_2,44,13,kick_med,0.7977412343025208,148,221,188,381,168,301
frame_130,Rack_2,22,13,kick_med,0.906496524810791,99,221,146,381,122,301
frame_130,Rack_2,26,13,kick_med,0.8836461305618286,53,223,98,381,75,302
frame_130,Rack_2,79,13,kick_med,0.7760100364685059,24,222,51,379,37,300
frame_130,Rack_2,71,13,kick_med,0.9526172876358032,2,219,18,381,10,300
frame_131,Rack_2,15,3,coke_med,0.8272543549537659,1208,210,1264,373,1236,291
frame_131,Rack_2,39,3,coke_med,0.9064132571220398,1147,209,1210,372,1178,290
frame_131,Rack_2,13,3,coke_med,0.8928055167198181,1096,209,1140,371,1118,290
frame_131,Rack_2,40,3,coke_med,0.8632400631904602,1041,209,1091,373,1066,291
frame_131,Rack_2,1,3,coke_med,0.5236698985099792,989,213,1036,375,1012,294
frame_131,Rack_2,57,6,coke_v_med,0.8453629016876221,933,213,982,375,957,294
frame_131,Rack_2,19,6,coke_v_med,0.8669156432151794,876,208,927,375,901,291
frame_131,Rack_2,29,6,coke_v_med,0.9342859387397766,819,190,873,375,846,282
frame_131,Rack_2,33,2,anw_med,0.9163744449615479,767,207,817,377,792,292
frame_131,Rack_2,11,2,anw_med,0.9625750780105591,716,207,764,379,740,293
frame_131,Rack_2,20,2,anw_med,0.9597568511962891,665,208,713,378,689,293
frame_131,Rack_2,3,2,anw_med,0.9847279787063599,616,209,662,378,639,293
frame_131,Rack_2,9,2,anw_med,0.9650883674621582,567,208,614,377,590,292
frame_131,Rack_2,2,2,anw_med,0.9689880609512329,515,208,564,374,539,291
frame_131,Rack_2,50,15,pepsi_med,0.9133564233779907,473,216,512,375,492,295
frame_131,Rack_2,7,15,pepsi_med,0.973747193813324,425,214,470,375,447,294
frame_131,Rack_2,10,15,pepsi_med,0.97971510887146,375,214,421,376,398,295
frame_131,Rack_2,5,15,pepsi_med,0.9901307821273804,335,217,373,375,354,296
frame_131,Rack_2,8,15,pepsi_med,0.9620155096054077,283,216,331,375,307,295
frame_131,Rack_2,17,15,pepsi_med,0.8208012580871582,241,218,280,375,260,296
frame_131,Rack_2,4,13,kick_med,0.9313581585884094,192,218,238,381,215,299
frame_131,Rack_2,44,13,kick_med,0.8771296143531799,150,221,190,381,170,301
frame_131,Rack_2,22,13,kick_med,0.9423702955245972,101,222,148,381,124,301
frame_131,Rack_2,26,13,kick_med,0.8949167728424072,55,223,101,381,78,302
frame_131,Rack_2,79,13,kick_med,0.7735068798065186,26,222,53,380,39,301
frame_131,Rack_2,71,13,kick_med,0.9343928694725037,2,218,19,381,10,299
frame_132,Rack_2,15,3,coke_med,0.6246674656867981,1209,213,1264,373,1236,293
frame_132,Rack_2,39,3,coke_med,0.868650496006012,1150,213,1212,372,1181,292
frame_132,Rack_2,13,3,coke_med,0.9268842935562134,1099,213,1142,371,1120,292
frame_132,Rack_2,40,3,coke_med,0.8500888347625732,1043,213,1093,373,1068,293
frame_132,Rack_2,1,3,coke_med,0.7452439665794373,991,214,1038,375,1014,294
frame_132,Rack_2,57,6,coke_v_med,0.8644354939460754,936,217,985,375,960,296
frame_132,Rack_2,19,6,coke_v_med,0.9138857126235962,879,214,928,375,903,294
frame_132,Rack_2,29,6,coke_v_med,0.9116318821907043,822,202,874,375,848,288
frame_132,Rack_2,33,2,anw_med,0.9282294511795044,769,209,819,377,794,293
frame_132,Rack_2,11,2,anw_med,0.9614994525909424,718,209,766,378,742,293
frame_132,Rack_2,20,2,anw_med,0.956307053565979,667,210,715,378,691,294
frame_132,Rack_2,3,2,anw_med,0.9808448553085327,618,211,664,377,641,294
frame_132,Rack_2,9,2,anw_med,0.9564704895019531,569,213,615,376,592,294
frame_132,Rack_2,2,2,anw_med,0.9709903597831726,517,211,566,374,541,292
frame_132,Rack_2,50,15,pepsi_med,0.9284864068031311,475,217,513,374,494,295
frame_132,Rack_2,7,15,pepsi_med,0.9725819826126099,427,216,472,375,449,295
frame_132,Rack_2,10,15,pepsi_med,0.9757652282714844,377,215,423,375,400,295
frame_132,Rack_2,5,15,pepsi_med,0.985094428062439,337,216,375,375,356,295
frame_132,Rack_2,8,15,pepsi_med,0.9716623425483704,285,216,333,375,309,295
frame_132,Rack_2,17,15,pepsi_med,0.8565334677696228,243,217,283,375,263,296
frame_132,Rack_2,4,13,kick_med,0.9142836928367615,194,217,241,381,217,299
frame_132,Rack_2,44,13,kick_med,0.9279107451438904,152,221,192,381,172,301
frame_132,Rack_2,22,13,kick_med,0.9624904990196228,103,222,150,381,126,301
frame_132,Rack_2,26,13,kick_med,0.9228992462158203,57,222,103,382,80,302
frame_132,Rack_2,79,13,kick_med,0.895193338394165,28,221,56,381,42,301
frame_132,Rack_2,71,13,kick_med,0.9453762769699097,3,218,20,383,11,300
frame_133,Rack_2,15,3,coke_med,0.5252335071563721,1211,214,1264,374,1237,294
frame_133,Rack_2,39,3,coke_med,0.8674710392951965,1152,215,1214,372,1183,293
frame_133,Rack_2,13,3,coke_med,0.8645471930503845,1101,215,1144,371,1122,293
frame_133,Rack_2,40,3,coke_med,0.8488161563873291,1045,215,1095,373,1070,294
frame_133,Rack_2,1,3,coke_med,0.8048092126846313,993,214,1040,374,1016,294
frame_133,Rack_2,57,6,coke_v_med,0.8788285255432129,939,220,987,375,963,297
frame_133,Rack_2,19,6,coke_v_med,0.9269691109657288,881,217,930,375,905,296
frame_133,Rack_2,29,6,coke_v_med,0.8127607703208923,825,206,875,375,850,290
frame_133,Rack_2,33,2,anw_med,0.9523085355758667,772,211,821,377,796,294
frame_133,Rack_2,11,2,anw_med,0.9679555892944336,720,209,768,378,744,293
frame_133,Rack_2,20,2,anw_med,0.9584378004074097,669,211,717,377,693,294
frame_133,Rack_2,3,2,anw_med,0.971905529499054,620,212,666,377,643,294
frame_133,Rack_2,9,2,anw_med,0.9482974410057068,571,214,617,375,594,294
frame_133,Rack_2,2,2,anw_med,0.9781186580657959,519,212,567,374,543,293
frame_133,Rack_2,50,15,pepsi_med,0.9126324653625488,476,217,515,373,495,295
frame_133,Rack_2,7,15,pepsi_med,0.9616198539733887,429,217,474,374,451,295
frame_133,Rack_2,10,15,pepsi_med,0.9745733737945557,379,217,424,375,401,296
frame_133,Rack_2,5,15,pepsi_med,0.9639225006103516,338,216,377,375,357,295
frame_133,Rack_2,8,15,pepsi_med,0.9692723155021667,287,216,335,375,311,295
frame_133,Rack_2,17,15,pepsi_med,0.8766348958015442,245,217,285,375,265,296
frame_133,Rack_2,4,13,kick_med,0.9111084342002869,196,218,242,380,219,299
frame_133,Rack_2,44,13,kick_med,0.9540817141532898,153,221,194,381,173,301
frame_133,Rack_2,22,13,kick_med,0.9708065390586853,104,222,152,382,128,302
frame_133,Rack_2,26,13,kick_med,0.9470754265785217,59,222,104,382,81,302
frame_133,Rack_2,79,13,kick_med,0.926773190498352,28,221,57,382,42,301
frame_133,Rack_2,71,13,kick_med,0.9434255361557007,3,218,21,383,12,300
frame_134,Rack_2,15,3,coke_med,0.6448556780815125,1214,215,1264,374,1239,294
frame_134,Rack_2,39,3,coke_med,0.8523023128509521,1154,213,1217,373,1185,293
frame_134,Rack_2,13,3,coke_med,0.8823159337043762,1103,215,1147,372,1125,293
frame_134,Rack_2,40,3,coke_med,0.8925861120223999,1048,214,1098,373,1073,293
frame_134,Rack_2,1,3,coke_med,0.8223442435264587,994,212,1043,374,1018,293
frame_134,Rack_2,57,6,coke_v_med,0.8684381246566772,940,219,989,374,964,296
frame_134,Rack_2,19,6,coke_v_med,0.96490478515625,881,204,934,374,907,289
frame_134,Rack_2,29,6,coke_v_med,0.9023905396461487,827,209,878,375,852,292
frame_134,Rack_2,33,2,anw_med,0.9369507431983948,773,209,823,377,798,293
frame_134,Rack_2,11,2,anw_med,0.9607293009757996,721,208,770,378,745,293
frame_134,Rack_2,20,2,anw_med,0.9553870558738708,671,210,719,377,695,293
frame_134,Rack_2,3,2,anw_med,0.9736601710319519,622,211,668,378,645,294
frame_134,Rack_2,9,2,anw_med,0.9427381753921509,572,212,619,376,595,294
frame_134,Rack_2,2,2,anw_med,0.9824846386909485,521,212,569,374,545,293
frame_134,Rack_2,50,15,pepsi_med,0.901971161365509,478,217,517,373,497,295
frame_134,Rack_2,7,15,pepsi_med,0.9575165510177612,431,217,475,374,453,295
frame_134,Rack_2,10,15,pepsi_med,0.9660693407058716,380,216,426,375,403,295
frame_134,Rack_2,5,15,pepsi_med,0.9420309066772461,340,216,378,375,359,295
frame_134,Rack_2,8,15,pepsi_med,0.9727925658226013,289,217,336,375,312,296
frame_134,Rack_2,17,15,pepsi_med,0.8771322965621948,246,218,286,375,266,296
frame_134,Rack_2,4,13,kick_med,0.9301573038101196,198,218,244,380,221,299
frame_134,Rack_2,44,13,kick_med,0.9622364640235901,155,221,195,381,175,301
frame_134,Rack_2,22,13,kick_med,0.977342426776886,106,222,153,382,129,302
frame_134,Rack_2,26,13,kick_med,0.9356708526611328,61,222,106,382,83,302
frame_134,Rack_2,79,13,kick_med,0.9224939942359924,29,220,58,382,43,301
frame_134,Rack_2,71,13,kick_med,0.9110994935035706,2,218,21,383,11,300
frame_135,Rack_2,15,3,coke_med,0.696483314037323,1216,214,1265,373,1240,293
frame_135,Rack_2,39,3,coke_med,0.841188371181488,1156,214,1219,372,1187,293
frame_135,Rack_2,13,3,coke_med,0.8839196562767029,1105,214,1150,372,1127,293
frame_135,Rack_2,40,3,coke_med,0.9095908403396606,1049,209,1101,373,1075,291
frame_135,Rack_2,1,3,coke_med,0.8316903114318848,996,212,1045,374,1020,293
frame_135,Rack_2,57,6,coke_v_med,0.7993712425231934,941,215,991,374,966,294
frame_135,Rack_2,19,6,coke_v_med,0.95867919921875,884,206,935,374,909,290
frame_135,Rack_2,29,6,coke_v_med,0.8914198279380798,829,208,880,375,854,291
frame_135,Rack_2,33,2,anw_med,0.9298813939094543,775,209,825,377,800,293
frame_135,Rack_2,11,2,anw_med,0.9565972685813904,723,207,772,377,747,292
frame_135,Rack_2,20,2,anw_med,0.952397882938385,672,209,721,378,696,293
frame_135,Rack_2,3,2,anw_med,0.9740643501281738,623,210,670,378,646,294
frame_135,Rack_2,9,2,anw_med,0.9529078602790833,574,210,621,376,597,293
frame_135,Rack_2,2,2,anw_med,0.9744327664375305,522,212,571,374,546,293
frame_135,Rack_2,50,15,pepsi_med,0.888972282409668,480,219,518,373,499,296
frame_135,Rack_2,7,15,pepsi_med,0.9446201920509338,432,217,477,374,454,295
frame_135,Rack_2,10,15,pepsi_med,0.9695055484771729,382,216,428,375,405,295
frame_135,Rack_2,5,15,pepsi_med,0.9314107298851013,341,216,379,374,360,295
frame_135,Rack_2,8,15,pepsi_med,0.9721505045890808,290,217,337,375,313,296
frame_135,Rack_2,17,15,pepsi_med,0.9287686944007874,247,218,287,375,267,296
frame_135,Rack_2,4,13,kick_med,0.9626897573471069,199,218,245,380,222,299
frame_135,Rack_2,44,13,kick_med,0.9599224925041199,156,221,197,381,176,301
frame_135,Rack_2,22,13,kick_med,0.9729558229446411,107,222,155,382,131,302
frame_135,Rack_2,26,13,kick_med,0.9295332431793213,63,222,107,381,85,301
frame_135,Rack_2,79,13,kick_med,0.9107652902603149,29,221,59,382,44,301
frame_135,Rack_2,71,13,kick_med,0.8961847424507141,2,220,21,382,11,301
frame_136,Rack_2,15,3,coke_med,0.654200553894043,1218,207,1267,371,1242,289
frame_136,Rack_2,39,3,coke_med,0.8779146671295166,1160,214,1222,371,1191,292
frame_136,Rack_2,13,3,coke_med,0.8983173966407776,1107,215,1151,371,1129,293
frame_136,Rack_2,40,3,coke_med,0.9038953185081482,1052,213,1103,372,1077,292
frame_136,Rack_2,1,3,coke_med,0.8911005854606628,999,214,1046,373,1022,293
frame_136,Rack_2,57,6,coke_v_med,0.7989217638969421,943,217,993,374,968,295
frame_136,Rack_2,19,6,coke_v_med,0.9502795338630676,886,213,936,373,911,293
frame_136,Rack_2,29,6,coke_v_med,0.8546075224876404,831,212,881,375,856,293
frame_136,Rack_2,33,2,anw_med,0.9517266154289246,776,210,826,376,801,293
frame_136,Rack_2,11,2,anw_med,0.954481303691864,725,209,773,377,749,293
frame_136,Rack_2,20,2,anw_med,0.9426315426826477,674,211,722,378,698,294
frame_136,Rack_2,3,2,anw_med,0.9712370038032532,625,211,671,378,648,294
frame_136,Rack_2,9,2,anw_med,0.9645280241966248,575,211,623,376,599,293
frame_136,Rack_2,2,2,anw_med,0.9603084325790405,523,213,572,375,547,294
frame_136,Rack_2,50,15,pepsi_med,0.9162490367889404,481,220,520,372,500,296
frame_136,Rack_2,7,15,pepsi_med,0.9355403780937195,433,216,478,374,455,295
frame_136,Rack_2,10,15,pepsi_med,0.973686695098877,383,216,429,374,406,295
frame_136,Rack_2,5,15,pepsi_med,0.9331418871879578,343,216,381,373,362,294
frame_136,Rack_2,8,15,pepsi_med,0.9681246876716614,291,218,338,374,314,296
frame_136,Rack_2,17,15,pepsi_med,0.9475775957107544,248,217,288,374,268,295
frame_136,Rack_2,4,13,kick_med,0.9755860567092896,200,219,246,380,223,299
frame_136,Rack_2,44,13,kick_med,0.9497386813163757,158,221,198,381,178,301
frame_136,Rack_2,22,13,kick_med,0.9278354644775391,109,222,156,381,132,301
frame_136,Rack_2,26,13,kick_med,0.9162993431091309,65,222,109,381,87,301
frame_136,Rack_2,79,13,kick_med,0.930153489112854,29,222,60,382,44,302
frame_136,Rack_2,71,13,kick_med,0.8888416886329651,1,221,20,382,10,301
frame_137,Rack_2,15,3,coke_med,0.8450809121131897,1220,197,1272,372,1246,284
frame_137,Rack_2,39,3,coke_med,0.8845310211181641,1161,214,1224,372,1192,293
frame_137,Rack_2,13,3,coke_med,0.8675011992454529,1109,216,1153,371,1131,293
frame_137,Rack_2,40,3,coke_med,0.8659360408782959,1053,214,1104,372,1078,293
frame_137,Rack_2,1,3,coke_med,0.908667266368866,1001,215,1049,373,1025,294
frame_137,Rack_2,57,6,coke_v_med,0.8882002234458923,944,217,995,374,969,295
frame_137,Rack_2,19,6,coke_v_med,0.9478520154953003,888,215,938,374,913,294
frame_137,Rack_2,29,6,coke_v_med,0.777263879776001,832,215,882,375,857,295
frame_137,Rack_2,33,2,anw_med,0.9424241781234741,778,210,828,377,803,293
frame_137,Rack_2,11,2,anw_med,0.96300208568573,727,209,775,377,751,293
frame_137,Rack_2,20,2,anw_med,0.9593206644058228,675,211,724,378,699,294
frame_137,Rack_2,3,2,anw_med,0.9701686501502991,626,213,672,377,649,295
frame_137,Rack_2,9,2,anw_med,0.9658790230751038,577,213,624,376,600,294
frame_137,Rack_2,2,2,anw_med,0.9444364309310913,524,213,574,375,549,294
frame_137,Rack_2,50,15,pepsi_med,0.9187280535697937,482,220,521,373,501,296
frame_137,Rack_2,7,15,pepsi_med,0.9426047205924988,434,216,480,374,457,295
frame_137,Rack_2,10,15,pepsi_med,0.9688530564308167,385,216,431,375,408,295
frame_137,Rack_2,5,15,pepsi_med,0.9515293836593628,343,216,382,374,362,295
frame_137,Rack_2,8,15,pepsi_med,0.9547585844993591,292,218,339,375,315,296
frame_137,Rack_2,17,15,pepsi_med,0.9591989517211914,250,217,290,375,270,296
frame_137,Rack_2,4,13,kick_med,0.9814367890357971,202,219,248,380,225,299
frame_137,Rack_2,44,13,kick_med,0.9383774399757385,159,222,200,381,179,301
frame_137,Rack_2,22,13,kick_med,0.9164586067199707,110,222,158,381,134,301
frame_137,Rack_2,26,13,kick_med,0.8984944224357605,66,223,110,382,88,302
frame_137,Rack_2,79,13,kick_med,0.9024387001991272,27,223,59,382,43,302
frame_137,Rack_2,71,13,kick_med,0.8950464725494385,0,219,18,383,9,301
frame_138,Rack_2,15,3,coke_med,0.8819938898086548,1223,202,1272,372,1247,287
frame_138,Rack_2,39,3,coke_med,0.9120646715164185,1163,215,1226,372,1194,293
frame_138,Rack_2,13,3,coke_med,0.893428385257721,1110,216,1155,371,1132,293
frame_138,Rack_2,40,3,coke_med,0.8547791838645935,1055,215,1106,373,1080,294
frame_138,Rack_2,1,3,coke_med,0.9213916063308716,1002,215,1051,373,1026,294
frame_138,Rack_2,57,6,coke_v_med,0.8832137584686279,946,217,997,374,971,295
frame_138,Rack_2,19,6,coke_v_med,0.9560058116912842,889,216,940,374,914,295
frame_138,Rack_2,29,6,coke_v_med,0.8319532871246338,833,216,884,375,858,295
frame_138,Rack_2,33,2,anw_med,0.9463014006614685,779,208,830,376,804,292
frame_138,Rack_2,11,2,anw_med,0.9609532952308655,728,209,777,377,752,293
frame_138,Rack_2,20,2,anw_med,0.9620344042778015,677,211,726,378,701,294
frame_138,Rack_2,3,2,anw_med,0.9677469730377197,627,211,674,377,650,294
frame_138,Rack_2,9,2,anw_med,0.970048725605011,578,213,625,375,601,294
frame_138,Rack_2,2,2,anw_med,0.9286453127861023,525,213,575,375,550,294
frame_138,Rack_2,50,15,pepsi_med,0.9126323461532593,483,219,522,374,502,296
frame_138,Rack_2,7,15,pepsi_med,0.949785053730011,435,216,481,375,458,295
frame_138,Rack_2,10,15,pepsi_med,0.9698309302330017,386,216,432,375,409,295
frame_138,Rack_2,5,15,pepsi_med,0.9729252457618713,344,216,383,375,363,295
frame_138,Rack_2,8,15,pepsi_med,0.9640117883682251,293,218,341,375,317,296
frame_138,Rack_2,17,15,pepsi_med,0.9713020920753479,251,217,291,376,271,296
frame_138,Rack_2,4,13,kick_med,0.987119197845459,203,220,249,381,226,300
frame_138,Rack_2,44,13,kick_med,0.9172446727752686,160,222,201,382,180,302
frame_138,Rack_2,22,13,kick_med,0.9254453778266907,111,222,159,381,135,301
frame_138,Rack_2,26,13,kick_med,0.9211068153381348,67,223,111,382,89,302
frame_138,Rack_2,79,13,kick_med,0.910956859588623,27,224,60,382,43,303
frame_138,Rack_2,71,13,kick_med,0.8576554656028748,0,217,16,383,8,300
frame_139,Rack_2,15,3,coke_med,0.8600962162017822,1227,206,1274,371,1250,288
frame_139,Rack_2,39,3,coke_med,0.9310299754142761,1164,213,1229,373,1196,293
frame_139,Rack_2,13,3,coke_med,0.93388831615448,1112,216,1157,371,1134,293
frame_139,Rack_2,40,3,coke_med,0.86259526014328,1056,216,1107,373,1081,294
frame_139,Rack_2,1,3,coke_med,0.9057621955871582,1004,216,1052,373,1028,294
frame_139,Rack_2,57,6,coke_v_med,0.875341534614563,947,217,998,374,972,295
frame_139,Rack_2,19,6,coke_v_med,0.9579325914382935,891,217,942,374,916,295
frame_139,Rack_2,29,6,coke_v_med,0.8673052787780762,834,216,885,375,859,295
frame_139,Rack_2,33,2,anw_med,0.9428340792655945,780,206,831,376,805,291
frame_139,Rack_2,11,2,anw_med,0.9634974598884583,729,210,778,377,753,293
frame_139,Rack_2,20,2,anw_med,0.9625152349472046,678,211,727,378,702,294
frame_139,Rack_2,3,2,anw_med,0.9676308035850525,628,211,675,377,651,294
frame_139,Rack_2,9,2,anw_med,0.9659556150436401,579,213,627,375,603,294
frame_139,Rack_2,2,2,anw_med,0.8967742919921875,527,212,576,375,551,293
frame_139,Rack_2,50,15,pepsi_med,0.9235453009605408,484,218,523,374,503,296
frame_139,Rack_2,7,15,pepsi_med,0.9484174251556396,436,215,482,376,459,295
frame_139,Rack_2,10,15,pepsi_med,0.9629710912704468,387,216,433,376,410,296
frame_139,Rack_2,5,15,pepsi_med,0.9815675616264343,345,215,385,376,365,295
frame_139,Rack_2,8,15,pepsi_med,0.9663836359977722,295,218,342,375,318,296
frame_139,Rack_2,17,15,pepsi_med,0.975937008857727,252,217,292,376,272,296
frame_139,Rack_2,4,13,kick_med,0.9799929261207581,203,221,250,381,226,301
frame_139,Rack_2,44,13,kick_med,0.8631892800331116,161,221,202,382,181,301
frame_139,Rack_2,22,13,kick_med,0.9055861830711365,113,222,160,381,136,301
frame_139,Rack_2,26,13,kick_med,0.9388659000396729,68,224,112,382,90,303
frame_139,Rack_2,79,13,kick_med,0.9258460998535156,29,225,62,382,45,303
frame_139,Rack_2,71,13,kick_med,0.8184031248092651,0,216,15,383,7,299
frame_140,Rack_2,15,3,coke_med,0.7441651821136475,1229,209,1274,371,1251,290
frame_140,Rack_2,39,3,coke_med,0.9174150824546814,1166,213,1231,372,1198,292
frame_140,Rack_2,13,3,coke_med,0.9467712044715881,1112,212,1159,372,1135,292
frame_140,Rack_2,40,3,coke_med,0.8916013240814209,1056,209,1110,373,1083,291
frame_140,Rack_2,1,3,coke_med,0.8988131880760193,1005,213,1054,373,1029,293
frame_140,Rack_2,57,6,coke_v_med,0.8821054697036743,947,207,1001,374,974,290
frame_140,Rack_2,19,6,coke_v_med,0.971472442150116,891,210,945,374,918,292
frame_140,Rack_2,29,6,coke_v_med,0.827901303768158,835,211,888,375,861,293
frame_140,Rack_2,33,2,anw_med,0.964802086353302,781,200,834,376,807,288
frame_140,Rack_2,11,2,anw_med,0.9680516719818115,730,208,780,377,755,292
frame_140,Rack_2,20,2,anw_med,0.9613337516784668,679,210,729,378,704,294
frame_140,Rack_2,3,2,anw_med,0.9741098284721375,629,210,676,378,652,294
frame_140,Rack_2,9,2,anw_med,0.973360002040863,580,211,628,376,604,293
frame_140,Rack_2,2,2,anw_med,0.9113616943359375,528,211,579,376,553,293
frame_140,Rack_2,50,15,pepsi_med,0.9302192330360413,485,218,525,374,505,296
frame_140,Rack_2,7,15,pepsi_med,0.9544034600257874,437,215,483,376,460,295
frame_140,Rack_2,10,15,pepsi_med,0.9574398994445801,388,215,434,376,411,295
frame_140,Rack_2,5,15,pepsi_med,0.9809432625770569,347,215,386,376,366,295
frame_140,Rack_2,8,15,pepsi_med,0.9412854313850403,296,219,343,375,319,297
frame_140,Rack_2,17,15,pepsi_med,0.9634952545166016,253,218,294,376,273,297
frame_140,Rack_2,4,13,kick_med,0.9794488549232483,204,221,251,381,227,301
frame_140,Rack_2,44,13,kick_med,0.8154975175857544,162,220,203,381,182,300
frame_140,Rack_2,22,13,kick_med,0.8966357111930847,114,221,162,382,138,301
frame_140,Rack_2,26,13,kick_med,0.954500675201416,70,224,113,382,91,303
frame_140,Rack_2,79,13,kick_med,0.9126838445663452,29,225,63,382,46,303
frame_140,Rack_2,71,13,kick_med,0.8627810478210449,0,216,15,384,7,300
frame_141,Rack_2,39,3,coke_med,0.9317072033882141,1162,187,1237,372,1199,279
frame_141,Rack_2,13,3,coke_med,0.9439039826393127,1114,209,1161,372,1137,290
frame_141,Rack_2,40,3,coke_med,0.8967403769493103,1058,209,1111,373,1084,291
frame_141,Rack_2,1,3,coke_med,0.919849693775177,1006,213,1055,373,1030,293
frame_141,Rack_2,57,6,coke_v_med,0.8636161684989929,948,207,1003,374,975,290
frame_141,Rack_2,19,6,coke_v_med,0.9729569554328918,892,206,946,374,919,290
frame_141,Rack_2,29,6,coke_v_med,0.7556924819946289,835,211,889,375,862,293
frame_141,Rack_2,33,2,anw_med,0.9554345011711121,782,197,835,376,808,286
frame_141,Rack_2,11,2,anw_med,0.9589214324951172,731,207,781,378,756,292
frame_141,Rack_2,20,2,anw_med,0.9645901918411255,680,209,730,378,705,293
frame_141,Rack_2,3,2,anw_med,0.9728455543518066,630,208,678,378,654,293
frame_141,Rack_2,9,2,anw_med,0.9799790382385254,581,210,630,377,605,293
frame_141,Rack_2,2,2,anw_med,0.934050440788269,529,210,580,376,554,293
frame_141,Rack_2,50,15,pepsi_med,0.9170223474502563,487,220,526,374,506,297
frame_141,Rack_2,7,15,pepsi_med,0.9592504501342773,438,218,484,375,461,296
frame_141,Rack_2,10,15,pepsi_med,0.9535773992538452,389,216,435,377,412,296
frame_141,Rack_2,5,15,pepsi_med,0.9799307584762573,348,217,387,376,367,296
frame_141,Rack_2,8,15,pepsi_med,0.9253441095352173,297,220,344,375,320,297
frame_141,Rack_2,17,15,pepsi_med,0.9560471177101135,254,219,294,376,274,297
frame_141,Rack_2,4,13,kick_med,0.981401264667511,205,221,251,381,228,301
frame_141,Rack_2,44,13,kick_med,0.8439198732376099,163,222,204,382,183,302
frame_141,Rack_2,22,13,kick_med,0.9216533899307251,115,221,163,382,139,301
frame_141,Rack_2,26,13,kick_med,0.9462500810623169,71,224,114,382,92,303
frame_141,Rack_2,79,13,kick_med,0.8513211607933044,30,224,66,382,48,303
frame_141,Rack_2,71,13,kick_med,0.9235706329345703,0,218,17,384,8,301
frame_142,Rack_2,15,3,coke_med,0.6901609301567078,1226,160,1280,372,1253,266
frame_142,Rack_2,39,3,coke_med,0.8840025663375854,1166,202,1235,372,1200,287
frame_142,Rack_2,13,3,coke_med,0.8933767080307007,1115,211,1162,371,1138,291
frame_142,Rack_2,40,3,coke_med,0.8910844326019287,1060,210,1113,373,1086,291
frame_142,Rack_2,1,3,coke_med,0.9348163604736328,1008,212,1057,372,1032,292
frame_142,Rack_2,57,6,coke_v_med,0.8510041236877441,950,212,1004,374,977,293
frame_142,Rack_2,19,6,coke_v_med,0.9633243083953857,893,206,948,374,920,290
frame_142,Rack_2,29,6,coke_v_med,0.781268835067749,836,208,890,375,863,291
frame_142,Rack_2,33,2,anw_med,0.9471827149391174,783,197,836,376,809,286
frame_142,Rack_2,11,2,anw_med,0.9679476618766785,732,207,782,378,757,292
frame_142,Rack_2,20,2,anw_med,0.9601322412490845,681,209,730,378,705,293
frame_142,Rack_2,3,2,anw_med,0.9695586562156677,631,209,678,377,654,293
frame_142,Rack_2,9,2,anw_med,0.9770897030830383,582,210,631,376,606,293
frame_142,Rack_2,2,2,anw_med,0.9388236403465271,530,211,581,374,555,292
frame_142,Rack_2,50,15,pepsi_med,0.932931125164032,488,219,527,373,507,296
frame_142,Rack_2,7,15,pepsi_med,0.9635785222053528,439,217,485,374,462,295
frame_142,Rack_2,10,15,pepsi_med,0.9558259844779968,390,216,437,377,413,296
frame_142,Rack_2,5,15,pepsi_med,0.9845937490463257,349,217,388,376,368,296
frame_142,Rack_2,8,15,pepsi_med,0.9370894432067871,297,220,345,375,321,297
frame_142,Rack_2,17,15,pepsi_med,0.9368535280227661,255,219,295,376,275,297
frame_142,Rack_2,4,13,kick_med,0.9803338646888733,206,221,252,381,229,301
frame_142,Rack_2,44,13,kick_med,0.8816494345664978,165,222,205,382,185,302
frame_142,Rack_2,22,13,kick_med,0.92890864610672,116,222,163,382,139,302
frame_142,Rack_2,26,13,kick_med,0.9558758735656738,71,224,115,382,93,303
frame_142,Rack_2,79,13,kick_med,0.8471831679344177,31,225,67,383,49,304
frame_142,Rack_2,71,13,kick_med,0.9032526612281799,0,218,16,384,8,301
frame_143,Rack_2,15,3,coke_med,0.6730441451072693,1228,159,1280,372,1254,265
frame_143,Rack_2,39,3,coke_med,0.9187229871749878,1169,210,1235,372,1202,291
frame_143,Rack_2,13,3,coke_med,0.8485802412033081,1117,214,1163,371,1140,292
frame_143,Rack_2,40,3,coke_med,0.8758655190467834,1061,213,1114,373,1087,293
frame_143,Rack_2,1,3,coke_med,0.9371275305747986,1008,211,1058,373,1033,292
frame_143,Rack_2,57,6,coke_v_med,0.862383246421814,951,209,1005,375,978,292
frame_143,Rack_2,19,6,coke_v_med,0.9729883074760437,893,198,950,375,921,286
frame_143,Rack_2,29,6,coke_v_med,0.5636265873908997,836,203,892,375,864,289
frame_143,Rack_2,33,2,anw_med,0.951851487159729,784,195,838,376,811,285
frame_143,Rack_2,11,2,anw_med,0.9673985838890076,733,207,783,378,758,292
frame_143,Rack_2,20,2,anw_med,0.9504362940788269,681,209,731,377,706,293
frame_143,Rack_2,3,2,anw_med,0.9711878895759583,632,209,679,377,655,293
frame_143,Rack_2,9,2,anw_med,0.9717792272567749,582,209,631,376,606,292
frame_143,Rack_2,2,2,anw_med,0.9549670219421387,531,210,581,374,556,292
frame_143,Rack_2,50,15,pepsi_med,0.9352592825889587,489,220,528,374,508,297
frame_143,Rack_2,7,15,pepsi_med,0.9626762866973877,440,217,486,375,463,296
frame_143,Rack_2,10,15,pepsi_med,0.9714651107788086,391,217,437,377,414,297
frame_143,Rack_2,5,15,pepsi_med,0.9866718649864197,349,218,389,376,369,297
frame_143,Rack_2,8,15,pepsi_med,0.9287304282188416,298,221,345,376,321,298
frame_143,Rack_2,17,15,pepsi_med,0.909874677658081,256,219,296,376,276,297
frame_143,Rack_2,4,13,kick_med,0.9693253040313721,206,221,253,382,229,301
frame_143,Rack_2,44,13,kick_med,0.8862605094909668,165,223,206,382,185,302
frame_143,Rack_2,22,13,kick_med,0.924209713935852,116,223,164,383,140,303
frame_143,Rack_2,26,13,kick_med,0.9605863094329834,72,225,115,382,93,303
frame_143,Rack_2,79,13,kick_med,0.8359946608543396,32,225,68,383,50,304
frame_143,Rack_2,71,13,kick_med,0.8446722030639648,0,219,15,385,7,302
frame_144,Rack_2,15,3,coke_med,0.7246145606040955,1232,177,1279,374,1255,275
frame_144,Rack_2,39,3,coke_med,0.8827407956123352,1170,213,1236,373,1203,293
frame_144,Rack_2,13,3,coke_med,0.8060596585273743,1118,215,1164,372,1141,293
frame_144,Rack_2,40,3,coke_med,0.8555708527565002,1062,214,1115,374,1088,294
frame_144,Rack_2,1,3,coke_med,0.9361875057220459,1009,210,1059,374,1034,292
frame_144,Rack_2,57,6,coke_v_med,0.8654810190200806,952,211,1006,375,979,293
frame_144,Rack_2,19,6,coke_v_med,0.9685240983963013,894,197,951,376,922,286
frame_144,Rack_2,29,6,coke_v_med,0.661397397518158,837,201,894,376,865,288
frame_144,Rack_2,33,2,anw_med,0.9442777037620544,785,196,839,378,812,287
frame_144,Rack_2,11,2,anw_med,0.9711034297943115,734,208,785,379,759,293
frame_144,Rack_2,20,2,anw_med,0.9326305389404297,682,209,733,378,707,293
frame_144,Rack_2,3,2,anw_med,0.9753254055976868,633,210,680,379,656,294
frame_144,Rack_2,9,2,anw_med,0.9676859378814697,583,209,632,378,607,293
frame_144,Rack_2,2,2,anw_med,0.9731752276420593,531,210,582,377,556,293
frame_144,Rack_2,50,15,pepsi_med,0.9474202990531921,489,219,530,376,509,297
frame_144,Rack_2,7,15,pepsi_med,0.9691987633705139,441,217,487,377,464,297
frame_144,Rack_2,10,15,pepsi_med,0.9792252779006958,392,217,438,378,415,297
frame_144,Rack_2,5,15,pepsi_med,0.9871167540550232,350,219,389,377,369,298
frame_144,Rack_2,8,15,pepsi_med,0.918922483921051,298,221,346,378,322,299
frame_144,Rack_2,17,15,pepsi_med,0.8770194053649902,256,219,297,377,276,298
frame_144,Rack_2,4,13,kick_med,0.9517448544502258,207,221,254,382,230,301
frame_144,Rack_2,44,13,kick_med,0.8877826929092407,166,223,206,383,186,303
frame_144,Rack_2,22,13,kick_med,0.910055935382843,117,224,164,383,140,303
frame_144,Rack_2,26,13,kick_med,0.9500671029090881,72,225,116,383,94,304
frame_144,Rack_2,79,13,kick_med,0.8677195906639099,35,226,71,383,53,304
frame_144,Rack_2,71,13,kick_med,0.7187972068786621,0,221,14,385,7,303
frame_145,Rack_2,15,3,coke_med,0.6736080646514893,1235,193,1278,376,1256,284
frame_145,Rack_2,39,3,coke_med,0.8435173630714417,1171,215,1237,374,1204,294
frame_145,Rack_2,13,3,coke_med,0.7656732797622681,1119,215,1166,374,1142,294
frame_145,Rack_2,40,3,coke_med,0.8770128488540649,1062,211,1117,375,1089,293
frame_145,Rack_2,1,3,coke_med,0.9362555146217346,1008,207,1060,377,1034,292
frame_145,Rack_2,57,6,coke_v_med,0.8754162788391113,950,197,1009,377,979,287
frame_145,Rack_2,19,6,coke_v_med,0.9609693288803101,894,193,953,378,923,285
frame_145,Rack_2,29,6,coke_v_med,0.7307115197181702,837,200,895,378,866,289
frame_145,Rack_2,33,2,anw_med,0.931088387966156,786,204,839,380,812,292
frame_145,Rack_2,11,2,anw_med,0.9678040146827698,735,208,786,381,760,294
frame_145,Rack_2,20,2,anw_med,0.918583869934082,683,210,734,381,708,295
frame_145,Rack_2,3,2,anw_med,0.9785079956054688,634,211,681,381,657,296
frame_145,Rack_2,9,2,anw_med,0.9565097689628601,583,210,633,381,608,295
frame_145,Rack_2,2,2,anw_med,0.973831295967102,532,211,584,380,558,295
frame_145,Rack_2,50,15,pepsi_med,0.9504650831222534,490,218,531,378,510,298
frame_145,Rack_2,7,15,pepsi_med,0.9738568067550659,441,217,488,379,464,298
frame_145,Rack_2,10,15,pepsi_med,0.974506676197052,392,218,439,380,415,299
frame_145,Rack_2,5,15,pepsi_med,0.9709269404411316,350,220,390,380,370,300
frame_145,Rack_2,8,15,pepsi_med,0.9002427458763123,299,221,347,381,323,301
frame_145,Rack_2,17,15,pepsi_med,0.8464739918708801,257,220,298,380,277,300
frame_145,Rack_2,4,13,kick_med,0.950897216796875,208,222,255,383,231,302
frame_145,Rack_2,44,13,kick_med,0.8954876661300659,166,224,207,383,186,303
frame_145,Rack_2,22,13,kick_med,0.9106339812278748,117,225,165,383,141,304
frame_145,Rack_2,26,13,kick_med,0.9501725435256958,73,225,116,383,94,304
frame_145,Rack_2,79,13,kick_med,0.8681696057319641,36,226,72,383,54,304
frame_145,Rack_2,71,13,kick_med,0.7794594168663025,0,221,13,385,6,303
frame_146,Rack_2,15,3,coke_med,0.653797447681427,1233,174,1279,376,1256,275
frame_146,Rack_2,39,3,coke_med,0.8050971031188965,1167,189,1243,375,1205,282
frame_146,Rack_2,13,3,coke_med,0.669651210308075,1116,190,1170,375,1143,282
frame_146,Rack_2,40,3,coke_med,0.8342503905296326,1060,187,1122,377,1091,282
frame_146,Rack_2,1,3,coke_med,0.9041567444801331,1007,187,1064,378,1035,282
frame_146,Rack_2,57,6,coke_v_med,0.8670439124107361,950,186,1011,378,980,282
frame_146,Rack_2,19,6,coke_v_med,0.9439454078674316,894,186,955,378,924,282
frame_146,Rack_2,29,6,coke_v_med,0.7560591697692871,837,192,897,380,867,286
frame_146,Rack_2,33,2,anw_med,0.9133256077766418,788,211,839,381,813,296
frame_146,Rack_2,11,2,anw_med,0.9442362189292908,737,211,787,382,762,296
frame_146,Rack_2,20,2,anw_med,0.8937404155731201,684,213,734,382,709,297
frame_146,Rack_2,3,2,anw_med,0.9776318073272705,635,214,682,382,658,298
frame_146,Rack_2,9,2,anw_med,0.9478539824485779,584,212,634,382,609,297
frame_146,Rack_2,2,2,anw_med,0.974416196346283,533,216,584,381,558,298
frame_146,Rack_2,50,15,pepsi_med,0.947152316570282,490,220,532,379,511,299
frame_146,Rack_2,7,15,pepsi_med,0.9740840196609497,442,219,489,380,465,299
frame_146,Rack_2,10,15,pepsi_med,0.9752926230430603,392,219,439,381,415,300
frame_146,Rack_2,5,15,pepsi_med,0.9592394828796387,351,220,391,381,371,300
frame_146,Rack_2,8,15,pepsi_med,0.8956345319747925,299,221,348,382,323,301
frame_146,Rack_2,17,15,pepsi_med,0.8388847708702087,257,220,298,381,277,300
frame_146,Rack_2,4,13,kick_med,0.947356104850769,209,222,256,384,232,303
frame_146,Rack_2,44,13,kick_med,0.9137986898422241,167,224,207,384,187,304
frame_146,Rack_2,22,13,kick_med,0.9175941348075867,118,225,166,384,142,304
frame_146,Rack_2,26,13,kick_med,0.9261544942855835,73,225,117,384,95,304
frame_146,Rack_2,79,13,kick_med,0.8258277773857117,36,226,72,384,54,305
frame_146,Rack_2,71,13,kick_med,0.8014352917671204,0,221,14,385,7,303
frame_147,Rack_2,15,3,coke_med,0.673058032989502,1233,169,1280,376,1256,272
frame_147,Rack_2,39,3,coke_med,0.7866488695144653,1169,188,1245,375,1207,281
frame_147,Rack_2,13,3,coke_med,0.7736924290657043,1117,180,1172,376,1144,278
frame_147,Rack_2,40,3,coke_med,0.8262859582901001,1060,178,1124,377,1092,277
frame_147,Rack_2,1,3,coke_med,0.908340573310852,1007,179,1066,379,1036,279
frame_147,Rack_2,57,6,coke_v_med,0.8788968324661255,950,181,1013,378,981,279
frame_147,Rack_2,19,6,coke_v_med,0.9353972673416138,895,182,957,379,926,280
frame_147,Rack_2,29,6,coke_v_med,0.7034363150596619,838,188,899,380,868,284
frame_147,Rack_2,33,2,anw_med,0.9080026745796204,789,211,840,382,814,296
frame_147,Rack_2,11,2,anw_med,0.9514563083648682,738,211,788,382,763,296
frame_147,Rack_2,20,2,anw_med,0.8867225646972656,685,214,735,382,710,298
frame_147,Rack_2,3,2,anw_med,0.9719582200050354,636,215,683,382,659,298
frame_147,Rack_2,9,2,anw_med,0.9342540502548218,586,213,635,383,610,298
frame_147,Rack_2,2,2,anw_med,0.9767757654190063,535,217,585,382,560,299
frame_147,Rack_2,50,15,pepsi_med,0.9300628304481506,491,220,532,380,511,300
frame_147,Rack_2,7,15,pepsi_med,0.9751855134963989,442,219,489,381,465,300
frame_147,Rack_2,10,15,pepsi_med,0.9745755195617676,393,220,440,382,416,301
frame_147,Rack_2,5,15,pepsi_med,0.9516429305076599,351,220,392,382,371,301
frame_147,Rack_2,8,15,pepsi_med,0.8986068367958069,300,221,349,382,324,301
frame_147,Rack_2,17,15,pepsi_med,0.8547523617744446,258,220,299,382,278,301
frame_147,Rack_2,4,13,kick_med,0.9408181309700012,209,222,257,384,233,303
frame_147,Rack_2,44,13,kick_med,0.9298107028007507,167,224,208,384,187,304
frame_147,Rack_2,22,13,kick_med,0.9357494115829468,119,225,167,384,143,304
frame_147,Rack_2,26,13,kick_med,0.9296223521232605,74,225,118,384,96,304
frame_147,Rack_2,79,13,kick_med,0.8524678945541382,37,226,73,384,55,305
frame_147,Rack_2,71,13,kick_med,0.8028887510299683,0,220,14,386,7,303
frame_148,Rack_2,15,3,coke_med,0.5153167247772217,1235,162,1280,377,1257,269
frame_148,Rack_2,39,3,coke_med,0.7470027804374695,1171,194,1245,376,1208,285
frame_148,Rack_2,13,3,coke_med,0.7183654308319092,1118,177,1174,376,1146,276
frame_148,Rack_2,40,3,coke_med,0.764054536819458,1061,175,1125,377,1093,276
frame_148,Rack_2,1,3,coke_med,0.8770015835762024,1009,182,1067,379,1038,280
frame_148,Rack_2,57,6,coke_v_med,0.8213014006614685,953,186,1013,378,983,282
frame_148,Rack_2,19,6,coke_v_med,0.9161872863769531,899,195,956,379,927,287
frame_148,Rack_2,29,6,coke_v_med,0.7960849404335022,842,210,897,380,869,295
frame_148,Rack_2,33,2,anw_med,0.9243983626365662,791,216,841,382,816,299
frame_148,Rack_2,11,2,anw_med,0.9512432217597961,739,218,788,382,763,300
frame_148,Rack_2,20,2,anw_med,0.8952903151512146,687,216,736,381,711,298
frame_148,Rack_2,3,2,anw_med,0.965361475944519,638,220,684,382,661,301
frame_148,Rack_2,9,2,anw_med,0.9157875180244446,587,216,636,382,611,299
frame_148,Rack_2,2,2,anw_med,0.9687762260437012,536,220,586,383,561,301
frame_148,Rack_2,50,15,pepsi_med,0.9217188954353333,492,222,533,381,512,301
frame_148,Rack_2,7,15,pepsi_med,0.974780261516571,444,221,490,381,467,301
frame_148,Rack_2,10,15,pepsi_med,0.9781696796417236,394,221,441,382,417,301
frame_148,Rack_2,5,15,pepsi_med,0.9350016713142395,353,221,393,382,373,301
frame_148,Rack_2,8,15,pepsi_med,0.8958627581596375,302,222,350,383,326,302
frame_148,Rack_2,17,15,pepsi_med,0.850604236125946,259,221,300,382,279,301
frame_148,Rack_2,4,13,kick_med,0.9146665334701538,210,223,257,384,233,303
frame_148,Rack_2,44,13,kick_med,0.947131872177124,168,224,209,384,188,304
frame_148,Rack_2,22,13,kick_med,0.949694812297821,119,226,167,384,143,305
frame_148,Rack_2,26,13,kick_med,0.9225701093673706,75,226,118,384,96,305
frame_148,Rack_2,79,13,kick_med,0.8724314570426941,38,227,74,384,56,305
frame_148,Rack_2,71,13,kick_med,0.9165027141571045,0,223,15,386,7,304
frame_149,Rack_2,15,3,coke_med,0.7575143575668335,1236,174,1280,377,1258,275
frame_149,Rack_2,39,3,coke_med,0.7396217584609985,1173,202,1244,376,1208,289
frame_149,Rack_2,13,3,coke_med,0.648868203163147,1120,181,1174,376,1147,278
frame_149,Rack_2,40,3,coke_med,0.7579495906829834,1063,173,1126,377,1094,275
frame_149,Rack_2,1,3,coke_med,0.8966942429542542,1010,179,1068,379,1039,279
frame_149,Rack_2,57,6,coke_v_med,0.8691032528877258,954,183,1015,378,984,280
frame_149,Rack_2,19,6,coke_v_med,0.9190170168876648,900,198,957,379,928,288
frame_149,Rack_2,29,6,coke_v_med,0.8056415915489197,844,215,898,380,871,297
frame_149,Rack_2,33,2,anw_med,0.9239792227745056,792,218,842,382,817,300
frame_149,Rack_2,11,2,anw_med,0.9369960427284241,740,218,789,382,764,300
frame_149,Rack_2,20,2,anw_med,0.919973611831665,688,216,738,382,713,299
frame_149,Rack_2,3,2,anw_med,0.959679901599884,639,220,685,382,662,301
frame_149,Rack_2,9,2,anw_med,0.9272094964981079,589,216,637,382,613,299
frame_149,Rack_2,2,2,anw_med,0.9585060477256775,537,222,587,382,562,302
frame_149,Rack_2,50,15,pepsi_med,0.9078038930892944,493,223,534,381,513,302
frame_149,Rack_2,7,15,pepsi_med,0.9746530652046204,445,223,491,381,468,302
frame_149,Rack_2,10,15,pepsi_med,0.9787304997444153,395,222,442,382,418,302
frame_149,Rack_2,5,15,pepsi_med,0.9267985820770264,354,221,394,382,374,301
frame_149,Rack_2,8,15,pepsi_med,0.883448600769043,303,221,352,383,327,302
frame_149,Rack_2,17,15,pepsi_med,0.8584316968917847,261,221,302,382,281,301
frame_149,Rack_2,4,13,kick_med,0.9002293348312378,211,223,259,384,235,303
frame_149,Rack_2,44,13,kick_med,0.96290522813797,169,224,210,384,189,304
frame_149,Rack_2,22,13,kick_med,0.9680314064025879,120,226,168,385,144,305
frame_149,Rack_2,26,13,kick_med,0.9318175315856934,76,226,120,384,98,305
frame_149,Rack_2,79,13,kick_med,0.8840036988258362,39,228,75,384,57,306
frame_149,Rack_2,71,13,kick_med,0.9226469397544861,0,224,16,386,8,305
frame_150,Rack_2,15,3,coke_med,0.6097587943077087,1237,176,1278,376,1257,276
frame_150,Rack_2,39,3,coke_med,0.7811785936355591,1173,187,1250,375,1211,281
frame_150,Rack_2,13,3,coke_med,0.7200841903686523,1121,179,1175,376,1148,277
frame_150,Rack_2,40,3,coke_med,0.8176258206367493,1064,174,1127,378,1095,276
frame_150,Rack_2,1,3,coke_med,0.9209465980529785,1012,176,1070,379,1041,277
frame_150,Rack_2,57,6,coke_v_med,0.9105615019798279,955,180,1017,378,986,279
frame_150,Rack_2,19,6,coke_v_med,0.9360302686691284,900,188,959,379,929,283
frame_150,Rack_2,29,6,coke_v_med,0.8096256256103516,843,195,902,380,872,287
frame_150,Rack_2,33,2,anw_med,0.9218063354492188,793,213,844,383,818,298
frame_150,Rack_2,11,2,anw_med,0.9442710280418396,741,212,791,383,766,297
frame_150,Rack_2,20,2,anw_med,0.9004045128822327,688,213,739,382,713,297
frame_150,Rack_2,3,2,anw_med,0.9597281217575073,640,216,687,382,663,299
frame_150,Rack_2,9,2,anw_med,0.91886305809021,590,213,639,382,614,297
frame_150,Rack_2,2,2,anw_med,0.960628092288971,539,220,589,382,564,301
frame_150,Rack_2,50,15,pepsi_med,0.8853916525840759,495,223,536,380,515,301
frame_150,Rack_2,7,15,pepsi_med,0.9706539511680603,446,222,493,381,469,301
frame_150,Rack_2,10,15,pepsi_med,0.9736344814300537,396,220,444,382,420,301
frame_150,Rack_2,5,15,pepsi_med,0.8935928344726562,355,220,395,382,375,301
frame_150,Rack_2,8,15,pepsi_med,0.8562322854995728,304,221,353,383,328,302
frame_150,Rack_2,17,15,pepsi_med,0.856977641582489,262,221,303,382,282,301
frame_150,Rack_2,4,13,kick_med,0.9021105766296387,213,224,260,384,236,304
frame_150,Rack_2,44,13,kick_med,0.9675353765487671,170,224,211,384,190,304
frame_150,Rack_2,22,13,kick_med,0.9702868461608887,121,226,169,385,145,305
frame_150,Rack_2,26,13,kick_med,0.9091897010803223,78,226,121,384,99,305
frame_150,Rack_2,79,13,kick_med,0.9302860498428345,41,229,77,385,59,307
frame_150,Rack_2,71,13,kick_med,0.8238832354545593,0,223,14,387,7,305
frame_151,Rack_2,15,3,coke_med,0.7426590919494629,1239,161,1280,376,1259,268
frame_151,Rack_2,39,3,coke_med,0.7602419257164001,1171,170,1253,377,1212,273
frame_151,Rack_2,13,3,coke_med,0.8946402668952942,1122,175,1177,376,1149,275
frame_151,Rack_2,40,3,coke_med,0.8403105735778809,1066,174,1128,378,1097,276
frame_151,Rack_2,1,3,coke_med,0.8752472996711731,1013,175,1071,380,1042,277
frame_151,Rack_2,57,6,coke_v_med,0.9072765111923218,957,178,1018,378,987,278
frame_151,Rack_2,19,6,coke_v_med,0.915154755115509,901,183,961,379,931,281
frame_151,Rack_2,29,6,coke_v_med,0.8490795493125916,844,188,904,379,874,283
frame_151,Rack_2,33,2,anw_med,0.8859684467315674,794,214,845,382,819,298
frame_151,Rack_2,11,2,anw_med,0.9512296319007874,742,214,792,382,767,298
frame_151,Rack_2,20,2,anw_med,0.9246116876602173,690,213,740,382,715,297
frame_151,Rack_2,3,2,anw_med,0.9560267329216003,640,213,688,382,664,297
frame_151,Rack_2,9,2,anw_med,0.9197397828102112,590,211,640,382,615,296
frame_151,Rack_2,2,2,anw_med,0.9818712472915649,539,218,589,382,564,300
frame_151,Rack_2,50,15,pepsi_med,0.8707244396209717,496,223,537,379,516,301
frame_151,Rack_2,7,15,pepsi_med,0.9624980092048645,448,221,494,380,471,300
frame_151,Rack_2,10,15,pepsi_med,0.9575581550598145,398,220,445,381,421,300
frame_151,Rack_2,5,15,pepsi_med,0.8833432197570801,357,221,397,381,377,301
frame_151,Rack_2,8,15,pepsi_med,0.8892514109611511,305,221,354,383,329,302
frame_151,Rack_2,17,15,pepsi_med,0.8917825818061829,263,222,304,382,283,302
frame_151,Rack_2,4,13,kick_med,0.9324305653572083,214,224,261,383,237,303
frame_151,Rack_2,44,13,kick_med,0.9682748913764954,172,225,212,384,192,304
frame_151,Rack_2,22,13,kick_med,0.9734573364257812,122,226,170,384,146,305
frame_151,Rack_2,26,13,kick_med,0.905917227268219,79,226,122,384,100,305
frame_151,Rack_2,79,13,kick_med,0.9564374685287476,42,230,78,385,60,307
frame_151,Rack_2,90,13,kick_med,0.7989103198051453,12,230,40,386,26,308
frame_152,Rack_2,15,3,coke_med,0.5194982290267944,1237,159,1280,377,1258,268
frame_152,Rack_2,39,3,coke_med,0.8095672726631165,1179,180,1258,377,1218,278
frame_152,Rack_2,13,3,coke_med,0.8095672726631165,1125,181,1178,377,1151,279
frame_152,Rack_2,40,3,coke_med,0.7819905877113342,1068,180,1128,379,1098,279
frame_152,Rack_2,1,3,coke_med,0.828109622001648,1016,181,1072,380,1044,280
frame_152,Rack_2,57,6,coke_v_med,0.8811579942703247,962,204,1016,379,989,291
frame_152,Rack_2,19,6,coke_v_med,0.9423134326934814,906,212,958,380,932,296
frame_152,Rack_2,29,6,coke_v_med,0.8463848829269409,848,209,903,380,875,294
frame_152,Rack_2,33,2,anw_med,0.840569019317627,796,221,845,382,820,301
frame_152,Rack_2,11,2,anw_med,0.9237589836120605,744,221,792,382,768,301
frame_152,Rack_2,20,2,anw_med,0.9014998078346252,692,220,741,382,716,301
frame_152,Rack_2,3,2,anw_med,0.9582194685935974,642,219,689,382,665,300
frame_152,Rack_2,9,2,anw_med,0.9476773738861084,592,215,641,382,616,298
frame_152,Rack_2,2,2,anw_med,0.973168134689331,540,221,590,382,565,301
frame_152,Rack_2,50,15,pepsi_med,0.8940123319625854,498,224,538,380,518,302
frame_152,Rack_2,7,15,pepsi_med,0.9675495028495789,450,221,496,381,473,301
frame_152,Rack_2,10,15,pepsi_med,0.9526441693305969,399,221,446,383,422,302
frame_152,Rack_2,5,15,pepsi_med,0.9249797463417053,357,222,397,383,377,302
frame_152,Rack_2,8,15,pepsi_med,0.9103973507881165,306,223,355,382,330,302
frame_152,Rack_2,17,15,pepsi_med,0.9262558221817017,264,223,305,382,284,302
frame_152,Rack_2,4,13,kick_med,0.9421516060829163,215,225,262,383,238,304
frame_152,Rack_2,44,13,kick_med,0.938290536403656,173,225,213,383,193,304
frame_152,Rack_2,22,13,kick_med,0.9681909680366516,124,227,171,384,147,305
frame_152,Rack_2,26,13,kick_med,0.876594066619873,80,228,123,384,101,306
frame_152,Rack_2,79,13,kick_med,0.9372989535331726,44,231,79,384,61,307
frame_152,Rack_2,90,13,kick_med,0.7041265964508057,15,230,42,386,28,308
frame_152,Rack_2,71,13,kick_med,0.7233991622924805,0,225,13,388,6,306
frame_153,Rack_2,15,3,coke_med,0.6123499870300293,1243,174,1280,376,1261,275
frame_153,Rack_2,39,3,coke_med,0.8167883157730103,1181,187,1257,376,1219,281
frame_153,Rack_2,13,3,coke_med,0.819288432598114,1128,186,1179,377,1153,281
frame_153,Rack_2,40,3,coke_med,0.8395196795463562,1071,182,1129,379,1100,280
frame_153,Rack_2,1,3,coke_med,0.8377512693405151,1018,182,1074,380,1046,281
frame_153,Rack_2,57,6,coke_v_med,0.8921531438827515,965,210,1017,380,991,295
frame_153,Rack_2,19,6,coke_v_med,0.9361972212791443,909,225,958,380,933,302
frame_153,Rack_2,29,6,coke_v_med,0.7847602963447571,851,220,903,380,877,300
frame_153,Rack_2,33,2,anw_med,0.8591330647468567,798,225,846,382,822,303
frame_153,Rack_2,11,2,anw_med,0.9304071664810181,746,224,793,382,769,303
frame_153,Rack_2,20,2,anw_med,0.8973621726036072,694,223,742,382,718,302
frame_153,Rack_2,3,2,anw_med,0.9662544131278992,644,221,691,382,667,301
frame_153,Rack_2,9,2,anw_med,0.9494958519935608,594,216,642,382,618,299
frame_153,Rack_2,2,2,anw_med,0.9697890281677246,542,222,591,382,566,302
frame_153,Rack_2,50,15,pepsi_med,0.8508443236351013,499,224,540,380,519,302
frame_153,Rack_2,7,15,pepsi_med,0.9590822458267212,451,222,498,382,474,302
frame_153,Rack_2,10,15,pepsi_med,0.935949444770813,400,222,448,383,424,302
frame_153,Rack_2,5,15,pepsi_med,0.9295994639396667,359,222,399,384,379,303
frame_153,Rack_2,8,15,pepsi_med,0.8929108381271362,308,223,356,382,332,302
frame_153,Rack_2,17,15,pepsi_med,0.943658709526062,266,223,306,382,286,302
frame_153,Rack_2,4,13,kick_med,0.9614948630332947,217,226,263,383,240,304
frame_153,Rack_2,44,13,kick_med,0.9114627242088318,175,226,215,383,195,304
frame_153,Rack_2,22,13,kick_med,0.9485860466957092,126,227,173,383,149,305
frame_153,Rack_2,26,13,kick_med,0.7483901381492615,82,228,125,384,103,306
frame_153,Rack_2,79,13,kick_med,0.9370557069778442,46,231,81,385,63,308
frame_153,Rack_2,90,13,kick_med,0.8361871838569641,14,232,41,387,27,309
frame_154,Rack_2,39,3,coke_med,0.8651302456855774,1182,171,1264,377,1223,274
frame_154,Rack_2,13,3,coke_med,0.6596727967262268,1129,181,1182,377,1155,279
frame_154,Rack_2,40,3,coke_med,0.8150304555892944,1072,177,1132,379,1102,278
frame_154,Rack_2,1,3,coke_med,0.8650234341621399,1022,203,1073,380,1047,291
frame_154,Rack_2,57,6,coke_v_med,0.9188944101333618,966,207,1020,380,993,293
frame_154,Rack_2,19,6,coke_v_med,0.936154305934906,909,217,961,380,935,298
frame_154,Rack_2,29,6,coke_v_med,0.6031509637832642,853,225,904,380,878,302
frame_154,Rack_2,33,2,anw_med,0.8849928379058838,800,226,848,382,824,304
frame_154,Rack_2,11,2,anw_med,0.9460600018501282,747,225,795,382,771,303
frame_154,Rack_2,20,2,anw_med,0.9015154242515564,695,224,744,381,719,302
frame_154,Rack_2,3,2,anw_med,0.9609593152999878,646,222,692,381,669,301
frame_154,Rack_2,9,2,anw_med,0.9468660354614258,595,217,644,382,619,299
frame_154,Rack_2,2,2,anw_med,0.9580949544906616,543,223,593,382,568,302
frame_154,Rack_2,50,15,pepsi_med,0.875400185585022,500,224,541,380,520,302
frame_154,Rack_2,7,15,pepsi_med,0.9538097381591797,452,224,498,382,475,303
frame_154,Rack_2,10,15,pepsi_med,0.9246484637260437,402,222,449,383,425,302
frame_154,Rack_2,5,15,pepsi_med,0.9632286429405212,360,223,400,383,380,303
frame_154,Rack_2,8,15,pepsi_med,0.8954545259475708,309,224,357,383,333,303
frame_154,Rack_2,17,15,pepsi_med,0.9470312595367432,267,224,308,382,287,303
frame_154,Rack_2,4,13,kick_med,0.9672737121582031,218,226,265,383,241,304
frame_154,Rack_2,44,13,kick_med,0.87266606092453,176,226,217,383,196,304
frame_154,Rack_2,22,13,kick_med,0.932590126991272,127,227,175,383,151,305
frame_154,Rack_2,26,13,kick_med,0.7775993347167969,84,229,126,384,105,306
frame_154,Rack_2,79,13,kick_med,0.9261852502822876,48,231,83,384,65,307
frame_154,Rack_2,90,13,kick_med,0.8412949442863464,15,232,43,386,29,309
frame_155,Rack_2,39,3,coke_med,0.8459035158157349,1183,164,1268,378,1225,271
frame_155,Rack_2,13,3,coke_med,0.7540693283081055,1131,178,1184,378,1157,278
frame_155,Rack_2,40,3,coke_med,0.7970311045646667,1074,175,1134,379,1104,277
frame_155,Rack_2,1,3,coke_med,0.8520520925521851,1025,209,1074,380,1049,294
frame_155,Rack_2,57,6,coke_v_med,0.9370027780532837,968,213,1021,380,994,296
frame_155,Rack_2,19,6,coke_v_med,0.9419263005256653,912,225,962,380,937,302
frame_155,Rack_2,29,6,coke_v_med,0.715717613697052,855,226,906,380,880,303
frame_155,Rack_2,33,2,anw_med,0.9084052443504333,801,226,850,382,825,304
frame_155,Rack_2,11,2,anw_med,0.9251900911331177,749,224,797,382,773,303
frame_155,Rack_2,20,2,anw_med,0.9231372475624084,697,222,746,381,721,301
frame_155,Rack_2,3,2,anw_med,0.9521597027778625,647,222,694,382,670,302
frame_155,Rack_2,9,2,anw_med,0.9430119395256042,597,216,646,382,621,299
frame_155,Rack_2,2,2,anw_med,0.96257483959198,545,223,595,382,570,302
frame_155,Rack_2,50,15,pepsi_med,0.9108535647392273,502,225,543,380,522,302
frame_155,Rack_2,7,15,pepsi_med,0.9717730283737183,454,225,500,382,477,303
frame_155,Rack_2,10,15,pepsi_med,0.9199824333190918,403,223,450,383,426,303
frame_155,Rack_2,5,15,pepsi_med,0.9789421558380127,362,224,402,382,382,303
frame_155,Rack_2,8,15,pepsi_med,0.89128178358078,311,224,359,382,335,303
frame_155,Rack_2,17,15,pepsi_med,0.9459747672080994,268,224,309,382,288,303
frame_155,Rack_2,4,13,kick_med,0.9679734706878662,220,226,266,383,243,304
frame_155,Rack_2,44,13,kick_med,0.7544978260993958,178,226,219,384,198,305
frame_155,Rack_2,22,13,kick_med,0.8917605876922607,129,227,177,384,153,305
frame_155,Rack_2,26,13,kick_med,0.8670341372489929,85,229,128,384,106,306
frame_155,Rack_2,79,13,kick_med,0.9141857624053955,49,231,84,384,66,307
frame_155,Rack_2,90,13,kick_med,0.8614091277122498,17,233,45,386,31,309
frame_155,Rack_2,71,13,kick_med,0.6032655835151672,0,228,12,391,6,309
frame_156,Rack_2,39,3,coke_med,0.8118408918380737,1183,161,1267,377,1225,269
frame_156,Rack_2,13,3,coke_med,0.7534811496734619,1133,179,1185,377,1159,278
frame_156,Rack_2,40,3,coke_med,0.7776298522949219,1076,176,1135,379,1105,277
frame_156,Rack_2,1,3,coke_med,0.8688674569129944,1027,210,1075,380,1051,295
frame_156,Rack_2,57,6,coke_v_med,0.8927090167999268,971,223,1021,379,996,301
frame_156,Rack_2,19,6,coke_v_med,0.9540383219718933,912,217,965,380,938,298
frame_156,Rack_2,29,6,coke_v_med,0.818815290927887,854,207,911,380,882,293
frame_156,Rack_2,33,2,anw_med,0.9164095520973206,802,226,852,381,827,303
frame_156,Rack_2,11,2,anw_med,0.9225454330444336,750,225,798,381,774,303
frame_156,Rack_2,20,2,anw_med,0.9167078137397766,699,223,747,381,723,302
frame_156,Rack_2,3,2,anw_med,0.9641610383987427,649,223,695,382,672,302
frame_156,Rack_2,9,2,anw_med,0.9282378554344177,599,220,647,382,623,301
frame_156,Rack_2,2,2,anw_med,0.9756421446800232,547,224,597,382,572,303
frame_156,Rack_2,50,15,pepsi_med,0.9280872941017151,504,226,544,380,524,303
frame_156,Rack_2,7,15,pepsi_med,0.9756834506988525,455,225,501,381,478,303
frame_156,Rack_2,10,15,pepsi_med,0.9572523236274719,405,224,452,383,428,303
frame_156,Rack_2,5,15,pepsi_med,0.9698650240898132,364,225,404,382,384,303
frame_156,Rack_2,8,15,pepsi_med,0.8989631533622742,312,225,360,382,336,303
frame_156,Rack_2,17,15,pepsi_med,0.8994972705841064,270,224,311,382,290,303
frame_156,Rack_2,4,13,kick_med,0.9577169418334961,221,226,268,383,244,304
frame_156,Rack_2,44,13,kick_med,0.6825282573699951,180,227,220,384,200,305
frame_156,Rack_2,22,13,kick_med,0.9171545505523682,131,227,179,385,155,306
frame_156,Rack_2,26,13,kick_med,0.8753224611282349,87,229,129,384,108,306
frame_156,Rack_2,79,13,kick_med,0.8362256288528442,51,233,86,385,68,309
frame_156,Rack_2,90,13,kick_med,0.8371427059173584,20,232,48,386,34,309
frame_156,Rack_2,71,13,kick_med,0.8844486474990845,0,227,14,392,7,309
frame_157,Rack_2,39,3,coke_med,0.7489013075828552,1183,163,1266,376,1224,269
frame_157,Rack_2,13,3,coke_med,0.8515818119049072,1135,175,1188,377,1161,276
frame_157,Rack_2,40,3,coke_med,0.8063379526138306,1078,172,1138,379,1108,275
frame_157,Rack_2,1,3,coke_med,0.8824996948242188,1027,190,1080,380,1053,285
frame_157,Rack_2,57,6,coke_v_med,0.770844578742981,972,212,1025,379,998,295
frame_157,Rack_2,19,6,coke_v_med,0.9451403021812439,912,199,970,380,941,289
frame_157,Rack_2,29,6,coke_v_med,0.8803954124450684,858,222,911,380,884,301
frame_157,Rack_2,33,2,anw_med,0.8764727711677551,804,228,854,381,829,304
frame_157,Rack_2,11,2,anw_med,0.9188580513000488,752,226,800,382,776,304
frame_157,Rack_2,20,2,anw_med,0.9229823350906372,700,222,749,381,724,301
frame_157,Rack_2,3,2,anw_med,0.9701841473579407,651,225,697,382,674,303
frame_157,Rack_2,9,2,anw_med,0.9251783490180969,600,219,648,382,624,300
frame_157,Rack_2,2,2,anw_med,0.9745489954948425,549,224,599,382,574,303
frame_157,Rack_2,50,15,pepsi_med,0.9548153877258301,505,226,546,380,525,303
frame_157,Rack_2,7,15,pepsi_med,0.9700102806091309,457,225,503,381,480,303
frame_157,Rack_2,10,15,pepsi_med,0.972148597240448,407,224,454,382,430,303
frame_157,Rack_2,5,15,pepsi_med,0.9809340834617615,366,225,405,382,385,303
frame_157,Rack_2,8,15,pepsi_med,0.9136556386947632,314,226,362,382,338,304
frame_157,Rack_2,17,15,pepsi_med,0.8544253706932068,272,226,312,381,292,303
frame_157,Rack_2,4,13,kick_med,0.9440614581108093,223,226,270,384,246,305
frame_157,Rack_2,44,13,kick_med,0.7557303309440613,181,227,222,384,201,305
frame_157,Rack_2,22,13,kick_med,0.940535843372345,133,227,180,385,156,306
frame_157,Rack_2,26,13,kick_med,0.934076726436615,89,229,131,384,110,306
frame_157,Rack_2,79,13,kick_med,0.7852336764335632,53,232,88,384,70,308
frame_157,Rack_2,90,13,kick_med,0.823180615901947,22,232,50,386,36,309
frame_157,Rack_2,71,13,kick_med,0.8761934041976929,1,230,15,391,8,310
frame_158,Rack_2,39,3,coke_med,0.756007969379425,1185,162,1267,376,1226,269
frame_158,Rack_2,13,3,coke_med,0.7456145882606506,1137,175,1189,377,1163,276
frame_158,Rack_2,40,3,coke_med,0.7215324640274048,1081,171,1140,379,1110,275
frame_158,Rack_2,1,3,coke_med,0.8612288236618042,1028,186,1083,379,1055,282
frame_158,Rack_2,57,6,coke_v_med,0.8351127505302429,974,212,1027,379,1000,295
frame_158,Rack_2,19,6,coke_v_med,0.9528962969779968,915,205,971,379,943,292
frame_158,Rack_2,29,6,coke_v_med,0.8234412670135498,861,228,912,379,886,303
frame_158,Rack_2,33,2,anw_med,0.8838722705841064,806,226,856,382,831,304
frame_158,Rack_2,11,2,anw_med,0.9193600416183472,755,226,803,382,779,304
frame_158,Rack_2,20,2,anw_med,0.9346168041229248,702,221,751,381,726,301
frame_158,Rack_2,3,2,anw_med,0.9643738865852356,652,224,699,381,675,302
frame_158,Rack_2,9,2,anw_med,0.9257710576057434,602,220,650,381,626,300
frame_158,Rack_2,2,2,anw_med,0.977952778339386,551,223,600,381,575,302
frame_158,Rack_2,50,15,pepsi_med,0.9563375115394592,507,226,548,380,527,303
frame_158,Rack_2,7,15,pepsi_med,0.9607740044593811,458,225,504,381,481,303
frame_158,Rack_2,10,15,pepsi_med,0.9664987325668335,408,224,455,382,431,303
frame_158,Rack_2,5,15,pepsi_med,0.9591274261474609,367,225,407,382,387,303
frame_158,Rack_2,8,15,pepsi_med,0.903388261795044,316,225,364,382,340,303
frame_158,Rack_2,17,15,pepsi_med,0.7680040001869202,274,225,314,382,294,303
frame_158,Rack_2,4,13,kick_med,0.9238144159317017,225,226,272,385,248,305
frame_158,Rack_2,44,13,kick_med,0.9062882661819458,183,227,224,385,203,306
frame_158,Rack_2,22,13,kick_med,0.9558871984481812,134,228,182,385,158,306
frame_158,Rack_2,26,13,kick_med,0.9603704214096069,90,229,133,385,111,307
frame_158,Rack_2,79,13,kick_med,0.885587215423584,55,233,90,386,72,309
frame_158,Rack_2,90,13,kick_med,0.8164798617362976,21,233,51,386,36,309
frame_158,Rack_2,71,13,kick_med,0.8499211072921753,0,230,14,391,7,310
frame_159,Rack_2,39,3,coke_med,0.7725526094436646,1188,161,1271,377,1229,269
frame_159,Rack_2,13,3,coke_med,0.8540082573890686,1139,174,1191,377,1165,275
frame_159,Rack_2,40,3,coke_med,0.7844451665878296,1083,172,1141,379,1112,275
frame_159,Rack_2,1,3,coke_med,0.8875716924667358,1030,178,1086,379,1058,278
frame_159,Rack_2,57,6,coke_v_med,0.8961313962936401,973,192,1032,379,1002,285
frame_159,Rack_2,19,6,coke_v_med,0.9668254852294922,918,217,971,379,944,298
frame_159,Rack_2,29,6,coke_v_med,0.8773819804191589,863,228,914,379,888,303
frame_159,Rack_2,33,2,anw_med,0.8956082463264465,807,223,859,382,833,302
frame_159,Rack_2,11,2,anw_med,0.9224185347557068,756,222,805,382,780,302
frame_159,Rack_2,20,2,anw_med,0.936261773109436,704,220,754,381,729,300
frame_159,Rack_2,3,2,anw_med,0.9595414400100708,654,223,701,381,677,302
frame_159,Rack_2,9,2,anw_med,0.9381685853004456,604,219,652,381,628,300
frame_159,Rack_2,2,2,anw_med,0.9790478348731995,553,223,602,381,577,302
frame_159,Rack_2,50,15,pepsi_med,0.947043776512146,509,226,550,380,529,303
frame_159,Rack_2,7,15,pepsi_med,0.9614734649658203,460,224,506,380,483,302
frame_159,Rack_2,10,15,pepsi_med,0.9631685018539429,410,224,457,382,433,303
frame_159,Rack_2,5,15,pepsi_med,0.9234135150909424,369,224,409,382,389,303
frame_159,Rack_2,8,15,pepsi_med,0.9037542343139648,318,224,366,382,342,303
frame_159,Rack_2,17,15,pepsi_med,0.7886108160018921,276,225,316,382,296,303
frame_159,Rack_2,4,13,kick_med,0.8212655186653137,227,225,274,385,250,305
frame_159,Rack_2,44,13,kick_med,0.9349148869514465,184,227,225,386,204,306
frame_159,Rack_2,22,13,kick_med,0.9767083525657654,136,228,183,386,159,307
frame_159,Rack_2,26,13,kick_med,0.9709678888320923,92,229,135,386,113,307
frame_159,Rack_2,79,13,kick_med,0.937064528465271,57,234,92,387,74,310
frame_159,Rack_2,90,13,kick_med,0.8247538208961487,21,235,51,386,36,310
frame_159,Rack_2,71,13,kick_med,0.7084683179855347,0,231,13,391,6,311
frame_160,Rack_2,39,3,coke_med,0.8325209617614746,1191,161,1273,377,1232,269
frame_160,Rack_2,13,3,coke_med,0.8474623560905457,1142,174,1194,378,1168,276
frame_160,Rack_2,40,3,coke_med,0.7566210627555847,1085,173,1144,380,1114,276
frame_160,Rack_2,1,3,coke_med,0.8799651265144348,1032,175,1088,379,1060,277
frame_160,Rack_2,57,6,coke_v_med,0.8518332242965698,974,180,1036,378,1005,279
frame_160,Rack_2,19,6,coke_v_med,0.9654424786567688,922,226,973,379,947,302
frame_160,Rack_2,29,6,coke_v_med,0.9066682457923889,865,229,916,379,890,304
frame_160,Rack_2,33,2,anw_med,0.8862598538398743,809,222,861,382,835,302
frame_160,Rack_2,11,2,anw_med,0.9063478112220764,758,221,808,382,783,301
frame_160,Rack_2,20,2,anw_med,0.9217862486839294,705,221,756,382,730,301
frame_160,Rack_2,3,2,anw_med,0.955601155757904,656,221,703,381,679,301
frame_160,Rack_2,9,2,anw_med,0.9528442025184631,606,218,654,381,630,299
frame_160,Rack_2,2,2,anw_med,0.9706831574440002,554,222,604,381,579,301
frame_160,Rack_2,50,15,pepsi_med,0.9543561339378357,511,226,552,380,531,303
frame_160,Rack_2,7,15,pepsi_med,0.9627100825309753,462,224,508,381,485,302
frame_160,Rack_2,10,15,pepsi_med,0.9523221850395203,412,224,459,382,435,303
frame_160,Rack_2,5,15,pepsi_med,0.8664827942848206,370,224,410,384,390,304
frame_160,Rack_2,8,15,pepsi_med,0.9125588536262512,320,224,368,382,344,303
frame_160,Rack_2,17,15,pepsi_med,0.8319372534751892,277,224,318,383,297,303
frame_160,Rack_2,4,13,kick_med,0.8467867374420166,229,226,276,385,252,305
frame_160,Rack_2,44,13,kick_med,0.955332338809967,186,228,227,386,206,307
frame_160,Rack_2,22,13,kick_med,0.9858958125114441,138,229,185,386,161,307
frame_160,Rack_2,26,13,kick_med,0.9576307535171509,94,229,137,386,115,307
frame_160,Rack_2,79,13,kick_med,0.9535909295082092,59,235,94,388,76,311
frame_160,Rack_2,90,13,kick_med,0.8209391236305237,21,236,52,390,36,313
frame_160,Rack_2,71,13,kick_med,0.7522109746932983,0,232,13,391,6,311
frame_161,Rack_2,39,3,coke_med,0.851169764995575,1194,162,1274,378,1234,270
frame_161,Rack_2,13,3,coke_med,0.5996527075767517,1145,177,1196,378,1170,277
frame_161,Rack_2,40,3,coke_med,0.7425252795219421,1089,176,1146,380,1117,278
frame_161,Rack_2,1,3,coke_med,0.8660399317741394,1035,183,1089,380,1062,281
frame_161,Rack_2,57,6,coke_v_med,0.7876176238059998,976,175,1038,379,1007,277
frame_161,Rack_2,19,6,coke_v_med,0.9479256272315979,924,230,975,379,949,304
frame_161,Rack_2,29,6,coke_v_med,0.9239555597305298,867,231,918,380,892,305
frame_161,Rack_2,33,2,anw_med,0.8862382173538208,812,226,863,382,837,304
frame_161,Rack_2,11,2,anw_med,0.871495246887207,760,223,809,382,784,302
frame_161,Rack_2,20,2,anw_med,0.9335678815841675,707,222,757,383,732,302
frame_161,Rack_2,3,2,anw_med,0.9527916312217712,657,220,705,381,681,300
frame_161,Rack_2,9,2,anw_med,0.96671462059021,608,218,656,381,632,299
frame_161,Rack_2,2,2,anw_med,0.9748782515525818,556,223,606,381,581,302
frame_161,Rack_2,50,15,pepsi_med,0.945041835308075,512,226,553,380,532,303
frame_161,Rack_2,7,15,pepsi_med,0.9300391674041748,464,224,510,381,487,302
frame_161,Rack_2,10,15,pepsi_med,0.9482808113098145,414,224,461,382,437,303
frame_161,Rack_2,5,15,pepsi_med,0.8736497759819031,372,224,412,384,392,304
frame_161,Rack_2,8,15,pepsi_med,0.9388814568519592,321,225,369,382,345,303
frame_161,Rack_2,17,15,pepsi_med,0.9020663499832153,279,226,320,383,299,304
frame_161,Rack_2,4,13,kick_med,0.8909735679626465,231,227,277,384,254,305
frame_161,Rack_2,44,13,kick_med,0.9418890476226807,189,229,229,386,209,307
frame_161,Rack_2,22,13,kick_med,0.9780540466308594,140,230,187,386,163,308
frame_161,Rack_2,26,13,kick_med,0.9239095449447632,96,231,139,386,117,308
frame_161,Rack_2,79,13,kick_med,0.9537063241004944,61,236,95,388,78,312
frame_161,Rack_2,90,13,kick_med,0.8433849811553955,21,238,53,393,37,315
frame_161,Rack_2,71,13,kick_med,0.7258481383323669,0,232,13,392,6,312
frame_162,Rack_2,39,3,coke_med,0.7602606415748596,1196,164,1275,379,1235,271
frame_162,Rack_2,13,3,coke_med,0.659735381603241,1148,179,1198,378,1173,278
frame_162,Rack_2,40,3,coke_med,0.8019100427627563,1091,177,1149,380,1120,278
frame_162,Rack_2,1,3,coke_med,0.8968371748924255,1040,206,1089,380,1064,293
frame_162,Rack_2,57,6,coke_v_med,0.7501756548881531,978,175,1040,380,1009,277
frame_162,Rack_2,19,6,coke_v_med,0.9438338279724121,926,229,977,380,951,304
frame_162,Rack_2,29,6,coke_v_med,0.9030067920684814,869,232,921,380,895,306
frame_162,Rack_2,33,2,anw_med,0.8800034523010254,814,226,865,382,839,304
frame_162,Rack_2,11,2,anw_med,0.9369234442710876,762,221,812,382,787,301
frame_162,Rack_2,20,2,anw_med,0.935490608215332,709,221,760,383,734,302
frame_162,Rack_2,3,2,anw_med,0.9644532799720764,659,219,707,382,683,300
frame_162,Rack_2,9,2,anw_med,0.9734750986099243,609,218,658,382,633,300
frame_162,Rack_2,2,2,anw_med,0.9606669545173645,557,221,608,382,582,301
frame_162,Rack_2,50,15,pepsi_med,0.9514984488487244,514,227,555,381,534,304
frame_162,Rack_2,7,15,pepsi_med,0.9305189847946167,465,224,513,382,489,303
frame_162,Rack_2,10,15,pepsi_med,0.9249302744865417,416,224,462,382,439,303
frame_162,Rack_2,5,15,pepsi_med,0.8363243937492371,374,224,414,385,394,304
frame_162,Rack_2,8,15,pepsi_med,0.9317041635513306,323,225,371,383,347,304
frame_162,Rack_2,17,15,pepsi_med,0.9568266272544861,281,227,322,383,301,305
frame_162,Rack_2,4,13,kick_med,0.938331127166748,233,228,280,386,256,307
frame_162,Rack_2,44,13,kick_med,0.9421675801277161,190,229,232,389,211,309
frame_162,Rack_2,22,13,kick_med,0.9516196250915527,142,231,190,388,166,309
frame_162,Rack_2,26,13,kick_med,0.8458019495010376,98,234,141,389,119,311
frame_162,Rack_2,79,13,kick_med,0.9392176866531372,63,238,98,391,80,314
frame_162,Rack_2,90,13,kick_med,0.8224672079086304,21,238,55,394,38,316
frame_163,Rack_2,39,3,coke_med,0.7751774787902832,1199,167,1276,379,1237,273
frame_163,Rack_2,13,3,coke_med,0.7444792985916138,1151,177,1201,378,1176,277
frame_163,Rack_2,40,3,coke_med,0.8207141757011414,1094,174,1151,380,1122,277
frame_163,Rack_2,1,3,coke_med,0.9062158465385437,1042,207,1091,381,1066,294
frame_163,Rack_2,57,6,coke_v_med,0.7754618525505066,980,174,1042,380,1011,277
frame_163,Rack_2,19,6,coke_v_med,0.9556444883346558,928,228,980,380,954,304
frame_163,Rack_2,29,6,coke_v_med,0.9083893895149231,870,229,923,381,896,305
frame_163,Rack_2,33,2,anw_med,0.892199695110321,815,223,867,382,841,302
frame_163,Rack_2,11,2,anw_med,0.9594181180000305,763,219,814,382,788,300
frame_163,Rack_2,20,2,anw_med,0.9582337141036987,711,220,762,383,736,301
frame_163,Rack_2,3,2,anw_med,0.9637611508369446,661,218,709,383,685,300
frame_163,Rack_2,9,2,anw_med,0.9717930555343628,611,219,660,383,635,301
frame_163,Rack_2,2,2,anw_med,0.9451462030410767,559,220,610,382,584,301
frame_163,Rack_2,50,15,pepsi_med,0.939460813999176,515,226,557,381,536,303
frame_163,Rack_2,7,15,pepsi_med,0.9410800933837891,467,224,514,382,490,303
frame_163,Rack_2,10,15,pepsi_med,0.9017358422279358,417,224,464,383,440,303
frame_163,Rack_2,5,15,pepsi_med,0.9036564230918884,375,224,416,384,395,304
frame_163,Rack_2,8,15,pepsi_med,0.9244368672370911,325,226,373,383,349,304
frame_163,Rack_2,17,15,pepsi_med,0.9472468495368958,283,227,324,384,303,305
frame_163,Rack_2,4,13,kick_med,0.9364404082298279,235,228,282,387,258,307
frame_163,Rack_2,44,13,kick_med,0.9251909255981445,192,229,234,390,213,309
frame_163,Rack_2,22,13,kick_med,0.9365007281303406,144,231,192,390,168,310
frame_163,Rack_2,26,13,kick_med,0.8780895471572876,100,235,143,390,121,312
frame_163,Rack_2,79,13,kick_med,0.9178087115287781,65,239,100,393,82,316
frame_163,Rack_2,90,13,kick_med,0.9200566411018372,24,240,59,396,41,318
frame_164,Rack_2,39,3,coke_med,0.7067904472351074,1200,164,1278,379,1239,271
frame_164,Rack_2,13,3,coke_med,0.5233494639396667,1153,176,1203,378,1178,277
frame_164,Rack_2,40,3,coke_med,0.6082366704940796,1096,173,1154,380,1125,276
frame_164,Rack_2,1,3,coke_med,0.8664430379867554,1043,194,1095,382,1069,288
frame_164,Rack_2,57,6,coke_v_med,0.6910784840583801,983,176,1044,381,1013,278
frame_164,Rack_2,19,6,coke_v_med,0.9305983185768127,930,230,983,381,956,305
frame_164,Rack_2,29,6,coke_v_med,0.9062424898147583,872,230,926,382,899,306
frame_164,Rack_2,33,2,anw_med,0.9039803147315979,818,224,870,383,844,303
frame_164,Rack_2,11,2,anw_med,0.9375697374343872,765,220,816,383,790,301
frame_164,Rack_2,20,2,anw_med,0.9267213940620422,713,220,763,383,738,301
frame_164,Rack_2,3,2,anw_med,0.9505704045295715,662,219,711,383,686,301
frame_164,Rack_2,9,2,anw_med,0.9669778347015381,613,220,662,383,637,301
frame_164,Rack_2,2,2,anw_med,0.9625369906425476,561,221,612,383,586,302
frame_164,Rack_2,50,15,pepsi_med,0.9519670605659485,517,226,559,382,538,304
frame_164,Rack_2,7,15,pepsi_med,0.9597557783126831,468,224,515,383,491,303
frame_164,Rack_2,10,15,pepsi_med,0.9001098275184631,419,223,466,385,442,304
frame_164,Rack_2,5,15,pepsi_med,0.923389732837677,377,224,418,384,397,304
frame_164,Rack_2,8,15,pepsi_med,0.920779287815094,327,226,375,384,351,305
frame_164,Rack_2,17,15,pepsi_med,0.9140306115150452,285,227,326,385,305,306
frame_164,Rack_2,4,13,kick_med,0.9472275972366333,236,229,283,388,259,308
frame_164,Rack_2,44,13,kick_med,0.8576102256774902,194,231,236,391,215,311
frame_164,Rack_2,22,13,kick_med,0.9026621580123901,145,231,194,392,169,311
frame_164,Rack_2,26,13,kick_med,0.8715232014656067,102,235,145,392,123,313
frame_164,Rack_2,79,13,kick_med,0.8608995079994202,67,238,102,394,84,316
frame_164,Rack_2,90,13,kick_med,0.929216206073761,25,240,60,393,42,316
frame_165,Rack_2,39,3,coke_med,0.7035307288169861,1203,165,1280,379,1241,272
frame_165,Rack_2,13,3,coke_med,0.6568450927734375,1155,178,1205,378,1180,278
frame_165,Rack_2,40,3,coke_med,0.7000483870506287,1098,174,1156,381,1127,277
frame_165,Rack_2,1,3,coke_med,0.8867499828338623,1044,186,1099,383,1071,284
frame_165,Rack_2,57,6,coke_v_med,0.8083744049072266,989,204,1043,382,1016,293
frame_165,Rack_2,19,6,coke_v_med,0.9271764755249023,932,227,986,382,959,304
frame_165,Rack_2,29,6,coke_v_med,0.9013267159461975,874,230,928,382,901,306
frame_165,Rack_2,33,2,anw_med,0.90241539478302,820,225,872,383,846,304
frame_165,Rack_2,11,2,anw_med,0.9207905530929565,768,223,818,384,793,303
frame_165,Rack_2,20,2,anw_med,0.9253703355789185,714,218,765,384,739,301
frame_165,Rack_2,3,2,anw_med,0.9750391840934753,664,219,713,384,688,301
frame_165,Rack_2,9,2,anw_med,0.9516952037811279,615,220,664,384,639,302
frame_165,Rack_2,2,2,anw_med,0.9749283194541931,562,222,613,384,587,303
frame_165,Rack_2,50,15,pepsi_med,0.9593634605407715,519,226,561,383,540,304
frame_165,Rack_2,7,15,pepsi_med,0.9623755216598511,470,224,517,384,493,304
frame_165,Rack_2,10,15,pepsi_med,0.9131755828857422,421,224,468,385,444,304
frame_165,Rack_2,5,15,pepsi_med,0.9417678713798523,379,225,419,384,399,304
frame_165,Rack_2,8,15,pepsi_med,0.9087088108062744,328,227,376,384,352,305
frame_165,Rack_2,17,15,pepsi_med,0.923173725605011,286,227,327,385,306,306
frame_165,Rack_2,4,13,kick_med,0.9491269588470459,237,229,285,390,261,309
frame_165,Rack_2,44,13,kick_med,0.9141098856925964,196,232,237,393,216,312
frame_165,Rack_2,22,13,kick_med,0.9405127167701721,147,231,196,394,171,312
frame_165,Rack_2,26,13,kick_med,0.9217315912246704,103,235,147,393,125,314
frame_165,Rack_2,79,13,kick_med,0.8066166043281555,68,239,103,394,85,316
frame_165,Rack_2,90,13,kick_med,0.9247483015060425,26,240,62,393,44,316
frame_166,Rack_2,39,3,coke_med,0.7411803603172302,1206,173,1280,380,1243,276
frame_166,Rack_2,13,3,coke_med,0.7453992962837219,1159,189,1206,378,1182,283
frame_166,Rack_2,40,3,coke_med,0.7725600004196167,1102,185,1156,381,1129,283
frame_166,Rack_2,1,3,coke_med,0.7990260720252991,1048,200,1099,382,1073,291
frame_166,Rack_2,57,6,coke_v_med,0.8256944417953491,993,220,1043,381,1018,300
frame_166,Rack_2,19,6,coke_v_med,0.9333829879760742,934,227,988,381,961,304
frame_166,Rack_2,29,6,coke_v_med,0.8956068158149719,876,229,930,381,903,305
frame_166,Rack_2,33,2,anw_med,0.907209038734436,821,222,874,384,847,303
frame_166,Rack_2,11,2,anw_med,0.9330441355705261,769,222,820,384,794,303
frame_166,Rack_2,20,2,anw_med,0.9307735562324524,716,219,767,383,741,301
frame_166,Rack_2,3,2,anw_med,0.9705731272697449,666,219,715,383,690,301
frame_166,Rack_2,9,2,anw_med,0.9551730751991272,616,221,665,383,640,302
frame_166,Rack_2,2,2,anw_med,0.9747741222381592,564,221,615,384,589,302
frame_166,Rack_2,50,15,pepsi_med,0.9663158059120178,520,225,562,383,541,304
frame_166,Rack_2,7,15,pepsi_med,0.9726993441581726,472,223,519,383,495,303
frame_166,Rack_2,10,15,pepsi_med,0.9595534205436707,422,223,470,384,446,303
frame_166,Rack_2,5,15,pepsi_med,0.9638921618461609,381,226,421,383,401,304
frame_166,Rack_2,8,15,pepsi_med,0.9118545651435852,330,226,378,384,354,305
frame_166,Rack_2,17,15,pepsi_med,0.8608134984970093,288,228,328,384,308,306
frame_166,Rack_2,4,13,kick_med,0.9506657719612122,238,229,286,391,262,310
frame_166,Rack_2,44,13,kick_med,0.9217862486839294,197,233,239,393,218,313
frame_166,Rack_2,22,13,kick_med,0.9339945912361145,149,231,197,394,173,312
frame_166,Rack_2,26,13,kick_med,0.9483095407485962,105,235,148,393,126,314
frame_166,Rack_2,79,13,kick_med,0.8293814063072205,70,239,104,392,87,315
frame_166,Rack_2,90,13,kick_med,0.9391312003135681,28,240,65,395,46,317
frame_166,Rack_2,71,13,kick_med,0.5771232843399048,1,243,14,395,7,319
frame_167,Rack_2,39,3,coke_med,0.7362034320831299,1209,177,1280,380,1244,278
frame_167,Rack_2,13,3,coke_med,0.802009105682373,1163,201,1208,379,1185,290
frame_167,Rack_2,40,3,coke_med,0.7756066918373108,1105,197,1157,381,1131,289
frame_167,Rack_2,1,3,coke_med,0.8367039561271667,1051,200,1102,382,1076,291
frame_167,Rack_2,57,6,coke_v_med,0.878440797328949,992,200,1047,380,1019,290
frame_167,Rack_2,19,6,coke_v_med,0.9425039887428284,931,201,993,381,962,291
frame_167,Rack_2,29,6,coke_v_med,0.9276642203330994,873,201,936,381,904,291
frame_167,Rack_2,33,2,anw_med,0.9213240146636963,821,211,877,384,849,297
frame_167,Rack_2,11,2,anw_med,0.9444489479064941,769,212,823,384,796,298
frame_167,Rack_2,20,2,anw_med,0.922429621219635,716,211,770,383,743,297
frame_167,Rack_2,3,2,anw_med,0.9724626541137695,667,211,717,383,692,297
frame_167,Rack_2,9,2,anw_med,0.9497009515762329,617,214,667,383,642,298
frame_167,Rack_2,2,2,anw_med,0.9783318638801575,564,214,617,384,590,299
frame_167,Rack_2,50,15,pepsi_med,0.9585704207420349,521,220,564,383,542,301
frame_167,Rack_2,7,15,pepsi_med,0.9686760902404785,473,220,521,383,497,301
frame_167,Rack_2,10,15,pepsi_med,0.9638597369194031,424,222,471,383,447,302
frame_167,Rack_2,5,15,pepsi_med,0.9578903913497925,382,226,422,383,402,304
frame_167,Rack_2,8,15,pepsi_med,0.8626909852027893,331,226,379,383,355,304
frame_167,Rack_2,17,15,pepsi_med,0.8013081550598145,289,227,330,384,309,305
frame_167,Rack_2,4,13,kick_med,0.9403558373451233,240,228,288,390,264,309
frame_167,Rack_2,44,13,kick_med,0.9450740814208984,199,233,240,392,219,312
frame_167,Rack_2,22,13,kick_med,0.9338698387145996,150,232,199,393,174,312
frame_167,Rack_2,26,13,kick_med,0.9606391787528992,106,235,149,392,127,313
frame_167,Rack_2,79,13,kick_med,0.8878512978553772,71,240,105,391,88,315
frame_167,Rack_2,90,13,kick_med,0.9360315203666687,30,241,68,396,49,318
frame_167,Rack_2,71,13,kick_med,0.6383057236671448,3,244,17,395,10,319
frame_168,Rack_2,39,3,coke_med,0.6581066846847534,1209,164,1280,380,1244,272
frame_168,Rack_2,13,3,coke_med,0.5630180835723877,1165,189,1212,379,1188,284
frame_168,Rack_2,40,3,coke_med,0.6629371643066406,1106,188,1160,380,1133,284
frame_168,Rack_2,1,3,coke_med,0.7290890216827393,1054,210,1103,381,1078,295
frame_168,Rack_2,57,6,coke_v_med,0.7995076179504395,996,212,1048,380,1022,296
frame_168,Rack_2,19,6,coke_v_med,0.902567446231842,936,216,993,381,964,298
frame_168,Rack_2,29,6,coke_v_med,0.9061768651008606,877,213,936,381,906,297
frame_168,Rack_2,33,2,anw_med,0.8767213225364685,824,215,879,384,851,299
frame_168,Rack_2,11,2,anw_med,0.9016534686088562,772,218,824,383,798,300
frame_168,Rack_2,20,2,anw_med,0.9306737184524536,718,213,771,383,744,298
frame_168,Rack_2,3,2,anw_med,0.9706167578697205,669,214,718,383,693,298
frame_168,Rack_2,9,2,anw_med,0.9438933730125427,618,215,669,382,643,298
frame_168,Rack_2,2,2,anw_med,0.973730206489563,566,216,619,384,592,300
frame_168,Rack_2,50,15,pepsi_med,0.9400296211242676,523,221,566,383,544,302
frame_168,Rack_2,7,15,pepsi_med,0.9713629484176636,475,221,522,383,498,302
frame_168,Rack_2,10,15,pepsi_med,0.9572760462760925,425,223,472,383,448,303
frame_168,Rack_2,5,15,pepsi_med,0.9517843127250671,384,225,424,383,404,304
frame_168,Rack_2,8,15,pepsi_med,0.9014489650726318,333,226,381,383,357,304
frame_168,Rack_2,17,15,pepsi_med,0.8243494629859924,291,226,331,385,311,305
frame_168,Rack_2,4,13,kick_med,0.9023346304893494,242,229,290,390,266,309
frame_168,Rack_2,44,13,kick_med,0.9650611877441406,200,234,241,394,220,314
frame_168,Rack_2,22,13,kick_med,0.9640344977378845,152,234,200,394,176,314
frame_168,Rack_2,26,13,kick_med,0.9748850464820862,108,236,151,392,129,314
frame_168,Rack_2,79,13,kick_med,0.9449103474617004,73,240,107,392,90,316
frame_168,Rack_2,90,13,kick_med,0.9133695363998413,31,242,69,397,50,319
frame_168,Rack_2,71,13,kick_med,0.6497597098350525,3,245,18,396,10,320
frame_169,Rack_2,39,3,coke_med,0.7394981384277344,1217,200,1280,380,1248,290
frame_169,Rack_2,13,3,coke_med,0.755565881729126,1168,202,1213,379,1190,290
frame_169,Rack_2,40,3,coke_med,0.6768927574157715,1109,192,1162,380,1135,286
frame_169,Rack_2,1,3,coke_med,0.8231956362724304,1057,216,1104,381,1080,298
frame_169,Rack_2,57,6,coke_v_med,0.8269895911216736,1000,223,1049,380,1024,301
frame_169,Rack_2,19,6,coke_v_med,0.9142671823501587,939,224,994,381,966,302
frame_169,Rack_2,29,6,coke_v_med,0.953457772731781,880,221,936,381,908,301
frame_169,Rack_2,33,2,anw_med,0.8551856279373169,826,220,879,384,852,302
frame_169,Rack_2,11,2,anw_med,0.9078446626663208,774,221,825,383,799,302
frame_169,Rack_2,20,2,anw_med,0.9295612573623657,721,217,772,383,746,300
frame_169,Rack_2,3,2,anw_med,0.9649280905723572,671,217,719,383,695,300
frame_169,Rack_2,9,2,anw_med,0.9435568451881409,620,217,670,382,645,299
frame_169,Rack_2,2,2,anw_med,0.9738100171089172,569,219,620,383,594,301
frame_169,Rack_2,50,15,pepsi_med,0.9297735095024109,525,223,567,382,546,302
frame_169,Rack_2,7,15,pepsi_med,0.9706399440765381,477,223,524,382,500,302
frame_169,Rack_2,10,15,pepsi_med,0.9610665440559387,427,224,474,383,450,303
frame_169,Rack_2,5,15,pepsi_med,0.9368265271186829,385,225,425,383,405,304
frame_169,Rack_2,8,15,pepsi_med,0.8832763433456421,335,226,383,383,359,304
frame_169,Rack_2,17,15,pepsi_med,0.8663192987442017,292,226,333,385,312,305
frame_169,Rack_2,4,13,kick_med,0.7980844378471375,243,229,291,390,267,309
frame_169,Rack_2,44,13,kick_med,0.9728699326515198,201,233,243,394,222,313
frame_169,Rack_2,22,13,kick_med,0.9709723591804504,153,234,201,394,177,314
frame_169,Rack_2,26,13,kick_med,0.9669760465621948,109,236,153,393,131,314
frame_169,Rack_2,79,13,kick_med,0.9574726819992065,74,240,108,393,91,316
frame_169,Rack_2,90,13,kick_med,0.9044342041015625,32,241,71,397,51,319
frame_169,Rack_2,71,13,kick_med,0.6806510090827942,4,245,19,397,11,321
frame_170,Rack_2,39,3,coke_med,0.7353572249412537,1215,189,1280,380,1247,284
frame_170,Rack_2,13,3,coke_med,0.745632529258728,1170,205,1214,379,1192,292
frame_170,Rack_2,40,3,coke_med,0.710382342338562,1110,193,1164,380,1137,286
frame_170,Rack_2,1,3,coke_med,0.8262025713920593,1059,219,1106,381,1082,300
frame_170,Rack_2,57,6,coke_v_med,0.8797579407691956,1002,228,1050,380,1026,304
frame_170,Rack_2,19,6,coke_v_med,0.9420751929283142,941,227,995,381,968,304
frame_170,Rack_2,29,6,coke_v_med,0.9412916898727417,882,223,937,380,909,301
frame_170,Rack_2,33,2,anw_med,0.8833023905754089,828,219,881,383,854,301
frame_170,Rack_2,11,2,anw_med,0.9171015620231628,775,222,826,383,800,302
frame_170,Rack_2,20,2,anw_med,0.9250234961509705,723,219,774,383,748,301
frame_170,Rack_2,3,2,anw_med,0.9645504951477051,672,218,721,383,696,300
frame_170,Rack_2,9,2,anw_med,0.9308803677558899,622,219,671,383,646,301
frame_170,Rack_2,2,2,anw_med,0.9731268286705017,570,221,621,383,595,302
frame_170,Rack_2,50,15,pepsi_med,0.9162766337394714,526,225,569,382,547,303
frame_170,Rack_2,7,15,pepsi_med,0.961131751537323,478,223,525,382,501,302
frame_170,Rack_2,10,15,pepsi_med,0.9457415342330933,428,224,476,383,452,303
frame_170,Rack_2,5,15,pepsi_med,0.9156845211982727,387,226,427,383,407,304
frame_170,Rack_2,8,15,pepsi_med,0.8933776617050171,336,227,384,384,360,305
frame_170,Rack_2,17,15,pepsi_med,0.885391116142273,294,226,335,386,314,306
frame_170,Rack_2,4,13,kick_med,0.7662391662597656,245,229,292,390,268,309
frame_170,Rack_2,44,13,kick_med,0.9577067494392395,202,233,244,393,223,313
frame_170,Rack_2,22,13,kick_med,0.9714656472206116,154,234,202,395,178,314
frame_170,Rack_2,26,13,kick_med,0.9477792978286743,111,237,154,394,132,315
frame_170,Rack_2,79,13,kick_med,0.94526207447052,75,240,110,393,92,316
frame_170,Rack_2,90,13,kick_med,0.9036787152290344,34,241,73,397,53,319
frame_170,Rack_2,71,13,kick_med,0.675743043422699,5,246,22,397,13,321
frame_171,Rack_2,13,3,coke_med,0.6313745975494385,1170,193,1217,380,1193,286
frame_171,Rack_2,40,3,coke_med,0.6967542171478271,1109,182,1165,381,1137,281
frame_171,Rack_2,1,3,coke_med,0.858548104763031,1058,202,1110,381,1084,291
frame_171,Rack_2,57,6,coke_v_med,0.8870822191238403,1003,228,1052,380,1027,304
frame_171,Rack_2,19,6,coke_v_med,0.9577476382255554,942,227,996,381,969,304
frame_171,Rack_2,29,6,coke_v_med,0.9410254955291748,883,222,939,381,911,301
frame_171,Rack_2,33,2,anw_med,0.8931878805160522,830,220,883,384,856,302
frame_171,Rack_2,11,2,anw_med,0.9384254813194275,777,220,828,383,802,301
frame_171,Rack_2,20,2,anw_med,0.953086256980896,724,219,775,383,749,301
frame_171,Rack_2,3,2,anw_med,0.9717796444892883,673,217,722,383,697,300
frame_171,Rack_2,9,2,anw_med,0.9522979855537415,623,218,673,383,648,300
frame_171,Rack_2,2,2,anw_med,0.9677888751029968,572,222,622,383,597,302
frame_171,Rack_2,50,15,pepsi_med,0.9065325260162354,528,224,570,382,549,303
frame_171,Rack_2,7,15,pepsi_med,0.9474095702171326,480,224,527,382,503,303
frame_171,Rack_2,10,15,pepsi_med,0.9303378462791443,430,224,477,383,453,303
frame_171,Rack_2,5,15,pepsi_med,0.9297788739204407,388,226,428,382,408,304
frame_171,Rack_2,8,15,pepsi_med,0.938995361328125,338,228,385,384,361,306
frame_171,Rack_2,17,15,pepsi_med,0.8917270302772522,295,227,336,386,315,306
frame_171,Rack_2,4,13,kick_med,0.808463454246521,246,229,293,390,269,309
frame_171,Rack_2,44,13,kick_med,0.9577510356903076,204,232,245,394,224,313
frame_171,Rack_2,22,13,kick_med,0.9735669493675232,156,235,204,395,180,315
frame_171,Rack_2,26,13,kick_med,0.9370269179344177,112,237,155,395,133,316
frame_171,Rack_2,79,13,kick_med,0.958341658115387,76,240,111,394,93,317
frame_171,Rack_2,90,13,kick_med,0.8775473833084106,35,241,74,394,54,317
frame_171,Rack_2,71,13,kick_med,0.6660478711128235,5,247,23,397,14,322
frame_172,Rack_2,13,3,coke_med,0.5089243054389954,1173,200,1218,380,1195,290
frame_172,Rack_2,40,3,coke_med,0.6262308955192566,1111,178,1168,381,1139,279
frame_172,Rack_2,1,3,coke_med,0.8373774886131287,1060,203,1112,382,1086,292
frame_172,Rack_2,57,6,coke_v_med,0.844768762588501,1004,230,1054,381,1029,305
frame_172,Rack_2,19,6,coke_v_med,0.9519926309585571,944,229,998,382,971,305
frame_172,Rack_2,29,6,coke_v_med,0.8808146119117737,885,223,941,382,913,302
frame_172,Rack_2,33,2,anw_med,0.9531263709068298,831,221,884,384,857,302
frame_172,Rack_2,11,2,anw_med,0.9476017951965332,778,219,830,384,804,301
frame_172,Rack_2,20,2,anw_med,0.9480563402175903,725,218,777,384,751,301
frame_172,Rack_2,3,2,anw_med,0.9741837978363037,675,217,724,384,699,300
frame_172,Rack_2,9,2,anw_med,0.9657077789306641,624,218,674,383,649,300
frame_172,Rack_2,2,2,anw_med,0.9535636305809021,573,222,624,384,598,303
frame_172,Rack_2,50,15,pepsi_med,0.890211284160614,529,224,572,383,550,303
frame_172,Rack_2,7,15,pepsi_med,0.9204909205436707,481,224,528,383,504,303
frame_172,Rack_2,10,15,pepsi_med,0.9041507840156555,431,225,479,383,455,304
frame_172,Rack_2,5,15,pepsi_med,0.9533450603485107,390,227,430,383,410,305
frame_172,Rack_2,8,15,pepsi_med,0.9558641910552979,339,229,386,384,362,306
frame_172,Rack_2,17,15,pepsi_med,0.9345779418945312,296,229,337,385,316,307
frame_172,Rack_2,4,13,kick_med,0.8828730583190918,247,230,294,393,270,311
frame_172,Rack_2,44,13,kick_med,0.9214856028556824,205,232,247,396,226,314
frame_172,Rack_2,22,13,kick_med,0.9581571221351624,157,236,205,397,181,316
frame_172,Rack_2,26,13,kick_med,0.8719621300697327,114,238,157,397,135,317
frame_172,Rack_2,79,13,kick_med,0.9442839622497559,78,241,113,397,95,319
frame_172,Rack_2,90,13,kick_med,0.8686609268188477,36,242,75,397,55,319
frame_173,Rack_2,13,3,coke_med,0.5603863596916199,1174,194,1221,380,1197,287
frame_173,Rack_2,40,3,coke_med,0.5648806095123291,1114,176,1171,382,1142,279
frame_173,Rack_2,1,3,coke_med,0.8255801200866699,1061,199,1114,382,1087,290
frame_173,Rack_2,57,6,coke_v_med,0.7286337018013,1004,216,1058,381,1031,298
frame_173,Rack_2,19,6,coke_v_med,0.9544525146484375,942,204,1004,382,973,293
frame_173,Rack_2,29,6,coke_v_med,0.9195249080657959,886,224,943,382,914,303
frame_173,Rack_2,33,2,anw_med,0.9697130918502808,833,223,886,384,859,303
frame_173,Rack_2,11,2,anw_med,0.9482415914535522,779,220,832,384,805,302
frame_173,Rack_2,20,2,anw_med,0.960655689239502,726,218,778,384,752,301
frame_173,Rack_2,3,2,anw_med,0.9719770550727844,676,216,725,384,700,300
frame_173,Rack_2,9,2,anw_med,0.9666258096694946,626,218,675,383,650,300
frame_173,Rack_2,2,2,anw_med,0.9519599080085754,574,222,625,384,599,303
frame_173,Rack_2,50,15,pepsi_med,0.8294248580932617,530,224,573,383,551,303
frame_173,Rack_2,7,15,pepsi_med,0.9321118593215942,482,225,529,384,505,304
frame_173,Rack_2,10,15,pepsi_med,0.9131010174751282,432,226,480,384,456,305
frame_173,Rack_2,5,15,pepsi_med,0.9647412896156311,390,227,431,383,410,305
frame_173,Rack_2,8,15,pepsi_med,0.9457711577415466,340,229,387,384,363,306
frame_173,Rack_2,17,15,pepsi_med,0.9528887867927551,297,230,338,385,317,307
frame_173,Rack_2,4,13,kick_med,0.9375523328781128,248,231,296,394,272,312
frame_173,Rack_2,44,13,kick_med,0.9099253416061401,206,232,248,397,227,314
frame_173,Rack_2,22,13,kick_med,0.9606115818023682,159,236,207,398,183,317
frame_173,Rack_2,26,13,kick_med,0.8390757441520691,115,239,158,398,136,318
frame_173,Rack_2,79,13,kick_med,0.93973308801651,79,241,114,398,96,319
frame_173,Rack_2,90,13,kick_med,0.8932814002037048,37,242,77,398,57,320
frame_173,Rack_2,71,13,kick_med,0.6294260621070862,10,245,30,395,20,320
frame_174,Rack_2,39,3,coke_med,0.5581049919128418,1218,180,1280,382,1249,281
frame_174,Rack_2,13,3,coke_med,0.546794593334198,1174,181,1224,381,1199,281
frame_174,Rack_2,40,3,coke_med,0.6910238862037659,1115,174,1173,383,1144,278
frame_174,Rack_2,1,3,coke_med,0.8885318636894226,1062,188,1118,383,1090,285
frame_174,Rack_2,57,6,coke_v_med,0.7252299785614014,1004,203,1062,382,1033,292
frame_174,Rack_2,19,6,coke_v_med,0.950843095779419,941,189,1008,382,974,285
frame_174,Rack_2,29,6,coke_v_med,0.9486305117607117,888,225,945,383,916,304
frame_174,Rack_2,33,2,anw_med,0.9507834911346436,835,224,887,384,861,304
frame_174,Rack_2,11,2,anw_med,0.9338757395744324,781,218,833,384,807,301
frame_174,Rack_2,20,2,anw_med,0.943674623966217,728,218,780,385,754,301
frame_174,Rack_2,3,2,anw_med,0.9672048091888428,678,218,727,385,702,301
frame_174,Rack_2,9,2,anw_med,0.9638486504554749,627,218,677,384,652,301
frame_174,Rack_2,2,2,anw_med,0.9537560939788818,576,223,627,384,601,303
frame_174,Rack_2,50,15,pepsi_med,0.8385758399963379,531,224,574,383,552,303
frame_174,Rack_2,7,15,pepsi_med,0.9652205109596252,483,224,530,384,506,304
frame_174,Rack_2,10,15,pepsi_med,0.9056565761566162,434,226,481,384,457,305
frame_174,Rack_2,5,15,pepsi_med,0.9765545129776001,392,227,432,384,412,305
frame_174,Rack_2,8,15,pepsi_med,0.9494431018829346,341,228,389,385,365,306
frame_174,Rack_2,17,15,pepsi_med,0.951852023601532,299,230,339,386,319,308
frame_174,Rack_2,4,13,kick_med,0.9426802396774292,249,231,297,395,273,313
frame_174,Rack_2,44,13,kick_med,0.9013386964797974,208,232,250,398,229,315
frame_174,Rack_2,22,13,kick_med,0.9474870562553406,160,237,208,398,184,317
frame_174,Rack_2,26,13,kick_med,0.9017089009284973,116,238,160,399,138,318
frame_174,Rack_2,79,13,kick_med,0.9199519753456116,80,240,116,399,98,319
frame_174,Rack_2,90,13,kick_med,0.9226115345954895,38,243,79,399,58,321
frame_174,Rack_2,71,13,kick_med,0.728968620300293,11,245,32,395,21,320
frame_175,Rack_2,40,3,coke_med,0.6126412749290466,1117,175,1173,383,1145,279
frame_175,Rack_2,1,3,coke_med,0.8798288106918335,1064,186,1120,383,1092,284
frame_175,Rack_2,57,6,coke_v_med,0.8169746994972229,1007,207,1063,382,1035,294
frame_175,Rack_2,19,6,coke_v_med,0.956089198589325,942,183,1010,382,976,282
frame_175,Rack_2,29,6,coke_v_med,0.9389854669570923,889,220,947,383,918,301
frame_175,Rack_2,33,2,anw_med,0.9581624865531921,836,224,889,384,862,304
frame_175,Rack_2,11,2,anw_med,0.9284222722053528,783,221,835,384,809,302
frame_175,Rack_2,20,2,anw_med,0.9434292912483215,730,218,782,384,756,301
frame_175,Rack_2,3,2,anw_med,0.975357711315155,680,220,728,384,704,302
frame_175,Rack_2,9,2,anw_med,0.9529089331626892,629,219,678,384,653,301
frame_175,Rack_2,2,2,anw_med,0.963862955570221,577,223,628,384,602,303
frame_175,Rack_2,50,15,pepsi_med,0.8490889072418213,533,225,576,383,554,304
frame_175,Rack_2,7,15,pepsi_med,0.9762218594551086,485,224,532,384,508,304
frame_175,Rack_2,10,15,pepsi_med,0.9259461164474487,435,225,482,384,458,304
frame_175,Rack_2,5,15,pepsi_med,0.9844563007354736,393,227,434,384,413,305
frame_175,Rack_2,8,15,pepsi_med,0.9375059008598328,343,227,390,385,366,306
frame_175,Rack_2,17,15,pepsi_med,0.9165706634521484,300,230,341,386,320,308
frame_175,Rack_2,4,13,kick_med,0.9641351103782654,251,231,299,395,275,313
frame_175,Rack_2,44,13,kick_med,0.812881350517273,209,233,251,398,230,315
frame_175,Rack_2,22,13,kick_med,0.8975932002067566,162,236,210,399,186,317
frame_175,Rack_2,26,13,kick_med,0.8933870792388916,118,240,161,399,139,319
frame_175,Rack_2,79,13,kick_med,0.8574177026748657,82,240,117,399,99,319
frame_175,Rack_2,90,13,kick_med,0.944523811340332,40,243,81,399,60,321
frame_175,Rack_2,71,13,kick_med,0.7505159974098206,11,244,34,396,22,320
frame_176,Rack_2,39,3,coke_med,0.6480712294578552,1227,207,1280,382,1253,294
frame_176,Rack_2,40,3,coke_med,0.6419485807418823,1121,175,1177,383,1149,279
frame_176,Rack_2,1,3,coke_med,0.9039828181266785,1069,206,1120,383,1094,294
frame_176,Rack_2,57,6,coke_v_med,0.7857749462127686,1008,204,1066,382,1037,293
frame_176,Rack_2,19,6,coke_v_med,0.9519823789596558,948,207,1008,382,978,294
frame_176,Rack_2,29,6,coke_v_med,0.9239389300346375,891,221,949,383,920,302
frame_176,Rack_2,33,2,anw_med,0.9557631611824036,837,223,890,385,863,304
frame_176,Rack_2,11,2,anw_med,0.9178399443626404,785,221,837,385,811,303
frame_176,Rack_2,20,2,anw_med,0.9482446312904358,732,218,783,384,757,301
frame_176,Rack_2,3,2,anw_med,0.9756568670272827,681,219,730,384,705,301
frame_176,Rack_2,9,2,anw_med,0.9531968832015991,630,220,680,384,655,302
frame_176,Rack_2,2,2,anw_med,0.9669459462165833,579,223,629,384,604,303
frame_176,Rack_2,50,15,pepsi_med,0.8836457133293152,535,225,577,384,556,304
frame_176,Rack_2,7,15,pepsi_med,0.9805071353912354,486,224,533,384,509,304
frame_176,Rack_2,10,15,pepsi_med,0.9413870573043823,437,225,484,384,460,304
frame_176,Rack_2,5,15,pepsi_med,0.9808353185653687,395,228,436,384,415,306
frame_176,Rack_2,8,15,pepsi_med,0.9335952401161194,344,228,392,385,368,306
frame_176,Rack_2,17,15,pepsi_med,0.9010369181632996,301,230,342,386,321,308
frame_176,Rack_2,4,13,kick_med,0.9733958840370178,252,231,300,396,276,313
frame_176,Rack_2,44,13,kick_med,0.8295517563819885,211,235,252,398,231,316
frame_176,Rack_2,22,13,kick_med,0.914280354976654,163,235,211,397,187,316
frame_176,Rack_2,26,13,kick_med,0.9220129251480103,119,240,162,399,140,319
frame_176,Rack_2,79,13,kick_med,0.7810829877853394,83,240,118,399,100,319
frame_176,Rack_2,90,13,kick_med,0.9469538927078247,41,243,82,399,61,321
frame_176,Rack_2,71,13,kick_med,0.6989615559577942,11,245,35,395,23,320
frame_177,Rack_2,40,3,coke_med,0.7424412369728088,1124,173,1181,384,1152,278
frame_177,Rack_2,1,3,coke_med,0.922361433506012,1068,185,1125,385,1096,285
frame_177,Rack_2,57,6,coke_v_med,0.6870893836021423,1007,185,1070,384,1038,284
frame_177,Rack_2,19,6,coke_v_med,0.9170898199081421,953,225,1008,384,980,304
frame_177,Rack_2,29,6,coke_v_med,0.8989394307136536,895,230,951,385,923,307
frame_177,Rack_2,33,2,anw_med,0.943103551864624,840,225,893,387,866,306
frame_177,Rack_2,11,2,anw_med,0.8980531692504883,787,226,839,387,813,306
frame_177,Rack_2,20,2,anw_med,0.941027820110321,734,224,785,388,759,306
frame_177,Rack_2,3,2,anw_med,0.9712837934494019,683,225,731,388,707,306
frame_177,Rack_2,9,2,anw_med,0.936669111251831,632,225,681,388,656,306
frame_177,Rack_2,2,2,anw_med,0.9703007340431213,580,226,631,388,605,307
frame_177,Rack_2,50,15,pepsi_med,0.9082400798797607,536,228,579,386,557,307
frame_177,Rack_2,7,15,pepsi_med,0.9650420546531677,489,228,535,387,512,307
frame_177,Rack_2,10,15,pepsi_med,0.9425204396247864,439,229,486,388,462,308
frame_177,Rack_2,5,15,pepsi_med,0.9872702360153198,396,231,437,388,416,309
frame_177,Rack_2,8,15,pepsi_med,0.9499170184135437,345,228,394,389,369,308
frame_177,Rack_2,17,15,pepsi_med,0.8572128415107727,302,231,344,389,323,310
frame_177,Rack_2,4,13,kick_med,0.9727916121482849,254,231,302,396,278,313
frame_177,Rack_2,44,13,kick_med,0.8781695365905762,213,237,254,398,233,317
frame_177,Rack_2,22,13,kick_med,0.9305102825164795,165,237,212,398,188,317
frame_177,Rack_2,26,13,kick_med,0.9329546689987183,121,240,164,399,142,319
frame_177,Rack_2,79,13,kick_med,0.7972657680511475,85,241,120,398,102,319
frame_177,Rack_2,90,13,kick_med,0.929498016834259,42,242,83,399,62,320
frame_177,Rack_2,71,13,kick_med,0.690060555934906,13,244,37,395,25,319
frame_178,Rack_2,40,3,coke_med,0.6551098227500916,1127,172,1184,384,1155,278
frame_178,Rack_2,1,3,coke_med,0.8771811723709106,1069,178,1128,385,1098,281
frame_178,Rack_2,57,6,coke_v_med,0.7477577328681946,1013,203,1070,385,1041,294
frame_178,Rack_2,19,6,coke_v_med,0.9422503709793091,956,231,1010,385,983,308
frame_178,Rack_2,29,6,coke_v_med,0.9279821515083313,894,213,956,386,925,299
frame_178,Rack_2,33,2,anw_med,0.8809664249420166,842,224,896,387,869,305
frame_178,Rack_2,11,2,anw_med,0.8936512470245361,790,225,842,387,816,306
frame_178,Rack_2,20,2,anw_med,0.9334967136383057,736,226,787,389,761,307
frame_178,Rack_2,3,2,anw_med,0.9595746994018555,685,224,734,389,709,306
frame_178,Rack_2,9,2,anw_med,0.8858832120895386,634,226,683,389,658,307
frame_178,Rack_2,2,2,anw_med,0.9650501012802124,582,228,633,388,607,308
frame_178,Rack_2,50,15,pepsi_med,0.9063993096351624,538,229,580,387,559,308
frame_178,Rack_2,7,15,pepsi_med,0.9607647657394409,490,229,537,388,513,308
frame_178,Rack_2,10,15,pepsi_med,0.9554113149642944,439,229,487,389,463,309
frame_178,Rack_2,5,15,pepsi_med,0.9810494184494019,398,234,438,389,418,311
frame_178,Rack_2,8,15,pepsi_med,0.9379449486732483,347,231,395,390,371,310
frame_178,Rack_2,17,15,pepsi_med,0.7406386137008667,305,232,346,390,325,311
frame_178,Rack_2,4,13,kick_med,0.9759899377822876,256,231,304,397,280,314
frame_178,Rack_2,44,13,kick_med,0.9500299692153931,215,237,255,398,235,317
frame_178,Rack_2,22,13,kick_med,0.9601598978042603,167,238,214,398,190,318
frame_178,Rack_2,26,13,kick_med,0.9735071659088135,122,239,166,399,144,319
frame_178,Rack_2,79,13,kick_med,0.9312068223953247,87,242,122,398,104,320
frame_178,Rack_2,90,13,kick_med,0.9353235960006714,45,241,86,397,65,319
frame_178,Rack_2,71,13,kick_med,0.6942328214645386,16,243,41,396,28,319
frame_179,Rack_2,39,3,coke_med,0.6255053281784058,1226,165,1280,383,1253,274
frame_179,Rack_2,40,3,coke_med,0.6476491093635559,1129,171,1187,384,1158,277
frame_179,Rack_2,1,3,coke_med,0.8983345627784729,1072,174,1131,386,1101,280
frame_179,Rack_2,57,6,coke_v_med,0.7453833222389221,1018,223,1070,385,1044,304
frame_179,Rack_2,19,6,coke_v_med,0.9516670107841492,959,231,1013,385,986,308
frame_179,Rack_2,29,6,coke_v_med,0.9306975603103638,898,224,956,386,927,305
frame_179,Rack_2,33,2,anw_med,0.8897531628608704,844,223,898,388,871,305
frame_179,Rack_2,11,2,anw_med,0.940721869468689,792,224,844,388,818,306
frame_179,Rack_2,20,2,anw_med,0.9582955837249756,738,225,790,390,764,307
frame_179,Rack_2,3,2,anw_med,0.9592921733856201,687,225,736,388,711,306
frame_179,Rack_2,9,2,anw_med,0.9177261590957642,636,225,686,390,661,307
frame_179,Rack_2,2,2,anw_med,0.9718217849731445,585,228,635,387,610,307
frame_179,Rack_2,50,15,pepsi_med,0.9088593125343323,540,229,583,388,561,308
frame_179,Rack_2,7,15,pepsi_med,0.9535884857177734,492,229,539,389,515,309
frame_179,Rack_2,10,15,pepsi_med,0.9611926674842834,442,230,489,390,465,310
frame_179,Rack_2,5,15,pepsi_med,0.9704640507698059,400,231,441,390,420,310
frame_179,Rack_2,8,15,pepsi_med,0.9526445865631104,349,229,398,391,373,310
frame_179,Rack_2,17,15,pepsi_med,0.7768662571907043,307,230,349,392,328,311
frame_179,Rack_2,4,13,kick_med,0.9028177857398987,259,233,306,397,282,315
frame_179,Rack_2,44,13,kick_med,0.9605649709701538,217,238,257,398,237,318
frame_179,Rack_2,22,13,kick_med,0.9691792726516724,169,239,216,399,192,319
frame_179,Rack_2,26,13,kick_med,0.9701400399208069,125,239,168,399,146,319
frame_179,Rack_2,79,13,kick_med,0.954763650894165,89,242,124,398,106,320
frame_179,Rack_2,90,13,kick_med,0.9397860169410706,47,241,89,398,68,319
frame_179,Rack_2,71,13,kick_med,0.8526265621185303,15,242,42,396,28,319
frame_180,Rack_2,40,3,coke_med,0.741740882396698,1132,171,1189,384,1160,277
frame_180,Rack_2,1,3,coke_med,0.9061170816421509,1074,174,1133,385,1103,279
frame_180,Rack_2,57,6,coke_v_med,0.8276892900466919,1015,191,1077,384,1046,287
frame_180,Rack_2,19,6,coke_v_med,0.9235926866531372,960,224,1017,386,988,305
frame_180,Rack_2,29,6,coke_v_med,0.8841753005981445,897,198,963,387,930,292
frame_180,Rack_2,33,2,anw_med,0.9293163418769836,843,199,904,388,873,293
frame_180,Rack_2,11,2,anw_med,0.9642251133918762,793,220,847,389,820,304
frame_180,Rack_2,20,2,anw_med,0.9674605131149292,741,221,793,390,767,305
frame_180,Rack_2,3,2,anw_med,0.9563501477241516,689,220,739,389,714,304
frame_180,Rack_2,9,2,anw_med,0.9514365792274475,638,224,688,389,663,306
frame_180,Rack_2,2,2,anw_med,0.96006840467453,587,230,637,387,612,308
frame_180,Rack_2,50,15,pepsi_med,0.9259265065193176,542,232,584,389,563,310
frame_180,Rack_2,7,15,pepsi_med,0.9376794695854187,494,234,540,389,517,311
frame_180,Rack_2,10,15,pepsi_med,0.9385380744934082,444,234,491,389,467,311
frame_180,Rack_2,5,15,pepsi_med,0.9383623003959656,402,235,442,389,422,312
frame_180,Rack_2,8,15,pepsi_med,0.9594114422798157,352,233,400,390,376,311
frame_180,Rack_2,17,15,pepsi_med,0.8279704451560974,309,230,351,393,330,311
frame_180,Rack_2,4,13,kick_med,0.9412032961845398,262,234,308,395,285,314
frame_180,Rack_2,44,13,kick_med,0.9736292958259583,219,238,259,396,239,317
frame_180,Rack_2,22,13,kick_med,0.9737115502357483,171,238,218,399,194,318
frame_180,Rack_2,26,13,kick_med,0.9541201591491699,127,239,170,398,148,318
frame_180,Rack_2,79,13,kick_med,0.977645754814148,91,243,126,397,108,320
frame_180,Rack_2,90,13,kick_med,0.9042511582374573,49,242,90,398,69,320
frame_180,Rack_2,71,13,kick_med,0.8613148331642151,15,243,43,397,29,320
frame_181,Rack_2,39,3,coke_med,0.5278881788253784,1229,162,1280,383,1254,272
frame_181,Rack_2,40,3,coke_med,0.6282073855400085,1135,170,1192,384,1163,277
frame_181,Rack_2,1,3,coke_med,0.8601634502410889,1077,172,1136,387,1106,279
frame_181,Rack_2,57,6,coke_v_med,0.8359734416007996,1018,180,1082,386,1050,283
frame_181,Rack_2,19,6,coke_v_med,0.8483643531799316,959,198,1024,387,991,292
frame_181,Rack_2,29,6,coke_v_med,0.8430342674255371,899,196,966,388,932,292
frame_181,Rack_2,33,2,anw_med,0.8697528839111328,848,220,903,390,875,305
frame_181,Rack_2,11,2,anw_med,0.924948513507843,796,228,848,390,822,309
frame_181,Rack_2,20,2,anw_med,0.9559345841407776,743,228,794,391,768,309
frame_181,Rack_2,3,2,anw_med,0.9370775818824768,692,229,740,390,716,309
frame_181,Rack_2,9,2,anw_med,0.9464781880378723,641,230,690,390,665,310
frame_181,Rack_2,2,2,anw_med,0.8818418383598328,589,233,639,388,614,310
frame_181,Rack_2,50,15,pepsi_med,0.9292157888412476,545,238,586,390,565,314
frame_181,Rack_2,7,15,pepsi_med,0.9192649722099304,496,237,542,390,519,313
frame_181,Rack_2,10,15,pepsi_med,0.93461012840271,446,237,492,390,469,313
frame_181,Rack_2,5,15,pepsi_med,0.9303701519966125,405,239,444,390,424,314
frame_181,Rack_2,8,15,pepsi_med,0.975055456161499,354,237,401,390,377,313
frame_181,Rack_2,17,15,pepsi_med,0.9023176431655884,311,235,352,391,331,313
frame_181,Rack_2,4,13,kick_med,0.9703811407089233,263,236,310,395,286,315
frame_181,Rack_2,44,13,kick_med,0.9519158601760864,221,239,261,397,241,318
frame_181,Rack_2,22,13,kick_med,0.9652090668678284,173,239,220,399,196,319
frame_181,Rack_2,26,13,kick_med,0.8738654255867004,130,239,173,399,151,319
frame_181,Rack_2,79,13,kick_med,0.964238166809082,94,243,128,398,111,320
frame_181,Rack_2,90,13,kick_med,0.8391387462615967,51,243,92,399,71,321
frame_181,Rack_2,71,13,kick_med,0.8673866987228394,18,243,47,398,32,320
frame_181,Rack_2,103,13,kick_med,0.9587734341621399,0,232,13,399,6,315
frame_182,Rack_2,13,3,coke_med,0.5250838994979858,1196,171,1247,383,1221,277
frame_182,Rack_2,40,3,coke_med,0.7866597771644592,1138,171,1195,384,1166,277
frame_182,Rack_2,1,3,coke_med,0.8891353607177734,1081,173,1139,387,1110,280
frame_182,Rack_2,57,6,coke_v_med,0.8644724488258362,1021,177,1086,386,1053,281
frame_182,Rack_2,19,6,coke_v_med,0.8994109630584717,960,191,1027,388,993,289
frame_182,Rack_2,29,6,coke_v_med,0.89168381690979,900,187,969,388,934,287
frame_182,Rack_2,33,2,anw_med,0.930533230304718,852,228,904,390,878,309
frame_182,Rack_2,11,2,anw_med,0.9165862202644348,797,214,852,389,824,301
frame_182,Rack_2,20,2,anw_med,0.9393605589866638,744,216,798,390,771,303
frame_182,Rack_2,3,2,anw_med,0.955605149269104,693,220,743,390,718,305
frame_182,Rack_2,9,2,anw_med,0.9578725099563599,642,225,692,389,667,307
frame_182,Rack_2,2,2,anw_med,0.9362940788269043,591,231,641,387,616,309
frame_182,Rack_2,50,15,pepsi_med,0.876824676990509,546,236,588,389,567,312
frame_182,Rack_2,7,15,pepsi_med,0.9065415859222412,498,231,545,390,521,310
frame_182,Rack_2,10,15,pepsi_med,0.9296838641166687,448,235,494,390,471,312
frame_182,Rack_2,5,15,pepsi_med,0.9497795701026917,406,237,446,389,426,313
frame_182,Rack_2,8,15,pepsi_med,0.9704309701919556,356,235,403,389,379,312
frame_182,Rack_2,17,15,pepsi_med,0.9507488012313843,313,235,354,390,333,312
frame_182,Rack_2,4,13,kick_med,0.9811670184135437,265,235,311,395,288,315
frame_182,Rack_2,44,13,kick_med,0.9325100779533386,223,237,264,397,243,317
frame_182,Rack_2,22,13,kick_med,0.9681826829910278,175,238,222,399,198,318
frame_182,Rack_2,26,13,kick_med,0.9238178730010986,132,241,174,398,153,319
frame_182,Rack_2,79,13,kick_med,0.9549497365951538,96,243,131,398,113,320
frame_182,Rack_2,90,13,kick_med,0.9185288548469543,54,244,94,398,74,321
frame_182,Rack_2,71,13,kick_med,0.8783581256866455,20,244,49,398,34,321
frame_182,Rack_2,103,13,kick_med,0.9466290473937988,0,232,13,398,6,315
frame_183,Rack_2,40,3,coke_med,0.6882357597351074,1139,171,1196,385,1167,278
frame_183,Rack_2,1,3,coke_med,0.9157742857933044,1083,173,1141,387,1112,280
frame_183,Rack_2,57,6,coke_v_med,0.8692147135734558,1024,175,1089,387,1056,281
frame_183,Rack_2,19,6,coke_v_med,0.8783330917358398,962,182,1031,388,996,285
frame_183,Rack_2,29,6,coke_v_med,0.8533787131309509,902,183,971,389,936,286
frame_183,Rack_2,33,2,anw_med,0.9219664931297302,855,231,906,390,880,310
frame_183,Rack_2,11,2,anw_med,0.9010086059570312,801,227,853,391,827,309
frame_183,Rack_2,20,2,anw_med,0.9141403436660767,747,228,799,391,773,309
frame_183,Rack_2,3,2,anw_med,0.9546360969543457,696,231,744,391,720,311
frame_183,Rack_2,9,2,anw_med,0.9380184412002563,645,234,693,390,669,312
frame_183,Rack_2,2,2,anw_med,0.935188889503479,593,234,643,390,618,312
frame_183,Rack_2,50,15,pepsi_med,0.92760169506073,548,240,589,390,568,315
frame_183,Rack_2,7,15,pepsi_med,0.9325912594795227,500,236,546,391,523,313
frame_183,Rack_2,10,15,pepsi_med,0.9330683350563049,450,239,495,390,472,314
frame_183,Rack_2,5,15,pepsi_med,0.9537980556488037,408,242,447,390,427,316
frame_183,Rack_2,8,15,pepsi_med,0.965674102306366,358,239,404,390,381,314
frame_183,Rack_2,17,15,pepsi_med,0.9491658210754395,315,239,355,390,335,314
frame_183,Rack_2,4,13,kick_med,0.9853460788726807,267,238,313,396,290,317
frame_183,Rack_2,44,13,kick_med,0.9122067093849182,225,238,265,398,245,318
frame_183,Rack_2,22,13,kick_med,0.9376887083053589,177,239,225,399,201,319
frame_183,Rack_2,26,13,kick_med,0.9469515085220337,134,242,176,398,155,320
frame_183,Rack_2,79,13,kick_med,0.9139944314956665,98,242,133,399,115,320
frame_183,Rack_2,90,13,kick_med,0.9364970922470093,55,244,96,398,75,321
frame_183,Rack_2,71,13,kick_med,0.7342274785041809,23,243,53,398,38,320
frame_183,Rack_2,103,13,kick_med,0.9815481901168823,2,226,16,399,9,312
frame_184,Rack_2,40,3,coke_med,0.6829050779342651,1141,172,1197,385,1169,278
frame_184,Rack_2,1,3,coke_med,0.9037768244743347,1087,173,1144,387,1115,280
frame_184,Rack_2,57,6,coke_v_med,0.8943996429443359,1026,175,1091,387,1058,281
frame_184,Rack_2,19,6,coke_v_med,0.8518152832984924,964,181,1033,388,998,284
frame_184,Rack_2,29,6,coke_v_med,0.8683140873908997,904,182,973,389,938,285
frame_184,Rack_2,33,2,anw_med,0.903755784034729,856,229,909,391,882,310
frame_184,Rack_2,11,2,anw_med,0.8786948323249817,804,233,854,392,829,312
frame_184,Rack_2,20,2,anw_med,0.9176015853881836,750,231,800,391,775,311
frame_184,Rack_2,3,2,anw_med,0.965692400932312,698,233,746,391,722,312
frame_184,Rack_2,9,2,anw_med,0.9453827738761902,647,237,694,391,670,314
frame_184,Rack_2,2,2,anw_med,0.9457022547721863,595,236,644,392,619,314
frame_184,Rack_2,50,15,pepsi_med,0.946706235408783,550,241,591,390,570,315
frame_184,Rack_2,7,15,pepsi_med,0.9226821064949036,501,239,547,391,524,315
frame_184,Rack_2,10,15,pepsi_med,0.9391615390777588,452,241,497,390,474,315
frame_184,Rack_2,5,15,pepsi_med,0.9696778059005737,409,244,448,390,428,317
frame_184,Rack_2,8,15,pepsi_med,0.9584749341011047,359,241,405,390,382,315
frame_184,Rack_2,17,15,pepsi_med,0.9386489391326904,317,240,356,391,336,315
frame_184,Rack_2,4,13,kick_med,0.9800752401351929,268,238,314,397,291,317
frame_184,Rack_2,44,13,kick_med,0.8488585948944092,226,238,267,399,246,318
frame_184,Rack_2,22,13,kick_med,0.9110036492347717,179,239,226,399,202,319
frame_184,Rack_2,26,13,kick_med,0.9523305296897888,135,242,177,398,156,320
frame_184,Rack_2,79,13,kick_med,0.8427965044975281,99,242,134,399,116,320
frame_184,Rack_2,90,13,kick_med,0.9274951219558716,57,244,98,398,77,321
frame_184,Rack_2,71,13,kick_med,0.7683102488517761,24,244,54,398,39,321
frame_184,Rack_2,103,13,kick_med,0.9801274538040161,3,229,17,399,10,314
frame_185,Rack_2,40,3,coke_med,0.6922491788864136,1145,172,1200,385,1172,278
frame_185,Rack_2,1,3,coke_med,0.9122017025947571,1089,173,1147,387,1118,280
frame_185,Rack_2,57,6,coke_v_med,0.8805673122406006,1028,175,1092,387,1060,281
frame_185,Rack_2,19,6,coke_v_med,0.8852141499519348,965,179,1034,389,999,284
frame_185,Rack_2,29,6,coke_v_med,0.9317971467971802,906,181,974,390,940,285
frame_185,Rack_2,33,2,anw_med,0.8702088594436646,858,233,910,392,884,312
frame_185,Rack_2,11,2,anw_med,0.8768832683563232,806,237,856,393,831,315
frame_185,Rack_2,20,2,anw_med,0.9069651961326599,751,234,801,391,776,312
frame_185,Rack_2,3,2,anw_med,0.9695678353309631,700,235,747,392,723,313
frame_185,Rack_2,9,2,anw_med,0.9485064148902893,649,238,696,391,672,314
frame_185,Rack_2,2,2,anw_med,0.9672834277153015,596,237,646,392,621,314
frame_185,Rack_2,50,15,pepsi_med,0.9320178627967834,551,243,592,391,571,317
frame_185,Rack_2,7,15,pepsi_med,0.9439004063606262,503,240,548,391,525,315
frame_185,Rack_2,10,15,pepsi_med,0.947007417678833,453,242,499,391,476,316
frame_185,Rack_2,5,15,pepsi_med,0.9777307510375977,411,244,450,391,430,317
frame_185,Rack_2,8,15,pepsi_med,0.9578279256820679,361,242,407,391,384,316
frame_185,Rack_2,17,15,pepsi_med,0.9336791634559631,318,241,358,392,338,316
frame_185,Rack_2,4,13,kick_med,0.9791427850723267,269,238,316,397,292,317
frame_185,Rack_2,44,13,kick_med,0.859769344329834,228,240,268,398,248,319
frame_185,Rack_2,22,13,kick_med,0.9171532988548279,180,240,227,399,203,319
frame_185,Rack_2,26,13,kick_med,0.9681971073150635,136,242,179,398,157,320
frame_185,Rack_2,79,13,kick_med,0.8783974051475525,101,243,136,399,118,321
frame_185,Rack_2,90,13,kick_med,0.9392408728599548,58,244,99,398,78,321
frame_185,Rack_2,71,13,kick_med,0.7942954301834106,24,245,55,399,39,322
frame_185,Rack_2,103,13,kick_med,0.9802375435829163,3,232,17,399,10,315
frame_186,Rack_2,40,3,coke_med,0.7099974155426025,1147,172,1202,386,1174,279
frame_186,Rack_2,1,3,coke_med,0.9223232269287109,1091,173,1148,388,1119,280
frame_186,Rack_2,57,6,coke_v_med,0.7876614928245544,1031,176,1094,387,1062,281
frame_186,Rack_2,19,6,coke_v_med,0.9197150468826294,968,179,1036,389,1002,284
frame_186,Rack_2,29,6,coke_v_med,0.9507023692131042,908,181,975,390,941,285
frame_186,Rack_2,33,2,anw_med,0.8690963983535767,860,233,912,392,886,312
frame_186,Rack_2,11,2,anw_med,0.8828817009925842,807,239,857,392,832,315
frame_186,Rack_2,20,2,anw_med,0.9346920847892761,753,234,804,392,778,313
frame_186,Rack_2,3,2,anw_med,0.9734886288642883,701,236,749,391,725,313
frame_186,Rack_2,9,2,anw_med,0.9468876123428345,651,237,698,391,674,314
frame_186,Rack_2,2,2,anw_med,0.9660915732383728,598,238,648,393,623,315
frame_186,Rack_2,50,15,pepsi_med,0.9468495845794678,553,243,594,391,573,317
frame_186,Rack_2,7,15,pepsi_med,0.9586130380630493,504,241,550,391,527,316
frame_186,Rack_2,10,15,pepsi_med,0.9609125256538391,455,242,500,391,477,316
frame_186,Rack_2,5,15,pepsi_med,0.9778527021408081,413,244,452,391,432,317
frame_186,Rack_2,8,15,pepsi_med,0.9653499126434326,362,242,408,391,385,316
frame_186,Rack_2,17,15,pepsi_med,0.9206706881523132,319,241,359,392,339,316
frame_186,Rack_2,4,13,kick_med,0.9805639386177063,270,239,317,398,293,318
frame_186,Rack_2,44,13,kick_med,0.8942583799362183,229,241,269,398,249,319
frame_186,Rack_2,22,13,kick_med,0.9421684145927429,181,241,228,399,204,320
frame_186,Rack_2,26,13,kick_med,0.9745296239852905,137,242,180,398,158,320
frame_186,Rack_2,79,13,kick_med,0.902297854423523,102,244,137,398,119,321
frame_186,Rack_2,90,13,kick_med,0.9375238418579102,59,244,100,399,79,321
frame_186,Rack_2,71,13,kick_med,0.8479282259941101,24,245,56,399,40,322
frame_186,Rack_2,103,13,kick_med,0.9814904928207397,3,237,17,399,10,318
frame_187,Rack_2,40,3,coke_med,0.6681423187255859,1148,173,1203,386,1175,279
frame_187,Rack_2,1,3,coke_med,0.9362255334854126,1093,173,1150,388,1121,280
frame_187,Rack_2,57,6,coke_v_med,0.709260880947113,1033,176,1096,389,1064,282
frame_187,Rack_2,19,6,coke_v_med,0.9153612852096558,970,179,1037,390,1003,284
frame_187,Rack_2,29,6,coke_v_med,0.8623101115226746,910,181,976,391,943,286
frame_187,Rack_2,33,2,anw_med,0.8828941583633423,861,230,914,393,887,311
frame_187,Rack_2,11,2,anw_med,0.8840860724449158,808,238,859,393,833,315
frame_187,Rack_2,20,2,anw_med,0.9229118824005127,754,234,805,393,779,313
frame_187,Rack_2,3,2,anw_med,0.9546427130699158,703,237,751,393,727,315
frame_187,Rack_2,9,2,anw_med,0.9242613315582275,651,230,700,391,675,310
frame_187,Rack_2,2,2,anw_med,0.9595892429351807,599,239,649,394,624,316
frame_187,Rack_2,50,15,pepsi_med,0.9473154544830322,554,243,596,391,575,317
frame_187,Rack_2,7,15,pepsi_med,0.9538648724555969,506,241,551,392,528,316
frame_187,Rack_2,10,15,pepsi_med,0.9717457890510559,456,243,502,392,479,317
frame_187,Rack_2,5,15,pepsi_med,0.9766939878463745,414,245,454,393,434,319
frame_187,Rack_2,8,15,pepsi_med,0.9454542398452759,363,241,410,392,386,316
frame_187,Rack_2,17,15,pepsi_med,0.8720869421958923,320,239,361,395,340,317
frame_187,Rack_2,4,13,kick_med,0.9818263053894043,272,239,318,398,295,318
frame_187,Rack_2,44,13,kick_med,0.9488281607627869,231,241,270,398,250,319
frame_187,Rack_2,22,13,kick_med,0.9579522609710693,183,241,229,399,206,320
frame_187,Rack_2,26,13,kick_med,0.9760067462921143,139,242,181,398,160,320
frame_187,Rack_2,79,13,kick_med,0.9465302228927612,104,244,138,398,121,321
frame_187,Rack_2,90,13,kick_med,0.8967950940132141,61,244,102,399,81,321
frame_187,Rack_2,71,13,kick_med,0.8403197526931763,23,244,56,399,39,321
frame_187,Rack_2,103,13,kick_med,0.9806160926818848,1,235,16,400,8,317
frame_188,Rack_2,40,3,coke_med,0.6529674530029297,1152,173,1207,387,1179,280
frame_188,Rack_2,1,3,coke_med,0.925778865814209,1096,174,1152,389,1124,281
frame_188,Rack_2,57,6,coke_v_med,0.7431679368019104,1035,178,1098,390,1066,284
frame_188,Rack_2,19,6,coke_v_med,0.9132876396179199,972,179,1039,391,1005,285
frame_188,Rack_2,29,6,coke_v_med,0.8186601996421814,912,182,978,391,945,286
frame_188,Rack_2,33,2,anw_med,0.8580566644668579,863,233,915,393,889,313
frame_188,Rack_2,11,2,anw_med,0.9092810750007629,810,240,860,393,835,316
frame_188,Rack_2,20,2,anw_med,0.917130172252655,756,237,806,394,781,315
frame_188,Rack_2,3,2,anw_med,0.9535000324249268,704,232,753,392,728,312
frame_188,Rack_2,9,2,anw_med,0.9259592294692993,653,236,702,392,677,314
frame_188,Rack_2,2,2,anw_med,0.9512131214141846,601,240,651,394,626,317
frame_188,Rack_2,50,15,pepsi_med,0.9374589920043945,555,242,597,392,576,317
frame_188,Rack_2,7,15,pepsi_med,0.9611291289329529,507,241,553,392,530,316
frame_188,Rack_2,10,15,pepsi_med,0.975866973400116,457,242,503,392,480,317
frame_188,Rack_2,5,15,pepsi_med,0.9703059196472168,415,243,455,393,435,318
frame_188,Rack_2,8,15,pepsi_med,0.9363982081413269,364,240,412,392,388,316
frame_188,Rack_2,17,15,pepsi_med,0.8862105011940002,321,238,362,397,341,317
frame_188,Rack_2,4,13,kick_med,0.9759220480918884,273,239,320,399,296,319
frame_188,Rack_2,44,13,kick_med,0.9648213982582092,232,241,271,398,251,319
frame_188,Rack_2,22,13,kick_med,0.9693495035171509,184,241,230,399,207,320
frame_188,Rack_2,26,13,kick_med,0.9681578874588013,140,241,183,400,161,320
frame_188,Rack_2,79,13,kick_med,0.954950749874115,105,245,139,398,122,321
frame_188,Rack_2,90,13,kick_med,0.9015506505966187,62,244,104,399,83,321
frame_188,Rack_2,71,13,kick_med,0.7462168335914612,23,244,56,399,39,321
frame_188,Rack_2,103,13,kick_med,0.9580427408218384,0,234,15,400,7,317
frame_189,Rack_2,40,3,coke_med,0.7092369198799133,1155,172,1212,388,1183,280
frame_189,Rack_2,1,3,coke_med,0.942331850528717,1098,176,1153,390,1125,283
frame_189,Rack_2,57,6,coke_v_med,0.7783772945404053,1037,178,1099,391,1068,284
frame_189,Rack_2,19,6,coke_v_med,0.9288743734359741,974,180,1040,391,1007,285
frame_189,Rack_2,29,6,coke_v_med,0.8149099946022034,916,193,978,392,947,292
frame_189,Rack_2,33,2,anw_med,0.826145589351654,864,234,917,395,890,314
frame_189,Rack_2,11,2,anw_med,0.9198381900787354,811,241,861,395,836,318
frame_189,Rack_2,20,2,anw_med,0.9195530414581299,758,240,808,395,783,317
frame_189,Rack_2,3,2,anw_med,0.9340257048606873,703,220,757,394,730,307
frame_189,Rack_2,9,2,anw_med,0.9110828638076782,655,239,703,395,679,317
frame_189,Rack_2,2,2,anw_med,0.9402957558631897,602,241,653,396,627,318
frame_189,Rack_2,50,15,pepsi_med,0.8939398527145386,557,241,599,393,578,317
frame_189,Rack_2,7,15,pepsi_med,0.9524521231651306,509,240,555,393,532,316
frame_189,Rack_2,10,15,pepsi_med,0.9787991046905518,458,242,505,393,481,317
frame_189,Rack_2,5,15,pepsi_med,0.9511193037033081,416,242,457,394,436,318
frame_189,Rack_2,8,15,pepsi_med,0.9022439122200012,366,240,414,394,390,317
frame_189,Rack_2,17,15,pepsi_med,0.919228196144104,323,239,364,398,343,318
frame_189,Rack_2,4,13,kick_med,0.9464325904846191,274,240,321,399,297,319
frame_189,Rack_2,44,13,kick_med,0.9713100790977478,233,242,272,399,252,320
frame_189,Rack_2,22,13,kick_med,0.9821642637252808,185,242,232,400,208,321
frame_189,Rack_2,26,13,kick_med,0.9403056502342224,142,241,185,400,163,320
frame_189,Rack_2,79,13,kick_med,0.9595679044723511,106,245,141,399,123,322
frame_189,Rack_2,90,13,kick_med,0.8958314657211304,64,243,106,400,85,321
frame_189,Rack_2,71,13,kick_med,0.7329070568084717,23,244,58,400,40,322
frame_189,Rack_2,103,13,kick_med,0.959102988243103,0,233,15,400,7,316
frame_190,Rack_2,40,3,coke_med,0.7717363238334656,1157,173,1213,389,1185,281
frame_190,Rack_2,1,3,coke_med,0.953783392906189,1100,176,1155,391,1127,283
frame_190,Rack_2,57,6,coke_v_med,0.7052940726280212,1038,178,1100,392,1069,285
frame_190,Rack_2,19,6,coke_v_med,0.8845634460449219,975,180,1041,393,1008,286
frame_190,Rack_2,29,6,coke_v_med,0.7941060066223145,921,215,977,393,949,304
frame_190,Rack_2,33,2,anw_med,0.8662821650505066,866,239,918,396,892,317
frame_190,Rack_2,11,2,anw_med,0.9101185202598572,812,241,863,396,837,318
frame_190,Rack_2,20,2,anw_med,0.9280555844306946,758,240,809,396,783,318
frame_190,Rack_2,3,2,anw_med,0.9334288835525513,706,232,756,396,731,314
frame_190,Rack_2,9,2,anw_med,0.9263532161712646,656,239,704,396,680,317
frame_190,Rack_2,2,2,anw_med,0.896266758441925,603,241,654,397,628,319
frame_190,Rack_2,50,15,pepsi_med,0.9002100229263306,558,241,601,395,579,318
frame_190,Rack_2,7,15,pepsi_med,0.9506043195724487,510,240,556,394,533,317
frame_190,Rack_2,10,15,pepsi_med,0.9753245115280151,459,242,506,394,482,318
frame_190,Rack_2,5,15,pepsi_med,0.9262037873268127,417,241,458,395,437,318
frame_190,Rack_2,8,15,pepsi_med,0.9255141019821167,367,240,415,395,391,317
frame_190,Rack_2,17,15,pepsi_med,0.9254343509674072,324,239,366,398,345,318
frame_190,Rack_2,4,13,kick_med,0.9425987005233765,276,239,322,399,299,319
frame_190,Rack_2,44,13,kick_med,0.9783308506011963,234,241,274,399,254,320
frame_190,Rack_2,22,13,kick_med,0.982191264629364,187,242,233,400,210,321
frame_190,Rack_2,26,13,kick_med,0.9470265507698059,143,241,186,400,164,320
frame_190,Rack_2,79,13,kick_med,0.9735422730445862,108,246,142,399,125,322
frame_190,Rack_2,90,13,kick_med,0.8264638185501099,65,244,107,400,86,322
frame_190,Rack_2,71,13,kick_med,0.8043394088745117,23,244,59,400,41,322
frame_190,Rack_2,103,13,kick_med,0.8321033120155334,0,235,14,400,7,317
frame_191,Rack_2,40,3,coke_med,0.7783556580543518,1158,173,1215,390,1186,281
frame_191,Rack_2,1,3,coke_med,0.9556770324707031,1101,176,1156,391,1128,283
frame_191,Rack_2,57,6,coke_v_med,0.6727905869483948,1040,178,1102,392,1071,285
frame_191,Rack_2,19,6,coke_v_med,0.8596956729888916,978,182,1042,393,1010,287
frame_191,Rack_2,29,6,coke_v_med,0.8102988004684448,922,206,981,394,951,300
frame_191,Rack_2,33,2,anw_med,0.8712171912193298,867,238,920,396,893,317
frame_191,Rack_2,11,2,anw_med,0.8994342088699341,810,219,867,396,838,307
frame_191,Rack_2,20,2,anw_med,0.9364147186279297,759,236,811,397,785,316
frame_191,Rack_2,3,2,anw_med,0.9391607046127319,707,235,757,396,732,315
frame_191,Rack_2,9,2,anw_med,0.955467939376831,657,238,706,396,681,317
frame_191,Rack_2,2,2,anw_med,0.8888890743255615,604,240,656,397,630,318
frame_191,Rack_2,50,15,pepsi_med,0.8718230128288269,559,241,602,395,580,318
frame_191,Rack_2,7,15,pepsi_med,0.9386570453643799,511,242,558,394,534,318
frame_191,Rack_2,10,15,pepsi_med,0.9447146654129028,461,244,508,394,484,319
frame_191,Rack_2,5,15,pepsi_med,0.9264748096466064,418,240,460,396,439,318
frame_191,Rack_2,8,15,pepsi_med,0.9123699069023132,369,242,417,395,393,318
frame_191,Rack_2,17,15,pepsi_med,0.932217001914978,326,239,367,398,346,318
frame_191,Rack_2,4,13,kick_med,0.9411453008651733,277,239,324,399,300,319
frame_191,Rack_2,44,13,kick_med,0.9728269577026367,236,241,275,399,255,320
frame_191,Rack_2,22,13,kick_med,0.974202036857605,188,240,235,400,211,320
frame_191,Rack_2,26,13,kick_med,0.9189174175262451,145,241,188,401,166,321
frame_191,Rack_2,79,13,kick_med,0.9696868658065796,109,247,143,399,126,323
frame_191,Rack_2,90,13,kick_med,0.842566728591919,67,246,108,400,87,323
frame_191,Rack_2,71,13,kick_med,0.833973228931427,23,246,60,400,41,323
frame_192,Rack_2,13,3,coke_med,0.5916504263877869,1218,170,1270,388,1244,279
frame_192,Rack_2,40,3,coke_med,0.7338124513626099,1158,172,1215,390,1186,281
frame_192,Rack_2,1,3,coke_med,0.9461899399757385,1102,175,1157,391,1129,283
frame_192,Rack_2,57,6,coke_v_med,0.707412838935852,1042,178,1103,392,1072,285
frame_192,Rack_2,19,6,coke_v_med,0.8702828884124756,980,184,1044,393,1012,288
frame_192,Rack_2,29,6,coke_v_med,0.8474046587944031,922,195,984,394,953,294
frame_192,Rack_2,33,2,anw_med,0.9187983870506287,868,238,922,397,895,317
frame_192,Rack_2,11,2,anw_med,0.9030606746673584,812,225,868,397,840,311
frame_192,Rack_2,20,2,anw_med,0.9301791787147522,760,236,813,397,786,316
frame_192,Rack_2,3,2,anw_med,0.943954586982727,709,238,758,397,733,317
frame_192,Rack_2,9,2,anw_med,0.9440655708312988,658,237,707,397,682,317
frame_192,Rack_2,2,2,anw_med,0.87507563829422,605,239,657,397,631,318
frame_192,Rack_2,50,15,pepsi_med,0.8694096803665161,560,241,603,396,581,318
frame_192,Rack_2,7,15,pepsi_med,0.9393498301506042,512,240,560,396,536,318
frame_192,Rack_2,10,15,pepsi_med,0.9346705079078674,461,239,510,396,485,317
frame_192,Rack_2,5,15,pepsi_med,0.9381759166717529,420,239,461,397,440,318
frame_192,Rack_2,8,15,pepsi_med,0.9499137997627258,370,241,418,396,394,318
frame_192,Rack_2,17,15,pepsi_med,0.9403625726699829,327,241,368,397,347,319
frame_192,Rack_2,4,13,kick_med,0.9333916306495667,278,239,325,399,301,319
frame_192,Rack_2,44,13,kick_med,0.9586225748062134,237,242,277,399,257,320
frame_192,Rack_2,22,13,kick_med,0.9700311422348022,189,240,236,400,212,320
frame_192,Rack_2,26,13,kick_med,0.8305886387825012,146,243,189,399,167,321
frame_192,Rack_2,79,13,kick_med,0.9633328318595886,111,247,145,399,128,323
frame_192,Rack_2,90,13,kick_med,0.908484697341919,69,248,110,399,89,323
frame_192,Rack_2,71,13,kick_med,0.8584784269332886,28,247,65,399,46,323
frame_192,Rack_2,106,13,kick_med,0.7695206999778748,0,250,38,399,19,324
frame_193,Rack_2,13,3,coke_med,0.5281800031661987,1220,170,1272,389,1246,279
frame_193,Rack_2,40,3,coke_med,0.717893660068512,1160,172,1218,390,1189,281
frame_193,Rack_2,1,3,coke_med,0.8959111571311951,1104,174,1160,391,1132,282
frame_193,Rack_2,57,6,coke_v_med,0.6531156897544861,1043,177,1104,392,1073,284
frame_193,Rack_2,19,6,coke_v_med,0.8253996968269348,983,185,1046,393,1014,289
frame_193,Rack_2,29,6,coke_v_med,0.8194267153739929,924,188,987,394,955,291
frame_193,Rack_2,33,2,anw_med,0.9256271719932556,869,234,924,397,896,315
frame_193,Rack_2,11,2,anw_med,0.9104316234588623,815,231,869,397,842,314
frame_193,Rack_2,20,2,anw_med,0.9106290340423584,762,238,814,397,788,317
frame_193,Rack_2,3,2,anw_med,0.9615487456321716,710,238,760,397,735,317
frame_193,Rack_2,9,2,anw_med,0.9489100575447083,659,237,708,397,683,317
frame_193,Rack_2,2,2,anw_med,0.9254066944122314,607,239,659,397,633,318
frame_193,Rack_2,50,15,pepsi_med,0.8372564315795898,561,241,605,396,583,318
frame_193,Rack_2,7,15,pepsi_med,0.9342513084411621,513,239,561,397,537,318
frame_193,Rack_2,10,15,pepsi_med,0.9276710152626038,463,238,511,397,487,317
frame_193,Rack_2,5,15,pepsi_med,0.9552951455116272,421,238,463,397,442,317
frame_193,Rack_2,8,15,pepsi_med,0.9511271715164185,371,241,419,396,395,318
frame_193,Rack_2,17,15,pepsi_med,0.9548217058181763,329,242,370,397,349,319
frame_193,Rack_2,4,13,kick_med,0.950459361076355,280,239,326,399,303,319
frame_193,Rack_2,44,13,kick_med,0.9293956756591797,238,241,278,399,258,320
frame_193,Rack_2,22,13,kick_med,0.961162805557251,191,240,238,400,214,320
frame_193,Rack_2,26,13,kick_med,0.9165815114974976,148,244,190,399,169,321
frame_193,Rack_2,79,13,kick_med,0.9593539237976074,113,247,147,399,130,323
frame_193,Rack_2,90,13,kick_med,0.9268350601196289,70,248,111,399,90,323
frame_193,Rack_2,71,13,kick_med,0.8495982885360718,33,247,69,399,51,323
frame_193,Rack_2,106,13,kick_med,0.7888608574867249,0,250,38,399,19,324
frame_194,Rack_2,13,3,coke_med,0.6419644355773926,1223,171,1274,389,1248,280
frame_194,Rack_2,40,3,coke_med,0.6535239219665527,1163,172,1220,390,1191,281
frame_194,Rack_2,1,3,coke_med,0.9235990643501282,1106,174,1162,391,1134,282
frame_194,Rack_2,57,6,coke_v_med,0.7177987694740295,1045,178,1106,392,1075,285
frame_194,Rack_2,19,6,coke_v_med,0.8549376726150513,985,185,1047,393,1016,289
frame_194,Rack_2,29,6,coke_v_med,0.8567883372306824,925,186,989,395,957,290
frame_194,Rack_2,33,2,anw_med,0.9353057742118835,871,235,925,396,898,315
frame_194,Rack_2,11,2,anw_med,0.9060888886451721,817,234,870,397,843,315
frame_194,Rack_2,20,2,anw_med,0.8948104381561279,764,239,815,397,789,318
frame_194,Rack_2,3,2,anw_med,0.961310863494873,712,238,761,397,736,317
frame_194,Rack_2,9,2,anw_med,0.9425675272941589,660,238,710,397,685,317
frame_194,Rack_2,2,2,anw_med,0.941890299320221,608,239,660,398,634,318
frame_194,Rack_2,50,15,pepsi_med,0.866524338722229,563,241,606,395,584,318
frame_194,Rack_2,7,15,pepsi_med,0.9270746111869812,515,239,563,397,539,318
frame_194,Rack_2,10,15,pepsi_med,0.9334755539894104,464,238,513,398,488,318
frame_194,Rack_2,5,15,pepsi_med,0.9590585827827454,423,241,464,396,443,318
frame_194,Rack_2,8,15,pepsi_med,0.944525957107544,373,241,421,396,397,318
frame_194,Rack_2,17,15,pepsi_med,0.9690789580345154,330,241,371,396,350,318
frame_194,Rack_2,4,13,kick_med,0.9612295627593994,281,239,328,399,304,319
frame_194,Rack_2,44,13,kick_med,0.917468786239624,240,240,280,399,260,319
frame_194,Rack_2,22,13,kick_med,0.9534886479377747,193,240,240,400,216,320
frame_194,Rack_2,26,13,kick_med,0.9453669786453247,150,242,192,400,171,321
frame_194,Rack_2,79,13,kick_med,0.9122248291969299,114,247,148,399,131,323
frame_194,Rack_2,90,13,kick_med,0.9314822554588318,72,248,113,399,92,323
frame_194,Rack_2,71,13,kick_med,0.8857390880584717,36,248,71,399,53,323
frame_194,Rack_2,106,13,kick_med,0.8080506324768066,0,250,38,399,19,324
frame_195,Rack_2,13,3,coke_med,0.53107088804245,1224,171,1274,389,1249,280
frame_195,Rack_2,40,3,coke_med,0.6501168012619019,1166,172,1223,390,1194,281
frame_195,Rack_2,1,3,coke_med,0.9462672472000122,1109,175,1164,391,1136,283
frame_195,Rack_2,57,6,coke_v_med,0.6890218257904053,1047,178,1108,391,1077,284
frame_195,Rack_2,19,6,coke_v_med,0.8387024402618408,987,184,1049,393,1018,288
frame_195,Rack_2,29,6,coke_v_med,0.8173913359642029,927,184,991,395,959,289
frame_195,Rack_2,33,2,anw_med,0.9105748534202576,873,234,928,396,900,315
frame_195,Rack_2,11,2,anw_med,0.8836395740509033,820,237,872,397,846,317
frame_195,Rack_2,20,2,anw_med,0.8949811458587646,765,237,817,397,791,317
frame_195,Rack_2,3,2,anw_med,0.9603941440582275,713,236,763,397,738,316
frame_195,Rack_2,9,2,anw_med,0.9420878887176514,662,239,711,397,686,318
frame_195,Rack_2,2,2,anw_med,0.9467485547065735,610,239,662,398,636,318
frame_195,Rack_2,50,15,pepsi_med,0.8512300252914429,564,240,607,394,585,317
frame_195,Rack_2,7,15,pepsi_med,0.9125744700431824,516,241,563,395,539,318
frame_195,Rack_2,10,15,pepsi_med,0.9329148530960083,466,238,515,398,490,318
frame_195,Rack_2,5,15,pepsi_med,0.9664285182952881,425,244,465,396,445,320
frame_195,Rack_2,8,15,pepsi_med,0.9357475638389587,374,242,422,396,398,319
frame_195,Rack_2,17,15,pepsi_med,0.9722983241081238,332,242,372,396,352,319
frame_195,Rack_2,4,13,kick_med,0.9781064987182617,283,239,329,399,306,319
frame_195,Rack_2,44,13,kick_med,0.8478474020957947,241,239,282,400,261,319
frame_195,Rack_2,22,13,kick_med,0.935370683670044,194,239,241,400,217,319
frame_195,Rack_2,26,13,kick_med,0.9516465067863464,151,243,193,399,172,321
frame_195,Rack_2,79,13,kick_med,0.8066374659538269,116,246,150,398,133,322
frame_195,Rack_2,90,13,kick_med,0.9413158893585205,73,248,114,398,93,323
frame_195,Rack_2,71,13,kick_med,0.8994550108909607,37,248,73,399,55,323
frame_195,Rack_2,106,13,kick_med,0.7523331046104431,1,251,38,399,19,325
frame_196,Rack_2,40,3,coke_med,0.6028575897216797,1168,172,1226,391,1197,281
frame_196,Rack_2,1,3,coke_med,0.9142221212387085,1111,175,1167,392,1139,283
frame_196,Rack_2,57,6,coke_v_med,0.6471545696258545,1051,178,1111,392,1081,285
frame_196,Rack_2,19,6,coke_v_med,0.8211753964424133,989,183,1052,393,1020,288
frame_196,Rack_2,29,6,coke_v_med,0.8361522555351257,928,183,992,395,960,289
frame_196,Rack_2,33,2,anw_med,0.8814688920974731,875,233,930,396,902,314
frame_196,Rack_2,11,2,anw_med,0.904869794845581,822,239,873,397,847,318
frame_196,Rack_2,20,2,anw_med,0.9384958148002625,767,238,820,398,793,318
frame_196,Rack_2,3,2,anw_med,0.9537403583526611,715,237,765,397,740,317
frame_196,Rack_2,9,2,anw_med,0.9231955409049988,664,239,713,397,688,318
frame_196,Rack_2,2,2,anw_med,0.9605709910392761,611,239,663,397,637,318
frame_196,Rack_2,50,15,pepsi_med,0.8952912092208862,566,241,609,394,587,317
frame_196,Rack_2,7,15,pepsi_med,0.9496994614601135,518,242,564,395,541,318
frame_196,Rack_2,10,15,pepsi_med,0.9402865171432495,467,238,516,397,491,317
frame_196,Rack_2,5,15,pepsi_med,0.9804243445396423,427,244,467,395,447,319
frame_196,Rack_2,8,15,pepsi_med,0.9283971786499023,376,242,424,395,400,318
frame_196,Rack_2,17,15,pepsi_med,0.9569294452667236,333,242,374,395,353,318
frame_196,Rack_2,4,13,kick_med,0.9807443022727966,285,239,331,399,308,319
frame_196,Rack_2,44,13,kick_med,0.8126722574234009,243,239,284,399,263,319
frame_196,Rack_2,22,13,kick_med,0.948373556137085,196,240,243,399,219,319
frame_196,Rack_2,26,13,kick_med,0.9644804000854492,153,243,195,399,174,321
frame_196,Rack_2,79,13,kick_med,0.8578538298606873,118,246,152,398,135,322
frame_196,Rack_2,90,13,kick_med,0.9400878548622131,75,248,116,398,95,323
frame_196,Rack_2,71,13,kick_med,0.8821491003036499,39,248,74,399,56,323
frame_196,Rack_2,106,13,kick_med,0.7218058109283447,2,252,39,399,20,325
frame_197,Rack_2,13,3,coke_med,0.5788620710372925,1230,169,1279,390,1254,279
frame_197,Rack_2,40,3,coke_med,0.6261608004570007,1170,172,1228,391,1199,281
frame_197,Rack_2,1,3,coke_med,0.9023492932319641,1114,175,1169,392,1141,283
frame_197,Rack_2,57,6,coke_v_med,0.5994977355003357,1053,178,1114,393,1083,285
frame_197,Rack_2,19,6,coke_v_med,0.880059540271759,991,183,1054,393,1022,288
frame_197,Rack_2,29,6,coke_v_med,0.8513309955596924,930,182,994,395,962,288
frame_197,Rack_2,33,2,anw_med,0.8531886339187622,876,224,933,396,904,310
frame_197,Rack_2,11,2,anw_med,0.9173659682273865,824,237,876,397,850,317
frame_197,Rack_2,20,2,anw_med,0.9489719867706299,769,238,821,398,795,318
frame_197,Rack_2,3,2,anw_med,0.9362064003944397,716,238,766,397,741,317
frame_197,Rack_2,9,2,anw_med,0.9159466624259949,667,240,715,396,691,318
frame_197,Rack_2,2,2,anw_med,0.9517925977706909,613,238,665,397,639,317
frame_197,Rack_2,50,15,pepsi_med,0.9161698818206787,567,241,611,395,589,318
frame_197,Rack_2,7,15,pepsi_med,0.9516165256500244,520,243,566,395,543,319
frame_197,Rack_2,10,15,pepsi_med,0.9484075903892517,469,237,518,398,493,317
frame_197,Rack_2,5,15,pepsi_med,0.9851977229118347,428,244,469,395,448,319
frame_197,Rack_2,8,15,pepsi_med,0.9381908178329468,377,241,425,395,401,318
frame_197,Rack_2,17,15,pepsi_med,0.9040130972862244,335,242,375,395,355,318
frame_197,Rack_2,4,13,kick_med,0.9794870018959045,287,239,333,399,310,319
frame_197,Rack_2,44,13,kick_med,0.9183253049850464,245,241,285,399,265,320
frame_197,Rack_2,22,13,kick_med,0.964677631855011,198,241,244,399,221,320
frame_197,Rack_2,26,13,kick_med,0.9769389033317566,155,243,197,399,176,321
frame_197,Rack_2,79,13,kick_med,0.951606273651123,120,246,154,398,137,322
frame_197,Rack_2,90,13,kick_med,0.9031721949577332,77,247,118,398,97,322
frame_197,Rack_2,71,13,kick_med,0.9187700152397156,41,248,77,399,59,323
frame_197,Rack_2,106,13,kick_med,0.7778022885322571,4,250,41,399,22,324
frame_198,Rack_2,40,3,coke_med,0.5875375270843506,1171,172,1228,392,1199,282
frame_198,Rack_2,1,3,coke_med,0.90608811378479,1117,174,1172,391,1144,282
frame_198,Rack_2,57,6,coke_v_med,0.6960275173187256,1056,178,1116,393,1086,285
frame_198,Rack_2,19,6,coke_v_med,0.8661730289459229,993,182,1055,393,1024,287
frame_198,Rack_2,29,6,coke_v_med,0.8394103646278381,932,182,995,395,963,288
frame_198,Rack_2,33,2,anw_med,0.894890308380127,879,230,934,397,906,313
frame_198,Rack_2,11,2,anw_med,0.9380519986152649,825,238,877,397,851,317
frame_198,Rack_2,20,2,anw_med,0.9511353969573975,770,239,822,397,796,318
frame_198,Rack_2,3,2,anw_med,0.9360477328300476,718,239,767,397,742,318
frame_198,Rack_2,9,2,anw_med,0.9019263982772827,668,241,716,395,692,318
frame_198,Rack_2,2,2,anw_med,0.9527794122695923,615,238,666,397,640,317
frame_198,Rack_2,50,15,pepsi_med,0.9323354363441467,569,242,612,394,590,318
frame_198,Rack_2,7,15,pepsi_med,0.9534938335418701,521,244,567,395,544,319
frame_198,Rack_2,10,15,pepsi_med,0.9556217193603516,471,241,518,396,494,318
frame_198,Rack_2,5,15,pepsi_med,0.9795325398445129,430,244,470,395,450,319
frame_198,Rack_2,8,15,pepsi_med,0.9420907497406006,379,240,427,395,403,317
frame_198,Rack_2,17,15,pepsi_med,0.870359480381012,336,240,378,397,357,318
frame_198,Rack_2,4,13,kick_med,0.9731533527374268,289,239,335,399,312,319
frame_198,Rack_2,44,13,kick_med,0.9592987298965454,247,241,287,399,267,320
frame_198,Rack_2,22,13,kick_med,0.9768362641334534,200,241,246,399,223,320
frame_198,Rack_2,26,13,kick_med,0.9645865559577942,157,242,200,400,178,321
frame_198,Rack_2,79,13,kick_med,0.9656680822372437,122,247,156,398,139,322
frame_198,Rack_2,90,13,kick_med,0.8581898212432861,80,246,121,399,100,322
frame_198,Rack_2,71,13,kick_med,0.9095534682273865,44,249,79,399,61,324
frame_198,Rack_2,106,13,kick_med,0.8362818956375122,5,250,42,400,23,325
frame_199,Rack_2,40,3,coke_med,0.5342741012573242,1171,172,1228,391,1199,281
frame_199,Rack_2,1,3,coke_med,0.8863705992698669,1119,174,1174,392,1146,283
frame_199,Rack_2,57,6,coke_v_med,0.6712401509284973,1057,177,1118,393,1087,285
frame_199,Rack_2,19,6,coke_v_med,0.850054919719696,995,182,1057,393,1026,287
frame_199,Rack_2,29,6,coke_v_med,0.8480710983276367,933,182,997,395,965,288
frame_199,Rack_2,33,2,anw_med,0.9040109515190125,881,234,935,396,908,315
frame_199,Rack_2,11,2,anw_med,0.9416201710700989,827,239,879,397,853,318
frame_199,Rack_2,20,2,anw_med,0.9458022713661194,772,240,824,397,798,318
frame_199,Rack_2,3,2,anw_med,0.9273670315742493,719,239,769,397,744,318
frame_199,Rack_2,9,2,anw_med,0.9056904315948486,669,241,717,395,693,318
frame_199,Rack_2,2,2,anw_med,0.952005922794342,616,238,668,397,642,317
frame_199,Rack_2,50,15,pepsi_med,0.9304977059364319,571,243,613,394,592,318
frame_199,Rack_2,7,15,pepsi_med,0.9536572694778442,523,244,569,394,546,319
frame_199,Rack_2,10,15,pepsi_med,0.9565194845199585,472,242,519,395,495,318
frame_199,Rack_2,5,15,pepsi_med,0.9707613587379456,431,244,471,395,451,319
frame_199,Rack_2,8,15,pepsi_med,0.9277718663215637,381,241,428,395,404,318
frame_199,Rack_2,17,15,pepsi_med,0.8954563140869141,338,239,380,397,359,318
frame_199,Rack_2,4,13,kick_med,0.9447625279426575,291,239,337,399,314,319
frame_199,Rack_2,44,13,kick_med,0.9697441458702087,249,241,289,399,269,320
frame_199,Rack_2,22,13,kick_med,0.9822258949279785,202,241,248,399,225,320
frame_199,Rack_2,26,13,kick_med,0.9599557518959045,159,241,202,400,180,320
frame_199,Rack_2,79,13,kick_med,0.9657445549964905,124,247,158,398,141,322
frame_199,Rack_2,90,13,kick_med,0.7953039407730103,81,245,123,399,102,322
frame_199,Rack_2,71,13,kick_med,0.9103760123252869,46,249,81,398,63,323
frame_199,Rack_2,106,13,kick_med,0.8743659257888794,5,250,43,400,24,325
frame_200,Rack_2,40,3,coke_med,0.5186259150505066,1173,172,1230,391,1201,281
frame_200,Rack_2,1,3,coke_med,0.8808894157409668,1120,174,1175,391,1147,282
frame_200,Rack_2,57,6,coke_v_med,0.6045117974281311,1059,177,1120,392,1089,284
frame_200,Rack_2,19,6,coke_v_med,0.7957288026809692,996,181,1059,393,1027,287
frame_200,Rack_2,29,6,coke_v_med,0.8167404532432556,936,182,998,394,967,288
frame_200,Rack_2,33,2,anw_med,0.8969419002532959,883,235,937,396,910,315
frame_200,Rack_2,11,2,anw_med,0.9374649524688721,828,237,881,397,854,317
frame_200,Rack_2,20,2,anw_med,0.9524105191230774,773,238,825,397,799,317
frame_200,Rack_2,3,2,anw_med,0.9310224056243896,720,238,770,397,745,317
frame_200,Rack_2,9,2,anw_med,0.914708137512207,670,239,719,396,694,317
frame_200,Rack_2,2,2,anw_med,0.9434489011764526,617,236,669,397,643,316
frame_200,Rack_2,50,15,pepsi_med,0.9142916202545166,572,242,615,394,593,318
frame_200,Rack_2,7,15,pepsi_med,0.9481878280639648,524,243,571,394,547,318
frame_200,Rack_2,10,15,pepsi_med,0.9637086987495422,474,242,520,395,497,318
frame_200,Rack_2,5,15,pepsi_med,0.9605125188827515,432,244,472,395,452,319
frame_200,Rack_2,8,15,pepsi_med,0.9338899850845337,382,241,430,395,406,318
frame_200,Rack_2,17,15,pepsi_med,0.9046152234077454,339,237,381,397,360,317
frame_200,Rack_2,4,13,kick_med,0.8699620366096497,292,238,338,399,315,318
frame_200,Rack_2,44,13,kick_med,0.9718800783157349,250,241,290,398,270,319
frame_200,Rack_2,22,13,kick_med,0.9787451028823853,203,242,249,399,226,320
frame_200,Rack_2,26,13,kick_med,0.935558021068573,161,241,203,399,182,320
frame_200,Rack_2,79,13,kick_med,0.960972785949707,125,247,159,398,142,322
frame_200,Rack_2,90,13,kick_med,0.8040061593055725,83,247,124,398,103,322
frame_200,Rack_2,71,13,kick_med,0.8275524377822876,48,248,83,399,65,323
frame_200,Rack_2,106,13,kick_med,0.8794413208961487,7,249,45,399,26,324
frame_201,Rack_2,13,3,coke_med,0.5134976506233215,1235,169,1280,388,1257,278
frame_201,Rack_2,40,3,coke_med,0.5409854650497437,1178,171,1234,391,1206,281
frame_201,Rack_2,1,3,coke_med,0.7719947695732117,1122,174,1177,391,1149,282
frame_201,Rack_2,57,6,coke_v_med,0.5556997060775757,1060,176,1121,392,1090,284
frame_201,Rack_2,19,6,coke_v_med,0.8065995573997498,998,181,1060,392,1029,286
frame_201,Rack_2,29,6,coke_v_med,0.8544639945030212,937,182,999,394,968,288
frame_201,Rack_2,33,2,anw_med,0.9005833864212036,884,235,938,396,911,315
frame_201,Rack_2,11,2,anw_med,0.927162230014801,828,234,882,396,855,315
frame_201,Rack_2,20,2,anw_med,0.9478948712348938,773,236,826,397,799,316
frame_201,Rack_2,3,2,anw_med,0.9292502999305725,721,238,771,397,746,317
frame_201,Rack_2,9,2,anw_med,0.9154715538024902,670,237,720,396,695,316
frame_201,Rack_2,2,2,anw_med,0.9343785047531128,617,234,670,397,643,315
frame_201,Rack_2,50,15,pepsi_med,0.9083243608474731,573,241,616,395,594,318
frame_201,Rack_2,7,15,pepsi_med,0.9450370073318481,525,242,572,394,548,318
frame_201,Rack_2,10,15,pepsi_med,0.9624642133712769,475,242,521,394,498,318
frame_201,Rack_2,5,15,pepsi_med,0.9509386420249939,433,244,473,395,453,319
frame_201,Rack_2,8,15,pepsi_med,0.9140776991844177,383,241,430,395,406,318
frame_201,Rack_2,17,15,pepsi_med,0.9016211032867432,340,237,382,398,361,317
frame_201,Rack_2,4,13,kick_med,0.8406995534896851,293,238,340,399,316,318
frame_201,Rack_2,44,13,kick_med,0.9741460084915161,251,241,291,398,271,319
frame_201,Rack_2,22,13,kick_med,0.9772388935089111,204,241,250,399,227,320
frame_201,Rack_2,26,13,kick_med,0.9154617190361023,162,241,204,399,183,320
frame_201,Rack_2,79,13,kick_med,0.9523462653160095,126,246,161,398,143,322
frame_201,Rack_2,90,13,kick_med,0.8797188997268677,84,247,125,398,104,322
frame_201,Rack_2,71,13,kick_med,0.8237870335578918,49,247,84,399,66,323
frame_201,Rack_2,106,13,kick_med,0.8740823864936829,7,248,46,400,26,324
frame_202,Rack_2,13,3,coke_med,0.6163215041160583,1236,168,1280,388,1258,278
frame_202,Rack_2,40,3,coke_med,0.6089600324630737,1178,171,1234,391,1206,281
frame_202,Rack_2,1,3,coke_med,0.9038963317871094,1123,173,1178,391,1150,282
frame_202,Rack_2,57,6,coke_v_med,0.6100728511810303,1061,176,1121,392,1091,284
frame_202,Rack_2,19,6,coke_v_med,0.8287004232406616,999,181,1061,392,1030,286
frame_202,Rack_2,29,6,coke_v_med,0.8887152075767517,939,182,1000,394,969,288
frame_202,Rack_2,33,2,anw_med,0.9025201201438904,885,233,939,396,912,314
frame_202,Rack_2,11,2,anw_med,0.922048807144165,828,227,884,397,856,312
frame_202,Rack_2,20,2,anw_med,0.9450124502182007,774,234,827,396,800,315
frame_202,Rack_2,3,2,anw_med,0.9291800856590271,722,238,772,397,747,317
frame_202,Rack_2,9,2,anw_med,0.9248211979866028,671,235,721,396,696,315
frame_202,Rack_2,2,2,anw_med,0.9241132736206055,618,233,671,397,644,315
frame_202,Rack_2,50,15,pepsi_med,0.9466638565063477,574,239,617,394,595,316
frame_202,Rack_2,7,15,pepsi_med,0.9532875418663025,525,241,573,395,549,318
frame_202,Rack_2,10,15,pepsi_med,0.9597543478012085,475,243,522,394,498,318
frame_202,Rack_2,5,15,pepsi_med,0.9292177557945251,434,244,474,395,454,319
frame_202,Rack_2,8,15,pepsi_med,0.9316879510879517,384,241,431,395,407,318
frame_202,Rack_2,17,15,pepsi_med,0.8935831189155579,341,236,383,398,362,317
frame_202,Rack_2,4,13,kick_med,0.8323403000831604,294,239,340,398,317,318
frame_202,Rack_2,44,13,kick_med,0.9730075001716614,251,241,292,398,271,319
frame_202,Rack_2,22,13,kick_med,0.9706421494483948,205,240,251,399,228,319
frame_202,Rack_2,26,13,kick_med,0.8958785533905029,163,242,205,399,184,320
frame_202,Rack_2,79,13,kick_med,0.9566978216171265,127,245,162,398,144,321
frame_202,Rack_2,90,13,kick_med,0.9252670407295227,85,247,126,397,105,322
frame_202,Rack_2,71,13,kick_med,0.860167920589447,50,246,86,399,68,322
frame_202,Rack_2,106,13,kick_med,0.8933528065681458,8,248,47,400,27,324
frame_203,Rack_2,13,3,coke_med,0.5843154191970825,1237,169,1280,388,1258,278
frame_203,Rack_2,40,3,coke_med,0.5713079571723938,1179,172,1234,390,1206,281
frame_203,Rack_2,1,3,coke_med,0.9056910276412964,1124,173,1180,390,1152,281
frame_203,Rack_2,57,6,coke_v_med,0.6689108610153198,1062,177,1122,392,1092,284
frame_203,Rack_2,19,6,coke_v_med,0.8225868344306946,1000,182,1061,392,1030,287
frame_203,Rack_2,29,6,coke_v_med,0.9025225639343262,939,182,1001,393,970,287
frame_203,Rack_2,33,2,anw_med,0.9417330622673035,885,232,940,395,912,313
frame_203,Rack_2,11,2,anw_med,0.9184978008270264,828,224,885,396,856,310
frame_203,Rack_2,20,2,anw_med,0.9510102868080139,775,233,828,396,801,314
frame_203,Rack_2,3,2,anw_med,0.9276273250579834,722,237,773,397,747,317
frame_203,Rack_2,9,2,anw_med,0.9374749064445496,671,235,722,396,696,315
frame_203,Rack_2,2,2,anw_med,0.9287447333335876,618,233,672,397,645,315
frame_203,Rack_2,50,15,pepsi_med,0.9580702185630798,574,239,618,394,596,316
frame_203,Rack_2,7,15,pepsi_med,0.9490184187889099,525,240,573,395,549,317
frame_203,Rack_2,10,15,pepsi_med,0.9573808312416077,476,243,523,394,499,318
frame_203,Rack_2,5,15,pepsi_med,0.9219518899917603,433,240,475,396,454,318
frame_203,Rack_2,8,15,pepsi_med,0.9303451776504517,385,242,432,394,408,318
frame_203,Rack_2,17,15,pepsi_med,0.8956826329231262,341,237,383,398,362,317
frame_203,Rack_2,4,13,kick_med,0.8485591411590576,295,239,340,397,317,318
frame_203,Rack_2,44,13,kick_med,0.9704755544662476,252,241,293,398,272,319
frame_203,Rack_2,22,13,kick_med,0.9639919996261597,205,240,252,399,228,319
frame_203,Rack_2,26,13,kick_med,0.9027285575866699,164,242,205,398,184,320
frame_203,Rack_2,79,13,kick_med,0.9493353366851807,128,245,163,398,145,321
frame_203,Rack_2,90,13,kick_med,0.9394978284835815,86,247,127,397,106,322
frame_203,Rack_2,71,13,kick_med,0.8480914235115051,51,246,87,399,69,322
frame_203,Rack_2,106,13,kick_med,0.906851053237915,9,247,48,399,28,323
