frame_id,rack_id,track_id,class_id,class_name,confidence,xmin,ymin,xmax,ymax,cx,cy
frame_0,Rack_1,14,1,a&w_small,0.9529298543930054,1146,16,1198,165,1172,90
frame_0,Rack_1,56,1,a&w_small,0.8227671384811401,1099,20,1140,168,1119,94
frame_0,Rack_1,55,1,a&w_small,0.8350467085838318,1053,18,1098,170,1075,94
frame_0,Rack_1,49,1,a&w_small,0.8632949590682983,1007,21,1051,173,1029,97
frame_0,Rack_1,52,1,a&w_small,0.8522107005119324,961,23,1006,174,983,98
frame_0,Rack_1,42,1,a&w_small,0.8833770155906677,916,25,959,174,937,99
frame_0,Rack_1,59,1,a&w_small,0.8129546046257019,870,26,913,174,891,100
frame_0,Rack_1,35,4,coke_small,0.9158179759979248,826,29,868,176,847,102
frame_0,Rack_1,36,4,coke_small,0.905656099319458,783,33,825,176,804,104
frame_0,Rack_1,37,4,coke_small,0.9034152626991272,744,35,782,177,763,106
frame_0,Rack_1,47,4,coke_small,0.8687224388122559,702,33,743,177,722,105
frame_0,Rack_1,46,4,coke_small,0.8711047172546387,661,33,701,176,681,104
frame_0,Rack_1,18,4,coke_small,0.9468312859535217,619,36,660,177,639,106
frame_0,Rack_1,41,17,sprite_small,0.8836430311203003,578,35,618,178,598,106
frame_0,Rack_1,51,17,sprite_small,0.8542951941490173,538,35,577,182,557,108
frame_0,Rack_1,32,17,sprite_small,0.9274221062660217,501,36,536,181,518,108
frame_0,Rack_1,28,17,sprite_small,0.9340003132820129,459,32,500,180,479,106
frame_0,Rack_1,23,9,empty,0.9420613646507263,293,27,456,181,374,104
frame_0,Rack_1,38,0,7up_med,0.9011091589927673,147,46,203,209,175,127
frame_0,Rack_1,34,0,7up_med,0.9241974949836731,94,44,145,210,119,127
frame_0,Rack_1,53,0,7up_med,0.8514533042907715,47,45,92,212,69,128
frame_0,Rack_1,58,0,7up_med,0.8175597190856934,4,49,46,213,25,131
frame_1,Rack_1,14,1,a&w_small,0.9558181762695312,1146,14,1198,165,1172,89
frame_1,Rack_1,56,1,a&w_small,0.8360133171081543,1099,18,1140,168,1119,93
frame_1,Rack_1,55,1,a&w_small,0.82879638671875,1053,17,1098,170,1075,93
frame_1,Rack_1,49,1,a&w_small,0.8533282279968262,1007,20,1051,173,1029,96
frame_1,Rack_1,52,1,a&w_small,0.8604056239128113,961,22,1006,173,983,97
frame_1,Rack_1,42,1,a&w_small,0.884651780128479,916,24,959,174,937,99
frame_1,Rack_1,59,1,a&w_small,0.8182762265205383,870,26,913,175,891,100
frame_1,Rack_1,35,4,coke_small,0.9165196418762207,826,30,868,175,847,102
frame_1,Rack_1,36,4,coke_small,0.8971619009971619,783,33,825,175,804,104
frame_1,Rack_1,37,4,coke_small,0.9087554812431335,744,36,782,176,763,106
frame_1,Rack_1,47,4,coke_small,0.8593044877052307,703,33,743,176,723,104
frame_1,Rack_1,46,4,coke_small,0.8673203587532043,661,33,701,176,681,104
frame_1,Rack_1,18,4,coke_small,0.9462529420852661,620,36,660,176,640,106
frame_1,Rack_1,41,17,sprite_small,0.8947839736938477,578,35,618,176,598,105
frame_1,Rack_1,51,17,sprite_small,0.8688406944274902,538,34,576,179,557,106
frame_1,Rack_1,32,17,sprite_small,0.9364759922027588,501,35,536,178,518,106
frame_1,Rack_1,28,17,sprite_small,0.931378960609436,459,31,499,178,479,104
frame_1,Rack_1,23,9,empty,0.9472491145133972,292,25,454,178,373,101
frame_1,Rack_1,38,0,7up_med,0.9033713340759277,147,46,202,209,174,127
frame_1,Rack_1,34,0,7up_med,0.9216148257255554,93,44,145,209,119,126
frame_1,Rack_1,53,0,7up_med,0.8498514890670776,47,45,92,211,69,128
frame_1,Rack_1,58,0,7up_med,0.8075866103172302,4,49,46,213,25,131
frame_2,Rack_1,14,1,a&w_small,0.9575713872909546,1146,15,1198,165,1172,90
frame_2,Rack_1,56,1,a&w_small,0.8539343476295471,1099,18,1140,168,1119,93
frame_2,Rack_1,55,1,a&w_small,0.8502359390258789,1053,17,1099,170,1076,93
frame_2,Rack_1,49,1,a&w_small,0.8665985465049744,1007,20,1051,173,1029,96
frame_2,Rack_1,52,1,a&w_small,0.8649165630340576,961,22,1006,173,983,97
frame_2,Rack_1,42,1,a&w_small,0.8871524333953857,917,24,959,174,938,99
frame_2,Rack_1,59,1,a&w_small,0.8119509816169739,870,26,913,174,891,100
frame_2,Rack_1,35,4,coke_small,0.9102145433425903,826,29,868,175,847,102
frame_2,Rack_1,36,4,coke_small,0.8948990106582642,783,33,825,175,804,104
frame_2,Rack_1,37,4,coke_small,0.9161998629570007,744,35,782,176,763,105
frame_2,Rack_1,47,4,coke_small,0.8587459325790405,703,33,743,175,723,104
frame_2,Rack_1,46,4,coke_small,0.8610593676567078,661,33,702,176,681,104
frame_2,Rack_1,18,4,coke_small,0.946888267993927,620,35,660,176,640,105
frame_2,Rack_1,41,17,sprite_small,0.8963193297386169,578,34,618,176,598,105
frame_2,Rack_1,51,17,sprite_small,0.866656482219696,538,34,577,178,557,106
frame_2,Rack_1,32,17,sprite_small,0.9369856119155884,501,35,536,178,518,106
frame_2,Rack_1,28,17,sprite_small,0.9353910088539124,459,31,499,178,479,104
frame_2,Rack_1,23,9,empty,0.9434863328933716,292,25,454,178,373,101
frame_2,Rack_1,38,0,7up_med,0.9046764373779297,146,46,202,209,174,127
frame_2,Rack_1,34,0,7up_med,0.9184624552726746,93,44,145,210,119,127
frame_2,Rack_1,53,0,7up_med,0.8455986380577087,47,45,92,211,69,128
frame_2,Rack_1,58,0,7up_med,0.7937120199203491,4,49,46,213,25,131
frame_3,Rack_1,14,1,a&w_small,0.9556099772453308,1146,15,1198,165,1172,90
frame_3,Rack_1,56,1,a&w_small,0.8632373213768005,1099,19,1140,168,1119,93
frame_3,Rack_1,55,1,a&w_small,0.8498807549476624,1054,17,1099,170,1076,93
frame_3,Rack_1,49,1,a&w_small,0.8638378977775574,1008,20,1051,172,1029,96
frame_3,Rack_1,52,1,a&w_small,0.8765732645988464,961,22,1006,173,983,97
frame_3,Rack_1,42,1,a&w_small,0.8923904895782471,917,24,959,174,938,99
frame_3,Rack_1,59,1,a&w_small,0.8101620078086853,871,26,913,174,892,100
frame_3,Rack_1,35,4,coke_small,0.9032257795333862,827,29,868,175,847,102
frame_3,Rack_1,36,4,coke_small,0.8889921307563782,783,33,825,175,804,104
frame_3,Rack_1,37,4,coke_small,0.9131999611854553,744,35,783,176,763,105
frame_3,Rack_1,47,4,coke_small,0.8469985723495483,703,33,743,175,723,104
frame_3,Rack_1,46,4,coke_small,0.8586278557777405,662,32,702,176,682,104
frame_3,Rack_1,18,4,coke_small,0.9452932476997375,620,35,660,176,640,105
frame_3,Rack_1,41,17,sprite_small,0.8936294913291931,578,34,618,176,598,105
frame_3,Rack_1,51,17,sprite_small,0.8651342988014221,538,34,577,178,557,106
frame_3,Rack_1,32,17,sprite_small,0.9361500144004822,501,35,536,178,518,106
frame_3,Rack_1,28,17,sprite_small,0.9367839694023132,459,31,500,178,479,104
frame_3,Rack_1,23,9,empty,0.9446627497673035,292,24,455,177,373,100
frame_3,Rack_1,38,0,7up_med,0.9101325273513794,146,45,202,209,174,127
frame_3,Rack_1,34,0,7up_med,0.9140974879264832,94,44,145,210,119,127
frame_3,Rack_1,53,0,7up_med,0.8340247869491577,47,45,92,211,69,128
frame_3,Rack_1,58,0,7up_med,0.7944575548171997,4,49,46,213,25,131
frame_4,Rack_1,14,1,a&w_small,0.9563875198364258,1146,14,1199,165,1172,89
frame_4,Rack_1,56,1,a&w_small,0.8675935864448547,1099,18,1141,168,1120,93
frame_4,Rack_1,55,1,a&w_small,0.8450989127159119,1054,17,1099,170,1076,93
frame_4,Rack_1,49,1,a&w_small,0.8697866797447205,1008,20,1051,172,1029,96
frame_4,Rack_1,52,1,a&w_small,0.877318799495697,962,22,1007,173,984,97
frame_4,Rack_1,42,1,a&w_small,0.8919638395309448,917,24,959,174,938,99
frame_4,Rack_1,59,1,a&w_small,0.8342562317848206,871,26,914,174,892,100
frame_4,Rack_1,35,4,coke_small,0.8987137675285339,827,28,869,175,848,101
frame_4,Rack_1,36,4,coke_small,0.8875176906585693,784,32,825,175,804,103
frame_4,Rack_1,37,4,coke_small,0.9122128486633301,744,35,783,176,763,105
frame_4,Rack_1,47,4,coke_small,0.8450627326965332,703,32,744,175,723,103
frame_4,Rack_1,46,4,coke_small,0.8679229617118835,662,32,702,176,682,104
frame_4,Rack_1,18,4,coke_small,0.9476717114448547,620,35,661,176,640,105
frame_4,Rack_1,41,17,sprite_small,0.8976898193359375,578,34,618,176,598,105
frame_4,Rack_1,51,17,sprite_small,0.865945041179657,538,34,577,178,557,106
frame_4,Rack_1,32,17,sprite_small,0.9354950785636902,501,34,536,178,518,106
frame_4,Rack_1,28,17,sprite_small,0.9395425319671631,459,31,500,178,479,104
frame_4,Rack_1,23,9,empty,0.9462223052978516,292,24,455,178,373,101
frame_4,Rack_1,38,0,7up_med,0.9038312435150146,147,45,202,209,174,127
frame_4,Rack_1,34,0,7up_med,0.9218195676803589,94,44,145,210,119,127
frame_4,Rack_1,53,0,7up_med,0.835728645324707,47,45,92,211,69,128
frame_4,Rack_1,58,0,7up_med,0.8022767305374146,4,49,46,213,25,131
frame_5,Rack_1,14,1,a&w_small,0.9533422589302063,1146,14,1199,166,1172,90
frame_5,Rack_1,56,1,a&w_small,0.8793599009513855,1099,18,1141,168,1120,93
frame_5,Rack_1,55,1,a&w_small,0.8397213220596313,1054,17,1099,170,1076,93
frame_5,Rack_1,49,1,a&w_small,0.8619052171707153,1008,20,1052,172,1030,96
frame_5,Rack_1,52,1,a&w_small,0.891153872013092,962,22,1007,173,984,97
frame_5,Rack_1,42,1,a&w_small,0.9007364511489868,917,24,960,174,938,99
frame_5,Rack_1,59,1,a&w_small,0.8254799246788025,871,26,914,174,892,100
frame_5,Rack_1,35,4,coke_small,0.8984869122505188,827,28,869,175,848,101
frame_5,Rack_1,36,4,coke_small,0.8861335515975952,784,32,825,175,804,103
frame_5,Rack_1,37,4,coke_small,0.9095761775970459,744,35,783,176,763,105
frame_5,Rack_1,47,4,coke_small,0.8507360816001892,704,34,743,175,723,104
frame_5,Rack_1,46,4,coke_small,0.8638477921485901,662,32,702,176,682,104
frame_5,Rack_1,18,4,coke_small,0.9454899430274963,620,35,661,176,640,105
frame_5,Rack_1,41,17,sprite_small,0.8873725533485413,579,34,619,176,599,105
frame_5,Rack_1,51,17,sprite_small,0.868736743927002,538,34,577,178,557,106
frame_5,Rack_1,32,17,sprite_small,0.9349871873855591,501,34,536,178,518,106
frame_5,Rack_1,28,17,sprite_small,0.9416086673736572,459,31,500,178,479,104
frame_5,Rack_1,23,9,empty,0.9471579790115356,291,24,455,178,373,101
frame_5,Rack_1,38,0,7up_med,0.9122699499130249,147,45,202,209,174,127
frame_5,Rack_1,34,0,7up_med,0.9235633015632629,94,44,145,210,119,127
frame_5,Rack_1,53,0,7up_med,0.8510113954544067,47,45,92,212,69,128
frame_5,Rack_1,58,0,7up_med,0.7875387668609619,4,50,46,213,25,131
frame_6,Rack_1,14,1,a&w_small,0.9470655918121338,1146,14,1199,166,1172,90
frame_6,Rack_1,56,1,a&w_small,0.8700456619262695,1099,19,1140,168,1119,93
frame_6,Rack_1,55,1,a&w_small,0.8178218603134155,1055,17,1099,170,1077,93
frame_6,Rack_1,49,1,a&w_small,0.8418552875518799,1009,20,1052,172,1030,96
frame_6,Rack_1,52,1,a&w_small,0.8800584673881531,962,22,1007,173,984,97
frame_6,Rack_1,42,1,a&w_small,0.9036529064178467,917,24,960,174,938,99
frame_6,Rack_1,59,1,a&w_small,0.8149127960205078,871,26,914,174,892,100
frame_6,Rack_1,35,4,coke_small,0.9031826853752136,827,28,869,175,848,101
frame_6,Rack_1,36,4,coke_small,0.8830777406692505,784,33,825,175,804,104
frame_6,Rack_1,37,4,coke_small,0.918975293636322,744,35,783,176,763,105
frame_6,Rack_1,47,4,coke_small,0.861579179763794,704,33,743,175,723,104
frame_6,Rack_1,46,4,coke_small,0.8659510612487793,662,32,702,176,682,104
frame_6,Rack_1,18,4,coke_small,0.9448919296264648,620,35,661,176,640,105
frame_6,Rack_1,41,17,sprite_small,0.8949217200279236,579,34,619,176,599,105
frame_6,Rack_1,51,17,sprite_small,0.8686012625694275,539,34,577,178,558,106
frame_6,Rack_1,32,17,sprite_small,0.9331647753715515,501,34,537,177,519,105
frame_6,Rack_1,28,17,sprite_small,0.9414491057395935,460,31,500,178,480,104
frame_6,Rack_1,23,9,empty,0.9437076449394226,292,24,455,178,373,101
frame_6,Rack_1,38,0,7up_med,0.906394898891449,147,46,202,209,174,127
frame_6,Rack_1,34,0,7up_med,0.9223463535308838,94,44,145,210,119,127
frame_6,Rack_1,53,0,7up_med,0.8521931171417236,47,46,92,212,69,129
frame_6,Rack_1,58,0,7up_med,0.7834990620613098,4,50,46,214,25,132
frame_7,Rack_1,14,1,a&w_small,0.942240297794342,1145,13,1199,166,1172,89
frame_7,Rack_1,56,1,a&w_small,0.8590764403343201,1099,19,1140,168,1119,93
frame_7,Rack_1,55,1,a&w_small,0.7791509032249451,1055,17,1099,170,1077,93
frame_7,Rack_1,49,1,a&w_small,0.8202496767044067,1009,20,1052,172,1030,96
frame_7,Rack_1,52,1,a&w_small,0.8748127222061157,963,22,1007,173,985,97
frame_7,Rack_1,42,1,a&w_small,0.899674654006958,917,24,960,174,938,99
frame_7,Rack_1,59,1,a&w_small,0.814242959022522,871,26,914,174,892,100
frame_7,Rack_1,35,4,coke_small,0.9038304090499878,827,28,869,175,848,101
frame_7,Rack_1,36,4,coke_small,0.8863498568534851,784,33,825,176,804,104
frame_7,Rack_1,37,4,coke_small,0.9232308864593506,744,35,783,176,763,105
frame_7,Rack_1,47,4,coke_small,0.8601244688034058,704,34,743,175,723,104
frame_7,Rack_1,46,4,coke_small,0.8707726001739502,662,33,702,176,682,104
frame_7,Rack_1,18,4,coke_small,0.946395218372345,620,35,661,176,640,105
frame_7,Rack_1,41,17,sprite_small,0.8908470869064331,579,34,618,176,598,105
frame_7,Rack_1,51,17,sprite_small,0.869550883769989,539,34,577,178,558,106
frame_7,Rack_1,32,17,sprite_small,0.9336662292480469,501,35,537,177,519,106
frame_7,Rack_1,28,17,sprite_small,0.9408610463142395,460,31,500,177,480,104
frame_7,Rack_1,23,9,empty,0.9473508596420288,292,25,455,178,373,101
frame_7,Rack_1,38,0,7up_med,0.90861576795578,147,46,202,209,174,127
frame_7,Rack_1,34,0,7up_med,0.924330472946167,94,44,145,210,119,127
frame_7,Rack_1,53,0,7up_med,0.8532990217208862,47,46,92,212,69,129
frame_7,Rack_1,58,0,7up_med,0.7857376933097839,4,51,46,214,25,132
frame_8,Rack_1,14,1,a&w_small,0.9483146071434021,1145,14,1199,166,1172,90
frame_8,Rack_1,56,1,a&w_small,0.8640774488449097,1099,19,1140,168,1119,93
frame_8,Rack_1,55,1,a&w_small,0.8027193546295166,1054,17,1099,170,1076,93
frame_8,Rack_1,49,1,a&w_small,0.8355300426483154,1009,20,1052,172,1030,96
frame_8,Rack_1,52,1,a&w_small,0.8858316540718079,963,22,1007,173,985,97
frame_8,Rack_1,42,1,a&w_small,0.9026324152946472,917,24,960,174,938,99
frame_8,Rack_1,59,1,a&w_small,0.8154460191726685,871,26,914,174,892,100
frame_8,Rack_1,35,4,coke_small,0.902370035648346,827,28,869,175,848,101
frame_8,Rack_1,36,4,coke_small,0.8903018832206726,784,32,825,176,804,104
frame_8,Rack_1,37,4,coke_small,0.9230475425720215,745,35,783,176,764,105
frame_8,Rack_1,47,4,coke_small,0.8603641986846924,704,34,743,175,723,104
frame_8,Rack_1,46,4,coke_small,0.8637943863868713,662,32,702,176,682,104
frame_8,Rack_1,18,4,coke_small,0.9447877407073975,620,35,661,176,640,105
frame_8,Rack_1,41,17,sprite_small,0.8921515941619873,579,34,618,176,598,105
frame_8,Rack_1,51,17,sprite_small,0.8692000508308411,539,34,577,178,558,106
frame_8,Rack_1,32,17,sprite_small,0.9355279803276062,501,35,537,177,519,106
frame_8,Rack_1,28,17,sprite_small,0.9409335255622864,460,31,500,178,480,104
frame_8,Rack_1,23,9,empty,0.9471954107284546,292,24,456,178,374,101
frame_8,Rack_1,38,0,7up_med,0.9063500761985779,147,46,202,209,174,127
frame_8,Rack_1,34,0,7up_med,0.9232628345489502,94,44,145,210,119,127
frame_8,Rack_1,53,0,7up_med,0.8504166007041931,47,45,93,212,70,128
frame_8,Rack_1,58,0,7up_med,0.7872668504714966,4,50,46,214,25,132
frame_9,Rack_1,14,1,a&w_small,0.9425905346870422,1146,14,1199,166,1172,90
frame_9,Rack_1,56,1,a&w_small,0.8397360444068909,1099,18,1140,167,1119,92
frame_9,Rack_1,55,1,a&w_small,0.8188956379890442,1055,18,1099,170,1077,94
frame_9,Rack_1,49,1,a&w_small,0.8432908654212952,1009,20,1052,172,1030,96
frame_9,Rack_1,52,1,a&w_small,0.8860778212547302,962,22,1007,173,984,97
frame_9,Rack_1,42,1,a&w_small,0.9057410955429077,917,24,960,174,938,99
frame_9,Rack_1,59,1,a&w_small,0.8155094385147095,871,26,914,174,892,100
frame_9,Rack_1,35,4,coke_small,0.9013248682022095,827,28,870,175,848,101
frame_9,Rack_1,36,4,coke_small,0.8879992961883545,784,32,825,176,804,104
frame_9,Rack_1,37,4,coke_small,0.9176311492919922,745,35,783,176,764,105
frame_9,Rack_1,47,4,coke_small,0.8545704483985901,704,33,744,175,724,104
frame_9,Rack_1,46,4,coke_small,0.8632580041885376,662,32,702,176,682,104
frame_9,Rack_1,18,4,coke_small,0.9451034665107727,620,35,661,176,640,105
frame_9,Rack_1,41,17,sprite_small,0.8913453817367554,579,34,618,176,598,105
frame_9,Rack_1,51,17,sprite_small,0.8667823076248169,539,34,577,178,558,106
frame_9,Rack_1,32,17,sprite_small,0.9356397986412048,501,35,537,177,519,106
frame_9,Rack_1,28,17,sprite_small,0.9396723508834839,460,31,500,178,480,104
frame_9,Rack_1,23,9,empty,0.9473345875740051,292,24,456,178,374,101
frame_9,Rack_1,38,0,7up_med,0.9099313616752625,147,46,202,209,174,127
frame_9,Rack_1,34,0,7up_med,0.9175096154212952,94,44,145,210,119,127
frame_9,Rack_1,53,0,7up_med,0.8403803110122681,47,45,92,212,69,128
frame_9,Rack_1,58,0,7up_med,0.7810908555984497,4,50,46,214,25,132
frame_10,Rack_1,14,1,a&w_small,0.9504231810569763,1146,14,1199,166,1172,90
frame_10,Rack_1,56,1,a&w_small,0.8662130236625671,1099,18,1140,167,1119,92
frame_10,Rack_1,55,1,a&w_small,0.8200794458389282,1054,17,1099,170,1076,93
frame_10,Rack_1,49,1,a&w_small,0.8412537574768066,1009,20,1052,172,1030,96
frame_10,Rack_1,52,1,a&w_small,0.8853293657302856,962,22,1007,173,984,97
frame_10,Rack_1,42,1,a&w_small,0.9087309241294861,917,24,960,174,938,99
frame_10,Rack_1,59,1,a&w_small,0.8232640624046326,871,26,914,174,892,100
frame_10,Rack_1,35,4,coke_small,0.8975209593772888,827,28,869,175,848,101
frame_10,Rack_1,36,4,coke_small,0.8909841775894165,784,34,825,175,804,104
frame_10,Rack_1,37,4,coke_small,0.9119412302970886,745,35,783,176,764,105
frame_10,Rack_1,47,4,coke_small,0.8565547466278076,704,33,744,175,724,104
frame_10,Rack_1,46,4,coke_small,0.8670770525932312,662,32,702,176,682,104
frame_10,Rack_1,18,4,coke_small,0.945280909538269,620,35,661,176,640,105
frame_10,Rack_1,41,17,sprite_small,0.8890445828437805,579,34,618,176,598,105
frame_10,Rack_1,51,17,sprite_small,0.8643335103988647,538,34,577,178,557,106
frame_10,Rack_1,32,17,sprite_small,0.9356629848480225,501,35,537,177,519,106
frame_10,Rack_1,28,17,sprite_small,0.9422547817230225,460,31,500,177,480,104
frame_10,Rack_1,23,9,empty,0.948541522026062,292,24,456,178,374,101
frame_10,Rack_1,38,0,7up_med,0.9120110869407654,147,46,202,209,174,127
frame_10,Rack_1,34,0,7up_med,0.9244546890258789,94,44,145,210,119,127
frame_10,Rack_1,53,0,7up_med,0.8491831421852112,47,45,92,212,69,128
frame_10,Rack_1,58,0,7up_med,0.8057695627212524,4,51,46,214,25,132
frame_11,Rack_1,14,1,a&w_small,0.9526548385620117,1146,14,1199,165,1172,89
frame_11,Rack_1,56,1,a&w_small,0.8673272728919983,1099,19,1140,167,1119,93
frame_11,Rack_1,55,1,a&w_small,0.8252769708633423,1054,17,1099,169,1076,93
frame_11,Rack_1,49,1,a&w_small,0.8492519855499268,1008,20,1052,172,1030,96
frame_11,Rack_1,52,1,a&w_small,0.8902768492698669,962,22,1007,173,984,97
frame_11,Rack_1,42,1,a&w_small,0.9122357368469238,917,24,960,174,938,99
frame_11,Rack_1,59,1,a&w_small,0.8286025524139404,871,25,914,174,892,99
frame_11,Rack_1,35,4,coke_small,0.8993321657180786,827,28,869,175,848,101
frame_11,Rack_1,36,4,coke_small,0.8885793089866638,784,34,825,175,804,104
frame_11,Rack_1,37,4,coke_small,0.9121370315551758,744,35,783,176,763,105
frame_11,Rack_1,47,4,coke_small,0.8563591241836548,704,33,744,175,724,104
frame_11,Rack_1,46,4,coke_small,0.866143524646759,662,32,702,176,682,104
frame_11,Rack_1,18,4,coke_small,0.9423801302909851,620,34,661,176,640,105
frame_11,Rack_1,41,17,sprite_small,0.8797876238822937,579,34,618,176,598,105
frame_11,Rack_1,51,17,sprite_small,0.8703056573867798,538,34,577,178,557,106
frame_11,Rack_1,32,17,sprite_small,0.93739914894104,501,35,536,177,518,106
frame_11,Rack_1,28,17,sprite_small,0.9436482191085815,459,31,500,178,479,104
frame_11,Rack_1,23,9,empty,0.9475224018096924,289,25,454,178,371,101
frame_11,Rack_1,38,0,7up_med,0.914484441280365,147,46,202,209,174,127
frame_11,Rack_1,34,0,7up_med,0.9147047400474548,94,44,145,210,119,127
frame_11,Rack_1,53,0,7up_med,0.8511164784431458,47,46,92,212,69,129
frame_11,Rack_1,58,0,7up_med,0.8098472356796265,4,51,46,214,25,132
frame_12,Rack_1,14,1,a&w_small,0.9572798609733582,1145,14,1198,165,1171,89
frame_12,Rack_1,56,1,a&w_small,0.8719174861907959,1099,19,1140,167,1119,93
frame_12,Rack_1,55,1,a&w_small,0.8402762413024902,1054,17,1099,169,1076,93
frame_12,Rack_1,49,1,a&w_small,0.8640980124473572,1008,20,1051,172,1029,96
frame_12,Rack_1,52,1,a&w_small,0.8835119009017944,962,22,1007,173,984,97
frame_12,Rack_1,42,1,a&w_small,0.9138197898864746,917,24,960,173,938,98
frame_12,Rack_1,59,1,a&w_small,0.8478587865829468,871,25,914,174,892,99
frame_12,Rack_1,35,4,coke_small,0.9029485583305359,827,28,869,175,848,101
frame_12,Rack_1,36,4,coke_small,0.8931856751441956,784,33,825,175,804,104
frame_12,Rack_1,37,4,coke_small,0.9167788624763489,744,35,783,176,763,105
frame_12,Rack_1,47,4,coke_small,0.8528345227241516,704,32,744,175,724,103
frame_12,Rack_1,46,4,coke_small,0.8687816262245178,662,32,702,176,682,104
frame_12,Rack_1,18,4,coke_small,0.9409058094024658,620,34,661,176,640,105
frame_12,Rack_1,41,17,sprite_small,0.8830636143684387,578,34,618,176,598,105
frame_12,Rack_1,51,17,sprite_small,0.8630649447441101,538,34,577,178,557,106
frame_12,Rack_1,32,17,sprite_small,0.9290350079536438,501,34,536,177,518,105
frame_12,Rack_1,28,17,sprite_small,0.9375660419464111,459,31,500,178,479,104
frame_12,Rack_1,23,9,empty,0.9476230144500732,291,24,456,178,373,101
frame_12,Rack_1,38,0,7up_med,0.9159001708030701,147,46,202,209,174,127
frame_12,Rack_1,34,0,7up_med,0.9206178188323975,93,44,145,210,119,127
frame_12,Rack_1,53,0,7up_med,0.8503710627555847,47,46,92,212,69,129
frame_12,Rack_1,58,0,7up_med,0.8041921854019165,4,51,46,214,25,132
frame_13,Rack_1,14,1,a&w_small,0.9477747082710266,1145,14,1198,164,1171,89
frame_13,Rack_1,56,1,a&w_small,0.8540194630622864,1099,18,1140,166,1119,92
frame_13,Rack_1,55,1,a&w_small,0.8224480152130127,1054,17,1099,169,1076,93
frame_13,Rack_1,49,1,a&w_small,0.8652075529098511,1008,20,1051,171,1029,95
frame_13,Rack_1,52,1,a&w_small,0.8755747675895691,962,22,1006,172,984,97
frame_13,Rack_1,42,1,a&w_small,0.9125373363494873,917,23,960,173,938,98
frame_13,Rack_1,59,1,a&w_small,0.8499565720558167,871,25,914,174,892,99
frame_13,Rack_1,35,4,coke_small,0.9040452837944031,828,28,870,174,849,101
frame_13,Rack_1,36,4,coke_small,0.8942263126373291,784,33,825,175,804,104
frame_13,Rack_1,37,4,coke_small,0.9119319915771484,744,35,783,175,763,105
frame_13,Rack_1,47,4,coke_small,0.8487747311592102,704,32,743,175,723,103
frame_13,Rack_1,46,4,coke_small,0.8724176287651062,662,32,702,176,682,104
frame_13,Rack_1,18,4,coke_small,0.9375166296958923,620,34,660,175,640,104
frame_13,Rack_1,41,17,sprite_small,0.8875570893287659,578,34,618,175,598,104
frame_13,Rack_1,51,17,sprite_small,0.8548031449317932,538,33,577,177,557,105
frame_13,Rack_1,32,17,sprite_small,0.9264451861381531,501,34,536,176,518,105
frame_13,Rack_1,28,17,sprite_small,0.9387913942337036,459,33,499,176,479,104
frame_13,Rack_1,23,9,empty,0.9513282775878906,291,24,455,177,373,100
frame_13,Rack_1,38,0,7up_med,0.9274970293045044,146,45,202,209,174,127
frame_13,Rack_1,34,0,7up_med,0.9150695204734802,93,44,144,210,118,127
frame_13,Rack_1,53,0,7up_med,0.8560000658035278,47,46,92,212,69,129
frame_13,Rack_1,58,0,7up_med,0.7931988835334778,4,51,46,213,25,132
frame_14,Rack_1,14,1,a&w_small,0.949108362197876,1145,13,1198,164,1171,88
frame_14,Rack_1,56,1,a&w_small,0.8629472851753235,1099,18,1140,166,1119,92
frame_14,Rack_1,55,1,a&w_small,0.8141438961029053,1054,16,1098,168,1076,92
frame_14,Rack_1,49,1,a&w_small,0.8766048550605774,1008,19,1051,170,1029,94
frame_14,Rack_1,52,1,a&w_small,0.8854504823684692,962,22,1006,172,984,97
frame_14,Rack_1,42,1,a&w_small,0.9153404235839844,917,23,960,173,938,98
frame_14,Rack_1,59,1,a&w_small,0.860657274723053,871,25,914,173,892,99
frame_14,Rack_1,35,4,coke_small,0.9056485891342163,828,28,870,174,849,101
frame_14,Rack_1,36,4,coke_small,0.8956400752067566,784,32,825,175,804,103
frame_14,Rack_1,37,4,coke_small,0.9039270281791687,744,35,783,175,763,105
frame_14,Rack_1,47,4,coke_small,0.8444065451622009,703,32,743,175,723,103
frame_14,Rack_1,46,4,coke_small,0.8752531409263611,661,32,702,175,681,103
frame_14,Rack_1,18,4,coke_small,0.9347325563430786,620,34,660,175,640,104
frame_14,Rack_1,41,17,sprite_small,0.8948884010314941,578,34,618,175,598,104
frame_14,Rack_1,51,17,sprite_small,0.856438398361206,538,33,577,176,557,104
frame_14,Rack_1,32,17,sprite_small,0.9290733337402344,501,34,536,175,518,104
frame_14,Rack_1,28,17,sprite_small,0.9440662264823914,459,33,499,176,479,104
frame_14,Rack_1,23,9,empty,0.947776734828949,292,24,455,176,373,100
frame_14,Rack_1,38,0,7up_med,0.9307169914245605,146,45,202,209,174,127
frame_14,Rack_1,34,0,7up_med,0.9167248606681824,93,43,144,210,118,126
frame_14,Rack_1,53,0,7up_med,0.8453249931335449,47,45,92,212,69,128
frame_14,Rack_1,58,0,7up_med,0.759103536605835,4,51,46,213,25,132
frame_15,Rack_1,14,1,a&w_small,0.9569281339645386,1145,13,1198,164,1171,88
frame_15,Rack_1,56,1,a&w_small,0.8514449596405029,1099,17,1139,165,1119,91
frame_15,Rack_1,55,1,a&w_small,0.7949047088623047,1054,16,1098,168,1076,92
frame_15,Rack_1,49,1,a&w_small,0.841087818145752,1008,19,1051,170,1029,94
frame_15,Rack_1,52,1,a&w_small,0.8700987100601196,962,21,1006,171,984,96
frame_15,Rack_1,42,1,a&w_small,0.9022903442382812,916,23,959,172,937,97
frame_15,Rack_1,59,1,a&w_small,0.863161027431488,871,25,914,173,892,99
frame_15,Rack_1,35,4,coke_small,0.9048683047294617,827,27,869,174,848,100
frame_15,Rack_1,36,4,coke_small,0.8918642997741699,784,32,825,175,804,103
frame_15,Rack_1,37,4,coke_small,0.9102225303649902,744,35,783,175,763,105
frame_15,Rack_1,47,4,coke_small,0.847640335559845,703,32,743,175,723,103
frame_15,Rack_1,46,4,coke_small,0.8771435618400574,661,31,702,175,681,103
frame_15,Rack_1,18,4,coke_small,0.9360654950141907,620,34,660,175,640,104
frame_15,Rack_1,41,17,sprite_small,0.8896422982215881,578,34,618,175,598,104
frame_15,Rack_1,51,17,sprite_small,0.8561749458312988,538,33,577,176,557,104
frame_15,Rack_1,32,17,sprite_small,0.926558256149292,501,34,536,175,518,104
frame_15,Rack_1,28,17,sprite_small,0.9363299608230591,459,33,499,176,479,104
frame_15,Rack_1,23,9,empty,0.9425552487373352,291,24,455,176,373,100
frame_15,Rack_1,38,0,7up_med,0.9176849722862244,146,45,201,209,173,127
frame_15,Rack_1,34,0,7up_med,0.9137365818023682,92,43,144,210,118,126
frame_15,Rack_1,53,0,7up_med,0.8400845527648926,47,46,92,211,69,128
frame_15,Rack_1,58,0,7up_med,0.7718045711517334,4,51,46,212,25,131
frame_16,Rack_1,14,1,a&w_small,0.9499834775924683,1145,13,1198,164,1171,88
frame_16,Rack_1,56,1,a&w_small,0.8486483693122864,1099,17,1139,165,1119,91
frame_16,Rack_1,55,1,a&w_small,0.7967483997344971,1054,15,1098,167,1076,91
frame_16,Rack_1,49,1,a&w_small,0.837909460067749,1008,18,1051,170,1029,94
frame_16,Rack_1,52,1,a&w_small,0.8726645112037659,961,21,1006,171,983,96
frame_16,Rack_1,42,1,a&w_small,0.8971363306045532,916,23,959,172,937,97
frame_16,Rack_1,59,1,a&w_small,0.8690018057823181,871,25,913,173,892,99
frame_16,Rack_1,35,4,coke_small,0.8966978192329407,827,28,869,174,848,101
frame_16,Rack_1,36,4,coke_small,0.8897804617881775,783,32,825,174,804,103
frame_16,Rack_1,37,4,coke_small,0.894273579120636,744,35,782,175,763,105
frame_16,Rack_1,47,4,coke_small,0.8517356514930725,703,32,743,175,723,103
frame_16,Rack_1,46,4,coke_small,0.8796436190605164,661,31,702,175,681,103
frame_16,Rack_1,18,4,coke_small,0.931694746017456,619,34,660,175,639,104
frame_16,Rack_1,41,17,sprite_small,0.8903828859329224,578,34,618,175,598,104
frame_16,Rack_1,51,17,sprite_small,0.8548827767372131,538,34,576,176,557,105
frame_16,Rack_1,32,17,sprite_small,0.92045658826828,500,34,535,175,517,104
frame_16,Rack_1,28,17,sprite_small,0.934289276599884,459,33,498,176,478,104
frame_16,Rack_1,23,9,empty,0.942299485206604,290,24,454,176,372,100
frame_16,Rack_1,38,0,7up_med,0.9016257524490356,146,45,201,209,173,127
frame_16,Rack_1,34,0,7up_med,0.9063928723335266,92,43,143,210,117,126
frame_16,Rack_1,53,0,7up_med,0.8315845131874084,46,46,91,211,68,128
frame_16,Rack_1,58,0,7up_med,0.75392746925354,4,50,46,212,25,131
frame_17,Rack_1,14,1,a&w_small,0.9521548748016357,1145,13,1198,164,1171,88
frame_17,Rack_1,56,1,a&w_small,0.8651227951049805,1099,17,1139,165,1119,91
frame_17,Rack_1,55,1,a&w_small,0.8032889366149902,1054,16,1098,167,1076,91
frame_17,Rack_1,49,1,a&w_small,0.8366121649742126,1008,18,1051,170,1029,94
frame_17,Rack_1,52,1,a&w_small,0.8810251951217651,961,21,1006,171,983,96
frame_17,Rack_1,42,1,a&w_small,0.9020411968231201,916,22,959,172,937,97
frame_17,Rack_1,59,1,a&w_small,0.8534756302833557,871,25,913,173,892,99
frame_17,Rack_1,35,4,coke_small,0.8983600735664368,827,28,869,174,848,101
frame_17,Rack_1,36,4,coke_small,0.8879256844520569,783,32,825,174,804,103
frame_17,Rack_1,37,4,coke_small,0.8957833647727966,744,35,782,175,763,105
frame_17,Rack_1,47,4,coke_small,0.8506921529769897,703,32,743,175,723,103
frame_17,Rack_1,46,4,coke_small,0.8764208555221558,661,31,702,175,681,103
frame_17,Rack_1,18,4,coke_small,0.9307980537414551,619,34,660,175,639,104
frame_17,Rack_1,41,17,sprite_small,0.8851771354675293,578,34,617,175,597,104
frame_17,Rack_1,51,17,sprite_small,0.8586509227752686,537,34,576,176,556,105
frame_17,Rack_1,32,17,sprite_small,0.9212680459022522,500,34,535,175,517,104
frame_17,Rack_1,28,17,sprite_small,0.9314754605293274,459,34,498,176,478,105
frame_17,Rack_1,23,9,empty,0.94050532579422,290,24,454,176,372,100
frame_17,Rack_1,38,0,7up_med,0.8970511555671692,145,46,201,209,173,127
frame_17,Rack_1,34,0,7up_med,0.9078168272972107,92,44,143,210,117,127
frame_17,Rack_1,53,0,7up_med,0.8383083343505859,46,46,91,211,68,128
frame_17,Rack_1,58,0,7up_med,0.7498878240585327,4,51,46,212,25,131
frame_18,Rack_1,14,1,a&w_small,0.9541925191879272,1145,13,1198,163,1171,88
frame_18,Rack_1,56,1,a&w_small,0.8483821153640747,1099,17,1139,165,1119,91
frame_18,Rack_1,55,1,a&w_small,0.7992638349533081,1054,15,1098,167,1076,91
frame_18,Rack_1,49,1,a&w_small,0.8358809947967529,1008,18,1051,169,1029,93
frame_18,Rack_1,52,1,a&w_small,0.8879077434539795,961,21,1006,170,983,95
frame_18,Rack_1,42,1,a&w_small,0.9036874771118164,916,22,959,172,937,97
frame_18,Rack_1,59,1,a&w_small,0.8383472561836243,870,25,913,173,891,99
frame_18,Rack_1,35,4,coke_small,0.9065741896629333,827,28,869,173,848,100
frame_18,Rack_1,36,4,coke_small,0.8841511011123657,783,32,825,174,804,103
frame_18,Rack_1,37,4,coke_small,0.8900188207626343,744,35,782,174,763,104
frame_18,Rack_1,47,4,coke_small,0.837666392326355,703,32,743,174,723,103
frame_18,Rack_1,46,4,coke_small,0.8689982891082764,661,31,701,175,681,103
frame_18,Rack_1,18,4,coke_small,0.9249498844146729,619,34,660,174,639,104
frame_18,Rack_1,41,17,sprite_small,0.8882204294204712,578,34,617,175,597,104
frame_18,Rack_1,51,17,sprite_small,0.8585937023162842,537,34,576,176,556,105
frame_18,Rack_1,32,17,sprite_small,0.9151063561439514,500,34,535,175,517,104
frame_18,Rack_1,28,17,sprite_small,0.9229006171226501,459,34,498,175,478,104
frame_18,Rack_1,23,9,empty,0.9318540692329407,288,24,454,177,371,100
frame_18,Rack_1,38,0,7up_med,0.9043569564819336,146,45,201,209,173,127
frame_18,Rack_1,34,0,7up_med,0.9067254662513733,91,44,143,210,117,127
frame_18,Rack_1,53,0,7up_med,0.8460878133773804,46,46,90,211,68,128
frame_18,Rack_1,58,0,7up_med,0.7738515734672546,4,50,45,212,24,131
frame_19,Rack_1,14,1,a&w_small,0.9636363983154297,1144,13,1198,163,1171,88
frame_19,Rack_1,56,1,a&w_small,0.856085479259491,1099,16,1139,165,1119,90
frame_19,Rack_1,55,1,a&w_small,0.7995253801345825,1053,16,1098,167,1075,91
frame_19,Rack_1,49,1,a&w_small,0.8402878046035767,1007,18,1050,170,1028,94
frame_19,Rack_1,52,1,a&w_small,0.8887487649917603,961,20,1006,170,983,95
frame_19,Rack_1,42,1,a&w_small,0.9061340689659119,916,22,959,172,937,97
frame_19,Rack_1,59,1,a&w_small,0.8522220253944397,870,25,913,173,891,99
frame_19,Rack_1,35,4,coke_small,0.9034429788589478,827,28,868,173,847,100
frame_19,Rack_1,36,4,coke_small,0.8895153403282166,783,32,825,174,804,103
frame_19,Rack_1,37,4,coke_small,0.8937330842018127,744,35,782,174,763,104
frame_19,Rack_1,47,4,coke_small,0.837571918964386,703,32,743,173,723,102
frame_19,Rack_1,46,4,coke_small,0.8713165521621704,661,31,701,174,681,102
frame_19,Rack_1,18,4,coke_small,0.9223528504371643,619,34,660,174,639,104
frame_19,Rack_1,41,17,sprite_small,0.8882758617401123,577,34,617,175,597,104
frame_19,Rack_1,51,17,sprite_small,0.8567507863044739,537,34,576,176,556,105
frame_19,Rack_1,32,17,sprite_small,0.9164548516273499,500,34,535,175,517,104
frame_19,Rack_1,28,17,sprite_small,0.9242111444473267,459,34,498,175,478,104
frame_19,Rack_1,23,9,empty,0.93426513671875,288,24,454,178,371,101
frame_19,Rack_1,38,0,7up_med,0.9102491736412048,146,45,201,209,173,127
frame_19,Rack_1,34,0,7up_med,0.9082852005958557,91,44,143,210,117,127
frame_19,Rack_1,53,0,7up_med,0.8639023900032043,46,46,90,211,68,128
frame_19,Rack_1,58,0,7up_med,0.7711387276649475,4,50,46,212,25,131
frame_20,Rack_1,14,1,a&w_small,0.9632858037948608,1144,12,1198,163,1171,87
frame_20,Rack_1,56,1,a&w_small,0.8495892286300659,1099,16,1139,165,1119,90
frame_20,Rack_1,55,1,a&w_small,0.8116477131843567,1053,16,1098,168,1075,92
frame_20,Rack_1,49,1,a&w_small,0.8478350639343262,1007,17,1050,170,1028,93
frame_20,Rack_1,52,1,a&w_small,0.8942139744758606,961,20,1006,171,983,95
frame_20,Rack_1,42,1,a&w_small,0.9100765585899353,916,22,959,172,937,97
frame_20,Rack_1,59,1,a&w_small,0.8446337580680847,870,25,913,173,891,99
frame_20,Rack_1,35,4,coke_small,0.9092562198638916,827,28,868,173,847,100
frame_20,Rack_1,36,4,coke_small,0.8934183716773987,783,32,825,174,804,103
frame_20,Rack_1,37,4,coke_small,0.8970483541488647,744,34,782,174,763,104
frame_20,Rack_1,47,4,coke_small,0.8415172100067139,703,32,743,174,723,103
frame_20,Rack_1,46,4,coke_small,0.8707058429718018,661,31,701,174,681,102
frame_20,Rack_1,18,4,coke_small,0.9261546730995178,619,34,660,174,639,104
frame_20,Rack_1,41,17,sprite_small,0.887414276599884,577,34,617,175,597,104
frame_20,Rack_1,51,17,sprite_small,0.8574987649917603,537,34,576,176,556,105
frame_20,Rack_1,32,17,sprite_small,0.9200844764709473,500,34,535,175,517,104
frame_20,Rack_1,28,17,sprite_small,0.9267216324806213,459,34,498,175,478,104
frame_20,Rack_1,23,9,empty,0.9334653615951538,287,24,454,178,370,101
frame_20,Rack_1,38,0,7up_med,0.9190929532051086,146,45,201,209,173,127
frame_20,Rack_1,34,0,7up_med,0.9104251265525818,91,43,143,210,117,126
frame_20,Rack_1,53,0,7up_med,0.8681239485740662,46,46,90,211,68,128
frame_20,Rack_1,58,0,7up_med,0.7849665880203247,5,49,46,212,25,130
frame_21,Rack_1,14,1,a&w_small,0.9546317458152771,1145,13,1198,163,1171,88
frame_21,Rack_1,56,1,a&w_small,0.8686922788619995,1099,17,1139,165,1119,91
frame_21,Rack_1,55,1,a&w_small,0.8257434368133545,1054,16,1098,167,1076,91
frame_21,Rack_1,49,1,a&w_small,0.8501337170600891,1007,18,1050,170,1028,94
frame_21,Rack_1,52,1,a&w_small,0.8830769658088684,961,21,1006,171,983,96
frame_21,Rack_1,42,1,a&w_small,0.9105097055435181,916,22,959,172,937,97
frame_21,Rack_1,59,1,a&w_small,0.8421674966812134,870,25,913,173,891,99
frame_21,Rack_1,35,4,coke_small,0.9042097330093384,827,27,869,173,848,100
frame_21,Rack_1,36,4,coke_small,0.8811891674995422,783,31,825,174,804,102
frame_21,Rack_1,37,4,coke_small,0.8971585035324097,744,34,782,174,763,104
frame_21,Rack_1,47,4,coke_small,0.8306193351745605,703,31,743,173,723,102
frame_21,Rack_1,46,4,coke_small,0.8664686679840088,661,31,702,174,681,102
frame_21,Rack_1,18,4,coke_small,0.9291534423828125,620,34,660,174,640,104
frame_21,Rack_1,41,17,sprite_small,0.8914045691490173,578,34,618,175,598,104
frame_21,Rack_1,51,17,sprite_small,0.8524168729782104,537,34,576,176,556,105
frame_21,Rack_1,32,17,sprite_small,0.924480676651001,500,34,536,175,518,104
frame_21,Rack_1,28,17,sprite_small,0.9314598441123962,459,34,498,175,478,104
frame_21,Rack_1,23,9,empty,0.9327213168144226,288,25,455,178,371,101
frame_21,Rack_1,38,0,7up_med,0.9206305742263794,146,45,201,209,173,127
frame_21,Rack_1,34,0,7up_med,0.912266194820404,91,43,143,210,117,126
frame_21,Rack_1,53,0,7up_med,0.8636721968650818,46,46,91,212,68,129
frame_21,Rack_1,58,0,7up_med,0.7743556499481201,5,49,46,212,25,130
frame_22,Rack_1,14,1,a&w_small,0.9556384682655334,1145,13,1198,163,1171,88
frame_22,Rack_1,56,1,a&w_small,0.856696605682373,1099,17,1139,165,1119,91
frame_22,Rack_1,55,1,a&w_small,0.8302096128463745,1054,16,1098,168,1076,92
frame_22,Rack_1,49,1,a&w_small,0.8401671648025513,1007,18,1050,170,1028,94
frame_22,Rack_1,52,1,a&w_small,0.8739945888519287,961,21,1006,171,983,96
frame_22,Rack_1,42,1,a&w_small,0.9133449792861938,916,22,960,172,938,97
frame_22,Rack_1,59,1,a&w_small,0.831013023853302,870,24,913,172,891,98
frame_22,Rack_1,35,4,coke_small,0.9086480736732483,827,27,869,173,848,100
frame_22,Rack_1,36,4,coke_small,0.8911563754081726,784,31,825,174,804,102
frame_22,Rack_1,37,4,coke_small,0.8962001204490662,744,34,782,174,763,104
frame_22,Rack_1,47,4,coke_small,0.8327377438545227,703,32,743,174,723,103
frame_22,Rack_1,46,4,coke_small,0.8723646402359009,662,31,702,174,682,102
frame_22,Rack_1,18,4,coke_small,0.9384933114051819,620,34,660,174,640,104
frame_22,Rack_1,41,17,sprite_small,0.8888745903968811,578,34,618,175,598,104
frame_22,Rack_1,51,17,sprite_small,0.8525172472000122,538,34,577,176,557,105
frame_22,Rack_1,32,17,sprite_small,0.9292558431625366,500,34,536,175,518,104
frame_22,Rack_1,28,17,sprite_small,0.9371001720428467,459,34,499,175,479,104
frame_22,Rack_1,23,9,empty,0.930633544921875,288,25,455,178,371,101
frame_22,Rack_1,38,0,7up_med,0.923694372177124,146,45,201,209,173,127
frame_22,Rack_1,34,0,7up_med,0.9107151031494141,92,44,143,210,117,127
frame_22,Rack_1,53,0,7up_med,0.8537791967391968,46,46,91,211,68,128
frame_22,Rack_1,58,0,7up_med,0.7682670950889587,5,48,46,212,25,130
frame_23,Rack_1,14,1,a&w_small,0.9513481259346008,1145,14,1199,163,1172,88
frame_23,Rack_1,56,1,a&w_small,0.874447226524353,1099,18,1139,165,1119,91
frame_23,Rack_1,55,1,a&w_small,0.8338764905929565,1054,16,1098,167,1076,91
frame_23,Rack_1,49,1,a&w_small,0.8476111888885498,1008,19,1050,170,1029,94
frame_23,Rack_1,52,1,a&w_small,0.8758350610733032,962,21,1007,171,984,96
frame_23,Rack_1,42,1,a&w_small,0.9101109504699707,917,22,960,172,938,97
frame_23,Rack_1,59,1,a&w_small,0.8485284447669983,871,24,914,173,892,98
frame_23,Rack_1,35,4,coke_small,0.911013126373291,828,27,869,173,848,100
frame_23,Rack_1,36,4,coke_small,0.8849838376045227,784,31,826,174,805,102
frame_23,Rack_1,37,4,coke_small,0.8942915797233582,744,34,783,174,763,104
frame_23,Rack_1,47,4,coke_small,0.8411703109741211,704,32,743,173,723,102
frame_23,Rack_1,46,4,coke_small,0.8822972774505615,662,31,702,174,682,102
frame_23,Rack_1,18,4,coke_small,0.940604031085968,620,34,661,174,640,104
frame_23,Rack_1,41,17,sprite_small,0.8949256539344788,578,34,618,175,598,104
frame_23,Rack_1,51,17,sprite_small,0.8591134548187256,538,33,577,176,557,104
frame_23,Rack_1,32,17,sprite_small,0.9255451560020447,501,34,536,175,518,104
frame_23,Rack_1,28,17,sprite_small,0.939331591129303,459,34,499,175,479,104
frame_23,Rack_1,23,9,empty,0.9278412461280823,288,25,455,178,371,101
frame_23,Rack_1,38,0,7up_med,0.9257429838180542,146,45,201,209,173,127
frame_23,Rack_1,34,0,7up_med,0.9158812761306763,92,44,144,210,118,127
frame_23,Rack_1,53,0,7up_med,0.8628318905830383,46,45,91,211,68,128
frame_23,Rack_1,58,0,7up_med,0.6241790056228638,2,44,45,213,23,128
frame_24,Rack_1,14,1,a&w_small,0.9453479051589966,1146,14,1199,163,1172,88
frame_24,Rack_1,56,1,a&w_small,0.8763787746429443,1099,19,1139,165,1119,92
frame_24,Rack_1,55,1,a&w_small,0.826099693775177,1054,17,1098,167,1076,92
frame_24,Rack_1,49,1,a&w_small,0.8442384004592896,1008,19,1050,170,1029,94
frame_24,Rack_1,52,1,a&w_small,0.8789404034614563,963,22,1007,171,985,96
frame_24,Rack_1,42,1,a&w_small,0.9100731015205383,917,22,960,172,938,97
frame_24,Rack_1,59,1,a&w_small,0.8538174629211426,871,24,914,172,892,98
frame_24,Rack_1,35,4,coke_small,0.9079028964042664,828,27,870,173,849,100
frame_24,Rack_1,36,4,coke_small,0.886711597442627,784,31,826,174,805,102
frame_24,Rack_1,37,4,coke_small,0.8951866626739502,745,34,783,174,764,104
frame_24,Rack_1,47,4,coke_small,0.842056393623352,704,32,744,174,724,103
frame_24,Rack_1,46,4,coke_small,0.8945749998092651,662,31,703,174,682,102
frame_24,Rack_1,18,4,coke_small,0.9450093507766724,621,34,661,174,641,104
frame_24,Rack_1,41,17,sprite_small,0.8951181769371033,579,34,619,175,599,104
frame_24,Rack_1,51,17,sprite_small,0.8529825806617737,539,33,578,176,558,104
frame_24,Rack_1,32,17,sprite_small,0.9194334149360657,501,34,537,175,519,104
frame_24,Rack_1,28,17,sprite_small,0.9441817402839661,460,33,499,175,479,104
frame_24,Rack_1,23,9,empty,0.9274711012840271,289,25,456,178,372,101
frame_24,Rack_1,38,0,7up_med,0.9261034727096558,146,45,201,209,173,127
frame_24,Rack_1,34,0,7up_med,0.9196094870567322,92,43,144,210,118,126
frame_24,Rack_1,53,0,7up_med,0.8542144298553467,47,45,91,211,69,128
frame_24,Rack_1,58,0,7up_med,0.716948390007019,4,45,46,213,25,129
frame_25,Rack_1,14,1,a&w_small,0.9552521705627441,1146,14,1199,163,1172,88
frame_25,Rack_1,56,1,a&w_small,0.8653842210769653,1100,18,1139,164,1119,91
frame_25,Rack_1,55,1,a&w_small,0.8167400360107422,1055,17,1099,167,1077,92
frame_25,Rack_1,49,1,a&w_small,0.8306055665016174,1008,19,1050,169,1029,94
frame_25,Rack_1,52,1,a&w_small,0.8870476484298706,963,22,1008,170,985,96
frame_25,Rack_1,42,1,a&w_small,0.909137487411499,918,23,961,172,939,97
frame_25,Rack_1,59,1,a&w_small,0.8709549903869629,872,24,915,172,893,98
frame_25,Rack_1,35,4,coke_small,0.9004284739494324,829,27,870,173,849,100
frame_25,Rack_1,36,4,coke_small,0.8922199010848999,785,31,826,174,805,102
frame_25,Rack_1,37,4,coke_small,0.8994125127792358,745,34,784,174,764,104
frame_25,Rack_1,47,4,coke_small,0.8510100841522217,704,32,744,174,724,103
frame_25,Rack_1,46,4,coke_small,0.8940362334251404,662,31,703,174,682,102
frame_25,Rack_1,18,4,coke_small,0.9371668696403503,621,34,661,174,641,104
frame_25,Rack_1,41,17,sprite_small,0.8957868814468384,579,33,619,175,599,104
frame_25,Rack_1,51,17,sprite_small,0.8637686967849731,539,33,579,176,559,104
frame_25,Rack_1,32,17,sprite_small,0.9137438535690308,501,33,537,175,519,104
frame_25,Rack_1,28,17,sprite_small,0.949306845664978,460,31,500,175,480,103
frame_25,Rack_1,23,9,empty,0.9273419380187988,289,25,456,178,372,101
frame_25,Rack_1,38,0,7up_med,0.9193953275680542,146,45,202,209,174,127
frame_25,Rack_1,34,0,7up_med,0.9146028161048889,92,43,144,210,118,126
frame_25,Rack_1,53,0,7up_med,0.8389368653297424,47,44,92,211,69,127
frame_25,Rack_1,58,0,7up_med,0.6780136823654175,4,46,46,212,25,129
frame_26,Rack_1,14,1,a&w_small,0.9606059789657593,1146,13,1200,163,1173,88
frame_26,Rack_1,56,1,a&w_small,0.8404511213302612,1100,17,1140,165,1120,91
frame_26,Rack_1,55,1,a&w_small,0.8143643736839294,1055,16,1099,167,1077,91
frame_26,Rack_1,49,1,a&w_small,0.818202555179596,1009,18,1051,169,1030,93
frame_26,Rack_1,52,1,a&w_small,0.883990466594696,964,21,1008,170,986,95
frame_26,Rack_1,42,1,a&w_small,0.9132339358329773,918,22,961,171,939,96
frame_26,Rack_1,59,1,a&w_small,0.8808305263519287,872,24,915,172,893,98
frame_26,Rack_1,35,4,coke_small,0.8921499848365784,829,27,871,173,850,100
frame_26,Rack_1,36,4,coke_small,0.9023606181144714,785,31,827,174,806,102
frame_26,Rack_1,37,4,coke_small,0.9053460359573364,746,33,784,174,765,103
frame_26,Rack_1,47,4,coke_small,0.8728306889533997,704,31,744,174,724,102
frame_26,Rack_1,46,4,coke_small,0.8994326591491699,663,31,703,174,683,102
frame_26,Rack_1,18,4,coke_small,0.936296820640564,621,34,662,174,641,104
frame_26,Rack_1,41,17,sprite_small,0.9015137553215027,580,33,619,175,599,104
frame_26,Rack_1,51,17,sprite_small,0.8807146549224854,540,33,579,175,559,104
frame_26,Rack_1,32,17,sprite_small,0.9160104990005493,502,33,538,175,520,104
frame_26,Rack_1,28,17,sprite_small,0.9541475772857666,460,31,501,175,480,103
frame_26,Rack_1,23,9,empty,0.9266901612281799,290,25,456,177,373,101
frame_26,Rack_1,38,0,7up_med,0.9184573292732239,147,45,202,209,174,127
frame_26,Rack_1,34,0,7up_med,0.9036670327186584,92,43,144,210,118,126
frame_26,Rack_1,53,0,7up_med,0.8317052125930786,47,45,92,211,69,128
frame_26,Rack_1,58,0,7up_med,0.7748283743858337,5,48,47,213,26,130
frame_27,Rack_1,14,1,a&w_small,0.9648758172988892,1146,13,1200,163,1173,88
frame_27,Rack_1,56,1,a&w_small,0.8545249104499817,1100,16,1140,164,1120,90
frame_27,Rack_1,55,1,a&w_small,0.834395706653595,1056,16,1100,167,1078,91
frame_27,Rack_1,49,1,a&w_small,0.8103077411651611,1010,19,1053,169,1031,94
frame_27,Rack_1,52,1,a&w_small,0.8718969821929932,964,21,1009,170,986,95
frame_27,Rack_1,42,1,a&w_small,0.9159203767776489,918,22,962,171,940,96
frame_27,Rack_1,59,1,a&w_small,0.8828462362289429,873,24,916,172,894,98
frame_27,Rack_1,35,4,coke_small,0.8918420076370239,830,27,872,173,851,100
frame_27,Rack_1,36,4,coke_small,0.9067009091377258,785,31,827,173,806,102
frame_27,Rack_1,37,4,coke_small,0.909265398979187,746,33,784,174,765,103
frame_27,Rack_1,47,4,coke_small,0.8783420920372009,705,31,744,174,724,102
frame_27,Rack_1,46,4,coke_small,0.8966054916381836,663,31,703,174,683,102
frame_27,Rack_1,18,4,coke_small,0.9335514903068542,621,34,662,174,641,104
frame_27,Rack_1,41,17,sprite_small,0.9024916887283325,580,33,620,175,600,104
frame_27,Rack_1,51,17,sprite_small,0.8856952786445618,540,33,579,175,559,104
frame_27,Rack_1,32,17,sprite_small,0.9227437376976013,502,33,538,175,520,104
frame_27,Rack_1,28,17,sprite_small,0.9564452171325684,460,30,501,175,480,102
frame_27,Rack_1,23,9,empty,0.9278478026390076,289,25,456,177,372,101
frame_27,Rack_1,38,0,7up_med,0.9184452891349792,147,45,202,209,174,127
frame_27,Rack_1,34,0,7up_med,0.8981994390487671,93,43,144,210,118,126
frame_27,Rack_1,53,0,7up_med,0.8215688467025757,47,45,92,211,69,128
frame_27,Rack_1,58,0,7up_med,0.7777066826820374,5,50,46,213,25,131
frame_28,Rack_1,14,1,a&w_small,0.9632272124290466,1146,13,1200,163,1173,88
frame_28,Rack_1,56,1,a&w_small,0.8232898116111755,1100,16,1140,165,1120,90
frame_28,Rack_1,55,1,a&w_small,0.8261435627937317,1056,15,1100,168,1078,91
frame_28,Rack_1,49,1,a&w_small,0.8066997528076172,1011,18,1054,168,1032,93
frame_28,Rack_1,52,1,a&w_small,0.8697301149368286,965,21,1009,170,987,95
frame_28,Rack_1,42,1,a&w_small,0.9117718935012817,918,22,962,171,940,96
frame_28,Rack_1,59,1,a&w_small,0.8787032961845398,873,24,916,172,894,98
frame_28,Rack_1,35,4,coke_small,0.8936321139335632,830,27,872,173,851,100
frame_28,Rack_1,36,4,coke_small,0.9103193283081055,786,31,828,173,807,102
frame_28,Rack_1,37,4,coke_small,0.9120543599128723,746,33,784,174,765,103
frame_28,Rack_1,47,4,coke_small,0.8866431713104248,705,31,745,175,725,103
frame_28,Rack_1,46,4,coke_small,0.8987308144569397,663,31,704,174,683,102
frame_28,Rack_1,18,4,coke_small,0.9296792149543762,621,34,662,174,641,104
frame_28,Rack_1,41,17,sprite_small,0.9018780589103699,580,33,620,175,600,104
frame_28,Rack_1,51,17,sprite_small,0.8936858177185059,540,33,579,175,559,104
frame_28,Rack_1,32,17,sprite_small,0.9299274682998657,502,33,538,175,520,104
frame_28,Rack_1,28,17,sprite_small,0.9572524428367615,460,30,501,176,480,103
frame_28,Rack_1,23,9,empty,0.9289646148681641,290,24,456,177,373,100
frame_28,Rack_1,38,0,7up_med,0.9175897240638733,147,45,202,209,174,127
frame_28,Rack_1,34,0,7up_med,0.893897533416748,93,43,144,210,118,126
frame_28,Rack_1,53,0,7up_med,0.8236703276634216,47,45,92,212,69,128
frame_28,Rack_1,58,0,7up_med,0.7564691305160522,5,50,46,213,25,131
frame_29,Rack_1,14,1,a&w_small,0.9701350927352905,1146,12,1200,163,1173,87
frame_29,Rack_1,56,1,a&w_small,0.8087227940559387,1100,15,1140,165,1120,90
frame_29,Rack_1,55,1,a&w_small,0.8202672004699707,1057,15,1100,167,1078,91
frame_29,Rack_1,49,1,a&w_small,0.7966555953025818,1011,18,1054,168,1032,93
frame_29,Rack_1,52,1,a&w_small,0.8774235844612122,965,21,1009,170,987,95
frame_29,Rack_1,42,1,a&w_small,0.915241539478302,918,22,962,171,940,96
frame_29,Rack_1,59,1,a&w_small,0.8623664975166321,873,24,916,172,894,98
frame_29,Rack_1,35,4,coke_small,0.8865264654159546,830,26,872,173,851,99
frame_29,Rack_1,36,4,coke_small,0.9072600603103638,786,31,828,173,807,102
frame_29,Rack_1,37,4,coke_small,0.91156405210495,746,33,784,174,765,103
frame_29,Rack_1,47,4,coke_small,0.8877836465835571,705,31,745,175,725,103
frame_29,Rack_1,46,4,coke_small,0.8911306262016296,663,31,704,174,683,102
frame_29,Rack_1,18,4,coke_small,0.9276604652404785,621,34,662,174,641,104
frame_29,Rack_1,41,17,sprite_small,0.907240629196167,580,33,620,175,600,104
frame_29,Rack_1,51,17,sprite_small,0.8891024589538574,540,33,579,175,559,104
frame_29,Rack_1,32,17,sprite_small,0.9308450222015381,502,33,538,175,520,104
frame_29,Rack_1,28,17,sprite_small,0.9617236852645874,460,30,501,175,480,102
frame_29,Rack_1,23,9,empty,0.9308916330337524,290,25,456,177,373,101
frame_29,Rack_1,38,0,7up_med,0.9213407039642334,146,45,201,208,173,126
frame_29,Rack_1,34,0,7up_med,0.891739547252655,92,43,144,209,118,126
frame_29,Rack_1,53,0,7up_med,0.8241850137710571,47,45,92,211,69,128
frame_29,Rack_1,58,0,7up_med,0.7568763494491577,4,50,46,213,25,131
frame_30,Rack_1,14,1,a&w_small,0.9627647995948792,1146,12,1201,163,1173,87
frame_30,Rack_1,56,1,a&w_small,0.8070588111877441,1100,14,1141,165,1120,89
frame_30,Rack_1,55,1,a&w_small,0.826716423034668,1057,15,1101,167,1079,91
frame_30,Rack_1,49,1,a&w_small,0.7983198761940002,1012,18,1055,168,1033,93
frame_30,Rack_1,52,1,a&w_small,0.8778702616691589,965,20,1009,169,987,94
frame_30,Rack_1,42,1,a&w_small,0.9129340648651123,919,22,962,171,940,96
frame_30,Rack_1,59,1,a&w_small,0.8671191930770874,874,24,916,172,895,98
frame_30,Rack_1,35,4,coke_small,0.8878969550132751,831,26,872,173,851,99
frame_30,Rack_1,36,4,coke_small,0.9060102105140686,786,30,828,173,807,101
frame_30,Rack_1,37,4,coke_small,0.9109000563621521,746,33,785,174,765,103
frame_30,Rack_1,47,4,coke_small,0.889136016368866,705,31,745,174,725,102
frame_30,Rack_1,46,4,coke_small,0.8859969973564148,663,31,704,174,683,102
frame_30,Rack_1,18,4,coke_small,0.9241425395011902,621,34,663,174,642,104
frame_30,Rack_1,41,17,sprite_small,0.903684139251709,580,33,620,175,600,104
frame_30,Rack_1,51,17,sprite_small,0.9002549648284912,540,33,580,176,560,104
frame_30,Rack_1,32,17,sprite_small,0.93365079164505,502,33,538,175,520,104
frame_30,Rack_1,28,17,sprite_small,0.9620034098625183,460,30,501,175,480,102
frame_30,Rack_1,23,9,empty,0.9290030598640442,290,25,457,177,373,101
frame_30,Rack_1,38,0,7up_med,0.9183315634727478,146,44,201,208,173,126
frame_30,Rack_1,34,0,7up_med,0.8931126594543457,92,43,144,209,118,126
frame_30,Rack_1,53,0,7up_med,0.8229222893714905,47,45,91,211,69,128
frame_30,Rack_1,58,0,7up_med,0.7551060318946838,5,48,46,212,25,130
frame_31,Rack_1,14,1,a&w_small,0.9666315913200378,1146,13,1201,162,1173,87
frame_31,Rack_1,56,1,a&w_small,0.8046887516975403,1101,14,1141,164,1121,89
frame_31,Rack_1,55,1,a&w_small,0.828848659992218,1058,14,1101,166,1079,90
frame_31,Rack_1,49,1,a&w_small,0.8087977170944214,1012,17,1055,167,1033,92
frame_31,Rack_1,52,1,a&w_small,0.8725801706314087,965,19,1009,169,987,94
frame_31,Rack_1,42,1,a&w_small,0.9035512804985046,919,22,962,170,940,96
frame_31,Rack_1,59,1,a&w_small,0.8584041595458984,874,24,917,171,895,97
frame_31,Rack_1,35,4,coke_small,0.9070951342582703,831,26,873,172,852,99
frame_31,Rack_1,36,4,coke_small,0.9026454091072083,786,31,828,173,807,102
frame_31,Rack_1,37,4,coke_small,0.9182524681091309,746,32,785,173,765,102
frame_31,Rack_1,47,4,coke_small,0.8932816386222839,706,31,745,174,725,102
frame_31,Rack_1,46,4,coke_small,0.8904115557670593,663,30,704,174,683,102
frame_31,Rack_1,18,4,coke_small,0.9273550510406494,621,34,663,174,642,104
frame_31,Rack_1,41,17,sprite_small,0.8972960114479065,580,32,620,175,600,103
frame_31,Rack_1,51,17,sprite_small,0.9020026326179504,540,33,580,176,560,104
frame_31,Rack_1,32,17,sprite_small,0.933037519454956,502,33,538,175,520,104
frame_31,Rack_1,28,17,sprite_small,0.9620504975318909,460,30,501,175,480,102
frame_31,Rack_1,23,9,empty,0.9346575736999512,290,25,456,176,373,100
frame_31,Rack_1,38,0,7up_med,0.9219583868980408,146,44,201,208,173,126
frame_31,Rack_1,34,0,7up_med,0.8882324695587158,92,42,144,209,118,125
frame_31,Rack_1,53,0,7up_med,0.8421066403388977,47,44,91,211,69,127
frame_31,Rack_1,58,0,7up_med,0.7980908751487732,5,47,46,211,25,129
frame_32,Rack_1,14,1,a&w_small,0.9735437631607056,1147,12,1201,162,1174,87
frame_32,Rack_1,56,1,a&w_small,0.8173432350158691,1102,12,1142,164,1122,88
frame_32,Rack_1,55,1,a&w_small,0.8398221731185913,1058,13,1102,166,1080,89
frame_32,Rack_1,49,1,a&w_small,0.8132282495498657,1012,15,1056,167,1034,91
frame_32,Rack_1,52,1,a&w_small,0.8878446221351624,965,18,1010,168,987,93
frame_32,Rack_1,42,1,a&w_small,0.9068612456321716,919,21,962,170,940,95
frame_32,Rack_1,59,1,a&w_small,0.8549056649208069,874,23,917,171,895,97
frame_32,Rack_1,35,4,coke_small,0.9038215279579163,831,25,873,172,852,98
frame_32,Rack_1,36,4,coke_small,0.9001842141151428,786,30,828,173,807,101
frame_32,Rack_1,37,4,coke_small,0.9145749807357788,746,32,785,173,765,102
frame_32,Rack_1,47,4,coke_small,0.8794066309928894,706,30,745,174,725,102
frame_32,Rack_1,46,4,coke_small,0.8824703693389893,663,30,704,174,683,102
frame_32,Rack_1,18,4,coke_small,0.9180946350097656,622,34,663,174,642,104
frame_32,Rack_1,41,17,sprite_small,0.8954521417617798,580,32,620,175,600,103
frame_32,Rack_1,51,17,sprite_small,0.9007043242454529,540,33,580,176,560,104
frame_32,Rack_1,32,17,sprite_small,0.9338201284408569,502,33,538,175,520,104
frame_32,Rack_1,28,17,sprite_small,0.9634432792663574,460,30,501,175,480,102
frame_32,Rack_1,23,9,empty,0.932031512260437,290,26,456,176,373,101
frame_32,Rack_1,38,0,7up_med,0.927156388759613,146,44,201,208,173,126
frame_32,Rack_1,34,0,7up_med,0.8925736546516418,92,42,144,209,118,125
frame_32,Rack_1,53,0,7up_med,0.8385361433029175,47,43,91,210,69,126
frame_32,Rack_1,58,0,7up_med,0.7689679265022278,5,45,46,210,25,127
frame_33,Rack_1,14,1,a&w_small,0.973328709602356,1147,12,1202,161,1174,86
frame_33,Rack_1,56,1,a&w_small,0.821151852607727,1103,12,1143,164,1123,88
frame_33,Rack_1,55,1,a&w_small,0.8483467698097229,1059,12,1103,166,1081,89
frame_33,Rack_1,49,1,a&w_small,0.8092771768569946,1012,14,1056,168,1034,91
frame_33,Rack_1,52,1,a&w_small,0.8875120878219604,965,17,1010,168,987,92
frame_33,Rack_1,42,1,a&w_small,0.9067221283912659,919,21,962,170,940,95
frame_33,Rack_1,59,1,a&w_small,0.8503714203834534,874,23,917,170,895,96
frame_33,Rack_1,35,4,coke_small,0.9043605327606201,831,25,873,172,852,98
frame_33,Rack_1,36,4,coke_small,0.8940278887748718,786,30,828,173,807,101
frame_33,Rack_1,37,4,coke_small,0.915275514125824,746,32,785,173,765,102
frame_33,Rack_1,47,4,coke_small,0.8688489198684692,706,30,745,174,725,102
frame_33,Rack_1,46,4,coke_small,0.8801946640014648,663,29,704,174,683,101
frame_33,Rack_1,18,4,coke_small,0.9112237095832825,622,33,663,174,642,103
frame_33,Rack_1,41,17,sprite_small,0.8943690061569214,580,32,620,175,600,103
frame_33,Rack_1,51,17,sprite_small,0.9037197828292847,540,33,579,176,559,104
frame_33,Rack_1,32,17,sprite_small,0.9340840578079224,502,33,538,175,520,104
frame_33,Rack_1,28,17,sprite_small,0.9627352952957153,460,30,501,175,480,102
frame_33,Rack_1,23,9,empty,0.9323731660842896,290,27,455,176,372,101
frame_33,Rack_1,38,0,7up_med,0.9207668900489807,146,44,201,208,173,126
frame_33,Rack_1,34,0,7up_med,0.8924921751022339,92,42,144,208,118,125
frame_33,Rack_1,53,0,7up_med,0.8339073657989502,47,43,91,210,69,126
frame_33,Rack_1,58,0,7up_med,0.7753242254257202,5,45,46,210,25,127
frame_34,Rack_1,14,1,a&w_small,0.9766504764556885,1147,12,1202,161,1174,86
frame_34,Rack_1,56,1,a&w_small,0.8196362853050232,1103,11,1143,164,1123,87
frame_34,Rack_1,55,1,a&w_small,0.857303261756897,1059,11,1103,166,1081,88
frame_34,Rack_1,49,1,a&w_small,0.8215538859367371,1012,13,1057,168,1034,90
frame_34,Rack_1,52,1,a&w_small,0.8947272300720215,965,17,1010,168,987,92
frame_34,Rack_1,42,1,a&w_small,0.9108540415763855,919,21,963,170,941,95
frame_34,Rack_1,59,1,a&w_small,0.8532882928848267,875,23,917,170,896,96
frame_34,Rack_1,35,4,coke_small,0.9083800315856934,831,25,873,172,852,98
frame_34,Rack_1,36,4,coke_small,0.9002730846405029,786,29,829,172,807,100
frame_34,Rack_1,37,4,coke_small,0.9178206324577332,747,32,785,173,766,102
frame_34,Rack_1,47,4,coke_small,0.8696762919425964,706,29,746,174,726,101
frame_34,Rack_1,46,4,coke_small,0.876984715461731,663,29,705,174,684,101
frame_34,Rack_1,18,4,coke_small,0.9115791916847229,622,33,663,174,642,103
frame_34,Rack_1,41,17,sprite_small,0.8949196338653564,580,32,621,175,600,103
frame_34,Rack_1,51,17,sprite_small,0.9056091904640198,540,32,580,176,560,104
frame_34,Rack_1,32,17,sprite_small,0.9325219988822937,502,33,538,175,520,104
frame_34,Rack_1,28,17,sprite_small,0.9625192880630493,460,30,501,175,480,102
frame_34,Rack_1,23,9,empty,0.9366501569747925,288,25,456,175,372,100
frame_34,Rack_1,38,0,7up_med,0.9195124506950378,146,44,201,208,173,126
frame_34,Rack_1,34,0,7up_med,0.8905321359634399,92,42,144,208,118,125
frame_34,Rack_1,53,0,7up_med,0.8390563130378723,47,43,91,210,69,126
frame_34,Rack_1,58,0,7up_med,0.7793910503387451,4,45,46,210,25,127
frame_35,Rack_1,14,1,a&w_small,0.9752072691917419,1147,10,1203,162,1175,86
frame_35,Rack_1,56,1,a&w_small,0.8159924745559692,1103,10,1144,164,1123,87
frame_35,Rack_1,55,1,a&w_small,0.8563588857650757,1059,11,1104,166,1081,88
frame_35,Rack_1,49,1,a&w_small,0.8326443433761597,1012,13,1057,168,1034,90
frame_35,Rack_1,52,1,a&w_small,0.8991599082946777,965,16,1010,168,987,92
frame_35,Rack_1,42,1,a&w_small,0.9255077838897705,919,20,963,169,941,94
frame_35,Rack_1,59,1,a&w_small,0.8423796892166138,875,22,917,170,896,96
frame_35,Rack_1,35,4,coke_small,0.9141901731491089,831,24,873,172,852,98
frame_35,Rack_1,36,4,coke_small,0.904081404209137,786,28,829,173,807,100
frame_35,Rack_1,37,4,coke_small,0.9203152060508728,747,32,785,173,766,102
frame_35,Rack_1,47,4,coke_small,0.8786195516586304,706,29,746,174,726,101
frame_35,Rack_1,46,4,coke_small,0.8785870671272278,664,28,705,174,684,101
frame_35,Rack_1,18,4,coke_small,0.9156364798545837,622,32,664,174,643,103
frame_35,Rack_1,41,17,sprite_small,0.8936856389045715,580,31,621,175,600,103
frame_35,Rack_1,51,17,sprite_small,0.9150107502937317,540,32,580,176,560,104
frame_35,Rack_1,32,17,sprite_small,0.9348394870758057,503,33,539,175,521,104
frame_35,Rack_1,28,17,sprite_small,0.9641119837760925,460,29,502,175,481,102
frame_35,Rack_1,23,9,empty,0.9225810766220093,288,23,458,176,373,99
frame_35,Rack_1,38,0,7up_med,0.9229878187179565,146,45,201,208,173,126
frame_35,Rack_1,34,0,7up_med,0.9004210829734802,92,42,144,208,118,125
frame_35,Rack_1,53,0,7up_med,0.8539687991142273,47,43,91,210,69,126
frame_35,Rack_1,58,0,7up_med,0.7805210947990417,5,45,46,210,25,127
frame_36,Rack_1,14,1,a&w_small,0.9765341281890869,1148,9,1203,162,1175,85
frame_36,Rack_1,56,1,a&w_small,0.8160460591316223,1104,10,1144,164,1124,87
frame_36,Rack_1,55,1,a&w_small,0.8623997569084167,1059,11,1104,166,1081,88
frame_36,Rack_1,49,1,a&w_small,0.8316625356674194,1012,12,1057,168,1034,90
frame_36,Rack_1,52,1,a&w_small,0.8959866762161255,965,16,1010,168,987,92
frame_36,Rack_1,42,1,a&w_small,0.9250059723854065,919,20,963,169,941,94
frame_36,Rack_1,59,1,a&w_small,0.8263305425643921,875,21,917,170,896,95
frame_36,Rack_1,35,4,coke_small,0.9171357750892639,831,23,873,172,852,97
frame_36,Rack_1,36,4,coke_small,0.9050225615501404,787,28,829,173,808,100
frame_36,Rack_1,37,4,coke_small,0.9161298274993896,747,32,785,173,766,102
frame_36,Rack_1,47,4,coke_small,0.8685369491577148,706,29,746,174,726,101
frame_36,Rack_1,46,4,coke_small,0.8783527612686157,664,28,705,174,684,101
frame_36,Rack_1,18,4,coke_small,0.914884090423584,622,32,664,174,643,103
frame_36,Rack_1,41,17,sprite_small,0.8911074995994568,580,31,621,175,600,103
frame_36,Rack_1,51,17,sprite_small,0.9155367016792297,541,31,580,175,560,103
frame_36,Rack_1,32,17,sprite_small,0.9374548196792603,503,32,539,175,521,103
frame_36,Rack_1,28,17,sprite_small,0.9627134799957275,460,29,502,175,481,102
frame_36,Rack_1,23,9,empty,0.919760525226593,287,22,458,176,372,99
frame_36,Rack_1,38,0,7up_med,0.9235833883285522,146,45,201,208,173,126
frame_36,Rack_1,34,0,7up_med,0.9000246524810791,92,42,144,208,118,125
frame_36,Rack_1,53,0,7up_med,0.8543497920036316,47,43,91,210,69,126
frame_36,Rack_1,58,0,7up_med,0.7813659906387329,5,45,46,210,25,127
frame_37,Rack_1,14,1,a&w_small,0.9760496616363525,1148,9,1204,162,1176,85
frame_37,Rack_1,56,1,a&w_small,0.800389289855957,1104,10,1144,164,1124,87
frame_37,Rack_1,55,1,a&w_small,0.848904550075531,1060,10,1104,166,1082,88
frame_37,Rack_1,49,1,a&w_small,0.8303287029266357,1012,12,1057,168,1034,90
frame_37,Rack_1,52,1,a&w_small,0.8969783782958984,965,16,1011,168,988,92
frame_37,Rack_1,42,1,a&w_small,0.9234938621520996,919,20,963,169,941,94
frame_37,Rack_1,59,1,a&w_small,0.8220154643058777,875,21,917,170,896,95
frame_37,Rack_1,35,4,coke_small,0.9223179221153259,831,23,874,172,852,97
frame_37,Rack_1,36,4,coke_small,0.9117897748947144,787,28,829,173,808,100
frame_37,Rack_1,37,4,coke_small,0.9145351052284241,747,32,786,174,766,103
frame_37,Rack_1,47,4,coke_small,0.8735999464988708,707,29,746,175,726,102
frame_37,Rack_1,46,4,coke_small,0.8938945531845093,664,27,706,175,685,101
frame_37,Rack_1,18,4,coke_small,0.9313691258430481,622,32,664,175,643,103
frame_37,Rack_1,41,17,sprite_small,0.8816018104553223,581,31,621,175,601,103
frame_37,Rack_1,51,17,sprite_small,0.9147635102272034,541,31,580,175,560,103
frame_37,Rack_1,32,17,sprite_small,0.9395377039909363,503,32,539,175,521,103
frame_37,Rack_1,28,17,sprite_small,0.9654538035392761,461,29,502,176,481,102
frame_37,Rack_1,23,9,empty,0.9270746111869812,289,22,459,175,374,98
frame_37,Rack_1,38,0,7up_med,0.9201489686965942,146,45,201,207,173,126
frame_37,Rack_1,34,0,7up_med,0.8993489146232605,92,42,144,208,118,125
frame_37,Rack_1,53,0,7up_med,0.8508316874504089,47,43,91,210,69,126
frame_37,Rack_1,58,0,7up_med,0.77617347240448,5,45,46,210,25,127
frame_38,Rack_1,14,1,a&w_small,0.9747904539108276,1148,9,1204,162,1176,85
frame_38,Rack_1,56,1,a&w_small,0.8083100914955139,1104,10,1144,165,1124,87
frame_38,Rack_1,55,1,a&w_small,0.8439924716949463,1060,10,1104,166,1082,88
frame_38,Rack_1,49,1,a&w_small,0.8234444260597229,1012,12,1058,168,1035,90
frame_38,Rack_1,52,1,a&w_small,0.8993304371833801,966,16,1011,168,988,92
frame_38,Rack_1,42,1,a&w_small,0.9251641035079956,919,20,963,169,941,94
frame_38,Rack_1,59,1,a&w_small,0.81931072473526,875,21,918,170,896,95
frame_38,Rack_1,35,4,coke_small,0.9213917255401611,831,23,874,173,852,98
frame_38,Rack_1,36,4,coke_small,0.9078066349029541,787,28,830,173,808,100
frame_38,Rack_1,37,4,coke_small,0.9120902419090271,747,32,786,174,766,103
frame_38,Rack_1,47,4,coke_small,0.8690145015716553,707,29,746,175,726,102
frame_38,Rack_1,46,4,coke_small,0.8846705555915833,665,28,706,175,685,101
frame_38,Rack_1,18,4,coke_small,0.9236187934875488,622,32,664,174,643,103
frame_38,Rack_1,41,17,sprite_small,0.8844484686851501,581,30,621,175,601,102
frame_38,Rack_1,51,17,sprite_small,0.9102708101272583,541,31,580,175,560,103
frame_38,Rack_1,32,17,sprite_small,0.9377785325050354,503,32,539,175,521,103
frame_38,Rack_1,28,17,sprite_small,0.9604305624961853,461,28,502,175,481,101
frame_38,Rack_1,23,9,empty,0.9177457094192505,288,21,459,175,373,98
frame_38,Rack_1,38,0,7up_med,0.9194974303245544,146,45,201,208,173,126
frame_38,Rack_1,34,0,7up_med,0.89332515001297,92,42,144,208,118,125
frame_38,Rack_1,53,0,7up_med,0.8518775105476379,46,43,91,210,68,126
frame_38,Rack_1,58,0,7up_med,0.7632606625556946,5,45,46,210,25,127
frame_39,Rack_1,14,1,a&w_small,0.975267231464386,1148,9,1204,162,1176,85
frame_39,Rack_1,56,1,a&w_small,0.8259230256080627,1104,10,1145,165,1124,87
frame_39,Rack_1,55,1,a&w_small,0.8396827578544617,1060,10,1104,166,1082,88
frame_39,Rack_1,49,1,a&w_small,0.8099684119224548,1013,12,1058,167,1035,89
frame_39,Rack_1,52,1,a&w_small,0.8924177289009094,966,16,1011,168,988,92
frame_39,Rack_1,42,1,a&w_small,0.9201162457466125,920,19,964,169,942,94
frame_39,Rack_1,59,1,a&w_small,0.8047351837158203,875,21,918,171,896,96
frame_39,Rack_1,35,4,coke_small,0.9198410511016846,832,23,874,173,853,98
frame_39,Rack_1,36,4,coke_small,0.9065744876861572,787,27,830,173,808,100
frame_39,Rack_1,37,4,coke_small,0.9118693470954895,747,32,786,174,766,103
frame_39,Rack_1,47,4,coke_small,0.8845601081848145,707,29,746,175,726,102
frame_39,Rack_1,46,4,coke_small,0.9001126289367676,665,27,706,176,685,101
frame_39,Rack_1,18,4,coke_small,0.9387773275375366,622,32,665,175,643,103
frame_39,Rack_1,41,17,sprite_small,0.8767595887184143,581,30,622,175,601,102
frame_39,Rack_1,51,17,sprite_small,0.9143358469009399,541,31,581,175,561,103
frame_39,Rack_1,32,17,sprite_small,0.9410189390182495,503,32,540,175,521,103
frame_39,Rack_1,28,17,sprite_small,0.9658442139625549,461,29,502,176,481,102
frame_39,Rack_1,23,9,empty,0.9262551069259644,289,21,460,175,374,98
frame_39,Rack_1,38,0,7up_med,0.9192270636558533,146,44,201,207,173,125
frame_39,Rack_1,34,0,7up_med,0.893904983997345,92,42,144,208,118,125
frame_39,Rack_1,53,0,7up_med,0.8448536992073059,47,43,91,210,69,126
frame_39,Rack_1,58,0,7up_med,0.7762226462364197,5,45,46,210,25,127
frame_40,Rack_1,14,1,a&w_small,0.980067789554596,1149,10,1205,162,1177,86
frame_40,Rack_1,56,1,a&w_small,0.8214049339294434,1105,11,1145,164,1125,87
frame_40,Rack_1,55,1,a&w_small,0.8377688527107239,1060,10,1105,165,1082,87
frame_40,Rack_1,49,1,a&w_small,0.8133125305175781,1013,12,1058,166,1035,89
frame_40,Rack_1,52,1,a&w_small,0.8675374984741211,966,16,1011,168,988,92
frame_40,Rack_1,42,1,a&w_small,0.9026979804039001,920,20,964,169,942,94
frame_40,Rack_1,59,1,a&w_small,0.7935096621513367,876,22,918,170,897,96
frame_40,Rack_1,35,4,coke_small,0.9136430025100708,832,23,875,172,853,97
frame_40,Rack_1,36,4,coke_small,0.9057286381721497,788,28,830,173,809,100
frame_40,Rack_1,37,4,coke_small,0.9148691296577454,748,32,786,174,767,103
frame_40,Rack_1,47,4,coke_small,0.8871654272079468,708,29,747,175,727,102
frame_40,Rack_1,46,4,coke_small,0.8901164531707764,665,28,707,175,686,101
frame_40,Rack_1,18,4,coke_small,0.9348739385604858,623,32,665,174,644,103
frame_40,Rack_1,41,17,sprite_small,0.8740671873092651,581,31,622,175,601,103
frame_40,Rack_1,51,17,sprite_small,0.90884929895401,541,31,581,175,561,103
frame_40,Rack_1,32,17,sprite_small,0.9367192983627319,503,32,540,175,521,103
frame_40,Rack_1,28,17,sprite_small,0.9552710652351379,461,29,502,175,481,102
frame_40,Rack_1,23,9,empty,0.9309201240539551,289,22,459,175,374,98
frame_40,Rack_1,38,0,7up_med,0.9187366962432861,146,43,202,207,174,125
frame_40,Rack_1,34,0,7up_med,0.883882999420166,92,42,144,208,118,125
frame_40,Rack_1,53,0,7up_med,0.8285762071609497,46,43,91,210,68,126
frame_40,Rack_1,58,0,7up_med,0.7637143135070801,5,44,46,210,25,127
frame_41,Rack_1,14,1,a&w_small,0.9788530468940735,1150,12,1205,162,1177,87
frame_41,Rack_1,56,1,a&w_small,0.8268945813179016,1105,11,1145,165,1125,88
frame_41,Rack_1,55,1,a&w_small,0.8502044081687927,1060,10,1105,165,1082,87
frame_41,Rack_1,49,1,a&w_small,0.8196155428886414,1013,13,1058,166,1035,89
frame_41,Rack_1,52,1,a&w_small,0.8565994501113892,966,16,1011,168,988,92
frame_41,Rack_1,42,1,a&w_small,0.8931254148483276,921,20,964,169,942,94
frame_41,Rack_1,59,1,a&w_small,0.7888767123222351,876,22,918,170,897,96
frame_41,Rack_1,35,4,coke_small,0.9063310623168945,833,23,875,172,854,97
frame_41,Rack_1,36,4,coke_small,0.8980742692947388,788,29,830,173,809,101
frame_41,Rack_1,37,4,coke_small,0.9087428450584412,748,32,787,174,767,103
frame_41,Rack_1,47,4,coke_small,0.8890991806983948,708,29,747,174,727,101
frame_41,Rack_1,46,4,coke_small,0.8797343373298645,666,28,707,175,686,101
frame_41,Rack_1,18,4,coke_small,0.943305492401123,623,32,666,174,644,103
frame_41,Rack_1,41,17,sprite_small,0.8800872564315796,582,31,622,175,602,103
frame_41,Rack_1,51,17,sprite_small,0.9198088645935059,541,31,581,175,561,103
frame_41,Rack_1,32,17,sprite_small,0.9369730353355408,503,32,540,175,521,103
frame_41,Rack_1,28,17,sprite_small,0.9458494186401367,461,29,503,175,482,102
frame_41,Rack_1,23,9,empty,0.9248474836349487,289,25,457,175,373,100
frame_41,Rack_1,38,0,7up_med,0.9155877828598022,146,43,202,207,174,125
frame_41,Rack_1,34,0,7up_med,0.8954008221626282,93,41,144,208,118,124
frame_41,Rack_1,53,0,7up_med,0.8294590711593628,47,42,92,210,69,126
frame_41,Rack_1,58,0,7up_med,0.7607731819152832,5,43,46,210,25,126
frame_42,Rack_1,14,1,a&w_small,0.9721413850784302,1151,14,1205,161,1178,87
frame_42,Rack_1,56,1,a&w_small,0.7866748571395874,1106,11,1146,164,1126,87
frame_42,Rack_1,55,1,a&w_small,0.8255923986434937,1061,11,1105,165,1083,88
frame_42,Rack_1,49,1,a&w_small,0.8168318271636963,1014,14,1058,165,1036,89
frame_42,Rack_1,52,1,a&w_small,0.8322367072105408,967,18,1011,167,989,92
frame_42,Rack_1,42,1,a&w_small,0.8968982696533203,921,21,965,168,943,94
frame_42,Rack_1,59,1,a&w_small,0.8048079013824463,877,22,919,170,898,96
frame_42,Rack_1,35,4,coke_small,0.9018591046333313,833,24,875,172,854,98
frame_42,Rack_1,36,4,coke_small,0.9109021425247192,788,29,830,173,809,101
frame_42,Rack_1,37,4,coke_small,0.8999685049057007,748,32,787,174,767,103
frame_42,Rack_1,47,4,coke_small,0.8997365236282349,709,30,747,174,728,102
frame_42,Rack_1,46,4,coke_small,0.8598669171333313,666,28,707,175,686,101
frame_42,Rack_1,18,4,coke_small,0.9462071657180786,624,31,666,174,645,102
frame_42,Rack_1,41,17,sprite_small,0.8774051070213318,582,30,623,175,602,102
frame_42,Rack_1,51,17,sprite_small,0.918627142906189,541,31,581,175,561,103
frame_42,Rack_1,32,17,sprite_small,0.9422819018363953,504,32,540,175,522,103
frame_42,Rack_1,28,17,sprite_small,0.9406681060791016,462,30,503,175,482,102
frame_42,Rack_1,23,9,empty,0.9273228645324707,290,24,459,176,374,100
frame_42,Rack_1,38,0,7up_med,0.9010146856307983,146,42,202,207,174,124
frame_42,Rack_1,34,0,7up_med,0.8907911777496338,93,41,145,208,119,124
frame_42,Rack_1,53,0,7up_med,0.8235122561454773,47,42,92,209,69,125
frame_42,Rack_1,58,0,7up_med,0.7254747152328491,2,40,44,211,23,125
frame_43,Rack_1,14,1,a&w_small,0.9681407809257507,1151,14,1206,161,1178,87
frame_43,Rack_1,56,1,a&w_small,0.7815068960189819,1107,11,1147,164,1127,87
frame_43,Rack_1,55,1,a&w_small,0.796027660369873,1061,10,1106,164,1083,87
frame_43,Rack_1,49,1,a&w_small,0.8160139322280884,1015,15,1058,165,1036,90
frame_43,Rack_1,52,1,a&w_small,0.8385847210884094,968,18,1011,166,989,92
frame_43,Rack_1,42,1,a&w_small,0.896310567855835,922,21,965,168,943,94
frame_43,Rack_1,59,1,a&w_small,0.8156372308731079,878,22,920,170,899,96
frame_43,Rack_1,35,4,coke_small,0.9051371216773987,834,24,876,172,855,98
frame_43,Rack_1,36,4,coke_small,0.9152501225471497,789,29,831,173,810,101
frame_43,Rack_1,37,4,coke_small,0.87999427318573,749,31,787,172,768,101
frame_43,Rack_1,47,4,coke_small,0.906419038772583,709,30,747,174,728,102
frame_43,Rack_1,46,4,coke_small,0.8648878931999207,666,29,707,175,686,102
frame_43,Rack_1,18,4,coke_small,0.9537339806556702,624,31,666,174,645,102
frame_43,Rack_1,41,17,sprite_small,0.8739792704582214,582,30,623,175,602,102
frame_43,Rack_1,51,17,sprite_small,0.9216861128807068,542,31,581,175,561,103
frame_43,Rack_1,32,17,sprite_small,0.9494093656539917,504,32,541,175,522,103
frame_43,Rack_1,28,17,sprite_small,0.9389134049415588,462,31,503,175,482,103
frame_43,Rack_1,23,9,empty,0.92935711145401,290,24,458,175,374,99
frame_43,Rack_1,38,0,7up_med,0.8934820294380188,146,41,203,207,174,124
frame_43,Rack_1,34,0,7up_med,0.8967808485031128,93,40,145,208,119,124
frame_43,Rack_1,53,0,7up_med,0.8220576047897339,47,41,92,209,69,125
frame_43,Rack_1,58,0,7up_med,0.7356954216957092,1,39,44,211,22,125
frame_44,Rack_1,14,1,a&w_small,0.9712186455726624,1152,16,1206,161,1179,88
frame_44,Rack_1,56,1,a&w_small,0.8125768899917603,1107,13,1147,164,1127,88
frame_44,Rack_1,55,1,a&w_small,0.8019782304763794,1062,11,1106,164,1084,87
frame_44,Rack_1,49,1,a&w_small,0.8206871151924133,1015,16,1058,165,1036,90
frame_44,Rack_1,52,1,a&w_small,0.840665876865387,969,19,1012,166,990,92
frame_44,Rack_1,42,1,a&w_small,0.8826634287834167,923,22,966,168,944,95
frame_44,Rack_1,59,1,a&w_small,0.8077738881111145,879,22,920,169,899,95
frame_44,Rack_1,35,4,coke_small,0.8997267484664917,834,25,876,171,855,98
frame_44,Rack_1,36,4,coke_small,0.9138475656509399,789,29,831,172,810,100
frame_44,Rack_1,37,4,coke_small,0.8805878162384033,749,32,788,173,768,102
frame_44,Rack_1,47,4,coke_small,0.9152129888534546,710,30,748,174,729,102
frame_44,Rack_1,46,4,coke_small,0.8556273579597473,667,29,708,174,687,101
frame_44,Rack_1,18,4,coke_small,0.9569810628890991,624,31,666,174,645,102
frame_44,Rack_1,41,17,sprite_small,0.8805734515190125,583,30,623,175,603,102
frame_44,Rack_1,51,17,sprite_small,0.9270819425582886,542,31,582,175,562,103
frame_44,Rack_1,32,17,sprite_small,0.9534445405006409,505,32,541,175,523,103
frame_44,Rack_1,28,17,sprite_small,0.9388781785964966,462,31,503,175,482,103
frame_44,Rack_1,23,9,empty,0.9320454001426697,290,24,459,176,374,100
frame_44,Rack_1,38,0,7up_med,0.8833678960800171,146,39,203,207,174,123
frame_44,Rack_1,34,0,7up_med,0.9050634503364563,93,39,145,208,119,123
frame_44,Rack_1,53,0,7up_med,0.81748366355896,47,40,92,209,69,124
frame_44,Rack_1,58,0,7up_med,0.7277546525001526,1,38,44,211,22,124
frame_45,Rack_1,14,1,a&w_small,0.9740198850631714,1153,16,1207,161,1180,88
frame_45,Rack_1,56,1,a&w_small,0.8103122711181641,1108,12,1148,164,1128,88
frame_45,Rack_1,55,1,a&w_small,0.8196420669555664,1062,10,1107,164,1084,87
frame_45,Rack_1,49,1,a&w_small,0.8414457440376282,1015,16,1059,165,1037,90
frame_45,Rack_1,52,1,a&w_small,0.8660348057746887,969,19,1012,166,990,92
frame_45,Rack_1,42,1,a&w_small,0.8887985944747925,923,21,967,168,945,94
frame_45,Rack_1,59,1,a&w_small,0.7954556345939636,879,22,921,170,900,96
frame_45,Rack_1,35,4,coke_small,0.901085615158081,835,24,877,171,856,97
frame_45,Rack_1,36,4,coke_small,0.9209043383598328,790,29,832,172,811,100
frame_45,Rack_1,37,4,coke_small,0.8938392400741577,750,32,788,173,769,102
frame_45,Rack_1,47,4,coke_small,0.9254728555679321,710,30,748,173,729,101
frame_45,Rack_1,46,4,coke_small,0.861274003982544,667,29,708,174,687,101
frame_45,Rack_1,18,4,coke_small,0.9601277112960815,625,31,666,174,645,102
frame_45,Rack_1,41,17,sprite_small,0.8735778331756592,583,30,623,175,603,102
frame_45,Rack_1,51,17,sprite_small,0.9227251410484314,542,31,582,175,562,103
frame_45,Rack_1,32,17,sprite_small,0.9549477696418762,505,31,542,174,523,102
frame_45,Rack_1,28,17,sprite_small,0.9364109635353088,463,31,504,175,483,103
frame_45,Rack_1,23,9,empty,0.9389818906784058,289,24,459,176,374,100
frame_45,Rack_1,38,0,7up_med,0.8598470687866211,146,39,203,207,174,123
frame_45,Rack_1,34,0,7up_med,0.9143981337547302,93,39,146,208,119,123
frame_45,Rack_1,53,0,7up_med,0.8247131109237671,47,40,92,209,69,124
frame_45,Rack_1,58,0,7up_med,0.6959584951400757,1,38,44,211,22,124
frame_46,Rack_1,14,1,a&w_small,0.968798041343689,1155,18,1208,161,1181,89
frame_46,Rack_1,56,1,a&w_small,0.7937682271003723,1109,13,1149,163,1129,88
frame_46,Rack_1,55,1,a&w_small,0.8365057110786438,1062,10,1107,164,1084,87
frame_46,Rack_1,49,1,a&w_small,0.8532980680465698,1016,17,1059,165,1037,91
frame_46,Rack_1,52,1,a&w_small,0.8752399682998657,970,19,1013,166,991,92
frame_46,Rack_1,42,1,a&w_small,0.8744367957115173,924,21,967,168,945,94
frame_46,Rack_1,59,1,a&w_small,0.7930240631103516,880,22,922,170,901,96
frame_46,Rack_1,35,4,coke_small,0.8905116319656372,835,24,877,171,856,97
frame_46,Rack_1,36,4,coke_small,0.9220262765884399,790,29,832,172,811,100
frame_46,Rack_1,37,4,coke_small,0.9041172862052917,750,32,789,173,769,102
frame_46,Rack_1,47,4,coke_small,0.9188433289527893,710,30,748,173,729,101
frame_46,Rack_1,46,4,coke_small,0.8576810956001282,668,28,709,174,688,101
frame_46,Rack_1,18,4,coke_small,0.9516474008560181,625,31,667,174,646,102
frame_46,Rack_1,41,17,sprite_small,0.8745505809783936,583,30,624,174,603,102
frame_46,Rack_1,51,17,sprite_small,0.9206079244613647,543,31,582,175,562,103
frame_46,Rack_1,32,17,sprite_small,0.9601856470108032,506,31,543,174,524,102
frame_46,Rack_1,28,17,sprite_small,0.9309887290000916,463,31,504,175,483,103
frame_46,Rack_1,23,9,empty,0.9402821660041809,290,24,459,175,374,99
frame_46,Rack_1,38,0,7up_med,0.808194637298584,147,39,203,207,175,123
frame_46,Rack_1,34,0,7up_med,0.917831301689148,94,39,146,208,120,123
frame_46,Rack_1,53,0,7up_med,0.840268075466156,47,40,93,209,70,124
frame_46,Rack_1,58,0,7up_med,0.5450475811958313,4,37,47,211,25,124
frame_47,Rack_1,14,1,a&w_small,0.9723072648048401,1156,19,1208,160,1182,89
frame_47,Rack_1,56,1,a&w_small,0.7840415835380554,1110,15,1149,163,1129,89
frame_47,Rack_1,55,1,a&w_small,0.8194764256477356,1063,11,1107,164,1085,87
frame_47,Rack_1,49,1,a&w_small,0.8516998291015625,1016,17,1060,165,1038,91
frame_47,Rack_1,52,1,a&w_small,0.8735854029655457,970,19,1014,166,992,92
frame_47,Rack_1,42,1,a&w_small,0.8636378049850464,924,21,968,168,946,94
frame_47,Rack_1,59,1,a&w_small,0.8037548065185547,880,22,922,170,901,96
frame_47,Rack_1,35,4,coke_small,0.8620448112487793,836,24,878,171,857,97
frame_47,Rack_1,36,4,coke_small,0.9270991086959839,791,29,833,172,812,100
frame_47,Rack_1,37,4,coke_small,0.9084559679031372,751,32,789,173,770,102
frame_47,Rack_1,47,4,coke_small,0.9178496599197388,711,30,749,173,730,101
frame_47,Rack_1,46,4,coke_small,0.857473611831665,669,28,709,173,689,100
frame_47,Rack_1,18,4,coke_small,0.9512465000152588,625,30,667,173,646,101
frame_47,Rack_1,41,17,sprite_small,0.8745017051696777,584,31,624,174,604,102
frame_47,Rack_1,51,17,sprite_small,0.918811559677124,544,31,583,175,563,103
frame_47,Rack_1,32,17,sprite_small,0.9614452719688416,507,31,543,174,525,102
frame_47,Rack_1,28,17,sprite_small,0.9297530651092529,464,30,505,175,484,102
frame_47,Rack_1,23,9,empty,0.9425552487373352,289,24,459,175,374,99
frame_47,Rack_1,38,0,7up_med,0.7809988856315613,147,40,203,206,175,123
frame_47,Rack_1,34,0,7up_med,0.9111183285713196,94,39,146,208,120,123
frame_47,Rack_1,53,0,7up_med,0.8453571200370789,47,39,93,209,70,124
frame_47,Rack_1,58,0,7up_med,0.5042001605033875,6,36,48,210,27,123
frame_48,Rack_1,14,1,a&w_small,0.9730638265609741,1156,19,1209,160,1182,89
frame_48,Rack_1,56,1,a&w_small,0.7873250246047974,1110,16,1150,163,1130,89
frame_48,Rack_1,55,1,a&w_small,0.8459619879722595,1063,11,1108,164,1085,87
frame_48,Rack_1,49,1,a&w_small,0.8661542534828186,1017,18,1060,165,1038,91
frame_48,Rack_1,52,1,a&w_small,0.8852337598800659,971,17,1015,166,993,91
frame_48,Rack_1,42,1,a&w_small,0.8485127091407776,925,21,968,169,946,95
frame_48,Rack_1,59,1,a&w_small,0.8179967999458313,880,22,923,171,901,96
frame_48,Rack_1,35,4,coke_small,0.8615350127220154,837,25,879,171,858,98
frame_48,Rack_1,36,4,coke_small,0.9299862384796143,791,29,833,171,812,100
frame_48,Rack_1,37,4,coke_small,0.9190605282783508,752,32,790,173,771,102
frame_48,Rack_1,47,4,coke_small,0.9129614233970642,711,29,749,173,730,101
frame_48,Rack_1,46,4,coke_small,0.8492097854614258,669,28,710,172,689,100
frame_48,Rack_1,18,4,coke_small,0.9477412104606628,626,30,668,173,647,101
frame_48,Rack_1,41,17,sprite_small,0.8822510242462158,584,31,625,174,604,102
frame_48,Rack_1,51,17,sprite_small,0.9100537300109863,544,31,583,175,563,103
frame_48,Rack_1,32,17,sprite_small,0.9640510082244873,507,30,544,174,525,102
frame_48,Rack_1,28,17,sprite_small,0.9222683310508728,464,29,506,175,485,102
frame_48,Rack_1,23,9,empty,0.9295034408569336,290,25,459,174,374,99
frame_48,Rack_1,38,0,7up_med,0.811150074005127,147,40,203,205,175,122
frame_48,Rack_1,34,0,7up_med,0.9136084318161011,95,39,147,207,121,123
frame_48,Rack_1,53,0,7up_med,0.8435392379760742,48,39,93,209,70,124
frame_49,Rack_1,14,1,a&w_small,0.9699833393096924,1156,18,1209,160,1182,89
frame_49,Rack_1,56,1,a&w_small,0.7896585464477539,1111,16,1150,163,1130,89
frame_49,Rack_1,55,1,a&w_small,0.8503367900848389,1064,11,1108,164,1086,87
frame_49,Rack_1,49,1,a&w_small,0.8572365045547485,1018,18,1061,165,1039,91
frame_49,Rack_1,52,1,a&w_small,0.8851536512374878,972,16,1016,165,994,90
frame_49,Rack_1,42,1,a&w_small,0.868804395198822,925,21,969,168,947,94
frame_49,Rack_1,59,1,a&w_small,0.7986518740653992,880,22,923,170,901,96
frame_49,Rack_1,35,4,coke_small,0.866190493106842,837,25,879,170,858,97
frame_49,Rack_1,36,4,coke_small,0.9242002367973328,792,29,834,171,813,100
frame_49,Rack_1,37,4,coke_small,0.909783124923706,752,31,791,172,771,101
frame_49,Rack_1,47,4,coke_small,0.917385995388031,712,29,750,172,731,100
frame_49,Rack_1,46,4,coke_small,0.8483119010925293,670,28,711,172,690,100
frame_49,Rack_1,18,4,coke_small,0.9584141373634338,626,30,668,173,647,101
frame_49,Rack_1,41,17,sprite_small,0.8888006210327148,585,30,626,174,605,102
frame_49,Rack_1,51,17,sprite_small,0.8994641900062561,544,30,584,175,564,102
frame_49,Rack_1,32,17,sprite_small,0.9622045755386353,507,30,544,174,525,102
frame_49,Rack_1,28,17,sprite_small,0.9226906895637512,464,29,506,174,485,101
frame_49,Rack_1,23,9,empty,0.9385108351707458,291,24,460,174,375,99
frame_49,Rack_1,38,0,7up_med,0.8396413922309875,148,40,204,205,176,122
frame_49,Rack_1,34,0,7up_med,0.9152917861938477,95,38,147,207,121,122
frame_49,Rack_1,53,0,7up_med,0.8182773590087891,48,39,94,208,71,123
frame_49,Rack_1,58,0,7up_med,0.6022750735282898,5,37,47,210,26,123
frame_50,Rack_1,14,1,a&w_small,0.9660752415657043,1156,17,1209,159,1182,88
frame_50,Rack_1,56,1,a&w_small,0.8003478050231934,1112,15,1151,162,1131,88
frame_50,Rack_1,55,1,a&w_small,0.8480873107910156,1065,11,1109,164,1087,87
frame_50,Rack_1,49,1,a&w_small,0.842810869216919,1019,17,1062,165,1040,91
frame_50,Rack_1,52,1,a&w_small,0.8821567893028259,973,16,1017,165,995,90
frame_50,Rack_1,42,1,a&w_small,0.8647014498710632,926,21,970,168,948,94
frame_50,Rack_1,59,1,a&w_small,0.7873167395591736,881,22,923,170,902,96
frame_50,Rack_1,35,4,coke_small,0.8608835935592651,838,24,879,170,858,97
frame_50,Rack_1,36,4,coke_small,0.9303787350654602,793,29,834,171,813,100
frame_50,Rack_1,37,4,coke_small,0.9026030898094177,753,31,791,172,772,101
frame_50,Rack_1,47,4,coke_small,0.9116981625556946,713,29,751,172,732,100
frame_50,Rack_1,46,4,coke_small,0.8403985500335693,670,27,711,172,690,99
frame_50,Rack_1,18,4,coke_small,0.9577264189720154,627,29,669,173,648,101
frame_50,Rack_1,41,17,sprite_small,0.8938471674919128,585,30,626,174,605,102
frame_50,Rack_1,51,17,sprite_small,0.8904854655265808,545,30,584,175,564,102
frame_50,Rack_1,32,17,sprite_small,0.9592555165290833,508,30,545,174,526,102
frame_50,Rack_1,28,17,sprite_small,0.9254963397979736,465,29,507,174,486,101
frame_50,Rack_1,23,9,empty,0.9429216384887695,291,24,461,174,376,99
frame_50,Rack_1,38,0,7up_med,0.8490756750106812,148,39,204,206,176,122
frame_50,Rack_1,34,0,7up_med,0.9074864983558655,96,39,147,207,121,123
frame_50,Rack_1,53,0,7up_med,0.841316282749176,48,38,94,208,71,123
frame_50,Rack_1,58,0,7up_med,0.7020824551582336,6,38,47,210,26,124
frame_51,Rack_1,14,1,a&w_small,0.9642602205276489,1157,19,1210,159,1183,89
frame_51,Rack_1,56,1,a&w_small,0.7636740207672119,1112,14,1152,162,1132,88
frame_51,Rack_1,55,1,a&w_small,0.8232801556587219,1066,11,1110,163,1088,87
frame_51,Rack_1,49,1,a&w_small,0.8326135277748108,1020,17,1063,164,1041,90
frame_51,Rack_1,52,1,a&w_small,0.871055006980896,973,16,1017,165,995,90
frame_51,Rack_1,42,1,a&w_small,0.8875408172607422,926,22,970,168,948,95
frame_51,Rack_1,59,1,a&w_small,0.7893636226654053,881,22,924,169,902,95
frame_51,Rack_1,35,4,coke_small,0.8606906533241272,838,24,880,170,859,97
frame_51,Rack_1,36,4,coke_small,0.9300318956375122,793,29,835,170,814,99
frame_51,Rack_1,37,4,coke_small,0.8966197967529297,754,31,792,172,773,101
frame_51,Rack_1,47,4,coke_small,0.9187738299369812,713,29,752,172,732,100
frame_51,Rack_1,46,4,coke_small,0.8559737801551819,671,27,712,172,691,99
frame_51,Rack_1,18,4,coke_small,0.9599588513374329,628,29,669,172,648,100
frame_51,Rack_1,41,17,sprite_small,0.8891242146492004,586,31,627,174,606,102
frame_51,Rack_1,51,17,sprite_small,0.8799811005592346,545,30,585,175,565,102
frame_51,Rack_1,32,17,sprite_small,0.9537639617919922,508,29,545,174,526,101
frame_51,Rack_1,28,17,sprite_small,0.9239180088043213,465,28,507,174,486,101
frame_51,Rack_1,23,9,empty,0.9430821537971497,291,24,462,175,376,99
frame_51,Rack_1,38,0,7up_med,0.8541322350502014,149,39,204,205,176,122
frame_51,Rack_1,34,0,7up_med,0.8911650776863098,96,38,147,207,121,122
frame_51,Rack_1,53,0,7up_med,0.8558463454246521,49,38,94,208,71,123
frame_51,Rack_1,58,0,7up_med,0.679195761680603,6,38,48,210,27,124
frame_52,Rack_1,14,1,a&w_small,0.9610583186149597,1157,15,1211,159,1184,87
frame_52,Rack_1,56,1,a&w_small,0.8154787421226501,1113,11,1153,162,1133,86
frame_52,Rack_1,55,1,a&w_small,0.8271215558052063,1067,9,1111,163,1089,86
frame_52,Rack_1,49,1,a&w_small,0.8423070907592773,1020,14,1064,164,1042,89
frame_52,Rack_1,52,1,a&w_small,0.8879083395004272,974,14,1018,165,996,89
frame_52,Rack_1,42,1,a&w_small,0.8979824185371399,926,19,971,168,948,93
frame_52,Rack_1,59,1,a&w_small,0.7967941164970398,882,21,924,168,903,94
frame_52,Rack_1,35,4,coke_small,0.879409670829773,839,23,880,169,859,96
frame_52,Rack_1,36,4,coke_small,0.9374728202819824,793,28,835,170,814,99
frame_52,Rack_1,37,4,coke_small,0.8990979194641113,754,31,792,172,773,101
frame_52,Rack_1,47,4,coke_small,0.9053037762641907,713,28,752,172,732,100
frame_52,Rack_1,46,4,coke_small,0.8598703742027283,671,28,712,171,691,99
frame_52,Rack_1,18,4,coke_small,0.9588121175765991,628,29,670,172,649,100
frame_52,Rack_1,41,17,sprite_small,0.8852892518043518,586,30,627,174,606,102
frame_52,Rack_1,51,17,sprite_small,0.8652615547180176,546,30,585,175,565,102
frame_52,Rack_1,32,17,sprite_small,0.9455817937850952,508,29,545,174,526,101
frame_52,Rack_1,28,17,sprite_small,0.8980138897895813,466,28,507,174,486,101
frame_52,Rack_1,23,9,empty,0.9366110563278198,291,24,460,174,375,99
frame_52,Rack_1,38,0,7up_med,0.8759547472000122,149,39,204,205,176,122
frame_52,Rack_1,34,0,7up_med,0.8897933959960938,96,38,147,207,121,122
frame_52,Rack_1,53,0,7up_med,0.8595318794250488,49,38,94,208,71,123
frame_52,Rack_1,58,0,7up_med,0.7318047285079956,7,37,49,210,28,123
frame_53,Rack_1,14,1,a&w_small,0.9612341523170471,1157,15,1211,159,1184,87
frame_53,Rack_1,56,1,a&w_small,0.8324982523918152,1113,10,1153,161,1133,85
frame_53,Rack_1,63,1,a&w_small,0.5102763175964355,1077,9,1117,162,1097,85
frame_53,Rack_1,55,1,a&w_small,0.8137990236282349,1067,9,1111,162,1089,85
frame_53,Rack_1,49,1,a&w_small,0.799113392829895,1020,13,1065,164,1042,88
frame_53,Rack_1,52,1,a&w_small,0.8801434636116028,974,14,1018,165,996,89
frame_53,Rack_1,42,1,a&w_small,0.8926318883895874,926,18,972,167,949,92
frame_53,Rack_1,59,1,a&w_small,0.7879379987716675,883,21,924,168,903,94
frame_53,Rack_1,35,4,coke_small,0.8778342604637146,839,23,881,169,860,96
frame_53,Rack_1,36,4,coke_small,0.9340120553970337,794,27,836,170,815,98
frame_53,Rack_1,37,4,coke_small,0.8990107178688049,754,30,792,172,773,101
frame_53,Rack_1,47,4,coke_small,0.9073882102966309,714,28,752,172,733,100
frame_53,Rack_1,46,4,coke_small,0.8587595224380493,672,28,712,171,692,99
frame_53,Rack_1,18,4,coke_small,0.9578148126602173,629,29,670,172,649,100
frame_53,Rack_1,41,17,sprite_small,0.8961261510848999,587,30,627,174,607,102
frame_53,Rack_1,51,17,sprite_small,0.8646001815795898,546,30,585,175,565,102
frame_53,Rack_1,32,17,sprite_small,0.9433234930038452,509,29,546,174,527,101
frame_53,Rack_1,28,17,sprite_small,0.8959199786186218,466,27,508,174,487,100
frame_53,Rack_1,23,9,empty,0.9338607788085938,290,25,460,174,375,99
frame_53,Rack_1,38,0,7up_med,0.8689224720001221,149,39,204,205,176,122
frame_53,Rack_1,34,0,7up_med,0.8833242654800415,96,38,148,207,122,122
frame_53,Rack_1,53,0,7up_med,0.8608496785163879,49,38,95,208,72,123
frame_53,Rack_1,58,0,7up_med,0.7344157099723816,7,37,49,209,28,123
frame_54,Rack_1,14,1,a&w_small,0.9595115184783936,1157,16,1211,159,1184,87
frame_54,Rack_1,56,1,a&w_small,0.8171778917312622,1113,11,1153,161,1133,86
frame_54,Rack_1,55,1,a&w_small,0.7968432307243347,1068,10,1112,163,1090,86
frame_54,Rack_1,49,1,a&w_small,0.8067744374275208,1021,15,1065,164,1043,89
frame_54,Rack_1,52,1,a&w_small,0.8817057013511658,974,14,1018,165,996,89
frame_54,Rack_1,42,1,a&w_small,0.889849066734314,927,19,972,167,949,93
frame_54,Rack_1,59,1,a&w_small,0.8027151226997375,883,21,925,168,904,94
frame_54,Rack_1,35,4,coke_small,0.8732462525367737,839,24,881,168,860,96
frame_54,Rack_1,36,4,coke_small,0.92557293176651,794,28,836,170,815,99
frame_54,Rack_1,37,4,coke_small,0.889448344707489,755,31,793,171,774,101
frame_54,Rack_1,47,4,coke_small,0.9038060307502747,714,28,753,172,733,100
frame_54,Rack_1,46,4,coke_small,0.8535100817680359,672,27,713,172,692,99
frame_54,Rack_1,18,4,coke_small,0.9556430578231812,629,29,670,172,649,100
frame_54,Rack_1,41,17,sprite_small,0.9061951041221619,587,30,628,174,607,102
frame_54,Rack_1,51,17,sprite_small,0.861805260181427,547,30,586,175,566,102
frame_54,Rack_1,32,17,sprite_small,0.944730281829834,509,29,546,174,527,101
frame_54,Rack_1,28,17,sprite_small,0.8957470059394836,466,27,508,174,487,100
frame_54,Rack_1,23,9,empty,0.9314055442810059,289,24,460,174,374,99
frame_54,Rack_1,38,0,7up_med,0.8541231155395508,149,37,205,205,177,121
frame_54,Rack_1,34,0,7up_med,0.8799084424972534,96,38,148,207,122,122
frame_54,Rack_1,53,0,7up_med,0.8463588356971741,49,37,95,208,72,122
frame_54,Rack_1,58,0,7up_med,0.7114319205284119,7,37,49,209,28,123
frame_55,Rack_1,14,1,a&w_small,0.9607572555541992,1158,18,1211,159,1184,88
frame_55,Rack_1,56,1,a&w_small,0.8246486186981201,1113,12,1153,161,1133,86
frame_55,Rack_1,55,1,a&w_small,0.8076446056365967,1069,11,1113,163,1091,87
frame_55,Rack_1,49,1,a&w_small,0.8009101748466492,1021,16,1066,164,1043,90
frame_55,Rack_1,52,1,a&w_small,0.8889188170433044,974,15,1019,165,996,90
frame_55,Rack_1,42,1,a&w_small,0.888535737991333,927,20,972,167,949,93
frame_55,Rack_1,59,1,a&w_small,0.8100666403770447,883,21,925,168,904,94
frame_55,Rack_1,35,4,coke_small,0.8743723034858704,840,24,881,168,860,96
frame_55,Rack_1,36,4,coke_small,0.9324522614479065,795,28,837,170,816,99
frame_55,Rack_1,37,4,coke_small,0.8829285502433777,755,31,793,171,774,101
frame_55,Rack_1,47,4,coke_small,0.9093363881111145,714,28,753,172,733,100
frame_55,Rack_1,46,4,coke_small,0.8634933233261108,672,29,713,171,692,100
frame_55,Rack_1,18,4,coke_small,0.9546560049057007,629,29,671,172,650,100
frame_55,Rack_1,41,17,sprite_small,0.903285562992096,587,30,628,174,607,102
frame_55,Rack_1,51,17,sprite_small,0.8572533130645752,547,30,586,175,566,102
frame_55,Rack_1,32,17,sprite_small,0.9366915822029114,509,28,547,174,528,101
frame_55,Rack_1,28,17,sprite_small,0.8857929706573486,467,27,509,174,488,100
frame_55,Rack_1,23,9,empty,0.9323347210884094,291,24,463,174,377,99
frame_55,Rack_1,38,0,7up_med,0.850506603717804,149,37,205,205,177,121
frame_55,Rack_1,34,0,7up_med,0.8794639706611633,96,38,148,206,122,122
frame_55,Rack_1,53,0,7up_med,0.8568083643913269,49,37,95,208,72,122
frame_55,Rack_1,58,0,7up_med,0.7310077548027039,7,37,49,209,28,123
frame_56,Rack_1,14,1,a&w_small,0.9606856107711792,1158,18,1212,159,1185,88
frame_56,Rack_1,56,1,a&w_small,0.828611433506012,1114,13,1153,161,1133,87
frame_56,Rack_1,55,1,a&w_small,0.821139931678772,1069,11,1113,163,1091,87
frame_56,Rack_1,49,1,a&w_small,0.8043944835662842,1022,17,1066,164,1044,90
frame_56,Rack_1,52,1,a&w_small,0.8962648510932922,975,14,1019,165,997,89
frame_56,Rack_1,42,1,a&w_small,0.8849117755889893,928,20,973,167,950,93
frame_56,Rack_1,59,1,a&w_small,0.8046704530715942,884,21,926,168,905,94
frame_56,Rack_1,35,4,coke_small,0.8770778775215149,840,23,882,168,861,95
frame_56,Rack_1,36,4,coke_small,0.9322115182876587,795,28,837,169,816,98
frame_56,Rack_1,37,4,coke_small,0.8756641149520874,755,30,793,171,774,100
frame_56,Rack_1,47,4,coke_small,0.9144445657730103,715,28,754,172,734,100
frame_56,Rack_1,46,4,coke_small,0.8610008955001831,673,29,713,171,693,100
frame_56,Rack_1,18,4,coke_small,0.9554027318954468,630,28,671,172,650,100
frame_56,Rack_1,41,17,sprite_small,0.9073702692985535,587,30,628,174,607,102
frame_56,Rack_1,51,17,sprite_small,0.8667436838150024,547,29,586,175,566,102
frame_56,Rack_1,32,17,sprite_small,0.9337745904922485,509,28,547,174,528,101
frame_56,Rack_1,28,17,sprite_small,0.8849719762802124,467,26,509,174,488,100
frame_56,Rack_1,23,9,empty,0.9357081651687622,291,23,464,174,377,98
frame_56,Rack_1,38,0,7up_med,0.8539974093437195,150,37,205,205,177,121
frame_56,Rack_1,34,0,7up_med,0.8738712072372437,97,37,148,206,122,121
frame_56,Rack_1,53,0,7up_med,0.8552632331848145,49,37,95,208,72,122
frame_56,Rack_1,58,0,7up_med,0.7319951057434082,7,37,49,209,28,123
frame_57,Rack_1,14,1,a&w_small,0.9610413312911987,1159,19,1212,159,1185,89
frame_57,Rack_1,56,1,a&w_small,0.8189748525619507,1114,13,1154,161,1134,87
frame_57,Rack_1,55,1,a&w_small,0.8206737637519836,1069,10,1113,163,1091,86
frame_57,Rack_1,49,1,a&w_small,0.8116589188575745,1022,18,1066,164,1044,91
frame_57,Rack_1,52,1,a&w_small,0.9009222984313965,975,14,1020,165,997,89
frame_57,Rack_1,42,1,a&w_small,0.8848105072975159,928,20,973,167,950,93
frame_57,Rack_1,59,1,a&w_small,0.7923269867897034,885,21,926,168,905,94
frame_57,Rack_1,35,4,coke_small,0.8758942484855652,840,23,882,168,861,95
frame_57,Rack_1,36,4,coke_small,0.9290347695350647,795,28,837,170,816,99
frame_57,Rack_1,37,4,coke_small,0.8692957162857056,755,30,793,171,774,100
frame_57,Rack_1,47,4,coke_small,0.9186280369758606,715,28,754,172,734,100
frame_57,Rack_1,46,4,coke_small,0.8615666031837463,672,28,713,172,692,100
frame_57,Rack_1,18,4,coke_small,0.9536597728729248,630,28,671,172,650,100
frame_57,Rack_1,41,17,sprite_small,0.896088719367981,588,30,629,174,608,102
frame_57,Rack_1,51,17,sprite_small,0.8673776388168335,548,29,587,175,567,102
frame_57,Rack_1,32,17,sprite_small,0.9306983947753906,510,28,547,174,528,101
frame_57,Rack_1,28,17,sprite_small,0.8809478878974915,467,26,509,174,488,100
frame_57,Rack_1,23,9,empty,0.9367284178733826,291,23,465,174,378,98
frame_57,Rack_1,38,0,7up_med,0.8481119871139526,150,38,205,204,177,121
frame_57,Rack_1,34,0,7up_med,0.8778318166732788,97,37,148,206,122,121
frame_57,Rack_1,53,0,7up_med,0.8652573823928833,49,37,95,208,72,122
frame_57,Rack_1,58,0,7up_med,0.7587922811508179,7,36,49,209,28,122
frame_58,Rack_1,14,1,a&w_small,0.9577325582504272,1159,19,1213,159,1186,89
frame_58,Rack_1,56,1,a&w_small,0.8130348324775696,1115,13,1154,161,1134,87
frame_58,Rack_1,55,1,a&w_small,0.8132497072219849,1070,10,1114,163,1092,86
frame_58,Rack_1,49,1,a&w_small,0.7839783430099487,1022,18,1066,164,1044,91
frame_58,Rack_1,52,1,a&w_small,0.8942737579345703,975,14,1020,165,997,89
frame_58,Rack_1,42,1,a&w_small,0.8820570707321167,929,20,974,167,951,93
frame_58,Rack_1,59,1,a&w_small,0.7581939697265625,885,21,927,168,906,94
frame_58,Rack_1,35,4,coke_small,0.8739738464355469,841,23,883,168,862,95
frame_58,Rack_1,36,4,coke_small,0.919765293598175,796,28,838,170,817,99
frame_58,Rack_1,37,4,coke_small,0.865368664264679,756,30,794,171,775,100
frame_58,Rack_1,47,4,coke_small,0.9204033017158508,715,28,754,172,734,100
frame_58,Rack_1,46,4,coke_small,0.8531351089477539,673,29,714,171,693,100
frame_58,Rack_1,18,4,coke_small,0.9508602619171143,630,28,672,172,651,100
frame_58,Rack_1,41,17,sprite_small,0.8902677297592163,588,30,629,173,608,101
frame_58,Rack_1,51,17,sprite_small,0.8761793971061707,548,29,587,174,567,101
frame_58,Rack_1,32,17,sprite_small,0.9314087629318237,510,27,547,174,528,100
frame_58,Rack_1,28,17,sprite_small,0.8703879714012146,467,26,509,174,488,100
frame_58,Rack_1,23,9,empty,0.9354805946350098,292,23,465,174,378,98
frame_58,Rack_1,38,0,7up_med,0.8429558873176575,150,36,206,205,178,120
frame_58,Rack_1,34,0,7up_med,0.8788922429084778,97,37,148,206,122,121
frame_58,Rack_1,53,0,7up_med,0.8681156039237976,50,37,95,208,72,122
frame_58,Rack_1,58,0,7up_med,0.740415632724762,7,37,49,209,28,123
frame_59,Rack_1,14,1,a&w_small,0.954781711101532,1160,19,1214,159,1187,89
frame_59,Rack_1,56,1,a&w_small,0.8360438346862793,1115,12,1155,161,1135,86
frame_59,Rack_1,55,1,a&w_small,0.8166479468345642,1070,10,1115,163,1092,86
frame_59,Rack_1,49,1,a&w_small,0.7719419002532959,1023,17,1067,164,1045,90
frame_59,Rack_1,52,1,a&w_small,0.8852882385253906,976,14,1021,165,998,89
frame_59,Rack_1,42,1,a&w_small,0.8900314569473267,930,20,975,167,952,93
frame_59,Rack_1,59,1,a&w_small,0.7447018623352051,885,20,927,168,906,94
frame_59,Rack_1,35,4,coke_small,0.8750813007354736,841,23,883,168,862,95
frame_59,Rack_1,36,4,coke_small,0.9179323315620422,796,28,838,170,817,99
frame_59,Rack_1,37,4,coke_small,0.8657453060150146,756,30,794,171,775,100
frame_59,Rack_1,47,4,coke_small,0.9194322228431702,716,28,755,172,735,100
frame_59,Rack_1,46,4,coke_small,0.8533134460449219,673,27,714,172,693,99
frame_59,Rack_1,18,4,coke_small,0.9489338994026184,630,28,672,172,651,100
frame_59,Rack_1,41,17,sprite_small,0.8781144618988037,589,30,630,173,609,101
frame_59,Rack_1,51,17,sprite_small,0.882422924041748,548,29,587,174,567,101
frame_59,Rack_1,32,17,sprite_small,0.9310440421104431,510,27,548,174,529,100
frame_59,Rack_1,28,17,sprite_small,0.8676597476005554,467,26,510,174,488,100
frame_59,Rack_1,23,9,empty,0.9358906745910645,291,23,465,174,378,98
frame_59,Rack_1,38,0,7up_med,0.8449917435646057,150,37,206,204,178,120
frame_59,Rack_1,34,0,7up_med,0.888637363910675,97,37,148,206,122,121
frame_59,Rack_1,53,0,7up_med,0.8796353936195374,50,37,96,208,73,122
frame_59,Rack_1,58,0,7up_med,0.6546181440353394,8,38,49,209,28,123
frame_60,Rack_1,14,1,a&w_small,0.9691975116729736,1161,16,1216,160,1188,88
frame_60,Rack_1,56,1,a&w_small,0.8146491050720215,1116,13,1155,160,1135,86
frame_60,Rack_1,55,1,a&w_small,0.803654670715332,1071,10,1115,163,1093,86
frame_60,Rack_1,49,1,a&w_small,0.763218104839325,1023,16,1068,165,1045,90
frame_60,Rack_1,52,1,a&w_small,0.8809604644775391,977,15,1021,165,999,90
frame_60,Rack_1,42,1,a&w_small,0.8936213850975037,930,20,975,167,952,93
frame_60,Rack_1,59,1,a&w_small,0.8007685542106628,886,20,927,167,906,93
frame_60,Rack_1,35,4,coke_small,0.8876294493675232,841,23,883,168,862,95
frame_60,Rack_1,36,4,coke_small,0.9282053112983704,796,28,839,170,817,99
frame_60,Rack_1,37,4,coke_small,0.8634482026100159,757,30,794,171,775,100
frame_60,Rack_1,47,4,coke_small,0.9040482640266418,716,28,755,172,735,100
frame_60,Rack_1,46,4,coke_small,0.8421788215637207,673,27,714,172,693,99
frame_60,Rack_1,18,4,coke_small,0.9325065612792969,631,28,673,171,652,99
frame_60,Rack_1,41,17,sprite_small,0.9189432263374329,589,28,631,173,610,100
frame_60,Rack_1,51,17,sprite_small,0.8797162175178528,548,29,587,174,567,101
frame_60,Rack_1,32,17,sprite_small,0.9441540837287903,511,28,548,174,529,101
frame_60,Rack_1,28,17,sprite_small,0.8617002367973328,468,26,510,174,489,100
frame_60,Rack_1,23,9,empty,0.9359394311904907,291,23,464,173,377,98
frame_60,Rack_1,38,0,7up_med,0.826978862285614,150,38,205,204,177,121
frame_60,Rack_1,34,0,7up_med,0.8795803785324097,97,37,149,206,123,121
frame_60,Rack_1,53,0,7up_med,0.8827320337295532,50,37,96,208,73,122
frame_60,Rack_1,58,0,7up_med,0.6757650375366211,7,38,49,209,28,123
frame_61,Rack_1,14,1,a&w_small,0.9717545509338379,1162,14,1218,160,1190,87
frame_61,Rack_1,56,1,a&w_small,0.8135652542114258,1116,13,1156,160,1136,86
frame_61,Rack_1,55,1,a&w_small,0.8007753491401672,1071,11,1115,162,1093,86
frame_61,Rack_1,49,1,a&w_small,0.750482439994812,1023,15,1068,165,1045,90
frame_61,Rack_1,52,1,a&w_small,0.8760465979576111,977,16,1022,165,999,90
frame_61,Rack_1,42,1,a&w_small,0.8980556130409241,931,20,975,167,953,93
frame_61,Rack_1,59,1,a&w_small,0.8135559558868408,886,20,928,167,907,93
frame_61,Rack_1,35,4,coke_small,0.880620539188385,842,23,884,167,863,95
frame_61,Rack_1,36,4,coke_small,0.9202663898468018,797,28,839,169,818,98
frame_61,Rack_1,37,4,coke_small,0.8632171750068665,757,30,795,171,776,100
frame_61,Rack_1,47,4,coke_small,0.9113327860832214,716,27,756,172,736,99
frame_61,Rack_1,46,4,coke_small,0.8489053249359131,674,27,714,171,694,99
frame_61,Rack_1,18,4,coke_small,0.9383624196052551,631,28,673,171,652,99
frame_61,Rack_1,41,17,sprite_small,0.9328729510307312,590,28,631,173,610,100
frame_61,Rack_1,51,17,sprite_small,0.891273021697998,549,29,588,174,568,101
frame_61,Rack_1,32,17,sprite_small,0.945040225982666,511,28,548,174,529,101
frame_61,Rack_1,28,17,sprite_small,0.8598755598068237,468,26,510,174,489,100
frame_61,Rack_1,23,9,empty,0.9305954575538635,290,23,463,173,376,98
frame_61,Rack_1,38,0,7up_med,0.8378250598907471,151,38,205,204,178,121
frame_61,Rack_1,34,0,7up_med,0.8808380961418152,97,37,149,206,123,121
frame_61,Rack_1,53,0,7up_med,0.8900296092033386,50,37,96,208,73,122
frame_61,Rack_1,58,0,7up_med,0.652344822883606,8,37,50,209,29,123
frame_62,Rack_1,14,1,a&w_small,0.9747282862663269,1162,12,1220,160,1191,86
frame_62,Rack_1,56,1,a&w_small,0.8127903938293457,1116,13,1156,160,1136,86
frame_62,Rack_1,55,1,a&w_small,0.7943868041038513,1071,11,1115,162,1093,86
frame_62,Rack_1,49,1,a&w_small,0.7570232152938843,1023,15,1068,165,1045,90
frame_62,Rack_1,52,1,a&w_small,0.8884039521217346,977,16,1022,165,999,90
frame_62,Rack_1,42,1,a&w_small,0.9069662690162659,931,19,976,166,953,92
frame_62,Rack_1,59,1,a&w_small,0.8231514692306519,887,20,928,166,907,93
frame_62,Rack_1,35,4,coke_small,0.8884263038635254,842,23,884,167,863,95
frame_62,Rack_1,36,4,coke_small,0.9109576344490051,797,28,839,169,818,98
frame_62,Rack_1,37,4,coke_small,0.8674722909927368,758,30,795,170,776,100
frame_62,Rack_1,47,4,coke_small,0.9191632270812988,716,27,756,172,736,99
frame_62,Rack_1,46,4,coke_small,0.8575189709663391,674,26,715,172,694,99
frame_62,Rack_1,18,4,coke_small,0.9408259987831116,631,28,673,171,652,99
frame_62,Rack_1,41,17,sprite_small,0.9365694522857666,590,27,632,173,611,100
frame_62,Rack_1,51,17,sprite_small,0.8948211073875427,549,29,588,174,568,101
frame_62,Rack_1,32,17,sprite_small,0.9415448307991028,511,28,548,173,529,100
frame_62,Rack_1,28,17,sprite_small,0.8584113717079163,469,26,510,174,489,100
frame_62,Rack_1,23,9,empty,0.9330752491950989,290,23,463,173,376,98
frame_62,Rack_1,38,0,7up_med,0.8296980857849121,151,38,206,203,178,120
frame_62,Rack_1,34,0,7up_med,0.8751314878463745,97,37,149,206,123,121
frame_62,Rack_1,53,0,7up_med,0.8802056312561035,50,37,96,208,73,122
frame_62,Rack_1,58,0,7up_med,0.6796651482582092,8,37,50,209,29,123
frame_63,Rack_1,14,1,a&w_small,0.9733887910842896,1163,12,1220,160,1191,86
frame_63,Rack_1,56,1,a&w_small,0.8058739900588989,1117,13,1157,159,1137,86
frame_63,Rack_1,55,1,a&w_small,0.8053043484687805,1072,10,1116,162,1094,86
frame_63,Rack_1,49,1,a&w_small,0.7627969980239868,1024,15,1068,164,1046,89
frame_63,Rack_1,52,1,a&w_small,0.8784854412078857,978,16,1023,165,1000,90
frame_63,Rack_1,42,1,a&w_small,0.9135242104530334,932,18,977,166,954,92
frame_63,Rack_1,59,1,a&w_small,0.8294411897659302,887,20,929,166,908,93
frame_63,Rack_1,35,4,coke_small,0.8817220330238342,842,23,885,167,863,95
frame_63,Rack_1,36,4,coke_small,0.9003493189811707,797,28,840,169,818,98
frame_63,Rack_1,37,4,coke_small,0.8784462213516235,758,30,795,170,776,100
frame_63,Rack_1,47,4,coke_small,0.9147095084190369,717,27,756,172,736,99
frame_63,Rack_1,46,4,coke_small,0.8662572503089905,674,26,715,172,694,99
frame_63,Rack_1,18,4,coke_small,0.9431737661361694,632,27,673,171,652,99
frame_63,Rack_1,41,17,sprite_small,0.9314216375350952,590,27,632,173,611,100
frame_63,Rack_1,51,17,sprite_small,0.888843297958374,549,29,588,174,568,101
frame_63,Rack_1,32,17,sprite_small,0.9382174611091614,512,28,549,173,530,100
frame_63,Rack_1,28,17,sprite_small,0.8615052103996277,469,26,511,174,490,100
frame_63,Rack_1,23,9,empty,0.9314123392105103,290,23,463,173,376,98
frame_63,Rack_1,38,0,7up_med,0.8455646634101868,151,38,206,203,178,120
frame_63,Rack_1,34,0,7up_med,0.8761029839515686,97,36,149,206,123,121
frame_63,Rack_1,53,0,7up_med,0.8823649287223816,50,37,96,207,73,122
frame_63,Rack_1,58,0,7up_med,0.6667174100875854,9,37,50,209,29,123
frame_64,Rack_1,14,1,a&w_small,0.972226083278656,1163,11,1221,160,1192,85
frame_64,Rack_1,56,1,a&w_small,0.8002115488052368,1117,11,1158,160,1137,85
frame_64,Rack_1,55,1,a&w_small,0.8095407485961914,1072,10,1116,162,1094,86
frame_64,Rack_1,49,1,a&w_small,0.7749030590057373,1025,17,1069,163,1047,90
frame_64,Rack_1,52,1,a&w_small,0.8840811252593994,979,15,1024,165,1001,90
frame_64,Rack_1,42,1,a&w_small,0.9264723062515259,932,17,977,166,954,91
frame_64,Rack_1,59,1,a&w_small,0.8461794257164001,888,20,929,166,908,93
frame_64,Rack_1,35,4,coke_small,0.8832294940948486,843,23,885,166,864,94
frame_64,Rack_1,36,4,coke_small,0.8866792321205139,798,27,840,168,819,97
frame_64,Rack_1,37,4,coke_small,0.8844872713088989,759,29,796,169,777,99
frame_64,Rack_1,47,4,coke_small,0.9141403436660767,717,27,757,171,737,99
frame_64,Rack_1,46,4,coke_small,0.874575674533844,674,26,715,172,694,99
frame_64,Rack_1,18,4,coke_small,0.9481641054153442,632,27,673,170,652,98
frame_64,Rack_1,41,17,sprite_small,0.9262785315513611,591,27,632,172,611,99
frame_64,Rack_1,51,17,sprite_small,0.8893043398857117,550,28,589,173,569,100
frame_64,Rack_1,32,17,sprite_small,0.9266720414161682,512,28,549,173,530,100
frame_64,Rack_1,28,17,sprite_small,0.8670619130134583,470,26,511,173,490,99
frame_64,Rack_1,23,9,empty,0.9292654991149902,291,22,463,171,377,96
frame_64,Rack_1,38,0,7up_med,0.8626959919929504,151,38,206,203,178,120
frame_64,Rack_1,34,0,7up_med,0.8709924221038818,97,36,149,205,123,120
frame_64,Rack_1,53,0,7up_med,0.8874918818473816,50,37,96,207,73,122
frame_64,Rack_1,58,0,7up_med,0.6634204387664795,9,37,50,209,29,123
frame_65,Rack_1,14,1,a&w_small,0.9714009761810303,1164,11,1222,160,1193,85
frame_65,Rack_1,56,1,a&w_small,0.8116076588630676,1118,10,1158,160,1138,85
frame_65,Rack_1,55,1,a&w_small,0.8004516363143921,1073,10,1117,161,1095,85
frame_65,Rack_1,49,1,a&w_small,0.7701902389526367,1026,17,1069,162,1047,89
frame_65,Rack_1,52,1,a&w_small,0.8895560503005981,980,15,1024,165,1002,90
frame_65,Rack_1,42,1,a&w_small,0.9218217134475708,932,17,978,166,955,91
frame_65,Rack_1,59,1,a&w_small,0.8424612283706665,888,20,930,166,909,93
frame_65,Rack_1,35,4,coke_small,0.8807218670845032,843,22,885,166,864,94
frame_65,Rack_1,36,4,coke_small,0.8818589448928833,798,27,841,167,819,97
frame_65,Rack_1,37,4,coke_small,0.8819299340248108,759,29,796,169,777,99
frame_65,Rack_1,47,4,coke_small,0.911884605884552,718,26,758,171,738,98
frame_65,Rack_1,46,4,coke_small,0.869050920009613,675,25,716,172,695,98
frame_65,Rack_1,18,4,coke_small,0.9512149691581726,632,26,674,170,653,98
frame_65,Rack_1,41,17,sprite_small,0.9239326119422913,591,25,633,173,612,99
frame_65,Rack_1,51,17,sprite_small,0.8810282945632935,551,28,590,173,570,100
frame_65,Rack_1,32,17,sprite_small,0.9102551341056824,513,28,550,173,531,100
frame_65,Rack_1,28,17,sprite_small,0.8796344995498657,470,26,512,173,491,99
frame_65,Rack_1,23,9,empty,0.930455207824707,293,22,464,171,378,96
frame_65,Rack_1,38,0,7up_med,0.8774976134300232,152,38,206,202,179,120
frame_65,Rack_1,34,0,7up_med,0.8774450421333313,97,36,149,205,123,120
frame_65,Rack_1,53,0,7up_med,0.8957770466804504,50,36,96,207,73,121
frame_65,Rack_1,58,0,7up_med,0.6228561401367188,9,33,50,209,29,121
frame_66,Rack_1,14,1,a&w_small,0.9701550006866455,1164,10,1223,159,1193,84
frame_66,Rack_1,56,1,a&w_small,0.7900040745735168,1119,10,1159,160,1139,85
frame_66,Rack_1,55,1,a&w_small,0.8124391436576843,1074,10,1117,161,1095,85
frame_66,Rack_1,49,1,a&w_small,0.7923677563667297,1027,19,1070,161,1048,90
frame_66,Rack_1,52,1,a&w_small,0.8899312019348145,980,14,1025,164,1002,89
frame_66,Rack_1,42,1,a&w_small,0.9227326512336731,932,16,978,166,955,91
frame_66,Rack_1,59,1,a&w_small,0.8478856682777405,888,20,930,165,909,92
frame_66,Rack_1,35,4,coke_small,0.8819329738616943,843,22,886,166,864,94
frame_66,Rack_1,36,4,coke_small,0.8774009943008423,799,26,841,167,820,96
frame_66,Rack_1,37,4,coke_small,0.8886745572090149,759,29,797,169,778,99
frame_66,Rack_1,47,4,coke_small,0.9053230881690979,718,26,758,171,738,98
frame_66,Rack_1,46,4,coke_small,0.8545075058937073,676,25,716,171,696,98
frame_66,Rack_1,18,4,coke_small,0.9396634697914124,633,26,674,169,653,97
frame_66,Rack_1,41,17,sprite_small,0.916537344455719,591,25,633,173,612,99
frame_66,Rack_1,51,17,sprite_small,0.8907907605171204,551,27,590,173,570,100
frame_66,Rack_1,32,17,sprite_small,0.9108698964118958,513,27,550,173,531,100
frame_66,Rack_1,28,17,sprite_small,0.8859506845474243,470,26,512,174,491,100
frame_66,Rack_1,23,9,empty,0.9271227121353149,294,22,466,172,380,97
frame_66,Rack_1,38,0,7up_med,0.8304193615913391,152,37,207,202,179,119
frame_66,Rack_1,34,0,7up_med,0.8824535608291626,97,35,150,205,123,120
frame_66,Rack_1,53,0,7up_med,0.8985835313796997,51,36,96,206,73,121
frame_66,Rack_1,58,0,7up_med,0.5826554298400879,9,31,51,208,30,119
frame_67,Rack_1,14,1,a&w_small,0.9651318788528442,1165,11,1223,159,1194,85
frame_67,Rack_1,56,1,a&w_small,0.7806414365768433,1119,10,1160,160,1139,85
frame_67,Rack_1,55,1,a&w_small,0.814873218536377,1074,10,1118,161,1096,85
frame_67,Rack_1,49,1,a&w_small,0.7937554121017456,1028,21,1070,161,1049,91
frame_67,Rack_1,52,1,a&w_small,0.8851543664932251,981,14,1025,164,1003,89
frame_67,Rack_1,42,1,a&w_small,0.9136830568313599,933,16,978,166,955,91
frame_67,Rack_1,59,1,a&w_small,0.8371336460113525,888,20,930,165,909,92
frame_67,Rack_1,35,4,coke_small,0.8760583996772766,844,22,886,166,865,94
frame_67,Rack_1,36,4,coke_small,0.8671044707298279,799,25,842,167,820,96
frame_67,Rack_1,37,4,coke_small,0.8868985772132874,760,28,797,168,778,98
frame_67,Rack_1,47,4,coke_small,0.894497275352478,719,25,759,170,739,97
frame_67,Rack_1,46,4,coke_small,0.8638578057289124,676,24,717,171,696,97
frame_67,Rack_1,18,4,coke_small,0.9321775436401367,633,25,675,170,654,97
frame_67,Rack_1,41,17,sprite_small,0.9159281849861145,592,24,634,173,613,98
frame_67,Rack_1,51,17,sprite_small,0.8812082409858704,552,28,591,173,571,100
frame_67,Rack_1,32,17,sprite_small,0.8914737105369568,513,27,550,173,531,100
frame_67,Rack_1,28,17,sprite_small,0.878785252571106,470,26,512,174,491,100
frame_67,Rack_1,23,9,empty,0.9239242672920227,295,22,467,172,381,97
frame_67,Rack_1,38,0,7up_med,0.8391795754432678,152,37,207,201,179,119
frame_67,Rack_1,34,0,7up_med,0.8778904676437378,98,35,150,204,124,119
frame_67,Rack_1,53,0,7up_med,0.8972952961921692,51,35,97,206,74,120
frame_67,Rack_1,58,0,7up_med,0.6402005553245544,9,31,51,208,30,119
frame_68,Rack_1,14,1,a&w_small,0.9588816165924072,1165,11,1223,158,1194,84
frame_68,Rack_1,56,1,a&w_small,0.7678605914115906,1120,9,1161,160,1140,84
frame_68,Rack_1,55,1,a&w_small,0.7948086857795715,1074,9,1118,161,1096,85
frame_68,Rack_1,49,1,a&w_small,0.7861155867576599,1028,20,1071,160,1049,90
frame_68,Rack_1,52,1,a&w_small,0.887819230556488,981,13,1026,163,1003,88
frame_68,Rack_1,42,1,a&w_small,0.9179126024246216,933,15,979,165,956,90
frame_68,Rack_1,59,1,a&w_small,0.8154082894325256,889,19,931,165,910,92
frame_68,Rack_1,35,4,coke_small,0.8655496835708618,845,22,887,165,866,93
frame_68,Rack_1,36,4,coke_small,0.8793231844902039,800,25,842,167,821,96
frame_68,Rack_1,37,4,coke_small,0.8913000822067261,760,28,798,168,779,98
frame_68,Rack_1,47,4,coke_small,0.8952738642692566,719,25,759,170,739,97
frame_68,Rack_1,46,4,coke_small,0.8809123635292053,677,24,718,170,697,97
frame_68,Rack_1,18,4,coke_small,0.9343210458755493,634,25,676,171,655,98
frame_68,Rack_1,41,17,sprite_small,0.9218020439147949,592,23,634,173,613,98
frame_68,Rack_1,51,17,sprite_small,0.864258885383606,552,28,591,173,571,100
frame_68,Rack_1,32,17,sprite_small,0.8749468326568604,513,27,550,173,531,100
frame_68,Rack_1,28,17,sprite_small,0.8763056993484497,471,26,512,174,491,100
frame_68,Rack_1,23,9,empty,0.9201570153236389,296,22,468,172,382,97
frame_68,Rack_1,38,0,7up_med,0.8414944410324097,153,37,207,201,180,119
frame_68,Rack_1,34,0,7up_med,0.8727268576622009,98,34,150,204,124,119
frame_68,Rack_1,53,0,7up_med,0.8870609402656555,51,35,97,205,74,120
frame_68,Rack_1,58,0,7up_med,0.6937122941017151,10,33,51,208,30,120
frame_69,Rack_1,14,1,a&w_small,0.9511264562606812,1166,11,1223,158,1194,84
frame_69,Rack_1,56,1,a&w_small,0.7545275092124939,1121,9,1162,159,1141,84
frame_69,Rack_1,55,1,a&w_small,0.7539775371551514,1074,8,1119,160,1096,84
frame_69,Rack_1,49,1,a&w_small,0.7766990065574646,1028,18,1072,160,1050,89
frame_69,Rack_1,52,1,a&w_small,0.885842502117157,982,13,1026,162,1004,87
frame_69,Rack_1,42,1,a&w_small,0.9087688326835632,934,15,979,165,956,90
frame_69,Rack_1,59,1,a&w_small,0.820573091506958,889,18,932,165,910,91
frame_69,Rack_1,35,4,coke_small,0.8220353126525879,845,21,888,165,866,93
frame_69,Rack_1,36,4,coke_small,0.8918421268463135,800,25,843,166,821,95
frame_69,Rack_1,37,4,coke_small,0.8972271084785461,760,27,798,167,779,97
frame_69,Rack_1,47,4,coke_small,0.894070565700531,720,25,760,169,740,97
frame_69,Rack_1,46,4,coke_small,0.8749300837516785,677,23,718,170,697,96
frame_69,Rack_1,18,4,coke_small,0.9206362962722778,634,25,676,171,655,98
frame_69,Rack_1,41,17,sprite_small,0.9292383193969727,592,23,634,173,613,98
frame_69,Rack_1,51,17,sprite_small,0.8765801191329956,553,28,591,173,572,100
frame_69,Rack_1,32,17,sprite_small,0.8858883380889893,514,26,551,173,532,99
frame_69,Rack_1,28,17,sprite_small,0.8875327110290527,471,25,513,173,492,99
frame_69,Rack_1,23,9,empty,0.9172847867012024,296,21,468,172,382,96
frame_69,Rack_1,38,0,7up_med,0.8251771330833435,153,36,208,200,180,118
frame_69,Rack_1,34,0,7up_med,0.8666722178459167,98,34,151,203,124,118
frame_69,Rack_1,53,0,7up_med,0.8767257332801819,52,34,98,205,75,119
frame_69,Rack_1,58,0,7up_med,0.7784274816513062,9,33,50,207,29,120
frame_70,Rack_1,14,1,a&w_small,0.9343726634979248,1166,10,1224,157,1195,83
frame_70,Rack_1,56,1,a&w_small,0.7717981934547424,1121,8,1163,159,1142,83
frame_70,Rack_1,55,1,a&w_small,0.7857197523117065,1074,7,1119,160,1096,83
frame_70,Rack_1,49,1,a&w_small,0.783162534236908,1028,13,1073,160,1050,86
frame_70,Rack_1,52,1,a&w_small,0.8749303221702576,982,11,1027,161,1004,86
frame_70,Rack_1,42,1,a&w_small,0.9135998487472534,934,13,980,164,957,88
frame_70,Rack_1,59,1,a&w_small,0.8425586223602295,890,16,933,164,911,90
frame_70,Rack_1,35,4,coke_small,0.825075089931488,846,20,889,165,867,92
frame_70,Rack_1,36,4,coke_small,0.8902572989463806,800,24,843,166,821,95
frame_70,Rack_1,37,4,coke_small,0.9091071486473083,761,25,799,167,780,96
frame_70,Rack_1,47,4,coke_small,0.9017189145088196,720,24,760,169,740,96
frame_70,Rack_1,46,4,coke_small,0.8774625658988953,678,22,719,170,698,96
frame_70,Rack_1,18,4,coke_small,0.908378541469574,635,23,677,170,656,96
frame_70,Rack_1,41,17,sprite_small,0.9294118881225586,593,22,635,173,614,97
frame_70,Rack_1,51,17,sprite_small,0.8839242458343506,553,27,592,173,572,100
frame_70,Rack_1,32,17,sprite_small,0.8929300308227539,515,25,552,172,533,98
frame_70,Rack_1,28,17,sprite_small,0.8887937664985657,472,25,514,173,493,99
frame_70,Rack_1,23,9,empty,0.9071109294891357,297,21,468,172,382,96
frame_70,Rack_1,38,0,7up_med,0.8086754679679871,153,36,208,200,180,118
frame_70,Rack_1,34,0,7up_med,0.8741101622581482,99,34,151,203,125,118
frame_70,Rack_1,53,0,7up_med,0.8737558126449585,53,35,98,205,75,120
frame_70,Rack_1,58,0,7up_med,0.8433120250701904,10,35,51,207,30,121
frame_71,Rack_1,14,1,a&w_small,0.9462734460830688,1166,9,1224,157,1195,83
frame_71,Rack_1,56,1,a&w_small,0.7959452867507935,1121,8,1163,158,1142,83
frame_71,Rack_1,55,1,a&w_small,0.7970688939094543,1075,6,1120,160,1097,83
frame_71,Rack_1,49,1,a&w_small,0.8102992177009583,1029,10,1074,160,1051,85
frame_71,Rack_1,52,1,a&w_small,0.8589838743209839,982,10,1027,161,1004,85
frame_71,Rack_1,42,1,a&w_small,0.9192453026771545,934,12,980,162,957,87
frame_71,Rack_1,59,1,a&w_small,0.8389580249786377,890,15,933,164,911,89
frame_71,Rack_1,35,4,coke_small,0.8382408618927002,847,20,889,164,868,92
frame_71,Rack_1,36,4,coke_small,0.8826088309288025,801,23,844,165,822,94
frame_71,Rack_1,37,4,coke_small,0.9105108976364136,761,25,799,167,780,96
frame_71,Rack_1,47,4,coke_small,0.9073971509933472,721,23,761,168,741,95
frame_71,Rack_1,46,4,coke_small,0.874926745891571,678,22,719,170,698,96
frame_71,Rack_1,18,4,coke_small,0.899245023727417,636,23,678,169,657,96
frame_71,Rack_1,41,17,sprite_small,0.9158363938331604,594,21,635,172,614,96
frame_71,Rack_1,51,17,sprite_small,0.8770238161087036,553,26,593,172,573,99
frame_71,Rack_1,32,17,sprite_small,0.8861701488494873,515,25,552,172,533,98
frame_71,Rack_1,28,17,sprite_small,0.8897815942764282,473,24,514,172,493,98
frame_71,Rack_1,23,9,empty,0.8817675113677979,297,21,471,175,384,98
frame_71,Rack_1,38,0,7up_med,0.7628800272941589,154,36,208,200,181,118
frame_71,Rack_1,34,0,7up_med,0.8668331503868103,99,34,151,203,125,118
frame_71,Rack_1,53,0,7up_med,0.8603224754333496,53,35,99,205,76,120
frame_71,Rack_1,58,0,7up_med,0.8002665638923645,10,34,51,207,30,120
frame_72,Rack_1,14,1,a&w_small,0.943817138671875,1168,9,1225,156,1196,82
frame_72,Rack_1,56,1,a&w_small,0.8139203786849976,1122,8,1164,158,1143,83
frame_72,Rack_1,55,1,a&w_small,0.7978461384773254,1076,6,1121,159,1098,82
frame_72,Rack_1,49,1,a&w_small,0.8131305575370789,1029,9,1075,160,1052,84
frame_72,Rack_1,52,1,a&w_small,0.8507788777351379,983,11,1027,160,1005,85
frame_72,Rack_1,42,1,a&w_small,0.905136227607727,935,11,981,162,958,86
frame_72,Rack_1,59,1,a&w_small,0.8492324948310852,891,15,933,163,912,89
frame_72,Rack_1,35,4,coke_small,0.8464442491531372,847,19,890,164,868,91
frame_72,Rack_1,36,4,coke_small,0.8819960355758667,801,23,844,165,822,94
frame_72,Rack_1,37,4,coke_small,0.9180396795272827,762,25,800,166,781,95
frame_72,Rack_1,47,4,coke_small,0.8943570852279663,721,23,761,168,741,95
frame_72,Rack_1,46,4,coke_small,0.8834373950958252,679,21,720,169,699,95
frame_72,Rack_1,18,4,coke_small,0.8870687484741211,636,22,678,169,657,95
frame_72,Rack_1,41,17,sprite_small,0.90264493227005,594,21,636,172,615,96
frame_72,Rack_1,51,17,sprite_small,0.9209551215171814,554,25,594,172,574,98
frame_72,Rack_1,32,17,sprite_small,0.8869384527206421,516,24,553,171,534,97
frame_72,Rack_1,28,17,sprite_small,0.905379593372345,473,24,515,172,494,98
frame_72,Rack_1,23,9,empty,0.900134801864624,297,22,471,176,384,99
frame_72,Rack_1,38,0,7up_med,0.7453176379203796,153,33,209,201,181,117
frame_72,Rack_1,34,0,7up_med,0.8751242160797119,100,34,152,203,126,118
frame_72,Rack_1,53,0,7up_med,0.862511932849884,53,35,99,204,76,119
frame_72,Rack_1,58,0,7up_med,0.82716965675354,10,34,51,207,30,120
frame_73,Rack_1,14,1,a&w_small,0.9440149068832397,1169,11,1226,156,1197,83
frame_73,Rack_1,56,1,a&w_small,0.8282083868980408,1123,8,1165,158,1144,83
frame_73,Rack_1,55,1,a&w_small,0.746272087097168,1077,8,1121,159,1099,83
frame_73,Rack_1,49,1,a&w_small,0.8263812065124512,1030,11,1075,160,1052,85
frame_73,Rack_1,52,1,a&w_small,0.8584954738616943,983,13,1027,160,1005,86
frame_73,Rack_1,42,1,a&w_small,0.9051517844200134,936,14,981,161,958,87
frame_73,Rack_1,59,1,a&w_small,0.8476952910423279,892,16,934,163,913,89
frame_73,Rack_1,35,4,coke_small,0.8467461466789246,848,20,890,164,869,92
frame_73,Rack_1,36,4,coke_small,0.8765482306480408,802,23,845,165,823,94
frame_73,Rack_1,37,4,coke_small,0.9262555241584778,762,25,800,166,781,95
frame_73,Rack_1,47,4,coke_small,0.8819690942764282,722,23,761,168,741,95
frame_73,Rack_1,46,4,coke_small,0.8897140026092529,679,22,720,169,699,95
frame_73,Rack_1,18,4,coke_small,0.8852136135101318,637,23,678,169,657,96
frame_73,Rack_1,41,17,sprite_small,0.8743988275527954,595,24,636,170,615,97
frame_73,Rack_1,51,17,sprite_small,0.9312595129013062,555,26,594,172,574,99
frame_73,Rack_1,32,17,sprite_small,0.8888749480247498,516,24,553,171,534,97
frame_73,Rack_1,28,17,sprite_small,0.9091830253601074,474,24,515,172,494,98
frame_73,Rack_1,23,9,empty,0.9004976153373718,297,22,471,177,384,99
frame_73,Rack_1,38,0,7up_med,0.7093062996864319,153,31,209,202,181,116
frame_73,Rack_1,34,0,7up_med,0.8560675978660583,100,33,153,202,126,117
frame_73,Rack_1,53,0,7up_med,0.8429076075553894,54,34,99,204,76,119
frame_73,Rack_1,58,0,7up_med,0.827934980392456,11,33,52,207,31,120
frame_74,Rack_1,14,1,a&w_small,0.9420666694641113,1171,15,1226,155,1198,85
frame_74,Rack_1,56,1,a&w_small,0.8461280465126038,1124,9,1166,157,1145,83
frame_74,Rack_1,55,1,a&w_small,0.7665635943412781,1078,8,1122,159,1100,83
frame_74,Rack_1,49,1,a&w_small,0.8155971765518188,1032,19,1075,159,1053,89
frame_74,Rack_1,52,1,a&w_small,0.8584258556365967,984,14,1027,159,1005,86
frame_74,Rack_1,42,1,a&w_small,0.9078081846237183,937,15,981,161,959,88
frame_74,Rack_1,59,1,a&w_small,0.8457924723625183,893,16,934,163,913,89
frame_74,Rack_1,35,4,coke_small,0.8538349270820618,848,20,891,163,869,91
frame_74,Rack_1,36,4,coke_small,0.8867168426513672,803,24,845,165,824,94
frame_74,Rack_1,37,4,coke_small,0.9190890789031982,763,25,801,166,782,95
frame_74,Rack_1,47,4,coke_small,0.8762980103492737,722,23,762,167,742,95
frame_74,Rack_1,46,4,coke_small,0.8975598812103271,680,22,720,168,700,95
frame_74,Rack_1,18,4,coke_small,0.867136538028717,637,23,679,169,658,96
frame_74,Rack_1,41,17,sprite_small,0.8839796781539917,596,26,636,170,616,98
frame_74,Rack_1,51,17,sprite_small,0.9266430139541626,556,26,595,171,575,98
frame_74,Rack_1,32,17,sprite_small,0.8896178603172302,517,24,554,171,535,97
frame_74,Rack_1,28,17,sprite_small,0.9361912608146667,475,24,516,171,495,97
frame_74,Rack_1,23,9,empty,0.8978080153465271,297,22,471,177,384,99
frame_74,Rack_1,38,0,7up_med,0.6914560794830322,155,33,210,200,182,116
frame_74,Rack_1,34,0,7up_med,0.8736817240715027,101,33,154,202,127,117
frame_74,Rack_1,53,0,7up_med,0.8508129119873047,54,34,100,204,77,119
frame_74,Rack_1,58,0,7up_med,0.8526630401611328,11,33,53,206,32,119
frame_75,Rack_1,14,1,a&w_small,0.9365414381027222,1173,17,1228,154,1200,85
frame_75,Rack_1,56,1,a&w_small,0.8377009034156799,1125,10,1167,157,1146,83
frame_75,Rack_1,55,1,a&w_small,0.772783100605011,1079,9,1123,158,1101,83
frame_75,Rack_1,49,1,a&w_small,0.8401369452476501,1033,20,1075,158,1054,89
frame_75,Rack_1,52,1,a&w_small,0.8830524682998657,985,15,1028,159,1006,87
frame_75,Rack_1,42,1,a&w_small,0.8978899717330933,938,15,983,160,960,87
frame_75,Rack_1,59,1,a&w_small,0.8594386577606201,894,16,936,163,915,89
frame_75,Rack_1,35,4,coke_small,0.8612406253814697,849,20,892,163,870,91
frame_75,Rack_1,36,4,coke_small,0.8897225260734558,803,23,847,166,825,94
frame_75,Rack_1,37,4,coke_small,0.9214871525764465,764,25,801,166,782,95
frame_75,Rack_1,47,4,coke_small,0.8901529908180237,723,23,763,167,743,95
frame_75,Rack_1,46,4,coke_small,0.9039235711097717,680,22,721,168,700,95
frame_75,Rack_1,18,4,coke_small,0.8709816336631775,638,23,680,168,659,95
frame_75,Rack_1,41,17,sprite_small,0.8632431030273438,597,26,637,169,617,97
frame_75,Rack_1,51,17,sprite_small,0.9192745089530945,556,27,595,171,575,99
frame_75,Rack_1,32,17,sprite_small,0.8906179070472717,517,24,554,171,535,97
frame_75,Rack_1,28,17,sprite_small,0.9432999491691589,475,24,516,171,495,97
frame_75,Rack_1,23,9,empty,0.8915418386459351,297,22,471,177,384,99
frame_75,Rack_1,38,0,7up_med,0.7255358695983887,156,34,211,200,183,117
frame_75,Rack_1,34,0,7up_med,0.9018583297729492,102,33,154,202,128,117
frame_75,Rack_1,53,0,7up_med,0.8679416179656982,55,33,101,204,78,118
frame_75,Rack_1,58,0,7up_med,0.8801488280296326,12,33,54,206,33,119
frame_76,Rack_1,14,1,a&w_small,0.9350013732910156,1173,18,1227,154,1200,86
frame_76,Rack_1,56,1,a&w_small,0.8360347747802734,1127,11,1168,156,1147,83
frame_76,Rack_1,55,1,a&w_small,0.7948196530342102,1080,10,1124,158,1102,84
frame_76,Rack_1,49,1,a&w_small,0.8302584290504456,1033,17,1076,158,1054,87
frame_76,Rack_1,52,1,a&w_small,0.8885478377342224,986,15,1029,159,1007,87
frame_76,Rack_1,42,1,a&w_small,0.9085680246353149,939,16,983,160,961,88
frame_76,Rack_1,59,1,a&w_small,0.8620159029960632,895,17,937,162,916,89
frame_76,Rack_1,35,4,coke_small,0.856752336025238,850,20,892,162,871,91
frame_76,Rack_1,36,4,coke_small,0.9069558382034302,804,23,847,165,825,94
frame_76,Rack_1,37,4,coke_small,0.9254029989242554,764,25,802,165,783,95
frame_76,Rack_1,47,4,coke_small,0.8997057676315308,724,23,763,166,743,94
frame_76,Rack_1,46,4,coke_small,0.8980387449264526,681,22,722,168,701,95
frame_76,Rack_1,18,4,coke_small,0.8807101249694824,638,23,680,168,659,95
frame_76,Rack_1,41,17,sprite_small,0.8429397940635681,597,26,637,169,617,97
frame_76,Rack_1,51,17,sprite_small,0.9223976731300354,557,27,596,171,576,99
frame_76,Rack_1,32,17,sprite_small,0.8986715078353882,518,24,555,171,536,97
frame_76,Rack_1,28,17,sprite_small,0.9543008804321289,476,25,517,171,496,98
frame_76,Rack_1,23,9,empty,0.8929469585418701,297,22,471,177,384,99
frame_76,Rack_1,38,0,7up_med,0.7421211004257202,157,34,211,200,184,117
frame_76,Rack_1,34,0,7up_med,0.9073241949081421,103,32,155,202,129,117
frame_76,Rack_1,53,0,7up_med,0.8599904179573059,55,33,101,204,78,118
frame_76,Rack_1,58,0,7up_med,0.8795377612113953,12,32,54,206,33,119
frame_77,Rack_1,14,1,a&w_small,0.9344411492347717,1174,21,1228,154,1201,87
frame_77,Rack_1,56,1,a&w_small,0.8124195337295532,1128,13,1169,156,1148,84
frame_77,Rack_1,55,1,a&w_small,0.8044783473014832,1081,10,1125,158,1103,84
frame_77,Rack_1,49,1,a&w_small,0.8352759480476379,1033,15,1077,158,1055,86
frame_77,Rack_1,52,1,a&w_small,0.8780975341796875,987,16,1030,159,1008,87
frame_77,Rack_1,42,1,a&w_small,0.9011067152023315,941,17,984,160,962,88
frame_77,Rack_1,59,1,a&w_small,0.85870361328125,896,18,937,162,916,90
frame_77,Rack_1,35,4,coke_small,0.8206906914710999,851,20,893,162,872,91
frame_77,Rack_1,36,4,coke_small,0.9189950823783875,805,23,848,165,826,94
frame_77,Rack_1,37,4,coke_small,0.9150003790855408,765,25,803,165,784,95
frame_77,Rack_1,47,4,coke_small,0.9042525291442871,725,23,764,166,744,94
frame_77,Rack_1,46,4,coke_small,0.8840526938438416,682,22,723,168,702,95
frame_77,Rack_1,18,4,coke_small,0.8905004858970642,639,24,681,168,660,96
frame_77,Rack_1,41,17,sprite_small,0.8273378610610962,598,26,638,169,618,97
frame_77,Rack_1,51,17,sprite_small,0.9261282086372375,557,27,596,171,576,99
frame_77,Rack_1,32,17,sprite_small,0.8961299657821655,518,24,555,170,536,97
frame_77,Rack_1,28,17,sprite_small,0.9538987874984741,477,25,517,170,497,97
frame_77,Rack_1,23,9,empty,0.888751745223999,298,22,471,176,384,99
frame_77,Rack_1,38,0,7up_med,0.7387105226516724,157,34,212,199,184,116
frame_77,Rack_1,34,0,7up_med,0.8970778584480286,103,32,156,202,129,117
frame_77,Rack_1,53,0,7up_med,0.8490939140319824,56,33,101,204,78,118
frame_77,Rack_1,58,0,7up_med,0.863900899887085,13,32,55,206,34,119
frame_78,Rack_1,14,1,a&w_small,0.9279912114143372,1175,21,1228,154,1201,87
frame_78,Rack_1,56,1,a&w_small,0.8260028958320618,1129,14,1170,155,1149,84
frame_78,Rack_1,55,1,a&w_small,0.7885922193527222,1082,11,1125,157,1103,84
frame_78,Rack_1,49,1,a&w_small,0.8394767045974731,1034,14,1078,158,1056,86
frame_78,Rack_1,52,1,a&w_small,0.8550437688827515,988,17,1031,159,1009,88
frame_78,Rack_1,42,1,a&w_small,0.9073605537414551,942,18,985,160,963,89
frame_78,Rack_1,59,1,a&w_small,0.8568915724754333,896,18,938,161,917,89
frame_78,Rack_1,35,4,coke_small,0.8068537712097168,851,20,893,162,872,91
frame_78,Rack_1,36,4,coke_small,0.9202268719673157,806,23,849,165,827,94
frame_78,Rack_1,37,4,coke_small,0.9070261716842651,766,25,804,165,785,95
frame_78,Rack_1,47,4,coke_small,0.9121838808059692,725,22,764,165,744,93
frame_78,Rack_1,46,4,coke_small,0.8752456307411194,682,22,723,167,702,94
frame_78,Rack_1,18,4,coke_small,0.9125804305076599,640,24,681,167,660,95
frame_78,Rack_1,41,17,sprite_small,0.818379282951355,598,26,638,169,618,97
frame_78,Rack_1,51,17,sprite_small,0.9098806381225586,557,27,596,171,576,99
frame_78,Rack_1,32,17,sprite_small,0.8997035026550293,519,24,556,170,537,97
frame_78,Rack_1,28,17,sprite_small,0.9560069441795349,477,26,518,170,497,98
frame_78,Rack_1,23,9,empty,0.8952370285987854,297,22,471,176,384,99
frame_78,Rack_1,38,0,7up_med,0.7527189254760742,158,33,212,199,185,116
frame_78,Rack_1,34,0,7up_med,0.9068654775619507,104,32,156,202,130,117
frame_78,Rack_1,53,0,7up_med,0.8657887578010559,56,33,101,204,78,118
frame_78,Rack_1,58,0,7up_med,0.8647440671920776,13,33,55,206,34,119
frame_79,Rack_1,14,1,a&w_small,0.9345270991325378,1175,21,1228,153,1201,87
frame_79,Rack_1,56,1,a&w_small,0.8434971570968628,1130,14,1170,155,1150,84
frame_79,Rack_1,55,1,a&w_small,0.786125659942627,1082,11,1125,157,1103,84
frame_79,Rack_1,49,1,a&w_small,0.8313717842102051,1034,14,1078,158,1056,86
frame_79,Rack_1,52,1,a&w_small,0.8459487557411194,989,19,1031,158,1010,88
frame_79,Rack_1,42,1,a&w_small,0.9008948802947998,942,21,986,160,964,90
frame_79,Rack_1,59,1,a&w_small,0.8610455393791199,897,18,939,161,918,89
frame_79,Rack_1,35,4,coke_small,0.7809760570526123,851,19,894,162,872,90
frame_79,Rack_1,36,4,coke_small,0.9128194451332092,806,23,849,164,827,93
frame_79,Rack_1,37,4,coke_small,0.9087472558021545,767,25,804,164,785,94
frame_79,Rack_1,47,4,coke_small,0.9116605520248413,726,22,765,165,745,93
frame_79,Rack_1,46,4,coke_small,0.883414089679718,683,21,724,166,703,93
frame_79,Rack_1,18,4,coke_small,0.9198105931282043,640,24,681,167,660,95
frame_79,Rack_1,41,17,sprite_small,0.8197951316833496,598,26,639,169,618,97
frame_79,Rack_1,51,17,sprite_small,0.9058747887611389,558,27,597,171,577,99
frame_79,Rack_1,32,17,sprite_small,0.9095743894577026,520,24,556,170,538,97
frame_79,Rack_1,28,17,sprite_small,0.9569592475891113,477,26,518,170,497,98
frame_79,Rack_1,23,9,empty,0.8974745273590088,297,22,471,176,384,99
frame_79,Rack_1,38,0,7up_med,0.7522335648536682,158,33,213,199,185,116
frame_79,Rack_1,34,0,7up_med,0.8977380394935608,104,32,156,202,130,117
frame_79,Rack_1,53,0,7up_med,0.8668781518936157,56,33,102,204,79,118
frame_79,Rack_1,58,0,7up_med,0.8495820164680481,14,33,55,206,34,119
frame_80,Rack_1,14,1,a&w_small,0.9294275641441345,1175,19,1229,153,1202,86
frame_80,Rack_1,56,1,a&w_small,0.8493691682815552,1130,14,1170,155,1150,84
frame_80,Rack_1,55,1,a&w_small,0.7591007351875305,1083,13,1125,157,1104,85
frame_80,Rack_1,49,1,a&w_small,0.8385747075080872,1035,13,1079,158,1057,85
frame_80,Rack_1,52,1,a&w_small,0.8461623191833496,989,21,1031,158,1010,89
frame_80,Rack_1,42,1,a&w_small,0.9020056128501892,943,26,985,160,964,93
frame_80,Rack_1,59,1,a&w_small,0.8649652600288391,897,18,939,161,918,89
frame_80,Rack_1,35,4,coke_small,0.7895114421844482,852,18,895,162,873,90
frame_80,Rack_1,36,4,coke_small,0.9141347408294678,807,22,849,164,828,93
frame_80,Rack_1,37,4,coke_small,0.9174929857254028,767,25,805,164,786,94
frame_80,Rack_1,47,4,coke_small,0.9180470108985901,726,22,765,165,745,93
frame_80,Rack_1,46,4,coke_small,0.8941713571548462,683,21,724,166,703,93
frame_80,Rack_1,18,4,coke_small,0.9270979762077332,641,24,682,167,661,95
frame_80,Rack_1,41,17,sprite_small,0.8117656707763672,598,26,639,169,618,97
frame_80,Rack_1,51,17,sprite_small,0.8947872519493103,558,27,597,171,577,99
frame_80,Rack_1,32,17,sprite_small,0.9131858944892883,520,24,557,170,538,97
frame_80,Rack_1,28,17,sprite_small,0.9528251886367798,478,26,519,170,498,98
frame_80,Rack_1,23,9,empty,0.8981897234916687,296,22,471,176,383,99
frame_80,Rack_1,38,0,7up_med,0.7603631615638733,158,33,213,199,185,116
frame_80,Rack_1,34,0,7up_med,0.892535924911499,104,32,157,202,130,117
frame_80,Rack_1,53,0,7up_med,0.8685181140899658,57,33,102,203,79,118
frame_80,Rack_1,58,0,7up_med,0.8318870067596436,14,33,55,206,34,119
frame_81,Rack_1,14,1,a&w_small,0.922335684299469,1175,19,1229,153,1202,86
frame_81,Rack_1,56,1,a&w_small,0.8354937434196472,1130,13,1171,155,1150,84
frame_81,Rack_1,55,1,a&w_small,0.7420589923858643,1083,14,1126,156,1104,85
frame_81,Rack_1,49,1,a&w_small,0.8245388865470886,1035,13,1079,157,1057,85
frame_81,Rack_1,52,1,a&w_small,0.8327761292457581,990,20,1032,157,1011,88
frame_81,Rack_1,42,1,a&w_small,0.8990641236305237,943,26,986,160,964,93
frame_81,Rack_1,59,1,a&w_small,0.8622316122055054,897,17,939,161,918,89
frame_81,Rack_1,35,4,coke_small,0.7979549169540405,852,17,895,162,873,89
frame_81,Rack_1,36,4,coke_small,0.9103237390518188,807,21,850,164,828,92
frame_81,Rack_1,37,4,coke_small,0.9114233255386353,768,24,805,164,786,94
frame_81,Rack_1,47,4,coke_small,0.9203194975852966,727,21,766,164,746,92
frame_81,Rack_1,46,4,coke_small,0.9142665863037109,683,21,725,166,704,93
frame_81,Rack_1,18,4,coke_small,0.9351357221603394,641,23,682,166,661,94
frame_81,Rack_1,41,17,sprite_small,0.7861417531967163,599,26,639,168,619,97
frame_81,Rack_1,51,17,sprite_small,0.8863371014595032,558,25,598,170,578,97
frame_81,Rack_1,32,17,sprite_small,0.9255985617637634,521,24,557,169,539,96
frame_81,Rack_1,28,17,sprite_small,0.945501983165741,478,25,519,169,498,97
frame_81,Rack_1,23,9,empty,0.8966054320335388,297,22,469,172,383,97
frame_81,Rack_1,38,0,7up_med,0.8075227737426758,159,32,213,199,186,115
frame_81,Rack_1,34,0,7up_med,0.9009484052658081,105,32,157,201,131,116
frame_81,Rack_1,53,0,7up_med,0.8714055418968201,57,33,102,202,79,117
frame_81,Rack_1,58,0,7up_med,0.8170000314712524,14,33,55,205,34,119
frame_82,Rack_1,14,1,a&w_small,0.9075510501861572,1175,18,1229,152,1202,85
frame_82,Rack_1,56,1,a&w_small,0.8566109538078308,1130,12,1171,154,1150,83
frame_82,Rack_1,55,1,a&w_small,0.7809272408485413,1084,12,1127,156,1105,84
frame_82,Rack_1,49,1,a&w_small,0.8189799785614014,1035,11,1080,157,1057,84
frame_82,Rack_1,52,1,a&w_small,0.8247425556182861,989,18,1033,157,1011,87
frame_82,Rack_1,42,1,a&w_small,0.9110931754112244,943,20,987,159,965,89
frame_82,Rack_1,59,1,a&w_small,0.8612818717956543,897,15,940,160,918,87
frame_82,Rack_1,35,4,coke_small,0.8066909909248352,853,16,896,162,874,89
frame_82,Rack_1,36,4,coke_small,0.917555570602417,807,20,850,163,828,91
frame_82,Rack_1,37,4,coke_small,0.9124718308448792,768,24,806,163,787,93
frame_82,Rack_1,47,4,coke_small,0.9242383241653442,727,21,766,164,746,92
frame_82,Rack_1,46,4,coke_small,0.9202659726142883,683,20,725,166,704,93
frame_82,Rack_1,18,4,coke_small,0.9288514852523804,641,22,682,166,661,94
frame_82,Rack_1,41,17,sprite_small,0.7728765606880188,599,25,639,167,619,96
frame_82,Rack_1,51,17,sprite_small,0.8696317672729492,558,23,598,169,578,96
frame_82,Rack_1,32,17,sprite_small,0.9353391528129578,521,23,557,168,539,95
frame_82,Rack_1,28,17,sprite_small,0.9446225166320801,478,22,520,169,499,95
frame_82,Rack_1,23,9,empty,0.9023730754852295,298,22,469,170,383,96
frame_82,Rack_1,38,0,7up_med,0.8201937079429626,159,32,213,198,186,115
frame_82,Rack_1,34,0,7up_med,0.9085915684700012,105,32,157,201,131,116
frame_82,Rack_1,53,0,7up_med,0.876465916633606,57,33,103,202,80,117
frame_82,Rack_1,58,0,7up_med,0.8184775710105896,15,33,56,205,35,119
frame_83,Rack_1,14,1,a&w_small,0.9012522101402283,1175,18,1229,152,1202,85
frame_83,Rack_1,56,1,a&w_small,0.870173454284668,1131,13,1171,153,1151,83
frame_83,Rack_1,55,1,a&w_small,0.7604384422302246,1085,12,1128,155,1106,83
frame_83,Rack_1,49,1,a&w_small,0.8157886862754822,1036,11,1081,156,1058,83
frame_83,Rack_1,52,1,a&w_small,0.8261083364486694,989,17,1033,156,1011,86
frame_83,Rack_1,42,1,a&w_small,0.9105150699615479,942,18,987,159,964,88
frame_83,Rack_1,59,1,a&w_small,0.8470001220703125,897,15,940,160,918,87
frame_83,Rack_1,35,4,coke_small,0.7973953485488892,853,15,896,161,874,88
frame_83,Rack_1,36,4,coke_small,0.9123251438140869,807,20,851,163,829,91
frame_83,Rack_1,37,4,coke_small,0.9074224829673767,768,23,806,163,787,93
frame_83,Rack_1,47,4,coke_small,0.9204704165458679,727,20,766,164,746,92
frame_83,Rack_1,46,4,coke_small,0.9197494387626648,684,19,725,165,704,92
frame_83,Rack_1,18,4,coke_small,0.9308279752731323,641,21,682,166,661,93
frame_83,Rack_1,41,17,sprite_small,0.7626710534095764,598,23,639,168,618,95
frame_83,Rack_1,51,17,sprite_small,0.85037761926651,559,22,598,169,578,95
frame_83,Rack_1,32,17,sprite_small,0.9373177886009216,521,23,558,168,539,95
frame_83,Rack_1,28,17,sprite_small,0.941951334476471,478,21,520,168,499,94
frame_83,Rack_1,23,9,empty,0.8859582543373108,297,22,468,169,382,95
frame_83,Rack_1,38,0,7up_med,0.8218317627906799,159,33,213,198,186,115
frame_83,Rack_1,34,0,7up_med,0.9056411385536194,105,32,157,200,131,116
frame_83,Rack_1,53,0,7up_med,0.8764879107475281,58,33,103,202,80,117
frame_83,Rack_1,58,0,7up_med,0.8113219141960144,15,33,56,204,35,118
frame_84,Rack_1,14,1,a&w_small,0.8991658687591553,1175,15,1230,151,1202,83
frame_84,Rack_1,56,1,a&w_small,0.8783456087112427,1131,13,1171,153,1151,83
frame_84,Rack_1,55,1,a&w_small,0.7331366539001465,1085,11,1128,154,1106,82
frame_84,Rack_1,49,1,a&w_small,0.825440526008606,1036,11,1081,156,1058,83
frame_84,Rack_1,52,1,a&w_small,0.8132773637771606,990,17,1033,155,1011,86
frame_84,Rack_1,42,1,a&w_small,0.8980461955070496,942,15,988,158,965,86
frame_84,Rack_1,59,1,a&w_small,0.8490118384361267,898,14,941,159,919,86
frame_84,Rack_1,35,4,coke_small,0.8200497627258301,853,14,896,160,874,87
frame_84,Rack_1,36,4,coke_small,0.9115281701087952,808,20,851,161,829,90
frame_84,Rack_1,37,4,coke_small,0.90700364112854,768,23,806,162,787,92
frame_84,Rack_1,47,4,coke_small,0.9119230508804321,727,20,766,163,746,91
frame_84,Rack_1,46,4,coke_small,0.9187639355659485,684,19,725,165,704,92
frame_84,Rack_1,18,4,coke_small,0.9326145052909851,641,20,682,166,661,93
frame_84,Rack_1,41,17,sprite_small,0.7874988913536072,599,22,640,167,619,94
frame_84,Rack_1,51,17,sprite_small,0.8355380296707153,559,22,598,167,578,94
frame_84,Rack_1,32,17,sprite_small,0.9461500644683838,522,22,558,167,540,94
frame_84,Rack_1,28,17,sprite_small,0.9476079940795898,478,20,520,167,499,93
frame_84,Rack_1,23,9,empty,0.8920165300369263,298,22,468,167,383,94
frame_84,Rack_1,38,0,7up_med,0.8301158547401428,159,32,213,198,186,115
frame_84,Rack_1,34,0,7up_med,0.9021611213684082,105,31,158,200,131,115
frame_84,Rack_1,53,0,7up_med,0.8779796957969666,58,32,103,201,80,116
frame_84,Rack_1,58,0,7up_med,0.7935828566551208,15,34,56,204,35,119
frame_85,Rack_1,14,1,a&w_small,0.915377676486969,1175,11,1231,150,1203,80
frame_85,Rack_1,56,1,a&w_small,0.8885073065757751,1130,10,1171,152,1150,81
frame_85,Rack_1,55,1,a&w_small,0.7356253266334534,1085,9,1128,154,1106,81
frame_85,Rack_1,49,1,a&w_small,0.8339158296585083,1036,8,1081,155,1058,81
frame_85,Rack_1,52,1,a&w_small,0.8257021903991699,989,10,1035,156,1012,83
frame_85,Rack_1,42,1,a&w_small,0.9017636775970459,942,10,989,158,965,84
frame_85,Rack_1,59,1,a&w_small,0.8669983744621277,897,11,941,159,919,85
frame_85,Rack_1,35,4,coke_small,0.8211011290550232,853,12,897,160,875,86
frame_85,Rack_1,36,4,coke_small,0.9191094636917114,808,18,851,161,829,89
frame_85,Rack_1,37,4,coke_small,0.9043011665344238,769,21,807,161,788,91
frame_85,Rack_1,47,4,coke_small,0.906450629234314,727,18,766,162,746,90
frame_85,Rack_1,46,4,coke_small,0.9127122759819031,684,17,726,164,705,90
frame_85,Rack_1,18,4,coke_small,0.9272648096084595,641,18,683,166,662,92
frame_85,Rack_1,41,17,sprite_small,0.8104588389396667,599,20,640,167,619,93
frame_85,Rack_1,51,17,sprite_small,0.8030214905738831,559,19,599,167,579,93
frame_85,Rack_1,32,17,sprite_small,0.946060299873352,522,19,559,166,540,92
frame_85,Rack_1,28,17,sprite_small,0.9454501867294312,478,17,521,167,499,92
frame_85,Rack_1,23,9,empty,0.8934137225151062,296,18,470,166,383,92
frame_85,Rack_1,38,0,7up_med,0.7891970276832581,160,32,213,197,186,114
frame_85,Rack_1,34,0,7up_med,0.9006087779998779,105,31,158,199,131,115
frame_85,Rack_1,53,0,7up_med,0.8800140619277954,58,32,103,201,80,116
frame_85,Rack_1,58,0,7up_med,0.8055999279022217,13,34,55,202,34,118
frame_86,Rack_1,14,1,a&w_small,0.9012362360954285,1175,9,1232,149,1203,79
frame_86,Rack_1,56,1,a&w_small,0.891605019569397,1131,8,1172,151,1151,79
frame_86,Rack_1,55,1,a&w_small,0.7422685027122498,1085,7,1129,153,1107,80
frame_86,Rack_1,49,1,a&w_small,0.8342190384864807,1036,7,1081,155,1058,81
frame_86,Rack_1,52,1,a&w_small,0.834574818611145,989,8,1036,156,1012,82
frame_86,Rack_1,42,1,a&w_small,0.9021754860877991,942,8,989,158,965,83
frame_86,Rack_1,59,1,a&w_small,0.8856832385063171,897,10,941,158,919,84
frame_86,Rack_1,35,4,coke_small,0.7954961657524109,853,11,897,159,875,85
frame_86,Rack_1,36,4,coke_small,0.9193652868270874,808,17,852,160,830,88
frame_86,Rack_1,37,4,coke_small,0.9021340608596802,769,20,807,161,788,90
frame_86,Rack_1,47,4,coke_small,0.901835024356842,727,17,767,162,747,89
frame_86,Rack_1,46,4,coke_small,0.9131617546081543,684,16,726,163,705,89
frame_86,Rack_1,18,4,coke_small,0.9299011826515198,641,17,683,165,662,91
frame_86,Rack_1,41,17,sprite_small,0.8285763263702393,599,19,640,166,619,92
frame_86,Rack_1,51,17,sprite_small,0.8191770911216736,560,18,599,166,579,92
frame_86,Rack_1,32,17,sprite_small,0.9461739659309387,522,18,560,166,541,92
frame_86,Rack_1,28,17,sprite_small,0.9438381791114807,478,17,521,166,499,91
frame_86,Rack_1,23,9,empty,0.8690352439880371,294,17,471,167,382,92
frame_86,Rack_1,38,0,7up_med,0.8169953227043152,160,32,213,197,186,114
frame_86,Rack_1,34,0,7up_med,0.8982725739479065,105,31,158,199,131,115
frame_86,Rack_1,53,0,7up_med,0.8734716773033142,58,31,103,200,80,115
frame_86,Rack_1,58,0,7up_med,0.7080826759338379,14,32,56,201,35,116
frame_87,Rack_1,14,1,a&w_small,0.8987622261047363,1176,7,1232,149,1204,78
frame_87,Rack_1,56,1,a&w_small,0.881698489189148,1131,6,1172,149,1151,77
frame_87,Rack_1,55,1,a&w_small,0.7871277928352356,1085,6,1129,152,1107,79
frame_87,Rack_1,49,1,a&w_small,0.811652421951294,1036,6,1082,155,1059,80
frame_87,Rack_1,52,1,a&w_small,0.8330990076065063,990,6,1036,155,1013,80
frame_87,Rack_1,42,1,a&w_small,0.8934866786003113,942,7,989,157,965,82
frame_87,Rack_1,59,1,a&w_small,0.8772180080413818,898,8,941,158,919,83
frame_87,Rack_1,35,4,coke_small,0.7920090556144714,854,10,897,159,875,84
frame_87,Rack_1,36,4,coke_small,0.9184141159057617,808,17,852,159,830,88
frame_87,Rack_1,37,4,coke_small,0.8927428126335144,769,19,808,161,788,90
frame_87,Rack_1,47,4,coke_small,0.9001936912536621,728,16,767,161,747,88
frame_87,Rack_1,46,4,coke_small,0.912160336971283,685,15,727,163,706,89
frame_87,Rack_1,18,4,coke_small,0.9335644841194153,641,17,683,164,662,90
frame_87,Rack_1,41,17,sprite_small,0.8396105766296387,599,18,640,165,619,91
frame_87,Rack_1,51,17,sprite_small,0.8704710006713867,560,17,599,165,579,91
frame_87,Rack_1,32,17,sprite_small,0.945685625076294,522,16,560,165,541,90
frame_87,Rack_1,28,17,sprite_small,0.9357450604438782,479,15,521,165,500,90
frame_87,Rack_1,23,9,empty,0.8742901682853699,295,15,471,165,383,90
frame_87,Rack_1,38,0,7up_med,0.7736503481864929,160,31,214,196,187,113
frame_87,Rack_1,34,0,7up_med,0.9009996056556702,106,31,158,198,132,114
frame_87,Rack_1,53,0,7up_med,0.8704675436019897,58,31,104,200,81,115
frame_87,Rack_1,58,0,7up_med,0.7033321857452393,15,33,56,201,35,117
frame_88,Rack_1,14,1,a&w_small,0.8918315768241882,1176,7,1233,149,1204,78
frame_88,Rack_1,67,1,a&w_small,0.5448276400566101,1163,5,1210,150,1186,77
frame_88,Rack_1,56,1,a&w_small,0.8748557567596436,1131,5,1173,149,1152,77
frame_88,Rack_1,55,1,a&w_small,0.812228798866272,1085,5,1130,151,1107,78
frame_88,Rack_1,49,1,a&w_small,0.8307054042816162,1037,5,1082,153,1059,79
frame_88,Rack_1,52,1,a&w_small,0.8454466462135315,990,5,1037,154,1013,79
frame_88,Rack_1,42,1,a&w_small,0.8886670470237732,942,6,990,157,966,81
frame_88,Rack_1,59,1,a&w_small,0.8861253261566162,898,8,942,157,920,82
frame_88,Rack_1,35,4,coke_small,0.785393476486206,854,10,897,158,875,84
frame_88,Rack_1,36,4,coke_small,0.9193105101585388,809,16,852,159,830,87
frame_88,Rack_1,37,4,coke_small,0.8860144019126892,769,19,808,160,788,89
frame_88,Rack_1,47,4,coke_small,0.8944276571273804,728,15,768,161,748,88
frame_88,Rack_1,46,4,coke_small,0.908840537071228,685,14,727,162,706,88
frame_88,Rack_1,18,4,coke_small,0.9265699982643127,642,16,683,164,662,90
frame_88,Rack_1,41,17,sprite_small,0.8080282807350159,599,17,641,165,620,91
frame_88,Rack_1,51,17,sprite_small,0.8872684836387634,560,17,599,165,579,91
frame_88,Rack_1,32,17,sprite_small,0.9485156536102295,522,16,560,164,541,90
frame_88,Rack_1,28,17,sprite_small,0.934160053730011,479,15,522,164,500,89
frame_88,Rack_1,23,9,empty,0.8701056241989136,296,14,473,164,384,89
frame_88,Rack_1,38,0,7up_med,0.7723791003227234,160,31,214,196,187,113
frame_88,Rack_1,34,0,7up_med,0.898865282535553,106,30,158,198,132,114
frame_88,Rack_1,53,0,7up_med,0.8689229488372803,59,31,104,199,81,115
frame_88,Rack_1,58,0,7up_med,0.6879021525382996,15,33,57,201,36,117
frame_89,Rack_1,14,1,a&w_small,0.8917459845542908,1176,7,1233,148,1204,77
frame_89,Rack_1,56,1,a&w_small,0.8783717155456543,1132,5,1173,149,1152,77
frame_89,Rack_1,55,1,a&w_small,0.8022764325141907,1086,5,1130,150,1108,77
frame_89,Rack_1,49,1,a&w_small,0.8162120580673218,1038,5,1083,153,1060,79
frame_89,Rack_1,52,1,a&w_small,0.8458096385002136,990,4,1037,154,1013,79
frame_89,Rack_1,42,1,a&w_small,0.8870162963867188,943,6,990,157,966,81
frame_89,Rack_1,59,1,a&w_small,0.8679169416427612,899,8,942,157,920,82
frame_89,Rack_1,35,4,coke_small,0.7934781312942505,854,9,898,158,876,83
frame_89,Rack_1,36,4,coke_small,0.9087029099464417,809,16,852,159,830,87
frame_89,Rack_1,37,4,coke_small,0.8813818097114563,769,18,808,160,788,89
frame_89,Rack_1,47,4,coke_small,0.8945503234863281,728,15,768,161,748,88
frame_89,Rack_1,46,4,coke_small,0.9117313027381897,685,14,728,162,706,88
frame_89,Rack_1,18,4,coke_small,0.9308516383171082,642,16,684,164,663,90
frame_89,Rack_1,41,17,sprite_small,0.8111430406570435,599,17,641,164,620,90
frame_89,Rack_1,51,17,sprite_small,0.8837010264396667,560,16,599,165,579,90
frame_89,Rack_1,32,17,sprite_small,0.9448332190513611,522,16,560,164,541,90
frame_89,Rack_1,28,17,sprite_small,0.9315760135650635,479,15,522,164,500,89
frame_89,Rack_1,23,9,empty,0.8731347322463989,296,14,472,163,384,88
frame_89,Rack_1,38,0,7up_med,0.7902578711509705,160,30,214,196,187,113
frame_89,Rack_1,34,0,7up_med,0.89447021484375,106,30,158,197,132,113
frame_89,Rack_1,53,0,7up_med,0.8621965646743774,59,30,104,199,81,114
frame_89,Rack_1,58,0,7up_med,0.6849309802055359,16,33,57,200,36,116
frame_90,Rack_1,14,1,a&w_small,0.8893859386444092,1177,6,1233,148,1205,77
frame_90,Rack_1,68,1,a&w_small,0.5022444128990173,1151,4,1183,150,1167,77
frame_90,Rack_1,56,1,a&w_small,0.8816343545913696,1132,4,1173,148,1152,76
frame_90,Rack_1,55,1,a&w_small,0.7704561352729797,1086,3,1130,150,1108,76
frame_90,Rack_1,49,1,a&w_small,0.8046187162399292,1038,4,1083,152,1060,78
frame_90,Rack_1,52,1,a&w_small,0.8553528785705566,990,4,1037,153,1013,78
frame_90,Rack_1,42,1,a&w_small,0.8811175227165222,943,5,990,157,966,81
frame_90,Rack_1,59,1,a&w_small,0.8446189165115356,899,7,943,157,921,82
frame_90,Rack_1,35,4,coke_small,0.8004406094551086,855,9,898,158,876,83
frame_90,Rack_1,36,4,coke_small,0.9012819528579712,809,15,852,159,830,87
frame_90,Rack_1,37,4,coke_small,0.8741808533668518,770,18,808,159,789,88
frame_90,Rack_1,47,4,coke_small,0.8934581279754639,728,14,768,161,748,87
frame_90,Rack_1,46,4,coke_small,0.9151995182037354,685,14,728,162,706,88
frame_90,Rack_1,18,4,coke_small,0.9286588430404663,642,15,684,164,663,89
frame_90,Rack_1,41,17,sprite_small,0.8222037553787231,599,15,641,164,620,89
frame_90,Rack_1,51,17,sprite_small,0.8810794949531555,560,16,600,165,580,90
frame_90,Rack_1,32,17,sprite_small,0.9430715441703796,522,15,560,164,541,89
frame_90,Rack_1,28,17,sprite_small,0.9325031638145447,479,14,522,163,500,88
frame_90,Rack_1,23,9,empty,0.8643597364425659,296,13,474,163,385,88
frame_90,Rack_1,38,0,7up_med,0.7998866438865662,161,29,214,196,187,112
frame_90,Rack_1,34,0,7up_med,0.8976167440414429,106,30,158,197,132,113
frame_90,Rack_1,53,0,7up_med,0.8580141663551331,59,31,104,199,81,115
frame_90,Rack_1,58,0,7up_med,0.6961941719055176,16,33,57,200,36,116
frame_91,Rack_1,14,1,a&w_small,0.8437141180038452,1177,6,1233,147,1205,76
frame_91,Rack_1,56,1,a&w_small,0.8703462481498718,1132,4,1173,148,1152,76
frame_91,Rack_1,55,1,a&w_small,0.8004493117332458,1087,3,1131,149,1109,76
frame_91,Rack_1,49,1,a&w_small,0.8022522926330566,1039,3,1084,152,1061,77
frame_91,Rack_1,52,1,a&w_small,0.8497328162193298,991,4,1038,153,1014,78
frame_91,Rack_1,42,1,a&w_small,0.8968144655227661,944,5,991,156,967,80
frame_91,Rack_1,59,1,a&w_small,0.8610037565231323,900,7,944,157,922,82
frame_91,Rack_1,35,4,coke_small,0.809163510799408,855,9,898,158,876,83
frame_91,Rack_1,36,4,coke_small,0.9008033871650696,809,15,853,159,831,87
frame_91,Rack_1,37,4,coke_small,0.8864865899085999,770,18,808,159,789,88
frame_91,Rack_1,47,4,coke_small,0.8890727162361145,728,13,768,161,748,87
frame_91,Rack_1,46,4,coke_small,0.9294731616973877,686,14,728,162,707,88
frame_91,Rack_1,18,4,coke_small,0.9223220944404602,643,15,684,164,663,89
frame_91,Rack_1,41,17,sprite_small,0.8323295712471008,600,14,642,164,621,89
frame_91,Rack_1,51,17,sprite_small,0.9158326983451843,560,15,600,165,580,90
frame_91,Rack_1,32,17,sprite_small,0.9544630646705627,522,15,560,164,541,89
frame_91,Rack_1,28,17,sprite_small,0.9360575675964355,480,14,522,164,501,89
frame_91,Rack_1,23,9,empty,0.8490591049194336,293,12,474,164,383,88
frame_91,Rack_1,38,0,7up_med,0.8054865002632141,161,31,214,196,187,113
frame_91,Rack_1,34,0,7up_med,0.9044247269630432,106,30,158,197,132,113
frame_91,Rack_1,53,0,7up_med,0.874578058719635,60,27,106,199,83,113
frame_91,Rack_1,58,0,7up_med,0.7339863777160645,15,33,57,200,36,116
frame_92,Rack_1,14,1,a&w_small,0.8689101338386536,1177,6,1233,147,1205,76
frame_92,Rack_1,56,1,a&w_small,0.8551549911499023,1132,4,1173,148,1152,76
frame_92,Rack_1,55,1,a&w_small,0.7937291860580444,1087,4,1132,149,1109,76
frame_92,Rack_1,49,1,a&w_small,0.8195938467979431,1040,3,1085,151,1062,77
frame_92,Rack_1,52,1,a&w_small,0.8588706851005554,992,4,1038,152,1015,78
frame_92,Rack_1,42,1,a&w_small,0.8988310694694519,945,5,991,156,968,80
frame_92,Rack_1,59,1,a&w_small,0.8594708442687988,901,7,944,156,922,81
frame_92,Rack_1,35,4,coke_small,0.8156585693359375,855,8,899,157,877,82
frame_92,Rack_1,36,4,coke_small,0.9028373956680298,809,15,853,158,831,86
frame_92,Rack_1,37,4,coke_small,0.8847999572753906,771,17,809,158,790,87
frame_92,Rack_1,47,4,coke_small,0.8859914541244507,729,13,769,161,749,87
frame_92,Rack_1,46,4,coke_small,0.9262679815292358,686,14,728,161,707,87
frame_92,Rack_1,18,4,coke_small,0.9255800843238831,643,15,684,163,663,89
frame_92,Rack_1,41,17,sprite_small,0.8550511002540588,600,14,642,164,621,89
frame_92,Rack_1,51,17,sprite_small,0.92322838306427,560,14,600,165,580,89
frame_92,Rack_1,32,17,sprite_small,0.9562156200408936,522,15,560,163,541,89
frame_92,Rack_1,28,17,sprite_small,0.938509464263916,480,14,522,164,501,89
frame_92,Rack_1,23,9,empty,0.8395099639892578,293,12,474,164,383,88
frame_92,Rack_1,38,0,7up_med,0.7990496754646301,161,30,215,196,188,113
frame_92,Rack_1,34,0,7up_med,0.9014809131622314,106,29,159,196,132,112
frame_92,Rack_1,53,0,7up_med,0.8872467279434204,60,29,105,199,82,114
frame_92,Rack_1,58,0,7up_med,0.7992295622825623,14,33,57,199,35,116
frame_93,Rack_1,14,1,a&w_small,0.9289484620094299,1179,6,1234,146,1206,76
frame_93,Rack_1,56,1,a&w_small,0.8346750140190125,1133,4,1174,149,1153,76
frame_93,Rack_1,55,1,a&w_small,0.7851161956787109,1088,4,1132,149,1110,76
frame_93,Rack_1,49,1,a&w_small,0.8232107162475586,1040,3,1086,151,1063,77
frame_93,Rack_1,52,1,a&w_small,0.8560718894004822,992,3,1038,152,1015,77
frame_93,Rack_1,42,1,a&w_small,0.8949509859085083,946,5,992,155,969,80
frame_93,Rack_1,59,1,a&w_small,0.8644325137138367,901,6,944,156,922,81
frame_93,Rack_1,35,4,coke_small,0.8123827576637268,855,8,899,157,877,82
frame_93,Rack_1,36,4,coke_small,0.9137831330299377,810,15,853,158,831,86
frame_93,Rack_1,37,4,coke_small,0.8796993494033813,771,17,809,158,790,87
frame_93,Rack_1,47,4,coke_small,0.8926466107368469,729,13,769,161,749,87
frame_93,Rack_1,46,4,coke_small,0.9266493320465088,686,14,728,161,707,87
frame_93,Rack_1,18,4,coke_small,0.9318252801895142,643,15,685,163,664,89
frame_93,Rack_1,41,17,sprite_small,0.8813926577568054,600,13,642,163,621,88
frame_93,Rack_1,51,17,sprite_small,0.9238124489784241,560,14,600,164,580,89
frame_93,Rack_1,32,17,sprite_small,0.9529256224632263,523,15,560,163,541,89
frame_93,Rack_1,28,17,sprite_small,0.9347168803215027,480,14,522,163,501,88
frame_93,Rack_1,23,9,empty,0.8399326205253601,294,12,474,163,384,87
frame_93,Rack_1,38,0,7up_med,0.8253732323646545,161,29,215,196,188,112
frame_93,Rack_1,34,0,7up_med,0.9067476391792297,106,29,159,196,132,112
frame_93,Rack_1,53,0,7up_med,0.8875055909156799,60,29,105,199,82,114
frame_93,Rack_1,58,0,7up_med,0.7258492708206177,15,32,58,199,36,115
frame_94,Rack_1,14,1,a&w_small,0.9189656376838684,1180,6,1235,146,1207,76
frame_94,Rack_1,56,1,a&w_small,0.8477197885513306,1133,4,1174,148,1153,76
frame_94,Rack_1,55,1,a&w_small,0.7812714576721191,1088,4,1133,149,1110,76
frame_94,Rack_1,49,1,a&w_small,0.8193144798278809,1041,4,1086,151,1063,77
frame_94,Rack_1,52,1,a&w_small,0.8612268567085266,992,3,1038,152,1015,77
frame_94,Rack_1,42,1,a&w_small,0.8942568898200989,947,5,992,155,969,80
frame_94,Rack_1,59,1,a&w_small,0.8635920286178589,901,6,945,156,923,81
frame_94,Rack_1,35,4,coke_small,0.8106661438941956,856,8,899,157,877,82
frame_94,Rack_1,36,4,coke_small,0.9183108806610107,810,14,853,158,831,86
frame_94,Rack_1,37,4,coke_small,0.8766714930534363,771,17,809,158,790,87
frame_94,Rack_1,47,4,coke_small,0.8926212191581726,729,13,769,160,749,86
frame_94,Rack_1,46,4,coke_small,0.9185787439346313,686,14,728,161,707,87
frame_94,Rack_1,18,4,coke_small,0.9358214735984802,643,15,685,163,664,89
frame_94,Rack_1,41,17,sprite_small,0.877356767654419,601,13,643,163,622,88
frame_94,Rack_1,51,17,sprite_small,0.9185314774513245,560,14,600,164,580,89
frame_94,Rack_1,32,17,sprite_small,0.9509363770484924,523,14,560,162,541,88
frame_94,Rack_1,28,17,sprite_small,0.9357547163963318,480,13,522,162,501,87
frame_94,Rack_1,23,9,empty,0.8367102146148682,295,12,475,162,385,87
frame_94,Rack_1,38,0,7up_med,0.8177452087402344,161,28,215,196,188,112
frame_94,Rack_1,34,0,7up_med,0.902305006980896,106,28,159,196,132,112
frame_94,Rack_1,53,0,7up_med,0.880757212638855,60,29,105,199,82,114
frame_94,Rack_1,58,0,7up_med,0.7657346725463867,16,31,59,199,37,115
frame_95,Rack_1,14,1,a&w_small,0.9171879291534424,1180,6,1235,146,1207,76
frame_95,Rack_1,56,1,a&w_small,0.8638988137245178,1134,4,1175,148,1154,76
frame_95,Rack_1,55,1,a&w_small,0.7750352025032043,1089,3,1133,149,1111,76
frame_95,Rack_1,49,1,a&w_small,0.8211303949356079,1041,4,1087,151,1064,77
frame_95,Rack_1,52,1,a&w_small,0.872232973575592,992,3,1039,151,1015,77
frame_95,Rack_1,42,1,a&w_small,0.8948471546173096,947,5,993,154,970,79
frame_95,Rack_1,59,1,a&w_small,0.8734860420227051,902,6,945,156,923,81
frame_95,Rack_1,35,4,coke_small,0.8140504956245422,856,8,899,157,877,82
frame_95,Rack_1,36,4,coke_small,0.9222915768623352,810,14,853,158,831,86
frame_95,Rack_1,37,4,coke_small,0.8781305551528931,771,16,809,158,790,87
frame_95,Rack_1,47,4,coke_small,0.8904416561126709,729,12,769,160,749,86
frame_95,Rack_1,46,4,coke_small,0.9130934476852417,686,14,728,160,707,87
frame_95,Rack_1,18,4,coke_small,0.9333088397979736,643,14,685,162,664,88
frame_95,Rack_1,41,17,sprite_small,0.8860820531845093,601,14,643,163,622,88
frame_95,Rack_1,51,17,sprite_small,0.9207753539085388,560,14,600,164,580,89
frame_95,Rack_1,32,17,sprite_small,0.9556222558021545,523,14,560,162,541,88
frame_95,Rack_1,28,17,sprite_small,0.9386595487594604,480,13,522,162,501,87
frame_95,Rack_1,23,9,empty,0.8353798389434814,298,12,478,163,388,87
frame_95,Rack_1,38,0,7up_med,0.7648230195045471,160,28,215,196,187,112
frame_95,Rack_1,34,0,7up_med,0.8782621622085571,106,27,159,196,132,111
frame_95,Rack_1,53,0,7up_med,0.8641459941864014,60,29,105,198,82,113
frame_95,Rack_1,58,0,7up_med,0.6790610551834106,16,31,59,199,37,115
frame_96,Rack_1,14,1,a&w_small,0.9156081676483154,1181,6,1236,146,1208,76
frame_96,Rack_1,56,1,a&w_small,0.8630831241607666,1135,4,1176,149,1155,76
frame_96,Rack_1,55,1,a&w_small,0.7894547581672668,1090,3,1134,149,1112,76
frame_96,Rack_1,49,1,a&w_small,0.8392051458358765,1042,4,1087,151,1064,77
frame_96,Rack_1,52,1,a&w_small,0.8819451332092285,993,3,1039,151,1016,77
frame_96,Rack_1,42,1,a&w_small,0.8794724345207214,948,5,993,154,970,79
frame_96,Rack_1,59,1,a&w_small,0.8780933022499084,902,6,945,156,923,81
frame_96,Rack_1,35,4,coke_small,0.8236950039863586,856,8,899,157,877,82
frame_96,Rack_1,36,4,coke_small,0.917908787727356,810,14,854,158,832,86
frame_96,Rack_1,37,4,coke_small,0.8837199211120605,771,16,809,157,790,86
frame_96,Rack_1,47,4,coke_small,0.8835223317146301,729,12,770,160,749,86
frame_96,Rack_1,46,4,coke_small,0.9025424718856812,686,13,729,160,707,86
frame_96,Rack_1,18,4,coke_small,0.9344273805618286,644,14,685,162,664,88
frame_96,Rack_1,41,17,sprite_small,0.8956650495529175,601,13,643,163,622,88
frame_96,Rack_1,51,17,sprite_small,0.9211650490760803,560,13,600,164,580,88
frame_96,Rack_1,32,17,sprite_small,0.9565606117248535,523,15,560,162,541,88
frame_96,Rack_1,28,17,sprite_small,0.9381417036056519,480,13,522,162,501,87
frame_96,Rack_1,23,9,empty,0.8327539563179016,302,11,481,163,391,87
frame_96,Rack_1,38,0,7up_med,0.7935293912887573,160,27,214,195,187,111
frame_96,Rack_1,34,0,7up_med,0.8905099034309387,106,26,159,196,132,111
frame_96,Rack_1,53,0,7up_med,0.8716796040534973,61,29,105,198,83,113
frame_96,Rack_1,58,0,7up_med,0.7494595050811768,15,32,58,199,36,115
frame_97,Rack_1,14,1,a&w_small,0.8857742547988892,1181,6,1236,145,1208,75
frame_97,Rack_1,56,1,a&w_small,0.8686665892601013,1135,4,1176,148,1155,76
frame_97,Rack_1,55,1,a&w_small,0.7913480997085571,1090,3,1135,148,1112,75
frame_97,Rack_1,49,1,a&w_small,0.8398725390434265,1042,4,1088,150,1065,77
frame_97,Rack_1,52,1,a&w_small,0.8897479772567749,994,3,1040,150,1017,76
frame_97,Rack_1,42,1,a&w_small,0.8808712363243103,949,4,994,153,971,78
frame_97,Rack_1,59,1,a&w_small,0.8666898608207703,902,5,946,155,924,80
frame_97,Rack_1,35,4,coke_small,0.8187455534934998,856,8,900,157,878,82
frame_97,Rack_1,36,4,coke_small,0.9158161878585815,810,13,854,157,832,85
frame_97,Rack_1,37,4,coke_small,0.8837106823921204,772,16,809,157,790,86
frame_97,Rack_1,47,4,coke_small,0.8778347373008728,730,12,770,160,750,86
frame_97,Rack_1,46,4,coke_small,0.896660327911377,687,13,729,160,708,86
frame_97,Rack_1,18,4,coke_small,0.9320403933525085,644,13,685,162,664,87
frame_97,Rack_1,41,17,sprite_small,0.8995654582977295,601,13,643,163,622,88
frame_97,Rack_1,51,17,sprite_small,0.905745267868042,561,12,601,164,581,88
frame_97,Rack_1,32,17,sprite_small,0.9534323811531067,523,14,560,162,541,88
frame_97,Rack_1,28,17,sprite_small,0.9329516887664795,480,13,522,162,501,87
frame_97,Rack_1,23,9,empty,0.834984540939331,299,11,478,162,388,86
frame_97,Rack_1,38,0,7up_med,0.8137228488922119,161,26,215,195,188,110
frame_97,Rack_1,34,0,7up_med,0.9105140566825867,106,25,159,196,132,110
frame_97,Rack_1,53,0,7up_med,0.8673562407493591,61,25,107,198,84,111
frame_97,Rack_1,58,0,7up_med,0.7504034638404846,15,32,58,199,36,115
frame_98,Rack_1,14,1,a&w_small,0.8828250169754028,1181,7,1236,145,1208,76
frame_98,Rack_1,56,1,a&w_small,0.8738690614700317,1136,4,1177,148,1156,76
frame_98,Rack_1,55,1,a&w_small,0.8048532605171204,1091,3,1135,148,1113,75
frame_98,Rack_1,49,1,a&w_small,0.8473056554794312,1043,4,1088,149,1065,76
frame_98,Rack_1,52,1,a&w_small,0.902134120464325,995,3,1041,150,1018,76
frame_98,Rack_1,42,1,a&w_small,0.8697113990783691,949,4,994,152,971,78
frame_98,Rack_1,59,1,a&w_small,0.844946026802063,903,5,946,155,924,80
frame_98,Rack_1,35,4,coke_small,0.818737804889679,857,8,900,156,878,82
frame_98,Rack_1,36,4,coke_small,0.9112499356269836,810,13,854,157,832,85
frame_98,Rack_1,37,4,coke_small,0.8749172687530518,772,16,809,156,790,86
frame_98,Rack_1,47,4,coke_small,0.8722178936004639,730,12,770,159,750,85
frame_98,Rack_1,46,4,coke_small,0.8820186853408813,687,13,729,160,708,86
frame_98,Rack_1,18,4,coke_small,0.9344794750213623,644,13,686,161,665,87
frame_98,Rack_1,41,17,sprite_small,0.9021582007408142,601,13,643,163,622,88
frame_98,Rack_1,51,17,sprite_small,0.892929196357727,561,12,601,164,581,88
frame_98,Rack_1,32,17,sprite_small,0.9527761340141296,523,14,561,162,542,88
frame_98,Rack_1,28,17,sprite_small,0.9277205467224121,480,13,523,163,501,88
frame_98,Rack_1,23,9,empty,0.8190158605575562,298,11,477,163,387,87
frame_98,Rack_1,38,0,7up_med,0.8143672943115234,161,25,216,195,188,110
frame_98,Rack_1,34,0,7up_med,0.9096401929855347,107,25,160,196,133,110
frame_98,Rack_1,53,0,7up_med,0.880823016166687,61,22,108,198,84,110
frame_98,Rack_1,58,0,7up_med,0.6989188194274902,15,31,58,197,36,114
frame_99,Rack_1,14,1,a&w_small,0.8514971733093262,1182,7,1237,145,1209,76
frame_99,Rack_1,56,1,a&w_small,0.8676064014434814,1136,4,1177,147,1156,75
frame_99,Rack_1,55,1,a&w_small,0.7863469123840332,1092,4,1135,147,1113,75
frame_99,Rack_1,49,1,a&w_small,0.8514328598976135,1043,5,1089,149,1066,77
frame_99,Rack_1,52,1,a&w_small,0.9077833294868469,996,3,1042,149,1019,76
frame_99,Rack_1,42,1,a&w_small,0.8824806809425354,950,5,994,152,972,78
frame_99,Rack_1,59,1,a&w_small,0.8424140810966492,903,5,946,154,924,79
frame_99,Rack_1,35,4,coke_small,0.8359339237213135,857,8,900,156,878,82
frame_99,Rack_1,36,4,coke_small,0.9024197459220886,811,13,854,157,832,85
frame_99,Rack_1,37,4,coke_small,0.8726450800895691,772,16,809,155,790,85
frame_99,Rack_1,47,4,coke_small,0.8700984716415405,730,12,770,159,750,85
frame_99,Rack_1,46,4,coke_small,0.8872460722923279,687,13,729,160,708,86
frame_99,Rack_1,18,4,coke_small,0.9420808553695679,644,13,686,161,665,87
frame_99,Rack_1,41,17,sprite_small,0.913113534450531,602,14,643,163,622,88
frame_99,Rack_1,51,17,sprite_small,0.8951264023780823,562,13,601,164,581,88
frame_99,Rack_1,32,17,sprite_small,0.9517107605934143,524,14,561,162,542,88
frame_99,Rack_1,28,17,sprite_small,0.9314920902252197,481,13,523,163,502,88
frame_99,Rack_1,23,9,empty,0.810463547706604,298,12,477,163,387,87
frame_99,Rack_1,38,0,7up_med,0.7913964986801147,161,25,216,195,188,110
frame_99,Rack_1,34,0,7up_med,0.9014223217964172,107,24,160,196,133,110
frame_99,Rack_1,53,0,7up_med,0.867134690284729,62,20,108,198,85,109
frame_99,Rack_1,58,0,7up_med,0.6627017855644226,15,29,59,198,37,113
frame_100,Rack_1,14,1,a&w_small,0.8812673091888428,1183,8,1237,145,1210,76
frame_100,Rack_1,56,1,a&w_small,0.8664417266845703,1137,5,1178,146,1157,75
frame_100,Rack_1,55,1,a&w_small,0.7858707904815674,1092,5,1136,147,1114,76
frame_100,Rack_1,49,1,a&w_small,0.8437926173210144,1044,6,1089,149,1066,77
frame_100,Rack_1,52,1,a&w_small,0.9042003154754639,996,3,1042,149,1019,76
frame_100,Rack_1,42,1,a&w_small,0.8776999711990356,950,5,994,151,972,78
frame_100,Rack_1,59,1,a&w_small,0.8437770009040833,903,5,946,153,924,79
frame_100,Rack_1,35,4,coke_small,0.8624106645584106,858,8,901,155,879,81
frame_100,Rack_1,36,4,coke_small,0.9073240160942078,811,13,855,155,833,84
frame_100,Rack_1,37,4,coke_small,0.8564770817756653,773,16,810,155,791,85
frame_100,Rack_1,47,4,coke_small,0.86411452293396,731,12,771,159,751,85
frame_100,Rack_1,46,4,coke_small,0.8818237781524658,688,13,730,159,709,86
frame_100,Rack_1,18,4,coke_small,0.9425327181816101,645,13,686,161,665,87
frame_100,Rack_1,41,17,sprite_small,0.9206388592720032,602,14,644,163,623,88
frame_100,Rack_1,51,17,sprite_small,0.9022586345672607,562,14,602,164,582,89
frame_100,Rack_1,32,17,sprite_small,0.9541140794754028,524,14,562,162,543,88
frame_100,Rack_1,28,17,sprite_small,0.9290329217910767,481,13,523,163,502,88
frame_100,Rack_1,23,9,empty,0.8049101829528809,297,12,478,164,387,88
frame_100,Rack_1,38,0,7up_med,0.8154419660568237,162,24,217,195,189,109
frame_100,Rack_1,34,0,7up_med,0.8934957385063171,107,24,160,196,133,110
frame_100,Rack_1,53,0,7up_med,0.8542112112045288,62,21,109,199,85,110
frame_100,Rack_1,58,0,7up_med,0.6604282259941101,16,28,60,199,38,113
frame_101,Rack_1,14,1,a&w_small,0.8806874752044678,1184,8,1238,144,1211,76
frame_101,Rack_1,56,1,a&w_small,0.8615536689758301,1137,5,1178,146,1157,75
frame_101,Rack_1,55,1,a&w_small,0.7612733840942383,1093,5,1136,146,1114,75
frame_101,Rack_1,49,1,a&w_small,0.8654391169548035,1045,6,1090,149,1067,77
frame_101,Rack_1,52,1,a&w_small,0.9052777886390686,997,3,1042,148,1019,75
frame_101,Rack_1,42,1,a&w_small,0.8890482783317566,950,5,994,150,972,77
frame_101,Rack_1,59,1,a&w_small,0.864054799079895,903,5,946,152,924,78
frame_101,Rack_1,35,4,coke_small,0.8644774556159973,858,8,901,155,879,81
frame_101,Rack_1,36,4,coke_small,0.9003506302833557,812,13,855,154,833,83
frame_101,Rack_1,37,4,coke_small,0.8409149646759033,773,15,810,155,791,85
frame_101,Rack_1,47,4,coke_small,0.865024745464325,732,13,771,157,751,85
frame_101,Rack_1,46,4,coke_small,0.8759494423866272,688,13,730,159,709,86
frame_101,Rack_1,18,4,coke_small,0.9449228048324585,645,12,686,161,665,86
frame_101,Rack_1,41,17,sprite_small,0.9114026427268982,602,13,644,164,623,88
frame_101,Rack_1,51,17,sprite_small,0.8904081583023071,562,14,602,164,582,89
frame_101,Rack_1,32,17,sprite_small,0.9486727118492126,524,14,562,162,543,88
frame_101,Rack_1,28,17,sprite_small,0.934717059135437,481,12,524,163,502,87
frame_101,Rack_1,23,9,empty,0.7980766296386719,298,12,478,164,388,88
frame_101,Rack_1,38,0,7up_med,0.8000871539115906,162,24,217,195,189,109
frame_101,Rack_1,34,0,7up_med,0.8845831155776978,107,24,160,196,133,110
frame_101,Rack_1,53,0,7up_med,0.8495191931724548,62,20,109,198,85,109
frame_101,Rack_1,58,0,7up_med,0.6494051814079285,17,28,61,200,39,114
frame_102,Rack_1,14,1,a&w_small,0.8923707604408264,1185,8,1239,144,1212,76
frame_102,Rack_1,56,1,a&w_small,0.865944504737854,1138,5,1178,145,1158,75
frame_102,Rack_1,55,1,a&w_small,0.7737122774124146,1093,5,1136,145,1114,75
frame_102,Rack_1,49,1,a&w_small,0.8663175106048584,1045,6,1090,148,1067,77
frame_102,Rack_1,52,1,a&w_small,0.8895456194877625,997,4,1042,148,1019,76
frame_102,Rack_1,42,1,a&w_small,0.8933334946632385,950,4,994,150,972,77
frame_102,Rack_1,59,1,a&w_small,0.852676272392273,903,5,947,153,925,79
frame_102,Rack_1,35,4,coke_small,0.8414303660392761,859,7,902,154,880,80
frame_102,Rack_1,36,4,coke_small,0.875146210193634,813,13,856,154,834,83
frame_102,Rack_1,37,4,coke_small,0.8419415354728699,773,14,811,156,792,85
frame_102,Rack_1,47,4,coke_small,0.8701357245445251,732,14,771,157,751,85
frame_102,Rack_1,46,4,coke_small,0.8653585314750671,689,13,730,159,709,86
frame_102,Rack_1,18,4,coke_small,0.9492486119270325,645,12,687,160,666,86
frame_102,Rack_1,41,17,sprite_small,0.9018035531044006,603,13,645,164,624,88
frame_102,Rack_1,51,17,sprite_small,0.8787915110588074,563,14,602,164,582,89
frame_102,Rack_1,32,17,sprite_small,0.9539099931716919,525,14,563,162,544,88
frame_102,Rack_1,28,17,sprite_small,0.9281229376792908,481,12,524,164,502,88
frame_102,Rack_1,23,9,empty,0.7789686918258667,301,11,481,164,391,87
frame_102,Rack_1,38,0,7up_med,0.7879295945167542,162,24,217,194,189,109
frame_102,Rack_1,34,0,7up_med,0.8848645687103271,108,23,161,195,134,109
frame_102,Rack_1,53,0,7up_med,0.8585965633392334,63,18,110,198,86,108
frame_102,Rack_1,58,0,7up_med,0.6666337251663208,16,27,61,199,38,113
frame_103,Rack_1,14,1,a&w_small,0.9255825281143188,1185,9,1239,143,1212,76
frame_103,Rack_1,56,1,a&w_small,0.8557683825492859,1139,5,1179,144,1159,74
frame_103,Rack_1,55,1,a&w_small,0.7930219173431396,1094,5,1137,145,1115,75
frame_103,Rack_1,49,1,a&w_small,0.8435793519020081,1046,6,1091,148,1068,77
frame_103,Rack_1,52,1,a&w_small,0.8856533169746399,998,4,1043,148,1020,76
frame_103,Rack_1,42,1,a&w_small,0.8997125625610352,950,5,994,150,972,77
frame_103,Rack_1,59,1,a&w_small,0.8519563674926758,904,4,947,152,925,78
frame_103,Rack_1,35,4,coke_small,0.8282380104064941,859,7,902,154,880,80
frame_103,Rack_1,36,4,coke_small,0.8760749101638794,814,13,857,154,835,83
frame_103,Rack_1,37,4,coke_small,0.8548345565795898,774,14,812,157,793,85
frame_103,Rack_1,47,4,coke_small,0.8658033013343811,733,13,772,156,752,84
frame_103,Rack_1,46,4,coke_small,0.8633914589881897,689,13,731,159,710,86
frame_103,Rack_1,18,4,coke_small,0.941502571105957,646,12,688,160,667,86
frame_103,Rack_1,41,17,sprite_small,0.8713546395301819,603,12,645,164,624,88
frame_103,Rack_1,51,17,sprite_small,0.8487779498100281,563,13,603,164,583,88
frame_103,Rack_1,32,17,sprite_small,0.9530770778656006,525,14,563,162,544,88
frame_103,Rack_1,28,17,sprite_small,0.9424723386764526,482,12,524,163,503,87
frame_103,Rack_1,23,9,empty,0.8061566948890686,302,11,480,163,391,87
frame_103,Rack_1,38,0,7up_med,0.8062897324562073,162,23,217,194,189,108
frame_103,Rack_1,34,0,7up_med,0.8813146352767944,108,23,161,195,134,109
frame_103,Rack_1,53,0,7up_med,0.8443004488945007,63,18,110,198,86,108
frame_103,Rack_1,58,0,7up_med,0.718216061592102,16,27,61,199,38,113
frame_104,Rack_1,14,1,a&w_small,0.9427798390388489,1186,9,1239,142,1212,75
frame_104,Rack_1,56,1,a&w_small,0.8301059007644653,1139,5,1180,144,1159,74
frame_104,Rack_1,55,1,a&w_small,0.8206584453582764,1094,5,1138,145,1116,75
frame_104,Rack_1,49,1,a&w_small,0.8314843773841858,1046,6,1091,147,1068,76
frame_104,Rack_1,52,1,a&w_small,0.8828262686729431,998,5,1043,148,1020,76
frame_104,Rack_1,42,1,a&w_small,0.8984651565551758,951,5,995,150,973,77
frame_104,Rack_1,59,1,a&w_small,0.834817111492157,904,4,947,152,925,78
frame_104,Rack_1,35,4,coke_small,0.7753080129623413,860,7,903,154,881,80
frame_104,Rack_1,36,4,coke_small,0.8567265272140503,815,13,858,154,836,83
frame_104,Rack_1,37,4,coke_small,0.8685525059700012,774,13,813,157,793,85
frame_104,Rack_1,47,4,coke_small,0.8807121515274048,733,12,772,157,752,84
frame_104,Rack_1,46,4,coke_small,0.86026930809021,689,13,731,159,710,86
frame_104,Rack_1,18,4,coke_small,0.9387711882591248,646,12,688,160,667,86
frame_104,Rack_1,41,17,sprite_small,0.8666042685508728,604,12,646,164,625,88
frame_104,Rack_1,51,17,sprite_small,0.8578482270240784,564,13,603,164,583,88
frame_104,Rack_1,32,17,sprite_small,0.9483866691589355,525,13,563,162,544,87
frame_104,Rack_1,28,17,sprite_small,0.9376544952392578,482,11,525,163,503,87
frame_104,Rack_1,23,9,empty,0.7780749201774597,305,11,483,164,394,87
frame_104,Rack_1,38,0,7up_med,0.8137679696083069,162,23,217,193,189,108
frame_104,Rack_1,34,0,7up_med,0.875297486782074,109,22,162,195,135,108
frame_104,Rack_1,53,0,7up_med,0.8445224165916443,64,19,110,198,87,108
frame_104,Rack_1,58,0,7up_med,0.7372725605964661,16,28,61,198,38,113
frame_105,Rack_1,14,1,a&w_small,0.9364492893218994,1186,9,1240,142,1213,75
frame_105,Rack_1,56,1,a&w_small,0.7989141345024109,1140,5,1180,144,1160,74
frame_105,Rack_1,55,1,a&w_small,0.8277391195297241,1095,5,1138,145,1116,75
frame_105,Rack_1,49,1,a&w_small,0.8606561422348022,1047,6,1092,147,1069,76
frame_105,Rack_1,52,1,a&w_small,0.8994718194007874,999,5,1044,148,1021,76
frame_105,Rack_1,42,1,a&w_small,0.918423056602478,951,5,996,149,973,77
frame_105,Rack_1,59,1,a&w_small,0.8694690465927124,905,5,948,151,926,78
frame_105,Rack_1,35,4,coke_small,0.7363852262496948,861,7,904,153,882,80
frame_105,Rack_1,36,4,coke_small,0.8476783633232117,816,13,859,153,837,83
frame_105,Rack_1,37,4,coke_small,0.8820949196815491,775,13,813,157,794,85
frame_105,Rack_1,47,4,coke_small,0.8825463056564331,733,13,773,156,753,84
frame_105,Rack_1,46,4,coke_small,0.8541653752326965,690,12,731,158,710,85
frame_105,Rack_1,18,4,coke_small,0.9185113310813904,647,11,688,159,667,85
frame_105,Rack_1,41,17,sprite_small,0.8446165323257446,605,12,647,163,626,87
frame_105,Rack_1,51,17,sprite_small,0.8372438549995422,564,12,604,164,584,88
frame_105,Rack_1,32,17,sprite_small,0.9467440843582153,525,13,564,162,544,87
frame_105,Rack_1,28,17,sprite_small,0.9404383897781372,483,11,525,163,504,87
frame_105,Rack_1,23,9,empty,0.7906034588813782,306,11,483,163,394,87
frame_105,Rack_1,38,0,7up_med,0.8285401463508606,163,23,218,193,190,108
frame_105,Rack_1,34,0,7up_med,0.878874659538269,109,22,162,195,135,108
frame_105,Rack_1,53,0,7up_med,0.8622416257858276,64,20,110,199,87,109
frame_105,Rack_1,58,0,7up_med,0.7133029103279114,16,28,61,198,38,113
frame_106,Rack_1,14,1,a&w_small,0.9488016963005066,1187,9,1241,142,1214,75
frame_106,Rack_1,56,1,a&w_small,0.8207840323448181,1142,6,1182,143,1162,74
frame_106,Rack_1,55,1,a&w_small,0.8340238928794861,1096,5,1139,145,1117,75
frame_106,Rack_1,49,1,a&w_small,0.885789692401886,1047,6,1092,146,1069,76
frame_106,Rack_1,52,1,a&w_small,0.8876709938049316,999,5,1045,148,1022,76
frame_106,Rack_1,42,1,a&w_small,0.9044992327690125,952,5,997,149,974,77
frame_106,Rack_1,59,1,a&w_small,0.8634194731712341,906,6,949,151,927,78
frame_106,Rack_1,35,4,coke_small,0.7664268612861633,862,7,905,153,883,80
frame_106,Rack_1,36,4,coke_small,0.8362917900085449,816,12,860,153,838,82
frame_106,Rack_1,37,4,coke_small,0.9030582904815674,775,13,814,157,794,85
frame_106,Rack_1,47,4,coke_small,0.8810133934020996,734,12,774,157,754,84
frame_106,Rack_1,46,4,coke_small,0.8487372994422913,690,11,732,158,711,84
frame_106,Rack_1,18,4,coke_small,0.9159879088401794,647,11,689,159,668,85
frame_106,Rack_1,41,17,sprite_small,0.8129285573959351,605,12,647,163,626,87
frame_106,Rack_1,51,17,sprite_small,0.8560300469398499,565,11,605,164,585,87
frame_106,Rack_1,32,17,sprite_small,0.9433633089065552,526,13,564,163,545,88
frame_106,Rack_1,28,17,sprite_small,0.9286019206047058,483,11,526,163,504,87
frame_106,Rack_1,23,9,empty,0.7660475969314575,306,11,484,164,395,87
frame_106,Rack_1,38,0,7up_med,0.8467515110969543,163,24,218,193,190,108
frame_106,Rack_1,34,0,7up_med,0.8666356801986694,109,22,162,195,135,108
frame_106,Rack_1,53,0,7up_med,0.8694155216217041,65,21,111,198,88,109
frame_106,Rack_1,58,0,7up_med,0.7349364757537842,17,28,61,198,39,113
frame_107,Rack_1,14,1,a&w_small,0.9506739377975464,1189,9,1243,142,1216,75
frame_107,Rack_1,56,1,a&w_small,0.8379071950912476,1144,6,1184,143,1164,74
frame_107,Rack_1,55,1,a&w_small,0.8608254790306091,1097,6,1141,144,1119,75
frame_107,Rack_1,49,1,a&w_small,0.883270800113678,1048,6,1093,146,1070,76
frame_107,Rack_1,52,1,a&w_small,0.8685283660888672,1000,5,1045,148,1022,76
frame_107,Rack_1,42,1,a&w_small,0.9064704179763794,953,4,998,149,975,76
frame_107,Rack_1,59,1,a&w_small,0.8882449269294739,907,6,950,151,928,78
frame_107,Rack_1,35,4,coke_small,0.7125975489616394,862,8,905,153,883,80
frame_107,Rack_1,36,4,coke_small,0.8394272327423096,816,11,860,154,838,82
frame_107,Rack_1,37,4,coke_small,0.9100466370582581,776,13,815,156,795,84
frame_107,Rack_1,47,4,coke_small,0.8834110498428345,734,11,774,157,754,84
frame_107,Rack_1,46,4,coke_small,0.8462039828300476,690,11,732,158,711,84
frame_107,Rack_1,18,4,coke_small,0.92535799741745,648,11,689,159,668,85
frame_107,Rack_1,41,17,sprite_small,0.8176456689834595,606,12,648,163,627,87
frame_107,Rack_1,51,17,sprite_small,0.872721791267395,565,11,605,164,585,87
frame_107,Rack_1,32,17,sprite_small,0.9482011795043945,527,13,565,162,546,87
frame_107,Rack_1,28,17,sprite_small,0.9228680729866028,484,13,526,163,505,88
frame_107,Rack_1,23,9,empty,0.7678160071372986,306,11,484,166,395,88
frame_107,Rack_1,38,0,7up_med,0.8342025279998779,164,25,219,193,191,109
frame_107,Rack_1,34,0,7up_med,0.8754902482032776,110,23,162,195,136,109
frame_107,Rack_1,53,0,7up_med,0.8682894706726074,65,22,111,198,88,110
frame_107,Rack_1,58,0,7up_med,0.7769984602928162,17,28,62,198,39,113
frame_108,Rack_1,14,1,a&w_small,0.9547192454338074,1190,9,1244,141,1217,75
frame_108,Rack_1,56,1,a&w_small,0.8607650995254517,1145,6,1185,142,1165,74
frame_108,Rack_1,72,1,a&w_small,0.7217710018157959,1112,6,1145,144,1128,75
frame_108,Rack_1,55,1,a&w_small,0.8556926846504211,1099,6,1142,144,1120,75
frame_108,Rack_1,49,1,a&w_small,0.8736284375190735,1049,6,1094,145,1071,75
frame_108,Rack_1,52,1,a&w_small,0.8840067386627197,1001,5,1046,148,1023,76
frame_108,Rack_1,42,1,a&w_small,0.9036658406257629,954,4,999,148,976,76
frame_108,Rack_1,59,1,a&w_small,0.8783803582191467,908,5,951,150,929,77
frame_108,Rack_1,35,4,coke_small,0.6753479838371277,863,8,906,152,884,80
frame_108,Rack_1,36,4,coke_small,0.8514450788497925,817,10,861,154,839,82
frame_108,Rack_1,37,4,coke_small,0.9104721546173096,777,13,815,156,796,84
frame_108,Rack_1,47,4,coke_small,0.8719042539596558,735,11,775,157,755,84
frame_108,Rack_1,46,4,coke_small,0.847064733505249,691,10,733,158,712,84
frame_108,Rack_1,18,4,coke_small,0.9430239200592041,648,11,690,159,669,85
frame_108,Rack_1,41,17,sprite_small,0.8298968076705933,607,12,648,161,627,86
frame_108,Rack_1,51,17,sprite_small,0.8439425826072693,566,11,606,162,586,86
frame_108,Rack_1,32,17,sprite_small,0.9575102925300598,528,13,566,161,547,87
frame_108,Rack_1,28,17,sprite_small,0.9148020148277283,485,13,526,161,505,87
frame_108,Rack_1,23,9,empty,0.7723950743675232,306,11,483,165,394,88
frame_108,Rack_1,38,0,7up_med,0.853028416633606,165,25,219,193,192,109
frame_108,Rack_1,34,0,7up_med,0.8794059157371521,111,23,163,195,137,109
frame_108,Rack_1,53,0,7up_med,0.8584914207458496,66,22,111,198,88,110
frame_108,Rack_1,58,0,7up_med,0.7565078139305115,17,27,62,198,39,112
frame_109,Rack_1,14,1,a&w_small,0.9539216756820679,1191,9,1245,141,1218,75
frame_109,Rack_1,56,1,a&w_small,0.8605445623397827,1146,6,1185,142,1165,74
frame_109,Rack_1,55,1,a&w_small,0.8484623432159424,1099,6,1142,144,1120,75
frame_109,Rack_1,49,1,a&w_small,0.8572008609771729,1050,6,1094,145,1072,75
frame_109,Rack_1,52,1,a&w_small,0.8827494382858276,1002,5,1047,147,1024,76
frame_109,Rack_1,42,1,a&w_small,0.8900575041770935,955,4,999,148,977,76
frame_109,Rack_1,59,1,a&w_small,0.8811243772506714,909,5,952,150,930,77
frame_109,Rack_1,35,4,coke_small,0.717531144618988,864,8,907,152,885,80
frame_109,Rack_1,36,4,coke_small,0.8651953339576721,817,10,861,154,839,82
frame_109,Rack_1,37,4,coke_small,0.9071747064590454,777,13,816,156,796,84
frame_109,Rack_1,47,4,coke_small,0.8774148225784302,736,11,776,157,756,84
frame_109,Rack_1,46,4,coke_small,0.870700478553772,692,10,734,158,713,84
frame_109,Rack_1,18,4,coke_small,0.936421275138855,649,11,690,159,669,85
frame_109,Rack_1,41,17,sprite_small,0.8670937418937683,608,12,648,160,628,86
frame_109,Rack_1,51,17,sprite_small,0.8355913162231445,567,11,606,160,586,85
frame_109,Rack_1,32,17,sprite_small,0.9606313705444336,528,13,566,160,547,86
frame_109,Rack_1,28,17,sprite_small,0.9204482436180115,485,12,527,160,506,86
frame_109,Rack_1,23,9,empty,0.7621655464172363,307,10,482,163,394,86
frame_109,Rack_1,38,0,7up_med,0.86566561460495,165,25,219,193,192,109
frame_109,Rack_1,34,0,7up_med,0.878218412399292,111,22,163,194,137,108
frame_109,Rack_1,53,0,7up_med,0.8455865979194641,66,20,111,198,88,109
frame_109,Rack_1,58,0,7up_med,0.8006786108016968,18,25,63,198,40,111
frame_110,Rack_1,14,1,a&w_small,0.9056587219238281,1192,9,1247,141,1219,75
frame_110,Rack_1,56,1,a&w_small,0.853841245174408,1147,6,1186,142,1166,74
frame_110,Rack_1,55,1,a&w_small,0.8591694235801697,1100,6,1144,144,1122,75
frame_110,Rack_1,49,1,a&w_small,0.8328365683555603,1051,6,1095,144,1073,75
frame_110,Rack_1,52,1,a&w_small,0.8830009698867798,1003,5,1048,147,1025,76
frame_110,Rack_1,42,1,a&w_small,0.8830611109733582,956,4,1001,149,978,76
frame_110,Rack_1,59,1,a&w_small,0.8705523610115051,910,5,953,150,931,77
frame_110,Rack_1,35,4,coke_small,0.6844290494918823,865,8,908,152,886,80
frame_110,Rack_1,36,4,coke_small,0.8565292954444885,818,10,862,154,840,82
frame_110,Rack_1,37,4,coke_small,0.9050953984260559,778,12,816,156,797,84
frame_110,Rack_1,47,4,coke_small,0.8704288005828857,736,11,777,157,756,84
frame_110,Rack_1,46,4,coke_small,0.8702625632286072,693,10,735,158,714,84
frame_110,Rack_1,18,4,coke_small,0.944904088973999,650,12,691,158,670,85
frame_110,Rack_1,41,17,sprite_small,0.8467940092086792,608,12,649,159,628,85
frame_110,Rack_1,51,17,sprite_small,0.8230471611022949,567,11,607,160,587,85
frame_110,Rack_1,32,17,sprite_small,0.9534109234809875,529,13,567,160,548,86
frame_110,Rack_1,28,17,sprite_small,0.9150473475456238,486,12,527,160,506,86
frame_110,Rack_1,23,9,empty,0.7352715134620667,306,11,481,163,393,87
frame_110,Rack_1,38,0,7up_med,0.8690025210380554,166,26,220,193,193,109
frame_110,Rack_1,34,0,7up_med,0.8796023726463318,111,22,163,194,137,108
frame_110,Rack_1,53,0,7up_med,0.8238368034362793,66,20,112,198,89,109
frame_110,Rack_1,58,0,7up_med,0.8101444244384766,17,25,63,198,40,111
frame_111,Rack_1,14,1,a&w_small,0.9113066792488098,1193,9,1248,140,1220,74
frame_111,Rack_1,56,1,a&w_small,0.8778931498527527,1147,5,1187,142,1167,73
frame_111,Rack_1,55,1,a&w_small,0.8693867921829224,1101,6,1145,143,1123,74
frame_111,Rack_1,49,1,a&w_small,0.8321624994277954,1052,6,1096,144,1074,75
frame_111,Rack_1,52,1,a&w_small,0.8817837238311768,1004,5,1049,146,1026,75
frame_111,Rack_1,42,1,a&w_small,0.8926146030426025,956,5,1001,148,978,76
frame_111,Rack_1,59,1,a&w_small,0.8676013350486755,911,6,953,150,932,78
frame_111,Rack_1,35,4,coke_small,0.6999568939208984,865,8,908,152,886,80
frame_111,Rack_1,36,4,coke_small,0.8510496020317078,819,10,863,153,841,81
frame_111,Rack_1,37,4,coke_small,0.9047632813453674,778,12,817,155,797,83
frame_111,Rack_1,47,4,coke_small,0.8675726652145386,737,10,777,157,757,83
frame_111,Rack_1,46,4,coke_small,0.8788056969642639,694,9,736,158,715,83
frame_111,Rack_1,18,4,coke_small,0.9328213930130005,651,13,692,157,671,85
frame_111,Rack_1,41,17,sprite_small,0.8762428760528564,609,12,649,158,629,85
frame_111,Rack_1,51,17,sprite_small,0.8304803967475891,568,12,607,159,587,85
frame_111,Rack_1,32,17,sprite_small,0.9523798227310181,529,13,567,159,548,86
frame_111,Rack_1,28,17,sprite_small,0.917262613773346,486,12,527,159,506,85
frame_111,Rack_1,23,9,empty,0.7378610372543335,306,11,481,163,393,87
frame_111,Rack_1,38,0,7up_med,0.8826147317886353,166,26,220,193,193,109
frame_111,Rack_1,34,0,7up_med,0.8746793866157532,112,22,164,194,138,108
frame_111,Rack_1,53,0,7up_med,0.8033687472343445,67,20,113,197,90,108
frame_111,Rack_1,58,0,7up_med,0.7938206791877747,18,24,64,198,41,111
frame_112,Rack_1,14,1,a&w_small,0.9371798634529114,1193,10,1248,140,1220,75
frame_112,Rack_1,67,1,a&w_small,0.7114219069480896,1189,7,1233,141,1211,74
frame_112,Rack_1,56,1,a&w_small,0.8760201930999756,1148,6,1187,141,1167,73
frame_112,Rack_1,55,1,a&w_small,0.9019263982772827,1101,5,1145,143,1123,74
frame_112,Rack_1,49,1,a&w_small,0.8510807752609253,1053,6,1098,144,1075,75
frame_112,Rack_1,52,1,a&w_small,0.8391488790512085,1006,4,1050,145,1028,74
frame_112,Rack_1,42,1,a&w_small,0.8984633088111877,957,5,1002,148,979,76
frame_112,Rack_1,59,1,a&w_small,0.8972651362419128,911,5,954,149,932,77
frame_112,Rack_1,35,4,coke_small,0.685741126537323,866,8,909,152,887,80
frame_112,Rack_1,36,4,coke_small,0.8510363101959229,819,9,864,153,841,81
frame_112,Rack_1,37,4,coke_small,0.9012414216995239,779,12,818,155,798,83
frame_112,Rack_1,47,4,coke_small,0.8702918291091919,738,10,778,156,758,83
frame_112,Rack_1,46,4,coke_small,0.8795245885848999,694,9,736,157,715,83
frame_112,Rack_1,18,4,coke_small,0.9444955587387085,652,12,693,158,672,85
frame_112,Rack_1,41,17,sprite_small,0.8508696556091309,609,12,650,159,629,85
frame_112,Rack_1,51,17,sprite_small,0.8101859092712402,569,11,608,160,588,85
frame_112,Rack_1,32,17,sprite_small,0.9541711211204529,530,12,568,160,549,86
frame_112,Rack_1,28,17,sprite_small,0.9029157161712646,486,12,528,160,507,86
frame_112,Rack_1,23,9,empty,0.7888026833534241,308,11,482,163,395,87
frame_112,Rack_1,38,0,7up_med,0.9134013652801514,167,26,220,193,193,109
frame_112,Rack_1,34,0,7up_med,0.8910313844680786,113,23,164,194,138,108
frame_112,Rack_1,53,0,7up_med,0.7742334008216858,67,23,112,196,89,109
frame_112,Rack_1,58,0,7up_med,0.8246316313743591,20,28,65,198,42,113
frame_113,Rack_1,14,1,a&w_small,0.8693205118179321,1195,9,1250,140,1222,74
frame_113,Rack_1,56,1,a&w_small,0.8573632836341858,1149,6,1189,142,1169,74
frame_113,Rack_1,55,1,a&w_small,0.8691642880439758,1103,6,1146,143,1124,74
frame_113,Rack_1,49,1,a&w_small,0.8449399471282959,1055,7,1099,143,1077,75
frame_113,Rack_1,52,1,a&w_small,0.8184843063354492,1007,5,1051,144,1029,74
frame_113,Rack_1,42,1,a&w_small,0.8709644675254822,958,5,1003,147,980,76
frame_113,Rack_1,59,1,a&w_small,0.9089382290840149,912,5,955,149,933,77
frame_113,Rack_1,35,4,coke_small,0.658615231513977,867,7,910,151,888,79
frame_113,Rack_1,36,4,coke_small,0.839235246181488,821,9,865,153,843,81
frame_113,Rack_1,37,4,coke_small,0.8970456719398499,780,12,819,155,799,83
frame_113,Rack_1,47,4,coke_small,0.8585598468780518,739,10,779,156,759,83
frame_113,Rack_1,46,4,coke_small,0.8728449940681458,696,9,738,157,717,83
frame_113,Rack_1,18,4,coke_small,0.9385707974433899,653,13,694,157,673,85
frame_113,Rack_1,41,17,sprite_small,0.80033278465271,610,12,650,158,630,85
frame_113,Rack_1,51,17,sprite_small,0.837168276309967,570,12,610,159,590,85
frame_113,Rack_1,32,17,sprite_small,0.9444695711135864,530,12,569,159,549,85
frame_113,Rack_1,28,17,sprite_small,0.9147009253501892,488,12,529,159,508,85
frame_113,Rack_1,23,9,empty,0.7411305904388428,310,11,483,162,396,86
frame_113,Rack_1,38,0,7up_med,0.8852869272232056,167,25,221,193,194,109
frame_113,Rack_1,34,0,7up_med,0.9030115604400635,113,22,165,194,139,108
frame_113,Rack_1,53,0,7up_med,0.834871768951416,68,23,112,196,90,109
frame_113,Rack_1,58,0,7up_med,0.8540510535240173,20,26,66,197,43,111
frame_114,Rack_1,14,1,a&w_small,0.872746467590332,1198,10,1253,139,1225,74
frame_114,Rack_1,56,1,a&w_small,0.8310615420341492,1151,6,1191,142,1171,74
frame_114,Rack_1,55,1,a&w_small,0.8635721802711487,1104,6,1148,143,1126,74
frame_114,Rack_1,49,1,a&w_small,0.8522480130195618,1056,8,1100,143,1078,75
frame_114,Rack_1,52,1,a&w_small,0.8052189350128174,1007,4,1052,144,1029,74
frame_114,Rack_1,42,1,a&w_small,0.8542781472206116,959,5,1004,147,981,76
frame_114,Rack_1,59,1,a&w_small,0.9098697900772095,913,5,956,148,934,76
frame_114,Rack_1,35,4,coke_small,0.6554738879203796,869,7,911,150,890,78
frame_114,Rack_1,36,4,coke_small,0.8443141579627991,822,9,866,152,844,80
frame_114,Rack_1,37,4,coke_small,0.9005631804466248,781,12,820,153,800,82
frame_114,Rack_1,47,4,coke_small,0.8641193509101868,741,10,780,155,760,82
frame_114,Rack_1,46,4,coke_small,0.8659471273422241,697,9,739,157,718,83
frame_114,Rack_1,18,4,coke_small,0.9350606799125671,654,13,695,156,674,84
frame_114,Rack_1,41,17,sprite_small,0.79011470079422,611,12,651,157,631,84
frame_114,Rack_1,51,17,sprite_small,0.8254578113555908,572,12,611,159,591,85
frame_114,Rack_1,32,17,sprite_small,0.9422720670700073,531,11,569,158,550,84
frame_114,Rack_1,28,17,sprite_small,0.9374271631240845,489,11,530,158,509,84
frame_114,Rack_1,23,9,empty,0.7297433018684387,312,10,485,162,398,86
frame_114,Rack_1,38,0,7up_med,0.8582561612129211,168,26,222,193,195,109
frame_114,Rack_1,34,0,7up_med,0.8983246088027954,114,22,166,194,140,108
frame_114,Rack_1,53,0,7up_med,0.8024766445159912,68,22,113,195,90,108
frame_114,Rack_1,58,0,7up_med,0.7993745803833008,20,23,66,197,43,110
frame_115,Rack_1,14,1,a&w_small,0.8060092926025391,1199,10,1254,139,1226,74
frame_115,Rack_1,56,1,a&w_small,0.8535311818122864,1153,6,1192,142,1172,74
frame_115,Rack_1,55,1,a&w_small,0.8823925852775574,1106,6,1150,143,1128,74
frame_115,Rack_1,49,1,a&w_small,0.8715540766716003,1058,8,1102,143,1080,75
frame_115,Rack_1,52,1,a&w_small,0.8466047048568726,1009,5,1053,144,1031,74
frame_115,Rack_1,42,1,a&w_small,0.8721556663513184,960,6,1005,147,982,76
frame_115,Rack_1,59,1,a&w_small,0.9108660221099854,914,5,957,148,935,76
frame_115,Rack_1,35,4,coke_small,0.6648616790771484,870,7,913,150,891,78
frame_115,Rack_1,36,4,coke_small,0.87419193983078,823,9,867,152,845,80
frame_115,Rack_1,37,4,coke_small,0.8804259896278381,782,13,821,152,801,82
frame_115,Rack_1,47,4,coke_small,0.8958482146263123,741,10,781,155,761,82
frame_115,Rack_1,46,4,coke_small,0.8766776919364929,698,10,740,155,719,82
frame_115,Rack_1,18,4,coke_small,0.9231655597686768,655,13,696,155,675,84
frame_115,Rack_1,41,17,sprite_small,0.7022595405578613,612,12,652,156,632,84
frame_115,Rack_1,51,17,sprite_small,0.8317045569419861,573,12,612,158,592,85
frame_115,Rack_1,32,17,sprite_small,0.9302892684936523,532,11,570,158,551,84
frame_115,Rack_1,28,17,sprite_small,0.9502702951431274,490,11,532,158,511,84
frame_115,Rack_1,23,9,empty,0.7590979933738708,312,10,484,161,398,85
frame_115,Rack_1,38,0,7up_med,0.8360769152641296,168,25,222,193,195,109
frame_115,Rack_1,34,0,7up_med,0.8762021064758301,115,21,167,194,141,107
frame_115,Rack_1,53,0,7up_med,0.8256099224090576,70,22,115,196,92,109
frame_115,Rack_1,58,0,7up_med,0.7969624400138855,21,23,68,197,44,110
frame_116,Rack_1,14,1,a&w_small,0.8342751860618591,1199,10,1254,138,1226,74
frame_116,Rack_1,56,1,a&w_small,0.8604904413223267,1154,6,1194,142,1174,74
frame_116,Rack_1,55,1,a&w_small,0.8678763508796692,1107,6,1151,143,1129,74
frame_116,Rack_1,49,1,a&w_small,0.8856380581855774,1060,8,1104,143,1082,75
frame_116,Rack_1,52,1,a&w_small,0.8714922666549683,1011,5,1056,144,1033,74
frame_116,Rack_1,42,1,a&w_small,0.8927682042121887,963,6,1008,146,985,76
frame_116,Rack_1,59,1,a&w_small,0.8958660364151001,916,4,959,148,937,76
frame_116,Rack_1,35,4,coke_small,0.6680955290794373,871,7,913,149,892,78
frame_116,Rack_1,36,4,coke_small,0.8879963159561157,824,9,868,152,846,80
frame_116,Rack_1,37,4,coke_small,0.8864853382110596,783,11,822,153,802,82
frame_116,Rack_1,47,4,coke_small,0.8946254849433899,742,9,782,155,762,82
frame_116,Rack_1,46,4,coke_small,0.890070915222168,699,9,741,154,720,81
frame_116,Rack_1,18,4,coke_small,0.925108790397644,656,13,697,154,676,83
frame_116,Rack_1,41,17,sprite_small,0.7152280807495117,614,12,654,156,634,84
frame_116,Rack_1,51,17,sprite_small,0.8376160860061646,574,10,613,158,593,84
frame_116,Rack_1,32,17,sprite_small,0.922710657119751,533,10,571,157,552,83
frame_116,Rack_1,28,17,sprite_small,0.9583250284194946,491,11,532,157,511,84
frame_116,Rack_1,23,9,empty,0.7432335615158081,312,10,484,161,398,85
frame_116,Rack_1,38,0,7up_med,0.8441020250320435,169,25,223,193,196,109
frame_116,Rack_1,34,0,7up_med,0.8727322220802307,117,16,170,194,143,105
frame_116,Rack_1,53,0,7up_med,0.8250414133071899,71,21,116,196,93,108
frame_116,Rack_1,58,0,7up_med,0.7376591563224792,23,23,70,197,46,110
frame_116,Rack_1,75,0,7up_med,0.7928560972213745,0,21,19,197,9,109
frame_117,Rack_1,14,1,a&w_small,0.7987469434738159,1201,10,1256,138,1228,74
frame_117,Rack_1,56,1,a&w_small,0.8712906837463379,1155,5,1196,141,1175,73
frame_117,Rack_1,55,1,a&w_small,0.8908874988555908,1109,6,1153,143,1131,74
frame_117,Rack_1,49,1,a&w_small,0.8623149991035461,1061,8,1106,143,1083,75
frame_117,Rack_1,52,1,a&w_small,0.8689849376678467,1013,5,1058,144,1035,74
frame_117,Rack_1,42,1,a&w_small,0.9085341691970825,965,6,1010,145,987,75
frame_117,Rack_1,59,1,a&w_small,0.8839871883392334,917,4,961,147,939,75
frame_117,Rack_1,35,4,coke_small,0.6432820558547974,872,7,914,149,893,78
frame_117,Rack_1,36,4,coke_small,0.903209388256073,825,9,869,151,847,80
frame_117,Rack_1,37,4,coke_small,0.8687502145767212,784,11,823,153,803,82
frame_117,Rack_1,47,4,coke_small,0.8984386920928955,743,9,783,155,763,82
frame_117,Rack_1,46,4,coke_small,0.8532533645629883,701,9,742,154,721,81
frame_117,Rack_1,18,4,coke_small,0.9248222708702087,657,13,698,155,677,84
frame_117,Rack_1,41,17,sprite_small,0.8135954737663269,615,12,655,156,635,84
frame_117,Rack_1,51,17,sprite_small,0.8563936352729797,575,9,614,158,594,83
frame_117,Rack_1,32,17,sprite_small,0.924502432346344,534,11,573,157,553,84
frame_117,Rack_1,28,17,sprite_small,0.9505191445350647,492,10,534,157,513,83
frame_117,Rack_1,23,9,empty,0.7164881229400635,314,10,486,160,400,85
frame_117,Rack_1,38,0,7up_med,0.7913300395011902,171,26,224,193,197,109
frame_117,Rack_1,34,0,7up_med,0.8831149935722351,119,15,172,195,145,105
frame_117,Rack_1,53,0,7up_med,0.8043826222419739,73,21,117,195,95,108
frame_117,Rack_1,58,0,7up_med,0.7280794978141785,24,24,71,197,47,110
frame_117,Rack_1,75,0,7up_med,0.6651304364204407,0,22,19,197,9,109
frame_118,Rack_1,14,1,a&w_small,0.8851451277732849,1203,9,1258,137,1230,73
frame_118,Rack_1,56,1,a&w_small,0.8354088068008423,1158,5,1198,141,1178,73
frame_118,Rack_1,55,1,a&w_small,0.877602756023407,1110,6,1155,142,1132,74
frame_118,Rack_1,49,1,a&w_small,0.8440569639205933,1063,9,1107,142,1085,75
frame_118,Rack_1,52,1,a&w_small,0.8637566566467285,1014,5,1059,144,1036,74
frame_118,Rack_1,42,1,a&w_small,0.9133085012435913,966,6,1011,145,988,75
frame_118,Rack_1,59,1,a&w_small,0.8494851589202881,919,5,962,148,940,76
frame_118,Rack_1,35,4,coke_small,0.6845074892044067,873,7,916,149,894,78
frame_118,Rack_1,36,4,coke_small,0.88984614610672,826,9,870,152,848,80
frame_118,Rack_1,37,4,coke_small,0.8560627698898315,786,10,825,153,805,81
frame_118,Rack_1,47,4,coke_small,0.9004958868026733,745,9,785,155,765,82
frame_118,Rack_1,46,4,coke_small,0.8474850058555603,702,10,743,153,722,81
frame_118,Rack_1,18,4,coke_small,0.9291718602180481,658,12,700,156,679,84
frame_118,Rack_1,41,17,sprite_small,0.843281090259552,616,12,656,156,636,84
frame_118,Rack_1,51,17,sprite_small,0.850784182548523,576,9,616,158,596,83
frame_118,Rack_1,32,17,sprite_small,0.9257010221481323,536,10,574,157,555,83
frame_118,Rack_1,28,17,sprite_small,0.928549587726593,493,10,535,157,514,83
frame_118,Rack_1,23,9,empty,0.720310628414154,314,10,487,161,400,85
frame_118,Rack_1,38,0,7up_med,0.7914420962333679,172,26,226,193,199,109
frame_118,Rack_1,34,0,7up_med,0.8999449014663696,120,15,173,195,146,105
frame_118,Rack_1,53,0,7up_med,0.8436124324798584,74,23,118,195,96,109
frame_118,Rack_1,58,0,7up_med,0.7711557149887085,25,25,72,198,48,111
frame_119,Rack_1,14,1,a&w_small,0.9171757698059082,1205,10,1259,137,1232,73
frame_119,Rack_1,56,1,a&w_small,0.8596300482749939,1160,6,1200,139,1180,72
frame_119,Rack_1,55,1,a&w_small,0.8908271193504333,1112,6,1156,142,1134,74
frame_119,Rack_1,72,1,a&w_small,0.5077837109565735,1105,7,1137,142,1121,74
frame_119,Rack_1,49,1,a&w_small,0.8469920754432678,1064,9,1107,142,1085,75
frame_119,Rack_1,52,1,a&w_small,0.8751674890518188,1015,5,1060,144,1037,74
frame_119,Rack_1,42,1,a&w_small,0.917073130607605,967,7,1012,145,989,76
frame_119,Rack_1,59,1,a&w_small,0.8304335474967957,920,5,963,147,941,76
frame_119,Rack_1,35,4,coke_small,0.6505205631256104,874,7,917,149,895,78
frame_119,Rack_1,36,4,coke_small,0.860059380531311,828,10,872,150,850,80
frame_119,Rack_1,37,4,coke_small,0.8611764907836914,788,10,827,153,807,81
frame_119,Rack_1,47,4,coke_small,0.9057872295379639,746,10,786,155,766,82
frame_119,Rack_1,46,4,coke_small,0.8488444685935974,704,10,745,153,724,81
frame_119,Rack_1,18,4,coke_small,0.9346388578414917,659,11,701,156,680,83
frame_119,Rack_1,41,17,sprite_small,0.8223990201950073,617,12,657,156,637,84
frame_119,Rack_1,51,17,sprite_small,0.8777399659156799,577,9,617,157,597,83
frame_119,Rack_1,32,17,sprite_small,0.910826563835144,537,11,576,157,556,84
frame_119,Rack_1,28,17,sprite_small,0.9038580656051636,495,10,537,157,516,83
frame_119,Rack_1,23,9,empty,0.685355007648468,316,10,488,160,402,85
frame_119,Rack_1,38,0,7up_med,0.8184233903884888,174,26,227,193,200,109
frame_119,Rack_1,34,0,7up_med,0.8981276154518127,122,16,174,195,148,105
frame_119,Rack_1,53,0,7up_med,0.8555721640586853,76,24,120,195,98,109
frame_119,Rack_1,58,0,7up_med,0.7947030663490295,27,27,74,198,50,112
frame_120,Rack_1,14,1,a&w_small,0.921187698841095,1209,10,1263,136,1236,73
frame_120,Rack_1,67,1,a&w_small,0.6425663232803345,1203,8,1246,138,1224,73
frame_120,Rack_1,56,1,a&w_small,0.8661200404167175,1162,6,1202,140,1182,73
frame_120,Rack_1,55,1,a&w_small,0.8634419441223145,1113,6,1157,142,1135,74
frame_120,Rack_1,72,1,a&w_small,0.597385823726654,1099,7,1130,142,1114,74
frame_120,Rack_1,49,1,a&w_small,0.8592170476913452,1065,9,1109,142,1087,75
frame_120,Rack_1,52,1,a&w_small,0.8776979446411133,1017,6,1061,143,1039,74
frame_120,Rack_1,42,1,a&w_small,0.883072555065155,968,7,1013,144,990,75
frame_120,Rack_1,59,1,a&w_small,0.8839467763900757,922,5,965,146,943,75
frame_120,Rack_1,36,4,coke_small,0.8138589859008789,830,10,874,150,852,80
frame_120,Rack_1,37,4,coke_small,0.869229793548584,789,10,829,153,809,81
frame_120,Rack_1,47,4,coke_small,0.8861958980560303,748,10,788,155,768,82
frame_120,Rack_1,46,4,coke_small,0.848010778427124,705,10,746,154,725,82
frame_120,Rack_1,18,4,coke_small,0.9313997626304626,660,11,703,157,681,84
frame_120,Rack_1,41,17,sprite_small,0.8934995532035828,618,12,659,157,638,84
frame_120,Rack_1,51,17,sprite_small,0.8517290353775024,578,9,618,158,598,83
frame_120,Rack_1,32,17,sprite_small,0.9403586983680725,539,11,578,157,558,84
frame_120,Rack_1,28,17,sprite_small,0.9095665216445923,497,10,538,157,517,83
frame_120,Rack_1,23,9,empty,0.7169410586357117,316,10,491,162,403,86
frame_120,Rack_1,38,0,7up_med,0.7495262622833252,175,27,228,193,201,110
frame_120,Rack_1,34,0,7up_med,0.8841142654418945,123,19,175,195,149,107
frame_120,Rack_1,53,0,7up_med,0.8657628297805786,77,26,121,196,99,111
frame_120,Rack_1,58,0,7up_med,0.9123017191886902,31,29,77,198,54,113
frame_120,Rack_1,75,0,7up_med,0.5550984740257263,6,24,25,197,15,110
frame_121,Rack_1,14,1,a&w_small,0.8997382521629333,1211,10,1265,137,1238,73
frame_121,Rack_1,68,1,a&w_small,0.6541339159011841,1194,8,1222,138,1208,73
frame_121,Rack_1,56,1,a&w_small,0.8433276414871216,1163,6,1204,140,1183,73
frame_121,Rack_1,55,1,a&w_small,0.8427721858024597,1115,6,1160,142,1137,74
frame_121,Rack_1,49,1,a&w_small,0.8162915706634521,1067,9,1111,142,1089,75
frame_121,Rack_1,52,1,a&w_small,0.8733877539634705,1019,6,1063,143,1041,74
frame_121,Rack_1,42,1,a&w_small,0.861005961894989,971,7,1016,144,993,75
frame_121,Rack_1,59,1,a&w_small,0.874004065990448,924,4,967,145,945,74
frame_121,Rack_1,35,4,coke_small,0.5265393853187561,878,8,921,149,899,78
frame_121,Rack_1,36,4,coke_small,0.8351417183876038,831,9,875,151,853,80
frame_121,Rack_1,37,4,coke_small,0.9009963274002075,791,10,830,153,810,81
frame_121,Rack_1,47,4,coke_small,0.8784672021865845,750,10,790,155,770,82
frame_121,Rack_1,46,4,coke_small,0.8517774939537048,706,10,748,155,727,82
frame_121,Rack_1,18,4,coke_small,0.9301681518554688,662,11,705,157,683,84
frame_121,Rack_1,41,17,sprite_small,0.8707664608955383,620,12,660,157,640,84
frame_121,Rack_1,51,17,sprite_small,0.883928120136261,580,9,619,158,599,83
frame_121,Rack_1,32,17,sprite_small,0.9287315607070923,540,11,579,157,559,84
frame_121,Rack_1,28,17,sprite_small,0.8613377809524536,498,11,539,157,518,84
frame_121,Rack_1,23,9,empty,0.7256987690925598,316,10,492,163,404,86
frame_121,Rack_1,38,0,7up_med,0.8207972049713135,176,20,231,193,203,106
frame_121,Rack_1,34,0,7up_med,0.8827649354934692,125,22,175,195,150,108
frame_121,Rack_1,53,0,7up_med,0.865196943283081,78,27,122,197,100,112
frame_121,Rack_1,58,0,7up_med,0.9276062846183777,33,30,79,199,56,114
frame_121,Rack_1,75,0,7up_med,0.5645067095756531,9,23,28,198,18,110
frame_122,Rack_1,14,1,a&w_small,0.9211828708648682,1213,9,1267,136,1240,72
frame_122,Rack_1,56,1,a&w_small,0.8203309178352356,1165,7,1205,140,1185,73
frame_122,Rack_1,55,1,a&w_small,0.824302077293396,1117,7,1161,142,1139,74
frame_122,Rack_1,49,1,a&w_small,0.8057769536972046,1070,9,1114,142,1092,75
frame_122,Rack_1,52,1,a&w_small,0.8281583189964294,1021,6,1066,143,1043,74
frame_122,Rack_1,42,1,a&w_small,0.8656105995178223,973,6,1018,144,995,75
frame_122,Rack_1,59,1,a&w_small,0.8886479139328003,926,5,969,146,947,75
frame_122,Rack_1,36,4,coke_small,0.8627766370773315,833,9,877,151,855,80
frame_122,Rack_1,37,4,coke_small,0.9011249542236328,792,10,831,153,811,81
frame_122,Rack_1,47,4,coke_small,0.8587868213653564,752,10,791,155,771,82
frame_122,Rack_1,46,4,coke_small,0.8722466230392456,707,9,750,157,728,83
frame_122,Rack_1,18,4,coke_small,0.919499933719635,663,10,706,158,684,84
frame_122,Rack_1,41,17,sprite_small,0.8544225096702576,622,12,662,158,642,85
frame_122,Rack_1,51,17,sprite_small,0.9062577486038208,581,10,620,158,600,84
frame_122,Rack_1,32,17,sprite_small,0.9200282692909241,542,11,581,158,561,84
frame_122,Rack_1,28,17,sprite_small,0.8034879565238953,499,11,541,158,520,84
frame_122,Rack_1,23,9,empty,0.7282203435897827,318,10,494,163,406,86
frame_122,Rack_1,38,0,7up_med,0.8631526827812195,178,25,232,193,205,109
frame_122,Rack_1,34,0,7up_med,0.9124745726585388,126,24,176,196,151,110
frame_122,Rack_1,53,0,7up_med,0.8849276304244995,80,26,124,198,102,112
frame_122,Rack_1,58,0,7up_med,0.9443970918655396,35,31,80,199,57,115
frame_122,Rack_1,75,0,7up_med,0.711548924446106,10,26,30,200,20,113
frame_123,Rack_1,14,1,a&w_small,0.9107252955436707,1216,10,1269,137,1242,73
frame_123,Rack_1,56,1,a&w_small,0.836958646774292,1167,7,1208,140,1187,73
frame_123,Rack_1,55,1,a&w_small,0.8022310137748718,1119,6,1164,142,1141,74
frame_123,Rack_1,49,1,a&w_small,0.8171420097351074,1071,8,1115,142,1093,75
frame_123,Rack_1,52,1,a&w_small,0.8553187847137451,1023,5,1068,143,1045,74
frame_123,Rack_1,42,1,a&w_small,0.8739631175994873,974,6,1020,144,997,75
frame_123,Rack_1,59,1,a&w_small,0.860278844833374,928,5,971,146,949,75
frame_123,Rack_1,35,4,coke_small,0.5978832840919495,882,7,925,149,903,78
frame_123,Rack_1,36,4,coke_small,0.8820432424545288,835,9,879,151,857,80
frame_123,Rack_1,37,4,coke_small,0.9096171855926514,794,11,833,153,813,82
frame_123,Rack_1,47,4,coke_small,0.8394688963890076,754,10,793,155,773,82
frame_123,Rack_1,46,4,coke_small,0.8862820267677307,709,9,752,157,730,83
frame_123,Rack_1,18,4,coke_small,0.9015607237815857,665,10,708,158,686,84
frame_123,Rack_1,41,17,sprite_small,0.8563628196716309,623,13,664,158,643,85
frame_123,Rack_1,51,17,sprite_small,0.8739686608314514,582,10,622,159,602,84
frame_123,Rack_1,32,17,sprite_small,0.9145658016204834,543,10,582,159,562,84
frame_123,Rack_1,28,17,sprite_small,0.845578134059906,501,11,543,159,522,85
frame_123,Rack_1,23,9,empty,0.7605855464935303,319,10,496,164,407,87
frame_123,Rack_1,38,0,7up_med,0.8339098691940308,180,27,233,193,206,110
frame_123,Rack_1,34,0,7up_med,0.8958736658096313,128,25,178,196,153,110
frame_123,Rack_1,53,0,7up_med,0.9225590229034424,81,26,125,199,103,112
frame_123,Rack_1,58,0,7up_med,0.9394688010215759,36,32,81,200,58,116
frame_123,Rack_1,75,0,7up_med,0.8347455263137817,9,27,30,200,19,113
frame_124,Rack_1,14,1,a&w_small,0.909004807472229,1219,10,1271,136,1245,73
frame_124,Rack_1,56,1,a&w_small,0.8489378690719604,1169,6,1210,140,1189,73
frame_124,Rack_1,55,1,a&w_small,0.7712854743003845,1121,6,1166,142,1143,74
frame_124,Rack_1,49,1,a&w_small,0.8448465466499329,1074,8,1118,142,1096,75
frame_124,Rack_1,52,1,a&w_small,0.8403462767601013,1025,5,1071,143,1048,74
frame_124,Rack_1,42,1,a&w_small,0.8532918691635132,976,6,1021,144,998,75
frame_124,Rack_1,59,1,a&w_small,0.8747373819351196,929,5,973,146,951,75
frame_124,Rack_1,35,4,coke_small,0.5809827446937561,884,7,927,148,905,77
frame_124,Rack_1,36,4,coke_small,0.8611345887184143,837,9,881,151,859,80
frame_124,Rack_1,37,4,coke_small,0.8937468528747559,796,11,835,153,815,82
frame_124,Rack_1,47,4,coke_small,0.8734921216964722,755,10,795,155,775,82
frame_124,Rack_1,46,4,coke_small,0.8933751583099365,711,9,754,157,732,83
frame_124,Rack_1,18,4,coke_small,0.9390782117843628,667,11,710,157,688,84
frame_124,Rack_1,41,17,sprite_small,0.8378364443778992,625,13,666,158,645,85
frame_124,Rack_1,51,17,sprite_small,0.896411657333374,584,11,623,159,603,85
frame_124,Rack_1,32,17,sprite_small,0.9366149306297302,544,10,584,159,564,84
frame_124,Rack_1,28,17,sprite_small,0.8750219345092773,502,11,544,159,523,85
frame_124,Rack_1,23,9,empty,0.7809626460075378,320,10,498,164,409,87
frame_124,Rack_1,38,0,7up_med,0.7709910869598389,182,22,236,193,209,107
frame_124,Rack_1,34,0,7up_med,0.8677818179130554,129,26,180,196,154,111
frame_124,Rack_1,53,0,7up_med,0.9417822360992432,82,27,126,199,104,113
frame_124,Rack_1,58,0,7up_med,0.9606922268867493,37,33,82,200,59,116
frame_124,Rack_1,75,0,7up_med,0.8214923143386841,10,28,32,200,21,114
frame_125,Rack_1,14,1,a&w_small,0.9037193655967712,1220,9,1272,135,1246,72
frame_125,Rack_1,56,1,a&w_small,0.8357890248298645,1172,6,1213,140,1192,73
frame_125,Rack_1,55,1,a&w_small,0.810097336769104,1124,6,1169,141,1146,73
frame_125,Rack_1,49,1,a&w_small,0.8192607164382935,1076,8,1121,142,1098,75
frame_125,Rack_1,52,1,a&w_small,0.8784040212631226,1027,5,1073,143,1050,74
frame_125,Rack_1,42,1,a&w_small,0.8678115010261536,979,6,1024,144,1001,75
frame_125,Rack_1,59,1,a&w_small,0.8659807443618774,931,4,975,146,953,75
frame_125,Rack_1,35,4,coke_small,0.700106680393219,886,7,929,148,907,77
frame_125,Rack_1,36,4,coke_small,0.8762407898902893,839,9,883,151,861,80
frame_125,Rack_1,37,4,coke_small,0.8833678960800171,798,11,836,152,817,81
frame_125,Rack_1,47,4,coke_small,0.8825840353965759,757,9,796,155,776,82
frame_125,Rack_1,46,4,coke_small,0.8618161082267761,713,9,755,155,734,82
frame_125,Rack_1,18,4,coke_small,0.9351824522018433,669,12,711,156,690,84
frame_125,Rack_1,41,17,sprite_small,0.8029118180274963,626,13,667,157,646,85
frame_125,Rack_1,51,17,sprite_small,0.8982166647911072,587,12,626,159,606,85
frame_125,Rack_1,32,17,sprite_small,0.9331938028335571,546,10,585,159,565,84
frame_125,Rack_1,28,17,sprite_small,0.9023329019546509,504,11,545,159,524,85
frame_125,Rack_1,23,9,empty,0.7969353795051575,322,11,499,164,410,87
frame_125,Rack_1,38,0,7up_med,0.731037974357605,184,20,238,193,211,106
frame_125,Rack_1,34,0,7up_med,0.8405653238296509,130,26,181,196,155,111
frame_125,Rack_1,53,0,7up_med,0.9325751662254333,83,28,127,200,105,114
frame_125,Rack_1,58,0,7up_med,0.942135214805603,39,34,83,201,61,117
frame_125,Rack_1,75,0,7up_med,0.652553141117096,9,29,33,200,21,114
frame_126,Rack_1,14,1,a&w_small,0.903528094291687,1221,9,1271,135,1246,72
frame_126,Rack_1,56,1,a&w_small,0.7988185286521912,1175,6,1216,138,1195,72
frame_126,Rack_1,55,1,a&w_small,0.8313009738922119,1126,5,1171,141,1148,73
frame_126,Rack_1,49,1,a&w_small,0.8344232439994812,1078,8,1122,141,1100,74
frame_126,Rack_1,52,1,a&w_small,0.8926498293876648,1029,5,1075,143,1052,74
frame_126,Rack_1,42,1,a&w_small,0.8753452897071838,981,6,1027,144,1004,75
frame_126,Rack_1,59,1,a&w_small,0.8963366746902466,934,4,977,145,955,74
frame_126,Rack_1,35,4,coke_small,0.6914615035057068,887,7,930,148,908,77
frame_126,Rack_1,36,4,coke_small,0.8979554176330566,840,9,884,151,862,80
frame_126,Rack_1,37,4,coke_small,0.8847708702087402,800,11,838,151,819,81
frame_126,Rack_1,47,4,coke_small,0.8986314535140991,758,9,798,154,778,81
frame_126,Rack_1,46,4,coke_small,0.866853654384613,715,9,757,154,736,81
frame_126,Rack_1,18,4,coke_small,0.9054067730903625,671,12,713,156,692,84
frame_126,Rack_1,41,17,sprite_small,0.7783666253089905,627,12,668,157,647,84
frame_126,Rack_1,51,17,sprite_small,0.9090508222579956,588,13,627,159,607,86
frame_126,Rack_1,32,17,sprite_small,0.9442096948623657,547,10,587,158,567,84
frame_126,Rack_1,28,17,sprite_small,0.9246798753738403,505,11,547,158,526,84
frame_126,Rack_1,23,9,empty,0.8166309595108032,322,11,501,164,411,87
frame_126,Rack_1,38,0,7up_med,0.7258714437484741,185,20,239,194,212,107
frame_126,Rack_1,34,0,7up_med,0.8186304569244385,131,26,182,196,156,111
frame_126,Rack_1,53,0,7up_med,0.9288951754570007,84,28,129,200,106,114
frame_126,Rack_1,58,0,7up_med,0.916297972202301,41,34,85,201,63,117
frame_126,Rack_1,75,0,7up_med,0.6393395662307739,9,29,33,201,21,115
frame_127,Rack_1,14,1,a&w_small,0.8671247959136963,1221,11,1269,134,1245,72
frame_127,Rack_1,56,1,a&w_small,0.8137016296386719,1177,6,1218,136,1197,71
frame_127,Rack_1,55,1,a&w_small,0.800544023513794,1128,5,1173,140,1150,72
frame_127,Rack_1,49,1,a&w_small,0.815032422542572,1080,8,1124,141,1102,74
frame_127,Rack_1,52,1,a&w_small,0.8847562670707703,1030,6,1076,143,1053,74
frame_127,Rack_1,42,1,a&w_small,0.8848149180412292,982,6,1028,144,1005,75
frame_127,Rack_1,59,1,a&w_small,0.8975426554679871,935,4,979,145,957,74
frame_127,Rack_1,35,4,coke_small,0.7008098363876343,888,7,932,148,910,77
frame_127,Rack_1,36,4,coke_small,0.8801289200782776,842,8,886,151,864,79
frame_127,Rack_1,37,4,coke_small,0.8863276243209839,801,11,840,152,820,81
frame_127,Rack_1,47,4,coke_small,0.9017189145088196,759,9,799,154,779,81
frame_127,Rack_1,46,4,coke_small,0.8344037532806396,716,9,758,154,737,81
frame_127,Rack_1,18,4,coke_small,0.8826927542686462,672,11,714,155,693,83
frame_127,Rack_1,41,17,sprite_small,0.8021606802940369,629,12,670,156,649,84
frame_127,Rack_1,51,17,sprite_small,0.8760274052619934,590,12,628,158,609,85
frame_127,Rack_1,32,17,sprite_small,0.9473769664764404,549,9,588,158,568,83
frame_127,Rack_1,28,17,sprite_small,0.948313295841217,507,10,548,158,527,84
frame_127,Rack_1,23,9,empty,0.8086816072463989,325,11,502,162,413,86
frame_127,Rack_1,38,0,7up_med,0.7283786535263062,185,25,238,194,211,109
frame_127,Rack_1,34,0,7up_med,0.8252666592597961,132,26,183,196,157,111
frame_127,Rack_1,53,0,7up_med,0.8926543593406677,86,30,130,199,108,114
frame_127,Rack_1,58,0,7up_med,0.8549548983573914,42,34,86,201,64,117
frame_128,Rack_1,14,1,a&w_small,0.8634073734283447,1222,11,1269,133,1245,72
frame_128,Rack_1,56,1,a&w_small,0.8259430527687073,1180,8,1219,135,1199,71
frame_128,Rack_1,55,1,a&w_small,0.7914494872093201,1131,5,1175,138,1153,71
frame_128,Rack_1,49,1,a&w_small,0.7968000173568726,1082,9,1126,139,1104,74
frame_128,Rack_1,52,1,a&w_small,0.8673155307769775,1032,7,1078,142,1055,74
frame_128,Rack_1,42,1,a&w_small,0.8889948725700378,984,6,1029,143,1006,74
frame_128,Rack_1,59,1,a&w_small,0.8746386766433716,937,5,980,144,958,74
frame_128,Rack_1,35,4,coke_small,0.7728536128997803,891,6,934,146,912,76
frame_128,Rack_1,36,4,coke_small,0.8672900199890137,844,9,887,149,865,79
frame_128,Rack_1,37,4,coke_small,0.8683108687400818,803,10,841,151,822,80
frame_128,Rack_1,47,4,coke_small,0.881202757358551,761,9,801,153,781,81
frame_128,Rack_1,46,4,coke_small,0.8256192803382874,718,9,760,153,739,81
frame_128,Rack_1,18,4,coke_small,0.8632201552391052,674,10,716,155,695,82
frame_128,Rack_1,41,17,sprite_small,0.8529722094535828,631,13,671,156,651,84
frame_128,Rack_1,51,17,sprite_small,0.8341996073722839,591,13,630,158,610,85
frame_128,Rack_1,32,17,sprite_small,0.9580645561218262,550,10,590,159,570,84
frame_128,Rack_1,28,17,sprite_small,0.9364431500434875,508,12,550,159,529,85
frame_128,Rack_1,23,9,empty,0.7962145209312439,321,11,505,169,413,90
frame_128,Rack_1,38,0,7up_med,0.7322368621826172,187,27,240,194,213,110
frame_128,Rack_1,34,0,7up_med,0.8312245011329651,134,25,185,196,159,110
frame_128,Rack_1,53,0,7up_med,0.8805058002471924,87,30,132,199,109,114
frame_128,Rack_1,58,0,7up_med,0.8312458395957947,43,32,87,200,65,116
frame_129,Rack_1,67,1,a&w_small,0.8236460089683533,1224,11,1261,132,1242,71
frame_129,Rack_1,56,1,a&w_small,0.8359901905059814,1183,9,1222,135,1202,72
frame_129,Rack_1,55,1,a&w_small,0.808612048625946,1133,6,1177,138,1155,72
frame_129,Rack_1,49,1,a&w_small,0.7573549151420593,1084,9,1128,140,1106,74
frame_129,Rack_1,52,1,a&w_small,0.8478650450706482,1035,8,1081,142,1058,75
frame_129,Rack_1,42,1,a&w_small,0.9012134075164795,986,6,1032,142,1009,74
frame_129,Rack_1,59,1,a&w_small,0.8594682812690735,940,5,983,144,961,74
frame_129,Rack_1,35,4,coke_small,0.76044100522995,894,7,937,146,915,76
frame_129,Rack_1,36,4,coke_small,0.7915319204330444,846,8,890,149,868,78
frame_129,Rack_1,37,4,coke_small,0.8344677686691284,805,9,844,150,824,79
frame_129,Rack_1,47,4,coke_small,0.8553847074508667,764,9,803,152,783,80
frame_129,Rack_1,46,4,coke_small,0.8152304291725159,720,8,762,151,741,79
frame_129,Rack_1,18,4,coke_small,0.868102490901947,676,10,718,153,697,81
frame_129,Rack_1,41,17,sprite_small,0.8637643456459045,633,12,673,155,653,83
frame_129,Rack_1,51,17,sprite_small,0.8421481847763062,593,13,631,158,612,85
frame_129,Rack_1,32,17,sprite_small,0.9501025080680847,553,11,592,158,572,84
frame_129,Rack_1,28,17,sprite_small,0.9301285743713379,510,11,551,156,530,83
frame_129,Rack_1,23,9,empty,0.7556334137916565,321,10,507,169,414,89
frame_129,Rack_1,38,0,7up_med,0.7795323729515076,189,22,243,193,216,107
frame_129,Rack_1,34,0,7up_med,0.8555809259414673,136,25,187,196,161,110
frame_129,Rack_1,53,0,7up_med,0.8927016258239746,89,30,133,198,111,114
frame_129,Rack_1,58,0,7up_med,0.8207523226737976,45,32,89,200,67,116
frame_130,Rack_1,67,1,a&w_small,0.7914920449256897,1228,12,1264,131,1246,71
frame_130,Rack_1,56,1,a&w_small,0.8575812578201294,1186,10,1225,134,1205,72
frame_130,Rack_1,55,1,a&w_small,0.7887879014015198,1136,6,1180,137,1158,71
frame_130,Rack_1,49,1,a&w_small,0.8095666170120239,1087,9,1131,139,1109,74
frame_130,Rack_1,52,1,a&w_small,0.8241918087005615,1038,8,1083,141,1060,74
frame_130,Rack_1,42,1,a&w_small,0.8990038633346558,988,6,1034,142,1011,74
frame_130,Rack_1,59,1,a&w_small,0.848201334476471,942,5,985,144,963,74
frame_130,Rack_1,35,4,coke_small,0.6764823794364929,896,6,939,145,917,75
frame_130,Rack_1,36,4,coke_small,0.8330725431442261,848,8,892,148,870,78
frame_130,Rack_1,37,4,coke_small,0.8693992495536804,807,9,846,150,826,79
frame_130,Rack_1,47,4,coke_small,0.8363747596740723,766,9,805,152,785,80
frame_130,Rack_1,46,4,coke_small,0.823241114616394,722,8,764,151,743,79
frame_130,Rack_1,18,4,coke_small,0.851375937461853,678,9,720,152,699,80
frame_130,Rack_1,41,17,sprite_small,0.9153202176094055,635,12,675,154,655,83
frame_130,Rack_1,51,17,sprite_small,0.8251827359199524,594,12,633,157,613,84
frame_130,Rack_1,32,17,sprite_small,0.9581331610679626,555,12,594,157,574,84
frame_130,Rack_1,28,17,sprite_small,0.9207363724708557,513,10,553,155,533,82
frame_130,Rack_1,23,9,empty,0.7123004198074341,323,11,508,169,415,90
frame_130,Rack_1,38,0,7up_med,0.7907992601394653,191,25,244,193,217,109
frame_130,Rack_1,34,0,7up_med,0.871965765953064,137,25,189,196,163,110
frame_130,Rack_1,53,0,7up_med,0.9095309972763062,91,29,135,198,113,113
frame_130,Rack_1,58,0,7up_med,0.7954073548316956,46,32,90,200,68,116
frame_131,Rack_1,67,1,a&w_small,0.7380210757255554,1229,12,1263,131,1246,71
frame_131,Rack_1,56,1,a&w_small,0.8904640674591064,1188,10,1228,133,1208,71
frame_131,Rack_1,55,1,a&w_small,0.757918119430542,1139,7,1183,137,1161,72
frame_131,Rack_1,49,1,a&w_small,0.8257824778556824,1091,10,1134,139,1112,74
frame_131,Rack_1,52,1,a&w_small,0.7974584102630615,1040,8,1086,141,1063,74
frame_131,Rack_1,42,1,a&w_small,0.8389514088630676,990,7,1036,143,1013,75
frame_131,Rack_1,59,1,a&w_small,0.869483470916748,944,5,987,144,965,74
frame_131,Rack_1,35,4,coke_small,0.7401721477508545,898,6,941,146,919,76
frame_131,Rack_1,36,4,coke_small,0.8299028277397156,850,8,894,147,872,77
frame_131,Rack_1,37,4,coke_small,0.8785836100578308,809,9,848,149,828,79
frame_131,Rack_1,47,4,coke_small,0.7949010133743286,768,8,807,149,787,78
frame_131,Rack_1,46,4,coke_small,0.8354365825653076,724,8,766,150,745,79
frame_131,Rack_1,18,4,coke_small,0.8576069474220276,680,8,722,150,701,79
frame_131,Rack_1,41,17,sprite_small,0.8482139110565186,637,11,678,153,657,82
frame_131,Rack_1,51,17,sprite_small,0.7999436855316162,596,11,635,156,615,83
frame_131,Rack_1,32,17,sprite_small,0.9222204685211182,557,11,596,155,576,83
frame_131,Rack_1,28,17,sprite_small,0.9114962816238403,515,10,555,152,535,81
frame_131,Rack_1,23,9,empty,0.7245407104492188,324,11,508,168,416,89
frame_131,Rack_1,38,0,7up_med,0.8191594481468201,193,25,245,194,219,109
frame_131,Rack_1,34,0,7up_med,0.8691080212593079,139,24,191,196,165,110
frame_131,Rack_1,53,0,7up_med,0.8860227465629578,93,28,138,198,115,113
frame_131,Rack_1,58,0,7up_med,0.7091253399848938,48,32,92,200,70,116
frame_131,Rack_1,75,0,7up_med,0.5653125643730164,0,30,22,201,11,115
frame_132,Rack_1,67,1,a&w_small,0.7041561603546143,1231,12,1264,130,1247,71
frame_132,Rack_1,56,1,a&w_small,0.887529194355011,1191,10,1231,132,1211,71
frame_132,Rack_1,55,1,a&w_small,0.8242601752281189,1142,7,1185,135,1163,71
frame_132,Rack_1,49,1,a&w_small,0.8207072615623474,1094,10,1137,138,1115,74
frame_132,Rack_1,52,1,a&w_small,0.8766562342643738,1043,9,1089,141,1066,75
frame_132,Rack_1,42,1,a&w_small,0.8520422577857971,993,7,1039,141,1016,74
frame_132,Rack_1,59,1,a&w_small,0.8521713614463806,946,5,989,144,967,74
frame_132,Rack_1,35,4,coke_small,0.7630060911178589,900,6,944,145,922,75
frame_132,Rack_1,36,4,coke_small,0.8234779238700867,853,7,897,147,875,77
frame_132,Rack_1,37,4,coke_small,0.8673704266548157,811,9,850,149,830,79
frame_132,Rack_1,47,4,coke_small,0.8207799792289734,770,8,809,150,789,79
frame_132,Rack_1,46,4,coke_small,0.851780116558075,726,8,768,150,747,79
frame_132,Rack_1,18,4,coke_small,0.906988799571991,682,8,724,150,703,79
frame_132,Rack_1,41,17,sprite_small,0.8139486908912659,639,10,680,152,659,81
frame_132,Rack_1,51,17,sprite_small,0.7919272780418396,598,10,637,156,617,83
frame_132,Rack_1,32,17,sprite_small,0.9371074438095093,559,10,598,154,578,82
frame_132,Rack_1,28,17,sprite_small,0.8550888299942017,516,9,557,152,536,80
frame_132,Rack_1,23,9,empty,0.6969850659370422,328,10,511,167,419,88
frame_132,Rack_1,38,0,7up_med,0.8477062582969666,194,25,247,194,220,109
frame_132,Rack_1,34,0,7up_med,0.8912942409515381,141,24,192,197,166,110
frame_132,Rack_1,53,0,7up_med,0.8873547315597534,95,29,140,198,117,113
frame_132,Rack_1,58,0,7up_med,0.7678231596946716,50,32,94,200,72,116
frame_132,Rack_1,82,0,7up_med,0.5346970558166504,15,22,52,201,33,111
frame_133,Rack_1,67,1,a&w_small,0.6956234574317932,1232,12,1263,130,1247,71
frame_133,Rack_1,56,1,a&w_small,0.9016200304031372,1193,9,1233,132,1213,70
frame_133,Rack_1,55,1,a&w_small,0.8592294454574585,1144,7,1187,135,1165,71
frame_133,Rack_1,49,1,a&w_small,0.8245999217033386,1095,9,1139,136,1117,72
frame_133,Rack_1,52,1,a&w_small,0.8689064383506775,1045,9,1091,140,1068,74
frame_133,Rack_1,42,1,a&w_small,0.877744734287262,995,7,1041,141,1018,74
frame_133,Rack_1,59,1,a&w_small,0.8492574691772461,949,5,992,143,970,74
frame_133,Rack_1,35,4,coke_small,0.7400729060173035,902,7,946,145,924,76
frame_133,Rack_1,36,4,coke_small,0.8691944479942322,855,7,899,146,877,76
frame_133,Rack_1,37,4,coke_small,0.8889300227165222,813,9,852,148,832,78
frame_133,Rack_1,47,4,coke_small,0.7907145023345947,772,8,811,149,791,78
frame_133,Rack_1,46,4,coke_small,0.829569935798645,728,8,770,149,749,78
frame_133,Rack_1,18,4,coke_small,0.91813725233078,684,8,726,150,705,79
frame_133,Rack_1,41,17,sprite_small,0.8595202565193176,640,9,681,152,660,80
frame_133,Rack_1,51,17,sprite_small,0.8156697750091553,599,10,639,156,619,83
frame_133,Rack_1,32,17,sprite_small,0.9168720245361328,561,10,599,153,580,81
frame_133,Rack_1,28,17,sprite_small,0.8311328291893005,518,9,559,152,538,80
frame_133,Rack_1,23,9,empty,0.6969135999679565,326,10,513,170,419,90
frame_133,Rack_1,38,0,7up_med,0.8995266556739807,196,25,248,194,222,109
frame_133,Rack_1,34,0,7up_med,0.8905243873596191,142,24,194,197,168,110
frame_133,Rack_1,53,0,7up_med,0.8578292727470398,96,30,141,198,118,114
frame_133,Rack_1,58,0,7up_med,0.816685676574707,51,33,95,200,73,116
frame_133,Rack_1,82,0,7up_med,0.6910340785980225,16,30,51,201,33,115
frame_134,Rack_1,67,1,a&w_small,0.7877228856086731,1236,11,1267,130,1251,70
frame_134,Rack_1,56,1,a&w_small,0.906854510307312,1194,9,1235,132,1214,70
frame_134,Rack_1,55,1,a&w_small,0.876133918762207,1146,7,1189,135,1167,71
frame_134,Rack_1,49,1,a&w_small,0.8699646592140198,1097,9,1141,136,1119,72
frame_134,Rack_1,52,1,a&w_small,0.8734140396118164,1047,9,1092,139,1069,74
frame_134,Rack_1,42,1,a&w_small,0.9166261553764343,997,8,1043,141,1020,74
frame_134,Rack_1,59,1,a&w_small,0.8532088994979858,951,6,993,143,972,74
frame_134,Rack_1,35,4,coke_small,0.7123599648475647,904,7,947,144,925,75
frame_134,Rack_1,36,4,coke_small,0.889259934425354,856,7,900,146,878,76
frame_134,Rack_1,37,4,coke_small,0.8867905735969543,815,8,854,148,834,78
frame_134,Rack_1,47,4,coke_small,0.8405580520629883,774,8,813,149,793,78
frame_134,Rack_1,46,4,coke_small,0.870520293712616,730,7,772,149,751,78
frame_134,Rack_1,18,4,coke_small,0.9138519763946533,685,8,728,150,706,79
frame_134,Rack_1,41,17,sprite_small,0.8536418676376343,642,8,683,151,662,79
frame_134,Rack_1,51,17,sprite_small,0.880365252494812,602,9,641,155,621,82
frame_134,Rack_1,32,17,sprite_small,0.9134001731872559,562,10,600,153,581,81
frame_134,Rack_1,28,17,sprite_small,0.8637731671333313,520,11,560,154,540,82
frame_134,Rack_1,23,9,empty,0.7243734002113342,331,10,516,168,423,89
frame_134,Rack_1,38,0,7up_med,0.8830006718635559,198,26,250,194,224,110
frame_134,Rack_1,34,0,7up_med,0.8993381261825562,144,25,195,197,169,111
frame_134,Rack_1,53,0,7up_med,0.8555338978767395,97,30,142,198,119,114
frame_134,Rack_1,58,0,7up_med,0.8449581265449524,53,32,96,200,74,116
frame_134,Rack_1,82,0,7up_med,0.7128608226776123,16,30,52,202,34,116
frame_135,Rack_1,67,1,a&w_small,0.7802786231040955,1237,11,1268,130,1252,70
frame_135,Rack_1,56,1,a&w_small,0.9053907990455627,1196,10,1236,131,1216,70
frame_135,Rack_1,55,1,a&w_small,0.8387100100517273,1148,8,1191,134,1169,71
frame_135,Rack_1,49,1,a&w_small,0.8363763689994812,1099,9,1143,136,1121,72
frame_135,Rack_1,52,1,a&w_small,0.8627655506134033,1049,9,1094,138,1071,73
frame_135,Rack_1,42,1,a&w_small,0.8864651322364807,999,9,1045,141,1022,75
frame_135,Rack_1,59,1,a&w_small,0.8409305214881897,952,6,995,142,973,74
frame_135,Rack_1,35,4,coke_small,0.8391146063804626,906,7,949,144,927,75
frame_135,Rack_1,36,4,coke_small,0.8643206357955933,858,7,902,146,880,76
frame_135,Rack_1,37,4,coke_small,0.8628649115562439,817,8,856,148,836,78
frame_135,Rack_1,47,4,coke_small,0.8459659218788147,776,8,815,149,795,78
frame_135,Rack_1,46,4,coke_small,0.8708258271217346,731,7,774,149,752,78
frame_135,Rack_1,18,4,coke_small,0.9172192811965942,687,8,730,151,708,79
frame_135,Rack_1,41,17,sprite_small,0.8332481384277344,643,8,685,152,664,80
frame_135,Rack_1,51,17,sprite_small,0.8995036482810974,604,9,643,155,623,82
frame_135,Rack_1,32,17,sprite_small,0.91758793592453,563,10,602,153,582,81
frame_135,Rack_1,28,17,sprite_small,0.9239961504936218,521,10,562,153,541,81
frame_135,Rack_1,23,9,empty,0.7416309118270874,335,10,518,167,426,88
frame_135,Rack_1,38,0,7up_med,0.8385923504829407,199,27,251,194,225,110
frame_135,Rack_1,34,0,7up_med,0.9156208634376526,145,24,197,197,171,110
frame_135,Rack_1,53,0,7up_med,0.8278883695602417,99,30,143,198,121,114
frame_135,Rack_1,58,0,7up_med,0.8617067933082581,54,33,98,200,76,116
frame_135,Rack_1,82,0,7up_med,0.6853106021881104,17,33,52,203,34,118
frame_136,Rack_1,67,1,a&w_small,0.8190205097198486,1238,11,1270,130,1254,70
frame_136,Rack_1,56,1,a&w_small,0.8544967174530029,1197,11,1237,130,1217,70
frame_136,Rack_1,55,1,a&w_small,0.7902064919471741,1150,8,1193,133,1171,70
frame_136,Rack_1,49,1,a&w_small,0.8001531362533569,1101,10,1145,136,1123,73
frame_136,Rack_1,52,1,a&w_small,0.8298238515853882,1051,8,1097,137,1074,72
frame_136,Rack_1,42,1,a&w_small,0.874706506729126,1001,8,1046,140,1023,74
frame_136,Rack_1,59,1,a&w_small,0.824643075466156,954,6,996,142,975,74
frame_136,Rack_1,35,4,coke_small,0.8202682137489319,907,7,951,143,929,75
frame_136,Rack_1,36,4,coke_small,0.8625325560569763,859,8,904,145,881,76
frame_136,Rack_1,37,4,coke_small,0.8278228640556335,819,8,857,148,838,78
frame_136,Rack_1,47,4,coke_small,0.8330094814300537,777,8,817,149,797,78
frame_136,Rack_1,46,4,coke_small,0.817091703414917,733,7,775,150,754,78
frame_136,Rack_1,18,4,coke_small,0.9133399128913879,688,8,731,151,709,79
frame_136,Rack_1,41,17,sprite_small,0.7902264595031738,645,8,686,152,665,80
frame_136,Rack_1,51,17,sprite_small,0.8954705595970154,605,9,644,155,624,82
frame_136,Rack_1,32,17,sprite_small,0.934801459312439,564,10,603,154,583,82
frame_136,Rack_1,28,17,sprite_small,0.9309826493263245,523,10,563,154,543,82
frame_136,Rack_1,23,9,empty,0.7002228498458862,335,10,522,170,428,90
frame_136,Rack_1,38,0,7up_med,0.8478440642356873,200,28,252,194,226,111
frame_136,Rack_1,34,0,7up_med,0.9265463948249817,146,23,199,198,172,110
frame_136,Rack_1,53,0,7up_med,0.8019068241119385,100,30,145,198,122,114
frame_136,Rack_1,58,0,7up_med,0.8573485016822815,57,34,100,200,78,117
frame_136,Rack_1,82,0,7up_med,0.7103158235549927,18,36,53,203,35,119
frame_137,Rack_1,67,1,a&w_small,0.8019250631332397,1241,11,1272,129,1256,70
frame_137,Rack_1,56,1,a&w_small,0.8357520699501038,1200,11,1239,130,1219,70
frame_137,Rack_1,55,1,a&w_small,0.7736817598342896,1153,8,1196,133,1174,70
frame_137,Rack_1,49,1,a&w_small,0.7948477268218994,1103,10,1147,135,1125,72
frame_137,Rack_1,52,1,a&w_small,0.8515677452087402,1053,8,1099,137,1076,72
frame_137,Rack_1,42,1,a&w_small,0.8636420369148254,1003,8,1049,139,1026,73
frame_137,Rack_1,59,1,a&w_small,0.8453718423843384,956,6,998,141,977,73
frame_137,Rack_1,35,4,coke_small,0.8018661737442017,909,7,953,143,931,75
frame_137,Rack_1,36,4,coke_small,0.7978227138519287,861,7,905,145,883,76
frame_137,Rack_1,37,4,coke_small,0.82079017162323,820,8,859,147,839,77
frame_137,Rack_1,47,4,coke_small,0.8304126262664795,778,8,818,149,798,78
frame_137,Rack_1,46,4,coke_small,0.8472010493278503,734,7,777,150,755,78
frame_137,Rack_1,18,4,coke_small,0.9132307767868042,690,8,733,152,711,80
frame_137,Rack_1,41,17,sprite_small,0.7744461894035339,646,9,688,153,667,81
frame_137,Rack_1,51,17,sprite_small,0.8665404319763184,606,10,645,155,625,82
frame_137,Rack_1,32,17,sprite_small,0.942428708076477,565,9,604,155,584,82
frame_137,Rack_1,28,17,sprite_small,0.9517270922660828,523,12,564,155,543,83
frame_137,Rack_1,23,9,empty,0.698283851146698,336,11,524,171,430,91
frame_137,Rack_1,38,0,7up_med,0.8601430654525757,201,28,253,195,227,111
frame_137,Rack_1,34,0,7up_med,0.9323856234550476,147,25,199,198,173,111
frame_137,Rack_1,53,0,7up_med,0.8364618420600891,101,31,146,198,123,114
frame_137,Rack_1,58,0,7up_med,0.8372066617012024,58,34,101,200,79,117
frame_137,Rack_1,82,0,7up_med,0.6962460279464722,18,38,53,203,35,120
frame_138,Rack_1,67,1,a&w_small,0.8217059373855591,1244,11,1274,128,1259,69
frame_138,Rack_1,56,1,a&w_small,0.8554188013076782,1202,12,1242,129,1222,70
frame_138,Rack_1,55,1,a&w_small,0.7677602171897888,1155,8,1198,132,1176,70
frame_138,Rack_1,49,1,a&w_small,0.791549563407898,1105,10,1149,135,1127,72
frame_138,Rack_1,52,1,a&w_small,0.8721136450767517,1054,8,1100,136,1077,72
frame_138,Rack_1,42,1,a&w_small,0.8537564873695374,1005,8,1051,139,1028,73
frame_138,Rack_1,59,1,a&w_small,0.7884947657585144,958,6,1000,141,979,73
frame_138,Rack_1,35,4,coke_small,0.7857552170753479,911,7,955,143,933,75
frame_138,Rack_1,36,4,coke_small,0.7813193798065186,863,7,907,145,885,76
frame_138,Rack_1,37,4,coke_small,0.8346555829048157,822,8,861,147,841,77
frame_138,Rack_1,47,4,coke_small,0.8582861423492432,780,9,820,148,800,78
frame_138,Rack_1,46,4,coke_small,0.8406084179878235,736,7,778,150,757,78
frame_138,Rack_1,18,4,coke_small,0.9164375066757202,691,8,734,152,712,80
frame_138,Rack_1,41,17,sprite_small,0.8467907309532166,648,9,689,154,668,81
frame_138,Rack_1,51,17,sprite_small,0.8614699244499207,607,10,646,156,626,83
frame_138,Rack_1,32,17,sprite_small,0.9464896321296692,566,10,605,155,585,82
frame_138,Rack_1,28,17,sprite_small,0.9511823058128357,524,13,565,156,544,84
frame_138,Rack_1,23,9,empty,0.743671178817749,337,11,525,172,431,91
frame_138,Rack_1,38,0,7up_med,0.818790853023529,202,29,253,195,227,112
frame_138,Rack_1,34,0,7up_med,0.9195972084999084,148,25,200,198,174,111
frame_138,Rack_1,53,0,7up_med,0.8489477634429932,102,31,147,199,124,115
frame_138,Rack_1,58,0,7up_med,0.8392871022224426,59,35,102,200,80,117
frame_138,Rack_1,82,0,7up_med,0.6190392971038818,18,39,54,204,36,121
frame_139,Rack_1,67,1,a&w_small,0.7086894512176514,1244,10,1274,128,1259,69
frame_139,Rack_1,56,1,a&w_small,0.8914909362792969,1205,12,1246,128,1225,70
frame_139,Rack_1,55,1,a&w_small,0.7578950524330139,1156,9,1199,132,1177,70
frame_139,Rack_1,49,1,a&w_small,0.7901666760444641,1106,10,1151,135,1128,72
frame_139,Rack_1,52,1,a&w_small,0.8566396832466125,1055,8,1101,136,1078,72
frame_139,Rack_1,42,1,a&w_small,0.8585535287857056,1006,8,1052,139,1029,73
frame_139,Rack_1,59,1,a&w_small,0.8075243830680847,959,6,1002,141,980,73
frame_139,Rack_1,35,4,coke_small,0.7664821743965149,912,7,956,143,934,75
frame_139,Rack_1,36,4,coke_small,0.8066422343254089,865,7,909,144,887,75
frame_139,Rack_1,37,4,coke_small,0.8452393412590027,823,8,862,147,842,77
frame_139,Rack_1,47,4,coke_small,0.8015134930610657,781,9,821,148,801,78
frame_139,Rack_1,46,4,coke_small,0.8421061635017395,737,7,779,150,758,78
frame_139,Rack_1,18,4,coke_small,0.9195576906204224,692,7,735,152,713,79
frame_139,Rack_1,41,17,sprite_small,0.8829258680343628,649,10,690,153,669,81
frame_139,Rack_1,51,17,sprite_small,0.8291429281234741,608,10,647,155,627,82
frame_139,Rack_1,32,17,sprite_small,0.9110054969787598,568,10,606,153,587,81
frame_139,Rack_1,28,17,sprite_small,0.929585337638855,526,11,567,153,546,82
frame_139,Rack_1,23,9,empty,0.7460092902183533,342,11,525,168,433,89
frame_139,Rack_1,38,0,7up_med,0.7701312303543091,203,29,254,195,228,112
frame_139,Rack_1,34,0,7up_med,0.9174851775169373,149,26,201,199,175,112
frame_139,Rack_1,53,0,7up_med,0.8739103674888611,104,32,148,199,126,115
frame_139,Rack_1,58,0,7up_med,0.8836816549301147,61,33,104,201,82,117
frame_139,Rack_1,82,0,7up_med,0.6198895573616028,19,39,55,204,37,121
frame_140,Rack_1,67,1,a&w_small,0.7692253589630127,1245,11,1274,127,1259,69
frame_140,Rack_1,56,1,a&w_small,0.8906230926513672,1207,12,1248,128,1227,70
frame_140,Rack_1,55,1,a&w_small,0.8233301043510437,1158,10,1201,132,1179,71
frame_140,Rack_1,49,1,a&w_small,0.8253791928291321,1108,11,1152,134,1130,72
frame_140,Rack_1,52,1,a&w_small,0.8700430393218994,1057,8,1103,136,1080,72
frame_140,Rack_1,42,1,a&w_small,0.8559818267822266,1007,9,1053,139,1030,74
frame_140,Rack_1,59,1,a&w_small,0.816593587398529,960,6,1003,141,981,73
frame_140,Rack_1,35,4,coke_small,0.645663857460022,913,6,958,143,935,74
frame_140,Rack_1,36,4,coke_small,0.8299427628517151,866,7,910,145,888,76
frame_140,Rack_1,37,4,coke_small,0.8607998490333557,824,8,863,147,843,77
frame_140,Rack_1,47,4,coke_small,0.8184218406677246,783,9,822,147,802,78
frame_140,Rack_1,46,4,coke_small,0.8546757102012634,738,8,781,150,759,79
frame_140,Rack_1,18,4,coke_small,0.9068472981452942,693,7,736,152,714,79
frame_140,Rack_1,41,17,sprite_small,0.9257511496543884,650,10,692,153,671,81
frame_140,Rack_1,51,17,sprite_small,0.8394222259521484,609,9,649,155,629,82
frame_140,Rack_1,32,17,sprite_small,0.9330568909645081,569,10,608,154,588,82
frame_140,Rack_1,28,17,sprite_small,0.9219561815261841,527,12,568,155,547,83
frame_140,Rack_1,23,9,empty,0.7454320788383484,341,11,527,171,434,91
frame_140,Rack_1,38,0,7up_med,0.7284212708473206,203,26,255,195,229,110
frame_140,Rack_1,34,0,7up_med,0.9188008904457092,150,26,202,199,176,112
frame_140,Rack_1,53,0,7up_med,0.8573660254478455,105,32,149,199,127,115
frame_140,Rack_1,58,0,7up_med,0.8975050449371338,62,34,105,202,83,118
frame_140,Rack_1,82,0,7up_med,0.551903247833252,19,39,56,205,37,122
frame_141,Rack_1,67,1,a&w_small,0.7634062767028809,1244,12,1273,127,1258,69
frame_141,Rack_1,56,1,a&w_small,0.8821249008178711,1209,12,1250,129,1229,70
frame_141,Rack_1,55,1,a&w_small,0.8225463628768921,1159,9,1202,132,1180,70
frame_141,Rack_1,49,1,a&w_small,0.850102961063385,1110,11,1154,134,1132,72
frame_141,Rack_1,52,1,a&w_small,0.8757696747779846,1058,9,1105,136,1081,72
frame_141,Rack_1,42,1,a&w_small,0.8488872051239014,1009,9,1055,139,1032,74
frame_141,Rack_1,59,1,a&w_small,0.8478133082389832,961,6,1004,142,982,74
frame_141,Rack_1,35,4,coke_small,0.6541956067085266,915,6,959,143,937,74
frame_141,Rack_1,36,4,coke_small,0.8357634544372559,866,7,911,145,888,76
frame_141,Rack_1,37,4,coke_small,0.8438680768013,825,8,864,147,844,77
frame_141,Rack_1,47,4,coke_small,0.7818598747253418,784,9,823,147,803,78
frame_141,Rack_1,46,4,coke_small,0.8616142272949219,739,8,782,151,760,79
frame_141,Rack_1,18,4,coke_small,0.9002973437309265,694,7,737,152,715,79
frame_141,Rack_1,41,17,sprite_small,0.9216495156288147,651,10,693,154,672,82
frame_141,Rack_1,51,17,sprite_small,0.8363058567047119,610,8,650,156,630,82
frame_141,Rack_1,32,17,sprite_small,0.9446913599967957,570,10,610,155,590,82
frame_141,Rack_1,28,17,sprite_small,0.9028905630111694,528,11,569,154,548,82
frame_141,Rack_1,23,9,empty,0.7663331031799316,341,11,529,172,435,91
frame_141,Rack_1,38,0,7up_med,0.7585135698318481,204,24,257,195,230,109
frame_141,Rack_1,34,0,7up_med,0.9244827628135681,151,27,203,199,177,113
frame_141,Rack_1,53,0,7up_med,0.8512113094329834,106,32,150,200,128,116
frame_141,Rack_1,58,0,7up_med,0.9201809763908386,63,34,106,202,84,118
frame_141,Rack_1,82,0,7up_med,0.5204213261604309,20,39,58,205,39,122
frame_142,Rack_1,67,1,a&w_small,0.6820966601371765,1245,11,1273,127,1259,69
frame_142,Rack_1,56,1,a&w_small,0.8463992476463318,1210,11,1253,128,1231,69
frame_142,Rack_1,55,1,a&w_small,0.7818393707275391,1159,8,1203,131,1181,69
frame_142,Rack_1,49,1,a&w_small,0.838299572467804,1111,11,1155,133,1133,72
frame_142,Rack_1,52,1,a&w_small,0.8800989985466003,1060,9,1106,136,1083,72
frame_142,Rack_1,42,1,a&w_small,0.8652834296226501,1010,9,1057,139,1033,74
frame_142,Rack_1,59,1,a&w_small,0.862185001373291,962,6,1005,142,983,74
frame_142,Rack_1,35,4,coke_small,0.6363085508346558,916,6,960,143,938,74
frame_142,Rack_1,36,4,coke_small,0.8783172965049744,867,7,912,145,889,76
frame_142,Rack_1,37,4,coke_small,0.8381236791610718,826,8,865,147,845,77
frame_142,Rack_1,47,4,coke_small,0.7606393694877625,785,9,825,148,805,78
frame_142,Rack_1,46,4,coke_small,0.8761528730392456,740,8,783,151,761,79
frame_142,Rack_1,18,4,coke_small,0.9259556531906128,695,7,739,152,717,79
frame_142,Rack_1,41,17,sprite_small,0.9018585085868835,653,11,694,153,673,82
frame_142,Rack_1,51,17,sprite_small,0.8061648011207581,611,8,651,156,631,82
frame_142,Rack_1,32,17,sprite_small,0.9401221871376038,571,10,611,155,591,82
frame_142,Rack_1,28,17,sprite_small,0.899380087852478,529,10,570,154,549,82
frame_142,Rack_1,23,9,empty,0.7396793961524963,342,11,530,173,436,92
frame_142,Rack_1,38,0,7up_med,0.757768988609314,205,24,258,196,231,110
frame_142,Rack_1,34,0,7up_med,0.9036744832992554,152,28,204,200,178,114
frame_142,Rack_1,53,0,7up_med,0.8470014929771423,107,32,151,200,129,116
frame_142,Rack_1,58,0,7up_med,0.9057683944702148,64,34,108,203,86,118
frame_142,Rack_1,82,0,7up_med,0.5042778253555298,21,40,58,206,39,123
frame_143,Rack_1,67,1,a&w_small,0.5771039128303528,1245,11,1273,128,1259,69
frame_143,Rack_1,56,1,a&w_small,0.8156003952026367,1211,11,1254,129,1232,70
frame_143,Rack_1,55,1,a&w_small,0.766241192817688,1161,8,1204,131,1182,69
frame_143,Rack_1,86,1,a&w_small,0.5456181764602661,1152,9,1181,131,1166,70
frame_143,Rack_1,49,1,a&w_small,0.8237016201019287,1112,11,1156,134,1134,72
frame_143,Rack_1,52,1,a&w_small,0.8901220560073853,1061,9,1107,136,1084,72
frame_143,Rack_1,42,1,a&w_small,0.8796011805534363,1012,9,1058,139,1035,74
frame_143,Rack_1,59,1,a&w_small,0.8572036623954773,963,6,1007,142,985,74
frame_143,Rack_1,35,4,coke_small,0.6423908472061157,917,7,961,143,939,75
frame_143,Rack_1,36,4,coke_small,0.860794186592102,868,7,913,145,890,76
frame_143,Rack_1,37,4,coke_small,0.8536378741264343,827,8,866,147,846,77
frame_143,Rack_1,47,4,coke_small,0.7836486101150513,786,8,826,148,806,78
frame_143,Rack_1,46,4,coke_small,0.8674761652946472,741,8,784,151,762,79
frame_143,Rack_1,18,4,coke_small,0.9282175302505493,696,7,739,152,717,79
frame_143,Rack_1,41,17,sprite_small,0.8935260772705078,654,11,695,153,674,82
frame_143,Rack_1,51,17,sprite_small,0.8481277823448181,612,8,652,157,632,82
frame_143,Rack_1,32,17,sprite_small,0.9337159991264343,572,9,612,156,592,82
frame_143,Rack_1,28,17,sprite_small,0.8641790747642517,530,11,571,154,550,82
frame_143,Rack_1,23,9,empty,0.762222409248352,342,11,530,172,436,91
frame_143,Rack_1,38,0,7up_med,0.7918885350227356,206,25,259,196,232,110
frame_143,Rack_1,34,0,7up_med,0.9020789265632629,153,28,204,200,178,114
frame_143,Rack_1,53,0,7up_med,0.8461638689041138,108,32,152,202,130,117
frame_143,Rack_1,58,0,7up_med,0.91752690076828,65,35,109,204,87,119
frame_143,Rack_1,82,0,7up_med,0.6117326617240906,21,40,60,206,40,123
frame_144,Rack_1,67,1,a&w_small,0.6414476037025452,1247,11,1275,128,1261,69
frame_144,Rack_1,56,1,a&w_small,0.8082290887832642,1211,10,1254,129,1232,69
frame_144,Rack_1,87,1,a&w_small,0.5620920062065125,1189,9,1210,130,1199,69
frame_144,Rack_1,55,1,a&w_small,0.7617971301078796,1162,8,1205,132,1183,70
frame_144,Rack_1,86,1,a&w_small,0.5254006385803223,1151,9,1180,132,1165,70
frame_144,Rack_1,49,1,a&w_small,0.8156129717826843,1112,11,1156,134,1134,72
frame_144,Rack_1,52,1,a&w_small,0.8898810744285583,1061,9,1108,136,1084,72
frame_144,Rack_1,42,1,a&w_small,0.8862617015838623,1012,8,1059,140,1035,74
frame_144,Rack_1,59,1,a&w_small,0.8478395342826843,964,6,1008,142,986,74
frame_144,Rack_1,35,4,coke_small,0.6913009881973267,917,7,962,144,939,75
frame_144,Rack_1,36,4,coke_small,0.8502400517463684,869,7,914,146,891,76
frame_144,Rack_1,37,4,coke_small,0.8746694922447205,828,8,867,147,847,77
frame_144,Rack_1,47,4,coke_small,0.8057128190994263,786,8,826,149,806,78
frame_144,Rack_1,46,4,coke_small,0.8720280528068542,742,8,785,152,763,80
frame_144,Rack_1,18,4,coke_small,0.9378448724746704,697,7,741,152,719,79
frame_144,Rack_1,41,17,sprite_small,0.880092442035675,655,9,696,154,675,81
frame_144,Rack_1,51,17,sprite_small,0.8817244172096252,613,8,653,157,633,82
frame_144,Rack_1,32,17,sprite_small,0.9412715435028076,573,9,613,157,593,83
frame_144,Rack_1,28,17,sprite_small,0.8579383492469788,531,11,572,155,551,83
frame_144,Rack_1,23,9,empty,0.775231659412384,340,11,530,174,435,92
frame_144,Rack_1,38,0,7up_med,0.7870064377784729,207,26,259,197,233,111
frame_144,Rack_1,34,0,7up_med,0.9053718447685242,153,29,205,201,179,115
frame_144,Rack_1,53,0,7up_med,0.8173242807388306,108,33,153,203,130,118
frame_144,Rack_1,58,0,7up_med,0.9236252903938293,65,36,109,205,87,120
frame_144,Rack_1,82,0,7up_med,0.707908034324646,22,40,61,207,41,123
frame_144,Rack_1,75,0,7up_med,0.6882028579711914,0,34,20,208,10,121
frame_145,Rack_1,67,1,a&w_small,0.7532789707183838,1250,11,1277,128,1263,69
frame_145,Rack_1,56,1,a&w_small,0.8041609525680542,1211,9,1254,129,1232,69
frame_145,Rack_1,87,1,a&w_small,0.6082355380058289,1183,8,1205,131,1194,69
frame_145,Rack_1,55,1,a&w_small,0.7415181398391724,1163,8,1207,132,1185,70
frame_145,Rack_1,86,1,a&w_small,0.5287686586380005,1147,10,1176,134,1161,72
frame_145,Rack_1,49,1,a&w_small,0.8319295048713684,1112,10,1158,135,1135,72
frame_145,Rack_1,52,1,a&w_small,0.8969615697860718,1062,9,1108,136,1085,72
frame_145,Rack_1,42,1,a&w_small,0.9003565907478333,1013,8,1060,140,1036,74
frame_145,Rack_1,59,1,a&w_small,0.8429827094078064,966,6,1009,142,987,74
frame_145,Rack_1,35,4,coke_small,0.7550695538520813,918,7,962,143,940,75
frame_145,Rack_1,36,4,coke_small,0.8482846617698669,870,7,915,146,892,76
frame_145,Rack_1,37,4,coke_small,0.8778167963027954,828,8,868,148,848,78
frame_145,Rack_1,47,4,coke_small,0.7944017648696899,786,8,827,150,806,79
frame_145,Rack_1,46,4,coke_small,0.8782577514648438,743,8,786,152,764,80
frame_145,Rack_1,18,4,coke_small,0.93665611743927,698,8,742,153,720,80
frame_145,Rack_1,41,17,sprite_small,0.8825925588607788,655,9,697,156,676,82
frame_145,Rack_1,51,17,sprite_small,0.8448636531829834,613,8,654,158,633,83
frame_145,Rack_1,32,17,sprite_small,0.9271619319915771,573,9,614,159,593,84
frame_145,Rack_1,28,17,sprite_small,0.8399616479873657,531,11,573,157,552,84
frame_145,Rack_1,23,9,empty,0.8215295672416687,340,10,530,174,435,92
frame_145,Rack_1,38,0,7up_med,0.7491698861122131,208,27,260,198,234,112
frame_145,Rack_1,34,0,7up_med,0.8722214102745056,154,30,206,202,180,116
frame_145,Rack_1,53,0,7up_med,0.8121734857559204,109,35,153,203,131,119
frame_145,Rack_1,58,0,7up_med,0.9163063764572144,66,37,109,206,87,121
frame_145,Rack_1,82,0,7up_med,0.6930882334709167,23,40,62,208,42,124
frame_145,Rack_1,75,0,7up_med,0.7047363519668579,0,36,20,208,10,122
frame_146,Rack_1,67,1,a&w_small,0.6983645558357239,1249,11,1276,128,1262,69
frame_146,Rack_1,56,1,a&w_small,0.8042154312133789,1211,10,1254,128,1232,69
frame_146,Rack_1,55,1,a&w_small,0.6809181571006775,1164,8,1208,133,1186,70
frame_146,Rack_1,49,1,a&w_small,0.818329393863678,1113,10,1158,135,1135,72
frame_146,Rack_1,52,1,a&w_small,0.8619589805603027,1062,9,1109,136,1085,72
frame_146,Rack_1,42,1,a&w_small,0.9005285501480103,1014,8,1061,140,1037,74
frame_146,Rack_1,59,1,a&w_small,0.843255877494812,966,6,1010,142,988,74
frame_146,Rack_1,35,4,coke_small,0.8058074712753296,919,7,963,143,941,75
frame_146,Rack_1,36,4,coke_small,0.8671905398368835,872,7,916,145,894,76
frame_146,Rack_1,37,4,coke_small,0.8877826929092407,830,8,869,148,849,78
frame_146,Rack_1,47,4,coke_small,0.7905313968658447,787,8,828,150,807,79
frame_146,Rack_1,46,4,coke_small,0.9003483653068542,744,8,786,152,765,80
frame_146,Rack_1,18,4,coke_small,0.9425857663154602,699,8,743,153,721,80
frame_146,Rack_1,41,17,sprite_small,0.8911713361740112,656,9,698,157,677,83
frame_146,Rack_1,51,17,sprite_small,0.8370600938796997,614,9,655,159,634,84
frame_146,Rack_1,32,17,sprite_small,0.9234610199928284,573,9,615,159,594,84
frame_146,Rack_1,28,17,sprite_small,0.8389890789985657,532,11,573,158,552,84
frame_146,Rack_1,23,9,empty,0.8400980234146118,342,10,532,175,437,92
frame_146,Rack_1,38,0,7up_med,0.7501540184020996,209,28,260,198,234,113
frame_146,Rack_1,34,0,7up_med,0.8527651429176331,156,32,207,201,181,116
frame_146,Rack_1,53,0,7up_med,0.7940376996994019,110,36,154,203,132,119
frame_146,Rack_1,58,0,7up_med,0.927360475063324,66,38,110,207,88,122
frame_146,Rack_1,82,0,7up_med,0.6788872480392456,23,41,63,208,43,124
frame_146,Rack_1,75,0,7up_med,0.7301724553108215,0,36,20,208,10,122
frame_147,Rack_1,67,1,a&w_small,0.7387916445732117,1248,11,1275,128,1261,69
frame_147,Rack_1,56,1,a&w_small,0.7911167740821838,1213,11,1255,129,1234,70
frame_147,Rack_1,55,1,a&w_small,0.7019633650779724,1166,9,1210,133,1188,71
frame_147,Rack_1,49,1,a&w_small,0.8094372749328613,1114,10,1160,135,1137,72
frame_147,Rack_1,52,1,a&w_small,0.8315156102180481,1064,10,1110,137,1087,73
frame_147,Rack_1,42,1,a&w_small,0.8889875411987305,1014,8,1061,139,1037,73
frame_147,Rack_1,59,1,a&w_small,0.8475456833839417,967,6,1011,142,989,74
frame_147,Rack_1,35,4,coke_small,0.8354657888412476,920,7,964,144,942,75
frame_147,Rack_1,36,4,coke_small,0.8788703083992004,872,7,917,146,894,76
frame_147,Rack_1,37,4,coke_small,0.8689165115356445,830,8,870,148,850,78
frame_147,Rack_1,47,4,coke_small,0.8170036673545837,788,8,829,150,808,79
frame_147,Rack_1,46,4,coke_small,0.8890140652656555,745,8,787,152,766,80
frame_147,Rack_1,18,4,coke_small,0.9362683892250061,699,8,744,153,721,80
frame_147,Rack_1,41,17,sprite_small,0.9073806405067444,657,8,699,157,678,82
frame_147,Rack_1,51,17,sprite_small,0.8874664306640625,615,11,656,159,635,85
frame_147,Rack_1,32,17,sprite_small,0.9127500057220459,574,9,615,160,594,84
frame_147,Rack_1,28,17,sprite_small,0.835379421710968,532,11,574,159,553,85
frame_147,Rack_1,23,9,empty,0.840770423412323,341,10,532,176,436,93
frame_147,Rack_1,38,0,7up_med,0.7511675357818604,209,27,261,199,235,113
frame_147,Rack_1,34,0,7up_med,0.8624635934829712,157,32,208,201,182,116
frame_147,Rack_1,53,0,7up_med,0.8094324469566345,111,36,155,203,133,119
frame_147,Rack_1,58,0,7up_med,0.9203799366950989,66,38,110,207,88,122
frame_147,Rack_1,82,0,7up_med,0.660124659538269,25,41,64,208,44,124
frame_147,Rack_1,75,0,7up_med,0.712651252746582,0,37,21,208,10,122
frame_148,Rack_1,68,1,a&w_small,0.6615632176399231,1229,11,1265,128,1247,69
frame_148,Rack_1,56,1,a&w_small,0.8053451776504517,1215,12,1257,129,1236,70
frame_148,Rack_1,55,1,a&w_small,0.7367908358573914,1167,9,1211,133,1189,71
frame_148,Rack_1,49,1,a&w_small,0.8334133625030518,1116,11,1161,135,1138,73
frame_148,Rack_1,52,1,a&w_small,0.8087618350982666,1065,10,1112,136,1088,73
frame_148,Rack_1,42,1,a&w_small,0.8706873655319214,1015,8,1062,139,1038,73
frame_148,Rack_1,59,1,a&w_small,0.8236908912658691,967,6,1011,142,989,74
frame_148,Rack_1,35,4,coke_small,0.8467779159545898,920,7,965,144,942,75
frame_148,Rack_1,36,4,coke_small,0.8657234907150269,873,8,918,146,895,77
frame_148,Rack_1,37,4,coke_small,0.8476360440254211,831,9,871,148,851,78
frame_148,Rack_1,47,4,coke_small,0.795114278793335,790,8,830,149,810,78
frame_148,Rack_1,46,4,coke_small,0.9116034507751465,746,9,788,151,767,80
frame_148,Rack_1,18,4,coke_small,0.9199666380882263,700,8,745,153,722,80
frame_148,Rack_1,41,17,sprite_small,0.9231695532798767,658,11,699,155,678,83
frame_148,Rack_1,51,17,sprite_small,0.9377835392951965,616,11,657,159,636,85
frame_148,Rack_1,32,17,sprite_small,0.9257287979125977,575,9,616,159,595,84
frame_148,Rack_1,28,17,sprite_small,0.9046638607978821,534,11,575,158,554,84
frame_148,Rack_1,23,9,empty,0.8073372840881348,341,10,534,178,437,94
frame_148,Rack_1,38,0,7up_med,0.7512407898902893,210,28,262,200,236,114
frame_148,Rack_1,34,0,7up_med,0.8494318723678589,158,32,209,201,183,116
frame_148,Rack_1,53,0,7up_med,0.7933518290519714,111,36,156,204,133,120
frame_148,Rack_1,58,0,7up_med,0.8996004462242126,67,39,110,207,88,123
frame_148,Rack_1,82,0,7up_med,0.6828352808952332,26,41,65,208,45,124
frame_148,Rack_1,75,0,7up_med,0.7120619416236877,0,37,22,209,11,123
frame_149,Rack_1,56,1,a&w_small,0.8463473916053772,1217,12,1260,130,1238,71
frame_149,Rack_1,55,1,a&w_small,0.7504084706306458,1168,8,1213,134,1190,71
frame_149,Rack_1,49,1,a&w_small,0.841249942779541,1116,10,1162,136,1139,73
frame_149,Rack_1,52,1,a&w_small,0.7998471856117249,1067,10,1114,137,1090,73
frame_149,Rack_1,42,1,a&w_small,0.8712148666381836,1016,8,1063,139,1039,73
frame_149,Rack_1,59,1,a&w_small,0.8497037887573242,968,6,1012,142,990,74
frame_149,Rack_1,35,4,coke_small,0.8534058928489685,922,7,967,144,944,75
frame_149,Rack_1,36,4,coke_small,0.8778830766677856,874,8,919,146,896,77
frame_149,Rack_1,37,4,coke_small,0.847862958908081,832,9,872,148,852,78
frame_149,Rack_1,47,4,coke_small,0.8506948947906494,791,8,831,150,811,79
frame_149,Rack_1,46,4,coke_small,0.8938981890678406,747,8,789,151,768,79
frame_149,Rack_1,18,4,coke_small,0.8451838493347168,701,9,746,153,723,81
frame_149,Rack_1,41,17,sprite_small,0.9099414944648743,658,9,701,156,679,82
frame_149,Rack_1,51,17,sprite_small,0.9422048330307007,619,11,659,159,639,85
frame_149,Rack_1,32,17,sprite_small,0.9280951023101807,577,8,618,159,597,83
frame_149,Rack_1,28,17,sprite_small,0.9145398139953613,535,10,577,159,556,84
frame_149,Rack_1,23,9,empty,0.8073403835296631,347,10,534,173,440,91
frame_149,Rack_1,38,0,7up_med,0.7358617186546326,211,29,262,200,236,114
frame_149,Rack_1,34,0,7up_med,0.8964466452598572,158,33,210,201,184,117
frame_149,Rack_1,53,0,7up_med,0.8161715865135193,112,36,157,205,134,120
frame_149,Rack_1,58,0,7up_med,0.8948861360549927,68,40,111,207,89,123
frame_149,Rack_1,82,0,7up_med,0.7057196497917175,27,41,67,208,47,124
frame_149,Rack_1,75,0,7up_med,0.7326151728630066,1,38,23,209,12,123
frame_150,Rack_1,56,1,a&w_small,0.8499243259429932,1220,12,1263,130,1241,71
frame_150,Rack_1,55,1,a&w_small,0.7426785826683044,1170,8,1215,134,1192,71
frame_150,Rack_1,49,1,a&w_small,0.830886960029602,1118,10,1164,136,1141,73
frame_150,Rack_1,52,1,a&w_small,0.8067116737365723,1068,9,1116,137,1092,73
frame_150,Rack_1,42,1,a&w_small,0.8724405765533447,1017,8,1064,139,1040,73
frame_150,Rack_1,59,1,a&w_small,0.8539722561836243,970,6,1014,142,992,74
frame_150,Rack_1,35,4,coke_small,0.7995782494544983,923,7,968,144,945,75
frame_150,Rack_1,36,4,coke_small,0.8893882632255554,875,8,920,146,897,77
frame_150,Rack_1,37,4,coke_small,0.854032576084137,833,9,873,149,853,79
frame_150,Rack_1,47,4,coke_small,0.8499214053153992,792,8,832,150,812,79
frame_150,Rack_1,46,4,coke_small,0.8955731391906738,748,8,791,151,769,79
frame_150,Rack_1,18,4,coke_small,0.8682883977890015,703,9,747,153,725,81
frame_150,Rack_1,41,17,sprite_small,0.869381308555603,660,10,702,156,681,83
frame_150,Rack_1,51,17,sprite_small,0.9368259310722351,620,11,660,159,640,85
frame_150,Rack_1,32,17,sprite_small,0.9413565397262573,578,8,619,159,598,83
frame_150,Rack_1,28,17,sprite_small,0.9278606176376343,536,10,578,159,557,84
frame_150,Rack_1,23,9,empty,0.8314579129219055,343,10,535,178,439,94
frame_150,Rack_1,38,0,7up_med,0.717786431312561,212,30,264,201,238,115
frame_150,Rack_1,34,0,7up_med,0.8546279072761536,160,34,211,202,185,118
frame_150,Rack_1,53,0,7up_med,0.805012583732605,113,37,158,206,135,121
frame_150,Rack_1,58,0,7up_med,0.8573735356330872,69,40,112,208,90,124
frame_150,Rack_1,82,0,7up_med,0.7089053988456726,28,41,68,209,48,125
frame_150,Rack_1,75,0,7up_med,0.7776243090629578,1,38,24,210,12,124
frame_151,Rack_1,56,1,a&w_small,0.8200594782829285,1221,12,1265,130,1243,71
frame_151,Rack_1,55,1,a&w_small,0.690825343132019,1171,9,1216,133,1193,71
frame_151,Rack_1,49,1,a&w_small,0.808707594871521,1120,11,1166,136,1143,73
frame_151,Rack_1,52,1,a&w_small,0.8280268907546997,1069,8,1117,138,1093,73
frame_151,Rack_1,42,1,a&w_small,0.8602776527404785,1019,8,1067,139,1043,73
frame_151,Rack_1,59,1,a&w_small,0.829433023929596,972,6,1016,142,994,74
frame_151,Rack_1,35,4,coke_small,0.8338598012924194,925,7,970,144,947,75
frame_151,Rack_1,36,4,coke_small,0.8622473478317261,876,8,921,146,898,77
frame_151,Rack_1,37,4,coke_small,0.8437422513961792,835,9,875,149,855,79
frame_151,Rack_1,47,4,coke_small,0.9048032164573669,794,8,834,150,814,79
frame_151,Rack_1,46,4,coke_small,0.9007654786109924,749,8,792,151,770,79
frame_151,Rack_1,18,4,coke_small,0.8980201482772827,704,9,748,152,726,80
frame_151,Rack_1,41,17,sprite_small,0.8823263049125671,662,11,703,154,682,82
frame_151,Rack_1,51,17,sprite_small,0.945888340473175,621,11,661,158,641,84
frame_151,Rack_1,32,17,sprite_small,0.9571137428283691,579,8,620,159,599,83
frame_151,Rack_1,28,17,sprite_small,0.9485011696815491,538,9,579,158,558,83
frame_151,Rack_1,23,9,empty,0.8375107049942017,344,10,538,180,441,95
frame_151,Rack_1,38,0,7up_med,0.7259234189987183,213,30,265,201,239,115
frame_151,Rack_1,34,0,7up_med,0.8058141469955444,161,34,212,203,186,118
frame_151,Rack_1,53,0,7up_med,0.8413755893707275,114,37,159,206,136,121
frame_151,Rack_1,58,0,7up_med,0.7742570042610168,71,40,114,208,92,124
frame_151,Rack_1,82,0,7up_med,0.7325398921966553,29,42,70,209,49,125
frame_151,Rack_1,75,0,7up_med,0.7854172587394714,2,38,25,211,13,124
frame_152,Rack_1,56,1,a&w_small,0.8300724029541016,1222,11,1266,130,1244,70
frame_152,Rack_1,55,1,a&w_small,0.795221745967865,1172,9,1217,133,1194,71
frame_152,Rack_1,49,1,a&w_small,0.816942572593689,1122,10,1168,136,1145,73
frame_152,Rack_1,52,1,a&w_small,0.819218635559082,1070,8,1118,138,1094,73
frame_152,Rack_1,42,1,a&w_small,0.8630287051200867,1020,8,1068,140,1044,74
frame_152,Rack_1,59,1,a&w_small,0.830400288105011,974,6,1018,143,996,74
frame_152,Rack_1,35,4,coke_small,0.8202385306358337,926,7,972,144,949,75
frame_152,Rack_1,36,4,coke_small,0.8188400864601135,878,8,923,146,900,77
frame_152,Rack_1,37,4,coke_small,0.8296352028846741,836,9,876,149,856,79
frame_152,Rack_1,47,4,coke_small,0.9001580476760864,795,8,835,149,815,78
frame_152,Rack_1,46,4,coke_small,0.856011688709259,751,8,794,150,772,79
frame_152,Rack_1,18,4,coke_small,0.9148964881896973,706,9,749,152,727,80
frame_152,Rack_1,41,17,sprite_small,0.890511155128479,663,12,703,153,683,82
frame_152,Rack_1,51,17,sprite_small,0.9086577892303467,623,11,662,158,642,84
frame_152,Rack_1,32,17,sprite_small,0.959509551525116,581,8,621,158,601,83
frame_152,Rack_1,28,17,sprite_small,0.9563931226730347,539,10,580,156,559,83
frame_152,Rack_1,23,9,empty,0.8171991109848022,345,10,536,176,440,93
frame_152,Rack_1,38,0,7up_med,0.7089777588844299,214,30,266,202,240,116
frame_152,Rack_1,34,0,7up_med,0.8328977227210999,161,35,212,203,186,119
frame_152,Rack_1,53,0,7up_med,0.8690798282623291,115,37,160,206,137,121
frame_152,Rack_1,58,0,7up_med,0.7658275961875916,72,40,115,208,93,124
frame_152,Rack_1,82,0,7up_med,0.7286223769187927,31,43,72,209,51,126
frame_152,Rack_1,75,0,7up_med,0.7269851565361023,2,38,26,211,14,124
frame_153,Rack_1,56,1,a&w_small,0.8489997982978821,1223,10,1267,130,1245,70
frame_153,Rack_1,55,1,a&w_small,0.8473383188247681,1174,8,1219,133,1196,70
frame_153,Rack_1,49,1,a&w_small,0.8683796525001526,1124,11,1169,136,1146,73
frame_153,Rack_1,52,1,a&w_small,0.8206174969673157,1072,8,1120,139,1096,73
frame_153,Rack_1,42,1,a&w_small,0.8489437699317932,1022,9,1070,141,1046,75
frame_153,Rack_1,59,1,a&w_small,0.8616907000541687,975,6,1020,143,997,74
frame_153,Rack_1,35,4,coke_small,0.7715440988540649,928,8,973,144,950,76
frame_153,Rack_1,36,4,coke_small,0.7984896898269653,880,8,925,146,902,77
frame_153,Rack_1,37,4,coke_small,0.8293159008026123,838,9,878,149,858,79
frame_153,Rack_1,47,4,coke_small,0.8642299175262451,796,8,836,149,816,78
frame_153,Rack_1,46,4,coke_small,0.8260811567306519,752,8,795,150,773,79
frame_153,Rack_1,18,4,coke_small,0.9258232116699219,707,9,751,151,729,80
frame_153,Rack_1,41,17,sprite_small,0.9169732332229614,664,11,705,154,684,82
frame_153,Rack_1,51,17,sprite_small,0.9019788503646851,624,11,664,158,644,84
frame_153,Rack_1,32,17,sprite_small,0.9674413800239563,583,9,624,158,603,83
frame_153,Rack_1,28,17,sprite_small,0.9466693997383118,541,10,581,156,561,83
frame_153,Rack_1,23,9,empty,0.8111571073532104,348,9,540,177,444,93
frame_153,Rack_1,38,0,7up_med,0.7447420954704285,215,31,267,202,241,116
frame_153,Rack_1,34,0,7up_med,0.8615474104881287,162,36,213,204,187,120
frame_153,Rack_1,53,0,7up_med,0.8625231981277466,117,37,161,207,139,122
frame_153,Rack_1,58,0,7up_med,0.7965023517608643,74,41,117,208,95,124
frame_153,Rack_1,82,0,7up_med,0.758712649345398,33,45,73,210,53,127
frame_153,Rack_1,75,0,7up_med,0.6770602464675903,2,33,27,212,14,122
frame_154,Rack_1,56,1,a&w_small,0.848726212978363,1224,9,1269,130,1246,69
frame_154,Rack_1,55,1,a&w_small,0.8455633521080017,1176,7,1221,133,1198,70
frame_154,Rack_1,49,1,a&w_small,0.8575606942176819,1125,12,1171,136,1148,74
frame_154,Rack_1,52,1,a&w_small,0.8606328964233398,1074,8,1122,139,1098,73
frame_154,Rack_1,42,1,a&w_small,0.8374022245407104,1024,9,1072,141,1048,75
frame_154,Rack_1,59,1,a&w_small,0.8364914655685425,976,6,1021,143,998,74
frame_154,Rack_1,35,4,coke_small,0.7717748284339905,929,7,975,144,952,75
frame_154,Rack_1,36,4,coke_small,0.8378030061721802,881,8,926,146,903,77
frame_154,Rack_1,37,4,coke_small,0.8682342171669006,839,9,879,149,859,79
frame_154,Rack_1,47,4,coke_small,0.8757914304733276,798,9,838,149,818,79
frame_154,Rack_1,46,4,coke_small,0.8210052251815796,753,9,796,151,774,80
frame_154,Rack_1,18,4,coke_small,0.9244851469993591,708,9,752,152,730,80
frame_154,Rack_1,41,17,sprite_small,0.9219919443130493,665,11,706,153,685,82
frame_154,Rack_1,51,17,sprite_small,0.8631739020347595,626,11,665,158,645,84
frame_154,Rack_1,32,17,sprite_small,0.9612112641334534,585,10,626,157,605,83
frame_154,Rack_1,28,17,sprite_small,0.9516203999519348,542,12,583,155,562,83
frame_154,Rack_1,23,9,empty,0.8100413680076599,347,10,537,175,442,92
frame_154,Rack_1,38,0,7up_med,0.7681671380996704,216,31,268,203,242,117
frame_154,Rack_1,34,0,7up_med,0.8527277112007141,163,36,214,204,188,120
frame_154,Rack_1,53,0,7up_med,0.8796498775482178,118,37,163,207,140,122
frame_154,Rack_1,58,0,7up_med,0.8367248177528381,76,42,118,209,97,125
frame_154,Rack_1,82,0,7up_med,0.6929439902305603,34,45,75,211,54,128
frame_154,Rack_1,75,0,7up_med,0.7224392890930176,2,37,28,213,15,125
frame_155,Rack_1,56,1,a&w_small,0.8307399153709412,1226,9,1270,130,1248,69
frame_155,Rack_1,55,1,a&w_small,0.8405284285545349,1179,7,1224,133,1201,70
frame_155,Rack_1,49,1,a&w_small,0.8452728986740112,1127,12,1172,135,1149,73
frame_155,Rack_1,52,1,a&w_small,0.8617656826972961,1076,8,1124,139,1100,73
frame_155,Rack_1,42,1,a&w_small,0.8513063788414001,1026,8,1074,140,1050,74
frame_155,Rack_1,59,1,a&w_small,0.8495332598686218,978,6,1022,143,1000,74
frame_155,Rack_1,35,4,coke_small,0.700209379196167,931,7,976,145,953,76
frame_155,Rack_1,36,4,coke_small,0.8510212898254395,882,8,928,146,905,77
frame_155,Rack_1,37,4,coke_small,0.8775662183761597,841,9,881,149,861,79
frame_155,Rack_1,47,4,coke_small,0.849299967288971,800,8,840,149,820,78
frame_155,Rack_1,46,4,coke_small,0.8403205275535583,755,8,798,150,776,79
frame_155,Rack_1,18,4,coke_small,0.9170721769332886,710,9,754,151,732,80
frame_155,Rack_1,41,17,sprite_small,0.9291598200798035,667,11,708,154,687,82
frame_155,Rack_1,51,17,sprite_small,0.8750905394554138,627,10,667,158,647,84
frame_155,Rack_1,32,17,sprite_small,0.9680774807929993,588,11,628,157,608,84
frame_155,Rack_1,28,17,sprite_small,0.9310348033905029,544,12,584,155,564,83
frame_155,Rack_1,23,9,empty,0.836327314376831,345,10,540,179,442,94
frame_155,Rack_1,38,0,7up_med,0.7150227427482605,218,32,269,203,243,117
frame_155,Rack_1,34,0,7up_med,0.8805678486824036,166,36,216,205,191,120
frame_155,Rack_1,53,0,7up_med,0.9123533964157104,120,38,165,207,142,122
frame_155,Rack_1,58,0,7up_med,0.8614141941070557,77,43,120,209,98,126
frame_155,Rack_1,82,0,7up_med,0.7477737069129944,35,46,76,212,55,129
frame_155,Rack_1,75,0,7up_med,0.7173904180526733,3,39,29,214,16,126
frame_156,Rack_1,56,1,a&w_small,0.7986886501312256,1227,10,1270,130,1248,70
frame_156,Rack_1,55,1,a&w_small,0.841795027256012,1180,8,1226,133,1203,70
frame_156,Rack_1,49,1,a&w_small,0.8217383027076721,1129,11,1174,135,1151,73
frame_156,Rack_1,52,1,a&w_small,0.8453401923179626,1078,8,1125,138,1101,73
frame_156,Rack_1,42,1,a&w_small,0.8893956542015076,1028,8,1076,140,1052,74
frame_156,Rack_1,59,1,a&w_small,0.8726483583450317,981,6,1025,143,1003,74
frame_156,Rack_1,35,4,coke_small,0.6291464567184448,933,7,978,144,955,75
frame_156,Rack_1,36,4,coke_small,0.826506495475769,884,7,930,146,907,76
frame_156,Rack_1,37,4,coke_small,0.8900935053825378,843,9,883,149,863,79
frame_156,Rack_1,47,4,coke_small,0.8618717193603516,801,8,842,148,821,78
frame_156,Rack_1,46,4,coke_small,0.8411446213722229,757,8,799,149,778,78
frame_156,Rack_1,18,4,coke_small,0.9319591522216797,712,9,756,150,734,79
frame_156,Rack_1,41,17,sprite_small,0.9033043384552002,669,10,711,155,690,82
frame_156,Rack_1,51,17,sprite_small,0.9132469296455383,629,9,668,158,648,83
frame_156,Rack_1,32,17,sprite_small,0.9649685621261597,589,11,629,157,609,84
frame_156,Rack_1,28,17,sprite_small,0.9118409156799316,546,12,586,154,566,83
frame_156,Rack_1,23,9,empty,0.81645268201828,345,10,539,177,442,93
frame_156,Rack_1,38,0,7up_med,0.6380181312561035,220,36,270,202,245,119
frame_156,Rack_1,34,0,7up_med,0.8830808997154236,168,37,219,205,193,121
frame_156,Rack_1,53,0,7up_med,0.9030853509902954,122,38,167,207,144,122
frame_156,Rack_1,58,0,7up_med,0.8757556676864624,78,43,121,209,99,126
frame_156,Rack_1,82,0,7up_med,0.8688064813613892,37,46,78,212,57,129
frame_156,Rack_1,75,0,7up_med,0.7304604053497314,4,33,32,215,18,124
frame_157,Rack_1,56,1,a&w_small,0.8075544834136963,1228,11,1270,129,1249,70
frame_157,Rack_1,55,1,a&w_small,0.8231014609336853,1182,9,1227,133,1204,71
frame_157,Rack_1,49,1,a&w_small,0.8208180665969849,1130,11,1176,135,1153,73
frame_157,Rack_1,52,1,a&w_small,0.8412052989006042,1080,9,1127,137,1103,73
frame_157,Rack_1,42,1,a&w_small,0.8932737708091736,1030,9,1077,140,1053,74
frame_157,Rack_1,59,1,a&w_small,0.8388437032699585,982,7,1026,142,1004,74
frame_157,Rack_1,35,4,coke_small,0.713241696357727,935,8,980,144,957,76
frame_157,Rack_1,36,4,coke_small,0.8711577653884888,886,7,932,146,909,76
frame_157,Rack_1,37,4,coke_small,0.8640159368515015,845,9,885,148,865,78
frame_157,Rack_1,47,4,coke_small,0.8462268710136414,803,8,844,148,823,78
frame_157,Rack_1,46,4,coke_small,0.8501847386360168,759,8,801,148,780,78
frame_157,Rack_1,18,4,coke_small,0.9485585689544678,714,10,757,150,735,80
frame_157,Rack_1,41,17,sprite_small,0.8938516974449158,671,10,713,155,692,82
frame_157,Rack_1,51,17,sprite_small,0.8788354992866516,630,9,670,159,650,84
frame_157,Rack_1,32,17,sprite_small,0.9623451828956604,590,12,630,158,610,85
frame_157,Rack_1,28,17,sprite_small,0.9157612323760986,547,12,587,155,567,83
frame_157,Rack_1,23,9,empty,0.8228720426559448,346,10,541,178,443,94
frame_157,Rack_1,38,0,7up_med,0.7005994319915771,222,38,271,201,246,119
frame_157,Rack_1,34,0,7up_med,0.8748672008514404,169,37,220,206,194,121
frame_157,Rack_1,53,0,7up_med,0.870007336139679,125,40,169,209,147,124
frame_157,Rack_1,58,0,7up_med,0.8554736971855164,80,43,123,210,101,126
frame_157,Rack_1,82,0,7up_med,0.8958189487457275,39,47,80,212,59,129
frame_157,Rack_1,75,0,7up_med,0.6387397646903992,4,29,33,215,18,122
frame_158,Rack_1,56,1,a&w_small,0.8466648459434509,1231,11,1273,130,1252,70
frame_158,Rack_1,55,1,a&w_small,0.7753143906593323,1185,10,1229,131,1207,70
frame_158,Rack_1,49,1,a&w_small,0.796994686126709,1132,12,1178,135,1155,73
frame_158,Rack_1,52,1,a&w_small,0.8354871273040771,1082,10,1130,137,1106,73
frame_158,Rack_1,42,1,a&w_small,0.8700166344642639,1032,9,1080,140,1056,74
frame_158,Rack_1,59,1,a&w_small,0.7478178143501282,984,7,1028,142,1006,74
frame_158,Rack_1,35,4,coke_small,0.7332554459571838,936,7,982,144,959,75
frame_158,Rack_1,36,4,coke_small,0.8759942054748535,888,8,934,146,911,77
frame_158,Rack_1,37,4,coke_small,0.8664925694465637,847,9,887,149,867,79
frame_158,Rack_1,47,4,coke_small,0.863554060459137,805,8,845,149,825,78
frame_158,Rack_1,46,4,coke_small,0.8682959675788879,761,8,803,148,782,78
frame_158,Rack_1,18,4,coke_small,0.9491943120956421,716,10,759,150,737,80
frame_158,Rack_1,41,17,sprite_small,0.8724098205566406,672,10,714,155,693,82
frame_158,Rack_1,51,17,sprite_small,0.887757420539856,632,10,672,159,652,84
frame_158,Rack_1,32,17,sprite_small,0.923753559589386,592,11,632,155,612,83
frame_158,Rack_1,28,17,sprite_small,0.8823217749595642,549,13,589,153,569,83
frame_158,Rack_1,23,9,empty,0.8230215907096863,343,11,543,181,443,96
frame_158,Rack_1,38,0,7up_med,0.7782201766967773,224,39,273,202,248,120
frame_158,Rack_1,34,0,7up_med,0.8801851272583008,171,37,222,206,196,121
frame_158,Rack_1,53,0,7up_med,0.8905240893363953,126,41,170,209,148,125
frame_158,Rack_1,58,0,7up_med,0.8498260378837585,81,44,125,211,103,127
frame_158,Rack_1,82,0,7up_med,0.8897125720977783,40,47,82,213,61,130
frame_158,Rack_1,75,0,7up_med,0.7527981996536255,5,37,34,215,19,126
frame_159,Rack_1,56,1,a&w_small,0.8348920345306396,1234,12,1275,128,1254,70
frame_159,Rack_1,55,1,a&w_small,0.6901220083236694,1187,11,1231,130,1209,70
frame_159,Rack_1,49,1,a&w_small,0.7671413421630859,1136,11,1181,135,1158,73
frame_159,Rack_1,52,1,a&w_small,0.8493931889533997,1085,10,1132,137,1108,73
frame_159,Rack_1,42,1,a&w_small,0.8103278875350952,1034,10,1082,140,1058,75
frame_159,Rack_1,59,1,a&w_small,0.7758833765983582,986,7,1030,142,1008,74
frame_159,Rack_1,35,4,coke_small,0.6091073155403137,939,7,984,144,961,75
frame_159,Rack_1,36,4,coke_small,0.8721013069152832,890,8,935,146,912,77
frame_159,Rack_1,37,4,coke_small,0.8550251126289368,848,9,889,150,868,79
frame_159,Rack_1,47,4,coke_small,0.8683708906173706,807,8,848,150,827,79
frame_159,Rack_1,46,4,coke_small,0.8573883771896362,763,8,806,150,784,79
frame_159,Rack_1,18,4,coke_small,0.8995060324668884,717,10,761,151,739,80
frame_159,Rack_1,41,17,sprite_small,0.8513963222503662,674,10,716,155,695,82
frame_159,Rack_1,51,17,sprite_small,0.8613706827163696,635,10,675,159,655,84
frame_159,Rack_1,32,17,sprite_small,0.9378123879432678,593,11,634,158,613,84
frame_159,Rack_1,28,17,sprite_small,0.8938436508178711,551,12,591,154,571,83
frame_159,Rack_1,23,9,empty,0.8047930002212524,347,10,546,181,446,95
frame_159,Rack_1,38,0,7up_med,0.7666416764259338,226,40,275,202,250,121
frame_159,Rack_1,34,0,7up_med,0.8659982681274414,173,37,224,206,198,121
frame_159,Rack_1,53,0,7up_med,0.9253766536712646,128,42,172,210,150,126
frame_159,Rack_1,58,0,7up_med,0.8791838884353638,82,44,126,211,104,127
frame_159,Rack_1,82,0,7up_med,0.8756968379020691,41,47,83,214,62,130
frame_159,Rack_1,75,0,7up_med,0.7203993201255798,6,42,35,215,20,128
frame_160,Rack_1,56,1,a&w_small,0.8598940372467041,1235,11,1275,128,1255,69
frame_160,Rack_1,55,1,a&w_small,0.8139580488204956,1189,11,1233,130,1211,70
frame_160,Rack_1,49,1,a&w_small,0.7774297595024109,1139,11,1184,134,1161,72
frame_160,Rack_1,52,1,a&w_small,0.8482729196548462,1087,9,1135,138,1111,73
frame_160,Rack_1,42,1,a&w_small,0.8309710025787354,1036,9,1084,140,1060,74
frame_160,Rack_1,59,1,a&w_small,0.7640524506568909,989,6,1033,142,1011,74
frame_160,Rack_1,35,4,coke_small,0.5584641098976135,941,7,986,144,963,75
frame_160,Rack_1,36,4,coke_small,0.8258343935012817,892,8,937,146,914,77
frame_160,Rack_1,37,4,coke_small,0.8292056918144226,850,9,891,150,870,79
frame_160,Rack_1,47,4,coke_small,0.8868429064750671,809,8,850,151,829,79
frame_160,Rack_1,46,4,coke_small,0.8392452001571655,765,7,808,150,786,78
frame_160,Rack_1,18,4,coke_small,0.919552743434906,719,11,763,151,741,81
frame_160,Rack_1,41,17,sprite_small,0.7818426489830017,676,10,718,154,697,82
frame_160,Rack_1,51,17,sprite_small,0.8163743615150452,637,10,677,157,657,83
frame_160,Rack_1,32,17,sprite_small,0.9400749206542969,595,11,635,157,615,84
frame_160,Rack_1,28,17,sprite_small,0.9219119548797607,553,12,593,153,573,82
frame_160,Rack_1,23,9,empty,0.7813452482223511,350,10,546,177,448,93
frame_160,Rack_1,38,0,7up_med,0.84660804271698,228,41,277,203,252,122
frame_160,Rack_1,34,0,7up_med,0.8857982754707336,175,38,226,207,200,122
frame_160,Rack_1,53,0,7up_med,0.8991643190383911,129,42,173,210,151,126
frame_160,Rack_1,58,0,7up_med,0.9131324291229248,84,44,128,212,106,128
frame_160,Rack_1,82,0,7up_med,0.759307324886322,44,47,85,214,64,130
frame_160,Rack_1,75,0,7up_med,0.6163449883460999,6,45,36,216,21,130
frame_161,Rack_1,68,1,a&w_small,0.8433091044425964,1237,12,1273,128,1255,70
frame_161,Rack_1,56,1,a&w_small,0.7178318500518799,1230,11,1270,128,1250,69
frame_161,Rack_1,55,1,a&w_small,0.8380266427993774,1192,11,1236,130,1214,70
frame_161,Rack_1,49,1,a&w_small,0.8006983995437622,1141,12,1186,135,1163,73
frame_161,Rack_1,52,1,a&w_small,0.817908763885498,1089,9,1137,138,1113,73
frame_161,Rack_1,42,1,a&w_small,0.8186757564544678,1038,9,1086,141,1062,75
frame_161,Rack_1,59,1,a&w_small,0.7927109599113464,991,6,1035,143,1013,74
frame_161,Rack_1,35,4,coke_small,0.5217815041542053,943,7,989,144,966,75
frame_161,Rack_1,36,4,coke_small,0.7984973788261414,894,8,940,147,917,77
frame_161,Rack_1,37,4,coke_small,0.8383520245552063,852,9,893,151,872,80
frame_161,Rack_1,47,4,coke_small,0.8761259317398071,811,8,852,152,831,80
frame_161,Rack_1,46,4,coke_small,0.8083547353744507,767,8,810,151,788,79
frame_161,Rack_1,18,4,coke_small,0.9232663512229919,721,10,765,153,743,81
frame_161,Rack_1,41,17,sprite_small,0.8735325336456299,678,10,720,156,699,83
frame_161,Rack_1,51,17,sprite_small,0.8301546573638916,639,11,678,158,658,84
frame_161,Rack_1,32,17,sprite_small,0.9631377458572388,596,10,637,158,616,84
frame_161,Rack_1,28,17,sprite_small,0.9601432085037231,554,12,595,157,574,84
frame_161,Rack_1,23,9,empty,0.8053909540176392,351,10,550,180,450,95
frame_161,Rack_1,38,0,7up_med,0.7930256724357605,230,42,279,203,254,122
frame_161,Rack_1,34,0,7up_med,0.8829951882362366,177,39,228,207,202,123
frame_161,Rack_1,53,0,7up_med,0.6865215301513672,132,43,175,210,153,126
frame_161,Rack_1,58,0,7up_med,0.9152982831001282,87,46,130,213,108,129
frame_161,Rack_1,82,0,7up_med,0.7671189308166504,46,47,88,215,67,131
frame_161,Rack_1,75,0,7up_med,0.5864706039428711,8,47,39,216,23,131
frame_162,Rack_1,68,1,a&w_small,0.8483973145484924,1238,12,1273,129,1255,70
frame_162,Rack_1,56,1,a&w_small,0.5982384085655212,1224,11,1264,129,1244,70
frame_162,Rack_1,55,1,a&w_small,0.8355284333229065,1194,10,1239,131,1216,70
frame_162,Rack_1,49,1,a&w_small,0.7533075213432312,1143,12,1189,135,1166,73
frame_162,Rack_1,52,1,a&w_small,0.8790095448493958,1091,9,1139,138,1115,73
frame_162,Rack_1,42,1,a&w_small,0.8030263185501099,1041,9,1089,141,1065,75
frame_162,Rack_1,59,1,a&w_small,0.7967120409011841,992,6,1037,143,1014,74
frame_162,Rack_1,36,4,coke_small,0.8322188854217529,896,8,942,147,919,77
frame_162,Rack_1,37,4,coke_small,0.8618580102920532,854,9,895,151,874,80
frame_162,Rack_1,47,4,coke_small,0.8533638119697571,813,9,854,152,833,80
frame_162,Rack_1,46,4,coke_small,0.8041780591011047,768,8,812,152,790,80
frame_162,Rack_1,18,4,coke_small,0.9371543526649475,722,10,767,153,744,81
frame_162,Rack_1,41,17,sprite_small,0.8976328372955322,680,11,722,158,701,84
frame_162,Rack_1,51,17,sprite_small,0.8235586881637573,640,10,679,156,659,83
frame_162,Rack_1,32,17,sprite_small,0.9409790635108948,598,11,639,158,618,84
frame_162,Rack_1,28,17,sprite_small,0.9473231434822083,556,13,597,157,576,85
frame_162,Rack_1,23,9,empty,0.801959753036499,353,10,549,177,451,93
frame_162,Rack_1,38,0,7up_med,0.7743233442306519,232,43,281,204,256,123
frame_162,Rack_1,34,0,7up_med,0.8890424370765686,179,39,229,208,204,123
frame_162,Rack_1,53,0,7up_med,0.5878915786743164,134,42,178,210,156,126
frame_162,Rack_1,58,0,7up_med,0.8596151471138,90,45,133,212,111,128
frame_162,Rack_1,82,0,7up_med,0.7687484622001648,48,48,90,215,69,131
frame_162,Rack_1,75,0,7up_med,0.6650263667106628,11,51,42,217,26,134
frame_163,Rack_1,68,1,a&w_small,0.8289804458618164,1239,11,1273,129,1256,70
frame_163,Rack_1,96,1,a&w_small,0.5966475009918213,1202,10,1251,130,1226,70
frame_163,Rack_1,55,1,a&w_small,0.844146192073822,1196,11,1241,131,1218,71
frame_163,Rack_1,49,1,a&w_small,0.764153003692627,1146,11,1192,135,1169,73
frame_163,Rack_1,52,1,a&w_small,0.8685362339019775,1093,9,1142,137,1117,73
frame_163,Rack_1,42,1,a&w_small,0.8747035264968872,1043,9,1091,141,1067,75
frame_163,Rack_1,59,1,a&w_small,0.7829148173332214,996,6,1040,143,1018,74
frame_163,Rack_1,36,4,coke_small,0.8369327783584595,898,8,944,147,921,77
frame_163,Rack_1,37,4,coke_small,0.8816540837287903,857,9,897,151,877,80
frame_163,Rack_1,47,4,coke_small,0.8364065289497375,815,9,856,152,835,80
frame_163,Rack_1,46,4,coke_small,0.8202313780784607,770,8,814,152,792,80
frame_163,Rack_1,18,4,coke_small,0.9365800023078918,724,11,769,154,746,82
frame_163,Rack_1,41,17,sprite_small,0.9058578610420227,681,11,724,159,702,85
frame_163,Rack_1,51,17,sprite_small,0.8377533555030823,642,11,681,159,661,85
frame_163,Rack_1,32,17,sprite_small,0.9151928424835205,600,12,641,158,620,85
frame_163,Rack_1,28,17,sprite_small,0.9148173332214355,558,14,598,157,578,85
frame_163,Rack_1,23,9,empty,0.7924112677574158,347,11,547,179,447,95
frame_163,Rack_1,38,0,7up_med,0.8424943089485168,233,43,283,205,258,124
frame_163,Rack_1,34,0,7up_med,0.9045827388763428,180,39,231,208,205,123
frame_163,Rack_1,53,0,7up_med,0.7059481739997864,136,42,180,210,158,126
frame_163,Rack_1,58,0,7up_med,0.8645972013473511,92,46,135,213,113,129
frame_163,Rack_1,82,0,7up_med,0.8839502334594727,49,48,91,215,70,131
frame_163,Rack_1,75,0,7up_med,0.7399872541427612,11,50,44,218,27,134
frame_164,Rack_1,68,1,a&w_small,0.8306635022163391,1241,11,1274,129,1257,70
frame_164,Rack_1,96,1,a&w_small,0.819715678691864,1204,11,1253,130,1228,70
frame_164,Rack_1,55,1,a&w_small,0.7503868937492371,1198,11,1243,131,1220,71
frame_164,Rack_1,49,1,a&w_small,0.8003490567207336,1148,12,1194,135,1171,73
frame_164,Rack_1,52,1,a&w_small,0.8120526075363159,1096,9,1144,137,1120,73
frame_164,Rack_1,42,1,a&w_small,0.8686510324478149,1045,8,1093,140,1069,74
frame_164,Rack_1,59,1,a&w_small,0.8411071300506592,998,7,1042,143,1020,75
frame_164,Rack_1,35,4,coke_small,0.5889498591423035,950,7,995,145,972,76
frame_164,Rack_1,36,4,coke_small,0.8724268078804016,901,8,947,147,924,77
frame_164,Rack_1,37,4,coke_small,0.876251757144928,859,9,899,151,879,80
frame_164,Rack_1,47,4,coke_small,0.8265858888626099,817,9,858,152,837,80
frame_164,Rack_1,46,4,coke_small,0.8436697125434875,772,9,816,153,794,81
frame_164,Rack_1,18,4,coke_small,0.9028961062431335,726,11,771,155,748,83
frame_164,Rack_1,41,17,sprite_small,0.923539400100708,684,12,726,159,705,85
frame_164,Rack_1,51,17,sprite_small,0.9003791809082031,643,11,683,160,663,85
frame_164,Rack_1,32,17,sprite_small,0.9579659700393677,602,12,643,159,622,85
frame_164,Rack_1,28,17,sprite_small,0.9176955223083496,559,14,600,157,579,85
frame_164,Rack_1,23,9,empty,0.798922061920166,344,11,550,185,447,98
frame_164,Rack_1,38,0,7up_med,0.8047741651535034,234,43,284,206,259,124
frame_164,Rack_1,34,0,7up_med,0.8610866665840149,182,40,233,209,207,124
frame_164,Rack_1,53,0,7up_med,0.6087144613265991,138,43,182,211,160,127
frame_164,Rack_1,58,0,7up_med,0.6302072405815125,94,47,137,214,115,130
frame_164,Rack_1,82,0,7up_med,0.8340417742729187,51,48,93,216,72,132
frame_164,Rack_1,75,0,7up_med,0.7432124018669128,11,51,45,218,28,134
frame_165,Rack_1,68,1,a&w_small,0.7555533647537231,1244,12,1275,129,1259,70
frame_165,Rack_1,55,1,a&w_small,0.8349257707595825,1202,11,1247,131,1224,71
frame_165,Rack_1,49,1,a&w_small,0.826409101486206,1150,12,1197,135,1173,73
frame_165,Rack_1,52,1,a&w_small,0.8255770802497864,1099,9,1147,138,1123,73
frame_165,Rack_1,42,1,a&w_small,0.8332052230834961,1048,9,1096,140,1072,74
frame_165,Rack_1,59,1,a&w_small,0.7537088990211487,999,7,1044,143,1021,75
frame_165,Rack_1,35,4,coke_small,0.8083643913269043,951,7,997,145,974,76
frame_165,Rack_1,36,4,coke_small,0.9003276228904724,903,8,949,147,926,77
frame_165,Rack_1,37,4,coke_small,0.8875333070755005,861,9,901,150,881,79
frame_165,Rack_1,47,4,coke_small,0.8295451998710632,819,9,860,152,839,80
frame_165,Rack_1,46,4,coke_small,0.8749526739120483,774,9,818,152,796,80
frame_165,Rack_1,18,4,coke_small,0.9180457592010498,728,11,772,154,750,82
frame_165,Rack_1,41,17,sprite_small,0.8303056359291077,686,12,727,158,706,85
frame_165,Rack_1,51,17,sprite_small,0.8574748039245605,645,10,684,159,664,84
frame_165,Rack_1,32,17,sprite_small,0.9354533553123474,604,13,645,159,624,86
frame_165,Rack_1,28,17,sprite_small,0.8270507454872131,561,15,602,156,581,85
frame_165,Rack_1,23,9,empty,0.7626760005950928,349,11,552,181,450,96
frame_165,Rack_1,38,0,7up_med,0.6448526382446289,236,43,286,206,261,124
frame_165,Rack_1,34,0,7up_med,0.8421830534934998,184,40,235,210,209,125
frame_165,Rack_1,53,0,7up_med,0.7135449051856995,139,43,183,212,161,127
frame_165,Rack_1,58,0,7up_med,0.505943238735199,96,47,139,214,117,130
frame_165,Rack_1,82,0,7up_med,0.8396672010421753,53,49,95,216,74,132
frame_165,Rack_1,75,0,7up_med,0.75337153673172,12,50,47,218,29,134
frame_166,Rack_1,68,1,a&w_small,0.7854732275009155,1245,11,1276,131,1260,71
frame_166,Rack_1,49,1,a&w_small,0.779951810836792,1153,11,1199,135,1176,73
frame_166,Rack_1,52,1,a&w_small,0.8261854648590088,1101,9,1150,138,1125,73
frame_166,Rack_1,42,1,a&w_small,0.8063406944274902,1050,8,1098,140,1074,74
frame_166,Rack_1,59,1,a&w_small,0.6945040225982666,1002,7,1046,143,1024,75
frame_166,Rack_1,35,4,coke_small,0.783172070980072,953,7,999,145,976,76
frame_166,Rack_1,36,4,coke_small,0.893703818321228,905,8,951,147,928,77
frame_166,Rack_1,37,4,coke_small,0.8452998995780945,863,10,903,150,883,80
frame_166,Rack_1,47,4,coke_small,0.8169509172439575,821,9,862,151,841,80
frame_166,Rack_1,46,4,coke_small,0.8685872554779053,776,9,820,151,798,80
frame_166,Rack_1,18,4,coke_small,0.949702262878418,730,11,774,153,752,82
frame_166,Rack_1,41,17,sprite_small,0.8778091669082642,687,13,729,158,708,85
frame_166,Rack_1,51,17,sprite_small,0.8834178447723389,646,11,686,159,666,85
frame_166,Rack_1,32,17,sprite_small,0.9283508658409119,605,13,646,159,625,86
frame_166,Rack_1,28,17,sprite_small,0.7816545367240906,563,14,603,156,583,85
frame_166,Rack_1,23,9,empty,0.7486542463302612,350,11,553,179,451,95
frame_166,Rack_1,38,0,7up_med,0.5614728927612305,238,43,287,206,262,124
frame_166,Rack_1,34,0,7up_med,0.8432124257087708,186,40,237,210,211,125
frame_166,Rack_1,53,0,7up_med,0.6521178483963013,141,43,185,213,163,128
frame_166,Rack_1,82,0,7up_med,0.8247045874595642,54,50,96,216,75,133
frame_166,Rack_1,75,0,7up_med,0.7119559645652771,13,51,49,218,31,134
frame_167,Rack_1,55,1,a&w_small,0.8537946343421936,1210,12,1257,131,1233,71
frame_167,Rack_1,49,1,a&w_small,0.8641296625137329,1156,12,1202,135,1179,73
frame_167,Rack_1,52,1,a&w_small,0.8279896974563599,1103,9,1152,139,1127,74
frame_167,Rack_1,42,1,a&w_small,0.8368430733680725,1052,8,1100,141,1076,74
frame_167,Rack_1,59,1,a&w_small,0.7098839282989502,1004,7,1049,143,1026,75
frame_167,Rack_1,35,4,coke_small,0.7483423948287964,955,7,1001,144,978,75
frame_167,Rack_1,36,4,coke_small,0.8872124552726746,906,8,952,146,929,77
frame_167,Rack_1,37,4,coke_small,0.8486136794090271,865,10,905,149,885,79
frame_167,Rack_1,47,4,coke_small,0.8333350419998169,823,9,863,150,843,79
frame_167,Rack_1,46,4,coke_small,0.8584762811660767,778,9,821,150,799,79
frame_167,Rack_1,18,4,coke_small,0.9397827386856079,732,11,776,153,754,82
frame_167,Rack_1,41,17,sprite_small,0.8960517644882202,689,13,730,157,709,85
frame_167,Rack_1,51,17,sprite_small,0.8977364301681519,648,13,688,159,668,86
frame_167,Rack_1,32,17,sprite_small,0.8615167140960693,607,12,648,160,627,86
frame_167,Rack_1,28,17,sprite_small,0.7886106967926025,565,14,606,157,585,85
frame_167,Rack_1,23,9,empty,0.7874283194541931,349,11,557,183,453,97
frame_167,Rack_1,38,0,7up_med,0.5642408132553101,239,43,289,206,264,124
frame_167,Rack_1,34,0,7up_med,0.8925234079360962,188,41,238,210,213,125
frame_167,Rack_1,53,0,7up_med,0.6794157028198242,143,45,186,212,164,128
frame_167,Rack_1,58,0,7up_med,0.5093036890029907,98,48,141,215,119,131
frame_167,Rack_1,82,0,7up_med,0.7729806900024414,56,50,98,216,77,133
frame_167,Rack_1,75,0,7up_med,0.6942097544670105,14,52,50,216,32,134
frame_168,Rack_1,55,1,a&w_small,0.8551464080810547,1213,10,1261,131,1237,70
frame_168,Rack_1,49,1,a&w_small,0.8518645763397217,1157,12,1204,135,1180,73
frame_168,Rack_1,52,1,a&w_small,0.8431990742683411,1105,9,1154,138,1129,73
frame_168,Rack_1,42,1,a&w_small,0.8275481462478638,1053,8,1103,141,1078,74
frame_168,Rack_1,59,1,a&w_small,0.7890186309814453,1006,6,1051,143,1028,74
frame_168,Rack_1,35,4,coke_small,0.7365493774414062,957,7,1003,144,980,75
frame_168,Rack_1,36,4,coke_small,0.8381840586662292,908,8,954,146,931,77
frame_168,Rack_1,37,4,coke_small,0.8206100463867188,866,9,907,150,886,79
frame_168,Rack_1,47,4,coke_small,0.8210692405700684,824,9,865,150,844,79
frame_168,Rack_1,46,4,coke_small,0.84309983253479,780,9,823,149,801,79
frame_168,Rack_1,18,4,coke_small,0.9122661352157593,734,12,778,153,756,82
frame_168,Rack_1,41,17,sprite_small,0.8814106583595276,690,13,731,157,710,85
frame_168,Rack_1,51,17,sprite_small,0.8867033123970032,651,13,690,159,670,86
frame_168,Rack_1,32,17,sprite_small,0.8709984421730042,608,12,649,159,628,85
frame_168,Rack_1,28,17,sprite_small,0.8714632987976074,566,14,607,158,586,86
frame_168,Rack_1,23,9,empty,0.7847750186920166,348,11,559,185,453,98
frame_168,Rack_1,38,0,7up_med,0.5995863676071167,240,42,290,206,265,124
frame_168,Rack_1,34,0,7up_med,0.8787745833396912,189,41,240,210,214,125
frame_168,Rack_1,53,0,7up_med,0.7843687534332275,144,47,188,213,166,130
frame_168,Rack_1,58,0,7up_med,0.5944425463676453,100,49,143,215,121,132
frame_168,Rack_1,82,0,7up_med,0.8681490421295166,58,51,99,216,78,133
frame_168,Rack_1,75,0,7up_med,0.7560653686523438,15,53,52,217,33,135
frame_169,Rack_1,55,1,a&w_small,0.8160105347633362,1214,10,1263,131,1238,70
frame_169,Rack_1,97,1,a&w_small,0.5993648767471313,1198,10,1233,132,1215,71
frame_169,Rack_1,49,1,a&w_small,0.7938424944877625,1159,12,1205,135,1182,73
frame_169,Rack_1,52,1,a&w_small,0.8771856427192688,1107,9,1156,138,1131,73
frame_169,Rack_1,42,1,a&w_small,0.8081048727035522,1056,9,1105,142,1080,75
frame_169,Rack_1,59,1,a&w_small,0.7986057996749878,1007,6,1052,143,1029,74
frame_169,Rack_1,35,4,coke_small,0.7719999551773071,958,7,1005,145,981,76
frame_169,Rack_1,36,4,coke_small,0.8084519505500793,909,8,956,147,932,77
frame_169,Rack_1,37,4,coke_small,0.8263990879058838,868,9,908,151,888,80
frame_169,Rack_1,47,4,coke_small,0.8196697235107422,826,9,867,151,846,80
frame_169,Rack_1,46,4,coke_small,0.8313509821891785,781,9,824,150,802,79
frame_169,Rack_1,18,4,coke_small,0.8880955576896667,735,12,779,153,757,82
frame_169,Rack_1,41,17,sprite_small,0.8457623720169067,692,13,733,157,712,85
frame_169,Rack_1,51,17,sprite_small,0.8840116262435913,653,13,692,159,672,86
frame_169,Rack_1,32,17,sprite_small,0.9092674851417542,610,12,651,159,630,85
frame_169,Rack_1,28,17,sprite_small,0.8958353996276855,568,14,609,158,588,86
frame_169,Rack_1,23,9,empty,0.7814210653305054,351,11,559,181,455,96
frame_169,Rack_1,38,0,7up_med,0.7143908739089966,242,42,292,207,267,124
frame_169,Rack_1,34,0,7up_med,0.8699656128883362,191,41,241,211,216,126
frame_169,Rack_1,53,0,7up_med,0.8831334114074707,146,47,189,214,167,130
frame_169,Rack_1,58,0,7up_med,0.6663737893104553,101,50,144,215,122,132
frame_169,Rack_1,82,0,7up_med,0.8675217032432556,59,52,101,217,80,134
frame_169,Rack_1,75,0,7up_med,0.7737719416618347,16,53,54,218,35,135
frame_170,Rack_1,55,1,a&w_small,0.7648900151252747,1215,10,1264,131,1239,70
frame_170,Rack_1,49,1,a&w_small,0.7423803210258484,1161,11,1207,135,1184,73
frame_170,Rack_1,52,1,a&w_small,0.8284928798675537,1109,9,1158,138,1133,73
frame_170,Rack_1,42,1,a&w_small,0.8201779127120972,1058,9,1107,141,1082,75
frame_170,Rack_1,59,1,a&w_small,0.7923534512519836,1009,6,1054,144,1031,75
frame_170,Rack_1,35,4,coke_small,0.6967848539352417,960,7,1006,145,983,76
frame_170,Rack_1,36,4,coke_small,0.8190661668777466,911,8,957,147,934,77
frame_170,Rack_1,37,4,coke_small,0.8088568449020386,869,10,910,151,889,80
frame_170,Rack_1,47,4,coke_small,0.8253811597824097,828,9,868,150,848,79
frame_170,Rack_1,46,4,coke_small,0.7937950491905212,783,9,826,151,804,80
frame_170,Rack_1,18,4,coke_small,0.8796894550323486,737,12,781,154,759,83
frame_170,Rack_1,41,17,sprite_small,0.8675841093063354,694,13,735,158,714,85
frame_170,Rack_1,51,17,sprite_small,0.9102174639701843,654,14,693,159,673,86
frame_170,Rack_1,32,17,sprite_small,0.9224882125854492,611,12,652,159,631,85
frame_170,Rack_1,28,17,sprite_small,0.9458914399147034,570,14,611,157,590,85
frame_170,Rack_1,23,9,empty,0.7904406189918518,354,11,560,179,457,95
frame_170,Rack_1,38,0,7up_med,0.6611475348472595,244,42,293,207,268,124
frame_170,Rack_1,34,0,7up_med,0.8403140306472778,192,41,243,211,217,126
frame_170,Rack_1,53,0,7up_med,0.8777950406074524,147,48,190,214,168,131
frame_170,Rack_1,58,0,7up_med,0.763269305229187,103,50,145,216,124,133
frame_170,Rack_1,82,0,7up_med,0.8038853406906128,61,53,102,218,81,135
frame_170,Rack_1,75,0,7up_med,0.7315935492515564,17,54,55,219,36,136
frame_171,Rack_1,55,1,a&w_small,0.7963006496429443,1217,11,1267,132,1242,71
frame_171,Rack_1,49,1,a&w_small,0.811015784740448,1163,11,1209,135,1186,73
frame_171,Rack_1,52,1,a&w_small,0.8150430917739868,1111,9,1159,138,1135,73
frame_171,Rack_1,42,1,a&w_small,0.8688275218009949,1059,8,1109,141,1084,74
frame_171,Rack_1,59,1,a&w_small,0.8001791834831238,1011,6,1056,144,1033,75
frame_171,Rack_1,35,4,coke_small,0.6013034582138062,962,7,1008,145,985,76
frame_171,Rack_1,36,4,coke_small,0.8343884944915771,913,8,959,148,936,78
frame_171,Rack_1,37,4,coke_small,0.8228762745857239,871,10,911,150,891,80
frame_171,Rack_1,47,4,coke_small,0.7784829139709473,829,9,870,150,849,79
frame_171,Rack_1,46,4,coke_small,0.7903895378112793,784,9,828,150,806,79
frame_171,Rack_1,18,4,coke_small,0.922096848487854,738,12,782,154,760,83
frame_171,Rack_1,41,17,sprite_small,0.917000949382782,695,14,736,159,715,86
frame_171,Rack_1,51,17,sprite_small,0.8766858577728271,655,14,694,159,674,86
frame_171,Rack_1,32,17,sprite_small,0.9320183396339417,612,12,653,159,632,85
frame_171,Rack_1,28,17,sprite_small,0.9629020094871521,571,15,612,157,591,86
frame_171,Rack_1,23,9,empty,0.7950450778007507,351,11,562,182,456,96
frame_171,Rack_1,38,0,7up_med,0.6730363965034485,245,42,295,207,270,124
frame_171,Rack_1,34,0,7up_med,0.8799557685852051,193,41,244,212,218,126
frame_171,Rack_1,53,0,7up_med,0.8925684094429016,148,48,192,215,170,131
frame_171,Rack_1,58,0,7up_med,0.8233096599578857,104,50,147,216,125,133
frame_171,Rack_1,82,0,7up_med,0.7807766199111938,63,54,104,218,83,136
frame_171,Rack_1,75,0,7up_med,0.7086912393569946,17,55,57,219,37,137
frame_172,Rack_1,55,1,a&w_small,0.7773524522781372,1218,10,1268,132,1243,71
frame_172,Rack_1,49,1,a&w_small,0.8120772838592529,1164,12,1211,135,1187,73
frame_172,Rack_1,52,1,a&w_small,0.7872623801231384,1113,9,1161,138,1137,73
frame_172,Rack_1,42,1,a&w_small,0.8553083539009094,1061,8,1110,141,1085,74
frame_172,Rack_1,59,1,a&w_small,0.8413360714912415,1013,6,1058,144,1035,75
frame_172,Rack_1,35,4,coke_small,0.6221078634262085,963,7,1010,145,986,76
frame_172,Rack_1,36,4,coke_small,0.8087218999862671,914,8,960,148,937,78
frame_172,Rack_1,37,4,coke_small,0.8373305201530457,872,10,912,150,892,80
frame_172,Rack_1,47,4,coke_small,0.7961253523826599,831,9,871,150,851,79
frame_172,Rack_1,46,4,coke_small,0.7899470925331116,786,9,829,150,807,79
frame_172,Rack_1,18,4,coke_small,0.8978003859519958,739,12,784,154,761,83
frame_172,Rack_1,41,17,sprite_small,0.9456342458724976,696,13,738,160,717,86
frame_172,Rack_1,51,17,sprite_small,0.9131075739860535,656,14,695,159,675,86
frame_172,Rack_1,32,17,sprite_small,0.9530266523361206,614,13,655,158,634,85
frame_172,Rack_1,28,17,sprite_small,0.9610626101493835,573,15,613,157,593,86
frame_172,Rack_1,23,9,empty,0.8111965656280518,350,11,564,184,457,97
frame_172,Rack_1,38,0,7up_med,0.6791709661483765,246,42,296,208,271,125
frame_172,Rack_1,34,0,7up_med,0.8500880599021912,194,42,245,213,219,127
frame_172,Rack_1,53,0,7up_med,0.8811058402061462,149,48,193,215,171,131
frame_172,Rack_1,58,0,7up_med,0.7800555229187012,106,50,148,216,127,133
frame_172,Rack_1,82,0,7up_med,0.7804537415504456,64,53,106,218,85,135
frame_172,Rack_1,75,0,7up_med,0.6597171425819397,18,55,58,220,38,137
frame_173,Rack_1,55,1,a&w_small,0.7780501246452332,1218,9,1268,132,1243,70
frame_173,Rack_1,49,1,a&w_small,0.7961920499801636,1166,11,1213,135,1189,73
frame_173,Rack_1,52,1,a&w_small,0.8040437698364258,1114,9,1163,138,1138,73
frame_173,Rack_1,42,1,a&w_small,0.8513257503509521,1062,9,1112,142,1087,75
frame_173,Rack_1,59,1,a&w_small,0.8518925309181213,1014,7,1059,144,1036,75
frame_173,Rack_1,35,4,coke_small,0.7359010577201843,965,7,1011,145,988,76
frame_173,Rack_1,36,4,coke_small,0.8345603346824646,916,8,962,148,939,78
frame_173,Rack_1,37,4,coke_small,0.8473936915397644,874,10,915,151,894,80
frame_173,Rack_1,47,4,coke_small,0.8115531206130981,832,9,873,151,852,80
frame_173,Rack_1,46,4,coke_small,0.8102290034294128,787,9,830,151,808,80
frame_173,Rack_1,18,4,coke_small,0.8500572443008423,741,11,785,154,763,82
frame_173,Rack_1,41,17,sprite_small,0.9478557705879211,698,13,739,160,718,86
frame_173,Rack_1,51,17,sprite_small,0.8783715963363647,657,14,697,159,677,86
frame_173,Rack_1,32,17,sprite_small,0.9580685496330261,616,13,657,158,636,85
frame_173,Rack_1,28,17,sprite_small,0.9533526301383972,574,15,615,158,594,86
frame_173,Rack_1,23,9,empty,0.7921945452690125,354,11,566,181,460,96
frame_173,Rack_1,38,0,7up_med,0.6241849660873413,248,43,297,208,272,125
frame_173,Rack_1,34,0,7up_med,0.8243024349212646,195,43,246,213,220,128
frame_173,Rack_1,53,0,7up_med,0.8688650727272034,150,49,194,216,172,132
frame_173,Rack_1,58,0,7up_med,0.7880560755729675,108,51,150,216,129,133
frame_173,Rack_1,82,0,7up_med,0.7644567489624023,65,53,107,218,86,135
frame_173,Rack_1,75,0,7up_med,0.7388735413551331,19,55,60,220,39,137
frame_174,Rack_1,55,1,a&w_small,0.776674211025238,1220,10,1270,132,1245,71
frame_174,Rack_1,49,1,a&w_small,0.7453947067260742,1168,11,1215,135,1191,73
frame_174,Rack_1,52,1,a&w_small,0.8371930122375488,1116,8,1166,139,1141,73
frame_174,Rack_1,42,1,a&w_small,0.8327481150627136,1064,7,1113,141,1088,74
frame_174,Rack_1,59,1,a&w_small,0.8062831163406372,1015,6,1060,143,1037,74
frame_174,Rack_1,35,4,coke_small,0.8057692050933838,966,7,1013,145,989,76
frame_174,Rack_1,36,4,coke_small,0.8417484164237976,917,7,964,149,940,78
frame_174,Rack_1,37,4,coke_small,0.8600720763206482,876,9,916,153,896,81
frame_174,Rack_1,47,4,coke_small,0.8487295508384705,833,9,875,154,854,81
frame_174,Rack_1,46,4,coke_small,0.8270174860954285,788,9,833,154,810,81
frame_174,Rack_1,18,4,coke_small,0.8622573018074036,742,11,787,155,764,83
frame_174,Rack_1,41,17,sprite_small,0.8924579620361328,700,12,742,159,721,85
frame_174,Rack_1,51,17,sprite_small,0.79701828956604,659,12,699,158,679,85
frame_174,Rack_1,32,17,sprite_small,0.9482715129852295,618,13,658,158,638,85
frame_174,Rack_1,28,17,sprite_small,0.9136096239089966,575,15,616,158,595,86
frame_174,Rack_1,23,9,empty,0.8283565640449524,357,11,564,176,460,93
frame_174,Rack_1,38,0,7up_med,0.7602803111076355,249,43,298,208,273,125
frame_174,Rack_1,34,0,7up_med,0.8278360366821289,197,43,247,213,222,128
frame_174,Rack_1,53,0,7up_med,0.8871599435806274,152,47,196,215,174,131
frame_174,Rack_1,58,0,7up_med,0.8016859292984009,109,50,151,217,130,133
frame_174,Rack_1,82,0,7up_med,0.712682843208313,66,53,108,218,87,135
frame_174,Rack_1,75,0,7up_med,0.7820262312889099,20,55,62,221,41,138
frame_175,Rack_1,55,1,a&w_small,0.8387205600738525,1222,10,1272,131,1247,70
frame_175,Rack_1,49,1,a&w_small,0.7888168692588806,1171,11,1218,135,1194,73
frame_175,Rack_1,52,1,a&w_small,0.8405134081840515,1118,8,1168,139,1143,73
frame_175,Rack_1,42,1,a&w_small,0.8479644656181335,1065,6,1115,141,1090,73
frame_175,Rack_1,86,1,a&w_small,0.5106592774391174,1036,7,1068,143,1052,75
frame_175,Rack_1,59,1,a&w_small,0.8033972382545471,1017,6,1063,143,1040,74
frame_175,Rack_1,35,4,coke_small,0.7899482250213623,968,7,1015,145,991,76
frame_175,Rack_1,36,4,coke_small,0.8664599061012268,919,7,966,149,942,78
frame_175,Rack_1,37,4,coke_small,0.8886737823486328,877,9,918,152,897,80
frame_175,Rack_1,47,4,coke_small,0.8210153579711914,835,9,877,154,856,81
frame_175,Rack_1,46,4,coke_small,0.8332265019416809,790,8,835,155,812,81
frame_175,Rack_1,18,4,coke_small,0.8752061128616333,744,11,789,156,766,83
frame_175,Rack_1,41,17,sprite_small,0.8426012992858887,702,11,744,159,723,85
frame_175,Rack_1,51,17,sprite_small,0.80939120054245,661,11,701,158,681,84
frame_175,Rack_1,32,17,sprite_small,0.9512019157409668,619,14,659,158,639,86
frame_175,Rack_1,28,17,sprite_small,0.8961858749389648,577,16,617,158,597,87
frame_175,Rack_1,23,9,empty,0.8128904104232788,357,12,564,176,460,94
frame_175,Rack_1,38,0,7up_med,0.8043738603591919,252,44,300,208,276,126
frame_175,Rack_1,34,0,7up_med,0.8649452924728394,198,43,249,213,223,128
frame_175,Rack_1,53,0,7up_med,0.8953146934509277,153,47,197,215,175,131
frame_175,Rack_1,58,0,7up_med,0.7774627804756165,110,51,153,217,131,134
frame_175,Rack_1,82,0,7up_med,0.6913471817970276,67,53,110,218,88,135
frame_175,Rack_1,75,0,7up_med,0.7851599454879761,22,55,64,221,43,138
frame_175,Rack_1,99,17,sprite_small,0.5683535933494568,0,45,20,225,10,135
frame_175,Rack_1,100,0,7up_med,0.6948725581169128,0,52,20,222,10,137
frame_176,Rack_1,55,1,a&w_small,0.8601710200309753,1224,10,1274,131,1249,70
frame_176,Rack_1,49,1,a&w_small,0.7620419263839722,1173,11,1220,134,1196,72
frame_176,Rack_1,52,1,a&w_small,0.8369027972221375,1120,9,1170,138,1145,73
frame_176,Rack_1,42,1,a&w_small,0.8197212815284729,1068,7,1117,141,1092,74
frame_176,Rack_1,59,1,a&w_small,0.7505620718002319,1020,6,1065,143,1042,74
frame_176,Rack_1,35,4,coke_small,0.7571282982826233,970,7,1017,145,993,76
frame_176,Rack_1,36,4,coke_small,0.8439393043518066,921,8,968,149,944,78
frame_176,Rack_1,37,4,coke_small,0.8866695761680603,879,9,920,152,899,80
frame_176,Rack_1,47,4,coke_small,0.8048334717750549,837,9,878,154,857,81
frame_176,Rack_1,46,4,coke_small,0.836785078048706,791,8,836,154,813,81
frame_176,Rack_1,18,4,coke_small,0.9112839102745056,745,11,791,156,768,83
frame_176,Rack_1,41,17,sprite_small,0.8363177180290222,703,12,745,160,724,86
frame_176,Rack_1,51,17,sprite_small,0.8234182596206665,661,11,702,159,681,85
frame_176,Rack_1,32,17,sprite_small,0.9581348896026611,620,14,661,159,640,86
frame_176,Rack_1,28,17,sprite_small,0.9024633765220642,578,16,619,159,598,87
frame_176,Rack_1,23,9,empty,0.8077335953712463,353,13,571,185,462,99
frame_176,Rack_1,38,0,7up_med,0.7703313231468201,254,46,302,208,278,127
frame_176,Rack_1,34,0,7up_med,0.9289122223854065,200,44,251,213,225,128
frame_176,Rack_1,53,0,7up_med,0.8815227150917053,155,47,199,215,177,131
frame_176,Rack_1,58,0,7up_med,0.7634825706481934,112,51,154,217,133,134
frame_176,Rack_1,82,0,7up_med,0.722824215888977,69,54,112,219,90,136
frame_176,Rack_1,75,0,7up_med,0.7908262610435486,24,55,66,221,45,138
frame_176,Rack_1,100,0,7up_med,0.7730331420898438,2,51,22,222,12,136
frame_177,Rack_1,55,1,a&w_small,0.8318699598312378,1224,10,1273,130,1248,70
frame_177,Rack_1,49,1,a&w_small,0.767947256565094,1176,12,1222,133,1199,72
frame_177,Rack_1,52,1,a&w_small,0.8737102150917053,1123,10,1172,136,1147,73
frame_177,Rack_1,42,1,a&w_small,0.8160237073898315,1070,8,1120,141,1095,74
frame_177,Rack_1,59,1,a&w_small,0.7884001135826111,1022,6,1067,143,1044,74
frame_177,Rack_1,35,4,coke_small,0.723149299621582,973,7,1019,145,996,76
frame_177,Rack_1,36,4,coke_small,0.8126580119132996,923,8,970,148,946,78
frame_177,Rack_1,37,4,coke_small,0.8370232582092285,881,9,922,152,901,80
frame_177,Rack_1,47,4,coke_small,0.8450424671173096,839,9,880,153,859,81
frame_177,Rack_1,46,4,coke_small,0.8329029679298401,793,8,837,152,815,80
frame_177,Rack_1,18,4,coke_small,0.8912854194641113,747,11,792,155,769,83
frame_177,Rack_1,41,17,sprite_small,0.8790484070777893,705,11,747,159,726,85
frame_177,Rack_1,51,17,sprite_small,0.9216921925544739,663,12,704,160,683,86
frame_177,Rack_1,32,17,sprite_small,0.9395108819007874,622,13,663,161,642,87
frame_177,Rack_1,28,17,sprite_small,0.8697380423545837,580,15,621,159,600,87
frame_177,Rack_1,23,9,empty,0.7912742495536804,355,12,577,189,466,100
frame_177,Rack_1,38,0,7up_med,0.8030931353569031,255,47,303,208,279,127
frame_177,Rack_1,34,0,7up_med,0.9050787091255188,202,44,252,213,227,128
frame_177,Rack_1,53,0,7up_med,0.7744856476783752,157,47,200,215,178,131
frame_177,Rack_1,58,0,7up_med,0.8254917860031128,113,51,156,217,134,134
frame_177,Rack_1,82,0,7up_med,0.8253277540206909,71,55,113,220,92,137
frame_177,Rack_1,75,0,7up_med,0.7711693048477173,26,56,68,221,47,138
frame_177,Rack_1,100,0,7up_med,0.8003032803535461,3,50,23,223,13,136
frame_178,Rack_1,56,1,a&w_small,0.8184124231338501,1230,13,1269,129,1249,71
frame_178,Rack_1,49,1,a&w_small,0.8193619251251221,1179,12,1225,133,1202,72
frame_178,Rack_1,52,1,a&w_small,0.8482648134231567,1126,10,1175,136,1150,73
frame_178,Rack_1,42,1,a&w_small,0.8295557498931885,1074,8,1123,141,1098,74
frame_178,Rack_1,59,1,a&w_small,0.8334846496582031,1025,6,1070,143,1047,74
frame_178,Rack_1,35,4,coke_small,0.6131558418273926,976,7,1022,145,999,76
frame_178,Rack_1,36,4,coke_small,0.7894713878631592,926,8,972,148,949,78
frame_178,Rack_1,37,4,coke_small,0.8282789587974548,884,9,924,151,904,80
frame_178,Rack_1,47,4,coke_small,0.869105875492096,841,9,882,153,861,81
frame_178,Rack_1,46,4,coke_small,0.7982003092765808,795,8,840,153,817,80
frame_178,Rack_1,18,4,coke_small,0.9048569798469543,750,11,795,156,772,83
frame_178,Rack_1,41,17,sprite_small,0.7987769842147827,707,11,749,159,728,85
frame_178,Rack_1,51,17,sprite_small,0.8391172885894775,666,12,707,160,686,86
frame_178,Rack_1,32,17,sprite_small,0.9246481657028198,624,13,665,161,644,87
frame_178,Rack_1,28,17,sprite_small,0.8771197199821472,581,15,623,162,602,88
frame_178,Rack_1,23,9,empty,0.8538277745246887,356,12,580,191,468,101
frame_178,Rack_1,38,0,7up_med,0.697691798210144,256,47,304,208,280,127
frame_178,Rack_1,34,0,7up_med,0.8843665719032288,203,44,254,212,228,128
frame_178,Rack_1,53,0,7up_med,0.6886007189750671,158,47,202,215,180,131
frame_178,Rack_1,58,0,7up_med,0.789429247379303,115,51,157,217,136,134
frame_178,Rack_1,82,0,7up_med,0.7968383431434631,73,55,115,221,94,138
frame_178,Rack_1,75,0,7up_med,0.7981904149055481,29,56,71,222,50,139
frame_178,Rack_1,100,0,7up_med,0.8431211709976196,3,50,24,223,13,136
frame_179,Rack_1,56,1,a&w_small,0.8048226237297058,1231,12,1271,131,1251,71
frame_179,Rack_1,49,1,a&w_small,0.8238727450370789,1182,12,1228,133,1205,72
frame_179,Rack_1,52,1,a&w_small,0.7919657826423645,1129,10,1178,136,1153,73
frame_179,Rack_1,42,1,a&w_small,0.8312979936599731,1076,8,1126,141,1101,74
frame_179,Rack_1,59,1,a&w_small,0.8340116143226624,1028,6,1073,143,1050,74
frame_179,Rack_1,35,4,coke_small,0.5796363353729248,978,7,1025,145,1001,76
frame_179,Rack_1,36,4,coke_small,0.8345065712928772,928,8,975,148,951,78
frame_179,Rack_1,37,4,coke_small,0.8293967247009277,886,9,926,151,906,80
frame_179,Rack_1,47,4,coke_small,0.7529353499412537,843,9,885,153,864,81
frame_179,Rack_1,46,4,coke_small,0.7868927717208862,798,8,842,154,820,81
frame_179,Rack_1,18,4,coke_small,0.9253342151641846,752,11,797,157,774,84
frame_179,Rack_1,41,17,sprite_small,0.8124538064002991,710,11,751,160,730,85
frame_179,Rack_1,51,17,sprite_small,0.9111114144325256,668,12,709,161,688,86
frame_179,Rack_1,32,17,sprite_small,0.9506344795227051,626,13,667,161,646,87
frame_179,Rack_1,28,17,sprite_small,0.9218919277191162,583,15,625,162,604,88
frame_179,Rack_1,23,9,empty,0.8132292628288269,360,12,583,191,471,101
frame_179,Rack_1,38,0,7up_med,0.8017098903656006,258,47,306,208,282,127
frame_179,Rack_1,34,0,7up_med,0.9039507508277893,206,47,256,212,231,129
frame_179,Rack_1,53,0,7up_med,0.6395204067230225,161,48,204,215,182,131
frame_179,Rack_1,58,0,7up_med,0.822533905506134,117,52,160,217,138,134
frame_179,Rack_1,82,0,7up_med,0.8318539261817932,75,55,118,221,96,138
frame_179,Rack_1,75,0,7up_med,0.7056881785392761,31,56,74,223,52,139
frame_179,Rack_1,100,0,7up_med,0.8122053742408752,5,50,26,223,15,136
frame_180,Rack_1,56,1,a&w_small,0.849086582660675,1232,11,1272,130,1252,70
frame_180,Rack_1,49,1,a&w_small,0.8348487019538879,1184,11,1230,133,1207,72
frame_180,Rack_1,52,1,a&w_small,0.8361150622367859,1132,10,1181,136,1156,73
frame_180,Rack_1,42,1,a&w_small,0.818776547908783,1079,8,1128,140,1103,74
frame_180,Rack_1,59,1,a&w_small,0.8122280240058899,1030,6,1076,143,1053,74
frame_180,Rack_1,35,4,coke_small,0.7761404514312744,981,7,1027,144,1004,75
frame_180,Rack_1,36,4,coke_small,0.8663344383239746,931,8,978,148,954,78
frame_180,Rack_1,37,4,coke_small,0.854157567024231,888,9,928,151,908,80
frame_180,Rack_1,47,4,coke_small,0.7885186076164246,846,9,887,152,866,80
frame_180,Rack_1,46,4,coke_small,0.8344910740852356,800,9,845,155,822,82
frame_180,Rack_1,18,4,coke_small,0.9278155565261841,754,11,799,157,776,84
frame_180,Rack_1,41,17,sprite_small,0.894879162311554,712,12,753,161,732,86
frame_180,Rack_1,51,17,sprite_small,0.8791110515594482,670,13,711,161,690,87
frame_180,Rack_1,32,17,sprite_small,0.9574005007743835,628,13,669,160,648,86
frame_180,Rack_1,28,17,sprite_small,0.9527378678321838,586,16,627,161,606,88
frame_180,Rack_1,23,9,empty,0.8534537553787231,363,12,587,193,475,102
frame_180,Rack_1,38,0,7up_med,0.634283185005188,261,49,308,208,284,128
frame_180,Rack_1,34,0,7up_med,0.9095627665519714,209,49,258,213,233,131
frame_180,Rack_1,53,0,7up_med,0.683548629283905,163,49,207,215,185,132
frame_180,Rack_1,58,0,7up_med,0.8999924063682556,120,52,163,217,141,134
frame_180,Rack_1,82,0,7up_med,0.8127817511558533,78,54,120,220,99,137
frame_180,Rack_1,75,0,7up_med,0.7343407869338989,34,56,77,223,55,139
frame_180,Rack_1,100,0,7up_med,0.8247376680374146,5,51,27,224,16,137
frame_181,Rack_1,56,1,a&w_small,0.8638207912445068,1234,11,1274,130,1254,70
frame_181,Rack_1,49,1,a&w_small,0.7882509827613831,1187,11,1233,133,1210,72
frame_181,Rack_1,52,1,a&w_small,0.7736082673072815,1135,9,1184,136,1159,72
frame_181,Rack_1,42,1,a&w_small,0.8247051239013672,1082,8,1131,139,1106,73
frame_181,Rack_1,59,1,a&w_small,0.8351807594299316,1033,7,1079,143,1056,75
frame_181,Rack_1,35,4,coke_small,0.8375446796417236,983,7,1030,144,1006,75
frame_181,Rack_1,36,4,coke_small,0.9022969007492065,934,8,981,148,957,78
frame_181,Rack_1,37,4,coke_small,0.883030891418457,891,9,931,151,911,80
frame_181,Rack_1,47,4,coke_small,0.8254991173744202,849,9,890,153,869,81
frame_181,Rack_1,46,4,coke_small,0.8573306202888489,803,8,847,155,825,81
frame_181,Rack_1,18,4,coke_small,0.9247748851776123,756,11,801,157,778,84
frame_181,Rack_1,41,17,sprite_small,0.9215205311775208,714,12,756,160,735,86
frame_181,Rack_1,51,17,sprite_small,0.886588454246521,671,12,713,161,692,86
frame_181,Rack_1,32,17,sprite_small,0.9644629955291748,630,13,671,160,650,86
frame_181,Rack_1,28,17,sprite_small,0.9381200075149536,588,16,629,160,608,88
frame_181,Rack_1,23,9,empty,0.8430948853492737,367,12,588,192,477,102
frame_181,Rack_1,34,0,7up_med,0.9073853492736816,210,47,260,213,235,130
frame_181,Rack_1,53,0,7up_med,0.725619375705719,165,49,209,215,187,132
frame_181,Rack_1,58,0,7up_med,0.90269935131073,123,53,165,217,144,135
frame_181,Rack_1,82,0,7up_med,0.8811784982681274,80,55,122,220,101,137
frame_181,Rack_1,75,0,7up_med,0.888815701007843,36,56,79,223,57,139
frame_181,Rack_1,100,0,7up_med,0.8645796179771423,6,51,29,225,17,138
frame_182,Rack_1,56,1,a&w_small,0.8720905184745789,1234,12,1274,130,1254,71
frame_182,Rack_1,49,1,a&w_small,0.7457467913627625,1190,12,1235,132,1212,72
frame_182,Rack_1,52,1,a&w_small,0.8285192847251892,1138,9,1187,136,1162,72
frame_182,Rack_1,42,1,a&w_small,0.8199732303619385,1085,7,1134,140,1109,73
frame_182,Rack_1,59,1,a&w_small,0.8302971124649048,1036,7,1081,143,1058,75
frame_182,Rack_1,35,4,coke_small,0.8026931881904602,986,7,1033,144,1009,75
frame_182,Rack_1,36,4,coke_small,0.8906214833259583,936,8,983,148,959,78
frame_182,Rack_1,37,4,coke_small,0.8672618865966797,893,9,934,152,913,80
frame_182,Rack_1,47,4,coke_small,0.8110567331314087,851,9,892,153,871,81
frame_182,Rack_1,46,4,coke_small,0.8881194591522217,805,8,850,155,827,81
frame_182,Rack_1,18,4,coke_small,0.9304998517036438,759,10,804,156,781,83
frame_182,Rack_1,41,17,sprite_small,0.8881129026412964,717,11,758,160,737,85
frame_182,Rack_1,51,17,sprite_small,0.8873640298843384,674,11,715,160,694,85
frame_182,Rack_1,32,17,sprite_small,0.9510441422462463,632,13,673,159,652,86
frame_182,Rack_1,28,17,sprite_small,0.9295681715011597,590,16,631,159,610,87
frame_182,Rack_1,23,9,empty,0.8554007411003113,370,12,589,191,479,101
frame_182,Rack_1,38,0,7up_med,0.6901556253433228,265,49,312,209,288,129
frame_182,Rack_1,34,0,7up_med,0.9036556482315063,212,46,262,213,237,129
frame_182,Rack_1,53,0,7up_med,0.790628969669342,167,49,211,215,189,132
frame_182,Rack_1,58,0,7up_med,0.8733125329017639,125,53,167,218,146,135
frame_182,Rack_1,82,0,7up_med,0.8721556067466736,81,55,124,220,102,137
frame_182,Rack_1,75,0,7up_med,0.8966730833053589,38,56,81,224,59,140
frame_182,Rack_1,100,0,7up_med,0.8540014624595642,7,51,30,225,18,138
frame_183,Rack_1,55,1,a&w_small,0.8292458653450012,1235,12,1280,128,1257,70
frame_183,Rack_1,56,1,a&w_small,0.8185490965843201,1227,12,1269,130,1248,71
frame_183,Rack_1,49,1,a&w_small,0.738399863243103,1193,12,1238,131,1215,71
frame_183,Rack_1,52,1,a&w_small,0.832673192024231,1141,9,1190,135,1165,72
frame_183,Rack_1,42,1,a&w_small,0.8349695801734924,1087,7,1137,139,1112,73
frame_183,Rack_1,59,1,a&w_small,0.7926318645477295,1038,7,1084,143,1061,75
frame_183,Rack_1,35,4,coke_small,0.7946275472640991,988,7,1035,144,1011,75
frame_183,Rack_1,36,4,coke_small,0.8446693420410156,938,8,984,147,961,77
frame_183,Rack_1,37,4,coke_small,0.8687548041343689,895,9,935,151,915,80
frame_183,Rack_1,47,4,coke_small,0.8247103095054626,853,9,894,153,873,81
frame_183,Rack_1,46,4,coke_small,0.8924915194511414,807,9,851,154,829,81
frame_183,Rack_1,18,4,coke_small,0.9295302629470825,760,10,806,156,783,83
frame_183,Rack_1,41,17,sprite_small,0.8814812898635864,719,11,760,159,739,85
frame_183,Rack_1,51,17,sprite_small,0.8747076988220215,675,11,717,160,696,85
frame_183,Rack_1,32,17,sprite_small,0.941738486289978,634,14,675,160,654,87
frame_183,Rack_1,28,17,sprite_small,0.8743667602539062,592,16,633,158,612,87
frame_183,Rack_1,23,9,empty,0.8746320009231567,371,12,593,193,482,102
frame_183,Rack_1,38,0,7up_med,0.7023925185203552,266,48,314,210,290,129
frame_183,Rack_1,34,0,7up_med,0.8641359210014343,213,48,263,214,238,131
frame_183,Rack_1,53,0,7up_med,0.8024690747261047,169,49,213,216,191,132
frame_183,Rack_1,58,0,7up_med,0.9009059071540833,127,53,169,218,148,135
frame_183,Rack_1,82,0,7up_med,0.8615753650665283,83,55,125,221,104,138
frame_183,Rack_1,75,0,7up_med,0.933110237121582,39,58,82,223,60,140
frame_183,Rack_1,100,0,7up_med,0.8117582201957703,7,52,31,224,19,138
frame_184,Rack_1,55,1,a&w_small,0.8251863121986389,1239,12,1280,128,1259,70
frame_184,Rack_1,49,1,a&w_small,0.7752107381820679,1200,12,1245,130,1222,71
frame_184,Rack_1,97,1,a&w_small,0.6363461017608643,1199,11,1234,130,1216,70
frame_184,Rack_1,52,1,a&w_small,0.7782399654388428,1143,10,1192,135,1167,72
frame_184,Rack_1,42,1,a&w_small,0.8112333416938782,1090,8,1139,138,1114,73
frame_184,Rack_1,59,1,a&w_small,0.8001746535301208,1040,7,1086,142,1063,74
frame_184,Rack_1,35,4,coke_small,0.7281085848808289,990,7,1037,145,1013,76
frame_184,Rack_1,36,4,coke_small,0.8222452998161316,940,8,987,147,963,77
frame_184,Rack_1,37,4,coke_small,0.8543688058853149,897,9,938,151,917,80
frame_184,Rack_1,47,4,coke_small,0.8587100505828857,854,9,896,153,875,81
frame_184,Rack_1,46,4,coke_small,0.8946137428283691,808,9,853,153,830,81
frame_184,Rack_1,18,4,coke_small,0.9300524592399597,762,11,808,156,785,83
frame_184,Rack_1,41,17,sprite_small,0.8734380006790161,721,11,762,159,741,85
frame_184,Rack_1,51,17,sprite_small,0.8713531494140625,677,12,719,160,698,86
frame_184,Rack_1,32,17,sprite_small,0.9416837096214294,636,14,676,160,656,87
frame_184,Rack_1,28,17,sprite_small,0.8739084601402283,594,16,635,158,614,87
frame_184,Rack_1,23,9,empty,0.8743484020233154,373,12,596,195,484,103
frame_184,Rack_1,38,0,7up_med,0.7482044696807861,267,48,315,210,291,129
frame_184,Rack_1,34,0,7up_med,0.8672856688499451,215,49,265,215,240,132
frame_184,Rack_1,53,0,7up_med,0.8462233543395996,171,49,214,216,192,132
frame_184,Rack_1,58,0,7up_med,0.9126914143562317,128,53,171,219,149,136
frame_184,Rack_1,82,0,7up_med,0.8738746643066406,84,55,127,221,105,138
frame_184,Rack_1,75,0,7up_med,0.9199151992797852,41,59,84,223,62,141
frame_184,Rack_1,100,0,7up_med,0.776064395904541,7,53,33,225,20,139
frame_185,Rack_1,55,1,a&w_small,0.7929437756538391,1239,12,1280,128,1259,70
frame_185,Rack_1,49,1,a&w_small,0.5433555245399475,1207,11,1254,130,1230,70
frame_185,Rack_1,97,1,a&w_small,0.8268941640853882,1200,12,1236,131,1218,71
frame_185,Rack_1,52,1,a&w_small,0.789294958114624,1146,10,1195,135,1170,72
frame_185,Rack_1,42,1,a&w_small,0.8492706418037415,1092,8,1142,139,1117,73
frame_185,Rack_1,59,1,a&w_small,0.8550018668174744,1042,7,1089,143,1065,75
frame_185,Rack_1,35,4,coke_small,0.6911039352416992,992,7,1039,145,1015,76
frame_185,Rack_1,36,4,coke_small,0.8356952667236328,941,8,989,148,965,78
frame_185,Rack_1,37,4,coke_small,0.8532800674438477,899,9,940,152,919,80
frame_185,Rack_1,47,4,coke_small,0.8599414229393005,856,9,898,154,877,81
frame_185,Rack_1,46,4,coke_small,0.8583903908729553,810,9,855,153,832,81
frame_185,Rack_1,18,4,coke_small,0.8610220551490784,764,10,809,157,786,83
frame_185,Rack_1,41,17,sprite_small,0.8765162825584412,722,12,763,160,742,86
frame_185,Rack_1,51,17,sprite_small,0.9107864499092102,679,12,720,161,699,86
frame_185,Rack_1,32,17,sprite_small,0.9432180523872375,637,15,677,160,657,87
frame_185,Rack_1,28,17,sprite_small,0.869310736656189,595,16,636,159,615,87
frame_185,Rack_1,23,9,empty,0.8822529911994934,373,12,596,195,484,103
frame_185,Rack_1,38,0,7up_med,0.7441773414611816,268,49,317,211,292,130
frame_185,Rack_1,34,0,7up_med,0.8794128894805908,216,47,266,214,241,130
frame_185,Rack_1,53,0,7up_med,0.8666313290596008,172,49,216,216,194,132
frame_185,Rack_1,58,0,7up_med,0.9231292009353638,130,53,172,219,151,136
frame_185,Rack_1,82,0,7up_med,0.874839723110199,85,55,128,222,106,138
frame_185,Rack_1,75,0,7up_med,0.8738038539886475,43,59,85,223,64,141
frame_185,Rack_1,100,0,7up_med,0.7633788585662842,7,53,34,224,20,138
frame_186,Rack_1,55,1,a&w_small,0.7473688125610352,1241,12,1280,128,1260,70
frame_186,Rack_1,97,1,a&w_small,0.8501323461532593,1202,12,1239,131,1220,71
frame_186,Rack_1,52,1,a&w_small,0.790443480014801,1147,10,1197,136,1172,73
frame_186,Rack_1,42,1,a&w_small,0.8142802119255066,1094,8,1144,139,1119,73
frame_186,Rack_1,59,1,a&w_small,0.8355667591094971,1044,7,1090,143,1067,75
frame_186,Rack_1,35,4,coke_small,0.6687226295471191,994,7,1041,145,1017,76
frame_186,Rack_1,36,4,coke_small,0.8601496815681458,943,8,991,148,967,78
frame_186,Rack_1,37,4,coke_small,0.8363054394721985,900,9,941,152,920,80
frame_186,Rack_1,47,4,coke_small,0.8767784833908081,858,9,899,153,878,81
frame_186,Rack_1,46,4,coke_small,0.8526158928871155,812,9,857,153,834,81
frame_186,Rack_1,18,4,coke_small,0.8613824844360352,766,11,811,158,788,84
frame_186,Rack_1,41,17,sprite_small,0.8599087595939636,724,11,765,159,744,85
frame_186,Rack_1,51,17,sprite_small,0.8780819177627563,681,13,723,161,702,87
frame_186,Rack_1,32,17,sprite_small,0.8956624865531921,639,13,680,161,659,87
frame_186,Rack_1,28,17,sprite_small,0.8682416677474976,597,16,638,160,617,88
frame_186,Rack_1,23,9,empty,0.873113751411438,376,12,599,195,487,103
frame_186,Rack_1,34,0,7up_med,0.8996883630752563,218,46,268,214,243,130
frame_186,Rack_1,53,0,7up_med,0.8246843218803406,174,49,217,216,195,132
frame_186,Rack_1,58,0,7up_med,0.917050838470459,130,54,173,219,151,136
frame_186,Rack_1,82,0,7up_med,0.8832280039787292,87,56,130,222,108,139
frame_186,Rack_1,75,0,7up_med,0.8640148639678955,45,58,88,223,66,140
frame_186,Rack_1,100,0,7up_med,0.7665460109710693,7,53,35,224,21,138
frame_187,Rack_1,55,1,a&w_small,0.8006857633590698,1244,13,1280,129,1262,71
frame_187,Rack_1,97,1,a&w_small,0.8412597179412842,1205,12,1244,131,1224,71
frame_187,Rack_1,52,1,a&w_small,0.7939128875732422,1149,10,1199,136,1174,73
frame_187,Rack_1,42,1,a&w_small,0.7914049625396729,1096,7,1146,139,1121,73
frame_187,Rack_1,59,1,a&w_small,0.7895470857620239,1046,6,1092,143,1069,74
frame_187,Rack_1,35,4,coke_small,0.6846574544906616,996,7,1043,145,1019,76
frame_187,Rack_1,36,4,coke_small,0.848866879940033,945,8,992,149,968,78
frame_187,Rack_1,37,4,coke_small,0.8293513059616089,902,9,943,152,922,80
frame_187,Rack_1,47,4,coke_small,0.8665527701377869,859,9,901,153,880,81
frame_187,Rack_1,46,4,coke_small,0.8141340613365173,814,9,858,153,836,81
frame_187,Rack_1,18,4,coke_small,0.873516857624054,768,12,813,158,790,85
frame_187,Rack_1,41,17,sprite_small,0.8411948084831238,725,11,767,160,746,85
frame_187,Rack_1,51,17,sprite_small,0.9257694482803345,683,13,724,161,703,87
frame_187,Rack_1,32,17,sprite_small,0.9309688806533813,641,13,681,161,661,87
frame_187,Rack_1,28,17,sprite_small,0.9040043354034424,598,15,640,161,619,88
frame_187,Rack_1,23,9,empty,0.8903378248214722,376,11,599,196,487,103
frame_187,Rack_1,38,0,7up_med,0.5299477577209473,271,50,319,211,295,130
frame_187,Rack_1,34,0,7up_med,0.898310661315918,220,47,270,214,245,130
frame_187,Rack_1,53,0,7up_med,0.8118056058883667,176,50,219,216,197,133
frame_187,Rack_1,58,0,7up_med,0.9299114942550659,131,54,174,219,152,136
frame_187,Rack_1,82,0,7up_med,0.9098454713821411,89,56,131,222,110,139
frame_187,Rack_1,75,0,7up_med,0.8547458052635193,46,57,89,224,67,140
frame_187,Rack_1,100,0,7up_med,0.7875330448150635,7,54,36,224,21,139
frame_188,Rack_1,55,1,a&w_small,0.8243373036384583,1245,13,1280,130,1262,71
frame_188,Rack_1,97,1,a&w_small,0.8605309724807739,1207,12,1247,132,1227,72
frame_188,Rack_1,52,1,a&w_small,0.8046061396598816,1151,10,1201,136,1176,73
frame_188,Rack_1,42,1,a&w_small,0.7999772429466248,1097,7,1147,140,1122,73
frame_188,Rack_1,59,1,a&w_small,0.8433924317359924,1047,6,1093,143,1070,74
frame_188,Rack_1,35,4,coke_small,0.6729966998100281,997,7,1045,145,1021,76
frame_188,Rack_1,36,4,coke_small,0.7940120100975037,947,7,994,149,970,78
frame_188,Rack_1,37,4,coke_small,0.8748737573623657,903,9,944,153,923,81
frame_188,Rack_1,47,4,coke_small,0.865451991558075,861,9,903,154,882,81
frame_188,Rack_1,46,4,coke_small,0.7896478772163391,816,9,860,154,838,81
frame_188,Rack_1,18,4,coke_small,0.8996275067329407,769,12,814,158,791,85
frame_188,Rack_1,41,17,sprite_small,0.8212270140647888,727,12,768,160,747,86
frame_188,Rack_1,51,17,sprite_small,0.9218953847885132,684,14,725,161,704,87
frame_188,Rack_1,32,17,sprite_small,0.9470326900482178,642,14,683,162,662,88
frame_188,Rack_1,28,17,sprite_small,0.9250258207321167,600,16,642,162,621,89
frame_188,Rack_1,23,9,empty,0.8762469291687012,377,11,601,197,489,104
frame_188,Rack_1,38,0,7up_med,0.625947892665863,272,50,320,211,296,130
frame_188,Rack_1,34,0,7up_med,0.8221260905265808,222,47,271,214,246,130
frame_188,Rack_1,53,0,7up_med,0.798307478427887,177,51,220,216,198,133
frame_188,Rack_1,58,0,7up_med,0.8966221213340759,133,55,176,220,154,137
frame_188,Rack_1,82,0,7up_med,0.9197361469268799,91,57,133,222,112,139
frame_188,Rack_1,75,0,7up_med,0.7853867411613464,48,58,91,224,69,141
frame_188,Rack_1,100,0,7up_med,0.8168458342552185,7,56,37,225,22,140
frame_189,Rack_1,55,1,a&w_small,0.8051533102989197,1241,12,1280,132,1260,72
frame_189,Rack_1,97,1,a&w_small,0.8778999447822571,1209,12,1251,133,1230,72
frame_189,Rack_1,52,1,a&w_small,0.8128705024719238,1153,10,1203,137,1178,73
frame_189,Rack_1,42,1,a&w_small,0.7907699942588806,1099,8,1150,141,1124,74
frame_189,Rack_1,59,1,a&w_small,0.7346368432044983,1049,7,1095,143,1072,75
frame_189,Rack_1,35,4,coke_small,0.7917609810829163,998,7,1046,146,1022,76
frame_189,Rack_1,36,4,coke_small,0.8605655431747437,948,8,996,149,972,78
frame_189,Rack_1,37,4,coke_small,0.8965427279472351,905,10,947,154,926,82
frame_189,Rack_1,47,4,coke_small,0.8795123100280762,863,9,905,154,884,81
frame_189,Rack_1,46,4,coke_small,0.8086569905281067,817,10,862,155,839,82
frame_189,Rack_1,18,4,coke_small,0.9182783961296082,770,12,815,158,792,85
frame_189,Rack_1,41,17,sprite_small,0.8878032565116882,728,13,769,160,748,86
frame_189,Rack_1,51,17,sprite_small,0.9264366626739502,685,14,727,162,706,88
frame_189,Rack_1,32,17,sprite_small,0.9581647515296936,644,15,684,164,664,89
frame_189,Rack_1,28,17,sprite_small,0.9427907466888428,602,18,644,163,623,90
frame_189,Rack_1,23,9,empty,0.886864960193634,379,12,602,197,490,104
frame_189,Rack_1,38,0,7up_med,0.7655057311058044,273,49,321,212,297,130
frame_189,Rack_1,34,0,7up_med,0.7913117408752441,223,48,273,215,248,131
frame_189,Rack_1,53,0,7up_med,0.8253549933433533,178,51,222,217,200,134
frame_189,Rack_1,58,0,7up_med,0.8548979759216309,135,54,178,220,156,137
frame_189,Rack_1,82,0,7up_med,0.8955667614936829,94,58,135,223,114,140
frame_189,Rack_1,75,0,7up_med,0.6732178926467896,49,59,92,225,70,142
frame_189,Rack_1,100,0,7up_med,0.7831103801727295,8,57,39,226,23,141
frame_190,Rack_1,49,1,a&w_small,0.8157269358634949,1228,12,1274,133,1251,72
frame_190,Rack_1,97,1,a&w_small,0.8750589489936829,1211,13,1253,134,1232,73
frame_190,Rack_1,52,1,a&w_small,0.7883930802345276,1154,10,1205,138,1179,74
frame_190,Rack_1,42,1,a&w_small,0.8032482862472534,1100,8,1151,142,1125,75
frame_190,Rack_1,59,1,a&w_small,0.7427906394004822,1051,7,1097,144,1074,75
frame_190,Rack_1,35,4,coke_small,0.7245750427246094,1000,7,1048,146,1024,76
frame_190,Rack_1,36,4,coke_small,0.8708438277244568,950,8,997,150,973,79
frame_190,Rack_1,37,4,coke_small,0.8808023929595947,907,10,948,154,927,82
frame_190,Rack_1,47,4,coke_small,0.8781943321228027,864,10,906,155,885,82
frame_190,Rack_1,46,4,coke_small,0.8104085922241211,818,10,863,156,840,83
frame_190,Rack_1,18,4,coke_small,0.9309608340263367,771,11,817,159,794,85
frame_190,Rack_1,41,17,sprite_small,0.9176796674728394,729,13,770,161,749,87
frame_190,Rack_1,51,17,sprite_small,0.898467481136322,686,15,728,164,707,89
frame_190,Rack_1,32,17,sprite_small,0.9643843770027161,645,16,686,165,665,90
frame_190,Rack_1,28,17,sprite_small,0.9512622356414795,603,19,645,165,624,92
frame_190,Rack_1,23,9,empty,0.8886498808860779,380,12,603,198,491,105
frame_190,Rack_1,38,0,7up_med,0.7852491140365601,275,49,323,212,299,130
frame_190,Rack_1,34,0,7up_med,0.804284930229187,225,49,274,215,249,132
frame_190,Rack_1,53,0,7up_med,0.8371254205703735,180,52,223,217,201,134
frame_190,Rack_1,58,0,7up_med,0.831108808517456,137,55,179,221,158,138
frame_190,Rack_1,82,0,7up_med,0.844403862953186,95,59,137,223,116,141
frame_190,Rack_1,75,0,7up_med,0.7134596705436707,50,61,93,225,71,143
frame_190,Rack_1,100,0,7up_med,0.8213376402854919,9,59,41,228,25,143
frame_191,Rack_1,52,1,a&w_small,0.8594567179679871,1155,10,1206,138,1180,74
frame_191,Rack_1,42,1,a&w_small,0.8097785711288452,1102,8,1153,142,1127,75
frame_191,Rack_1,59,1,a&w_small,0.7723685503005981,1052,7,1099,144,1075,75
frame_191,Rack_1,35,4,coke_small,0.5478253364562988,1001,6,1049,147,1025,76
frame_191,Rack_1,36,4,coke_small,0.8668297529220581,951,8,999,150,975,79
frame_191,Rack_1,37,4,coke_small,0.8913829326629639,907,10,949,155,928,82
frame_191,Rack_1,47,4,coke_small,0.8912078738212585,865,9,907,155,886,82
frame_191,Rack_1,46,4,coke_small,0.8027637004852295,819,9,864,156,841,82
frame_191,Rack_1,18,4,coke_small,0.9384596347808838,772,11,818,158,795,84
frame_191,Rack_1,41,17,sprite_small,0.9388795495033264,730,13,771,161,750,87
frame_191,Rack_1,51,17,sprite_small,0.8688213229179382,687,15,729,163,708,89
frame_191,Rack_1,32,17,sprite_small,0.9547677040100098,647,17,687,164,667,90
frame_191,Rack_1,28,17,sprite_small,0.9583192467689514,605,20,646,164,625,92
frame_191,Rack_1,23,9,empty,0.8957142233848572,380,12,603,198,491,105
frame_191,Rack_1,38,0,7up_med,0.7803986668586731,277,49,325,213,301,131
frame_191,Rack_1,34,0,7up_med,0.7986469268798828,226,50,275,215,250,132
frame_191,Rack_1,53,0,7up_med,0.8866926431655884,182,53,225,218,203,135
frame_191,Rack_1,58,0,7up_med,0.9094237089157104,138,55,181,222,159,138
frame_191,Rack_1,82,0,7up_med,0.805270254611969,97,60,138,224,117,142
frame_191,Rack_1,75,0,7up_med,0.735080361366272,51,61,95,226,73,143
frame_191,Rack_1,100,0,7up_med,0.7867640852928162,10,59,45,230,27,144
frame_192,Rack_1,56,1,a&w_small,0.8903176188468933,1215,12,1261,135,1238,73
frame_192,Rack_1,52,1,a&w_small,0.8183977603912354,1156,10,1208,139,1182,74
frame_192,Rack_1,42,1,a&w_small,0.8057681918144226,1103,8,1155,142,1129,75
frame_192,Rack_1,59,1,a&w_small,0.7493966221809387,1054,7,1100,144,1077,75
frame_192,Rack_1,35,4,coke_small,0.6287019848823547,1002,7,1051,148,1026,77
frame_192,Rack_1,36,4,coke_small,0.857061505317688,952,8,1000,151,976,79
frame_192,Rack_1,37,4,coke_small,0.9026702046394348,909,10,950,156,929,83
frame_192,Rack_1,47,4,coke_small,0.887817919254303,866,10,908,156,887,83
frame_192,Rack_1,46,4,coke_small,0.8338593244552612,821,10,866,157,843,83
frame_192,Rack_1,18,4,coke_small,0.9470277428627014,774,11,819,158,796,84
frame_192,Rack_1,41,17,sprite_small,0.9057217240333557,732,13,773,159,752,86
frame_192,Rack_1,51,17,sprite_small,0.8090885281562805,689,14,731,160,710,87
frame_192,Rack_1,32,17,sprite_small,0.9467505812644958,649,18,688,161,668,89
frame_192,Rack_1,28,17,sprite_small,0.9342756867408752,606,20,647,161,626,90
frame_192,Rack_1,23,9,empty,0.8905385732650757,386,13,599,189,492,101
frame_192,Rack_1,38,0,7up_med,0.6839565634727478,279,50,326,213,302,131
frame_192,Rack_1,34,0,7up_med,0.7787755131721497,227,50,277,216,252,133
frame_192,Rack_1,53,0,7up_med,0.925919234752655,183,53,227,218,205,135
frame_192,Rack_1,58,0,7up_med,0.945853054523468,140,55,182,222,161,138
frame_192,Rack_1,82,0,7up_med,0.7807072401046753,98,60,139,225,118,142
frame_192,Rack_1,75,0,7up_med,0.7783705592155457,52,61,96,227,74,144
frame_192,Rack_1,100,0,7up_med,0.8643467426300049,11,60,46,230,28,145
frame_193,Rack_1,56,1,a&w_small,0.9053964018821716,1215,12,1262,135,1238,73
frame_193,Rack_1,52,1,a&w_small,0.7989686131477356,1159,8,1210,139,1184,73
frame_193,Rack_1,42,1,a&w_small,0.8138488531112671,1106,7,1157,141,1131,74
frame_193,Rack_1,59,1,a&w_small,0.7845782041549683,1056,6,1103,144,1079,75
frame_193,Rack_1,35,4,coke_small,0.5935708284378052,1004,7,1053,148,1028,77
frame_193,Rack_1,36,4,coke_small,0.7933707237243652,954,8,1002,151,978,79
frame_193,Rack_1,37,4,coke_small,0.8983280658721924,910,9,952,156,931,82
frame_193,Rack_1,47,4,coke_small,0.8714423775672913,868,9,910,157,889,83
frame_193,Rack_1,46,4,coke_small,0.8371374011039734,823,9,867,157,845,83
frame_193,Rack_1,18,4,coke_small,0.9345586895942688,776,11,821,157,798,84
frame_193,Rack_1,41,17,sprite_small,0.8605529069900513,734,13,775,159,754,86
frame_193,Rack_1,51,17,sprite_small,0.8338165283203125,691,13,733,159,712,86
frame_193,Rack_1,32,17,sprite_small,0.9555469155311584,650,17,690,160,670,88
frame_193,Rack_1,28,17,sprite_small,0.9251949191093445,608,19,648,159,628,89
frame_193,Rack_1,23,9,empty,0.8967481255531311,387,12,600,187,493,99
frame_193,Rack_1,38,0,7up_med,0.547672688961029,280,50,328,214,304,132
frame_193,Rack_1,34,0,7up_med,0.76996248960495,229,49,278,216,253,132
frame_193,Rack_1,53,0,7up_med,0.9314588904380798,185,52,228,218,206,135
frame_193,Rack_1,58,0,7up_med,0.9410872459411621,141,55,184,222,162,138
frame_193,Rack_1,82,0,7up_med,0.7931861877441406,99,60,141,225,120,142
frame_193,Rack_1,75,0,7up_med,0.8378968238830566,54,62,98,227,76,144
frame_193,Rack_1,100,0,7up_med,0.8729803562164307,12,61,48,230,30,145
frame_194,Rack_1,56,1,a&w_small,0.9200185537338257,1217,12,1264,135,1240,73
frame_194,Rack_1,52,1,a&w_small,0.8023937940597534,1162,9,1213,139,1187,74
frame_194,Rack_1,42,1,a&w_small,0.8492929339408875,1108,7,1159,141,1133,74
frame_194,Rack_1,59,1,a&w_small,0.8415426015853882,1058,6,1106,144,1082,75
frame_194,Rack_1,35,4,coke_small,0.5008444786071777,1007,6,1056,147,1031,76
frame_194,Rack_1,36,4,coke_small,0.7743008136749268,956,7,1004,151,980,79
frame_194,Rack_1,37,4,coke_small,0.8675134778022766,912,9,954,156,933,82
frame_194,Rack_1,47,4,coke_small,0.8946776986122131,870,9,912,157,891,83
frame_194,Rack_1,46,4,coke_small,0.8352363109588623,824,8,869,156,846,82
frame_194,Rack_1,18,4,coke_small,0.9180481433868408,778,10,823,157,800,83
frame_194,Rack_1,41,17,sprite_small,0.741053581237793,735,12,776,157,755,84
frame_194,Rack_1,51,17,sprite_small,0.9032938480377197,692,12,734,159,713,85
frame_194,Rack_1,32,17,sprite_small,0.9620485305786133,652,17,691,159,671,88
frame_194,Rack_1,28,17,sprite_small,0.9212474822998047,609,19,650,158,629,88
frame_194,Rack_1,23,9,empty,0.9110126495361328,387,12,600,186,493,99
frame_194,Rack_1,38,0,7up_med,0.5528202652931213,281,49,329,212,305,130
frame_194,Rack_1,34,0,7up_med,0.7453410029411316,230,49,279,216,254,132
frame_194,Rack_1,53,0,7up_med,0.8926634192466736,186,52,230,218,208,135
frame_194,Rack_1,58,0,7up_med,0.8748866319656372,143,54,186,221,164,137
frame_194,Rack_1,82,0,7up_med,0.7800105810165405,101,58,143,224,122,141
frame_194,Rack_1,75,0,7up_med,0.8635169863700867,56,62,100,226,78,144
frame_194,Rack_1,100,0,7up_med,0.8504669666290283,13,61,50,230,31,145
frame_195,Rack_1,56,1,a&w_small,0.8859344124794006,1219,12,1266,133,1242,72
frame_195,Rack_1,52,1,a&w_small,0.7925899028778076,1164,10,1215,139,1189,74
frame_195,Rack_1,42,1,a&w_small,0.8069518208503723,1110,7,1161,141,1135,74
frame_195,Rack_1,59,1,a&w_small,0.8302804231643677,1060,6,1107,144,1083,75
frame_195,Rack_1,36,4,coke_small,0.8372933864593506,958,8,1006,151,982,79
frame_195,Rack_1,37,4,coke_small,0.8641069531440735,914,10,956,155,935,82
frame_195,Rack_1,47,4,coke_small,0.888878345489502,872,9,914,157,893,83
frame_195,Rack_1,46,4,coke_small,0.8077234029769897,826,8,871,155,848,81
frame_195,Rack_1,18,4,coke_small,0.8953964710235596,780,12,825,157,802,84
frame_195,Rack_1,41,17,sprite_small,0.8341524004936218,737,11,778,158,757,84
frame_195,Rack_1,51,17,sprite_small,0.8959199786186218,694,12,736,159,715,85
frame_195,Rack_1,32,17,sprite_small,0.9688355326652527,653,18,692,159,672,88
frame_195,Rack_1,28,17,sprite_small,0.9269341826438904,611,19,651,158,631,88
frame_195,Rack_1,23,9,empty,0.9128735065460205,386,12,602,188,494,100
frame_195,Rack_1,38,0,7up_med,0.6390025615692139,283,48,331,211,307,129
frame_195,Rack_1,34,0,7up_med,0.8149222731590271,231,49,281,216,256,132
frame_195,Rack_1,53,0,7up_med,0.8329892158508301,187,51,231,219,209,135
frame_195,Rack_1,58,0,7up_med,0.882564902305603,145,53,187,221,166,137
frame_195,Rack_1,82,0,7up_med,0.8228851556777954,103,58,145,224,124,141
frame_195,Rack_1,75,0,7up_med,0.8583929538726807,59,61,103,226,81,143
frame_195,Rack_1,100,0,7up_med,0.825941264629364,14,60,53,230,33,145
frame_196,Rack_1,56,1,a&w_small,0.9122897982597351,1220,12,1267,134,1243,73
frame_196,Rack_1,52,1,a&w_small,0.8579719662666321,1167,10,1218,138,1192,74
frame_196,Rack_1,42,1,a&w_small,0.8272122740745544,1112,8,1164,142,1138,75
frame_196,Rack_1,59,1,a&w_small,0.8097478747367859,1062,7,1109,144,1085,75
frame_196,Rack_1,35,4,coke_small,0.6430093050003052,1011,8,1059,147,1035,77
frame_196,Rack_1,36,4,coke_small,0.8469493389129639,960,9,1008,150,984,79
frame_196,Rack_1,37,4,coke_small,0.8477764129638672,916,10,957,155,936,82
frame_196,Rack_1,47,4,coke_small,0.8820654153823853,874,9,916,156,895,82
frame_196,Rack_1,46,4,coke_small,0.8080172538757324,828,8,873,154,850,81
frame_196,Rack_1,18,4,coke_small,0.9057033658027649,782,12,827,156,804,84
frame_196,Rack_1,41,17,sprite_small,0.8482937216758728,739,11,780,159,759,85
frame_196,Rack_1,51,17,sprite_small,0.885598361492157,695,11,738,160,716,85
frame_196,Rack_1,32,17,sprite_small,0.9575865864753723,654,17,694,160,674,88
frame_196,Rack_1,28,17,sprite_small,0.9170399308204651,612,18,653,161,632,89
frame_196,Rack_1,23,9,empty,0.9069600701332092,385,13,606,192,495,102
frame_196,Rack_1,38,0,7up_med,0.594689667224884,285,50,332,211,308,130
frame_196,Rack_1,34,0,7up_med,0.8405594229698181,234,49,283,215,258,132
frame_196,Rack_1,53,0,7up_med,0.8070822358131409,190,53,233,218,211,135
frame_196,Rack_1,58,0,7up_med,0.890180230140686,146,54,188,220,167,137
frame_196,Rack_1,82,0,7up_med,0.8568098545074463,104,57,146,224,125,140
frame_196,Rack_1,75,0,7up_med,0.8807888031005859,61,60,105,226,83,143
frame_196,Rack_1,100,0,7up_med,0.8381488919258118,15,59,55,230,35,144
frame_197,Rack_1,56,1,a&w_small,0.8735541105270386,1222,11,1269,133,1245,72
frame_197,Rack_1,52,1,a&w_small,0.8509296774864197,1169,9,1220,137,1194,73
frame_197,Rack_1,42,1,a&w_small,0.8527378439903259,1114,7,1166,142,1140,74
frame_197,Rack_1,59,1,a&w_small,0.8050652742385864,1065,6,1112,144,1088,75
frame_197,Rack_1,35,4,coke_small,0.8231983780860901,1013,6,1061,146,1037,76
frame_197,Rack_1,36,4,coke_small,0.8888340592384338,962,8,1011,150,986,79
frame_197,Rack_1,37,4,coke_small,0.8787340521812439,918,9,960,155,939,82
frame_197,Rack_1,47,4,coke_small,0.8387777805328369,876,9,918,156,897,82
frame_197,Rack_1,46,4,coke_small,0.7669943571090698,830,8,875,156,852,82
frame_197,Rack_1,18,4,coke_small,0.9064375162124634,784,11,829,157,806,84
frame_197,Rack_1,41,17,sprite_small,0.8379511833190918,741,10,783,158,762,84
frame_197,Rack_1,51,17,sprite_small,0.9144792556762695,697,11,740,159,718,85
frame_197,Rack_1,32,17,sprite_small,0.9388701915740967,656,15,696,159,676,87
frame_197,Rack_1,28,17,sprite_small,0.914263904094696,613,17,655,160,634,88
frame_197,Rack_1,23,9,empty,0.8966410756111145,385,11,606,190,495,100
frame_197,Rack_1,38,0,7up_med,0.6068949103355408,287,52,334,211,310,131
frame_197,Rack_1,34,0,7up_med,0.8731842041015625,236,49,285,215,260,132
frame_197,Rack_1,53,0,7up_med,0.8271312713623047,192,54,235,218,213,136
frame_197,Rack_1,58,0,7up_med,0.901404857635498,148,55,190,221,169,138
frame_197,Rack_1,82,0,7up_med,0.9131667017936707,107,57,149,224,128,140
frame_197,Rack_1,75,0,7up_med,0.8462409377098083,64,60,108,225,86,142
frame_197,Rack_1,100,0,7up_med,0.7768478393554688,16,60,57,230,36,145
frame_198,Rack_1,56,1,a&w_small,0.8755467534065247,1224,10,1271,133,1247,71
frame_198,Rack_1,52,1,a&w_small,0.8430033922195435,1172,9,1223,137,1197,73
frame_198,Rack_1,42,1,a&w_small,0.8528152704238892,1116,6,1168,142,1142,74
frame_198,Rack_1,59,1,a&w_small,0.778770387172699,1067,6,1114,143,1090,74
frame_198,Rack_1,35,4,coke_small,0.8242705464363098,1016,6,1064,146,1040,76
frame_198,Rack_1,36,4,coke_small,0.9161486625671387,965,7,1013,150,989,78
frame_198,Rack_1,37,4,coke_small,0.879793107509613,921,9,962,155,941,82
frame_198,Rack_1,47,4,coke_small,0.8295567631721497,878,9,921,156,899,82
frame_198,Rack_1,46,4,coke_small,0.8153768181800842,831,8,877,157,854,82
frame_198,Rack_1,18,4,coke_small,0.9207086563110352,785,11,830,158,807,84
frame_198,Rack_1,41,17,sprite_small,0.8395164608955383,742,11,784,159,763,85
frame_198,Rack_1,51,17,sprite_small,0.8813777565956116,699,11,741,159,720,85
frame_198,Rack_1,32,17,sprite_small,0.9416431188583374,658,14,698,159,678,86
frame_198,Rack_1,28,17,sprite_small,0.9145801663398743,615,16,657,160,636,88
frame_198,Rack_1,23,9,empty,0.8925817012786865,387,11,606,187,496,99
frame_198,Rack_1,38,0,7up_med,0.6447550058364868,289,52,335,211,312,131
frame_198,Rack_1,34,0,7up_med,0.8324233293533325,237,49,286,215,261,132
frame_198,Rack_1,53,0,7up_med,0.8015326261520386,193,54,236,218,214,136
frame_198,Rack_1,58,0,7up_med,0.9303362965583801,150,55,192,220,171,137
frame_198,Rack_1,82,0,7up_med,0.936342179775238,109,57,151,223,130,140
frame_198,Rack_1,75,0,7up_med,0.8340537548065186,66,60,109,224,87,142
frame_198,Rack_1,100,0,7up_med,0.7284518480300903,18,61,59,229,38,145
frame_199,Rack_1,56,1,a&w_small,0.8823411464691162,1225,11,1271,133,1248,72
frame_199,Rack_1,52,1,a&w_small,0.8006964325904846,1174,9,1225,137,1199,73
frame_199,Rack_1,42,1,a&w_small,0.8440541625022888,1118,7,1171,142,1144,74
frame_199,Rack_1,59,1,a&w_small,0.7527868747711182,1069,6,1116,143,1092,74
frame_199,Rack_1,35,4,coke_small,0.7789590358734131,1018,7,1066,145,1042,76
frame_199,Rack_1,36,4,coke_small,0.9167277216911316,966,8,1015,150,990,79
frame_199,Rack_1,37,4,coke_small,0.8889631032943726,923,9,964,154,943,81
frame_199,Rack_1,47,4,coke_small,0.8350679874420166,880,9,922,156,901,82
frame_199,Rack_1,46,4,coke_small,0.8354179859161377,833,9,878,157,855,83
frame_199,Rack_1,18,4,coke_small,0.9374639987945557,786,11,831,158,808,84
frame_199,Rack_1,41,17,sprite_small,0.8636074662208557,744,11,785,159,764,85
frame_199,Rack_1,51,17,sprite_small,0.9000182747840881,700,11,742,159,721,85
frame_199,Rack_1,32,17,sprite_small,0.953170120716095,659,14,699,159,679,86
frame_199,Rack_1,28,17,sprite_small,0.9362317323684692,617,16,658,159,637,87
frame_199,Rack_1,23,9,empty,0.8806002140045166,387,11,607,187,497,99
frame_199,Rack_1,38,0,7up_med,0.7165489792823792,290,53,336,211,313,132
frame_199,Rack_1,34,0,7up_med,0.8690716624259949,239,50,288,214,263,132
frame_199,Rack_1,53,0,7up_med,0.7659093141555786,194,55,237,218,215,136
frame_199,Rack_1,58,0,7up_med,0.9422584772109985,152,55,194,220,173,137
frame_199,Rack_1,82,0,7up_med,0.9348597526550293,111,57,152,223,131,140
frame_199,Rack_1,75,0,7up_med,0.7853946089744568,68,61,111,225,89,143
frame_199,Rack_1,100,0,7up_med,0.7392450571060181,20,62,61,229,40,145
frame_200,Rack_1,56,1,a&w_small,0.8375919461250305,1226,11,1272,133,1249,72
frame_200,Rack_1,52,1,a&w_small,0.8080188632011414,1176,10,1226,136,1201,73
frame_200,Rack_1,42,1,a&w_small,0.8114407658576965,1120,7,1172,140,1146,73
frame_200,Rack_1,59,1,a&w_small,0.7496702075004578,1070,7,1117,143,1093,75
frame_200,Rack_1,35,4,coke_small,0.7212972640991211,1020,8,1067,145,1043,76
frame_200,Rack_1,36,4,coke_small,0.9002822041511536,968,8,1016,149,992,78
frame_200,Rack_1,37,4,coke_small,0.8933035135269165,924,9,966,154,945,81
frame_200,Rack_1,47,4,coke_small,0.8509856462478638,881,9,923,156,902,82
frame_200,Rack_1,46,4,coke_small,0.8639779090881348,834,9,880,157,857,83
frame_200,Rack_1,18,4,coke_small,0.9197205901145935,787,11,833,158,810,84
frame_200,Rack_1,41,17,sprite_small,0.8758205771446228,745,11,786,160,765,85
frame_200,Rack_1,51,17,sprite_small,0.8804730176925659,701,12,743,160,722,86
frame_200,Rack_1,32,17,sprite_small,0.9523269534111023,660,13,700,159,680,86
frame_200,Rack_1,28,17,sprite_small,0.9499577879905701,618,17,659,159,638,88
frame_200,Rack_1,23,9,empty,0.8946858644485474,388,10,609,188,498,99
frame_200,Rack_1,38,0,7up_med,0.6778090596199036,291,53,337,211,314,132
frame_200,Rack_1,34,0,7up_med,0.8817479610443115,240,50,289,214,264,132
frame_200,Rack_1,53,0,7up_med,0.6511288285255432,196,55,238,217,217,136
frame_200,Rack_1,58,0,7up_med,0.9384389519691467,154,55,196,220,175,137
frame_200,Rack_1,82,0,7up_med,0.9029454588890076,112,58,154,223,133,140
frame_200,Rack_1,75,0,7up_med,0.7519451975822449,69,61,112,225,90,143
frame_200,Rack_1,100,0,7up_med,0.8037609457969666,21,62,63,228,42,145
frame_201,Rack_1,56,1,a&w_small,0.8182935118675232,1228,12,1273,132,1250,72
frame_201,Rack_1,52,1,a&w_small,0.8407412171363831,1178,10,1228,135,1203,72
frame_201,Rack_1,42,1,a&w_small,0.8416807055473328,1122,9,1173,140,1147,74
frame_201,Rack_1,59,1,a&w_small,0.757142961025238,1072,8,1119,143,1095,75
frame_201,Rack_1,35,4,coke_small,0.6864367723464966,1021,8,1069,145,1045,76
frame_201,Rack_1,36,4,coke_small,0.881966769695282,969,8,1017,148,993,78
frame_201,Rack_1,37,4,coke_small,0.8861981630325317,926,9,966,152,946,80
frame_201,Rack_1,47,4,coke_small,0.8569279909133911,882,9,924,156,903,82
frame_201,Rack_1,46,4,coke_small,0.8714057207107544,836,8,881,157,858,82
frame_201,Rack_1,18,4,coke_small,0.913933515548706,789,11,834,158,811,84
frame_201,Rack_1,41,17,sprite_small,0.8393427729606628,746,12,788,160,767,86
frame_201,Rack_1,51,17,sprite_small,0.8178693056106567,703,11,745,159,724,85
frame_201,Rack_1,32,17,sprite_small,0.9408870935440063,661,13,701,159,681,86
frame_201,Rack_1,28,17,sprite_small,0.9434809684753418,619,17,660,159,639,88
frame_201,Rack_1,23,9,empty,0.8985872864723206,388,11,611,189,499,100
frame_201,Rack_1,38,0,7up_med,0.6656739711761475,292,53,338,210,315,131
frame_201,Rack_1,34,0,7up_med,0.9140153527259827,242,49,291,214,266,131
frame_201,Rack_1,53,0,7up_med,0.6769065856933594,198,54,241,217,219,135
frame_201,Rack_1,58,0,7up_med,0.9380820989608765,155,55,197,220,176,137
frame_201,Rack_1,82,0,7up_med,0.9091134667396545,113,58,154,223,133,140
frame_201,Rack_1,75,0,7up_med,0.8032280802726746,70,61,113,225,91,143
frame_201,Rack_1,100,0,7up_med,0.8458447456359863,21,61,64,228,42,144
frame_202,Rack_1,56,1,a&w_small,0.8361291885375977,1229,11,1273,131,1251,71
frame_202,Rack_1,52,1,a&w_small,0.8542105555534363,1179,10,1229,135,1204,72
frame_202,Rack_1,42,1,a&w_small,0.8416336178779602,1123,8,1174,139,1148,73
frame_202,Rack_1,59,1,a&w_small,0.7465712428092957,1073,8,1120,142,1096,75
frame_202,Rack_1,35,4,coke_small,0.7655077576637268,1022,8,1070,145,1046,76
frame_202,Rack_1,36,4,coke_small,0.852233350276947,969,8,1018,148,993,78
frame_202,Rack_1,37,4,coke_small,0.8720541596412659,927,9,967,151,947,80
frame_202,Rack_1,47,4,coke_small,0.8462409377098083,884,9,925,155,904,82
frame_202,Rack_1,46,4,coke_small,0.8768051862716675,837,8,882,156,859,82
frame_202,Rack_1,18,4,coke_small,0.9197924137115479,790,11,835,157,812,84
frame_202,Rack_1,41,17,sprite_small,0.8260124325752258,747,12,789,159,768,85
frame_202,Rack_1,51,17,sprite_small,0.8610197305679321,704,11,746,159,725,85
frame_202,Rack_1,32,17,sprite_small,0.9355031251907349,662,14,702,158,682,86
frame_202,Rack_1,28,17,sprite_small,0.9426400065422058,620,17,661,159,640,88
frame_202,Rack_1,23,9,empty,0.875511109828949,390,11,613,190,501,100
frame_202,Rack_1,38,0,7up_med,0.70489901304245,293,53,339,210,316,131
frame_202,Rack_1,34,0,7up_med,0.9346921443939209,243,49,292,214,267,131
frame_202,Rack_1,53,0,7up_med,0.6282958388328552,199,54,242,217,220,135
frame_202,Rack_1,58,0,7up_med,0.9244335889816284,156,55,198,220,177,137
frame_202,Rack_1,82,0,7up_med,0.9066045880317688,114,58,155,222,134,140
frame_202,Rack_1,75,0,7up_med,0.8263067007064819,71,60,114,225,92,142
frame_202,Rack_1,100,0,7up_med,0.8487054705619812,22,61,66,228,44,144
frame_202,Rack_1,110,0,7up_med,0.6858635544776917,0,63,18,229,9,146
frame_203,Rack_1,56,1,a&w_small,0.8580186367034912,1230,11,1273,131,1251,71
frame_203,Rack_1,52,1,a&w_small,0.8682070374488831,1180,11,1230,135,1205,73
frame_203,Rack_1,42,1,a&w_small,0.8234560489654541,1124,8,1176,138,1150,73
frame_203,Rack_1,59,1,a&w_small,0.792695164680481,1074,8,1121,142,1097,75
frame_203,Rack_1,35,4,coke_small,0.7616377472877502,1024,8,1072,144,1048,76
frame_203,Rack_1,36,4,coke_small,0.8498597741127014,970,8,1019,148,994,78
frame_203,Rack_1,37,4,coke_small,0.870745062828064,927,9,968,151,947,80
frame_203,Rack_1,47,4,coke_small,0.8391570448875427,884,9,926,154,905,81
frame_203,Rack_1,46,4,coke_small,0.868398129940033,838,9,883,155,860,82
frame_203,Rack_1,18,4,coke_small,0.9340735077857971,791,11,836,156,813,83
frame_203,Rack_1,41,17,sprite_small,0.8745918273925781,748,12,790,160,769,86
frame_203,Rack_1,51,17,sprite_small,0.8606038689613342,705,11,747,159,726,85
frame_203,Rack_1,32,17,sprite_small,0.9267662763595581,662,13,703,159,682,86
frame_203,Rack_1,28,17,sprite_small,0.9283115267753601,620,17,662,161,641,89
frame_203,Rack_1,23,9,empty,0.8666322827339172,389,11,617,193,503,102
frame_203,Rack_1,38,0,7up_med,0.7783076763153076,294,53,339,209,316,131
frame_203,Rack_1,34,0,7up_med,0.9526879787445068,244,48,293,214,268,131
frame_203,Rack_1,53,0,7up_med,0.6928282976150513,200,53,243,217,221,135
frame_203,Rack_1,58,0,7up_med,0.9137421250343323,157,55,199,220,178,137
frame_203,Rack_1,82,0,7up_med,0.8835440278053284,115,58,156,222,135,140
frame_203,Rack_1,75,0,7up_med,0.802911639213562,72,61,114,225,93,143
frame_203,Rack_1,100,0,7up_med,0.8410635590553284,23,61,67,228,45,144
frame_203,Rack_1,110,0,7up_med,0.6874982714653015,0,63,18,229,9,146
