frame_id,rack_id,track_id,class_id,class_name,confidence,xmin,ymin,xmax,ymax,cx,cy
frame_0,Rack_1,50,1,a&w_small,0.8152790069580078,571,160,598,225,584,192
frame_0,Rack_1,35,1,a&w_small,0.8547824621200562,550,160,570,226,560,193
frame_0,Rack_1,32,1,a&w_small,0.865100622177124,527,159,550,227,538,193
frame_0,Rack_1,48,1,a&w_small,0.8210992813110352,502,161,527,227,514,194
frame_0,Rack_1,37,1,a&w_small,0.8523738980293274,480,159,502,228,491,193
frame_0,Rack_1,27,1,a&w_small,0.8743562698364258,457,159,479,228,468,193
frame_0,Rack_1,36,1,a&w_small,0.8540380001068115,435,161,456,228,445,194
frame_0,Rack_1,49,4,coke_small,0.8186258673667908,413,162,434,228,423,195
frame_0,Rack_1,34,4,coke_small,0.8639428615570068,391,163,413,228,402,195
frame_0,Rack_1,12,4,coke_small,0.9102318286895752,371,164,391,228,381,196
frame_0,Rack_1,40,4,coke_small,0.8494381904602051,351,163,371,228,361,195
frame_0,Rack_1,38,4,coke_small,0.8523051738739014,330,161,351,228,340,194
frame_0,Rack_1,5,4,coke_small,0.9270623326301575,310,163,330,228,320,195
frame_0,Rack_1,21,17,sprite_small,0.885210394859314,288,163,309,229,298,196
frame_0,Rack_1,14,17,sprite_small,0.9025853276252747,269,162,288,229,278,195
frame_0,Rack_1,25,17,sprite_small,0.8766910433769226,251,162,268,229,259,195
frame_0,Rack_1,15,17,sprite_small,0.9022442698478699,229,161,250,228,239,194
frame_0,Rack_1,28,9,empty,0.8721305131912231,101,164,225,228,163,196
frame_0,Rack_2,45,3,coke_med,0.833593487739563,565,257,596,339,580,298
frame_0,Rack_2,20,3,coke_med,0.8865968585014343,532,257,564,340,548,298
frame_0,Rack_2,22,3,coke_med,0.8829837441444397,508,258,531,340,519,299
frame_0,Rack_2,24,3,coke_med,0.877270519733429,481,258,508,340,494,299
frame_0,Rack_2,3,3,coke_med,0.9330174922943115,455,256,481,340,468,298
frame_0,Rack_2,47,6,coke_v_med,0.8325072526931763,429,259,454,340,441,299
frame_0,Rack_2,41,6,coke_v_med,0.8490822911262512,402,256,428,341,415,298
frame_0,Rack_2,29,6,coke_v_med,0.8720827698707581,376,258,401,340,388,299
frame_0,Rack_2,26,2,anw_med,0.8763940334320068,351,257,376,340,363,298
frame_0,Rack_2,17,2,anw_med,0.8989516496658325,326,257,351,340,338,298
frame_0,Rack_2,43,2,anw_med,0.8425461053848267,302,256,326,339,314,297
frame_0,Rack_2,42,2,anw_med,0.8440107703208923,278,257,301,339,289,298
frame_0,Rack_2,46,2,anw_med,0.832634687423706,253,258,277,339,265,298
frame_0,Rack_2,7,2,anw_med,0.9229089021682739,227,259,252,339,239,299
frame_0,Rack_2,30,15,pepsi_med,0.8702793717384338,207,260,226,337,216,298
frame_0,Rack_2,8,15,pepsi_med,0.9219360947608948,185,259,207,337,196,298
frame_0,Rack_2,2,15,pepsi_med,0.9422457218170166,160,258,184,337,172,297
frame_0,Rack_2,16,15,pepsi_med,0.9018060564994812,141,258,160,336,150,297
frame_0,Rack_2,31,15,pepsi_med,0.8651379942893982,114,259,140,336,127,297
frame_0,Rack_2,44,15,pepsi_med,0.8390534520149231,93,259,114,336,103,297
frame_0,Rack_2,55,13,kick_med,0.6400006413459778,70,259,93,335,81,297
frame_0,Rack_2,53,13,kick_med,0.6990335583686829,49,259,69,334,59,296
frame_0,Rack_2,52,13,kick_med,0.7204688787460327,24,259,49,335,36,297
frame_0,Rack_2,56,13,kick_med,0.5043443441390991,2,259,24,335,13,297
frame_0,Rack_3,6,9,empty,0.9239766001701355,478,359,593,488,535,423
frame_0,Rack_3,13,7,coke_z_big,0.9032748937606812,440,361,475,475,457,418
frame_0,Rack_3,1,7,coke_z_big,0.9426286816596985,403,360,439,474,421,417
frame_0,Rack_3,39,5,coke_v_big,0.8516086339950562,367,360,402,484,384,422
frame_0,Rack_3,4,5,coke_v_big,0.9287630915641785,331,359,366,484,348,421
frame_0,Rack_3,33,5,coke_v_big,0.8649181723594666,298,359,330,469,314,414
frame_0,Rack_3,18,5,coke_v_big,0.8916588425636292,264,360,297,466,280,413
frame_0,Rack_3,10,5,coke_v_big,0.9135048389434814,229,360,262,478,245,419
frame_0,Rack_3,9,14,pepsi_big,0.9201988577842712,195,355,227,480,211,417
frame_0,Rack_3,11,14,pepsi_big,0.9129696488380432,163,354,194,477,178,415
frame_0,Rack_3,54,14,pepsi_big,0.6812500357627869,132,353,162,476,147,414
frame_0,Rack_3,19,10,fanta_grape_big,0.8910467624664307,94,353,131,475,112,414
frame_0,Rack_3,51,10,fanta_grape_big,0.7505456209182739,69,352,93,471,81,411
frame_0,Rack_3,23,12,fanta_straw_big,0.8804663419723511,3,352,42,461,22,406
frame_1,Rack_1,50,1,a&w_small,0.831794261932373,570,159,599,225,584,192
frame_1,Rack_1,35,1,a&w_small,0.8513476252555847,550,159,570,226,560,192
frame_1,Rack_1,32,1,a&w_small,0.8443395495414734,527,158,550,227,538,192
frame_1,Rack_1,48,1,a&w_small,0.8175575137138367,502,160,527,227,514,193
frame_1,Rack_1,37,1,a&w_small,0.8447052240371704,480,158,502,228,491,193
frame_1,Rack_1,27,1,a&w_small,0.8692095875740051,457,158,480,228,468,193
frame_1,Rack_1,36,1,a&w_small,0.8449100255966187,435,160,457,228,446,194
frame_1,Rack_1,49,4,coke_small,0.8033369779586792,413,161,435,228,424,194
frame_1,Rack_1,34,4,coke_small,0.854670524597168,391,163,413,228,402,195
frame_1,Rack_1,12,4,coke_small,0.906533420085907,371,164,391,228,381,196
frame_1,Rack_1,40,4,coke_small,0.8482577204704285,351,162,371,228,361,195
frame_1,Rack_1,38,4,coke_small,0.8547238111495972,330,160,351,228,340,194
frame_1,Rack_1,5,4,coke_small,0.9263470768928528,310,163,330,228,320,195
frame_1,Rack_1,21,17,sprite_small,0.892376720905304,288,162,309,229,298,195
frame_1,Rack_1,14,17,sprite_small,0.8949602842330933,269,160,288,229,278,194
frame_1,Rack_1,25,17,sprite_small,0.8702544569969177,250,161,268,229,259,195
frame_1,Rack_1,15,17,sprite_small,0.8942766189575195,229,160,250,228,239,194
frame_1,Rack_1,28,9,empty,0.8628514409065247,99,162,227,228,163,195
frame_1,Rack_2,45,3,coke_med,0.8508976101875305,564,257,595,339,579,298
frame_1,Rack_2,20,3,coke_med,0.8876745700836182,532,257,564,340,548,298
frame_1,Rack_2,22,3,coke_med,0.8841717839241028,508,257,531,340,519,298
frame_1,Rack_2,24,3,coke_med,0.8763381242752075,481,258,508,340,494,299
frame_1,Rack_2,3,3,coke_med,0.944989025592804,455,256,481,340,468,298
frame_1,Rack_2,47,6,coke_v_med,0.8315072655677795,428,257,454,340,441,298
frame_1,Rack_2,41,6,coke_v_med,0.8409743309020996,402,255,428,341,415,298
frame_1,Rack_2,29,6,coke_v_med,0.8960005640983582,376,257,401,340,388,298
frame_1,Rack_2,26,2,anw_med,0.8685277700424194,351,256,376,340,363,298
frame_1,Rack_2,17,2,anw_med,0.9064997434616089,326,256,351,340,338,298
frame_1,Rack_2,43,2,anw_med,0.8488901257514954,302,256,326,340,314,298
frame_1,Rack_2,42,2,anw_med,0.8460434675216675,278,257,301,339,289,298
frame_1,Rack_2,46,2,anw_med,0.8214812874794006,253,258,277,339,265,298
frame_1,Rack_2,7,2,anw_med,0.9177843928337097,227,258,252,339,239,298
frame_1,Rack_2,30,15,pepsi_med,0.8686805963516235,207,259,226,337,216,298
frame_1,Rack_2,8,15,pepsi_med,0.9221540093421936,185,259,207,337,196,298
frame_1,Rack_2,2,15,pepsi_med,0.9401524662971497,160,257,184,337,172,297
frame_1,Rack_2,16,15,pepsi_med,0.8990184664726257,140,257,160,336,150,296
frame_1,Rack_2,31,15,pepsi_med,0.8705419301986694,114,260,140,336,127,298
frame_1,Rack_2,44,15,pepsi_med,0.8597838878631592,93,259,114,336,103,297
frame_1,Rack_2,55,13,kick_med,0.6746879816055298,70,260,93,335,81,297
frame_1,Rack_2,53,13,kick_med,0.7422422170639038,49,259,69,335,59,297
frame_1,Rack_2,52,13,kick_med,0.7652700543403625,24,259,49,335,36,297
frame_1,Rack_2,56,13,kick_med,0.5015146732330322,2,259,24,336,13,297
frame_1,Rack_3,6,9,empty,0.9245522618293762,478,359,593,488,535,423
frame_1,Rack_3,13,7,coke_z_big,0.907318651676178,440,361,475,475,457,418
frame_1,Rack_3,1,7,coke_z_big,0.9398978352546692,403,360,439,474,421,417
frame_1,Rack_3,39,5,coke_v_big,0.8522822260856628,367,359,402,484,384,421
frame_1,Rack_3,4,5,coke_v_big,0.9268870949745178,331,359,367,484,349,421
frame_1,Rack_3,33,5,coke_v_big,0.8643571734428406,298,359,330,469,314,414
frame_1,Rack_3,18,5,coke_v_big,0.8891761898994446,264,360,297,466,280,413
frame_1,Rack_3,10,5,coke_v_big,0.9150530695915222,229,360,262,478,245,419
frame_1,Rack_3,9,14,pepsi_big,0.9227342009544373,195,355,227,480,211,417
frame_1,Rack_3,11,14,pepsi_big,0.9114733338356018,163,354,194,477,178,415
frame_1,Rack_3,54,14,pepsi_big,0.739677906036377,132,353,162,476,147,414
frame_1,Rack_3,19,10,fanta_grape_big,0.8995108604431152,94,353,131,476,112,414
frame_1,Rack_3,51,10,fanta_grape_big,0.8021723031997681,69,352,93,472,81,412
frame_1,Rack_3,23,12,fanta_straw_big,0.829596221446991,3,352,42,461,22,406
frame_2,Rack_1,50,1,a&w_small,0.8244218826293945,571,158,599,225,585,191
frame_2,Rack_1,35,1,a&w_small,0.8382251858711243,550,158,570,226,560,192
frame_2,Rack_1,32,1,a&w_small,0.8371488451957703,527,158,550,227,538,192
frame_2,Rack_1,48,1,a&w_small,0.8160384297370911,502,160,527,227,514,193
frame_2,Rack_1,37,1,a&w_small,0.845314621925354,480,158,502,228,491,193
frame_2,Rack_1,27,1,a&w_small,0.8611684441566467,457,158,480,228,468,193
frame_2,Rack_1,36,1,a&w_small,0.8516969680786133,435,159,457,228,446,193
frame_2,Rack_1,49,4,coke_small,0.8123595118522644,413,161,435,228,424,194
frame_2,Rack_1,34,4,coke_small,0.8568874001502991,391,163,413,228,402,195
frame_2,Rack_1,12,4,coke_small,0.8990830183029175,371,164,391,228,381,196
frame_2,Rack_1,40,4,coke_small,0.8476614952087402,351,162,371,228,361,195
frame_2,Rack_1,38,4,coke_small,0.8445883989334106,330,160,351,229,340,194
frame_2,Rack_1,5,4,coke_small,0.9220876693725586,310,163,330,228,320,195
frame_2,Rack_1,21,17,sprite_small,0.8870657086372375,288,162,310,230,299,196
frame_2,Rack_1,14,17,sprite_small,0.897185742855072,269,160,288,230,278,195
frame_2,Rack_1,25,17,sprite_small,0.8739228248596191,250,161,269,229,259,195
frame_2,Rack_1,15,17,sprite_small,0.8954377770423889,229,159,250,228,239,193
frame_2,Rack_1,28,9,empty,0.8595605492591858,99,161,227,227,163,194
frame_2,Rack_1,57,0,7up_med,0.6397536396980286,46,165,73,244,59,204
frame_2,Rack_1,58,0,7up_med,0.5252164006233215,24,164,46,246,35,205
frame_2,Rack_2,45,3,coke_med,0.8471139073371887,565,257,595,339,580,298
frame_2,Rack_2,20,3,coke_med,0.8820538520812988,532,257,564,340,548,298
frame_2,Rack_2,22,3,coke_med,0.8815571069717407,508,257,531,340,519,298
frame_2,Rack_2,24,3,coke_med,0.8708065748214722,481,258,508,340,494,299
frame_2,Rack_2,3,3,coke_med,0.9436547756195068,455,256,481,340,468,298
frame_2,Rack_2,47,6,coke_v_med,0.8337852954864502,428,257,455,340,441,298
frame_2,Rack_2,41,6,coke_v_med,0.8599054217338562,402,255,428,341,415,298
frame_2,Rack_2,29,6,coke_v_med,0.8969815969467163,376,257,401,340,388,298
frame_2,Rack_2,26,2,anw_med,0.8704298138618469,351,256,376,340,363,298
frame_2,Rack_2,17,2,anw_med,0.9056249260902405,326,256,351,340,338,298
frame_2,Rack_2,43,2,anw_med,0.8546454906463623,302,256,326,340,314,298
frame_2,Rack_2,42,2,anw_med,0.8505347371101379,278,257,301,339,289,298
frame_2,Rack_2,46,2,anw_med,0.8216063976287842,253,257,278,340,265,298
frame_2,Rack_2,7,2,anw_med,0.9153578281402588,227,258,252,339,239,298
frame_2,Rack_2,30,15,pepsi_med,0.8689591288566589,207,259,226,337,216,298
frame_2,Rack_2,8,15,pepsi_med,0.9209561347961426,185,259,207,337,196,298
frame_2,Rack_2,2,15,pepsi_med,0.9420145153999329,160,257,184,337,172,297
frame_2,Rack_2,16,15,pepsi_med,0.89627605676651,140,257,160,337,150,297
frame_2,Rack_2,31,15,pepsi_med,0.8668761849403381,114,259,140,336,127,297
frame_2,Rack_2,44,15,pepsi_med,0.8700006604194641,93,259,114,336,103,297
frame_2,Rack_2,55,13,kick_med,0.6617416739463806,70,260,93,335,81,297
frame_2,Rack_2,53,13,kick_med,0.7102735638618469,49,260,69,334,59,297
frame_2,Rack_2,52,13,kick_med,0.7283092141151428,24,259,49,335,36,297
frame_2,Rack_3,6,9,empty,0.9253615736961365,478,359,593,488,535,423
frame_2,Rack_3,13,7,coke_z_big,0.9122775197029114,440,361,475,475,457,418
frame_2,Rack_3,1,7,coke_z_big,0.9390408992767334,403,360,439,474,421,417
frame_2,Rack_3,39,5,coke_v_big,0.8399516344070435,367,359,402,484,384,421
frame_2,Rack_3,4,5,coke_v_big,0.9272029399871826,331,359,367,484,349,421
frame_2,Rack_3,33,5,coke_v_big,0.8690952062606812,298,359,331,467,314,413
frame_2,Rack_3,18,5,coke_v_big,0.8858537673950195,264,359,297,466,280,412
frame_2,Rack_3,10,5,coke_v_big,0.9173305630683899,229,359,263,478,246,418
frame_2,Rack_3,9,14,pepsi_big,0.9198511242866516,195,355,227,480,211,417
frame_2,Rack_3,11,14,pepsi_big,0.9092496037483215,163,354,194,477,178,415
frame_2,Rack_3,54,14,pepsi_big,0.7237859964370728,132,353,162,476,147,414
frame_2,Rack_3,19,10,fanta_grape_big,0.8899086117744446,94,353,131,475,112,414
frame_2,Rack_3,51,10,fanta_grape_big,0.7815816402435303,69,352,93,472,81,412
frame_2,Rack_3,23,12,fanta_straw_big,0.8851780891418457,3,352,42,461,22,406
frame_3,Rack_1,50,1,a&w_small,0.8303253054618835,571,158,599,226,585,192
frame_3,Rack_1,35,1,a&w_small,0.8439261317253113,550,158,571,226,560,192
frame_3,Rack_1,32,1,a&w_small,0.8431982398033142,527,158,551,227,539,192
frame_3,Rack_1,48,1,a&w_small,0.8182689547538757,502,160,527,227,514,193
frame_3,Rack_1,37,1,a&w_small,0.8455634713172913,480,158,503,228,491,193
frame_3,Rack_1,27,1,a&w_small,0.8628098964691162,457,158,480,228,468,193
frame_3,Rack_1,36,1,a&w_small,0.8532511591911316,435,159,457,228,446,193
frame_3,Rack_1,49,4,coke_small,0.8191788196563721,413,161,435,228,424,194
frame_3,Rack_1,34,4,coke_small,0.8578227758407593,391,163,413,228,402,195
frame_3,Rack_1,12,4,coke_small,0.8968803286552429,372,164,391,229,381,196
frame_3,Rack_1,40,4,coke_small,0.8460322618484497,351,162,371,228,361,195
frame_3,Rack_1,38,4,coke_small,0.8380411267280579,330,160,351,229,340,194
frame_3,Rack_1,5,4,coke_small,0.9235509037971497,310,163,331,229,320,196
frame_3,Rack_1,21,17,sprite_small,0.8884754776954651,288,162,310,230,299,196
frame_3,Rack_1,14,17,sprite_small,0.8992844223976135,269,160,288,230,278,195
frame_3,Rack_1,25,17,sprite_small,0.875593900680542,250,160,269,229,259,194
frame_3,Rack_1,15,17,sprite_small,0.8987475633621216,229,159,250,228,239,193
frame_3,Rack_1,28,9,empty,0.8609722852706909,100,161,226,227,163,194
frame_3,Rack_1,57,0,7up_med,0.6416541934013367,46,165,73,243,59,204
frame_3,Rack_1,58,0,7up_med,0.5599690079689026,24,164,46,245,35,204
frame_3,Rack_2,45,3,coke_med,0.876467227935791,565,257,596,339,580,298
frame_3,Rack_2,20,3,coke_med,0.8841397166252136,532,257,564,340,548,298
frame_3,Rack_2,22,3,coke_med,0.8842683434486389,509,257,531,340,520,298
frame_3,Rack_2,24,3,coke_med,0.8740144371986389,481,258,508,340,494,299
frame_3,Rack_2,3,3,coke_med,0.9399730563163757,455,256,481,339,468,297
frame_3,Rack_2,47,6,coke_v_med,0.8394023180007935,429,257,455,340,442,298
frame_3,Rack_2,41,6,coke_v_med,0.8580125570297241,402,256,428,341,415,298
frame_3,Rack_2,29,6,coke_v_med,0.9012879729270935,376,257,402,340,389,298
frame_3,Rack_2,26,2,anw_med,0.867991030216217,351,256,376,340,363,298
frame_3,Rack_2,17,2,anw_med,0.9007983207702637,326,256,351,340,338,298
frame_3,Rack_2,43,2,anw_med,0.8557031154632568,302,256,326,340,314,298
frame_3,Rack_2,42,2,anw_med,0.8504345417022705,278,257,301,339,289,298
frame_3,Rack_2,46,2,anw_med,0.821860134601593,253,257,278,340,265,298
frame_3,Rack_2,7,2,anw_med,0.9139567017555237,227,258,253,339,240,298
frame_3,Rack_2,30,15,pepsi_med,0.8741070628166199,208,259,226,337,217,298
frame_3,Rack_2,8,15,pepsi_med,0.9226349592208862,185,259,207,337,196,298
frame_3,Rack_2,2,15,pepsi_med,0.9419370889663696,160,257,184,337,172,297
frame_3,Rack_2,16,15,pepsi_med,0.8949525952339172,141,257,160,336,150,296
frame_3,Rack_2,31,15,pepsi_med,0.8674938082695007,114,259,140,336,127,297
frame_3,Rack_2,44,15,pepsi_med,0.8754112124443054,93,259,114,336,103,297
frame_3,Rack_2,55,13,kick_med,0.694264829158783,70,260,93,335,81,297
frame_3,Rack_2,53,13,kick_med,0.7701671123504639,49,259,69,334,59,296
frame_3,Rack_2,52,13,kick_med,0.7832484841346741,24,259,49,335,36,297
frame_3,Rack_2,56,13,kick_med,0.5105951428413391,2,259,24,335,13,297
frame_3,Rack_3,6,9,empty,0.9229719638824463,478,359,593,488,535,423
frame_3,Rack_3,13,7,coke_z_big,0.9095255732536316,440,361,476,475,458,418
frame_3,Rack_3,1,7,coke_z_big,0.9375889897346497,403,360,439,474,421,417
frame_3,Rack_3,39,5,coke_v_big,0.8373982906341553,367,359,402,484,384,421
frame_3,Rack_3,4,5,coke_v_big,0.928604245185852,332,359,367,484,349,421
frame_3,Rack_3,33,5,coke_v_big,0.8728137016296387,299,358,331,467,315,412
frame_3,Rack_3,18,5,coke_v_big,0.882426381111145,264,359,297,466,280,412
frame_3,Rack_3,10,5,coke_v_big,0.915212094783783,229,359,263,478,246,418
frame_3,Rack_3,9,14,pepsi_big,0.922257125377655,196,355,227,480,211,417
frame_3,Rack_3,11,14,pepsi_big,0.9125364422798157,164,355,194,477,179,416
frame_3,Rack_3,54,14,pepsi_big,0.7675203680992126,132,353,162,476,147,414
frame_3,Rack_3,19,10,fanta_grape_big,0.892402708530426,94,353,131,475,112,414
frame_3,Rack_3,51,10,fanta_grape_big,0.7918342351913452,69,352,93,472,81,412
frame_3,Rack_3,23,12,fanta_straw_big,0.8408207297325134,3,352,42,461,22,406
frame_4,Rack_1,50,1,a&w_small,0.8257266879081726,571,158,600,225,585,191
frame_4,Rack_1,35,1,a&w_small,0.8384778499603271,550,158,571,226,560,192
frame_4,Rack_1,32,1,a&w_small,0.8392102718353271,527,158,551,227,539,192
frame_4,Rack_1,48,1,a&w_small,0.8152365684509277,503,160,527,227,515,193
frame_4,Rack_1,37,1,a&w_small,0.8414056301116943,480,158,503,228,491,193
frame_4,Rack_1,27,1,a&w_small,0.8577405214309692,457,158,480,228,468,193
frame_4,Rack_1,36,1,a&w_small,0.8529735207557678,435,159,457,228,446,193
frame_4,Rack_1,49,4,coke_small,0.8165966868400574,413,161,435,228,424,194
frame_4,Rack_1,34,4,coke_small,0.8552642464637756,391,163,413,228,402,195
frame_4,Rack_1,12,4,coke_small,0.8946232795715332,372,164,391,229,381,196
frame_4,Rack_1,40,4,coke_small,0.845625638961792,351,162,371,228,361,195
frame_4,Rack_1,38,4,coke_small,0.8238691687583923,330,161,351,229,340,195
frame_4,Rack_1,5,4,coke_small,0.9221550226211548,310,163,331,229,320,196
frame_4,Rack_1,21,17,sprite_small,0.888018786907196,288,162,310,230,299,196
frame_4,Rack_1,14,17,sprite_small,0.8995513916015625,269,160,289,230,279,195
frame_4,Rack_1,25,17,sprite_small,0.8775098323822021,250,160,269,229,259,194
frame_4,Rack_1,15,17,sprite_small,0.9003645181655884,229,159,250,228,239,193
frame_4,Rack_1,28,9,empty,0.8614746928215027,100,161,226,227,163,194
frame_4,Rack_1,57,0,7up_med,0.6316255927085876,46,165,73,243,59,204
frame_4,Rack_1,58,0,7up_med,0.5277236700057983,24,164,46,245,35,204
frame_4,Rack_2,45,3,coke_med,0.8154362440109253,565,257,596,339,580,298
frame_4,Rack_2,20,3,coke_med,0.8788704872131348,532,257,564,339,548,298
frame_4,Rack_2,22,3,coke_med,0.8859108090400696,509,257,531,340,520,298
frame_4,Rack_2,24,3,coke_med,0.8744821548461914,482,258,508,340,495,299
frame_4,Rack_2,3,3,coke_med,0.937922477722168,455,256,481,339,468,297
frame_4,Rack_2,47,6,coke_v_med,0.8447235822677612,429,257,455,340,442,298
frame_4,Rack_2,41,6,coke_v_med,0.8405193090438843,403,257,428,340,415,298
frame_4,Rack_2,29,6,coke_v_med,0.9022476673126221,376,257,402,340,389,298
frame_4,Rack_2,26,2,anw_med,0.8714635372161865,351,256,376,340,363,298
frame_4,Rack_2,17,2,anw_med,0.9016360640525818,326,256,351,340,338,298
frame_4,Rack_2,43,2,anw_med,0.86268550157547,302,256,326,340,314,298
frame_4,Rack_2,42,2,anw_med,0.8532307147979736,278,257,302,339,290,298
frame_4,Rack_2,46,2,anw_med,0.8267892599105835,254,257,278,340,266,298
frame_4,Rack_2,7,2,anw_med,0.9136359691619873,227,258,253,339,240,298
frame_4,Rack_2,30,15,pepsi_med,0.871974766254425,208,259,227,337,217,298
frame_4,Rack_2,8,15,pepsi_med,0.9197861552238464,185,259,207,337,196,298
frame_4,Rack_2,2,15,pepsi_med,0.9412385821342468,160,257,184,337,172,297
frame_4,Rack_2,16,15,pepsi_med,0.8929983973503113,141,257,160,336,150,296
frame_4,Rack_2,31,15,pepsi_med,0.8716773390769958,114,259,140,336,127,297
frame_4,Rack_2,44,15,pepsi_med,0.8753750324249268,93,259,114,336,103,297
frame_4,Rack_2,55,13,kick_med,0.6926401853561401,70,260,93,335,81,297
frame_4,Rack_2,53,13,kick_med,0.7630040049552917,49,259,69,334,59,296
frame_4,Rack_2,52,13,kick_med,0.7756478190422058,24,259,49,335,36,297
frame_4,Rack_3,6,9,empty,0.9263088703155518,478,359,593,488,535,423
frame_4,Rack_3,13,7,coke_z_big,0.9061312675476074,440,361,476,475,458,418
frame_4,Rack_3,1,7,coke_z_big,0.9393597841262817,403,360,440,474,421,417
frame_4,Rack_3,39,5,coke_v_big,0.8370362520217896,367,359,402,484,384,421
frame_4,Rack_3,4,5,coke_v_big,0.9278244972229004,332,359,367,484,349,421
frame_4,Rack_3,33,5,coke_v_big,0.8728475570678711,299,358,331,467,315,412
frame_4,Rack_3,18,5,coke_v_big,0.8791890144348145,264,359,298,466,281,412
frame_4,Rack_3,10,5,coke_v_big,0.9165971279144287,229,359,263,478,246,418
frame_4,Rack_3,9,14,pepsi_big,0.9196909666061401,196,355,227,480,211,417
frame_4,Rack_3,11,14,pepsi_big,0.911558985710144,164,355,194,477,179,416
frame_4,Rack_3,54,14,pepsi_big,0.7787125706672668,132,353,162,476,147,414
frame_4,Rack_3,19,10,fanta_grape_big,0.882095217704773,94,353,131,475,112,414
frame_4,Rack_3,51,10,fanta_grape_big,0.7868987917900085,69,352,93,472,81,412
frame_4,Rack_3,23,12,fanta_straw_big,0.8694382309913635,3,352,42,461,22,406
frame_5,Rack_1,50,1,a&w_small,0.8207748532295227,571,159,600,225,585,192
frame_5,Rack_1,35,1,a&w_small,0.8408536911010742,550,158,571,226,560,192
frame_5,Rack_1,32,1,a&w_small,0.8475126624107361,527,158,551,227,539,192
frame_5,Rack_1,48,1,a&w_small,0.8224543333053589,503,159,528,227,515,193
frame_5,Rack_1,37,1,a&w_small,0.847131609916687,480,158,503,228,491,193
frame_5,Rack_1,27,1,a&w_small,0.8545100688934326,457,158,480,228,468,193
frame_5,Rack_1,36,1,a&w_small,0.8522111177444458,435,159,457,228,446,193
frame_5,Rack_1,49,4,coke_small,0.812444806098938,413,161,435,228,424,194
frame_5,Rack_1,34,4,coke_small,0.8562062382698059,391,163,413,228,402,195
frame_5,Rack_1,12,4,coke_small,0.9053933620452881,372,164,391,228,381,196
frame_5,Rack_1,40,4,coke_small,0.8488229513168335,351,162,371,228,361,195
frame_5,Rack_1,38,4,coke_small,0.8337841629981995,330,161,351,229,340,195
frame_5,Rack_1,5,4,coke_small,0.924007773399353,310,163,331,229,320,196
frame_5,Rack_1,21,17,sprite_small,0.8801713585853577,288,161,310,229,299,195
frame_5,Rack_1,14,17,sprite_small,0.9006630182266235,269,160,289,230,279,195
frame_5,Rack_1,25,17,sprite_small,0.8829609155654907,250,160,269,229,259,194
frame_5,Rack_1,15,17,sprite_small,0.899501621723175,229,160,251,228,240,194
frame_5,Rack_1,28,9,empty,0.856826663017273,100,161,226,227,163,194
frame_5,Rack_1,57,0,7up_med,0.6353514790534973,47,166,73,244,60,205
frame_5,Rack_1,58,0,7up_med,0.5480225682258606,24,164,46,245,35,204
frame_5,Rack_2,45,3,coke_med,0.8645172715187073,565,257,596,339,580,298
frame_5,Rack_2,20,3,coke_med,0.8834473490715027,532,257,564,339,548,298
frame_5,Rack_2,22,3,coke_med,0.8901405334472656,509,257,532,340,520,298
frame_5,Rack_2,24,3,coke_med,0.8764365315437317,482,258,508,340,495,299
frame_5,Rack_2,3,3,coke_med,0.9422276020050049,455,256,481,339,468,297
frame_5,Rack_2,47,6,coke_v_med,0.8406522870063782,429,257,455,340,442,298
frame_5,Rack_2,41,6,coke_v_med,0.8323559165000916,403,257,428,340,415,298
frame_5,Rack_2,29,6,coke_v_med,0.9006443619728088,376,256,402,340,389,298
frame_5,Rack_2,26,2,anw_med,0.8735698461532593,351,256,376,340,363,298
frame_5,Rack_2,17,2,anw_med,0.903772234916687,326,256,351,340,338,298
frame_5,Rack_2,43,2,anw_med,0.8830761313438416,302,256,326,340,314,298
frame_5,Rack_2,42,2,anw_med,0.8493028283119202,278,256,302,339,290,297
frame_5,Rack_2,46,2,anw_med,0.825759768486023,254,257,278,339,266,298
frame_5,Rack_2,7,2,anw_med,0.9164848923683167,227,258,253,339,240,298
frame_5,Rack_2,30,15,pepsi_med,0.874747097492218,208,259,227,337,217,298
frame_5,Rack_2,8,15,pepsi_med,0.9197234511375427,185,259,207,337,196,298
frame_5,Rack_2,2,15,pepsi_med,0.9431423544883728,160,257,184,337,172,297
frame_5,Rack_2,16,15,pepsi_med,0.8879818320274353,141,257,160,336,150,296
frame_5,Rack_2,31,15,pepsi_med,0.8740909695625305,115,259,140,336,127,297
frame_5,Rack_2,44,15,pepsi_med,0.8699275851249695,93,259,114,336,103,297
frame_5,Rack_2,55,13,kick_med,0.698245644569397,70,260,93,335,81,297
frame_5,Rack_2,53,13,kick_med,0.7989262342453003,49,259,69,335,59,297
frame_5,Rack_2,52,13,kick_med,0.8130911588668823,24,259,49,335,36,297
frame_5,Rack_2,56,13,kick_med,0.5251885652542114,2,259,24,335,13,297
frame_5,Rack_3,6,9,empty,0.9237014055252075,478,359,593,488,535,423
frame_5,Rack_3,13,7,coke_z_big,0.9042865633964539,440,361,476,474,458,417
frame_5,Rack_3,1,7,coke_z_big,0.934965968132019,403,360,440,474,421,417
frame_5,Rack_3,39,5,coke_v_big,0.8346875309944153,368,359,402,484,385,421
frame_5,Rack_3,4,5,coke_v_big,0.9270033240318298,332,358,367,484,349,421
frame_5,Rack_3,33,5,coke_v_big,0.8801234364509583,299,358,331,467,315,412
frame_5,Rack_3,18,5,coke_v_big,0.8793727159500122,264,359,298,467,281,413
frame_5,Rack_3,10,5,coke_v_big,0.9194430708885193,229,359,263,478,246,418
frame_5,Rack_3,9,14,pepsi_big,0.923897922039032,196,355,227,480,211,417
frame_5,Rack_3,11,14,pepsi_big,0.9099846482276917,164,355,195,477,179,416
frame_5,Rack_3,54,14,pepsi_big,0.760144829750061,132,354,162,476,147,415
frame_5,Rack_3,19,10,fanta_grape_big,0.8851621150970459,94,353,131,476,112,414
frame_5,Rack_3,51,10,fanta_grape_big,0.8075177073478699,70,352,93,472,81,412
frame_5,Rack_3,23,12,fanta_straw_big,0.8677854537963867,3,352,42,461,22,406
frame_6,Rack_1,50,1,a&w_small,0.8101469278335571,571,159,599,226,585,192
frame_6,Rack_1,35,1,a&w_small,0.8252179622650146,550,158,570,226,560,192
frame_6,Rack_1,32,1,a&w_small,0.8378943800926208,527,158,551,227,539,192
frame_6,Rack_1,48,1,a&w_small,0.8170117139816284,503,159,528,227,515,193
frame_6,Rack_1,37,1,a&w_small,0.8454176187515259,480,158,503,228,491,193
frame_6,Rack_1,27,1,a&w_small,0.8437615633010864,457,158,480,228,468,193
frame_6,Rack_1,36,1,a&w_small,0.8515713810920715,435,159,457,228,446,193
frame_6,Rack_1,49,4,coke_small,0.8069564700126648,413,161,435,228,424,194
frame_6,Rack_1,34,4,coke_small,0.8565661907196045,391,163,413,228,402,195
frame_6,Rack_1,12,4,coke_small,0.899066686630249,372,164,391,228,381,196
frame_6,Rack_1,40,4,coke_small,0.8511489033699036,351,162,371,228,361,195
frame_6,Rack_1,38,4,coke_small,0.8405810594558716,330,160,351,229,340,194
frame_6,Rack_1,5,4,coke_small,0.9240902066230774,310,163,331,229,320,196
frame_6,Rack_1,21,17,sprite_small,0.8771288990974426,288,161,310,230,299,195
frame_6,Rack_1,14,17,sprite_small,0.8983777165412903,269,160,289,230,279,195
frame_6,Rack_1,25,17,sprite_small,0.87603360414505,250,160,269,229,259,194
frame_6,Rack_1,15,17,sprite_small,0.903629720211029,229,160,251,228,240,194
frame_6,Rack_1,28,9,empty,0.8579221367835999,100,161,226,227,163,194
frame_6,Rack_1,57,0,7up_med,0.6394746899604797,47,166,73,244,60,205
frame_6,Rack_1,58,0,7up_med,0.5466443300247192,24,164,46,245,35,204
frame_6,Rack_2,45,3,coke_med,0.8277701139450073,565,257,596,339,580,298
frame_6,Rack_2,20,3,coke_med,0.8775259256362915,532,257,564,339,548,298
frame_6,Rack_2,22,3,coke_med,0.8905003070831299,509,257,532,340,520,298
frame_6,Rack_2,24,3,coke_med,0.884048581123352,482,258,508,340,495,299
frame_6,Rack_2,3,3,coke_med,0.9415856003761292,455,256,481,339,468,297
frame_6,Rack_2,47,6,coke_v_med,0.8433617949485779,429,257,455,340,442,298
frame_6,Rack_2,41,6,coke_v_med,0.8297260403633118,403,257,428,340,415,298
frame_6,Rack_2,29,6,coke_v_med,0.8997893333435059,376,256,402,340,389,298
frame_6,Rack_2,26,2,anw_med,0.8740049004554749,351,256,376,340,363,298
frame_6,Rack_2,17,2,anw_med,0.901265025138855,327,256,351,340,339,298
frame_6,Rack_2,43,2,anw_med,0.8738920092582703,302,256,326,340,314,298
frame_6,Rack_2,42,2,anw_med,0.8510721325874329,278,257,302,339,290,298
frame_6,Rack_2,46,2,anw_med,0.8229997158050537,254,257,278,339,266,298
frame_6,Rack_2,7,2,anw_med,0.9124072194099426,227,258,253,339,240,298
frame_6,Rack_2,30,15,pepsi_med,0.8727645874023438,208,259,227,337,217,298
frame_6,Rack_2,8,15,pepsi_med,0.9218028783798218,186,259,207,337,196,298
frame_6,Rack_2,2,15,pepsi_med,0.9434732794761658,160,257,184,337,172,297
frame_6,Rack_2,16,15,pepsi_med,0.8901516795158386,141,257,160,336,150,296
frame_6,Rack_2,31,15,pepsi_med,0.872947633266449,115,259,140,336,127,297
frame_6,Rack_2,44,15,pepsi_med,0.8746371269226074,93,259,114,336,103,297
frame_6,Rack_2,55,13,kick_med,0.6945594549179077,70,260,93,335,81,297
frame_6,Rack_2,53,13,kick_med,0.7753024101257324,50,260,69,335,59,297
frame_6,Rack_2,52,13,kick_med,0.7926213145256042,24,259,49,335,36,297
frame_6,Rack_2,56,13,kick_med,0.528294563293457,2,259,24,335,13,297
frame_6,Rack_3,6,9,empty,0.9283280372619629,480,359,595,488,537,423
frame_6,Rack_3,13,7,coke_z_big,0.9028600454330444,440,361,476,474,458,417
frame_6,Rack_3,1,7,coke_z_big,0.9340569972991943,403,360,440,474,421,417
frame_6,Rack_3,39,5,coke_v_big,0.8343612551689148,368,359,402,484,385,421
frame_6,Rack_3,4,5,coke_v_big,0.9282755255699158,332,358,367,484,349,421
frame_6,Rack_3,33,5,coke_v_big,0.8791059851646423,299,358,331,467,315,412
frame_6,Rack_3,18,5,coke_v_big,0.8802491426467896,264,359,298,466,281,412
frame_6,Rack_3,10,5,coke_v_big,0.91817307472229,229,359,263,478,246,418
frame_6,Rack_3,9,14,pepsi_big,0.9237104654312134,196,355,227,480,211,417
frame_6,Rack_3,11,14,pepsi_big,0.9102263450622559,164,355,195,477,179,416
frame_6,Rack_3,54,14,pepsi_big,0.7825146317481995,132,354,162,476,147,415
frame_6,Rack_3,19,10,fanta_grape_big,0.9064072370529175,95,353,131,476,113,414
frame_6,Rack_3,51,10,fanta_grape_big,0.8343547582626343,70,352,94,472,82,412
frame_6,Rack_3,23,12,fanta_straw_big,0.7611132264137268,4,352,43,461,23,406
frame_7,Rack_1,50,1,a&w_small,0.8222730755805969,571,159,599,225,585,192
frame_7,Rack_1,35,1,a&w_small,0.836836576461792,550,158,570,226,560,192
frame_7,Rack_1,32,1,a&w_small,0.8422097563743591,527,158,551,227,539,192
frame_7,Rack_1,48,1,a&w_small,0.8201726078987122,503,159,528,227,515,193
frame_7,Rack_1,37,1,a&w_small,0.8495656847953796,480,158,503,228,491,193
frame_7,Rack_1,27,1,a&w_small,0.8577285408973694,457,158,480,228,468,193
frame_7,Rack_1,36,1,a&w_small,0.8476694226264954,435,159,457,228,446,193
frame_7,Rack_1,49,4,coke_small,0.7944372892379761,413,161,435,228,424,194
frame_7,Rack_1,34,4,coke_small,0.8523623943328857,391,163,413,228,402,195
frame_7,Rack_1,12,4,coke_small,0.8993316888809204,372,164,391,228,381,196
frame_7,Rack_1,40,4,coke_small,0.8505005240440369,351,162,371,228,361,195
frame_7,Rack_1,38,4,coke_small,0.8409314155578613,330,160,351,228,340,194
frame_7,Rack_1,5,4,coke_small,0.9252757430076599,310,163,331,228,320,195
frame_7,Rack_1,21,17,sprite_small,0.8805782198905945,289,162,310,229,299,195
frame_7,Rack_1,14,17,sprite_small,0.8975483179092407,269,160,289,229,279,194
frame_7,Rack_1,25,17,sprite_small,0.872295618057251,251,160,269,229,260,194
frame_7,Rack_1,15,17,sprite_small,0.9051904678344727,229,160,251,228,240,194
frame_7,Rack_1,28,9,empty,0.8584478497505188,100,162,227,228,163,195
frame_7,Rack_1,57,0,7up_med,0.6875857710838318,46,166,73,245,59,205
frame_7,Rack_1,58,0,7up_med,0.587763786315918,24,164,46,246,35,205
frame_7,Rack_2,45,3,coke_med,0.8379817605018616,565,257,596,339,580,298
frame_7,Rack_2,20,3,coke_med,0.8814183473587036,532,257,564,339,548,298
frame_7,Rack_2,22,3,coke_med,0.8869363069534302,509,257,532,340,520,298
frame_7,Rack_2,24,3,coke_med,0.8781737685203552,482,258,508,340,495,299
frame_7,Rack_2,3,3,coke_med,0.9463808536529541,455,256,481,340,468,298
frame_7,Rack_2,47,6,coke_v_med,0.8312475681304932,429,257,455,340,442,298
frame_7,Rack_2,41,6,coke_v_med,0.8277283310890198,403,257,428,340,415,298
frame_7,Rack_2,29,6,coke_v_med,0.9029824733734131,376,256,402,340,389,298
frame_7,Rack_2,26,2,anw_med,0.8743740320205688,351,256,376,340,363,298
frame_7,Rack_2,17,2,anw_med,0.9018229246139526,327,256,351,340,339,298
frame_7,Rack_2,43,2,anw_med,0.8779234886169434,302,256,326,340,314,298
frame_7,Rack_2,42,2,anw_med,0.8503916263580322,278,257,302,339,290,298
frame_7,Rack_2,46,2,anw_med,0.8187161087989807,254,257,278,340,266,298
frame_7,Rack_2,7,2,anw_med,0.9124046564102173,227,258,253,339,240,298
frame_7,Rack_2,30,15,pepsi_med,0.8718677759170532,208,259,227,337,217,298
frame_7,Rack_2,8,15,pepsi_med,0.9223610162734985,186,259,207,337,196,298
frame_7,Rack_2,2,15,pepsi_med,0.9429576396942139,160,257,184,337,172,297
frame_7,Rack_2,16,15,pepsi_med,0.8895393013954163,141,257,160,336,150,296
frame_7,Rack_2,31,15,pepsi_med,0.8697246313095093,115,260,140,336,127,298
frame_7,Rack_2,44,15,pepsi_med,0.8774176836013794,93,259,114,336,103,297
frame_7,Rack_2,55,13,kick_med,0.6987096667289734,70,260,93,335,81,297
frame_7,Rack_2,53,13,kick_med,0.7834504842758179,50,260,69,335,59,297
frame_7,Rack_2,52,13,kick_med,0.7992250919342041,24,259,49,335,36,297
frame_7,Rack_2,56,13,kick_med,0.5636380910873413,2,260,24,336,13,298
frame_7,Rack_3,6,9,empty,0.9234892725944519,479,359,594,488,536,423
frame_7,Rack_3,13,7,coke_z_big,0.9004926085472107,440,361,476,474,458,417
frame_7,Rack_3,1,7,coke_z_big,0.9320659041404724,403,360,440,474,421,417
frame_7,Rack_3,39,5,coke_v_big,0.8378579020500183,368,359,402,484,385,421
frame_7,Rack_3,4,5,coke_v_big,0.9281609058380127,332,358,367,484,349,421
frame_7,Rack_3,33,5,coke_v_big,0.8831019997596741,299,358,331,467,315,412
frame_7,Rack_3,18,5,coke_v_big,0.8812819123268127,264,359,298,466,281,412
frame_7,Rack_3,10,5,coke_v_big,0.9189608097076416,229,359,263,479,246,419
frame_7,Rack_3,9,14,pepsi_big,0.9248340129852295,196,355,228,480,212,417
frame_7,Rack_3,11,14,pepsi_big,0.9097641706466675,164,355,195,477,179,416
frame_7,Rack_3,54,14,pepsi_big,0.7668629288673401,132,354,162,476,147,415
frame_7,Rack_3,19,10,fanta_grape_big,0.8902101516723633,95,353,131,476,113,414
frame_7,Rack_3,51,10,fanta_grape_big,0.8036611080169678,70,352,94,472,82,412
frame_7,Rack_3,23,12,fanta_straw_big,0.7055195569992065,4,352,43,462,23,407
frame_8,Rack_1,50,1,a&w_small,0.8381600379943848,571,158,599,225,585,191
frame_8,Rack_1,35,1,a&w_small,0.8520082235336304,550,158,570,226,560,192
frame_8,Rack_1,32,1,a&w_small,0.8455128073692322,527,158,551,227,539,192
frame_8,Rack_1,48,1,a&w_small,0.8250812292098999,503,159,527,227,515,193
frame_8,Rack_1,37,1,a&w_small,0.8529571294784546,481,158,503,228,492,193
frame_8,Rack_1,27,1,a&w_small,0.8610832095146179,457,158,480,228,468,193
frame_8,Rack_1,36,1,a&w_small,0.8485308289527893,435,159,457,228,446,193
frame_8,Rack_1,49,4,coke_small,0.7966064810752869,413,160,435,228,424,194
frame_8,Rack_1,34,4,coke_small,0.8511137962341309,391,163,413,228,402,195
frame_8,Rack_1,12,4,coke_small,0.8959881067276001,372,164,391,228,381,196
frame_8,Rack_1,40,4,coke_small,0.8475919365882874,351,162,371,228,361,195
frame_8,Rack_1,38,4,coke_small,0.838695228099823,330,160,351,228,340,194
frame_8,Rack_1,5,4,coke_small,0.924113392829895,310,163,331,228,320,195
frame_8,Rack_1,21,17,sprite_small,0.8804935216903687,289,162,310,229,299,195
frame_8,Rack_1,14,17,sprite_small,0.8970360159873962,269,160,289,229,279,194
frame_8,Rack_1,25,17,sprite_small,0.8714804649353027,251,160,269,229,260,194
frame_8,Rack_1,15,17,sprite_small,0.9053782820701599,229,160,251,228,240,194
frame_8,Rack_1,28,9,empty,0.857989490032196,99,162,227,228,163,195
frame_8,Rack_1,57,0,7up_med,0.6837639808654785,46,166,73,245,59,205
frame_8,Rack_1,58,0,7up_med,0.5634933710098267,24,164,46,246,35,205
frame_8,Rack_2,45,3,coke_med,0.8506684899330139,565,257,596,339,580,298
frame_8,Rack_2,20,3,coke_med,0.8878996968269348,532,257,564,339,548,298
frame_8,Rack_2,22,3,coke_med,0.8892908096313477,509,257,532,339,520,298
frame_8,Rack_2,24,3,coke_med,0.8872585296630859,482,258,508,340,495,299
frame_8,Rack_2,3,3,coke_med,0.9433506727218628,455,256,481,340,468,298
frame_8,Rack_2,47,6,coke_v_med,0.8281485438346863,429,257,455,340,442,298
frame_8,Rack_2,41,6,coke_v_med,0.832222580909729,403,257,428,340,415,298
frame_8,Rack_2,29,6,coke_v_med,0.9061776399612427,376,256,402,340,389,298
frame_8,Rack_2,26,2,anw_med,0.8801891803741455,351,256,376,340,363,298
frame_8,Rack_2,17,2,anw_med,0.9022884964942932,327,256,351,340,339,298
frame_8,Rack_2,43,2,anw_med,0.8814373016357422,302,256,326,340,314,298
frame_8,Rack_2,42,2,anw_med,0.8541090488433838,278,257,302,339,290,298
frame_8,Rack_2,46,2,anw_med,0.8159144520759583,254,257,278,339,266,298
frame_8,Rack_2,7,2,anw_med,0.9107837677001953,227,258,253,339,240,298
frame_8,Rack_2,30,15,pepsi_med,0.8714792132377625,208,259,227,337,217,298
frame_8,Rack_2,8,15,pepsi_med,0.9219884872436523,186,259,207,337,196,298
frame_8,Rack_2,2,15,pepsi_med,0.9441734552383423,160,257,184,337,172,297
frame_8,Rack_2,16,15,pepsi_med,0.8901528120040894,141,258,160,336,150,297
frame_8,Rack_2,31,15,pepsi_med,0.8727616667747498,115,260,140,336,127,298
frame_8,Rack_2,44,15,pepsi_med,0.8790703415870667,93,259,114,336,103,297
frame_8,Rack_2,55,13,kick_med,0.6823416352272034,70,260,93,335,81,297
frame_8,Rack_2,53,13,kick_med,0.7608376145362854,50,260,69,335,59,297
frame_8,Rack_2,52,13,kick_med,0.7790248394012451,24,260,49,335,36,297
frame_8,Rack_2,56,13,kick_med,0.535069465637207,2,260,24,336,13,298
frame_8,Rack_3,6,9,empty,0.9262228608131409,480,359,595,488,537,423
frame_8,Rack_3,13,7,coke_z_big,0.8978965282440186,440,361,476,474,458,417
frame_8,Rack_3,1,7,coke_z_big,0.932302713394165,403,360,440,474,421,417
frame_8,Rack_3,39,5,coke_v_big,0.8365280628204346,368,359,402,484,385,421
frame_8,Rack_3,4,5,coke_v_big,0.9263927936553955,332,358,367,484,349,421
frame_8,Rack_3,33,5,coke_v_big,0.8803171515464783,299,358,331,467,315,412
frame_8,Rack_3,18,5,coke_v_big,0.8759033679962158,264,359,298,466,281,412
frame_8,Rack_3,10,5,coke_v_big,0.919156551361084,229,359,263,479,246,419
frame_8,Rack_3,9,14,pepsi_big,0.9234018325805664,196,355,228,480,212,417
frame_8,Rack_3,11,14,pepsi_big,0.9110475778579712,164,355,195,477,179,416
frame_8,Rack_3,54,14,pepsi_big,0.76495760679245,132,354,162,476,147,415
frame_8,Rack_3,19,10,fanta_grape_big,0.8982177972793579,95,353,131,476,113,414
frame_8,Rack_3,51,10,fanta_grape_big,0.8241316676139832,70,353,94,472,82,412
frame_8,Rack_3,23,12,fanta_straw_big,0.808999240398407,4,352,43,462,23,407
frame_9,Rack_1,50,1,a&w_small,0.8186933398246765,571,158,600,225,585,191
frame_9,Rack_1,35,1,a&w_small,0.8331504464149475,550,158,570,226,560,192
frame_9,Rack_1,32,1,a&w_small,0.8368178009986877,527,158,551,227,539,192
frame_9,Rack_1,48,1,a&w_small,0.816977858543396,503,159,527,227,515,193
frame_9,Rack_1,37,1,a&w_small,0.8419370651245117,480,158,503,228,491,193
frame_9,Rack_1,27,1,a&w_small,0.8495438098907471,457,158,480,228,468,193
frame_9,Rack_1,36,1,a&w_small,0.8480253219604492,435,159,457,228,446,193
frame_9,Rack_1,49,4,coke_small,0.7910683155059814,413,161,435,228,424,194
frame_9,Rack_1,34,4,coke_small,0.8522225618362427,391,163,413,228,402,195
frame_9,Rack_1,12,4,coke_small,0.8956270813941956,372,164,391,228,381,196
frame_9,Rack_1,40,4,coke_small,0.8486930727958679,351,162,371,228,361,195
frame_9,Rack_1,38,4,coke_small,0.8379947543144226,330,160,351,229,340,194
frame_9,Rack_1,5,4,coke_small,0.9224980473518372,310,163,331,228,320,195
frame_9,Rack_1,21,17,sprite_small,0.8745584487915039,289,162,310,230,299,196
frame_9,Rack_1,14,17,sprite_small,0.8983898162841797,269,160,289,230,279,195
frame_9,Rack_1,25,17,sprite_small,0.8764583468437195,251,160,269,229,260,194
frame_9,Rack_1,15,17,sprite_small,0.9022045135498047,229,160,251,228,240,194
frame_9,Rack_1,28,9,empty,0.8575977087020874,100,162,226,227,163,194
frame_9,Rack_1,57,0,7up_med,0.6570207476615906,46,165,73,244,59,204
frame_9,Rack_1,58,0,7up_med,0.5439879298210144,24,164,46,245,35,204
frame_9,Rack_2,45,3,coke_med,0.8466391563415527,565,257,596,339,580,298
frame_9,Rack_2,20,3,coke_med,0.8856461048126221,532,257,564,339,548,298
frame_9,Rack_2,22,3,coke_med,0.8859940767288208,509,257,532,339,520,298
frame_9,Rack_2,24,3,coke_med,0.8846449851989746,482,258,508,340,495,299
frame_9,Rack_2,3,3,coke_med,0.9454857707023621,455,256,481,340,468,298
frame_9,Rack_2,47,6,coke_v_med,0.8468216061592102,429,257,455,340,442,298
frame_9,Rack_2,41,6,coke_v_med,0.8311031460762024,403,257,428,340,415,298
frame_9,Rack_2,29,6,coke_v_med,0.9018122553825378,376,256,402,340,389,298
frame_9,Rack_2,26,2,anw_med,0.877495527267456,351,256,376,340,363,298
frame_9,Rack_2,17,2,anw_med,0.9024921655654907,327,256,351,340,339,298
frame_9,Rack_2,43,2,anw_med,0.8791075944900513,302,256,326,340,314,298
frame_9,Rack_2,42,2,anw_med,0.8571863174438477,278,257,302,339,290,298
frame_9,Rack_2,46,2,anw_med,0.8165358304977417,254,257,278,340,266,298
frame_9,Rack_2,7,2,anw_med,0.9106194376945496,227,258,253,339,240,298
frame_9,Rack_2,30,15,pepsi_med,0.8739175796508789,208,259,227,337,217,298
frame_9,Rack_2,8,15,pepsi_med,0.9224605560302734,186,259,207,337,196,298
frame_9,Rack_2,2,15,pepsi_med,0.9447470307350159,160,257,184,337,172,297
frame_9,Rack_2,16,15,pepsi_med,0.890994131565094,141,257,160,336,150,296
frame_9,Rack_2,31,15,pepsi_med,0.8735448122024536,115,260,140,336,127,298
frame_9,Rack_2,44,15,pepsi_med,0.8672820925712585,93,259,114,336,103,297
frame_9,Rack_2,55,13,kick_med,0.6764698028564453,70,260,93,335,81,297
frame_9,Rack_2,53,13,kick_med,0.7504081130027771,50,260,69,335,59,297
frame_9,Rack_2,52,13,kick_med,0.756716251373291,24,259,49,335,36,297
frame_9,Rack_3,6,9,empty,0.9242328405380249,479,359,594,488,536,423
frame_9,Rack_3,13,7,coke_z_big,0.9006170034408569,440,361,476,475,458,418
frame_9,Rack_3,1,7,coke_z_big,0.935477077960968,403,360,440,474,421,417
frame_9,Rack_3,39,5,coke_v_big,0.8333754539489746,368,359,402,484,385,421
frame_9,Rack_3,4,5,coke_v_big,0.9286237955093384,332,358,367,484,349,421
frame_9,Rack_3,33,5,coke_v_big,0.8778177499771118,299,358,331,467,315,412
frame_9,Rack_3,18,5,coke_v_big,0.8813958168029785,264,359,298,466,281,412
frame_9,Rack_3,10,5,coke_v_big,0.9167060256004333,229,359,263,479,246,419
frame_9,Rack_3,9,14,pepsi_big,0.9227144122123718,196,355,228,480,212,417
frame_9,Rack_3,11,14,pepsi_big,0.9138616323471069,164,355,195,477,179,416
frame_9,Rack_3,54,14,pepsi_big,0.7195454835891724,132,354,162,476,147,415
frame_9,Rack_3,19,10,fanta_grape_big,0.8930631279945374,95,353,131,476,113,414
frame_9,Rack_3,51,10,fanta_grape_big,0.7697033882141113,69,352,94,472,81,412
frame_9,Rack_3,23,12,fanta_straw_big,0.8879378437995911,4,352,43,461,23,406
frame_10,Rack_1,50,1,a&w_small,0.8171427249908447,571,159,599,225,585,192
frame_10,Rack_1,35,1,a&w_small,0.8374763131141663,550,158,570,226,560,192
frame_10,Rack_1,32,1,a&w_small,0.8430010080337524,527,158,551,227,539,192
frame_10,Rack_1,48,1,a&w_small,0.8216321468353271,503,159,527,227,515,193
frame_10,Rack_1,37,1,a&w_small,0.8466987013816833,480,158,503,228,491,193
frame_10,Rack_1,27,1,a&w_small,0.8561548590660095,457,158,480,228,468,193
frame_10,Rack_1,36,1,a&w_small,0.8447360396385193,435,159,457,228,446,193
frame_10,Rack_1,49,4,coke_small,0.7918601036071777,413,161,435,228,424,194
frame_10,Rack_1,34,4,coke_small,0.8508157730102539,391,163,413,228,402,195
frame_10,Rack_1,12,4,coke_small,0.8993648290634155,372,164,391,228,381,196
frame_10,Rack_1,40,4,coke_small,0.8368726968765259,351,162,371,228,361,195
frame_10,Rack_1,38,4,coke_small,0.8250908851623535,330,160,351,228,340,194
frame_10,Rack_1,5,4,coke_small,0.9249016046524048,310,163,331,228,320,195
frame_10,Rack_1,21,17,sprite_small,0.8804934620857239,289,162,310,229,299,195
frame_10,Rack_1,14,17,sprite_small,0.9004148840904236,269,160,288,229,278,194
frame_10,Rack_1,25,17,sprite_small,0.8763921856880188,251,160,269,229,260,194
frame_10,Rack_1,15,17,sprite_small,0.9008293151855469,229,160,251,228,240,194
frame_10,Rack_1,28,9,empty,0.8582336902618408,100,162,226,228,163,195
frame_10,Rack_1,57,0,7up_med,0.7152649760246277,46,165,73,245,59,205
frame_10,Rack_1,58,0,7up_med,0.588228166103363,24,164,46,246,35,205
frame_10,Rack_2,45,3,coke_med,0.7904722094535828,565,257,596,339,580,298
frame_10,Rack_2,20,3,coke_med,0.8889903426170349,532,257,564,339,548,298
frame_10,Rack_2,22,3,coke_med,0.8835528492927551,509,257,532,339,520,298
frame_10,Rack_2,24,3,coke_med,0.8934985995292664,482,258,508,340,495,299
frame_10,Rack_2,3,3,coke_med,0.9408372044563293,455,255,481,340,468,297
frame_10,Rack_2,47,6,coke_v_med,0.8644904494285583,429,256,455,340,442,298
frame_10,Rack_2,41,6,coke_v_med,0.8304333090782166,403,256,428,340,415,298
frame_10,Rack_2,29,6,coke_v_med,0.8936796188354492,376,256,402,340,389,298
frame_10,Rack_2,26,2,anw_med,0.8788613677024841,351,256,376,340,363,298
frame_10,Rack_2,17,2,anw_med,0.9066667556762695,327,256,351,340,339,298
frame_10,Rack_2,43,2,anw_med,0.8805192112922668,302,256,326,340,314,298
frame_10,Rack_2,42,2,anw_med,0.8552109003067017,278,257,302,339,290,298
frame_10,Rack_2,46,2,anw_med,0.8140588402748108,254,257,278,340,266,298
frame_10,Rack_2,7,2,anw_med,0.9089702367782593,227,258,253,339,240,298
frame_10,Rack_2,30,15,pepsi_med,0.878204345703125,208,259,227,337,217,298
frame_10,Rack_2,8,15,pepsi_med,0.9243670701980591,186,259,207,337,196,298
frame_10,Rack_2,2,15,pepsi_med,0.9426838755607605,160,257,184,337,172,297
frame_10,Rack_2,16,15,pepsi_med,0.8861294984817505,141,258,160,336,150,297
frame_10,Rack_2,31,15,pepsi_med,0.8730645179748535,114,259,140,336,127,297
frame_10,Rack_2,44,15,pepsi_med,0.8793254494667053,93,259,114,336,103,297
frame_10,Rack_2,55,13,kick_med,0.6692259311676025,70,260,93,335,81,297
frame_10,Rack_2,53,13,kick_med,0.7629769444465637,49,260,69,335,59,297
frame_10,Rack_2,52,13,kick_med,0.7833250761032104,24,260,49,335,36,297
frame_10,Rack_2,56,13,kick_med,0.5214071869850159,3,260,24,335,13,297
frame_10,Rack_3,6,9,empty,0.9211130738258362,478,359,593,488,535,423
frame_10,Rack_3,13,7,coke_z_big,0.9039507508277893,440,360,476,474,458,417
frame_10,Rack_3,1,7,coke_z_big,0.934398889541626,403,360,440,474,421,417
frame_10,Rack_3,39,5,coke_v_big,0.8369782567024231,368,359,402,483,385,421
frame_10,Rack_3,4,5,coke_v_big,0.9278439879417419,332,358,367,484,349,421
frame_10,Rack_3,33,5,coke_v_big,0.8761893510818481,299,358,331,467,315,412
frame_10,Rack_3,18,5,coke_v_big,0.8744722008705139,264,359,298,466,281,412
frame_10,Rack_3,10,5,coke_v_big,0.9168283343315125,229,359,263,479,246,419
frame_10,Rack_3,9,14,pepsi_big,0.9226141571998596,196,355,228,480,212,417
frame_10,Rack_3,11,14,pepsi_big,0.9078359007835388,164,355,195,477,179,416
frame_10,Rack_3,54,14,pepsi_big,0.80390864610672,132,354,163,476,147,415
frame_10,Rack_3,19,10,fanta_grape_big,0.8852548003196716,94,353,131,476,112,414
frame_10,Rack_3,51,10,fanta_grape_big,0.7906897664070129,69,352,94,472,81,412
frame_10,Rack_3,23,12,fanta_straw_big,0.881496012210846,4,352,43,461,23,406
frame_11,Rack_1,50,1,a&w_small,0.7961200475692749,571,159,599,225,585,192
frame_11,Rack_1,35,1,a&w_small,0.8332447409629822,550,158,570,226,560,192
frame_11,Rack_1,32,1,a&w_small,0.839289665222168,527,158,551,227,539,192
frame_11,Rack_1,48,1,a&w_small,0.8217586278915405,503,159,527,227,515,193
frame_11,Rack_1,37,1,a&w_small,0.8462930917739868,480,158,503,228,491,193
frame_11,Rack_1,27,1,a&w_small,0.8580516576766968,457,158,480,228,468,193
frame_11,Rack_1,36,1,a&w_small,0.840926468372345,435,159,457,228,446,193
frame_11,Rack_1,49,4,coke_small,0.7960087656974792,413,161,435,228,424,194
frame_11,Rack_1,34,4,coke_small,0.8535459637641907,391,163,413,228,402,195
frame_11,Rack_1,12,4,coke_small,0.902122974395752,372,164,391,228,381,196
frame_11,Rack_1,40,4,coke_small,0.8438693284988403,351,162,371,228,361,195
frame_11,Rack_1,38,4,coke_small,0.8248416781425476,330,160,351,228,340,194
frame_11,Rack_1,5,4,coke_small,0.9258732795715332,310,163,331,228,320,195
frame_11,Rack_1,21,17,sprite_small,0.8839746117591858,289,162,310,229,299,195
frame_11,Rack_1,14,17,sprite_small,0.8979381918907166,269,160,288,229,278,194
frame_11,Rack_1,25,17,sprite_small,0.8790141940116882,251,160,269,229,260,194
frame_11,Rack_1,15,17,sprite_small,0.8987903594970703,229,160,250,228,239,194
frame_11,Rack_1,28,9,empty,0.8565127849578857,100,162,226,228,163,195
frame_11,Rack_1,57,0,7up_med,0.708262026309967,46,165,73,245,59,205
frame_11,Rack_1,58,0,7up_med,0.5925499200820923,24,164,46,246,35,205
frame_11,Rack_2,45,3,coke_med,0.8067002296447754,565,257,596,339,580,298
frame_11,Rack_2,20,3,coke_med,0.8857190608978271,532,257,564,339,548,298
frame_11,Rack_2,22,3,coke_med,0.8870707154273987,509,257,532,339,520,298
frame_11,Rack_2,24,3,coke_med,0.8791009187698364,482,258,508,340,495,299
frame_11,Rack_2,3,3,coke_med,0.9410861134529114,455,255,481,339,468,297
frame_11,Rack_2,47,6,coke_v_med,0.8621405959129333,429,256,455,340,442,298
frame_11,Rack_2,41,6,coke_v_med,0.8257102966308594,403,256,428,340,415,298
frame_11,Rack_2,29,6,coke_v_med,0.8802642226219177,376,256,402,340,389,298
frame_11,Rack_2,26,2,anw_med,0.878443717956543,351,256,376,340,363,298
frame_11,Rack_2,17,2,anw_med,0.9051523208618164,327,256,351,340,339,298
frame_11,Rack_2,43,2,anw_med,0.8797082901000977,302,256,326,339,314,297
frame_11,Rack_2,42,2,anw_med,0.8596963286399841,278,257,302,339,290,298
frame_11,Rack_2,46,2,anw_med,0.8190294504165649,254,257,278,340,266,298
frame_11,Rack_2,7,2,anw_med,0.9154797792434692,227,258,253,339,240,298
frame_11,Rack_2,30,15,pepsi_med,0.8807981610298157,208,259,227,337,217,298
frame_11,Rack_2,8,15,pepsi_med,0.9245773553848267,185,259,207,337,196,298
frame_11,Rack_2,2,15,pepsi_med,0.9411394000053406,160,257,184,337,172,297
frame_11,Rack_2,16,15,pepsi_med,0.8910788297653198,141,258,160,336,150,297
frame_11,Rack_2,31,15,pepsi_med,0.8694610595703125,114,259,140,336,127,297
frame_11,Rack_2,44,15,pepsi_med,0.875700831413269,93,259,114,336,103,297
frame_11,Rack_2,55,13,kick_med,0.6450260281562805,70,260,93,335,81,297
frame_11,Rack_2,53,13,kick_med,0.765842616558075,49,260,69,335,59,297
frame_11,Rack_2,52,13,kick_med,0.7865391373634338,24,259,49,335,36,297
frame_11,Rack_2,56,13,kick_med,0.537330687046051,2,260,24,335,13,297
frame_11,Rack_3,6,9,empty,0.9237749576568604,479,359,594,488,536,423
frame_11,Rack_3,13,7,coke_z_big,0.9007282257080078,440,360,476,475,458,417
frame_11,Rack_3,1,7,coke_z_big,0.9345653653144836,403,360,440,474,421,417
frame_11,Rack_3,39,5,coke_v_big,0.8342797160148621,368,359,402,483,385,421
frame_11,Rack_3,4,5,coke_v_big,0.9262929558753967,332,358,367,484,349,421
frame_11,Rack_3,33,5,coke_v_big,0.885185956954956,299,358,331,467,315,412
frame_11,Rack_3,18,5,coke_v_big,0.8780861496925354,264,359,298,466,281,412
frame_11,Rack_3,10,5,coke_v_big,0.91756671667099,229,359,263,479,246,419
frame_11,Rack_3,9,14,pepsi_big,0.9243331551551819,196,355,227,480,211,417
frame_11,Rack_3,11,14,pepsi_big,0.912531852722168,164,355,195,477,179,416
frame_11,Rack_3,54,14,pepsi_big,0.7845903038978577,132,354,163,476,147,415
frame_11,Rack_3,19,10,fanta_grape_big,0.8930409550666809,95,353,131,476,113,414
frame_11,Rack_3,51,10,fanta_grape_big,0.8168084621429443,69,352,94,472,81,412
frame_11,Rack_3,23,12,fanta_straw_big,0.8563403487205505,4,352,43,461,23,406
frame_12,Rack_1,50,1,a&w_small,0.7936201691627502,571,159,599,225,585,192
frame_12,Rack_1,35,1,a&w_small,0.831082284450531,550,159,570,225,560,192
frame_12,Rack_1,32,1,a&w_small,0.8379873633384705,527,158,550,227,538,192
frame_12,Rack_1,48,1,a&w_small,0.8214082717895508,503,159,527,227,515,193
frame_12,Rack_1,37,1,a&w_small,0.8506256341934204,480,158,503,227,491,192
frame_12,Rack_1,27,1,a&w_small,0.8690370917320251,457,158,480,228,468,193
frame_12,Rack_1,36,1,a&w_small,0.841255784034729,435,159,457,228,446,193
frame_12,Rack_1,49,4,coke_small,0.7958941459655762,413,161,435,228,424,194
frame_12,Rack_1,34,4,coke_small,0.8606895804405212,391,163,413,228,402,195
frame_12,Rack_1,12,4,coke_small,0.8967509865760803,372,164,391,228,381,196
frame_12,Rack_1,40,4,coke_small,0.8419888019561768,351,162,371,228,361,195
frame_12,Rack_1,38,4,coke_small,0.8187486529350281,330,160,351,228,340,194
frame_12,Rack_1,5,4,coke_small,0.9272835850715637,310,163,331,228,320,195
frame_12,Rack_1,21,17,sprite_small,0.8822103142738342,289,162,310,229,299,195
frame_12,Rack_1,14,17,sprite_small,0.8991069793701172,269,160,288,229,278,194
frame_12,Rack_1,25,17,sprite_small,0.878990888595581,250,160,268,229,259,194
frame_12,Rack_1,15,17,sprite_small,0.890993058681488,229,160,250,228,239,194
frame_12,Rack_1,28,9,empty,0.8501583933830261,100,162,226,228,163,195
frame_12,Rack_1,57,0,7up_med,0.5897692441940308,46,165,73,245,59,205
frame_12,Rack_2,45,3,coke_med,0.7450181245803833,565,257,596,339,580,298
frame_12,Rack_2,20,3,coke_med,0.8826717734336853,532,257,564,339,548,298
frame_12,Rack_2,22,3,coke_med,0.8863574266433716,509,256,532,339,520,297
frame_12,Rack_2,24,3,coke_med,0.8747292757034302,482,257,508,340,495,298
frame_12,Rack_2,3,3,coke_med,0.9415870904922485,455,255,481,339,468,297
frame_12,Rack_2,47,6,coke_v_med,0.8524711728096008,429,256,455,340,442,298
frame_12,Rack_2,41,6,coke_v_med,0.8081719279289246,403,256,428,340,415,298
frame_12,Rack_2,29,6,coke_v_med,0.8568331599235535,376,256,402,340,389,298
frame_12,Rack_2,26,2,anw_med,0.877010703086853,351,254,376,340,363,297
frame_12,Rack_2,17,2,anw_med,0.9047733545303345,327,255,351,340,339,297
frame_12,Rack_2,43,2,anw_med,0.8703107833862305,302,255,326,339,314,297
frame_12,Rack_2,42,2,anw_med,0.8653357625007629,278,256,302,339,290,297
frame_12,Rack_2,46,2,anw_med,0.8197365403175354,253,256,278,339,265,297
frame_12,Rack_2,7,2,anw_med,0.9045825004577637,227,258,253,339,240,298
frame_12,Rack_2,30,15,pepsi_med,0.8812751770019531,208,259,226,337,217,298
frame_12,Rack_2,8,15,pepsi_med,0.9277087450027466,185,259,207,337,196,298
frame_12,Rack_2,2,15,pepsi_med,0.9412900805473328,160,257,184,337,172,297
frame_12,Rack_2,16,15,pepsi_med,0.8940382599830627,141,258,160,336,150,297
frame_12,Rack_2,31,15,pepsi_med,0.8767643570899963,114,260,140,336,127,298
frame_12,Rack_2,44,15,pepsi_med,0.8750346302986145,93,259,114,336,103,297
frame_12,Rack_2,55,13,kick_med,0.6231721639633179,70,260,93,335,81,297
frame_12,Rack_2,53,13,kick_med,0.7003207206726074,49,259,69,335,59,297
frame_12,Rack_2,52,13,kick_med,0.7298274636268616,24,259,49,335,36,297
frame_12,Rack_3,6,9,empty,0.9254918098449707,480,359,595,488,537,423
frame_12,Rack_3,13,7,coke_z_big,0.9026311635971069,440,360,476,474,458,417
frame_12,Rack_3,1,7,coke_z_big,0.9335924983024597,403,360,440,473,421,416
frame_12,Rack_3,39,5,coke_v_big,0.838374137878418,368,359,402,483,385,421
frame_12,Rack_3,4,5,coke_v_big,0.9262160062789917,332,358,367,484,349,421
frame_12,Rack_3,33,5,coke_v_big,0.8807719945907593,299,358,331,466,315,412
frame_12,Rack_3,18,5,coke_v_big,0.8857154250144958,264,359,298,466,281,412
frame_12,Rack_3,10,5,coke_v_big,0.9161878824234009,229,359,263,479,246,419
frame_12,Rack_3,9,14,pepsi_big,0.9211273193359375,196,355,227,480,211,417
frame_12,Rack_3,11,14,pepsi_big,0.9131131768226624,164,355,195,477,179,416
frame_12,Rack_3,54,14,pepsi_big,0.8110411167144775,132,353,163,476,147,414
frame_12,Rack_3,19,10,fanta_grape_big,0.8963972330093384,95,353,131,476,113,414
frame_12,Rack_3,51,10,fanta_grape_big,0.8167824149131775,70,352,94,472,82,412
frame_12,Rack_3,23,12,fanta_straw_big,0.834765613079071,4,352,42,461,23,406
frame_13,Rack_1,50,1,a&w_small,0.7807420492172241,571,159,599,225,585,192
frame_13,Rack_1,35,1,a&w_small,0.8242147564888,550,159,570,225,560,192
frame_13,Rack_1,32,1,a&w_small,0.8453131318092346,527,158,550,226,538,192
frame_13,Rack_1,48,1,a&w_small,0.813643753528595,503,159,527,227,515,193
frame_13,Rack_1,37,1,a&w_small,0.8500942587852478,480,158,503,227,491,192
frame_13,Rack_1,27,1,a&w_small,0.8651464581489563,457,158,480,228,468,193
frame_13,Rack_1,36,1,a&w_small,0.8409506678581238,435,159,457,228,446,193
frame_13,Rack_1,49,4,coke_small,0.796248197555542,413,161,435,228,424,194
frame_13,Rack_1,34,4,coke_small,0.8557321429252625,391,163,413,228,402,195
frame_13,Rack_1,12,4,coke_small,0.8914027810096741,372,164,391,228,381,196
frame_13,Rack_1,40,4,coke_small,0.8427324891090393,351,162,371,228,361,195
frame_13,Rack_1,38,4,coke_small,0.8323633670806885,330,161,351,228,340,194
frame_13,Rack_1,5,4,coke_small,0.9279260039329529,310,163,330,228,320,195
frame_13,Rack_1,21,17,sprite_small,0.8864315152168274,289,162,309,229,299,195
frame_13,Rack_1,14,17,sprite_small,0.9002246260643005,269,160,288,229,278,194
frame_13,Rack_1,25,17,sprite_small,0.8807596564292908,250,160,268,229,259,194
frame_13,Rack_1,15,17,sprite_small,0.8913947939872742,229,160,250,228,239,194
frame_13,Rack_1,28,9,empty,0.8520312309265137,99,162,226,228,162,195
frame_13,Rack_1,57,0,7up_med,0.6040080189704895,46,165,73,245,59,205
frame_13,Rack_2,45,3,coke_med,0.779908299446106,565,256,596,339,580,297
frame_13,Rack_2,20,3,coke_med,0.8861463665962219,532,256,564,339,548,297
frame_13,Rack_2,22,3,coke_med,0.8845534920692444,509,256,532,339,520,297
frame_13,Rack_2,24,3,coke_med,0.8768366575241089,481,257,508,339,494,298
frame_13,Rack_2,3,3,coke_med,0.9445810317993164,455,255,481,339,468,297
frame_13,Rack_2,47,6,coke_v_med,0.8481336236000061,429,256,455,340,442,298
frame_13,Rack_2,41,6,coke_v_med,0.8019932508468628,403,256,428,339,415,297
frame_13,Rack_2,29,6,coke_v_med,0.8435046076774597,376,256,402,340,389,298
frame_13,Rack_2,26,2,anw_med,0.8786457180976868,351,254,376,340,363,297
frame_13,Rack_2,17,2,anw_med,0.9055891633033752,327,255,351,340,339,297
frame_13,Rack_2,43,2,anw_med,0.8743602633476257,302,255,327,339,314,297
frame_13,Rack_2,42,2,anw_med,0.8631945252418518,278,256,302,339,290,297
frame_13,Rack_2,46,2,anw_med,0.8271255493164062,253,255,278,339,265,297
frame_13,Rack_2,7,2,anw_med,0.9039872884750366,227,258,253,339,240,298
frame_13,Rack_2,30,15,pepsi_med,0.8830891847610474,208,259,226,337,217,298
frame_13,Rack_2,8,15,pepsi_med,0.9253502488136292,185,259,207,337,196,298
frame_13,Rack_2,2,15,pepsi_med,0.9384544491767883,160,257,184,337,172,297
frame_13,Rack_2,16,15,pepsi_med,0.8973081111907959,141,258,160,336,150,297
frame_13,Rack_2,31,15,pepsi_med,0.8667134046554565,114,260,140,336,127,298
frame_13,Rack_2,44,15,pepsi_med,0.873297929763794,93,259,114,336,103,297
frame_13,Rack_2,55,13,kick_med,0.6516039371490479,70,260,93,335,81,297
frame_13,Rack_2,53,13,kick_med,0.7274302840232849,49,259,69,335,59,297
frame_13,Rack_2,52,13,kick_med,0.7528008222579956,24,259,49,335,36,297
frame_13,Rack_3,6,9,empty,0.9249193668365479,480,359,595,488,537,423
frame_13,Rack_3,13,7,coke_z_big,0.9001474380493164,440,360,476,474,458,417
frame_13,Rack_3,1,7,coke_z_big,0.9346596002578735,403,360,440,473,421,416
frame_13,Rack_3,39,5,coke_v_big,0.8311599493026733,368,359,402,483,385,421
frame_13,Rack_3,4,5,coke_v_big,0.92479407787323,332,358,367,484,349,421
frame_13,Rack_3,33,5,coke_v_big,0.8874221444129944,299,358,331,466,315,412
frame_13,Rack_3,18,5,coke_v_big,0.8899860382080078,264,359,298,466,281,412
frame_13,Rack_3,10,5,coke_v_big,0.9140956997871399,229,359,263,479,246,419
frame_13,Rack_3,9,14,pepsi_big,0.9202247858047485,196,355,227,480,211,417
frame_13,Rack_3,11,14,pepsi_big,0.9128304719924927,164,355,195,476,179,415
frame_13,Rack_3,54,14,pepsi_big,0.8071333765983582,132,353,163,476,147,414
frame_13,Rack_3,19,10,fanta_grape_big,0.8817840218544006,95,353,131,476,113,414
frame_13,Rack_3,51,10,fanta_grape_big,0.8037616014480591,69,352,94,472,81,412
frame_13,Rack_3,23,12,fanta_straw_big,0.8455339074134827,3,352,42,461,22,406
frame_14,Rack_1,50,1,a&w_small,0.7957354187965393,570,159,599,224,584,191
frame_14,Rack_1,35,1,a&w_small,0.8199613690376282,550,158,570,225,560,191
frame_14,Rack_1,32,1,a&w_small,0.851510226726532,527,158,550,226,538,192
frame_14,Rack_1,48,1,a&w_small,0.8167340755462646,503,159,527,227,515,193
frame_14,Rack_1,37,1,a&w_small,0.8512697815895081,480,158,503,227,491,192
frame_14,Rack_1,27,1,a&w_small,0.8659204840660095,457,158,480,227,468,192
frame_14,Rack_1,36,1,a&w_small,0.8493273854255676,435,159,457,228,446,193
frame_14,Rack_1,49,4,coke_small,0.7936812043190002,413,160,435,228,424,194
frame_14,Rack_1,34,4,coke_small,0.8552879691123962,391,162,413,228,402,195
frame_14,Rack_1,12,4,coke_small,0.8894765377044678,372,163,391,228,381,195
frame_14,Rack_1,40,4,coke_small,0.831524670124054,351,162,371,228,361,195
frame_14,Rack_1,38,4,coke_small,0.8392982482910156,330,161,351,228,340,194
frame_14,Rack_1,5,4,coke_small,0.9310547709465027,310,163,330,228,320,195
frame_14,Rack_1,21,17,sprite_small,0.8844931125640869,289,162,309,229,299,195
frame_14,Rack_1,14,17,sprite_small,0.8981443643569946,269,160,288,229,278,194
frame_14,Rack_1,25,17,sprite_small,0.8755939602851868,251,160,268,229,259,194
frame_14,Rack_1,15,17,sprite_small,0.8897931575775146,229,160,250,228,239,194
frame_14,Rack_1,28,9,empty,0.84881192445755,99,162,226,228,162,195
frame_14,Rack_1,57,0,7up_med,0.6405811905860901,46,164,73,245,59,204
frame_14,Rack_1,58,0,7up_med,0.5361456871032715,23,163,46,246,34,204
frame_14,Rack_2,45,3,coke_med,0.7751669883728027,565,256,596,339,580,297
frame_14,Rack_2,20,3,coke_med,0.8870071172714233,532,256,564,339,548,297
frame_14,Rack_2,22,3,coke_med,0.8848863840103149,509,256,532,339,520,297
frame_14,Rack_2,24,3,coke_med,0.8853855729103088,481,257,508,339,494,298
frame_14,Rack_2,3,3,coke_med,0.9491876363754272,455,255,481,339,468,297
frame_14,Rack_2,47,6,coke_v_med,0.8266232013702393,429,256,455,339,442,297
frame_14,Rack_2,41,6,coke_v_med,0.7704771161079407,403,256,428,339,415,297
frame_14,Rack_2,29,6,coke_v_med,0.8323970437049866,376,256,402,339,389,297
frame_14,Rack_2,26,2,anw_med,0.8746125102043152,351,254,376,340,363,297
frame_14,Rack_2,17,2,anw_med,0.9016661047935486,327,254,351,340,339,297
frame_14,Rack_2,43,2,anw_med,0.8674569725990295,302,254,326,339,314,296
frame_14,Rack_2,42,2,anw_med,0.8583685755729675,278,256,302,339,290,297
frame_14,Rack_2,46,2,anw_med,0.8321385979652405,253,255,278,339,265,297
frame_14,Rack_2,7,2,anw_med,0.9037411212921143,227,258,253,339,240,298
frame_14,Rack_2,30,15,pepsi_med,0.8804262280464172,208,259,226,337,217,298
frame_14,Rack_2,8,15,pepsi_med,0.9245462417602539,185,259,207,337,196,298
frame_14,Rack_2,2,15,pepsi_med,0.9388309121131897,160,257,184,337,172,297
frame_14,Rack_2,16,15,pepsi_med,0.9004006385803223,141,258,160,336,150,297
frame_14,Rack_2,31,15,pepsi_med,0.8753400444984436,114,260,140,336,127,298
frame_14,Rack_2,44,15,pepsi_med,0.8780401945114136,93,259,113,334,103,296
frame_14,Rack_2,55,13,kick_med,0.6565197706222534,70,259,93,335,81,297
frame_14,Rack_2,53,13,kick_med,0.7175745964050293,49,259,69,334,59,296
frame_14,Rack_2,52,13,kick_med,0.744534969329834,24,259,48,335,36,297
frame_14,Rack_3,6,9,empty,0.9218286871910095,479,359,594,487,536,423
frame_14,Rack_3,13,7,coke_z_big,0.9040669202804565,440,360,476,474,458,417
frame_14,Rack_3,1,7,coke_z_big,0.9312330484390259,403,360,439,473,421,416
frame_14,Rack_3,39,5,coke_v_big,0.8447954654693604,368,359,402,483,385,421
frame_14,Rack_3,4,5,coke_v_big,0.9237841963768005,332,358,367,483,349,420
frame_14,Rack_3,33,5,coke_v_big,0.888187050819397,299,358,331,467,315,412
frame_14,Rack_3,18,5,coke_v_big,0.8959234952926636,264,359,298,466,281,412
frame_14,Rack_3,10,5,coke_v_big,0.9122959971427917,229,359,263,479,246,419
frame_14,Rack_3,9,14,pepsi_big,0.9215334057807922,196,355,227,480,211,417
frame_14,Rack_3,11,14,pepsi_big,0.9095298051834106,164,355,195,477,179,416
frame_14,Rack_3,54,14,pepsi_big,0.8741384148597717,132,353,163,476,147,414
frame_14,Rack_3,19,10,fanta_grape_big,0.8840353488922119,95,353,131,476,113,414
frame_14,Rack_3,51,10,fanta_grape_big,0.7886308431625366,70,353,94,472,82,412
frame_14,Rack_3,59,10,fanta_grape_big,0.6800356507301331,44,353,69,465,56,409
frame_14,Rack_3,23,12,fanta_straw_big,0.7647979855537415,4,353,43,462,23,407
frame_15,Rack_1,50,1,a&w_small,0.8018171787261963,570,158,599,224,584,191
frame_15,Rack_1,35,1,a&w_small,0.8208441138267517,550,157,570,224,560,190
frame_15,Rack_1,32,1,a&w_small,0.8619697093963623,527,156,550,226,538,191
frame_15,Rack_1,48,1,a&w_small,0.8158105611801147,503,157,528,226,515,191
frame_15,Rack_1,37,1,a&w_small,0.8433958292007446,480,157,503,227,491,192
frame_15,Rack_1,27,1,a&w_small,0.8516064286231995,457,157,480,227,468,192
frame_15,Rack_1,36,1,a&w_small,0.8355697393417358,435,159,456,228,445,193
frame_15,Rack_1,49,4,coke_small,0.8071975111961365,413,160,435,228,424,194
frame_15,Rack_1,34,4,coke_small,0.8534119129180908,391,162,413,228,402,195
frame_15,Rack_1,12,4,coke_small,0.8803985118865967,372,163,391,228,381,195
frame_15,Rack_1,40,4,coke_small,0.8229679465293884,351,162,371,228,361,195
frame_15,Rack_1,38,4,coke_small,0.8419114947319031,330,161,351,228,340,194
frame_15,Rack_1,5,4,coke_small,0.9338032007217407,310,163,330,228,320,195
frame_15,Rack_1,21,17,sprite_small,0.8759682774543762,288,161,309,229,298,195
frame_15,Rack_1,14,17,sprite_small,0.8962734937667847,269,160,288,229,278,194
frame_15,Rack_1,25,17,sprite_small,0.8728753328323364,250,160,268,229,259,194
frame_15,Rack_1,15,17,sprite_small,0.8819717764854431,229,160,250,228,239,194
frame_15,Rack_1,28,9,empty,0.8612405061721802,100,162,226,228,163,195
frame_15,Rack_2,45,3,coke_med,0.8084436655044556,565,256,596,338,580,297
frame_15,Rack_2,20,3,coke_med,0.8900561332702637,532,256,564,339,548,297
frame_15,Rack_2,22,3,coke_med,0.8830909132957458,509,256,532,339,520,297
frame_15,Rack_2,24,3,coke_med,0.8880132436752319,481,257,508,339,494,298
frame_15,Rack_2,3,3,coke_med,0.9364559054374695,455,255,481,339,468,297
frame_15,Rack_2,47,6,coke_v_med,0.8340457081794739,429,257,455,339,442,298
frame_15,Rack_2,41,6,coke_v_med,0.7858225107192993,402,256,428,339,415,297
frame_15,Rack_2,29,6,coke_v_med,0.8507857322692871,376,256,402,339,389,297
frame_15,Rack_2,26,2,anw_med,0.875177800655365,351,254,376,339,363,296
frame_15,Rack_2,17,2,anw_med,0.9010440111160278,327,254,351,339,339,296
frame_15,Rack_2,43,2,anw_med,0.8593221306800842,302,254,326,339,314,296
frame_15,Rack_2,42,2,anw_med,0.8542736768722534,278,255,302,339,290,297
frame_15,Rack_2,46,2,anw_med,0.8304218649864197,253,255,278,339,265,297
frame_15,Rack_2,7,2,anw_med,0.905132532119751,227,258,252,339,239,298
frame_15,Rack_2,30,15,pepsi_med,0.8785222172737122,208,259,226,337,217,298
frame_15,Rack_2,8,15,pepsi_med,0.9250379800796509,185,259,207,337,196,298
frame_15,Rack_2,2,15,pepsi_med,0.9393198490142822,160,257,184,337,172,297
frame_15,Rack_2,16,15,pepsi_med,0.901677131652832,140,258,160,336,150,297
frame_15,Rack_2,31,15,pepsi_med,0.8653932213783264,114,259,140,336,127,297
frame_15,Rack_2,44,15,pepsi_med,0.8720212578773499,93,258,113,333,103,295
frame_15,Rack_2,55,13,kick_med,0.6316115856170654,69,260,92,335,80,297
frame_15,Rack_2,53,13,kick_med,0.736746072769165,49,260,69,333,59,296
frame_15,Rack_2,52,13,kick_med,0.7514049410820007,24,260,48,335,36,297
frame_15,Rack_3,6,9,empty,0.9237236380577087,479,359,595,487,537,423
frame_15,Rack_3,13,7,coke_z_big,0.9043586850166321,440,360,476,474,458,417
frame_15,Rack_3,1,7,coke_z_big,0.92962646484375,403,360,439,473,421,416
frame_15,Rack_3,39,5,coke_v_big,0.839599072933197,368,359,402,482,385,420
frame_15,Rack_3,4,5,coke_v_big,0.9221459627151489,332,358,367,483,349,420
frame_15,Rack_3,33,5,coke_v_big,0.9023672342300415,299,358,331,467,315,412
frame_15,Rack_3,18,5,coke_v_big,0.9097849726676941,264,359,298,466,281,412
frame_15,Rack_3,10,5,coke_v_big,0.9159479737281799,229,359,263,479,246,419
frame_15,Rack_3,9,14,pepsi_big,0.9213401079177856,196,354,227,480,211,417
frame_15,Rack_3,11,14,pepsi_big,0.9089657664299011,164,354,195,477,179,415
frame_15,Rack_3,54,14,pepsi_big,0.815300703048706,132,353,163,476,147,414
frame_15,Rack_3,19,10,fanta_grape_big,0.8642279505729675,95,353,131,475,113,414
frame_15,Rack_3,51,10,fanta_grape_big,0.7789734601974487,69,352,94,472,81,412
frame_15,Rack_3,59,10,fanta_grape_big,0.5539080500602722,44,353,69,464,56,408
frame_15,Rack_3,23,12,fanta_straw_big,0.7213149666786194,4,352,43,461,23,406
frame_16,Rack_1,50,1,a&w_small,0.7960871458053589,570,157,599,224,584,190
frame_16,Rack_1,35,1,a&w_small,0.8219187259674072,550,157,570,224,560,190
frame_16,Rack_1,32,1,a&w_small,0.8594473004341125,527,155,550,225,538,190
frame_16,Rack_1,48,1,a&w_small,0.848650336265564,503,156,528,226,515,191
frame_16,Rack_1,37,1,a&w_small,0.842677652835846,480,156,503,227,491,191
frame_16,Rack_1,27,1,a&w_small,0.8469981551170349,457,157,480,227,468,192
frame_16,Rack_1,36,1,a&w_small,0.8427726030349731,435,159,456,228,445,193
frame_16,Rack_1,49,4,coke_small,0.8021861910820007,413,160,435,228,424,194
frame_16,Rack_1,34,4,coke_small,0.8532212972640991,391,162,413,228,402,195
frame_16,Rack_1,12,4,coke_small,0.8774491548538208,371,163,391,228,381,195
frame_16,Rack_1,40,4,coke_small,0.824022114276886,351,162,371,228,361,195
frame_16,Rack_1,38,4,coke_small,0.8440643548965454,330,161,351,228,340,194
frame_16,Rack_1,5,4,coke_small,0.9308830499649048,310,163,330,228,320,195
frame_16,Rack_1,21,17,sprite_small,0.8760205507278442,288,161,309,229,298,195
frame_16,Rack_1,14,17,sprite_small,0.8917160034179688,268,160,288,229,278,194
frame_16,Rack_1,25,17,sprite_small,0.865114152431488,250,160,268,229,259,194
frame_16,Rack_1,15,17,sprite_small,0.8765037655830383,229,160,250,228,239,194
frame_16,Rack_1,28,9,empty,0.8586915135383606,100,162,226,228,163,195
frame_16,Rack_2,45,3,coke_med,0.8513794541358948,565,256,596,338,580,297
frame_16,Rack_2,20,3,coke_med,0.890927791595459,532,256,564,338,548,297
frame_16,Rack_2,22,3,coke_med,0.8856222033500671,509,256,531,339,520,297
frame_16,Rack_2,24,3,coke_med,0.8957212567329407,482,257,508,339,495,298
frame_16,Rack_2,3,3,coke_med,0.9441887140274048,455,255,481,338,468,296
frame_16,Rack_2,47,6,coke_v_med,0.8346558213233948,429,256,455,339,442,297
frame_16,Rack_2,41,6,coke_v_med,0.8052337765693665,402,256,428,339,415,297
frame_16,Rack_2,29,6,coke_v_med,0.8595265746116638,376,256,402,339,389,297
frame_16,Rack_2,26,2,anw_med,0.876392662525177,351,254,376,339,363,296
frame_16,Rack_2,17,2,anw_med,0.9050753116607666,327,255,351,339,339,297
frame_16,Rack_2,43,2,anw_med,0.8590945601463318,302,254,326,339,314,296
frame_16,Rack_2,42,2,anw_med,0.8596674203872681,278,255,302,339,290,297
frame_16,Rack_2,46,2,anw_med,0.8324030041694641,253,255,278,339,265,297
frame_16,Rack_2,7,2,anw_med,0.9055020213127136,227,258,252,338,239,298
frame_16,Rack_2,30,15,pepsi_med,0.8705369234085083,208,259,226,337,217,298
frame_16,Rack_2,8,15,pepsi_med,0.9255411624908447,185,259,207,337,196,298
frame_16,Rack_2,2,15,pepsi_med,0.9347684383392334,160,257,184,337,172,297
frame_16,Rack_2,16,15,pepsi_med,0.9009819030761719,140,258,159,336,149,297
frame_16,Rack_2,31,15,pepsi_med,0.8667904138565063,114,259,139,336,126,297
frame_16,Rack_2,44,15,pepsi_med,0.8786325454711914,93,258,113,333,103,295
frame_16,Rack_2,55,13,kick_med,0.6194258332252502,69,259,92,334,80,296
frame_16,Rack_2,53,13,kick_med,0.726919412612915,49,260,68,333,58,296
frame_16,Rack_2,52,13,kick_med,0.6854711771011353,24,259,48,335,36,297
frame_16,Rack_3,6,9,empty,0.9249793291091919,480,359,596,487,538,423
frame_16,Rack_3,13,7,coke_z_big,0.903091549873352,440,360,476,473,458,416
frame_16,Rack_3,1,7,coke_z_big,0.9321842789649963,403,360,439,473,421,416
frame_16,Rack_3,39,5,coke_v_big,0.8384745717048645,368,359,402,483,385,421
frame_16,Rack_3,4,5,coke_v_big,0.9276326298713684,332,358,367,483,349,420
frame_16,Rack_3,33,5,coke_v_big,0.8894957900047302,299,358,331,467,315,412
frame_16,Rack_3,18,5,coke_v_big,0.8914989233016968,264,359,298,466,281,412
frame_16,Rack_3,10,5,coke_v_big,0.9107673168182373,229,359,263,478,246,418
frame_16,Rack_3,9,14,pepsi_big,0.9216043949127197,196,354,227,480,211,417
frame_16,Rack_3,11,14,pepsi_big,0.9134418964385986,164,354,195,477,179,415
frame_16,Rack_3,54,14,pepsi_big,0.7798346281051636,132,353,163,476,147,414
frame_16,Rack_3,19,10,fanta_grape_big,0.8703025579452515,94,353,131,475,112,414
frame_16,Rack_3,51,10,fanta_grape_big,0.7468779683113098,69,352,94,472,81,412
frame_16,Rack_3,23,12,fanta_straw_big,0.8517366647720337,4,353,42,462,23,407
frame_17,Rack_1,50,1,a&w_small,0.8066295981407166,570,157,599,224,584,190
frame_17,Rack_1,35,1,a&w_small,0.8397490978240967,550,156,570,224,560,190
frame_17,Rack_1,32,1,a&w_small,0.8664717674255371,527,155,550,225,538,190
frame_17,Rack_1,48,1,a&w_small,0.8515744805335999,503,156,528,226,515,191
frame_17,Rack_1,37,1,a&w_small,0.8406354784965515,480,156,503,227,491,191
frame_17,Rack_1,27,1,a&w_small,0.8511587381362915,457,156,480,227,468,191
frame_17,Rack_1,36,1,a&w_small,0.845830500125885,435,159,456,228,445,193
frame_17,Rack_1,49,4,coke_small,0.8071256875991821,413,160,435,228,424,194
frame_17,Rack_1,34,4,coke_small,0.8486440777778625,391,162,413,228,402,195
frame_17,Rack_1,12,4,coke_small,0.8834466934204102,371,163,391,228,381,195
frame_17,Rack_1,40,4,coke_small,0.8191863894462585,351,162,371,228,361,195
frame_17,Rack_1,38,4,coke_small,0.8434142470359802,330,161,351,228,340,194
frame_17,Rack_1,5,4,coke_small,0.9264843463897705,310,163,330,228,320,195
frame_17,Rack_1,21,17,sprite_small,0.8805162906646729,288,162,309,229,298,195
frame_17,Rack_1,14,17,sprite_small,0.8929315805435181,268,160,288,229,278,194
frame_17,Rack_1,25,17,sprite_small,0.8653022646903992,250,160,268,229,259,194
frame_17,Rack_1,15,17,sprite_small,0.8747504353523254,229,160,250,228,239,194
frame_17,Rack_1,28,9,empty,0.8547701835632324,101,163,226,228,163,195
frame_17,Rack_2,45,3,coke_med,0.8616531491279602,565,256,596,338,580,297
frame_17,Rack_2,20,3,coke_med,0.8915272355079651,532,256,564,338,548,297
frame_17,Rack_2,22,3,coke_med,0.8864521980285645,508,256,531,338,519,297
frame_17,Rack_2,24,3,coke_med,0.8953234553337097,481,257,508,339,494,298
frame_17,Rack_2,3,3,coke_med,0.9428659677505493,455,255,481,338,468,296
frame_17,Rack_2,47,6,coke_v_med,0.8328610062599182,429,257,455,339,442,298
frame_17,Rack_2,41,6,coke_v_med,0.7836126089096069,402,256,428,339,415,297
frame_17,Rack_2,29,6,coke_v_med,0.8657221794128418,376,256,401,339,388,297
frame_17,Rack_2,26,2,anw_med,0.8787499070167542,351,254,376,339,363,296
frame_17,Rack_2,17,2,anw_med,0.9029699563980103,327,255,351,339,339,297
frame_17,Rack_2,43,2,anw_med,0.8593595623970032,302,255,326,339,314,297
frame_17,Rack_2,42,2,anw_med,0.859298586845398,278,255,302,339,290,297
frame_17,Rack_2,46,2,anw_med,0.8336685299873352,253,255,278,339,265,297
frame_17,Rack_2,7,2,anw_med,0.9050861597061157,227,258,252,338,239,298
frame_17,Rack_2,30,15,pepsi_med,0.8718966245651245,208,260,226,337,217,298
frame_17,Rack_2,8,15,pepsi_med,0.9258238077163696,185,259,207,337,196,298
frame_17,Rack_2,2,15,pepsi_med,0.936569333076477,160,257,184,337,172,297
frame_17,Rack_2,16,15,pepsi_med,0.9062355160713196,140,258,159,336,149,297
frame_17,Rack_2,31,15,pepsi_med,0.8685153722763062,114,259,139,336,126,297
frame_17,Rack_2,44,15,pepsi_med,0.885412871837616,93,259,113,334,103,296
frame_17,Rack_2,55,13,kick_med,0.6438227891921997,69,260,92,334,80,297
frame_17,Rack_2,53,13,kick_med,0.7656775712966919,49,260,68,333,58,296
frame_17,Rack_2,52,13,kick_med,0.7487825751304626,24,260,48,334,36,297
frame_17,Rack_3,6,9,empty,0.9242130517959595,480,359,596,488,538,423
frame_17,Rack_3,13,7,coke_z_big,0.9025058746337891,440,360,475,473,457,416
frame_17,Rack_3,1,7,coke_z_big,0.9322032332420349,403,360,439,473,421,416
frame_17,Rack_3,39,5,coke_v_big,0.8336425423622131,368,359,402,483,385,421
frame_17,Rack_3,4,5,coke_v_big,0.9271607398986816,332,358,367,484,349,421
frame_17,Rack_3,33,5,coke_v_big,0.8927282094955444,299,358,331,467,315,412
frame_17,Rack_3,18,5,coke_v_big,0.889474093914032,264,359,298,465,281,412
frame_17,Rack_3,10,5,coke_v_big,0.912685751914978,229,359,263,478,246,418
frame_17,Rack_3,9,14,pepsi_big,0.9224720001220703,196,354,227,479,211,416
frame_17,Rack_3,11,14,pepsi_big,0.9141438603401184,164,354,195,476,179,415
frame_17,Rack_3,54,14,pepsi_big,0.6945809125900269,132,353,162,476,147,414
frame_17,Rack_3,19,10,fanta_grape_big,0.8609742522239685,94,353,130,475,112,414
frame_17,Rack_3,51,10,fanta_grape_big,0.7429983615875244,69,352,93,472,81,412
frame_17,Rack_3,23,12,fanta_straw_big,0.8834861516952515,3,352,42,461,22,406
frame_18,Rack_1,50,1,a&w_small,0.7953287363052368,570,157,599,224,584,190
frame_18,Rack_1,35,1,a&w_small,0.8325657844543457,550,156,570,224,560,190
frame_18,Rack_1,32,1,a&w_small,0.8635624051094055,527,155,550,225,538,190
frame_18,Rack_1,48,1,a&w_small,0.8494102954864502,503,156,528,226,515,191
frame_18,Rack_1,37,1,a&w_small,0.8435225486755371,480,156,503,227,491,191
frame_18,Rack_1,27,1,a&w_small,0.8572890162467957,457,156,480,227,468,191
frame_18,Rack_1,36,1,a&w_small,0.8469136953353882,435,159,456,228,445,193
frame_18,Rack_1,49,4,coke_small,0.8059729337692261,413,160,435,228,424,194
frame_18,Rack_1,34,4,coke_small,0.851982593536377,391,162,413,228,402,195
frame_18,Rack_1,12,4,coke_small,0.8845778107643127,371,163,391,228,381,195
frame_18,Rack_1,40,4,coke_small,0.8134580254554749,351,162,371,228,361,195
frame_18,Rack_1,38,4,coke_small,0.8466514945030212,330,160,351,228,340,194
frame_18,Rack_1,5,4,coke_small,0.9302064180374146,310,163,330,228,320,195
frame_18,Rack_1,21,17,sprite_small,0.8854138255119324,288,162,309,229,298,195
frame_18,Rack_1,14,17,sprite_small,0.8900794386863708,268,160,288,229,278,194
frame_18,Rack_1,25,17,sprite_small,0.8601638078689575,250,160,268,229,259,194
frame_18,Rack_1,15,17,sprite_small,0.8647644519805908,229,160,250,228,239,194
frame_18,Rack_1,28,9,empty,0.8573041558265686,101,162,226,228,163,195
frame_18,Rack_2,45,3,coke_med,0.8823599815368652,565,256,595,337,580,296
frame_18,Rack_2,20,3,coke_med,0.8935869932174683,532,256,564,338,548,297
frame_18,Rack_2,22,3,coke_med,0.8848703503608704,508,256,531,338,519,297
frame_18,Rack_2,24,3,coke_med,0.896062970161438,481,257,508,338,494,297
frame_18,Rack_2,3,3,coke_med,0.9378905892372131,455,256,481,338,468,297
frame_18,Rack_2,47,6,coke_v_med,0.8278394341468811,429,256,455,339,442,297
frame_18,Rack_2,41,6,coke_v_med,0.7924937605857849,402,256,427,339,414,297
frame_18,Rack_2,29,6,coke_v_med,0.8713755011558533,376,256,401,339,388,297
frame_18,Rack_2,26,2,anw_med,0.8773011565208435,351,254,376,339,363,296
frame_18,Rack_2,17,2,anw_med,0.9031494855880737,326,255,351,339,338,297
frame_18,Rack_2,43,2,anw_med,0.8592793345451355,302,255,326,339,314,297
frame_18,Rack_2,42,2,anw_med,0.8567246198654175,278,255,302,339,290,297
frame_18,Rack_2,46,2,anw_med,0.8328977227210999,253,255,278,339,265,297
frame_18,Rack_2,7,2,anw_med,0.9060471653938293,227,258,252,338,239,298
frame_18,Rack_2,30,15,pepsi_med,0.8735426068305969,207,260,226,337,216,298
frame_18,Rack_2,8,15,pepsi_med,0.9218616485595703,185,259,207,337,196,298
frame_18,Rack_2,2,15,pepsi_med,0.9394202828407288,160,257,184,337,172,297
frame_18,Rack_2,16,15,pepsi_med,0.9122915267944336,140,258,159,336,149,297
frame_18,Rack_2,31,15,pepsi_med,0.8704992532730103,113,259,139,336,126,297
frame_18,Rack_2,44,15,pepsi_med,0.887831449508667,93,259,113,335,103,297
frame_18,Rack_2,55,13,kick_med,0.6036495566368103,69,260,92,335,80,297
frame_18,Rack_2,53,13,kick_med,0.7318715453147888,49,260,68,333,58,296
frame_18,Rack_2,52,13,kick_med,0.6698576807975769,23,259,48,335,35,297
frame_18,Rack_3,6,9,empty,0.9239535927772522,480,359,596,488,538,423
frame_18,Rack_3,13,7,coke_z_big,0.903145432472229,440,360,476,473,458,416
frame_18,Rack_3,1,7,coke_z_big,0.9296756982803345,403,360,439,473,421,416
frame_18,Rack_3,39,5,coke_v_big,0.8326959609985352,368,359,402,483,385,421
frame_18,Rack_3,4,5,coke_v_big,0.9246719479560852,332,358,367,484,349,421
frame_18,Rack_3,33,5,coke_v_big,0.8941067457199097,299,358,331,467,315,412
frame_18,Rack_3,18,5,coke_v_big,0.8924497365951538,264,359,298,465,281,412
frame_18,Rack_3,10,5,coke_v_big,0.9075183868408203,229,359,263,478,246,418
frame_18,Rack_3,9,14,pepsi_big,0.9204403758049011,196,354,227,479,211,416
frame_18,Rack_3,11,14,pepsi_big,0.9118569493293762,164,354,195,476,179,415
frame_18,Rack_3,54,14,pepsi_big,0.7916507720947266,132,353,162,476,147,414
frame_18,Rack_3,19,10,fanta_grape_big,0.8740878701210022,94,353,130,475,112,414
frame_18,Rack_3,51,10,fanta_grape_big,0.7672563791275024,69,352,93,472,81,412
frame_18,Rack_3,59,10,fanta_grape_big,0.6024645566940308,43,352,68,466,55,409
frame_18,Rack_3,23,12,fanta_straw_big,0.9016262292861938,3,352,42,461,22,406
frame_19,Rack_1,50,1,a&w_small,0.8057055473327637,570,157,599,224,584,190
frame_19,Rack_1,35,1,a&w_small,0.8416584730148315,550,156,570,224,560,190
frame_19,Rack_1,32,1,a&w_small,0.8711394667625427,527,155,550,225,538,190
frame_19,Rack_1,48,1,a&w_small,0.8431090712547302,503,156,528,226,515,191
frame_19,Rack_1,37,1,a&w_small,0.8449981808662415,480,156,502,227,491,191
frame_19,Rack_1,27,1,a&w_small,0.8568102121353149,457,156,480,227,468,191
frame_19,Rack_1,36,1,a&w_small,0.8488222360610962,435,159,456,228,445,193
frame_19,Rack_1,49,4,coke_small,0.8159672617912292,413,160,434,228,423,194
frame_19,Rack_1,34,4,coke_small,0.8550640344619751,391,162,413,228,402,195
frame_19,Rack_1,12,4,coke_small,0.8843492269515991,371,163,391,228,381,195
frame_19,Rack_1,40,4,coke_small,0.8210321664810181,351,162,371,228,361,195
frame_19,Rack_1,38,4,coke_small,0.8486213088035583,330,160,351,228,340,194
frame_19,Rack_1,5,4,coke_small,0.9312502145767212,310,163,330,228,320,195
frame_19,Rack_1,21,17,sprite_small,0.8915878534317017,288,162,309,229,298,195
frame_19,Rack_1,14,17,sprite_small,0.8927969932556152,268,160,288,229,278,194
frame_19,Rack_1,25,17,sprite_small,0.8637237548828125,250,160,268,229,259,194
frame_19,Rack_1,15,17,sprite_small,0.8680063486099243,229,160,250,228,239,194
frame_19,Rack_1,28,9,empty,0.857105553150177,100,162,226,229,163,195
frame_19,Rack_2,45,3,coke_med,0.8768178224563599,565,256,595,337,580,296
frame_19,Rack_2,20,3,coke_med,0.8961013555526733,532,256,564,338,548,297
frame_19,Rack_2,22,3,coke_med,0.8818525075912476,508,256,531,338,519,297
frame_19,Rack_2,24,3,coke_med,0.896948516368866,481,257,508,339,494,298
frame_19,Rack_2,3,3,coke_med,0.9390497207641602,455,255,481,338,468,296
frame_19,Rack_2,47,6,coke_v_med,0.8324424028396606,429,257,454,339,441,298
frame_19,Rack_2,41,6,coke_v_med,0.802502453327179,402,256,427,339,414,297
frame_19,Rack_2,29,6,coke_v_med,0.8830686211585999,376,256,401,339,388,297
frame_19,Rack_2,26,2,anw_med,0.8777147531509399,351,254,376,339,363,296
frame_19,Rack_2,17,2,anw_med,0.9029425382614136,326,255,351,339,338,297
frame_19,Rack_2,43,2,anw_med,0.862169623374939,302,255,326,339,314,297
frame_19,Rack_2,42,2,anw_med,0.8558390140533447,278,255,302,339,290,297
frame_19,Rack_2,46,2,anw_med,0.8353412747383118,253,255,278,339,265,297
frame_19,Rack_2,7,2,anw_med,0.9061377048492432,227,258,252,338,239,298
frame_19,Rack_2,30,15,pepsi_med,0.8692733645439148,207,260,226,337,216,298
frame_19,Rack_2,8,15,pepsi_med,0.9246227741241455,185,259,207,337,196,298
frame_19,Rack_2,2,15,pepsi_med,0.9394140839576721,160,257,184,337,172,297
frame_19,Rack_2,16,15,pepsi_med,0.9086562991142273,140,258,159,336,149,297
frame_19,Rack_2,31,15,pepsi_med,0.8711957335472107,113,259,139,336,126,297
frame_19,Rack_2,44,15,pepsi_med,0.8864760994911194,93,258,113,334,103,296
frame_19,Rack_2,55,13,kick_med,0.6126263737678528,69,260,92,335,80,297
frame_19,Rack_2,53,13,kick_med,0.7567887306213379,49,260,68,333,58,296
frame_19,Rack_2,52,13,kick_med,0.7157172560691833,23,259,48,335,35,297
frame_19,Rack_3,6,9,empty,0.9255859851837158,480,359,597,488,538,423
frame_19,Rack_3,13,7,coke_z_big,0.8987728357315063,440,360,476,473,458,416
frame_19,Rack_3,1,7,coke_z_big,0.9283794164657593,403,360,439,473,421,416
frame_19,Rack_3,39,5,coke_v_big,0.834710955619812,368,359,402,483,385,421
frame_19,Rack_3,4,5,coke_v_big,0.9254629611968994,332,358,367,484,349,421
frame_19,Rack_3,33,5,coke_v_big,0.8900195956230164,299,358,331,466,315,412
frame_19,Rack_3,18,5,coke_v_big,0.8966125845909119,264,359,298,465,281,412
frame_19,Rack_3,10,5,coke_v_big,0.9099694490432739,229,359,263,478,246,418
frame_19,Rack_3,9,14,pepsi_big,0.9201560616493225,196,354,227,479,211,416
frame_19,Rack_3,11,14,pepsi_big,0.9113557934761047,164,354,195,477,179,415
frame_19,Rack_3,54,14,pepsi_big,0.8342114090919495,132,353,162,476,147,414
frame_19,Rack_3,19,10,fanta_grape_big,0.8472031950950623,94,353,130,475,112,414
frame_19,Rack_3,51,10,fanta_grape_big,0.7296439409255981,69,352,93,472,81,412
frame_19,Rack_3,23,12,fanta_straw_big,0.9092830419540405,3,352,42,461,22,406
frame_20,Rack_1,50,1,a&w_small,0.7889903783798218,570,157,599,224,584,190
frame_20,Rack_1,35,1,a&w_small,0.8065745234489441,549,156,570,224,559,190
frame_20,Rack_1,32,1,a&w_small,0.8575994372367859,527,155,550,225,538,190
frame_20,Rack_1,48,1,a&w_small,0.8188514113426208,503,156,527,226,515,191
frame_20,Rack_1,37,1,a&w_small,0.8378500938415527,480,156,502,227,491,191
frame_20,Rack_1,27,1,a&w_small,0.8463161587715149,457,156,480,227,468,191
frame_20,Rack_1,36,1,a&w_small,0.8402366042137146,435,159,456,228,445,193
frame_20,Rack_1,49,4,coke_small,0.8044790029525757,413,160,434,228,423,194
frame_20,Rack_1,34,4,coke_small,0.8496729135513306,391,162,413,228,402,195
frame_20,Rack_1,12,4,coke_small,0.8805117607116699,371,163,391,228,381,195
frame_20,Rack_1,40,4,coke_small,0.8182974457740784,351,162,371,228,361,195
frame_20,Rack_1,38,4,coke_small,0.8399166464805603,330,160,351,228,340,194
frame_20,Rack_1,5,4,coke_small,0.9311435222625732,310,163,330,228,320,195
frame_20,Rack_1,21,17,sprite_small,0.8922365307807922,288,162,309,229,298,195
frame_20,Rack_1,14,17,sprite_small,0.8930084705352783,268,160,288,229,278,194
frame_20,Rack_1,25,17,sprite_small,0.8635179400444031,250,160,268,229,259,194
frame_20,Rack_1,15,17,sprite_small,0.8684207201004028,229,161,250,228,239,194
frame_20,Rack_1,28,9,empty,0.8579425811767578,101,162,226,228,163,195
frame_20,Rack_2,45,3,coke_med,0.8548955917358398,565,256,595,337,580,296
frame_20,Rack_2,20,3,coke_med,0.8956590294837952,532,257,564,338,548,297
frame_20,Rack_2,22,3,coke_med,0.8833606243133545,508,256,531,338,519,297
frame_20,Rack_2,24,3,coke_med,0.9072890877723694,481,257,508,339,494,298
frame_20,Rack_2,3,3,coke_med,0.9370326995849609,455,256,481,338,468,297
frame_20,Rack_2,47,6,coke_v_med,0.8268861770629883,429,257,455,339,442,298
frame_20,Rack_2,41,6,coke_v_med,0.7763932347297668,402,256,428,339,415,297
frame_20,Rack_2,29,6,coke_v_med,0.8773666620254517,376,256,401,339,388,297
frame_20,Rack_2,26,2,anw_med,0.8787044286727905,351,254,376,339,363,296
frame_20,Rack_2,17,2,anw_med,0.9022397994995117,326,255,351,339,338,297
frame_20,Rack_2,43,2,anw_med,0.8629204034805298,302,255,326,339,314,297
frame_20,Rack_2,42,2,anw_med,0.8552692532539368,278,255,302,339,290,297
frame_20,Rack_2,46,2,anw_med,0.8394336104393005,253,255,278,339,265,297
frame_20,Rack_2,7,2,anw_med,0.9072476625442505,227,258,252,338,239,298
frame_20,Rack_2,30,15,pepsi_med,0.8681734800338745,207,260,226,337,216,298
frame_20,Rack_2,8,15,pepsi_med,0.9241225719451904,185,259,207,337,196,298
frame_20,Rack_2,2,15,pepsi_med,0.9418109059333801,160,257,184,337,172,297
frame_20,Rack_2,16,15,pepsi_med,0.9112799167633057,140,258,159,336,149,297
frame_20,Rack_2,31,15,pepsi_med,0.8697965741157532,114,259,139,336,126,297
frame_20,Rack_2,44,15,pepsi_med,0.8818199634552002,93,259,113,335,103,297
frame_20,Rack_2,55,13,kick_med,0.628584623336792,69,260,92,335,80,297
frame_20,Rack_2,53,13,kick_med,0.7737389206886292,49,260,68,333,58,296
frame_20,Rack_2,52,13,kick_med,0.750900387763977,24,259,48,335,36,297
frame_20,Rack_3,6,9,empty,0.9262181520462036,480,359,596,488,538,423
frame_20,Rack_3,13,7,coke_z_big,0.9034579396247864,440,360,476,474,458,417
frame_20,Rack_3,1,7,coke_z_big,0.9315410256385803,403,360,439,473,421,416
frame_20,Rack_3,39,5,coke_v_big,0.8280490636825562,368,359,402,483,385,421
frame_20,Rack_3,4,5,coke_v_big,0.9233130216598511,332,358,367,484,349,421
frame_20,Rack_3,33,5,coke_v_big,0.8883124589920044,299,358,331,467,315,412
frame_20,Rack_3,18,5,coke_v_big,0.8938260078430176,264,359,298,465,281,412
frame_20,Rack_3,10,5,coke_v_big,0.9114071726799011,229,359,263,478,246,418
frame_20,Rack_3,9,14,pepsi_big,0.9185562133789062,196,355,227,479,211,417
frame_20,Rack_3,11,14,pepsi_big,0.9165308475494385,164,354,195,477,179,415
frame_20,Rack_3,54,14,pepsi_big,0.7933091521263123,132,353,162,476,147,414
frame_20,Rack_3,19,10,fanta_grape_big,0.8691233396530151,94,353,130,475,112,414
frame_20,Rack_3,51,10,fanta_grape_big,0.7676556706428528,69,352,93,472,81,412
frame_20,Rack_3,23,12,fanta_straw_big,0.905463457107544,4,352,42,461,23,406
frame_21,Rack_1,50,1,a&w_small,0.7932301759719849,570,157,598,224,584,190
frame_21,Rack_1,35,1,a&w_small,0.826619565486908,550,156,570,224,560,190
frame_21,Rack_1,32,1,a&w_small,0.8729102611541748,527,155,550,226,538,190
frame_21,Rack_1,48,1,a&w_small,0.8312356472015381,503,156,527,226,515,191
frame_21,Rack_1,37,1,a&w_small,0.8488467931747437,480,156,502,227,491,191
frame_21,Rack_1,27,1,a&w_small,0.8617579936981201,457,156,480,227,468,191
frame_21,Rack_1,36,1,a&w_small,0.8387326598167419,435,159,456,228,445,193
frame_21,Rack_1,49,4,coke_small,0.8020833730697632,413,160,435,228,424,194
frame_21,Rack_1,34,4,coke_small,0.850810170173645,391,162,413,228,402,195
frame_21,Rack_1,12,4,coke_small,0.8761400580406189,371,163,391,228,381,195
frame_21,Rack_1,40,4,coke_small,0.8013087511062622,351,162,371,228,361,195
frame_21,Rack_1,38,4,coke_small,0.8235315084457397,330,160,351,228,340,194
frame_21,Rack_1,5,4,coke_small,0.9254910945892334,310,163,330,228,320,195
frame_21,Rack_1,21,17,sprite_small,0.8830069899559021,288,162,309,229,298,195
frame_21,Rack_1,14,17,sprite_small,0.8871938586235046,268,160,288,229,278,194
frame_21,Rack_1,25,17,sprite_small,0.8575342297554016,250,160,268,229,259,194
frame_21,Rack_1,15,17,sprite_small,0.8780789971351624,229,161,250,228,239,194
frame_21,Rack_1,28,9,empty,0.8571178317070007,101,162,226,228,163,195
frame_21,Rack_2,45,3,coke_med,0.8289732933044434,565,256,596,337,580,296
frame_21,Rack_2,20,3,coke_med,0.8992189168930054,532,256,564,337,548,296
frame_21,Rack_2,22,3,coke_med,0.8808237910270691,508,256,531,338,519,297
frame_21,Rack_2,24,3,coke_med,0.9187856912612915,481,256,508,339,494,297
frame_21,Rack_2,3,3,coke_med,0.9502684473991394,455,255,481,338,468,296
frame_21,Rack_2,47,6,coke_v_med,0.8117860555648804,429,255,455,339,442,297
frame_21,Rack_2,41,6,coke_v_med,0.7829781770706177,402,256,428,339,415,297
frame_21,Rack_2,29,6,coke_v_med,0.9004908204078674,376,256,402,339,389,297
frame_21,Rack_2,26,2,anw_med,0.8792632818222046,351,254,376,339,363,296
frame_21,Rack_2,17,2,anw_med,0.8871485590934753,327,255,351,339,339,297
frame_21,Rack_2,43,2,anw_med,0.8726025819778442,302,255,326,339,314,297
frame_21,Rack_2,42,2,anw_med,0.8455727696418762,278,255,302,339,290,297
frame_21,Rack_2,46,2,anw_med,0.8457464575767517,253,255,278,339,265,297
frame_21,Rack_2,7,2,anw_med,0.9022932052612305,227,258,252,338,239,298
frame_21,Rack_2,30,15,pepsi_med,0.8775665760040283,208,259,226,337,217,298
frame_21,Rack_2,8,15,pepsi_med,0.9263132810592651,185,259,207,337,196,298
frame_21,Rack_2,2,15,pepsi_med,0.9437020421028137,160,257,184,337,172,297
frame_21,Rack_2,16,15,pepsi_med,0.9069478511810303,140,258,159,336,149,297
frame_21,Rack_2,31,15,pepsi_med,0.8678888082504272,114,259,140,336,127,297
frame_21,Rack_2,44,15,pepsi_med,0.8786156177520752,93,259,113,335,103,297
frame_21,Rack_2,55,13,kick_med,0.698259711265564,69,260,92,335,80,297
frame_21,Rack_2,53,13,kick_med,0.7838667035102844,49,260,68,333,58,296
frame_21,Rack_2,52,13,kick_med,0.8023551106452942,24,260,48,335,36,297
frame_21,Rack_3,6,9,empty,0.9256439208984375,480,359,596,488,538,423
frame_21,Rack_3,13,7,coke_z_big,0.8978846669197083,440,360,476,474,458,417
frame_21,Rack_3,1,7,coke_z_big,0.9318696856498718,403,360,439,473,421,416
frame_21,Rack_3,39,5,coke_v_big,0.8183547854423523,368,359,402,483,385,421
frame_21,Rack_3,4,5,coke_v_big,0.9211696982383728,332,358,367,484,349,421
frame_21,Rack_3,33,5,coke_v_big,0.893022358417511,299,358,331,467,315,412
frame_21,Rack_3,18,5,coke_v_big,0.9012178778648376,264,359,298,465,281,412
frame_21,Rack_3,10,5,coke_v_big,0.9132435917854309,229,359,263,478,246,418
frame_21,Rack_3,9,14,pepsi_big,0.9189138412475586,196,355,227,479,211,417
frame_21,Rack_3,11,14,pepsi_big,0.9132732152938843,164,354,195,476,179,415
frame_21,Rack_3,54,14,pepsi_big,0.777303159236908,132,353,162,476,147,414
frame_21,Rack_3,19,10,fanta_grape_big,0.8893136978149414,94,353,130,476,112,414
frame_21,Rack_3,51,10,fanta_grape_big,0.7716909646987915,69,352,93,472,81,412
frame_21,Rack_3,23,12,fanta_straw_big,0.9015405178070068,4,352,42,461,23,406
frame_22,Rack_1,50,1,a&w_small,0.8017063736915588,570,157,599,224,584,190
frame_22,Rack_1,35,1,a&w_small,0.8227815628051758,550,156,570,224,560,190
frame_22,Rack_1,32,1,a&w_small,0.863727867603302,527,155,550,226,538,190
frame_22,Rack_1,48,1,a&w_small,0.8230333924293518,503,156,527,226,515,191
frame_22,Rack_1,37,1,a&w_small,0.8537206649780273,480,156,503,227,491,191
frame_22,Rack_1,27,1,a&w_small,0.8637571334838867,457,156,480,227,468,191
frame_22,Rack_1,36,1,a&w_small,0.8366810083389282,435,159,456,228,445,193
frame_22,Rack_1,49,4,coke_small,0.7960558533668518,413,160,435,228,424,194
frame_22,Rack_1,34,4,coke_small,0.850153923034668,391,162,413,228,402,195
frame_22,Rack_1,12,4,coke_small,0.868561327457428,371,163,391,228,381,195
frame_22,Rack_1,40,4,coke_small,0.8026167154312134,351,162,371,228,361,195
frame_22,Rack_1,38,4,coke_small,0.8109754323959351,330,161,351,228,340,194
frame_22,Rack_1,5,4,coke_small,0.9199700355529785,310,163,330,228,320,195
frame_22,Rack_1,21,17,sprite_small,0.8845704197883606,288,161,309,229,298,195
frame_22,Rack_1,14,17,sprite_small,0.8885260224342346,269,160,288,229,278,194
frame_22,Rack_1,25,17,sprite_small,0.8597777485847473,250,160,268,229,259,194
frame_22,Rack_1,15,17,sprite_small,0.8772704005241394,229,161,250,228,239,194
frame_22,Rack_1,28,9,empty,0.8582126498222351,101,162,226,228,163,195
frame_22,Rack_2,45,3,coke_med,0.8316737413406372,565,256,596,338,580,297
frame_22,Rack_2,20,3,coke_med,0.8975157737731934,532,255,564,337,548,296
frame_22,Rack_2,22,3,coke_med,0.8818763494491577,509,256,532,338,520,297
frame_22,Rack_2,24,3,coke_med,0.9197743535041809,482,256,508,339,495,297
frame_22,Rack_2,3,3,coke_med,0.9550395607948303,455,254,481,338,468,296
frame_22,Rack_2,47,6,coke_v_med,0.7888370156288147,429,254,455,339,442,296
frame_22,Rack_2,41,6,coke_v_med,0.7646903991699219,403,256,428,339,415,297
frame_22,Rack_2,29,6,coke_v_med,0.9109302163124084,376,255,402,339,389,297
frame_22,Rack_2,26,2,anw_med,0.878906786441803,351,254,376,339,363,296
frame_22,Rack_2,17,2,anw_med,0.8912314176559448,327,255,351,339,339,297
frame_22,Rack_2,43,2,anw_med,0.8890131711959839,302,255,326,339,314,297
frame_22,Rack_2,42,2,anw_med,0.8498156070709229,278,255,302,339,290,297
frame_22,Rack_2,46,2,anw_med,0.8495841026306152,254,255,278,339,266,297
frame_22,Rack_2,7,2,anw_med,0.9007214307785034,227,257,252,338,239,297
frame_22,Rack_2,30,15,pepsi_med,0.8805995583534241,208,259,226,337,217,298
frame_22,Rack_2,8,15,pepsi_med,0.9262986779212952,185,258,207,337,196,297
frame_22,Rack_2,2,15,pepsi_med,0.9437240362167358,160,257,184,337,172,297
frame_22,Rack_2,16,15,pepsi_med,0.904227077960968,140,258,160,336,150,297
frame_22,Rack_2,31,15,pepsi_med,0.8607054352760315,114,259,140,337,127,298
frame_22,Rack_2,44,15,pepsi_med,0.8698989748954773,93,259,113,336,103,297
frame_22,Rack_2,55,13,kick_med,0.7084301114082336,69,260,92,335,80,297
frame_22,Rack_2,53,13,kick_med,0.7605056762695312,49,260,69,334,59,297
frame_22,Rack_2,52,13,kick_med,0.7827174663543701,24,260,48,335,36,297
frame_22,Rack_3,6,9,empty,0.9273726940155029,480,359,597,488,538,423
frame_22,Rack_3,13,7,coke_z_big,0.8997949361801147,440,360,476,474,458,417
frame_22,Rack_3,1,7,coke_z_big,0.9322128891944885,403,360,439,473,421,416
frame_22,Rack_3,39,5,coke_v_big,0.8163691759109497,368,359,402,483,385,421
frame_22,Rack_3,4,5,coke_v_big,0.9216962456703186,332,358,367,484,349,421
frame_22,Rack_3,33,5,coke_v_big,0.888092577457428,299,358,331,467,315,412
frame_22,Rack_3,18,5,coke_v_big,0.9025387167930603,264,359,298,465,281,412
frame_22,Rack_3,10,5,coke_v_big,0.913862407207489,229,359,263,478,246,418
frame_22,Rack_3,9,14,pepsi_big,0.9199972152709961,196,355,228,480,212,417
frame_22,Rack_3,11,14,pepsi_big,0.9175348281860352,164,354,195,476,179,415
frame_22,Rack_3,54,14,pepsi_big,0.8233320116996765,132,353,163,476,147,414
frame_22,Rack_3,19,10,fanta_grape_big,0.8717897534370422,94,353,131,476,112,414
frame_22,Rack_3,51,10,fanta_grape_big,0.7665567398071289,69,352,93,472,81,412
frame_22,Rack_3,23,12,fanta_straw_big,0.9177704453468323,3,352,42,461,22,406
frame_23,Rack_1,50,1,a&w_small,0.7806497812271118,570,158,598,224,584,191
frame_23,Rack_1,35,1,a&w_small,0.8161062598228455,550,158,570,225,560,191
frame_23,Rack_1,32,1,a&w_small,0.8523149490356445,527,156,550,226,538,191
frame_23,Rack_1,48,1,a&w_small,0.8162689208984375,503,158,527,227,515,192
frame_23,Rack_1,37,1,a&w_small,0.8514024615287781,480,157,503,227,491,192
frame_23,Rack_1,27,1,a&w_small,0.8647913336753845,457,157,480,227,468,192
frame_23,Rack_1,36,1,a&w_small,0.8400669693946838,435,159,456,228,445,193
frame_23,Rack_1,49,4,coke_small,0.8068011999130249,413,160,435,228,424,194
frame_23,Rack_1,34,4,coke_small,0.8537500500679016,391,162,413,228,402,195
frame_23,Rack_1,12,4,coke_small,0.8678865432739258,372,163,391,228,381,195
frame_23,Rack_1,40,4,coke_small,0.8346409201622009,351,162,371,228,361,195
frame_23,Rack_1,38,4,coke_small,0.8039745092391968,331,162,351,228,341,195
frame_23,Rack_1,5,4,coke_small,0.9154830574989319,310,163,331,228,320,195
frame_23,Rack_1,21,17,sprite_small,0.8798241019248962,289,162,309,229,299,195
frame_23,Rack_1,14,17,sprite_small,0.8952584266662598,269,160,288,229,278,194
frame_23,Rack_1,25,17,sprite_small,0.871990442276001,251,160,268,229,259,194
frame_23,Rack_1,15,17,sprite_small,0.8849526047706604,229,160,250,228,239,194
frame_23,Rack_1,28,9,empty,0.8476628661155701,101,162,226,228,163,195
frame_23,Rack_1,57,0,7up_med,0.6819167137145996,46,165,72,244,59,204
frame_23,Rack_1,58,0,7up_med,0.565217912197113,23,165,46,245,34,205
frame_23,Rack_2,45,3,coke_med,0.8378563523292542,565,256,596,337,580,296
frame_23,Rack_2,20,3,coke_med,0.893409252166748,533,255,564,337,548,296
frame_23,Rack_2,22,3,coke_med,0.8839132189750671,509,256,532,338,520,297
frame_23,Rack_2,24,3,coke_med,0.9253135919570923,482,256,508,339,495,297
frame_23,Rack_2,3,3,coke_med,0.9532884955406189,455,254,482,338,468,296
frame_23,Rack_2,47,6,coke_v_med,0.7905206680297852,429,254,455,339,442,296
frame_23,Rack_2,41,6,coke_v_med,0.7631173133850098,403,255,428,339,415,297
frame_23,Rack_2,29,6,coke_v_med,0.9059881567955017,377,255,402,339,389,297
frame_23,Rack_2,26,2,anw_med,0.8830938935279846,352,254,376,339,364,296
frame_23,Rack_2,17,2,anw_med,0.8973066806793213,327,255,351,339,339,297
frame_23,Rack_2,43,2,anw_med,0.8897766470909119,302,255,327,339,314,297
frame_23,Rack_2,42,2,anw_med,0.8939536213874817,279,255,302,339,290,297
frame_23,Rack_2,46,2,anw_med,0.8453176021575928,254,255,278,339,266,297
frame_23,Rack_2,7,2,anw_med,0.8964370489120483,227,257,253,338,240,297
frame_23,Rack_2,30,15,pepsi_med,0.8771495223045349,208,259,227,337,217,298
frame_23,Rack_2,8,15,pepsi_med,0.9239766001701355,185,258,207,337,196,297
frame_23,Rack_2,2,15,pepsi_med,0.9441637396812439,160,257,184,337,172,297
frame_23,Rack_2,16,15,pepsi_med,0.8932664394378662,141,258,160,336,150,297
frame_23,Rack_2,31,15,pepsi_med,0.8644330501556396,114,258,140,336,127,297
frame_23,Rack_2,44,15,pepsi_med,0.870441734790802,93,259,114,336,103,297
frame_23,Rack_2,55,13,kick_med,0.7238934636116028,70,260,93,335,81,297
frame_23,Rack_2,53,13,kick_med,0.7931047081947327,49,260,69,335,59,297
frame_23,Rack_2,52,13,kick_med,0.8070001006126404,24,260,48,335,36,297
frame_23,Rack_3,6,9,empty,0.924602210521698,478,359,595,488,536,423
frame_23,Rack_3,13,7,coke_z_big,0.8919079303741455,440,361,476,474,458,417
frame_23,Rack_3,1,7,coke_z_big,0.9320368766784668,403,360,440,473,421,416
frame_23,Rack_3,39,5,coke_v_big,0.816023588180542,368,359,402,483,385,421
frame_23,Rack_3,4,5,coke_v_big,0.9163299798965454,332,358,367,483,349,420
frame_23,Rack_3,33,5,coke_v_big,0.894376277923584,299,358,332,467,315,412
frame_23,Rack_3,18,5,coke_v_big,0.9021553993225098,264,359,298,465,281,412
frame_23,Rack_3,10,5,coke_v_big,0.9168808460235596,230,359,263,479,246,419
frame_23,Rack_3,9,14,pepsi_big,0.9199489951133728,196,355,228,480,212,417
frame_23,Rack_3,11,14,pepsi_big,0.9182558655738831,164,354,195,477,179,415
frame_23,Rack_3,54,14,pepsi_big,0.7291848659515381,132,353,163,476,147,414
frame_23,Rack_3,19,10,fanta_grape_big,0.8721749186515808,94,353,131,475,112,414
frame_23,Rack_3,51,10,fanta_grape_big,0.7827132344245911,70,352,93,472,81,412
frame_23,Rack_3,23,12,fanta_straw_big,0.9078072905540466,4,352,42,461,23,406
frame_24,Rack_1,50,1,a&w_small,0.7992920875549316,570,157,598,224,584,190
frame_24,Rack_1,35,1,a&w_small,0.8221648335456848,550,157,570,225,560,191
frame_24,Rack_1,32,1,a&w_small,0.852846086025238,527,155,550,226,538,190
frame_24,Rack_1,48,1,a&w_small,0.8215466141700745,503,157,527,226,515,191
frame_24,Rack_1,37,1,a&w_small,0.8366900086402893,480,156,503,227,491,191
frame_24,Rack_1,27,1,a&w_small,0.8482210040092468,457,157,480,227,468,192
frame_24,Rack_1,36,1,a&w_small,0.8361027240753174,435,159,457,228,446,193
frame_24,Rack_1,49,4,coke_small,0.7941206693649292,414,159,435,228,424,193
frame_24,Rack_1,34,4,coke_small,0.8491019010543823,391,162,413,228,402,195
frame_24,Rack_1,12,4,coke_small,0.8567922711372375,372,163,391,228,381,195
frame_24,Rack_1,40,4,coke_small,0.814050018787384,351,162,371,228,361,195
frame_24,Rack_1,38,4,coke_small,0.8074435591697693,331,161,351,228,341,194
frame_24,Rack_1,5,4,coke_small,0.9227539896965027,310,163,331,228,320,195
frame_24,Rack_1,21,17,sprite_small,0.8893956542015076,289,160,310,229,299,194
frame_24,Rack_1,14,17,sprite_small,0.8909108638763428,269,160,288,229,278,194
frame_24,Rack_1,25,17,sprite_small,0.8570188283920288,251,160,268,229,259,194
frame_24,Rack_1,15,17,sprite_small,0.8805193901062012,229,159,250,228,239,193
frame_24,Rack_1,28,9,empty,0.8607209324836731,101,162,225,228,163,195
frame_24,Rack_2,45,3,coke_med,0.8048579096794128,565,256,596,337,580,296
frame_24,Rack_2,20,3,coke_med,0.8890132308006287,533,256,565,338,549,297
frame_24,Rack_2,22,3,coke_med,0.881340742111206,509,256,532,338,520,297
frame_24,Rack_2,24,3,coke_med,0.9253683090209961,482,256,508,339,495,297
frame_24,Rack_2,3,3,coke_med,0.9488757252693176,456,254,482,338,469,296
frame_24,Rack_2,47,6,coke_v_med,0.8035120368003845,429,254,455,339,442,296
frame_24,Rack_2,41,6,coke_v_med,0.7680483460426331,403,256,428,339,415,297
frame_24,Rack_2,29,6,coke_v_med,0.9106823801994324,377,255,402,339,389,297
frame_24,Rack_2,26,2,anw_med,0.8811798095703125,352,254,376,339,364,296
frame_24,Rack_2,17,2,anw_med,0.8966201543807983,327,255,351,339,339,297
frame_24,Rack_2,43,2,anw_med,0.8817389011383057,303,255,327,339,315,297
frame_24,Rack_2,42,2,anw_med,0.9019859433174133,279,255,303,339,291,297
frame_24,Rack_2,46,2,anw_med,0.8432207703590393,254,255,278,339,266,297
frame_24,Rack_2,7,2,anw_med,0.8927682042121887,228,257,253,338,240,297
frame_24,Rack_2,30,15,pepsi_med,0.871674656867981,208,259,227,337,217,298
frame_24,Rack_2,8,15,pepsi_med,0.9222145080566406,186,258,207,337,196,297
frame_24,Rack_2,2,15,pepsi_med,0.9439988732337952,160,257,184,337,172,297
frame_24,Rack_2,16,15,pepsi_med,0.8878561854362488,141,258,160,336,150,297
frame_24,Rack_2,31,15,pepsi_med,0.8682242035865784,114,258,140,336,127,297
frame_24,Rack_2,44,15,pepsi_med,0.8714545965194702,93,259,114,336,103,297
frame_24,Rack_2,55,13,kick_med,0.6990357637405396,70,260,93,335,81,297
frame_24,Rack_2,53,13,kick_med,0.7631569504737854,49,260,69,335,59,297
frame_24,Rack_2,52,13,kick_med,0.7803418040275574,24,260,49,335,36,297
frame_24,Rack_3,6,9,empty,0.9256168007850647,479,359,596,488,537,423
frame_24,Rack_3,13,7,coke_z_big,0.9006704688072205,441,360,476,473,458,416
frame_24,Rack_3,1,7,coke_z_big,0.929762065410614,404,360,440,473,422,416
frame_24,Rack_3,39,5,coke_v_big,0.8116952180862427,368,359,403,483,385,421
frame_24,Rack_3,4,5,coke_v_big,0.9133516550064087,332,358,368,483,350,420
frame_24,Rack_3,33,5,coke_v_big,0.8985412120819092,299,358,332,466,315,412
frame_24,Rack_3,18,5,coke_v_big,0.890704333782196,265,359,298,465,281,412
frame_24,Rack_3,10,5,coke_v_big,0.9192769527435303,230,359,263,479,246,419
frame_24,Rack_3,9,14,pepsi_big,0.9200559258460999,197,355,228,480,212,417
frame_24,Rack_3,11,14,pepsi_big,0.9189239740371704,164,354,195,477,179,415
frame_24,Rack_3,54,14,pepsi_big,0.7640337347984314,133,353,163,476,148,414
frame_24,Rack_3,19,10,fanta_grape_big,0.8775728344917297,95,353,131,475,113,414
frame_24,Rack_3,51,10,fanta_grape_big,0.7826809883117676,70,352,94,472,82,412
frame_24,Rack_3,59,10,fanta_grape_big,0.5016624927520752,43,352,69,467,56,409
frame_24,Rack_3,23,12,fanta_straw_big,0.910082221031189,3,353,42,461,22,407
frame_25,Rack_1,50,1,a&w_small,0.7822707891464233,571,158,599,224,585,191
frame_25,Rack_1,35,1,a&w_small,0.8166273236274719,550,158,570,225,560,191
frame_25,Rack_1,32,1,a&w_small,0.8430162668228149,528,157,550,226,539,191
frame_25,Rack_1,48,1,a&w_small,0.8236031532287598,503,158,527,226,515,192
frame_25,Rack_1,37,1,a&w_small,0.848166823387146,481,158,503,227,492,192
frame_25,Rack_1,27,1,a&w_small,0.856619656085968,458,158,480,227,469,192
frame_25,Rack_1,36,1,a&w_small,0.8439161777496338,435,159,457,227,446,193
frame_25,Rack_1,49,4,coke_small,0.7950955629348755,414,160,435,228,424,194
frame_25,Rack_1,34,4,coke_small,0.8437007665634155,391,162,413,228,402,195
frame_25,Rack_1,12,4,coke_small,0.8589145541191101,372,164,391,228,381,196
frame_25,Rack_1,40,4,coke_small,0.8526743650436401,351,162,372,228,361,195
frame_25,Rack_1,38,4,coke_small,0.8043951392173767,331,161,351,228,341,194
frame_25,Rack_1,5,4,coke_small,0.9163651466369629,310,163,331,228,320,195
frame_25,Rack_1,21,17,sprite_small,0.8719778060913086,289,161,310,229,299,195
frame_25,Rack_1,14,17,sprite_small,0.8932480812072754,269,160,289,229,279,194
frame_25,Rack_1,25,17,sprite_small,0.8636893033981323,251,160,269,229,260,194
frame_25,Rack_1,15,17,sprite_small,0.8935173749923706,229,160,250,228,239,194
frame_25,Rack_1,28,9,empty,0.8573716878890991,101,162,226,228,163,195
frame_25,Rack_1,60,0,7up_med,0.5314933657646179,73,167,100,237,86,202
frame_25,Rack_1,57,0,7up_med,0.7033005952835083,46,165,73,244,59,204
frame_25,Rack_1,58,0,7up_med,0.612821638584137,23,164,46,245,34,204
frame_25,Rack_2,45,3,coke_med,0.84220290184021,566,256,596,337,581,296
frame_25,Rack_2,20,3,coke_med,0.8991053700447083,533,255,565,337,549,296
frame_25,Rack_2,22,3,coke_med,0.8797153234481812,509,256,532,338,520,297
frame_25,Rack_2,24,3,coke_med,0.9271227717399597,482,256,509,339,495,297
frame_25,Rack_2,3,3,coke_med,0.9498416185379028,456,254,482,338,469,296
frame_25,Rack_2,47,6,coke_v_med,0.7991151809692383,429,254,456,339,442,296
frame_25,Rack_2,41,6,coke_v_med,0.7893238067626953,403,256,429,339,416,297
frame_25,Rack_2,29,6,coke_v_med,0.9066076874732971,377,255,402,339,389,297
frame_25,Rack_2,26,2,anw_med,0.8823832273483276,352,254,376,339,364,296
frame_25,Rack_2,17,2,anw_med,0.8907875418663025,327,255,351,339,339,297
frame_25,Rack_2,43,2,anw_med,0.8840647339820862,303,255,327,339,315,297
frame_25,Rack_2,42,2,anw_med,0.8951502442359924,279,254,303,339,291,296
frame_25,Rack_2,46,2,anw_med,0.8425480723381042,254,255,279,339,266,297
frame_25,Rack_2,7,2,anw_med,0.8889603018760681,228,257,253,338,240,297
frame_25,Rack_2,30,15,pepsi_med,0.8637130856513977,208,259,227,337,217,298
frame_25,Rack_2,8,15,pepsi_med,0.9255310297012329,186,258,207,337,196,297
frame_25,Rack_2,2,15,pepsi_med,0.9436978697776794,161,257,184,337,172,297
frame_25,Rack_2,16,15,pepsi_med,0.8836027383804321,141,258,160,336,150,297
frame_25,Rack_2,31,15,pepsi_med,0.8685399293899536,114,258,140,336,127,297
frame_25,Rack_2,44,15,pepsi_med,0.8629758954048157,93,259,114,336,103,297
frame_25,Rack_2,55,13,kick_med,0.7293366193771362,70,260,93,335,81,297
frame_25,Rack_2,53,13,kick_med,0.8056607246398926,49,259,69,335,59,297
frame_25,Rack_2,52,13,kick_med,0.8159791231155396,24,260,49,335,36,297
frame_25,Rack_3,6,9,empty,0.9244614839553833,478,359,594,488,536,423
frame_25,Rack_3,13,7,coke_z_big,0.893613874912262,441,360,476,473,458,416
frame_25,Rack_3,1,7,coke_z_big,0.9247869253158569,404,360,440,473,422,416
frame_25,Rack_3,39,5,coke_v_big,0.8215934634208679,369,359,403,483,386,421
frame_25,Rack_3,4,5,coke_v_big,0.9114174842834473,332,358,368,483,350,420
frame_25,Rack_3,33,5,coke_v_big,0.9009721279144287,299,358,332,466,315,412
frame_25,Rack_3,18,5,coke_v_big,0.8944569230079651,265,359,298,464,281,411
frame_25,Rack_3,10,5,coke_v_big,0.9184111952781677,230,359,264,479,247,419
frame_25,Rack_3,9,14,pepsi_big,0.9187758564949036,197,355,228,480,212,417
frame_25,Rack_3,11,14,pepsi_big,0.9155696034431458,165,355,196,477,180,416
frame_25,Rack_3,54,14,pepsi_big,0.8387866616249084,133,353,163,476,148,414
frame_25,Rack_3,19,10,fanta_grape_big,0.8759045600891113,95,353,131,476,113,414
frame_25,Rack_3,51,10,fanta_grape_big,0.8245400190353394,70,353,94,472,82,412
frame_25,Rack_3,23,12,fanta_straw_big,0.9050540924072266,4,352,42,461,23,406
frame_26,Rack_1,50,1,a&w_small,0.8180531859397888,571,158,599,224,585,191
frame_26,Rack_1,35,1,a&w_small,0.8333812952041626,551,158,570,225,560,191
frame_26,Rack_1,32,1,a&w_small,0.827105700969696,528,157,551,225,539,191
frame_26,Rack_1,48,1,a&w_small,0.8145676255226135,504,159,528,226,516,192
frame_26,Rack_1,37,1,a&w_small,0.8594050407409668,481,159,503,227,492,193
frame_26,Rack_1,27,1,a&w_small,0.8530983328819275,458,158,480,227,469,192
frame_26,Rack_1,36,1,a&w_small,0.8383392095565796,436,159,457,227,446,193
frame_26,Rack_1,49,4,coke_small,0.7800513505935669,414,159,435,228,424,193
frame_26,Rack_1,34,4,coke_small,0.8402251601219177,392,162,413,228,402,195
frame_26,Rack_1,12,4,coke_small,0.8478795886039734,372,163,391,228,381,195
frame_26,Rack_1,40,4,coke_small,0.8637220859527588,352,162,372,228,362,195
frame_26,Rack_1,38,4,coke_small,0.7998713254928589,331,161,352,228,341,194
frame_26,Rack_1,5,4,coke_small,0.916610836982727,310,163,331,228,320,195
frame_26,Rack_1,21,17,sprite_small,0.8670832514762878,289,162,310,229,299,195
frame_26,Rack_1,14,17,sprite_small,0.8998581171035767,269,160,289,229,279,194
frame_26,Rack_1,25,17,sprite_small,0.8735713958740234,251,160,269,229,260,194
frame_26,Rack_1,15,17,sprite_small,0.8929976224899292,230,160,251,228,240,194
frame_26,Rack_1,28,9,empty,0.85059654712677,101,162,226,228,163,195
frame_26,Rack_1,57,0,7up_med,0.5536490678787231,46,165,73,244,59,204
frame_26,Rack_2,45,3,coke_med,0.8551726937294006,565,254,597,337,581,295
frame_26,Rack_2,20,3,coke_med,0.906729519367218,533,253,565,337,549,295
frame_26,Rack_2,22,3,coke_med,0.8931472897529602,509,254,532,338,520,296
frame_26,Rack_2,24,3,coke_med,0.9182472229003906,482,255,509,338,495,296
frame_26,Rack_2,3,3,coke_med,0.9440311789512634,456,253,482,338,469,295
frame_26,Rack_2,47,6,coke_v_med,0.7883799076080322,430,253,456,338,443,295
frame_26,Rack_2,41,6,coke_v_med,0.7561443448066711,403,254,429,339,416,296
frame_26,Rack_2,29,6,coke_v_med,0.9000484347343445,377,254,403,339,390,296
frame_26,Rack_2,26,2,anw_med,0.8744788765907288,352,253,377,339,364,296
frame_26,Rack_2,17,2,anw_med,0.8818003535270691,327,254,352,339,339,296
frame_26,Rack_2,43,2,anw_med,0.8935492038726807,303,254,327,339,315,296
frame_26,Rack_2,42,2,anw_med,0.8904182314872742,279,253,303,339,291,296
frame_26,Rack_2,46,2,anw_med,0.8532498478889465,254,253,279,339,266,296
frame_26,Rack_2,7,2,anw_med,0.8955627083778381,228,255,253,338,240,296
frame_26,Rack_2,30,15,pepsi_med,0.8295901417732239,208,259,227,337,217,298
frame_26,Rack_2,8,15,pepsi_med,0.9231290817260742,186,258,208,337,197,297
frame_26,Rack_2,2,15,pepsi_med,0.9406111240386963,161,257,185,337,173,297
frame_26,Rack_2,16,15,pepsi_med,0.8870137333869934,141,258,160,336,150,297
frame_26,Rack_2,31,15,pepsi_med,0.8609872460365295,115,260,140,336,127,298
frame_26,Rack_2,44,15,pepsi_med,0.8697782158851624,94,259,114,336,104,297
frame_26,Rack_2,55,13,kick_med,0.711201548576355,70,260,93,335,81,297
frame_26,Rack_2,53,13,kick_med,0.7881800532341003,49,259,69,335,59,297
frame_26,Rack_2,52,13,kick_med,0.7965312004089355,24,259,49,335,36,297
frame_26,Rack_2,56,13,kick_med,0.5204294323921204,2,259,24,335,13,297
frame_26,Rack_3,6,9,empty,0.9253127574920654,478,359,593,487,535,423
frame_26,Rack_3,13,7,coke_z_big,0.897901713848114,441,360,476,473,458,416
frame_26,Rack_3,1,7,coke_z_big,0.9287338256835938,404,360,440,473,422,416
frame_26,Rack_3,39,5,coke_v_big,0.8250978589057922,369,359,403,482,386,420
frame_26,Rack_3,4,5,coke_v_big,0.9056663513183594,333,358,368,483,350,420
frame_26,Rack_3,33,5,coke_v_big,0.8961470723152161,300,358,332,466,316,412
frame_26,Rack_3,18,5,coke_v_big,0.8888218998908997,265,359,299,465,282,412
frame_26,Rack_3,10,5,coke_v_big,0.9188401103019714,230,359,264,479,247,419
frame_26,Rack_3,9,14,pepsi_big,0.915242075920105,197,355,228,480,212,417
frame_26,Rack_3,11,14,pepsi_big,0.9150689244270325,165,355,196,477,180,416
frame_26,Rack_3,54,14,pepsi_big,0.8374492526054382,133,353,164,476,148,414
frame_26,Rack_3,19,10,fanta_grape_big,0.8809412717819214,95,353,132,476,113,414
frame_26,Rack_3,51,10,fanta_grape_big,0.8068667650222778,70,352,94,472,82,412
frame_26,Rack_3,23,12,fanta_straw_big,0.8836486339569092,4,352,43,461,23,406
frame_27,Rack_1,50,1,a&w_small,0.8119093179702759,572,158,599,224,585,191
frame_27,Rack_1,35,1,a&w_small,0.8305370211601257,551,158,571,225,561,191
frame_27,Rack_1,32,1,a&w_small,0.8202172517776489,529,158,551,225,540,191
frame_27,Rack_1,48,1,a&w_small,0.8219903707504272,504,159,528,226,516,192
frame_27,Rack_1,37,1,a&w_small,0.8680045008659363,481,159,503,227,492,193
frame_27,Rack_1,27,1,a&w_small,0.8475213050842285,458,158,480,227,469,192
frame_27,Rack_1,36,1,a&w_small,0.8353383541107178,436,159,457,227,446,193
frame_27,Rack_1,49,4,coke_small,0.7872284054756165,414,160,436,228,425,194
frame_27,Rack_1,34,4,coke_small,0.8379377126693726,392,162,414,228,403,195
frame_27,Rack_1,12,4,coke_small,0.8472306132316589,372,163,391,228,381,195
frame_27,Rack_1,40,4,coke_small,0.8590012192726135,352,162,372,228,362,195
frame_27,Rack_1,38,4,coke_small,0.800416886806488,331,161,352,228,341,194
frame_27,Rack_1,5,4,coke_small,0.9122039079666138,310,163,331,228,320,195
frame_27,Rack_1,21,17,sprite_small,0.8639965057373047,289,162,310,229,299,195
frame_27,Rack_1,14,17,sprite_small,0.897834300994873,269,160,289,229,279,194
frame_27,Rack_1,25,17,sprite_small,0.8654916286468506,251,160,269,229,260,194
frame_27,Rack_1,15,17,sprite_small,0.8993674516677856,230,160,251,228,240,194
frame_27,Rack_1,28,9,empty,0.8494184613227844,101,162,226,228,163,195
frame_27,Rack_1,60,0,7up_med,0.5393062233924866,73,167,100,236,86,201
frame_27,Rack_1,57,0,7up_med,0.709762692451477,46,164,73,244,59,204
frame_27,Rack_1,58,0,7up_med,0.600389301776886,23,162,46,245,34,203
frame_27,Rack_2,45,3,coke_med,0.8953660130500793,566,255,597,337,581,296
frame_27,Rack_2,20,3,coke_med,0.9056682586669922,533,254,565,337,549,295
frame_27,Rack_2,22,3,coke_med,0.8859164118766785,509,254,532,338,520,296
frame_27,Rack_2,24,3,coke_med,0.9226614236831665,482,256,509,338,495,297
frame_27,Rack_2,3,3,coke_med,0.9471924304962158,456,254,482,338,469,296
frame_27,Rack_2,47,6,coke_v_med,0.7049573659896851,430,254,456,338,443,296
frame_27,Rack_2,41,6,coke_v_med,0.6949257850646973,404,255,429,339,416,297
frame_27,Rack_2,29,6,coke_v_med,0.8858436346054077,377,255,403,339,390,297
frame_27,Rack_2,26,2,anw_med,0.8696692585945129,352,254,377,338,364,296
frame_27,Rack_2,17,2,anw_med,0.8841832280158997,328,254,352,338,340,296
frame_27,Rack_2,43,2,anw_med,0.8786471486091614,303,254,327,339,315,296
frame_27,Rack_2,42,2,anw_med,0.8808563351631165,280,254,303,339,291,296
frame_27,Rack_2,46,2,anw_med,0.8357879519462585,254,254,279,339,266,296
frame_27,Rack_2,7,2,anw_med,0.8767580389976501,228,256,253,338,240,297
frame_27,Rack_2,30,15,pepsi_med,0.814824640750885,208,258,227,336,217,297
frame_27,Rack_2,8,15,pepsi_med,0.9195167422294617,186,258,208,337,197,297
frame_27,Rack_2,2,15,pepsi_med,0.9393618106842041,161,257,185,337,173,297
frame_27,Rack_2,16,15,pepsi_med,0.8837034702301025,141,258,160,336,150,297
frame_27,Rack_2,31,15,pepsi_med,0.862678050994873,115,260,140,336,127,298
frame_27,Rack_2,44,15,pepsi_med,0.8609450459480286,94,259,114,336,104,297
frame_27,Rack_2,55,13,kick_med,0.6821390986442566,70,260,93,335,81,297
frame_27,Rack_2,53,13,kick_med,0.7225608825683594,49,259,69,335,59,297
frame_27,Rack_2,52,13,kick_med,0.7248615622520447,24,259,49,335,36,297
frame_27,Rack_3,6,9,empty,0.9241258502006531,478,359,592,486,535,422
frame_27,Rack_3,13,7,coke_z_big,0.9005890488624573,441,360,477,473,459,416
frame_27,Rack_3,1,7,coke_z_big,0.9292151927947998,404,360,440,473,422,416
frame_27,Rack_3,39,5,coke_v_big,0.8437113761901855,369,359,403,482,386,420
frame_27,Rack_3,4,5,coke_v_big,0.9024827480316162,333,358,368,482,350,420
frame_27,Rack_3,33,5,coke_v_big,0.8895199298858643,300,358,332,466,316,412
frame_27,Rack_3,18,5,coke_v_big,0.8882755637168884,265,358,299,465,282,411
frame_27,Rack_3,10,5,coke_v_big,0.9174063801765442,230,359,264,479,247,419
frame_27,Rack_3,9,14,pepsi_big,0.914410412311554,197,355,228,480,212,417
frame_27,Rack_3,11,14,pepsi_big,0.9118214845657349,165,354,196,476,180,415
frame_27,Rack_3,54,14,pepsi_big,0.8905905485153198,133,354,164,476,148,415
frame_27,Rack_3,19,10,fanta_grape_big,0.8882202506065369,95,353,132,476,113,414
frame_27,Rack_3,51,10,fanta_grape_big,0.8340650796890259,70,353,94,472,82,412
frame_27,Rack_3,59,10,fanta_grape_big,0.6447879672050476,43,352,69,469,56,410
frame_27,Rack_3,23,12,fanta_straw_big,0.8211408853530884,4,353,44,462,24,407
frame_28,Rack_1,50,1,a&w_small,0.8202950358390808,572,157,599,224,585,190
frame_28,Rack_1,35,1,a&w_small,0.8265228271484375,551,157,571,224,561,190
frame_28,Rack_1,32,1,a&w_small,0.8174429535865784,529,156,551,225,540,190
frame_28,Rack_1,48,1,a&w_small,0.8570641279220581,504,157,528,226,516,191
frame_28,Rack_1,37,1,a&w_small,0.8561396598815918,481,157,504,227,492,192
frame_28,Rack_1,27,1,a&w_small,0.8368236422538757,458,157,480,227,469,192
frame_28,Rack_1,36,1,a&w_small,0.828776478767395,436,159,457,227,446,193
frame_28,Rack_1,49,4,coke_small,0.8048725128173828,414,159,436,228,425,193
frame_28,Rack_1,34,4,coke_small,0.8382245898246765,392,162,414,228,403,195
frame_28,Rack_1,12,4,coke_small,0.8392118215560913,372,163,391,228,381,195
frame_28,Rack_1,40,4,coke_small,0.8281674385070801,352,161,372,228,362,194
frame_28,Rack_1,38,4,coke_small,0.7945041060447693,331,161,352,228,341,194
frame_28,Rack_1,5,4,coke_small,0.9189257025718689,310,162,331,228,320,195
frame_28,Rack_1,21,17,sprite_small,0.8853068947792053,289,160,310,228,299,194
frame_28,Rack_1,14,17,sprite_small,0.8851136565208435,269,159,289,229,279,194
frame_28,Rack_1,25,17,sprite_small,0.8510856032371521,251,160,269,229,260,194
frame_28,Rack_1,15,17,sprite_small,0.8940349817276001,230,159,251,228,240,193
frame_28,Rack_1,28,9,empty,0.8559302091598511,101,162,226,228,163,195
frame_28,Rack_2,45,3,coke_med,0.8963797092437744,566,255,596,337,581,296
frame_28,Rack_2,20,3,coke_med,0.8988053798675537,533,255,565,337,549,296
frame_28,Rack_2,22,3,coke_med,0.8789094686508179,509,255,532,338,520,296
frame_28,Rack_2,24,3,coke_med,0.9199063181877136,483,256,509,338,496,297
frame_28,Rack_2,3,3,coke_med,0.9498854279518127,456,254,482,338,469,296
frame_28,Rack_2,47,6,coke_v_med,0.6955879330635071,430,255,456,338,443,296
frame_28,Rack_2,61,3,coke_med,0.5335230231285095,430,256,456,339,443,297
frame_28,Rack_2,41,6,coke_v_med,0.677090048789978,404,255,429,338,416,296
frame_28,Rack_2,29,6,coke_v_med,0.8892998695373535,377,255,403,338,390,296
frame_28,Rack_2,26,2,anw_med,0.8721876740455627,352,254,377,338,364,296
frame_28,Rack_2,17,2,anw_med,0.8891664743423462,328,254,352,338,340,296
frame_28,Rack_2,43,2,anw_med,0.8832504749298096,303,254,327,338,315,296
frame_28,Rack_2,42,2,anw_med,0.8880130052566528,280,254,303,339,291,296
frame_28,Rack_2,46,2,anw_med,0.8470661044120789,255,255,279,338,267,296
frame_28,Rack_2,7,2,anw_med,0.8698663115501404,228,257,253,338,240,297
frame_28,Rack_2,30,15,pepsi_med,0.8097506761550903,208,258,227,335,217,296
frame_28,Rack_2,8,15,pepsi_med,0.9180298447608948,186,258,208,336,197,297
frame_28,Rack_2,2,15,pepsi_med,0.939509391784668,161,257,185,337,173,297
frame_28,Rack_2,16,15,pepsi_med,0.8847068548202515,141,258,160,336,150,297
frame_28,Rack_2,31,15,pepsi_med,0.8627870082855225,115,260,140,336,127,298
frame_28,Rack_2,44,15,pepsi_med,0.8584573268890381,94,259,114,336,104,297
frame_28,Rack_2,55,13,kick_med,0.6880256533622742,70,260,93,335,81,297
frame_28,Rack_2,53,13,kick_med,0.7287085056304932,49,259,69,334,59,296
frame_28,Rack_2,52,13,kick_med,0.7102745771408081,24,259,49,335,36,297
frame_28,Rack_3,6,9,empty,0.9213680028915405,478,359,591,486,534,422
frame_28,Rack_3,13,7,coke_z_big,0.9019615054130554,441,360,477,473,459,416
frame_28,Rack_3,1,7,coke_z_big,0.9303165674209595,404,360,440,473,422,416
frame_28,Rack_3,39,5,coke_v_big,0.837576150894165,369,359,403,482,386,420
frame_28,Rack_3,4,5,coke_v_big,0.9014275074005127,333,357,368,482,350,419
frame_28,Rack_3,33,5,coke_v_big,0.8865494728088379,300,357,332,467,316,412
frame_28,Rack_3,18,5,coke_v_big,0.8932446837425232,265,358,299,465,282,411
frame_28,Rack_3,10,5,coke_v_big,0.9154139161109924,230,359,264,479,247,419
frame_28,Rack_3,9,14,pepsi_big,0.9120845198631287,197,355,229,480,213,417
frame_28,Rack_3,11,14,pepsi_big,0.9090277552604675,165,354,196,477,180,415
frame_28,Rack_3,54,14,pepsi_big,0.8809419870376587,133,353,164,476,148,414
frame_28,Rack_3,19,10,fanta_grape_big,0.8918898105621338,95,353,132,476,113,414
frame_28,Rack_3,51,10,fanta_grape_big,0.8204212784767151,70,353,94,472,82,412
frame_28,Rack_3,59,10,fanta_grape_big,0.6306924819946289,43,352,70,469,56,410
frame_28,Rack_3,23,12,fanta_straw_big,0.8276399970054626,4,353,43,462,23,407
frame_29,Rack_1,50,1,a&w_small,0.8171966671943665,572,158,599,224,585,191
frame_29,Rack_1,35,1,a&w_small,0.8233649134635925,551,158,571,224,561,191
frame_29,Rack_1,32,1,a&w_small,0.8034016489982605,529,157,551,225,540,191
frame_29,Rack_1,48,1,a&w_small,0.8204964399337769,504,158,528,226,516,192
frame_29,Rack_1,37,1,a&w_small,0.8663452863693237,481,158,504,227,492,192
frame_29,Rack_1,27,1,a&w_small,0.8384241461753845,458,158,480,227,469,192
frame_29,Rack_1,36,1,a&w_small,0.8362515568733215,436,159,457,227,446,193
frame_29,Rack_1,49,4,coke_small,0.7791333794593811,415,159,436,228,425,193
frame_29,Rack_1,34,4,coke_small,0.8344470858573914,392,162,414,228,403,195
frame_29,Rack_1,12,4,coke_small,0.8365766406059265,372,163,392,228,382,195
frame_29,Rack_1,40,4,coke_small,0.8622896671295166,352,161,372,228,362,194
frame_29,Rack_1,38,4,coke_small,0.7959353923797607,331,161,352,228,341,194
frame_29,Rack_1,5,4,coke_small,0.9120029807090759,310,162,331,228,320,195
frame_29,Rack_1,21,17,sprite_small,0.8613948225975037,289,161,310,228,299,194
frame_29,Rack_1,14,17,sprite_small,0.8962180614471436,270,159,289,229,279,194
frame_29,Rack_1,25,17,sprite_small,0.8606031537055969,251,160,269,229,260,194
frame_29,Rack_1,15,17,sprite_small,0.9034945368766785,230,160,251,228,240,194
frame_29,Rack_1,28,9,empty,0.8536105155944824,101,162,226,228,163,195
frame_29,Rack_1,60,0,7up_med,0.5728429555892944,74,167,100,233,87,200
frame_29,Rack_1,57,0,7up_med,0.7243729829788208,46,164,72,242,59,203
frame_29,Rack_1,58,0,7up_med,0.6026125550270081,23,163,46,244,34,203
frame_29,Rack_2,45,3,coke_med,0.890394926071167,566,255,596,337,581,296
frame_29,Rack_2,20,3,coke_med,0.9018328189849854,533,255,565,337,549,296
frame_29,Rack_2,22,3,coke_med,0.8803561329841614,510,255,532,338,521,296
frame_29,Rack_2,24,3,coke_med,0.9219786524772644,483,256,509,338,496,297
frame_29,Rack_2,3,3,coke_med,0.9499243497848511,457,254,483,338,470,296
frame_29,Rack_2,47,6,coke_v_med,0.6881259083747864,430,255,456,338,443,296
frame_29,Rack_2,61,3,coke_med,0.5510391592979431,430,256,456,339,443,297
frame_29,Rack_2,41,6,coke_v_med,0.704624593257904,404,256,429,338,416,297
frame_29,Rack_2,29,6,coke_v_med,0.897575318813324,377,255,403,338,390,296
frame_29,Rack_2,26,2,anw_med,0.8697984218597412,352,254,377,338,364,296
frame_29,Rack_2,17,2,anw_med,0.8909792304039001,328,254,352,338,340,296
frame_29,Rack_2,43,2,anw_med,0.8782127499580383,303,255,327,338,315,296
frame_29,Rack_2,42,2,anw_med,0.8918118476867676,280,254,303,339,291,296
frame_29,Rack_2,46,2,anw_med,0.8602392673492432,255,255,279,338,267,296
frame_29,Rack_2,7,2,anw_med,0.8748829960823059,229,257,254,338,241,297
frame_29,Rack_2,30,15,pepsi_med,0.8034030199050903,209,258,227,335,218,296
frame_29,Rack_2,8,15,pepsi_med,0.9161273241043091,186,258,208,336,197,297
frame_29,Rack_2,2,15,pepsi_med,0.937999963760376,161,257,185,337,173,297
frame_29,Rack_2,16,15,pepsi_med,0.8894898295402527,141,258,160,336,150,297
frame_29,Rack_2,31,15,pepsi_med,0.8593029379844666,115,260,140,336,127,298
frame_29,Rack_2,44,15,pepsi_med,0.8621488809585571,94,258,114,334,104,296
frame_29,Rack_2,55,13,kick_med,0.7161755561828613,70,260,93,335,81,297
frame_29,Rack_2,53,13,kick_med,0.739563524723053,49,259,69,334,59,296
frame_29,Rack_2,52,13,kick_med,0.7298501133918762,24,259,49,335,36,297
frame_29,Rack_3,6,9,empty,0.9225017428398132,478,358,591,486,534,422
frame_29,Rack_3,13,7,coke_z_big,0.9015781879425049,441,360,477,473,459,416
frame_29,Rack_3,1,7,coke_z_big,0.9306459426879883,404,360,440,473,422,416
frame_29,Rack_3,39,5,coke_v_big,0.8380707502365112,369,359,403,482,386,420
frame_29,Rack_3,4,5,coke_v_big,0.9001765251159668,333,357,368,482,350,419
frame_29,Rack_3,33,5,coke_v_big,0.8856894373893738,300,357,332,467,316,412
frame_29,Rack_3,18,5,coke_v_big,0.9022618532180786,265,358,299,466,282,412
frame_29,Rack_3,10,5,coke_v_big,0.9142823219299316,230,359,264,479,247,419
frame_29,Rack_3,9,14,pepsi_big,0.9117975831031799,197,355,229,480,213,417
frame_29,Rack_3,11,14,pepsi_big,0.9161548614501953,165,354,196,476,180,415
frame_29,Rack_3,54,14,pepsi_big,0.8655441403388977,133,354,164,476,148,415
frame_29,Rack_3,19,10,fanta_grape_big,0.9001908898353577,95,353,132,476,113,414
frame_29,Rack_3,51,10,fanta_grape_big,0.8407817482948303,70,353,94,472,82,412
frame_29,Rack_3,59,10,fanta_grape_big,0.5803301930427551,43,352,69,469,56,410
frame_29,Rack_3,23,12,fanta_straw_big,0.8519204258918762,4,353,43,462,23,407
frame_30,Rack_1,50,1,a&w_small,0.8354752659797668,572,157,599,224,585,190
frame_30,Rack_1,35,1,a&w_small,0.8184784650802612,551,157,571,224,561,190
frame_30,Rack_1,32,1,a&w_small,0.8165405988693237,529,156,551,225,540,190
frame_30,Rack_1,48,1,a&w_small,0.8486942648887634,504,157,529,226,516,191
frame_30,Rack_1,37,1,a&w_small,0.8671303987503052,481,157,504,226,492,191
frame_30,Rack_1,27,1,a&w_small,0.8262017369270325,458,157,481,227,469,192
frame_30,Rack_1,36,1,a&w_small,0.8338086605072021,436,159,458,227,447,193
frame_30,Rack_1,49,4,coke_small,0.7919435501098633,415,159,436,228,425,193
frame_30,Rack_1,34,4,coke_small,0.8351126313209534,392,162,414,228,403,195
frame_30,Rack_1,12,4,coke_small,0.8227614164352417,373,163,392,228,382,195
frame_30,Rack_1,40,4,coke_small,0.8392448425292969,352,161,372,228,362,194
frame_30,Rack_1,38,4,coke_small,0.7975388169288635,331,160,352,228,341,194
frame_30,Rack_1,5,4,coke_small,0.924724817276001,311,162,331,228,321,195
frame_30,Rack_1,21,17,sprite_small,0.8726174831390381,289,160,310,228,299,194
frame_30,Rack_1,14,17,sprite_small,0.8961713314056396,269,159,289,229,279,194
frame_30,Rack_1,25,17,sprite_small,0.8631933331489563,251,160,269,229,260,194
frame_30,Rack_1,15,17,sprite_small,0.8949062824249268,230,159,251,228,240,193
frame_30,Rack_1,28,9,empty,0.8591500520706177,101,162,226,228,163,195
frame_30,Rack_2,45,3,coke_med,0.8560978770256042,566,254,597,337,581,295
frame_30,Rack_2,20,3,coke_med,0.9180182218551636,533,253,566,337,549,295
frame_30,Rack_2,22,3,coke_med,0.8983111381530762,509,253,533,338,521,295
frame_30,Rack_2,24,3,coke_med,0.9105628132820129,483,255,509,338,496,296
frame_30,Rack_2,3,3,coke_med,0.9406774640083313,457,253,483,338,470,295
frame_30,Rack_2,47,6,coke_v_med,0.7002488374710083,430,253,456,338,443,295
frame_30,Rack_2,61,3,coke_med,0.569085955619812,430,254,456,339,443,296
frame_30,Rack_2,41,6,coke_v_med,0.6651924848556519,404,254,429,338,416,296
frame_30,Rack_2,29,6,coke_v_med,0.8963711857795715,377,254,403,338,390,296
frame_30,Rack_2,26,2,anw_med,0.8634936809539795,352,253,377,338,364,295
frame_30,Rack_2,17,2,anw_med,0.890059769153595,328,253,352,338,340,295
frame_30,Rack_2,43,2,anw_med,0.8880200982093811,303,254,328,338,315,296
frame_30,Rack_2,42,2,anw_med,0.8961806297302246,280,253,303,339,291,296
frame_30,Rack_2,46,2,anw_med,0.8790532350540161,255,253,279,338,267,295
frame_30,Rack_2,7,2,anw_med,0.8815891146659851,229,255,254,338,241,296
frame_30,Rack_2,30,15,pepsi_med,0.8159533739089966,208,257,227,335,217,296
frame_30,Rack_2,8,15,pepsi_med,0.9191879034042358,186,257,208,335,197,296
frame_30,Rack_2,2,15,pepsi_med,0.9348431825637817,161,257,185,336,173,296
frame_30,Rack_2,16,15,pepsi_med,0.8873550295829773,141,258,160,336,150,297
frame_30,Rack_2,31,15,pepsi_med,0.8612245917320251,115,260,140,336,127,298
frame_30,Rack_2,44,15,pepsi_med,0.8629125952720642,94,258,114,333,104,295
frame_30,Rack_2,55,13,kick_med,0.677410900592804,70,259,93,335,81,297
frame_30,Rack_2,53,13,kick_med,0.6875550150871277,49,259,69,334,59,296
frame_30,Rack_2,52,13,kick_med,0.6860731244087219,24,259,49,335,36,297
frame_30,Rack_3,6,9,empty,0.923815906047821,478,358,591,487,534,422
frame_30,Rack_3,13,7,coke_z_big,0.9019261002540588,441,360,477,473,459,416
frame_30,Rack_3,1,7,coke_z_big,0.9331337213516235,404,360,440,473,422,416
frame_30,Rack_3,39,5,coke_v_big,0.8428215384483337,369,359,403,482,386,420
frame_30,Rack_3,4,5,coke_v_big,0.9043856263160706,333,357,368,482,350,419
frame_30,Rack_3,33,5,coke_v_big,0.8775038719177246,300,357,333,467,316,412
frame_30,Rack_3,18,5,coke_v_big,0.8998497128486633,265,358,299,466,282,412
frame_30,Rack_3,10,5,coke_v_big,0.9175565838813782,230,359,264,478,247,418
frame_30,Rack_3,9,14,pepsi_big,0.9134488105773926,197,355,229,480,213,417
frame_30,Rack_3,11,14,pepsi_big,0.906955361366272,165,354,196,476,180,415
frame_30,Rack_3,54,14,pepsi_big,0.871559739112854,133,354,164,476,148,415
frame_30,Rack_3,19,10,fanta_grape_big,0.887787401676178,95,353,132,476,113,414
frame_30,Rack_3,51,10,fanta_grape_big,0.8245730400085449,70,353,94,472,82,412
frame_30,Rack_3,23,12,fanta_straw_big,0.8694642186164856,4,353,43,462,23,407
frame_31,Rack_1,50,1,a&w_small,0.8135054707527161,572,157,600,224,586,190
frame_31,Rack_1,35,1,a&w_small,0.8309797048568726,551,156,571,224,561,190
frame_31,Rack_1,32,1,a&w_small,0.8300632834434509,529,155,551,225,540,190
frame_31,Rack_1,48,1,a&w_small,0.8351723551750183,504,156,529,225,516,190
frame_31,Rack_1,37,1,a&w_small,0.8715856075286865,481,156,504,226,492,191
frame_31,Rack_1,27,1,a&w_small,0.8314083814620972,458,156,481,227,469,191
frame_31,Rack_1,36,1,a&w_small,0.870983898639679,436,157,458,227,447,192
frame_31,Rack_1,49,4,coke_small,0.8249723315238953,415,159,436,228,425,193
frame_31,Rack_1,34,4,coke_small,0.8362253308296204,392,161,414,228,403,194
frame_31,Rack_1,12,4,coke_small,0.8180652260780334,373,162,392,228,382,195
frame_31,Rack_1,40,4,coke_small,0.8474898338317871,352,161,372,228,362,194
frame_31,Rack_1,38,4,coke_small,0.8279792666435242,331,160,352,228,341,194
frame_31,Rack_1,5,4,coke_small,0.9328851699829102,311,162,331,228,321,195
frame_31,Rack_1,21,17,sprite_small,0.9004971385002136,290,161,310,228,300,194
frame_31,Rack_1,14,17,sprite_small,0.9049830436706543,269,159,289,229,279,194
frame_31,Rack_1,25,17,sprite_small,0.8744894862174988,251,160,269,229,260,194
frame_31,Rack_1,15,17,sprite_small,0.9042658805847168,230,159,251,228,240,193
frame_31,Rack_1,28,9,empty,0.8636559247970581,101,162,226,228,163,195
frame_31,Rack_2,45,3,coke_med,0.8245962858200073,566,254,597,336,581,295
frame_31,Rack_2,20,3,coke_med,0.9003034234046936,533,252,566,337,549,294
frame_31,Rack_2,22,3,coke_med,0.8988001942634583,510,253,533,337,521,295
frame_31,Rack_2,24,3,coke_med,0.9076502323150635,483,254,509,338,496,296
frame_31,Rack_2,3,3,coke_med,0.9395169019699097,456,253,483,338,469,295
frame_31,Rack_2,47,6,coke_v_med,0.7629142999649048,430,253,456,338,443,295
frame_31,Rack_2,41,6,coke_v_med,0.7671937346458435,404,253,430,338,417,295
frame_31,Rack_2,29,6,coke_v_med,0.9068823456764221,377,253,403,338,390,295
frame_31,Rack_2,26,2,anw_med,0.8791942596435547,352,253,377,338,364,295
frame_31,Rack_2,17,2,anw_med,0.886986494064331,328,253,352,338,340,295
frame_31,Rack_2,43,2,anw_med,0.8872949481010437,303,253,328,338,315,295
frame_31,Rack_2,42,2,anw_med,0.8923733234405518,280,253,303,338,291,295
frame_31,Rack_2,46,2,anw_med,0.8810721039772034,255,253,279,338,267,295
frame_31,Rack_2,7,2,anw_med,0.8970697522163391,228,255,254,337,241,296
frame_31,Rack_2,30,15,pepsi_med,0.8234986662864685,208,258,227,336,217,297
frame_31,Rack_2,8,15,pepsi_med,0.9122304916381836,186,256,208,335,197,295
frame_31,Rack_2,2,15,pepsi_med,0.9298020601272583,161,257,185,336,173,296
frame_31,Rack_2,16,15,pepsi_med,0.8919548392295837,141,258,160,336,150,297
frame_31,Rack_2,31,15,pepsi_med,0.8600550293922424,115,259,140,336,127,297
frame_31,Rack_2,44,15,pepsi_med,0.8578943610191345,94,258,114,334,104,296
frame_31,Rack_2,55,13,kick_med,0.6872209310531616,70,259,93,334,81,296
frame_31,Rack_2,53,13,kick_med,0.7206212282180786,49,258,69,334,59,296
frame_31,Rack_2,52,13,kick_med,0.7312124967575073,24,259,49,334,36,296
frame_31,Rack_3,6,9,empty,0.9162922501564026,479,359,591,486,535,422
frame_31,Rack_3,13,7,coke_z_big,0.9065226316452026,441,360,477,473,459,416
frame_31,Rack_3,1,7,coke_z_big,0.9387438893318176,405,359,440,472,422,415
frame_31,Rack_3,39,5,coke_v_big,0.8365007042884827,369,359,403,481,386,420
frame_31,Rack_3,4,5,coke_v_big,0.9144439697265625,333,357,368,482,350,419
frame_31,Rack_3,33,5,coke_v_big,0.8728796243667603,300,358,332,467,316,412
frame_31,Rack_3,18,5,coke_v_big,0.8829710483551025,265,358,299,465,282,411
frame_31,Rack_3,10,5,coke_v_big,0.924203097820282,230,359,264,478,247,418
frame_31,Rack_3,9,14,pepsi_big,0.9112683534622192,197,354,229,479,213,416
frame_31,Rack_3,11,14,pepsi_big,0.9140791893005371,165,354,196,476,180,415
frame_31,Rack_3,54,14,pepsi_big,0.7958865761756897,133,353,164,476,148,414
frame_31,Rack_3,19,10,fanta_grape_big,0.8707977533340454,95,353,132,476,113,414
frame_31,Rack_3,51,10,fanta_grape_big,0.7058301568031311,70,353,94,471,82,412
frame_31,Rack_3,23,12,fanta_straw_big,0.7213078141212463,4,352,43,461,23,406
frame_32,Rack_1,50,1,a&w_small,0.7835429906845093,572,157,600,224,586,190
frame_32,Rack_1,35,1,a&w_small,0.8229882121086121,551,156,572,224,561,190
frame_32,Rack_1,32,1,a&w_small,0.818300187587738,529,155,551,225,540,190
frame_32,Rack_1,48,1,a&w_small,0.8158614039421082,504,156,529,225,516,190
frame_32,Rack_1,37,1,a&w_small,0.8583385348320007,482,156,504,226,493,191
frame_32,Rack_1,27,1,a&w_small,0.8172204494476318,458,156,481,227,469,191
frame_32,Rack_1,36,1,a&w_small,0.8673450350761414,436,157,458,227,447,192
frame_32,Rack_1,49,4,coke_small,0.8030340075492859,415,159,436,228,425,193
frame_32,Rack_1,34,4,coke_small,0.8223409056663513,392,161,414,228,403,194
frame_32,Rack_1,12,4,coke_small,0.8121404647827148,373,162,392,228,382,195
frame_32,Rack_1,40,4,coke_small,0.8496582508087158,352,160,373,228,362,194
frame_32,Rack_1,38,4,coke_small,0.8271627426147461,331,159,352,228,341,193
frame_32,Rack_1,5,4,coke_small,0.9336423277854919,311,162,331,228,321,195
frame_32,Rack_1,21,17,sprite_small,0.9030160307884216,290,161,310,228,300,194
frame_32,Rack_1,14,17,sprite_small,0.9079660177230835,269,159,289,229,279,194
frame_32,Rack_1,25,17,sprite_small,0.8786512017250061,251,160,269,229,260,194
frame_32,Rack_1,15,17,sprite_small,0.9105735421180725,230,159,251,228,240,193
frame_32,Rack_1,28,9,empty,0.8603097796440125,101,162,226,228,163,195
frame_32,Rack_2,45,3,coke_med,0.8655668497085571,566,253,597,336,581,294
frame_32,Rack_2,20,3,coke_med,0.9083037972450256,533,252,566,336,549,294
frame_32,Rack_2,22,3,coke_med,0.8984770774841309,510,252,533,337,521,294
frame_32,Rack_2,24,3,coke_med,0.9083900451660156,483,254,510,338,496,296
frame_32,Rack_2,3,3,coke_med,0.9416280388832092,456,253,483,338,469,295
frame_32,Rack_2,47,6,coke_v_med,0.7819826602935791,430,252,456,338,443,295
frame_32,Rack_2,41,6,coke_v_med,0.7728670239448547,404,252,430,338,417,295
frame_32,Rack_2,29,6,coke_v_med,0.8631936311721802,377,252,403,338,390,295
frame_32,Rack_2,26,2,anw_med,0.8864971399307251,352,252,377,338,364,295
frame_32,Rack_2,17,2,anw_med,0.898354709148407,328,252,352,338,340,295
frame_32,Rack_2,43,2,anw_med,0.8953530788421631,303,252,328,338,315,295
frame_32,Rack_2,42,2,anw_med,0.8965476155281067,280,252,303,338,291,295
frame_32,Rack_2,46,2,anw_med,0.890308141708374,254,253,279,338,266,295
frame_32,Rack_2,7,2,anw_med,0.9070389270782471,228,255,254,337,241,296
frame_32,Rack_2,30,15,pepsi_med,0.8172696232795715,208,259,227,336,217,297
frame_32,Rack_2,8,15,pepsi_med,0.9151620864868164,186,257,208,336,197,296
frame_32,Rack_2,2,15,pepsi_med,0.928145706653595,161,257,185,336,173,296
frame_32,Rack_2,16,15,pepsi_med,0.8810796737670898,141,258,160,336,150,297
frame_32,Rack_2,31,15,pepsi_med,0.8571523427963257,115,259,140,336,127,297
frame_32,Rack_2,44,15,pepsi_med,0.861123263835907,93,259,114,335,103,297
frame_32,Rack_2,55,13,kick_med,0.687780499458313,70,259,93,334,81,296
frame_32,Rack_2,53,13,kick_med,0.736253559589386,49,258,69,334,59,296
frame_32,Rack_2,52,13,kick_med,0.7467972040176392,24,259,49,334,36,296
frame_32,Rack_3,6,9,empty,0.9237402677536011,479,359,592,487,535,423
frame_32,Rack_3,13,7,coke_z_big,0.9079286456108093,442,360,477,473,459,416
frame_32,Rack_3,1,7,coke_z_big,0.9345004558563232,405,359,441,472,423,415
frame_32,Rack_3,39,5,coke_v_big,0.8399800062179565,369,359,403,481,386,420
frame_32,Rack_3,4,5,coke_v_big,0.9145998954772949,333,357,369,482,351,419
frame_32,Rack_3,33,5,coke_v_big,0.8731285929679871,300,358,332,467,316,412
frame_32,Rack_3,18,5,coke_v_big,0.8899928331375122,265,358,299,465,282,411
frame_32,Rack_3,10,5,coke_v_big,0.9212856292724609,230,359,264,478,247,418
frame_32,Rack_3,9,14,pepsi_big,0.9108520150184631,197,354,229,479,213,416
frame_32,Rack_3,11,14,pepsi_big,0.9190472960472107,165,354,196,476,180,415
frame_32,Rack_3,54,14,pepsi_big,0.729827344417572,133,353,164,476,148,414
frame_32,Rack_3,19,10,fanta_grape_big,0.8663312196731567,95,353,132,476,113,414
frame_32,Rack_3,51,10,fanta_grape_big,0.7401105165481567,70,353,94,472,82,412
frame_32,Rack_3,59,10,fanta_grape_big,0.5381892323493958,43,352,69,467,56,409
frame_32,Rack_3,23,12,fanta_straw_big,0.8447299599647522,3,352,42,461,22,406
frame_33,Rack_1,50,1,a&w_small,0.7881814241409302,572,157,600,224,586,190
frame_33,Rack_1,35,1,a&w_small,0.8395761847496033,551,156,572,224,561,190
frame_33,Rack_1,32,1,a&w_small,0.8309319019317627,529,155,551,224,540,189
frame_33,Rack_1,48,1,a&w_small,0.8244206309318542,504,156,529,225,516,190
frame_33,Rack_1,37,1,a&w_small,0.84866863489151,482,156,504,226,493,191
frame_33,Rack_1,27,1,a&w_small,0.8155946731567383,458,156,481,227,469,191
frame_33,Rack_1,36,1,a&w_small,0.8720489740371704,436,157,458,227,447,192
frame_33,Rack_1,49,4,coke_small,0.7990687489509583,415,159,436,228,425,193
frame_33,Rack_1,34,4,coke_small,0.8185315728187561,392,161,414,228,403,194
frame_33,Rack_1,12,4,coke_small,0.7986425757408142,373,162,392,228,382,195
frame_33,Rack_1,40,4,coke_small,0.8400417566299438,352,160,373,228,362,194
frame_33,Rack_1,38,4,coke_small,0.8126548528671265,332,159,352,228,342,193
frame_33,Rack_1,5,4,coke_small,0.9330103993415833,311,162,332,228,321,195
frame_33,Rack_1,21,17,sprite_small,0.9031163454055786,290,161,310,228,300,194
frame_33,Rack_1,14,17,sprite_small,0.9064309597015381,269,159,289,229,279,194
frame_33,Rack_1,25,17,sprite_small,0.8779699802398682,251,160,269,228,260,194
frame_33,Rack_1,15,17,sprite_small,0.908753514289856,230,158,251,228,240,193
frame_33,Rack_1,28,9,empty,0.8591110706329346,101,162,226,228,163,195
frame_33,Rack_2,45,3,coke_med,0.8532038331031799,566,253,597,336,581,294
frame_33,Rack_2,20,3,coke_med,0.9116216897964478,533,252,566,336,549,294
frame_33,Rack_2,22,3,coke_med,0.9009519815444946,510,252,533,337,521,294
frame_33,Rack_2,24,3,coke_med,0.9032609462738037,483,254,510,338,496,296
frame_33,Rack_2,3,3,coke_med,0.9391883611679077,456,253,483,338,469,295
frame_33,Rack_2,47,6,coke_v_med,0.7488192915916443,430,252,456,338,443,295
frame_33,Rack_2,61,3,coke_med,0.5249478816986084,430,253,456,339,443,296
frame_33,Rack_2,41,6,coke_v_med,0.7691545486450195,404,252,430,338,417,295
frame_33,Rack_2,29,6,coke_v_med,0.844432532787323,377,252,403,338,390,295
frame_33,Rack_2,26,2,anw_med,0.8807179927825928,352,252,377,338,364,295
frame_33,Rack_2,17,2,anw_med,0.8999670147895813,328,252,352,338,340,295
frame_33,Rack_2,43,2,anw_med,0.893434464931488,303,252,328,338,315,295
frame_33,Rack_2,42,2,anw_med,0.8933261632919312,280,252,303,338,291,295
frame_33,Rack_2,46,2,anw_med,0.8897504210472107,254,252,279,338,266,295
frame_33,Rack_2,7,2,anw_med,0.9040737152099609,229,255,254,337,241,296
frame_33,Rack_2,30,15,pepsi_med,0.8165044188499451,208,258,227,335,217,296
frame_33,Rack_2,8,15,pepsi_med,0.9142281413078308,186,257,208,335,197,296
frame_33,Rack_2,2,15,pepsi_med,0.9280703663825989,161,257,185,336,173,296
frame_33,Rack_2,16,15,pepsi_med,0.8810021281242371,141,258,160,335,150,296
frame_33,Rack_2,31,15,pepsi_med,0.8581278920173645,115,259,140,336,127,297
frame_33,Rack_2,44,15,pepsi_med,0.8716095089912415,94,258,114,335,104,296
frame_33,Rack_2,55,13,kick_med,0.693358838558197,70,259,93,335,81,297
frame_33,Rack_2,53,13,kick_med,0.7146387100219727,49,258,69,334,59,296
frame_33,Rack_2,52,13,kick_med,0.7206886410713196,24,259,48,334,36,296
frame_33,Rack_3,6,9,empty,0.9241565465927124,479,358,592,487,535,422
frame_33,Rack_3,13,7,coke_z_big,0.9103437066078186,442,360,477,473,459,416
frame_33,Rack_3,1,7,coke_z_big,0.9361218810081482,405,360,441,472,423,416
frame_33,Rack_3,39,5,coke_v_big,0.8309334516525269,370,359,403,481,386,420
frame_33,Rack_3,4,5,coke_v_big,0.9189720153808594,333,357,369,482,351,419
frame_33,Rack_3,33,5,coke_v_big,0.8741592764854431,300,359,332,467,316,413
frame_33,Rack_3,18,5,coke_v_big,0.8856362104415894,265,358,299,465,282,411
frame_33,Rack_3,10,5,coke_v_big,0.9170719981193542,230,359,264,478,247,418
frame_33,Rack_3,9,14,pepsi_big,0.9078701138496399,197,354,229,479,213,416
frame_33,Rack_3,11,14,pepsi_big,0.9149376153945923,166,354,196,476,181,415
frame_33,Rack_3,54,14,pepsi_big,0.7899006009101868,133,353,164,476,148,414
frame_33,Rack_3,19,10,fanta_grape_big,0.8773934841156006,95,353,132,476,113,414
frame_33,Rack_3,51,10,fanta_grape_big,0.7989025115966797,70,353,94,472,82,412
frame_33,Rack_3,59,10,fanta_grape_big,0.5594327449798584,43,353,69,467,56,410
frame_33,Rack_3,23,12,fanta_straw_big,0.8547804951667786,4,353,42,460,23,406
frame_34,Rack_1,50,1,a&w_small,0.776321530342102,573,157,600,224,586,190
frame_34,Rack_1,35,1,a&w_small,0.846420407295227,552,156,572,224,562,190
frame_34,Rack_1,32,1,a&w_small,0.8393219113349915,529,155,551,224,540,189
frame_34,Rack_1,48,1,a&w_small,0.8182721138000488,505,156,529,225,517,190
frame_34,Rack_1,37,1,a&w_small,0.8410802483558655,482,156,504,226,493,191
frame_34,Rack_1,27,1,a&w_small,0.8180248141288757,458,156,481,227,469,191
frame_34,Rack_1,36,1,a&w_small,0.8698381781578064,436,157,458,227,447,192
frame_34,Rack_1,49,4,coke_small,0.7845166325569153,415,159,436,228,425,193
frame_34,Rack_1,34,4,coke_small,0.8193089962005615,392,160,415,228,403,194
frame_34,Rack_1,12,4,coke_small,0.7990930080413818,373,162,393,228,383,195
frame_34,Rack_1,40,4,coke_small,0.8442173600196838,352,160,373,228,362,194
frame_34,Rack_1,38,4,coke_small,0.8181040287017822,332,159,353,228,342,193
frame_34,Rack_1,5,4,coke_small,0.9304742813110352,311,162,332,228,321,195
frame_34,Rack_1,21,17,sprite_small,0.9037894010543823,290,161,310,228,300,194
frame_34,Rack_1,14,17,sprite_small,0.9070647954940796,269,159,289,229,279,194
frame_34,Rack_1,25,17,sprite_small,0.8779769539833069,251,160,269,228,260,194
frame_34,Rack_1,15,17,sprite_small,0.9128789305686951,230,158,251,228,240,193
frame_34,Rack_1,28,9,empty,0.8612483739852905,101,162,226,228,163,195
frame_34,Rack_2,45,3,coke_med,0.8658283352851868,567,253,597,336,582,294
frame_34,Rack_2,20,3,coke_med,0.9127386808395386,534,252,566,336,550,294
frame_34,Rack_2,22,3,coke_med,0.9013431668281555,510,252,533,337,521,294
frame_34,Rack_2,24,3,coke_med,0.901635468006134,483,254,510,338,496,296
frame_34,Rack_2,3,3,coke_med,0.9401301145553589,457,253,483,338,470,295
frame_34,Rack_2,47,6,coke_v_med,0.7155218720436096,430,252,456,338,443,295
frame_34,Rack_2,61,3,coke_med,0.5466882586479187,430,253,456,339,443,296
frame_34,Rack_2,41,6,coke_v_med,0.7607502937316895,404,252,430,338,417,295
frame_34,Rack_2,29,6,coke_v_med,0.8410590887069702,378,252,404,338,391,295
frame_34,Rack_2,26,2,anw_med,0.8713520169258118,352,252,377,338,364,295
frame_34,Rack_2,17,2,anw_med,0.9013567566871643,328,252,352,338,340,295
frame_34,Rack_2,43,2,anw_med,0.8899114727973938,303,252,328,338,315,295
frame_34,Rack_2,42,2,anw_med,0.8903177976608276,280,252,303,338,291,295
frame_34,Rack_2,46,2,anw_med,0.8888055682182312,255,252,280,338,267,295
frame_34,Rack_2,7,2,anw_med,0.9025105237960815,229,255,254,337,241,296
frame_34,Rack_2,30,15,pepsi_med,0.8072301149368286,208,258,227,335,217,296
frame_34,Rack_2,8,15,pepsi_med,0.9125285148620605,186,258,208,336,197,297
frame_34,Rack_2,2,15,pepsi_med,0.928901731967926,161,257,185,336,173,296
frame_34,Rack_2,16,15,pepsi_med,0.8844704627990723,141,258,160,335,150,296
frame_34,Rack_2,31,15,pepsi_med,0.8607892990112305,115,258,140,336,127,297
frame_34,Rack_2,44,15,pepsi_med,0.8685587048530579,94,258,114,335,104,296
frame_34,Rack_2,55,13,kick_med,0.701856791973114,70,259,93,335,81,297
frame_34,Rack_2,53,13,kick_med,0.7397282719612122,49,258,69,334,59,296
frame_34,Rack_2,52,13,kick_med,0.7484533786773682,23,259,48,334,35,296
frame_34,Rack_3,6,9,empty,0.9240317940711975,479,358,592,487,535,422
frame_34,Rack_3,13,7,coke_z_big,0.9092772006988525,442,360,477,473,459,416
frame_34,Rack_3,1,7,coke_z_big,0.9367495179176331,405,360,441,472,423,416
frame_34,Rack_3,39,5,coke_v_big,0.8372361660003662,370,359,404,482,387,420
frame_34,Rack_3,4,5,coke_v_big,0.9128793478012085,333,358,369,482,351,420
frame_34,Rack_3,33,5,coke_v_big,0.8774307370185852,300,359,332,467,316,413
frame_34,Rack_3,18,5,coke_v_big,0.8837928175926208,265,358,299,465,282,411
frame_34,Rack_3,10,5,coke_v_big,0.9196555018424988,230,359,264,478,247,418
frame_34,Rack_3,9,14,pepsi_big,0.9078869819641113,197,354,229,479,213,416
frame_34,Rack_3,11,14,pepsi_big,0.9105811715126038,166,354,196,476,181,415
frame_34,Rack_3,54,14,pepsi_big,0.8486847281455994,134,353,164,476,149,414
frame_34,Rack_3,19,10,fanta_grape_big,0.8952645063400269,95,353,132,476,113,414
frame_34,Rack_3,51,10,fanta_grape_big,0.8551419973373413,70,353,94,472,82,412
frame_34,Rack_3,59,10,fanta_grape_big,0.6161974668502808,43,353,69,467,56,410
frame_34,Rack_3,23,12,fanta_straw_big,0.8284325003623962,4,353,42,460,23,406
frame_35,Rack_1,50,1,a&w_small,0.7640838623046875,573,157,600,224,586,190
frame_35,Rack_1,35,1,a&w_small,0.8457474112510681,552,156,572,223,562,189
frame_35,Rack_1,32,1,a&w_small,0.8365411758422852,529,155,551,224,540,189
frame_35,Rack_1,48,1,a&w_small,0.8129708766937256,505,156,529,225,517,190
frame_35,Rack_1,37,1,a&w_small,0.8477775454521179,482,156,504,226,493,191
frame_35,Rack_1,27,1,a&w_small,0.8112273216247559,459,156,481,227,470,191
frame_35,Rack_1,36,1,a&w_small,0.8745918273925781,436,157,458,227,447,192
frame_35,Rack_1,49,4,coke_small,0.7769668698310852,415,159,436,227,425,193
frame_35,Rack_1,34,4,coke_small,0.8330048322677612,393,160,415,228,404,194
frame_35,Rack_1,12,4,coke_small,0.7962180972099304,373,162,393,228,383,195
frame_35,Rack_1,40,4,coke_small,0.8429474234580994,352,160,373,228,362,194
frame_35,Rack_1,38,4,coke_small,0.8308459520339966,332,159,353,228,342,193
frame_35,Rack_1,5,4,coke_small,0.9279763102531433,311,162,332,228,321,195
frame_35,Rack_1,21,17,sprite_small,0.9011393785476685,290,161,310,228,300,194
frame_35,Rack_1,14,17,sprite_small,0.906580924987793,270,159,289,229,279,194
frame_35,Rack_1,25,17,sprite_small,0.8773554563522339,251,160,269,228,260,194
frame_35,Rack_1,15,17,sprite_small,0.9169763922691345,230,158,251,228,240,193
frame_35,Rack_1,28,9,empty,0.8591768741607666,101,162,226,228,163,195
frame_35,Rack_2,45,3,coke_med,0.8790097236633301,567,253,598,337,582,295
frame_35,Rack_2,20,3,coke_med,0.9032712578773499,534,252,566,336,550,294
frame_35,Rack_2,22,3,coke_med,0.9045016765594482,510,252,533,337,521,294
frame_35,Rack_2,24,3,coke_med,0.9007524251937866,483,254,510,338,496,296
frame_35,Rack_2,3,3,coke_med,0.9397026300430298,457,253,483,338,470,295
frame_35,Rack_2,47,6,coke_v_med,0.6897188425064087,431,252,457,338,444,295
frame_35,Rack_2,61,3,coke_med,0.5871446132659912,430,253,456,339,443,296
frame_35,Rack_2,41,6,coke_v_med,0.7671274542808533,404,252,430,338,417,295
frame_35,Rack_2,29,6,coke_v_med,0.8453145027160645,378,252,404,338,391,295
frame_35,Rack_2,26,2,anw_med,0.8656858801841736,352,252,377,338,364,295
frame_35,Rack_2,17,2,anw_med,0.9009009003639221,328,252,352,338,340,295
frame_35,Rack_2,43,2,anw_med,0.8876602053642273,303,252,328,338,315,295
frame_35,Rack_2,42,2,anw_med,0.8858431577682495,280,252,304,339,292,295
frame_35,Rack_2,46,2,anw_med,0.890320897102356,255,252,280,338,267,295
frame_35,Rack_2,7,2,anw_med,0.9024168252944946,229,255,254,337,241,296
frame_35,Rack_2,30,15,pepsi_med,0.8023521900177002,209,259,227,336,218,297
frame_35,Rack_2,8,15,pepsi_med,0.9112092852592468,186,258,208,336,197,297
frame_35,Rack_2,2,15,pepsi_med,0.9280347228050232,161,257,185,336,173,296
frame_35,Rack_2,16,15,pepsi_med,0.8854894042015076,141,258,160,336,150,297
frame_35,Rack_2,31,15,pepsi_med,0.8553777933120728,115,259,140,336,127,297
frame_35,Rack_2,44,15,pepsi_med,0.8652403950691223,93,259,114,335,103,297
frame_35,Rack_2,55,13,kick_med,0.6609103679656982,70,259,93,335,81,297
frame_35,Rack_2,53,13,kick_med,0.6856513023376465,49,258,69,333,59,295
frame_35,Rack_2,52,13,kick_med,0.6773791909217834,23,259,48,334,35,296
frame_35,Rack_3,6,9,empty,0.9227590560913086,480,358,591,486,535,422
frame_35,Rack_3,13,7,coke_z_big,0.9085860848426819,442,360,478,473,460,416
frame_35,Rack_3,1,7,coke_z_big,0.9347159266471863,405,360,441,472,423,416
frame_35,Rack_3,39,5,coke_v_big,0.8387336730957031,370,359,404,482,387,420
frame_35,Rack_3,4,5,coke_v_big,0.9109643697738647,333,357,369,482,351,419
frame_35,Rack_3,33,5,coke_v_big,0.8793713450431824,300,359,333,467,316,413
frame_35,Rack_3,18,5,coke_v_big,0.8767053484916687,266,359,299,465,282,412
frame_35,Rack_3,10,5,coke_v_big,0.9185793399810791,230,358,264,478,247,418
frame_35,Rack_3,9,14,pepsi_big,0.9084854125976562,197,354,229,479,213,416
frame_35,Rack_3,11,14,pepsi_big,0.9153476357460022,165,353,196,476,180,414
frame_35,Rack_3,54,14,pepsi_big,0.8001380562782288,134,353,164,476,149,414
frame_35,Rack_3,19,10,fanta_grape_big,0.8835972547531128,95,353,132,476,113,414
frame_35,Rack_3,51,10,fanta_grape_big,0.7993704676628113,70,353,94,472,82,412
frame_35,Rack_3,59,10,fanta_grape_big,0.62574702501297,43,353,69,468,56,410
frame_35,Rack_3,23,12,fanta_straw_big,0.7942454814910889,4,353,42,460,23,406
frame_36,Rack_1,50,1,a&w_small,0.7682802081108093,573,156,601,224,587,190
frame_36,Rack_1,35,1,a&w_small,0.8461310267448425,552,155,572,223,562,189
frame_36,Rack_1,32,1,a&w_small,0.8209493160247803,529,153,552,225,540,189
frame_36,Rack_1,48,1,a&w_small,0.7892968058586121,505,155,529,225,517,190
frame_36,Rack_1,37,1,a&w_small,0.8421719074249268,482,156,505,226,493,191
frame_36,Rack_1,27,1,a&w_small,0.8089850544929504,459,156,482,227,470,191
frame_36,Rack_1,36,1,a&w_small,0.8718156218528748,437,156,458,227,447,191
frame_36,Rack_1,49,4,coke_small,0.7741773724555969,416,159,436,227,426,193
frame_36,Rack_1,34,4,coke_small,0.8487396240234375,393,160,415,228,404,194
frame_36,Rack_1,12,4,coke_small,0.8109750747680664,374,162,393,228,383,195
frame_36,Rack_1,40,4,coke_small,0.8381980657577515,352,160,373,228,362,194
frame_36,Rack_1,38,4,coke_small,0.8338471055030823,332,159,353,228,342,193
frame_36,Rack_1,5,4,coke_small,0.9239623546600342,311,162,332,228,321,195
frame_36,Rack_1,21,17,sprite_small,0.904631495475769,290,161,311,228,300,194
frame_36,Rack_1,14,17,sprite_small,0.9098070859909058,270,159,289,229,279,194
frame_36,Rack_1,25,17,sprite_small,0.8759940266609192,251,159,269,228,260,193
frame_36,Rack_1,15,17,sprite_small,0.9187836647033691,230,158,251,228,240,193
frame_36,Rack_1,28,9,empty,0.8598842620849609,101,162,226,228,163,195
frame_36,Rack_2,45,3,coke_med,0.8783393502235413,567,252,598,337,582,294
frame_36,Rack_2,20,3,coke_med,0.9078958630561829,534,252,566,336,550,294
frame_36,Rack_2,22,3,coke_med,0.9080264568328857,510,252,533,337,521,294
frame_36,Rack_2,24,3,coke_med,0.9067984819412231,484,253,510,337,497,295
frame_36,Rack_2,3,3,coke_med,0.9403297305107117,457,253,483,338,470,295
frame_36,Rack_2,47,6,coke_v_med,0.697166919708252,431,252,457,338,444,295
frame_36,Rack_2,61,3,coke_med,0.5724630355834961,430,253,457,339,443,296
frame_36,Rack_2,41,6,coke_v_med,0.761894941329956,404,252,430,338,417,295
frame_36,Rack_2,29,6,coke_v_med,0.8318090438842773,378,252,404,338,391,295
frame_36,Rack_2,26,2,anw_med,0.8525562882423401,353,252,377,338,365,295
frame_36,Rack_2,17,2,anw_med,0.8989245891571045,328,252,352,338,340,295
frame_36,Rack_2,43,2,anw_med,0.8859278559684753,304,252,328,338,316,295
frame_36,Rack_2,42,2,anw_med,0.8799548745155334,280,252,304,338,292,295
frame_36,Rack_2,46,2,anw_med,0.885344386100769,255,252,280,338,267,295
frame_36,Rack_2,7,2,anw_med,0.8979095816612244,229,254,254,337,241,295
frame_36,Rack_2,30,15,pepsi_med,0.8063969612121582,209,258,227,335,218,296
frame_36,Rack_2,8,15,pepsi_med,0.9150129556655884,186,258,208,336,197,297
frame_36,Rack_2,2,15,pepsi_med,0.9267057180404663,161,257,185,336,173,296
frame_36,Rack_2,16,15,pepsi_med,0.8867067694664001,141,258,160,336,150,297
frame_36,Rack_2,31,15,pepsi_med,0.8635697960853577,115,259,140,336,127,297
frame_36,Rack_2,44,15,pepsi_med,0.8689801096916199,93,259,114,335,103,297
frame_36,Rack_2,55,13,kick_med,0.656751811504364,70,259,93,335,81,297
frame_36,Rack_2,53,13,kick_med,0.6843981742858887,49,259,69,333,59,296
frame_36,Rack_2,52,13,kick_med,0.6890506744384766,23,259,48,334,35,296
frame_36,Rack_3,6,9,empty,0.9253766536712646,480,358,591,487,535,422
frame_36,Rack_3,13,7,coke_z_big,0.9048223495483398,442,360,478,473,460,416
frame_36,Rack_3,1,7,coke_z_big,0.9311673045158386,405,360,441,473,423,416
frame_36,Rack_3,39,5,coke_v_big,0.8400118947029114,370,359,404,482,387,420
frame_36,Rack_3,4,5,coke_v_big,0.9183465242385864,333,358,369,483,351,420
frame_36,Rack_3,33,5,coke_v_big,0.882124125957489,300,359,333,468,316,413
frame_36,Rack_3,18,5,coke_v_big,0.8771529197692871,266,359,299,465,282,412
frame_36,Rack_3,10,5,coke_v_big,0.918796181678772,231,358,264,478,247,418
frame_36,Rack_3,9,14,pepsi_big,0.9098557233810425,197,354,229,480,213,417
frame_36,Rack_3,11,14,pepsi_big,0.9139297008514404,166,354,196,477,181,415
frame_36,Rack_3,54,14,pepsi_big,0.7645741701126099,134,353,164,476,149,414
frame_36,Rack_3,19,10,fanta_grape_big,0.9016723036766052,95,353,132,476,113,414
frame_36,Rack_3,51,10,fanta_grape_big,0.8391285538673401,70,353,94,472,82,412
frame_36,Rack_3,59,10,fanta_grape_big,0.7378827929496765,43,353,69,468,56,410
frame_36,Rack_3,23,12,fanta_straw_big,0.8781675100326538,4,353,42,460,23,406
frame_37,Rack_1,50,1,a&w_small,0.8023393750190735,574,156,601,224,587,190
frame_37,Rack_1,35,1,a&w_small,0.8541285395622253,552,155,573,223,562,189
frame_37,Rack_1,32,1,a&w_small,0.8297568559646606,529,154,552,224,540,189
frame_37,Rack_1,48,1,a&w_small,0.8060316443443298,505,154,529,225,517,189
frame_37,Rack_1,37,1,a&w_small,0.8646650910377502,482,156,505,226,493,191
frame_37,Rack_1,27,1,a&w_small,0.8173810839653015,459,155,482,227,470,191
frame_37,Rack_1,36,1,a&w_small,0.8790757060050964,437,156,459,227,448,191
frame_37,Rack_1,49,4,coke_small,0.7778193950653076,416,159,437,227,426,193
frame_37,Rack_1,34,4,coke_small,0.8557405471801758,393,160,415,228,404,194
frame_37,Rack_1,12,4,coke_small,0.8142024278640747,374,162,393,228,383,195
frame_37,Rack_1,40,4,coke_small,0.824367344379425,353,160,373,228,363,194
frame_37,Rack_1,38,4,coke_small,0.819000780582428,332,159,353,228,342,193
frame_37,Rack_1,5,4,coke_small,0.914792001247406,311,162,332,228,321,195
frame_37,Rack_1,21,17,sprite_small,0.9009800553321838,290,161,311,228,300,194
frame_37,Rack_1,14,17,sprite_small,0.9102479815483093,270,159,290,229,280,194
frame_37,Rack_1,25,17,sprite_small,0.871670663356781,251,159,269,228,260,193
frame_37,Rack_1,15,17,sprite_small,0.9104924201965332,230,158,251,228,240,193
frame_37,Rack_1,28,9,empty,0.866123616695404,101,162,226,228,163,195
frame_37,Rack_2,45,3,coke_med,0.8589807152748108,567,253,598,336,582,294
frame_37,Rack_2,20,3,coke_med,0.9010891318321228,534,252,566,337,550,294
frame_37,Rack_2,22,3,coke_med,0.9075875282287598,510,252,533,337,521,294
frame_37,Rack_2,24,3,coke_med,0.9141476154327393,484,253,510,337,497,295
frame_37,Rack_2,3,3,coke_med,0.9400674104690552,457,253,483,338,470,295
frame_37,Rack_2,47,6,coke_v_med,0.6743370294570923,431,252,457,338,444,295
frame_37,Rack_2,61,3,coke_med,0.5051653981208801,431,253,457,339,444,296
frame_37,Rack_2,41,6,coke_v_med,0.7532403469085693,404,252,430,338,417,295
frame_37,Rack_2,29,6,coke_v_med,0.8537780046463013,378,253,404,338,391,295
frame_37,Rack_2,26,2,anw_med,0.852647066116333,353,252,377,338,365,295
frame_37,Rack_2,17,2,anw_med,0.8928088545799255,328,253,352,338,340,295
frame_37,Rack_2,43,2,anw_med,0.8744995594024658,304,253,328,338,316,295
frame_37,Rack_2,42,2,anw_med,0.8797520995140076,280,252,304,338,292,295
frame_37,Rack_2,46,2,anw_med,0.8747783303260803,255,253,280,338,267,295
frame_37,Rack_2,7,2,anw_med,0.8898496031761169,229,254,254,338,241,296
frame_37,Rack_2,30,15,pepsi_med,0.813275933265686,209,257,228,335,218,296
frame_37,Rack_2,8,15,pepsi_med,0.9083511233329773,186,257,208,335,197,296
frame_37,Rack_2,2,15,pepsi_med,0.9285322427749634,161,257,185,336,173,296
frame_37,Rack_2,16,15,pepsi_med,0.8903847932815552,141,258,161,336,151,297
frame_37,Rack_2,31,15,pepsi_med,0.866998016834259,115,259,140,336,127,297
frame_37,Rack_2,44,15,pepsi_med,0.8685204982757568,93,258,114,335,103,296
frame_37,Rack_2,55,13,kick_med,0.6420251131057739,70,259,93,335,81,297
frame_37,Rack_2,53,13,kick_med,0.6893623471260071,49,259,69,333,59,296
frame_37,Rack_2,52,13,kick_med,0.6686163544654846,23,259,48,334,35,296
frame_37,Rack_3,6,9,empty,0.9250878691673279,480,358,591,487,535,422
frame_37,Rack_3,13,7,coke_z_big,0.9068084359169006,442,360,478,473,460,416
frame_37,Rack_3,1,7,coke_z_big,0.9348735213279724,405,360,441,473,423,416
frame_37,Rack_3,39,5,coke_v_big,0.8454315662384033,370,359,404,482,387,420
frame_37,Rack_3,4,5,coke_v_big,0.9217680096626282,333,358,369,483,351,420
frame_37,Rack_3,33,5,coke_v_big,0.8871816992759705,300,359,333,468,316,413
frame_37,Rack_3,18,5,coke_v_big,0.8804935216903687,266,359,299,465,282,412
frame_37,Rack_3,10,5,coke_v_big,0.9197813272476196,231,358,264,478,247,418
frame_37,Rack_3,9,14,pepsi_big,0.9113771915435791,197,355,229,480,213,417
frame_37,Rack_3,11,14,pepsi_big,0.9185740351676941,166,354,196,477,181,415
frame_37,Rack_3,54,14,pepsi_big,0.701575756072998,133,353,164,476,148,414
frame_37,Rack_3,19,10,fanta_grape_big,0.9015611410140991,95,353,132,476,113,414
frame_37,Rack_3,51,10,fanta_grape_big,0.8301356434822083,70,353,94,472,82,412
frame_37,Rack_3,59,10,fanta_grape_big,0.6457796692848206,43,353,69,469,56,411
frame_37,Rack_3,23,12,fanta_straw_big,0.8759939074516296,4,353,42,461,23,407
frame_38,Rack_1,50,1,a&w_small,0.7949896454811096,574,156,601,224,587,190
frame_38,Rack_1,35,1,a&w_small,0.8423996567726135,552,155,573,223,562,189
frame_38,Rack_1,32,1,a&w_small,0.8168681859970093,529,154,552,224,540,189
frame_38,Rack_1,48,1,a&w_small,0.7822259068489075,505,154,529,225,517,189
frame_38,Rack_1,37,1,a&w_small,0.8467064499855042,482,156,505,226,493,191
frame_38,Rack_1,27,1,a&w_small,0.8062204718589783,459,155,482,227,470,191
frame_38,Rack_1,36,1,a&w_small,0.8693848252296448,437,156,459,227,448,191
frame_38,Rack_1,49,4,coke_small,0.7733039855957031,416,160,437,227,426,193
frame_38,Rack_1,34,4,coke_small,0.8532549738883972,393,160,416,228,404,194
frame_38,Rack_1,12,4,coke_small,0.8092668652534485,374,162,393,228,383,195
frame_38,Rack_1,40,4,coke_small,0.8317198753356934,353,160,373,228,363,194
frame_38,Rack_1,38,4,coke_small,0.8349781632423401,332,159,353,228,342,193
frame_38,Rack_1,5,4,coke_small,0.9148528575897217,311,162,332,228,321,195
frame_38,Rack_1,21,17,sprite_small,0.9000828862190247,290,161,311,228,300,194
frame_38,Rack_1,14,17,sprite_small,0.9108917713165283,270,159,290,229,280,194
frame_38,Rack_1,25,17,sprite_small,0.8903040885925293,252,159,269,228,260,193
frame_38,Rack_1,15,17,sprite_small,0.9177634716033936,230,158,251,228,240,193
frame_38,Rack_1,28,9,empty,0.860433042049408,101,162,227,228,164,195
frame_38,Rack_2,45,3,coke_med,0.900264322757721,567,253,598,336,582,294
frame_38,Rack_2,20,3,coke_med,0.9061111807823181,534,253,566,337,550,295
frame_38,Rack_2,22,3,coke_med,0.913758397102356,511,252,533,337,522,294
frame_38,Rack_2,24,3,coke_med,0.9128375053405762,484,252,510,337,497,294
frame_38,Rack_2,3,3,coke_med,0.9418335556983948,457,253,483,338,470,295
frame_38,Rack_2,47,6,coke_v_med,0.6719021201133728,431,252,457,338,444,295
frame_38,Rack_2,61,3,coke_med,0.537599503993988,431,253,457,339,444,296
frame_38,Rack_2,41,6,coke_v_med,0.7431989312171936,404,252,430,338,417,295
frame_38,Rack_2,29,6,coke_v_med,0.7896755933761597,378,252,404,338,391,295
frame_38,Rack_2,26,2,anw_med,0.8515316843986511,353,252,377,338,365,295
frame_38,Rack_2,17,2,anw_med,0.8886352777481079,328,252,353,338,340,295
frame_38,Rack_2,43,2,anw_med,0.8805769681930542,304,252,328,338,316,295
frame_38,Rack_2,42,2,anw_med,0.8822406530380249,280,252,304,338,292,295
frame_38,Rack_2,46,2,anw_med,0.8829693794250488,255,252,280,338,267,295
frame_38,Rack_2,7,2,anw_med,0.8954045176506042,229,254,255,337,242,295
frame_38,Rack_2,30,15,pepsi_med,0.8070555329322815,209,259,228,336,218,297
frame_38,Rack_2,8,15,pepsi_med,0.9124245643615723,186,258,208,336,197,297
frame_38,Rack_2,2,15,pepsi_med,0.92597895860672,161,257,185,336,173,296
frame_38,Rack_2,16,15,pepsi_med,0.8885429501533508,141,258,161,336,151,297
frame_38,Rack_2,31,15,pepsi_med,0.8653320074081421,115,259,140,336,127,297
frame_38,Rack_2,44,15,pepsi_med,0.8652182221412659,93,259,114,335,103,297
frame_38,Rack_2,55,13,kick_med,0.6583774089813232,70,259,93,335,81,297
frame_38,Rack_2,53,13,kick_med,0.7174627184867859,49,259,69,334,59,296
frame_38,Rack_2,52,13,kick_med,0.7214845418930054,23,259,48,334,35,296
frame_38,Rack_3,6,9,empty,0.9243358969688416,480,359,592,487,536,423
frame_38,Rack_3,13,7,coke_z_big,0.9081858992576599,442,360,478,473,460,416
frame_38,Rack_3,1,7,coke_z_big,0.9293341636657715,405,360,441,473,423,416
frame_38,Rack_3,39,5,coke_v_big,0.8443876504898071,370,359,404,482,387,420
frame_38,Rack_3,4,5,coke_v_big,0.9200215339660645,333,358,369,483,351,420
frame_38,Rack_3,33,5,coke_v_big,0.8883209824562073,300,359,333,468,316,413
frame_38,Rack_3,18,5,coke_v_big,0.8758133053779602,266,359,299,465,282,412
frame_38,Rack_3,10,5,coke_v_big,0.9191808700561523,231,358,264,479,247,418
frame_38,Rack_3,9,14,pepsi_big,0.904811441898346,197,355,229,480,213,417
frame_38,Rack_3,11,14,pepsi_big,0.9160212874412537,166,354,196,477,181,415
frame_38,Rack_3,54,14,pepsi_big,0.7145424485206604,133,353,164,476,148,414
frame_38,Rack_3,19,10,fanta_grape_big,0.9068618416786194,95,353,132,476,113,414
frame_38,Rack_3,51,10,fanta_grape_big,0.8549953103065491,70,353,94,472,82,412
frame_38,Rack_3,59,10,fanta_grape_big,0.6337060928344727,43,353,69,468,56,410
frame_38,Rack_3,23,12,fanta_straw_big,0.884122371673584,4,353,42,461,23,407
frame_39,Rack_1,50,1,a&w_small,0.7923365235328674,574,156,601,224,587,190
frame_39,Rack_1,35,1,a&w_small,0.8449802398681641,552,155,573,223,562,189
frame_39,Rack_1,32,1,a&w_small,0.8096513152122498,530,154,552,224,541,189
frame_39,Rack_1,48,1,a&w_small,0.7937372922897339,505,154,530,225,517,189
frame_39,Rack_1,37,1,a&w_small,0.8499670624732971,482,155,505,226,493,190
frame_39,Rack_1,27,1,a&w_small,0.8071596026420593,459,155,482,227,470,191
frame_39,Rack_1,36,1,a&w_small,0.8728015422821045,437,156,459,227,448,191
frame_39,Rack_1,49,4,coke_small,0.7714713215827942,416,160,437,227,426,193
frame_39,Rack_1,34,4,coke_small,0.8460727334022522,394,160,416,228,405,194
frame_39,Rack_1,12,4,coke_small,0.8045073747634888,374,162,393,228,383,195
frame_39,Rack_1,40,4,coke_small,0.8299182057380676,353,160,373,228,363,194
frame_39,Rack_1,38,4,coke_small,0.8401851058006287,332,159,353,228,342,193
frame_39,Rack_1,5,4,coke_small,0.9175295233726501,311,161,332,228,321,194
frame_39,Rack_1,21,17,sprite_small,0.8916649222373962,290,161,311,228,300,194
frame_39,Rack_1,14,17,sprite_small,0.911621630191803,270,159,290,229,280,194
frame_39,Rack_1,25,17,sprite_small,0.9019243717193604,252,159,269,228,260,193
frame_39,Rack_1,15,17,sprite_small,0.9208185076713562,230,158,251,228,240,193
frame_39,Rack_1,28,9,empty,0.8597910404205322,101,161,227,228,164,194
frame_39,Rack_2,45,3,coke_med,0.9018779993057251,567,253,598,336,582,294
frame_39,Rack_2,20,3,coke_med,0.9096732139587402,534,252,566,337,550,294
frame_39,Rack_2,22,3,coke_med,0.9170392155647278,511,252,534,337,522,294
frame_39,Rack_2,24,3,coke_med,0.9173176884651184,484,252,511,337,497,294
frame_39,Rack_2,3,3,coke_med,0.9424648284912109,457,253,483,338,470,295
frame_39,Rack_2,47,6,coke_v_med,0.6332246661186218,431,252,457,338,444,295
frame_39,Rack_2,61,3,coke_med,0.5514154434204102,431,253,457,339,444,296
frame_39,Rack_2,41,6,coke_v_med,0.7390525937080383,404,251,430,338,417,294
frame_39,Rack_2,29,6,coke_v_med,0.785534679889679,378,252,404,338,391,295
frame_39,Rack_2,26,2,anw_med,0.8667457699775696,353,252,378,339,365,295
frame_39,Rack_2,17,2,anw_med,0.8794867396354675,328,252,353,338,340,295
frame_39,Rack_2,43,2,anw_med,0.8724464774131775,304,252,328,338,316,295
frame_39,Rack_2,42,2,anw_med,0.884836733341217,280,251,304,338,292,294
frame_39,Rack_2,46,2,anw_med,0.8847665786743164,255,252,280,338,267,295
frame_39,Rack_2,7,2,anw_med,0.897318422794342,229,253,255,337,242,295
frame_39,Rack_2,30,15,pepsi_med,0.8109747171401978,209,259,228,336,218,297
frame_39,Rack_2,8,15,pepsi_med,0.915306568145752,186,258,208,336,197,297
frame_39,Rack_2,2,15,pepsi_med,0.9259263873100281,161,257,185,336,173,296
frame_39,Rack_2,16,15,pepsi_med,0.8872057199478149,141,258,161,336,151,297
frame_39,Rack_2,31,15,pepsi_med,0.8570963144302368,115,259,140,336,127,297
frame_39,Rack_2,44,15,pepsi_med,0.8698956966400146,94,259,114,335,104,297
frame_39,Rack_2,55,13,kick_med,0.6638998985290527,70,259,93,335,81,297
frame_39,Rack_2,53,13,kick_med,0.7158715128898621,49,258,69,334,59,296
frame_39,Rack_2,52,13,kick_med,0.7159378528594971,23,259,48,334,35,296
frame_39,Rack_3,6,9,empty,0.9251353144645691,480,358,592,487,536,422
frame_39,Rack_3,13,7,coke_z_big,0.9100359082221985,442,360,478,472,460,416
frame_39,Rack_3,1,7,coke_z_big,0.9292088150978088,405,360,441,473,423,416
frame_39,Rack_3,39,5,coke_v_big,0.8463178873062134,370,358,404,482,387,420
frame_39,Rack_3,4,5,coke_v_big,0.9209159016609192,333,358,369,483,351,420
frame_39,Rack_3,33,5,coke_v_big,0.8908059000968933,300,359,333,468,316,413
frame_39,Rack_3,18,5,coke_v_big,0.8771098852157593,266,359,299,465,282,412
frame_39,Rack_3,10,5,coke_v_big,0.9175873398780823,231,358,265,479,248,418
frame_39,Rack_3,9,14,pepsi_big,0.9051409959793091,197,355,229,480,213,417
frame_39,Rack_3,11,14,pepsi_big,0.9124285578727722,166,354,196,477,181,415
frame_39,Rack_3,54,14,pepsi_big,0.7009176015853882,134,354,164,476,149,415
frame_39,Rack_3,19,10,fanta_grape_big,0.9129477739334106,95,353,132,476,113,414
frame_39,Rack_3,51,10,fanta_grape_big,0.8621357083320618,70,353,94,472,82,412
frame_39,Rack_3,59,10,fanta_grape_big,0.597230076789856,43,353,69,468,56,410
frame_39,Rack_3,23,12,fanta_straw_big,0.8672211766242981,4,353,42,461,23,407
frame_40,Rack_1,50,1,a&w_small,0.7855902910232544,574,157,601,224,587,190
frame_40,Rack_1,35,1,a&w_small,0.8472393155097961,552,156,573,223,562,189
frame_40,Rack_1,32,1,a&w_small,0.8094058036804199,530,155,552,224,541,189
frame_40,Rack_1,48,1,a&w_small,0.7987662553787231,505,155,529,225,517,190
frame_40,Rack_1,37,1,a&w_small,0.8550860285758972,482,156,505,226,493,191
frame_40,Rack_1,27,1,a&w_small,0.8064748644828796,459,156,482,227,470,191
frame_40,Rack_1,36,1,a&w_small,0.872645914554596,437,157,459,227,448,192
frame_40,Rack_1,49,4,coke_small,0.7845010161399841,416,160,437,227,426,193
frame_40,Rack_1,34,4,coke_small,0.8375064730644226,394,160,416,228,405,194
frame_40,Rack_1,12,4,coke_small,0.7907308340072632,374,162,394,228,384,195
frame_40,Rack_1,40,4,coke_small,0.8335862159729004,353,160,374,228,363,194
frame_40,Rack_1,38,4,coke_small,0.8461495041847229,333,159,353,228,343,193
frame_40,Rack_1,5,4,coke_small,0.922593355178833,311,160,333,228,322,194
frame_40,Rack_1,21,17,sprite_small,0.8823230862617493,290,161,311,228,300,194
frame_40,Rack_1,14,17,sprite_small,0.9110342860221863,270,159,290,229,280,194
frame_40,Rack_1,25,17,sprite_small,0.9053834676742554,252,160,269,228,260,194
frame_40,Rack_1,15,17,sprite_small,0.9163557291030884,230,158,251,228,240,193
frame_40,Rack_1,28,9,empty,0.8644400238990784,102,162,226,228,164,195
frame_40,Rack_2,45,3,coke_med,0.866397500038147,567,253,598,337,582,295
frame_40,Rack_2,20,3,coke_med,0.9081907868385315,534,252,567,337,550,294
frame_40,Rack_2,22,3,coke_med,0.9139650464057922,511,252,534,337,522,294
frame_40,Rack_2,24,3,coke_med,0.9044480323791504,484,253,511,337,497,295
frame_40,Rack_2,3,3,coke_med,0.9433346390724182,457,253,484,338,470,295
frame_40,Rack_2,47,6,coke_v_med,0.6519493460655212,431,252,457,338,444,295
frame_40,Rack_2,41,6,coke_v_med,0.7402762770652771,405,251,431,338,418,294
frame_40,Rack_2,29,6,coke_v_med,0.742301881313324,378,252,404,338,391,295
frame_40,Rack_2,26,2,anw_med,0.8718895316123962,353,252,378,339,365,295
frame_40,Rack_2,17,2,anw_med,0.872134268283844,329,252,353,338,341,295
frame_40,Rack_2,43,2,anw_med,0.8732330203056335,304,252,328,338,316,295
frame_40,Rack_2,42,2,anw_med,0.886957585811615,280,252,304,338,292,295
frame_40,Rack_2,46,2,anw_med,0.889369785785675,255,252,280,338,267,295
frame_40,Rack_2,7,2,anw_med,0.8991241455078125,229,253,255,337,242,295
frame_40,Rack_2,30,15,pepsi_med,0.8127154111862183,209,259,228,336,218,297
frame_40,Rack_2,8,15,pepsi_med,0.9067984223365784,186,258,208,336,197,297
frame_40,Rack_2,2,15,pepsi_med,0.9232807159423828,161,257,185,336,173,296
frame_40,Rack_2,16,15,pepsi_med,0.8924281597137451,141,258,161,336,151,297
frame_40,Rack_2,31,15,pepsi_med,0.8583559393882751,115,259,141,336,128,297
frame_40,Rack_2,44,15,pepsi_med,0.8651906251907349,93,259,114,335,103,297
frame_40,Rack_2,55,13,kick_med,0.6363910436630249,70,259,93,335,81,297
frame_40,Rack_2,53,13,kick_med,0.7011842727661133,49,258,69,334,59,296
frame_40,Rack_2,52,13,kick_med,0.7095569372177124,24,259,48,334,36,296
frame_40,Rack_3,6,9,empty,0.9238511323928833,480,359,591,486,535,422
frame_40,Rack_3,13,7,coke_z_big,0.9118065237998962,443,360,478,472,460,416
frame_40,Rack_3,1,7,coke_z_big,0.9261086583137512,406,360,442,473,424,416
frame_40,Rack_3,39,5,coke_v_big,0.8488921523094177,370,359,404,482,387,420
frame_40,Rack_3,4,5,coke_v_big,0.9134804606437683,334,357,369,483,351,420
frame_40,Rack_3,33,5,coke_v_big,0.8919276595115662,301,359,333,468,317,413
frame_40,Rack_3,18,5,coke_v_big,0.8732002973556519,266,359,300,465,283,412
frame_40,Rack_3,10,5,coke_v_big,0.9180563688278198,231,358,265,479,248,418
frame_40,Rack_3,9,14,pepsi_big,0.9037435054779053,197,355,229,481,213,418
frame_40,Rack_3,11,14,pepsi_big,0.911323606967926,166,353,196,477,181,415
frame_40,Rack_3,54,14,pepsi_big,0.7780864834785461,134,354,164,476,149,415
frame_40,Rack_3,19,10,fanta_grape_big,0.9165853261947632,95,353,132,476,113,414
frame_40,Rack_3,51,10,fanta_grape_big,0.8551689386367798,70,353,94,472,82,412
frame_40,Rack_3,59,10,fanta_grape_big,0.6002330183982849,43,353,69,468,56,410
frame_40,Rack_3,23,12,fanta_straw_big,0.7796457409858704,4,353,43,461,23,407
frame_41,Rack_1,50,1,a&w_small,0.7905737161636353,574,157,601,224,587,190
frame_41,Rack_1,35,1,a&w_small,0.8421993851661682,553,156,573,223,563,189
frame_41,Rack_1,32,1,a&w_small,0.8039863705635071,530,155,552,224,541,189
frame_41,Rack_1,48,1,a&w_small,0.7943726778030396,505,156,529,225,517,190
frame_41,Rack_1,37,1,a&w_small,0.8546236753463745,482,156,505,226,493,191
frame_41,Rack_1,27,1,a&w_small,0.8110107183456421,459,156,482,227,470,191
frame_41,Rack_1,36,1,a&w_small,0.8774849772453308,437,157,459,227,448,192
frame_41,Rack_1,49,4,coke_small,0.7919268608093262,416,160,437,227,426,193
frame_41,Rack_1,34,4,coke_small,0.8278828263282776,394,160,416,228,405,194
frame_41,Rack_1,12,4,coke_small,0.7864681482315063,374,162,394,228,384,195
frame_41,Rack_1,40,4,coke_small,0.8347477316856384,353,161,374,228,363,194
frame_41,Rack_1,38,4,coke_small,0.843286395072937,333,159,354,228,343,193
frame_41,Rack_1,5,4,coke_small,0.9244512915611267,311,160,333,228,322,194
frame_41,Rack_1,21,17,sprite_small,0.8832303285598755,290,161,311,228,300,194
frame_41,Rack_1,14,17,sprite_small,0.9117648601531982,270,159,290,229,280,194
frame_41,Rack_1,25,17,sprite_small,0.9137616753578186,252,160,270,228,261,194
frame_41,Rack_1,15,17,sprite_small,0.9151567816734314,230,158,251,228,240,193
frame_41,Rack_1,28,9,empty,0.866212785243988,102,162,226,228,164,195
frame_41,Rack_2,45,3,coke_med,0.9095371961593628,567,252,599,337,583,294
frame_41,Rack_2,20,3,coke_med,0.914258599281311,534,252,567,337,550,294
frame_41,Rack_2,22,3,coke_med,0.9021977186203003,511,252,534,337,522,294
frame_41,Rack_2,24,3,coke_med,0.9050009846687317,484,253,511,338,497,295
frame_41,Rack_2,3,3,coke_med,0.9452992081642151,458,253,484,338,471,295
frame_41,Rack_2,61,3,coke_med,0.7304235696792603,431,252,457,338,444,295
frame_41,Rack_2,41,6,coke_v_med,0.7571536898612976,405,252,431,338,418,295
frame_41,Rack_2,29,6,coke_v_med,0.7373377084732056,379,252,405,339,392,295
frame_41,Rack_2,26,2,anw_med,0.8647395968437195,353,252,378,339,365,295
frame_41,Rack_2,17,2,anw_med,0.8739222884178162,329,252,353,338,341,295
frame_41,Rack_2,43,2,anw_med,0.8643149733543396,304,252,328,338,316,295
frame_41,Rack_2,42,2,anw_med,0.8860918879508972,280,252,304,338,292,295
frame_41,Rack_2,46,2,anw_med,0.889851450920105,256,252,280,338,268,295
frame_41,Rack_2,7,2,anw_med,0.8955910205841064,229,253,255,338,242,295
frame_41,Rack_2,30,15,pepsi_med,0.8036996126174927,209,259,228,336,218,297
frame_41,Rack_2,8,15,pepsi_med,0.9006074070930481,187,258,208,336,197,297
frame_41,Rack_2,2,15,pepsi_med,0.9219233989715576,161,257,185,336,173,296
frame_41,Rack_2,16,15,pepsi_med,0.8884499073028564,141,258,161,336,151,297
frame_41,Rack_2,31,15,pepsi_med,0.857565701007843,115,259,141,336,128,297
frame_41,Rack_2,44,15,pepsi_med,0.8595844507217407,94,259,114,335,104,297
frame_41,Rack_2,55,13,kick_med,0.6650027632713318,70,259,93,335,81,297
frame_41,Rack_2,53,13,kick_med,0.6894024014472961,49,258,69,334,59,296
frame_41,Rack_2,52,13,kick_med,0.7090150117874146,24,259,48,334,36,296
frame_41,Rack_3,6,9,empty,0.9254971146583557,481,359,591,486,536,422
frame_41,Rack_3,13,7,coke_z_big,0.9133287668228149,443,360,479,472,461,416
frame_41,Rack_3,1,7,coke_z_big,0.9258994460105896,406,360,442,473,424,416
frame_41,Rack_3,39,5,coke_v_big,0.8441997766494751,371,359,404,482,387,420
frame_41,Rack_3,4,5,coke_v_big,0.9067119359970093,334,358,369,483,351,420
frame_41,Rack_3,33,5,coke_v_big,0.8932889103889465,301,359,333,467,317,413
frame_41,Rack_3,18,5,coke_v_big,0.8675064444541931,266,359,300,465,283,412
frame_41,Rack_3,10,5,coke_v_big,0.918533980846405,231,358,265,479,248,418
frame_41,Rack_3,9,14,pepsi_big,0.9011867642402649,198,354,230,480,214,417
frame_41,Rack_3,11,14,pepsi_big,0.9074093103408813,166,353,197,477,181,415
frame_41,Rack_3,54,14,pepsi_big,0.7574701905250549,134,354,164,476,149,415
frame_41,Rack_3,19,10,fanta_grape_big,0.9133470058441162,96,353,132,476,114,414
frame_41,Rack_3,51,10,fanta_grape_big,0.8578868508338928,70,354,95,472,82,413
frame_41,Rack_3,59,10,fanta_grape_big,0.6155156493186951,43,353,69,468,56,410
frame_41,Rack_3,23,12,fanta_straw_big,0.8143376111984253,4,353,43,461,23,407
frame_42,Rack_1,50,1,a&w_small,0.7845589518547058,574,157,601,224,587,190
frame_42,Rack_1,35,1,a&w_small,0.8203712105751038,553,156,573,223,563,189
frame_42,Rack_1,32,1,a&w_small,0.79136723279953,531,156,552,224,541,190
frame_42,Rack_1,48,1,a&w_small,0.8016261458396912,506,156,530,225,518,190
frame_42,Rack_1,37,1,a&w_small,0.8524705171585083,483,156,505,226,494,191
frame_42,Rack_1,27,1,a&w_small,0.8072989583015442,460,156,482,226,471,191
frame_42,Rack_1,36,1,a&w_small,0.8749768733978271,438,157,460,227,449,192
frame_42,Rack_1,49,4,coke_small,0.8039661645889282,416,160,437,227,426,193
frame_42,Rack_1,34,4,coke_small,0.8268339037895203,394,160,416,228,405,194
frame_42,Rack_1,12,4,coke_small,0.7983288168907166,374,162,394,228,384,195
frame_42,Rack_1,40,4,coke_small,0.8446044325828552,354,161,374,228,364,194
frame_42,Rack_1,38,4,coke_small,0.8392107486724854,333,160,354,228,343,194
frame_42,Rack_1,5,4,coke_small,0.9215582013130188,311,160,333,228,322,194
frame_42,Rack_1,21,17,sprite_small,0.8833833932876587,290,160,311,228,300,194
frame_42,Rack_1,14,17,sprite_small,0.9132822751998901,270,159,290,229,280,194
frame_42,Rack_1,25,17,sprite_small,0.9223290681838989,252,160,270,228,261,194
frame_42,Rack_1,15,17,sprite_small,0.9144402742385864,230,158,251,227,240,192
frame_42,Rack_1,28,9,empty,0.8585994243621826,102,162,226,228,164,195
frame_42,Rack_2,45,3,coke_med,0.9052221775054932,568,252,599,337,583,294
frame_42,Rack_2,20,3,coke_med,0.9144208431243896,534,252,567,338,550,295
frame_42,Rack_2,22,3,coke_med,0.911543071269989,511,253,534,338,522,295
frame_42,Rack_2,24,3,coke_med,0.9063272476196289,485,253,511,338,498,295
frame_42,Rack_2,3,3,coke_med,0.9461677670478821,458,253,484,338,471,295
frame_42,Rack_2,61,3,coke_med,0.7147367596626282,431,252,458,339,444,295
frame_42,Rack_2,41,6,coke_v_med,0.7624059915542603,405,252,431,339,418,295
frame_42,Rack_2,29,6,coke_v_med,0.7275664210319519,379,252,405,339,392,295
frame_42,Rack_2,26,2,anw_med,0.8817108869552612,353,252,378,339,365,295
frame_42,Rack_2,17,2,anw_med,0.878250241279602,329,252,353,339,341,295
frame_42,Rack_2,43,2,anw_med,0.8587486743927002,304,252,329,338,316,295
frame_42,Rack_2,42,2,anw_med,0.8878703713417053,280,251,304,338,292,294
frame_42,Rack_2,46,2,anw_med,0.8879425525665283,256,252,280,338,268,295
frame_42,Rack_2,7,2,anw_med,0.8938945531845093,229,253,255,338,242,295
frame_42,Rack_2,30,15,pepsi_med,0.8021185398101807,209,259,228,336,218,297
frame_42,Rack_2,8,15,pepsi_med,0.8946793079376221,187,258,208,336,197,297
frame_42,Rack_2,2,15,pepsi_med,0.9188365936279297,161,257,185,336,173,296
frame_42,Rack_2,16,15,pepsi_med,0.8838068842887878,141,258,161,336,151,297
frame_42,Rack_2,31,15,pepsi_med,0.8612914085388184,115,259,141,336,128,297
frame_42,Rack_2,44,15,pepsi_med,0.8511377573013306,94,259,115,335,104,297
frame_42,Rack_2,55,13,kick_med,0.6631770730018616,70,259,93,335,81,297
frame_42,Rack_2,53,13,kick_med,0.6695036888122559,49,258,69,334,59,296
frame_42,Rack_2,52,13,kick_med,0.7069018483161926,24,258,49,334,36,296
frame_42,Rack_3,6,9,empty,0.9253002405166626,481,359,591,486,536,422
frame_42,Rack_3,13,7,coke_z_big,0.9143211841583252,443,360,479,472,461,416
frame_42,Rack_3,1,7,coke_z_big,0.9223492741584778,406,360,442,472,424,416
frame_42,Rack_3,39,5,coke_v_big,0.8442361354827881,371,359,405,482,388,420
frame_42,Rack_3,4,5,coke_v_big,0.9096442461013794,334,357,370,483,352,420
frame_42,Rack_3,33,5,coke_v_big,0.8909618258476257,301,359,333,468,317,413
frame_42,Rack_3,18,5,coke_v_big,0.877368152141571,266,359,300,465,283,412
frame_42,Rack_3,10,5,coke_v_big,0.9136099815368652,231,358,265,479,248,418
frame_42,Rack_3,9,14,pepsi_big,0.9055458307266235,198,354,230,480,214,417
frame_42,Rack_3,11,14,pepsi_big,0.899647057056427,166,354,197,477,181,415
frame_42,Rack_3,54,14,pepsi_big,0.7788243293762207,134,354,165,476,149,415
frame_42,Rack_3,19,10,fanta_grape_big,0.9161742925643921,96,353,132,476,114,414
frame_42,Rack_3,51,10,fanta_grape_big,0.8543357253074646,70,354,95,471,82,412
frame_42,Rack_3,59,10,fanta_grape_big,0.5549834966659546,43,353,69,469,56,411
frame_42,Rack_3,23,12,fanta_straw_big,0.8557806015014648,4,353,43,462,23,407
frame_43,Rack_1,50,1,a&w_small,0.7756509184837341,574,157,601,224,587,190
frame_43,Rack_1,35,1,a&w_small,0.8042408227920532,553,156,574,223,563,189
frame_43,Rack_1,32,1,a&w_small,0.7952414751052856,531,156,553,224,542,190
frame_43,Rack_1,48,1,a&w_small,0.801787793636322,506,156,530,225,518,190
frame_43,Rack_1,37,1,a&w_small,0.8720309138298035,483,156,506,225,494,190
frame_43,Rack_1,27,1,a&w_small,0.8190003037452698,460,156,482,226,471,191
frame_43,Rack_1,36,1,a&w_small,0.8836660981178284,438,156,460,227,449,191
frame_43,Rack_1,49,4,coke_small,0.8099506497383118,416,159,437,226,426,192
frame_43,Rack_1,34,4,coke_small,0.8166319727897644,394,160,416,228,405,194
frame_43,Rack_1,12,4,coke_small,0.8067177534103394,374,162,394,228,384,195
frame_43,Rack_1,40,4,coke_small,0.8419870138168335,354,161,374,228,364,194
frame_43,Rack_1,38,4,coke_small,0.8266870975494385,333,161,354,228,343,194
frame_43,Rack_1,5,4,coke_small,0.9209400415420532,312,160,333,228,322,194
frame_43,Rack_1,21,17,sprite_small,0.8856734037399292,291,160,311,228,301,194
frame_43,Rack_1,14,17,sprite_small,0.9100648164749146,271,158,290,229,280,193
frame_43,Rack_1,25,17,sprite_small,0.91936194896698,252,159,270,228,261,193
frame_43,Rack_1,15,17,sprite_small,0.8968788385391235,230,158,252,228,241,193
frame_43,Rack_1,28,9,empty,0.869407057762146,102,162,227,228,164,195
frame_43,Rack_2,45,3,coke_med,0.8594077825546265,568,253,599,337,583,295
frame_43,Rack_2,20,3,coke_med,0.9068245887756348,535,253,567,338,551,295
frame_43,Rack_2,22,3,coke_med,0.9152806997299194,512,253,534,338,523,295
frame_43,Rack_2,24,3,coke_med,0.9062666296958923,485,254,511,338,498,296
frame_43,Rack_2,3,3,coke_med,0.9432216882705688,458,253,484,339,471,296
frame_43,Rack_2,47,6,coke_v_med,0.6640453934669495,432,253,458,339,445,296
frame_43,Rack_2,41,6,coke_v_med,0.8121916651725769,405,252,431,338,418,295
frame_43,Rack_2,29,6,coke_v_med,0.8317530751228333,379,253,405,339,392,296
frame_43,Rack_2,26,2,anw_med,0.8890753388404846,354,252,378,339,366,295
frame_43,Rack_2,17,2,anw_med,0.8754733800888062,329,253,353,339,341,296
frame_43,Rack_2,43,2,anw_med,0.8556071519851685,305,252,329,338,317,295
frame_43,Rack_2,42,2,anw_med,0.8861268162727356,281,252,304,338,292,295
frame_43,Rack_2,46,2,anw_med,0.8707713484764099,256,253,280,338,268,295
frame_43,Rack_2,7,2,anw_med,0.8854113221168518,230,254,255,338,242,296
frame_43,Rack_2,30,15,pepsi_med,0.7873004078865051,210,259,229,336,219,297
frame_43,Rack_2,8,15,pepsi_med,0.8899876475334167,186,257,208,336,197,296
frame_43,Rack_2,2,15,pepsi_med,0.9156268835067749,161,257,185,336,173,296
frame_43,Rack_2,16,15,pepsi_med,0.8893871307373047,141,258,161,336,151,297
frame_43,Rack_2,31,15,pepsi_med,0.869061291217804,115,258,141,336,128,297
frame_43,Rack_2,44,15,pepsi_med,0.8335220813751221,94,258,115,334,104,296
frame_43,Rack_2,55,13,kick_med,0.6989191770553589,70,259,93,335,81,297
frame_43,Rack_2,53,13,kick_med,0.7349087595939636,49,258,70,334,59,296
frame_43,Rack_2,52,13,kick_med,0.7352820634841919,24,258,49,334,36,296
frame_43,Rack_3,6,9,empty,0.9269629716873169,481,358,591,486,536,422
frame_43,Rack_3,13,7,coke_z_big,0.9105727672576904,443,360,479,472,461,416
frame_43,Rack_3,1,7,coke_z_big,0.9192026257514954,406,360,442,472,424,416
frame_43,Rack_3,39,5,coke_v_big,0.8472175598144531,371,359,405,482,388,420
frame_43,Rack_3,4,5,coke_v_big,0.9109408259391785,334,357,370,483,352,420
frame_43,Rack_3,33,5,coke_v_big,0.8971930742263794,301,359,334,468,317,413
frame_43,Rack_3,18,5,coke_v_big,0.8843486905097961,266,359,300,465,283,412
frame_43,Rack_3,10,5,coke_v_big,0.9178135991096497,231,358,265,479,248,418
frame_43,Rack_3,9,14,pepsi_big,0.90690016746521,198,355,230,480,214,417
frame_43,Rack_3,11,14,pepsi_big,0.903019905090332,166,354,197,476,181,415
frame_43,Rack_3,54,14,pepsi_big,0.7832285165786743,134,354,165,476,149,415
frame_43,Rack_3,19,10,fanta_grape_big,0.9043445587158203,96,354,132,476,114,415
frame_43,Rack_3,51,10,fanta_grape_big,0.8641948699951172,70,353,95,471,82,412
frame_43,Rack_3,59,10,fanta_grape_big,0.6559047102928162,44,353,69,468,56,410
frame_43,Rack_3,23,12,fanta_straw_big,0.8047924637794495,4,353,43,461,23,407
frame_44,Rack_1,50,1,a&w_small,0.7507665753364563,575,158,601,223,588,190
frame_44,Rack_1,35,1,a&w_small,0.7942163944244385,554,157,574,224,564,190
frame_44,Rack_1,32,1,a&w_small,0.776279628276825,531,157,553,224,542,190
frame_44,Rack_1,48,1,a&w_small,0.7699260115623474,506,157,530,225,518,191
frame_44,Rack_1,37,1,a&w_small,0.8072004318237305,483,158,506,225,494,191
frame_44,Rack_1,27,1,a&w_small,0.8293971419334412,461,158,483,226,472,192
frame_44,Rack_1,36,1,a&w_small,0.8511633276939392,438,158,460,227,449,192
frame_44,Rack_1,49,4,coke_small,0.7936944961547852,417,159,438,227,427,193
frame_44,Rack_1,34,4,coke_small,0.8455711007118225,394,160,416,227,405,193
frame_44,Rack_1,12,4,coke_small,0.8405455350875854,375,162,394,227,384,194
frame_44,Rack_1,40,4,coke_small,0.8403143882751465,354,160,374,227,364,193
frame_44,Rack_1,38,4,coke_small,0.8393686413764954,333,160,354,227,343,193
frame_44,Rack_1,5,4,coke_small,0.9214913845062256,312,160,333,228,322,194
frame_44,Rack_1,21,17,sprite_small,0.8674654960632324,291,160,312,228,301,194
frame_44,Rack_1,14,17,sprite_small,0.9090791940689087,271,159,291,228,281,193
frame_44,Rack_1,25,17,sprite_small,0.9147824645042419,252,159,270,228,261,193
frame_44,Rack_1,15,17,sprite_small,0.8940268158912659,231,158,252,227,241,192
frame_44,Rack_1,28,9,empty,0.8653823733329773,103,162,226,227,164,194
frame_44,Rack_1,57,0,7up_med,0.5266368389129639,46,164,73,242,59,203
frame_44,Rack_2,45,3,coke_med,0.8490501642227173,568,253,599,337,583,295
frame_44,Rack_2,20,3,coke_med,0.9146429896354675,535,253,567,338,551,295
frame_44,Rack_2,22,3,coke_med,0.9154094457626343,512,253,535,338,523,295
frame_44,Rack_2,24,3,coke_med,0.902877926826477,485,254,511,338,498,296
frame_44,Rack_2,3,3,coke_med,0.9404208064079285,458,253,484,339,471,296
frame_44,Rack_2,47,6,coke_v_med,0.7343735694885254,432,252,458,338,445,295
frame_44,Rack_2,41,6,coke_v_med,0.7825170755386353,405,252,431,338,418,295
frame_44,Rack_2,29,6,coke_v_med,0.8328841924667358,379,253,405,339,392,296
frame_44,Rack_2,26,2,anw_med,0.8972657918930054,354,253,378,339,366,296
frame_44,Rack_2,17,2,anw_med,0.8818127512931824,329,253,353,339,341,296
frame_44,Rack_2,43,2,anw_med,0.8429003357887268,305,252,329,338,317,295
frame_44,Rack_2,42,2,anw_med,0.8842751383781433,281,253,304,338,292,295
frame_44,Rack_2,46,2,anw_med,0.8681703805923462,256,253,280,338,268,295
frame_44,Rack_2,7,2,anw_med,0.8876588940620422,230,254,255,338,242,296
frame_44,Rack_2,30,15,pepsi_med,0.7939962148666382,210,258,229,336,219,297
frame_44,Rack_2,8,15,pepsi_med,0.8980523943901062,187,257,209,335,198,296
frame_44,Rack_2,2,15,pepsi_med,0.9178591966629028,161,257,185,336,173,296
frame_44,Rack_2,16,15,pepsi_med,0.8760724067687988,142,257,161,335,151,296
frame_44,Rack_2,31,15,pepsi_med,0.8823624849319458,115,258,141,336,128,297
frame_44,Rack_2,44,15,pepsi_med,0.8445340991020203,94,258,115,334,104,296
frame_44,Rack_2,55,13,kick_med,0.6756319403648376,70,259,93,335,81,297
frame_44,Rack_2,53,13,kick_med,0.7225553393363953,50,258,70,334,60,296
frame_44,Rack_2,52,13,kick_med,0.7266586422920227,24,258,49,334,36,296
frame_44,Rack_3,6,9,empty,0.9252560138702393,482,358,592,486,537,422
frame_44,Rack_3,13,7,coke_z_big,0.9092683792114258,444,360,479,472,461,416
frame_44,Rack_3,1,7,coke_z_big,0.9128638505935669,406,360,443,472,424,416
frame_44,Rack_3,39,5,coke_v_big,0.85185706615448,371,359,405,482,388,420
frame_44,Rack_3,4,5,coke_v_big,0.9115151166915894,334,357,370,483,352,420
frame_44,Rack_3,33,5,coke_v_big,0.9036426544189453,301,359,334,468,317,413
frame_44,Rack_3,18,5,coke_v_big,0.892342746257782,267,359,300,465,283,412
frame_44,Rack_3,10,5,coke_v_big,0.9188857078552246,231,358,265,479,248,418
frame_44,Rack_3,9,14,pepsi_big,0.9055466055870056,198,355,230,480,214,417
frame_44,Rack_3,11,14,pepsi_big,0.8954876065254211,166,353,197,476,181,414
frame_44,Rack_3,54,14,pepsi_big,0.7827409505844116,134,354,165,476,149,415
frame_44,Rack_3,19,10,fanta_grape_big,0.9044005274772644,96,354,133,476,114,415
frame_44,Rack_3,51,10,fanta_grape_big,0.8275547623634338,70,353,95,471,82,412
frame_44,Rack_3,59,10,fanta_grape_big,0.6353340148925781,44,353,70,468,57,410
frame_44,Rack_3,23,12,fanta_straw_big,0.8458598852157593,5,353,44,461,24,407
frame_45,Rack_1,50,1,a&w_small,0.7751674652099609,575,157,602,223,588,190
frame_45,Rack_1,35,1,a&w_small,0.7963706254959106,554,157,574,224,564,190
frame_45,Rack_1,32,1,a&w_small,0.7990326881408691,531,156,553,224,542,190
frame_45,Rack_1,48,1,a&w_small,0.7878900766372681,507,156,530,224,518,190
frame_45,Rack_1,37,1,a&w_small,0.8702399134635925,484,156,506,225,495,190
frame_45,Rack_1,27,1,a&w_small,0.8242570161819458,461,157,483,226,472,191
frame_45,Rack_1,36,1,a&w_small,0.8653919100761414,439,157,460,227,449,192
frame_45,Rack_1,49,4,coke_small,0.8005207180976868,417,159,438,226,427,192
frame_45,Rack_1,34,4,coke_small,0.8271505236625671,394,160,416,227,405,193
frame_45,Rack_1,12,4,coke_small,0.8143576979637146,375,162,394,227,384,194
frame_45,Rack_1,40,4,coke_small,0.8327175974845886,354,161,374,227,364,194
frame_45,Rack_1,38,4,coke_small,0.8594869375228882,334,160,354,227,344,193
frame_45,Rack_1,5,4,coke_small,0.9219287037849426,312,159,333,227,322,193
frame_45,Rack_1,21,17,sprite_small,0.8944931030273438,291,160,312,227,301,193
frame_45,Rack_1,14,17,sprite_small,0.9046199917793274,271,158,291,227,281,192
frame_45,Rack_1,25,17,sprite_small,0.9187098145484924,253,159,271,227,262,193
frame_45,Rack_1,15,17,sprite_small,0.9059122800827026,231,158,252,227,241,192
frame_45,Rack_1,28,9,empty,0.8670665621757507,103,162,226,226,164,194
frame_45,Rack_2,45,3,coke_med,0.8483830690383911,568,253,599,337,583,295
frame_45,Rack_2,20,3,coke_med,0.9095454812049866,535,253,567,338,551,295
frame_45,Rack_2,22,3,coke_med,0.9209978580474854,512,253,535,338,523,295
frame_45,Rack_2,24,3,coke_med,0.9087395071983337,485,254,511,338,498,296
frame_45,Rack_2,3,3,coke_med,0.939747154712677,459,253,485,339,472,296
frame_45,Rack_2,47,6,coke_v_med,0.6842188835144043,432,252,458,338,445,295
frame_45,Rack_2,61,3,coke_med,0.6665216088294983,433,254,458,339,445,296
frame_45,Rack_2,41,6,coke_v_med,0.7811901569366455,406,252,431,338,418,295
frame_45,Rack_2,29,6,coke_v_med,0.8473355174064636,379,253,405,339,392,296
frame_45,Rack_2,26,2,anw_med,0.8938237428665161,354,253,378,339,366,296
frame_45,Rack_2,17,2,anw_med,0.8699553608894348,329,253,353,339,341,296
frame_45,Rack_2,43,2,anw_med,0.8403369188308716,305,253,329,338,317,295
frame_45,Rack_2,42,2,anw_med,0.8899338245391846,281,253,304,338,292,295
frame_45,Rack_2,46,2,anw_med,0.8673831224441528,256,253,281,338,268,295
frame_45,Rack_2,7,2,anw_med,0.8889522552490234,230,254,255,338,242,296
frame_45,Rack_2,30,15,pepsi_med,0.8109807968139648,210,258,229,336,219,297
frame_45,Rack_2,8,15,pepsi_med,0.9003031849861145,187,257,209,335,198,296
frame_45,Rack_2,2,15,pepsi_med,0.9239699840545654,162,257,185,335,173,296
frame_45,Rack_2,16,15,pepsi_med,0.8682308793067932,142,257,161,335,151,296
frame_45,Rack_2,31,15,pepsi_med,0.8794545531272888,116,258,141,336,128,297
frame_45,Rack_2,44,15,pepsi_med,0.8482133746147156,94,258,115,334,104,296
frame_45,Rack_2,55,13,kick_med,0.6466829180717468,70,259,93,334,81,296
frame_45,Rack_2,53,13,kick_med,0.7410261034965515,50,258,70,334,60,296
frame_45,Rack_2,52,13,kick_med,0.7457658052444458,24,258,49,334,36,296
frame_45,Rack_2,56,13,kick_med,0.5036594271659851,3,258,24,334,13,296
frame_45,Rack_3,6,9,empty,0.9203086495399475,482,359,592,486,537,422
frame_45,Rack_3,13,7,coke_z_big,0.9089425206184387,444,360,480,472,462,416
frame_45,Rack_3,1,7,coke_z_big,0.9035845398902893,407,360,443,472,425,416
frame_45,Rack_3,39,5,coke_v_big,0.8507546782493591,371,359,405,482,388,420
frame_45,Rack_3,4,5,coke_v_big,0.9102770686149597,335,357,370,482,352,419
frame_45,Rack_3,33,5,coke_v_big,0.9041868448257446,301,358,334,468,317,413
frame_45,Rack_3,18,5,coke_v_big,0.887509822845459,267,359,300,465,283,412
frame_45,Rack_3,10,5,coke_v_big,0.9209783673286438,232,358,265,479,248,418
frame_45,Rack_3,9,14,pepsi_big,0.9081730246543884,198,354,230,480,214,417
frame_45,Rack_3,11,14,pepsi_big,0.896858274936676,166,353,197,477,181,415
frame_45,Rack_3,54,14,pepsi_big,0.6893633604049683,134,353,165,476,149,414
frame_45,Rack_3,19,10,fanta_grape_big,0.9033181667327881,96,353,133,476,114,414
frame_45,Rack_3,51,10,fanta_grape_big,0.8230016231536865,70,353,95,472,82,412
frame_45,Rack_3,23,12,fanta_straw_big,0.8304463028907776,5,353,44,461,24,407
frame_46,Rack_1,50,1,a&w_small,0.7264343500137329,575,158,602,223,588,190
frame_46,Rack_1,35,1,a&w_small,0.7811037302017212,554,157,574,224,564,190
frame_46,Rack_1,32,1,a&w_small,0.7888661026954651,532,157,553,224,542,190
frame_46,Rack_1,48,1,a&w_small,0.7841925621032715,507,157,530,225,518,191
frame_46,Rack_1,37,1,a&w_small,0.834309995174408,484,158,507,225,495,191
frame_46,Rack_1,27,1,a&w_small,0.8554062247276306,461,158,483,226,472,192
frame_46,Rack_1,36,1,a&w_small,0.8609222769737244,439,158,460,227,449,192
frame_46,Rack_1,49,4,coke_small,0.8105202317237854,417,160,438,227,427,193
frame_46,Rack_1,34,4,coke_small,0.8334388732910156,395,161,416,227,405,194
frame_46,Rack_1,12,4,coke_small,0.8265219926834106,375,162,394,227,384,194
frame_46,Rack_1,40,4,coke_small,0.850155770778656,355,162,374,227,364,194
frame_46,Rack_1,38,4,coke_small,0.8631356358528137,334,161,354,227,344,194
frame_46,Rack_1,5,4,coke_small,0.8942611813545227,312,160,334,227,323,193
frame_46,Rack_1,21,17,sprite_small,0.8752106428146362,291,159,312,227,301,193
frame_46,Rack_1,14,17,sprite_small,0.9067278504371643,271,158,291,227,281,192
frame_46,Rack_1,25,17,sprite_small,0.9110127091407776,253,159,271,227,262,193
frame_46,Rack_1,15,17,sprite_small,0.8991819620132446,231,158,252,227,241,192
frame_46,Rack_1,28,9,empty,0.8690435290336609,103,162,226,226,164,194
frame_46,Rack_2,45,3,coke_med,0.8073821663856506,568,253,599,337,583,295
frame_46,Rack_2,20,3,coke_med,0.9118639230728149,535,252,568,338,551,295
frame_46,Rack_2,22,3,coke_med,0.9243863224983215,512,253,535,338,523,295
frame_46,Rack_2,24,3,coke_med,0.9164215922355652,485,254,512,338,498,296
frame_46,Rack_2,3,3,coke_med,0.9312883615493774,459,253,485,339,472,296
frame_46,Rack_2,47,6,coke_v_med,0.630122721195221,433,253,459,338,446,295
frame_46,Rack_2,61,3,coke_med,0.8090336918830872,433,254,459,339,446,296
frame_46,Rack_2,41,6,coke_v_med,0.757013201713562,406,252,432,338,419,295
frame_46,Rack_2,29,6,coke_v_med,0.8044990301132202,380,253,405,339,392,296
frame_46,Rack_2,26,2,anw_med,0.8918117880821228,354,253,379,339,366,296
frame_46,Rack_2,17,2,anw_med,0.8629724383354187,330,253,354,338,342,295
frame_46,Rack_2,43,2,anw_med,0.8228720426559448,305,252,329,338,317,295
frame_46,Rack_2,42,2,anw_med,0.8901955485343933,281,253,305,338,293,295
frame_46,Rack_2,46,2,anw_med,0.8656301498413086,256,253,281,338,268,295
frame_46,Rack_2,7,2,anw_med,0.9045835733413696,230,254,256,338,243,296
frame_46,Rack_2,30,15,pepsi_med,0.8265089392662048,210,258,229,336,219,297
frame_46,Rack_2,8,15,pepsi_med,0.9006508588790894,187,256,209,335,198,295
frame_46,Rack_2,2,15,pepsi_med,0.9241207242012024,162,257,185,335,173,296
frame_46,Rack_2,16,15,pepsi_med,0.8603066205978394,142,257,161,335,151,296
frame_46,Rack_2,31,15,pepsi_med,0.8866540193557739,116,258,141,336,128,297
frame_46,Rack_2,44,15,pepsi_med,0.852262020111084,94,257,115,334,104,295
frame_46,Rack_2,55,13,kick_med,0.6478225588798523,70,258,94,333,82,295
frame_46,Rack_2,53,13,kick_med,0.7682744264602661,50,258,70,334,60,296
frame_46,Rack_2,52,13,kick_med,0.733159065246582,24,258,49,334,36,296
frame_46,Rack_3,6,9,empty,0.9233165383338928,482,359,593,486,537,422
frame_46,Rack_3,13,7,coke_z_big,0.9077267646789551,444,360,480,472,462,416
frame_46,Rack_3,1,7,coke_z_big,0.898830771446228,407,360,443,472,425,416
frame_46,Rack_3,39,5,coke_v_big,0.8471813201904297,372,359,405,482,388,420
frame_46,Rack_3,4,5,coke_v_big,0.9125890731811523,335,357,370,482,352,419
frame_46,Rack_3,33,5,coke_v_big,0.9059486389160156,301,358,334,468,317,413
frame_46,Rack_3,18,5,coke_v_big,0.8891531825065613,267,359,301,465,284,412
frame_46,Rack_3,10,5,coke_v_big,0.9222564697265625,232,358,266,478,249,418
frame_46,Rack_3,9,14,pepsi_big,0.9099299907684326,198,354,230,480,214,417
frame_46,Rack_3,11,14,pepsi_big,0.899050235748291,167,353,197,477,182,415
frame_46,Rack_3,54,14,pepsi_big,0.7649475336074829,134,353,165,476,149,414
frame_46,Rack_3,19,10,fanta_grape_big,0.9064249992370605,96,353,133,476,114,414
frame_46,Rack_3,51,10,fanta_grape_big,0.8153578639030457,71,353,95,472,83,412
frame_46,Rack_3,23,12,fanta_straw_big,0.8484055399894714,5,352,44,460,24,406
frame_47,Rack_1,50,1,a&w_small,0.681253969669342,576,158,602,223,589,190
frame_47,Rack_1,35,1,a&w_small,0.7656015157699585,554,157,574,223,564,190
frame_47,Rack_1,32,1,a&w_small,0.7812103629112244,532,157,554,223,543,190
frame_47,Rack_1,48,1,a&w_small,0.7809702754020691,507,158,531,225,519,191
frame_47,Rack_1,37,1,a&w_small,0.8303508758544922,485,158,507,225,496,191
frame_47,Rack_1,27,1,a&w_small,0.859057605266571,462,159,484,226,473,192
frame_47,Rack_1,36,1,a&w_small,0.8515339493751526,439,159,460,227,449,193
frame_47,Rack_1,49,4,coke_small,0.8202448487281799,417,160,438,227,427,193
frame_47,Rack_1,34,4,coke_small,0.8374411463737488,395,161,416,227,405,194
frame_47,Rack_1,12,4,coke_small,0.8316924571990967,375,162,395,227,385,194
frame_47,Rack_1,40,4,coke_small,0.8677036762237549,355,162,375,227,365,194
frame_47,Rack_1,38,4,coke_small,0.8708019256591797,334,161,354,227,344,194
frame_47,Rack_1,5,4,coke_small,0.9014240503311157,313,160,334,227,323,193
frame_47,Rack_1,21,17,sprite_small,0.8718473315238953,291,159,312,227,301,193
frame_47,Rack_1,14,17,sprite_small,0.9046934247016907,272,158,291,227,281,192
frame_47,Rack_1,25,17,sprite_small,0.9116004109382629,253,159,271,227,262,193
frame_47,Rack_1,15,17,sprite_small,0.9037113189697266,231,159,252,227,241,193
frame_47,Rack_1,28,9,empty,0.8644914031028748,103,162,226,226,164,194
frame_47,Rack_2,45,3,coke_med,0.8449094295501709,568,252,599,337,583,294
frame_47,Rack_2,20,3,coke_med,0.9239794611930847,536,252,568,338,552,295
frame_47,Rack_2,22,3,coke_med,0.9252077341079712,513,253,535,338,524,295
frame_47,Rack_2,24,3,coke_med,0.9217438101768494,486,253,512,338,499,295
frame_47,Rack_2,3,3,coke_med,0.9294988512992859,459,253,485,339,472,296
frame_47,Rack_2,47,6,coke_v_med,0.6986218690872192,433,252,459,338,446,295
frame_47,Rack_2,61,3,coke_med,0.8047743439674377,433,253,459,339,446,296
frame_47,Rack_2,41,6,coke_v_med,0.7853318452835083,406,252,432,338,419,295
frame_47,Rack_2,29,6,coke_v_med,0.7970114946365356,380,253,406,338,393,295
frame_47,Rack_2,26,2,anw_med,0.8899575471878052,354,252,379,339,366,295
frame_47,Rack_2,17,2,anw_med,0.862420380115509,330,253,354,338,342,295
frame_47,Rack_2,43,2,anw_med,0.8340767621994019,305,252,329,338,317,295
frame_47,Rack_2,42,2,anw_med,0.8877313733100891,281,252,305,338,293,295
frame_47,Rack_2,46,2,anw_med,0.8687881231307983,257,253,281,338,269,295
frame_47,Rack_2,7,2,anw_med,0.9074859023094177,230,253,256,338,243,295
frame_47,Rack_2,30,15,pepsi_med,0.8326432704925537,210,259,229,336,219,297
frame_47,Rack_2,8,15,pepsi_med,0.8879737257957458,187,258,209,335,198,296
frame_47,Rack_2,2,15,pepsi_med,0.9075679779052734,162,258,185,335,173,296
frame_47,Rack_2,16,15,pepsi_med,0.8686774373054504,142,257,162,335,152,296
frame_47,Rack_2,31,15,pepsi_med,0.8929228782653809,116,258,141,336,128,297
frame_47,Rack_2,44,15,pepsi_med,0.8528077602386475,95,257,116,334,105,295
frame_47,Rack_2,55,13,kick_med,0.5919665098190308,71,257,94,333,82,295
frame_47,Rack_2,53,13,kick_med,0.744033694267273,50,258,70,333,60,295
frame_47,Rack_2,52,13,kick_med,0.745335042476654,25,258,49,334,37,296
frame_47,Rack_2,56,13,kick_med,0.5212588906288147,3,258,24,335,13,296
frame_47,Rack_3,6,9,empty,0.9243985414505005,484,359,595,487,539,423
frame_47,Rack_3,13,7,coke_z_big,0.9047673344612122,445,360,480,472,462,416
frame_47,Rack_3,1,7,coke_z_big,0.9022073149681091,407,360,444,472,425,416
frame_47,Rack_3,39,5,coke_v_big,0.8306251764297485,372,359,406,482,389,420
frame_47,Rack_3,4,5,coke_v_big,0.9048721194267273,335,357,371,482,353,419
frame_47,Rack_3,33,5,coke_v_big,0.8992236256599426,302,358,334,468,318,413
frame_47,Rack_3,18,5,coke_v_big,0.8838137984275818,267,359,301,465,284,412
frame_47,Rack_3,10,5,coke_v_big,0.9158697724342346,232,358,266,478,249,418
frame_47,Rack_3,9,14,pepsi_big,0.9140686392784119,198,354,231,479,214,416
frame_47,Rack_3,11,14,pepsi_big,0.8997526168823242,167,353,197,477,182,415
frame_47,Rack_3,54,14,pepsi_big,0.8108053803443909,134,353,165,475,149,414
frame_47,Rack_3,19,10,fanta_grape_big,0.9138010740280151,97,353,133,476,115,414
frame_47,Rack_3,51,10,fanta_grape_big,0.7875769138336182,71,353,96,472,83,412
frame_47,Rack_3,23,12,fanta_straw_big,0.8722997903823853,5,352,44,460,24,406
frame_48,Rack_1,50,1,a&w_small,0.5546907186508179,576,158,603,223,589,190
frame_48,Rack_1,35,1,a&w_small,0.7561044096946716,555,157,575,223,565,190
frame_48,Rack_1,32,1,a&w_small,0.7808273434638977,532,157,554,224,543,190
frame_48,Rack_1,48,1,a&w_small,0.7804094552993774,508,158,531,225,519,191
frame_48,Rack_1,37,1,a&w_small,0.8238195180892944,485,158,507,225,496,191
frame_48,Rack_1,27,1,a&w_small,0.8470020890235901,462,159,484,226,473,192
frame_48,Rack_1,36,1,a&w_small,0.8392502665519714,440,159,461,227,450,193
frame_48,Rack_1,49,4,coke_small,0.8309463858604431,418,160,439,227,428,193
frame_48,Rack_1,34,4,coke_small,0.8614662885665894,396,161,417,227,406,194
frame_48,Rack_1,12,4,coke_small,0.8334101438522339,376,162,395,227,385,194
frame_48,Rack_1,40,4,coke_small,0.8654345870018005,355,162,375,227,365,194
frame_48,Rack_1,38,4,coke_small,0.8673596978187561,334,161,355,227,344,194
frame_48,Rack_1,5,4,coke_small,0.9107299447059631,313,160,334,227,323,193
frame_48,Rack_1,21,17,sprite_small,0.8804183006286621,291,158,312,227,301,192
frame_48,Rack_1,14,17,sprite_small,0.9004998207092285,272,158,292,227,282,192
frame_48,Rack_1,25,17,sprite_small,0.8936342597007751,253,159,271,227,262,193
frame_48,Rack_1,15,17,sprite_small,0.8980764746665955,232,159,253,227,242,193
frame_48,Rack_1,28,9,empty,0.8578876256942749,103,162,226,226,164,194
frame_48,Rack_1,57,0,7up_med,0.5593904256820679,47,163,74,242,60,202
frame_48,Rack_2,45,3,coke_med,0.828461229801178,569,252,600,337,584,294
frame_48,Rack_2,20,3,coke_med,0.9243358969688416,536,252,568,338,552,295
frame_48,Rack_2,22,3,coke_med,0.9322257041931152,513,253,536,338,524,295
frame_48,Rack_2,24,3,coke_med,0.9248430132865906,486,253,512,338,499,295
frame_48,Rack_2,3,3,coke_med,0.9309676885604858,460,253,486,339,473,296
frame_48,Rack_2,47,6,coke_v_med,0.687895655632019,433,252,459,338,446,295
frame_48,Rack_2,61,3,coke_med,0.8133044242858887,433,253,459,339,446,296
frame_48,Rack_2,41,6,coke_v_med,0.772331953048706,406,252,432,338,419,295
frame_48,Rack_2,29,6,coke_v_med,0.77121901512146,380,252,406,338,393,295
frame_48,Rack_2,26,2,anw_med,0.8894835114479065,355,252,379,339,367,295
frame_48,Rack_2,17,2,anw_med,0.8653913736343384,330,252,354,338,342,295
frame_48,Rack_2,43,2,anw_med,0.8485413193702698,306,252,330,338,318,295
frame_48,Rack_2,42,2,anw_med,0.8921048045158386,281,252,305,338,293,295
frame_48,Rack_2,46,2,anw_med,0.8652489185333252,257,252,281,338,269,295
frame_48,Rack_2,7,2,anw_med,0.906646192073822,231,253,256,337,243,295
frame_48,Rack_2,30,15,pepsi_med,0.8330070376396179,211,258,230,336,220,297
frame_48,Rack_2,8,15,pepsi_med,0.8784825801849365,188,258,210,335,199,296
frame_48,Rack_2,2,15,pepsi_med,0.903287410736084,162,258,186,335,174,296
frame_48,Rack_2,16,15,pepsi_med,0.8780270218849182,142,256,162,335,152,295
frame_48,Rack_2,31,15,pepsi_med,0.8996065258979797,116,258,142,335,129,296
frame_48,Rack_2,44,15,pepsi_med,0.872873067855835,95,257,116,334,105,295
frame_48,Rack_2,55,13,kick_med,0.641685962677002,71,257,94,333,82,295
frame_48,Rack_2,53,13,kick_med,0.7915138602256775,50,258,70,333,60,295
frame_48,Rack_2,52,13,kick_med,0.7893743515014648,25,258,50,333,37,295
frame_48,Rack_2,56,13,kick_med,0.6204552054405212,3,258,24,334,13,296
frame_48,Rack_3,6,9,empty,0.924469530582428,485,359,597,487,541,423
frame_48,Rack_3,13,7,coke_z_big,0.906220555305481,445,360,481,472,463,416
frame_48,Rack_3,1,7,coke_z_big,0.9038349390029907,407,360,444,472,425,416
frame_48,Rack_3,39,5,coke_v_big,0.8272714018821716,372,359,406,481,389,420
frame_48,Rack_3,4,5,coke_v_big,0.9043436646461487,335,357,371,482,353,419
frame_48,Rack_3,33,5,coke_v_big,0.9047257304191589,302,358,335,468,318,413
frame_48,Rack_3,18,5,coke_v_big,0.8867189884185791,268,359,301,465,284,412
frame_48,Rack_3,10,5,coke_v_big,0.9047985076904297,232,358,266,478,249,418
frame_48,Rack_3,9,14,pepsi_big,0.9203597903251648,199,354,231,479,215,416
frame_48,Rack_3,11,14,pepsi_big,0.8961519598960876,167,353,198,476,182,414
frame_48,Rack_3,54,14,pepsi_big,0.777568519115448,135,353,166,476,150,414
frame_48,Rack_3,19,10,fanta_grape_big,0.9004561305046082,97,353,133,475,115,414
frame_48,Rack_3,51,10,fanta_grape_big,0.7873026132583618,71,353,96,472,83,412
frame_48,Rack_3,59,10,fanta_grape_big,0.5803678631782532,45,353,71,464,58,408
frame_48,Rack_3,23,12,fanta_straw_big,0.8886860609054565,4,352,44,460,24,406
frame_49,Rack_1,50,1,a&w_small,0.6904146075248718,576,157,603,223,589,190
frame_49,Rack_1,35,1,a&w_small,0.7546811103820801,555,157,575,223,565,190
frame_49,Rack_1,32,1,a&w_small,0.8012163639068604,533,156,554,223,543,189
frame_49,Rack_1,48,1,a&w_small,0.8163836598396301,509,157,532,224,520,190
frame_49,Rack_1,37,1,a&w_small,0.8574467897415161,486,157,508,225,497,191
frame_49,Rack_1,27,1,a&w_small,0.8300738334655762,463,158,485,226,474,192
frame_49,Rack_1,36,1,a&w_small,0.824918270111084,440,157,461,227,450,192
frame_49,Rack_1,49,4,coke_small,0.81744384765625,418,158,439,227,428,192
frame_49,Rack_1,34,4,coke_small,0.8767036199569702,396,161,417,227,406,194
frame_49,Rack_1,12,4,coke_small,0.8281562924385071,376,162,395,227,385,194
frame_49,Rack_1,40,4,coke_small,0.864674985408783,355,162,375,227,365,194
frame_49,Rack_1,38,4,coke_small,0.8714511394500732,335,161,355,227,345,194
frame_49,Rack_1,5,4,coke_small,0.9083714485168457,313,159,335,228,324,193
frame_49,Rack_1,21,17,sprite_small,0.8986395597457886,292,159,313,227,302,193
frame_49,Rack_1,14,17,sprite_small,0.8999179601669312,272,158,292,227,282,192
frame_49,Rack_1,25,17,sprite_small,0.8902718424797058,254,159,272,227,263,193
frame_49,Rack_1,15,17,sprite_small,0.8962329626083374,232,158,253,227,242,192
frame_49,Rack_1,28,9,empty,0.8647293448448181,103,162,227,226,165,194
frame_49,Rack_2,45,3,coke_med,0.872252345085144,569,252,600,337,584,294
frame_49,Rack_2,20,3,coke_med,0.923952579498291,536,251,569,338,552,294
frame_49,Rack_2,22,3,coke_med,0.9310635328292847,513,252,536,338,524,295
frame_49,Rack_2,24,3,coke_med,0.9227985739707947,486,253,513,338,499,295
frame_49,Rack_2,3,3,coke_med,0.9349030256271362,460,252,486,338,473,295
frame_49,Rack_2,47,6,coke_v_med,0.6767088174819946,433,251,459,338,446,294
frame_49,Rack_2,61,3,coke_med,0.8061839938163757,434,253,459,339,446,296
frame_49,Rack_2,41,6,coke_v_med,0.8030382394790649,406,251,432,338,419,294
frame_49,Rack_2,29,6,coke_v_med,0.7505857348442078,381,252,406,338,393,295
frame_49,Rack_2,26,2,anw_med,0.8916583061218262,355,251,380,338,367,294
frame_49,Rack_2,17,2,anw_med,0.869132399559021,331,252,355,338,343,295
frame_49,Rack_2,43,2,anw_med,0.8624212741851807,306,252,330,338,318,295
frame_49,Rack_2,42,2,anw_med,0.8852857947349548,281,251,305,338,293,294
frame_49,Rack_2,46,2,anw_med,0.8606519103050232,257,252,281,338,269,295
frame_49,Rack_2,7,2,anw_med,0.9040966033935547,231,253,257,337,244,295
frame_49,Rack_2,30,15,pepsi_med,0.826952338218689,211,257,230,335,220,296
frame_49,Rack_2,8,15,pepsi_med,0.8906195759773254,188,258,210,335,199,296
frame_49,Rack_2,2,15,pepsi_med,0.9119763374328613,163,257,186,335,174,296
frame_49,Rack_2,16,15,pepsi_med,0.8793621063232422,143,257,162,335,152,296
frame_49,Rack_2,31,15,pepsi_med,0.8932825326919556,116,257,142,335,129,296
frame_49,Rack_2,44,15,pepsi_med,0.8687435984611511,95,256,116,334,105,295
frame_49,Rack_2,55,13,kick_med,0.6877709031105042,71,256,94,333,82,294
frame_49,Rack_2,53,13,kick_med,0.8253527283668518,51,258,71,333,61,295
frame_49,Rack_2,52,13,kick_med,0.8231244087219238,25,257,50,334,37,295
frame_49,Rack_2,56,13,kick_med,0.6807847619056702,3,258,24,334,13,296
frame_49,Rack_3,6,9,empty,0.9225528836250305,485,359,599,488,542,423
frame_49,Rack_3,13,7,coke_z_big,0.9042065143585205,445,360,481,472,463,416
frame_49,Rack_3,1,7,coke_z_big,0.9067190289497375,408,360,444,472,426,416
frame_49,Rack_3,39,5,coke_v_big,0.8121963143348694,372,358,407,482,389,420
frame_49,Rack_3,4,5,coke_v_big,0.9094712138175964,336,356,372,483,354,419
frame_49,Rack_3,33,5,coke_v_big,0.9057119488716125,302,358,335,468,318,413
frame_49,Rack_3,18,5,coke_v_big,0.8890976905822754,268,359,301,465,284,412
frame_49,Rack_3,10,5,coke_v_big,0.8927332162857056,233,358,266,477,249,417
frame_49,Rack_3,9,14,pepsi_big,0.9214404821395874,199,354,231,479,215,416
frame_49,Rack_3,11,14,pepsi_big,0.8912217617034912,167,352,198,476,182,414
frame_49,Rack_3,54,14,pepsi_big,0.6864246726036072,135,352,166,475,150,413
frame_49,Rack_3,19,10,fanta_grape_big,0.8937689661979675,97,353,134,475,115,414
frame_49,Rack_3,51,10,fanta_grape_big,0.7704695463180542,71,353,96,471,83,412
frame_49,Rack_3,59,10,fanta_grape_big,0.5690291523933411,46,353,71,464,58,408
frame_49,Rack_3,23,12,fanta_straw_big,0.9112595319747925,5,352,44,459,24,405
frame_50,Rack_1,50,1,a&w_small,0.733476459980011,576,157,604,223,590,190
frame_50,Rack_1,35,1,a&w_small,0.7623589038848877,555,157,575,223,565,190
frame_50,Rack_1,32,1,a&w_small,0.8083726167678833,533,156,555,223,544,189
frame_50,Rack_1,48,1,a&w_small,0.8239602446556091,509,157,533,224,521,190
frame_50,Rack_1,37,1,a&w_small,0.8441203236579895,486,156,508,224,497,190
frame_50,Rack_1,27,1,a&w_small,0.8308150172233582,463,157,485,226,474,191
frame_50,Rack_1,36,1,a&w_small,0.843647301197052,440,157,462,226,451,191
frame_50,Rack_1,49,4,coke_small,0.8101314902305603,418,158,440,227,429,192
frame_50,Rack_1,34,4,coke_small,0.87392657995224,396,161,418,227,407,194
frame_50,Rack_1,12,4,coke_small,0.835595965385437,376,162,396,227,386,194
frame_50,Rack_1,40,4,coke_small,0.8754922747612,356,162,376,227,366,194
frame_50,Rack_1,38,4,coke_small,0.8741880655288696,335,161,355,227,345,194
frame_50,Rack_1,5,4,coke_small,0.9062961339950562,314,159,335,227,324,193
frame_50,Rack_1,21,17,sprite_small,0.8954980969429016,292,159,313,227,302,193
frame_50,Rack_1,14,17,sprite_small,0.8984948992729187,272,158,292,227,282,192
frame_50,Rack_1,25,17,sprite_small,0.8880314826965332,254,159,272,227,263,193
frame_50,Rack_1,15,17,sprite_small,0.8940689563751221,232,158,253,227,242,192
frame_50,Rack_1,28,9,empty,0.8614142537117004,103,162,227,226,165,194
frame_50,Rack_2,45,3,coke_med,0.9244215488433838,570,252,601,337,585,294
frame_50,Rack_2,20,3,coke_med,0.9328563213348389,537,251,569,337,553,294
frame_50,Rack_2,22,3,coke_med,0.9343228936195374,513,252,536,338,524,295
frame_50,Rack_2,24,3,coke_med,0.9238808155059814,486,252,513,338,499,295
frame_50,Rack_2,3,3,coke_med,0.9453302025794983,460,252,486,338,473,295
frame_50,Rack_2,47,6,coke_v_med,0.749861478805542,434,251,460,338,447,294
frame_50,Rack_2,61,3,coke_med,0.809928834438324,434,253,460,339,447,296
frame_50,Rack_2,41,6,coke_v_med,0.8019359707832336,407,251,433,338,420,294
frame_50,Rack_2,29,6,coke_v_med,0.7295818328857422,381,251,407,338,394,294
frame_50,Rack_2,26,2,anw_med,0.890365719795227,355,251,380,338,367,294
frame_50,Rack_2,17,2,anw_med,0.8658474683761597,331,251,355,338,343,294
frame_50,Rack_2,43,2,anw_med,0.8702377676963806,306,251,330,338,318,294
frame_50,Rack_2,42,2,anw_med,0.881212055683136,282,251,305,338,293,294
frame_50,Rack_2,46,2,anw_med,0.8572759628295898,257,252,282,338,269,295
frame_50,Rack_2,7,2,anw_med,0.9004573822021484,231,252,257,337,244,294
frame_50,Rack_2,30,15,pepsi_med,0.8336350917816162,211,257,230,334,220,295
frame_50,Rack_2,8,15,pepsi_med,0.8876048922538757,188,257,210,335,199,296
frame_50,Rack_2,2,15,pepsi_med,0.9051510095596313,163,257,186,335,174,296
frame_50,Rack_2,16,15,pepsi_med,0.880254328250885,143,256,162,335,152,295
frame_50,Rack_2,31,15,pepsi_med,0.8981619477272034,116,257,142,335,129,296
frame_50,Rack_2,44,15,pepsi_med,0.8593395352363586,95,256,116,334,105,295
frame_50,Rack_2,55,13,kick_med,0.7145628929138184,71,257,94,333,82,295
frame_50,Rack_2,53,13,kick_med,0.8302682042121887,51,258,71,333,61,295
frame_50,Rack_2,52,13,kick_med,0.8391616940498352,25,257,50,334,37,295
frame_50,Rack_2,56,13,kick_med,0.722773015499115,3,258,25,334,14,296
frame_50,Rack_3,6,9,empty,0.9206361174583435,485,359,600,488,542,423
frame_50,Rack_3,13,7,coke_z_big,0.9041284918785095,445,359,481,472,463,415
frame_50,Rack_3,1,7,coke_z_big,0.9054479598999023,408,360,444,472,426,416
frame_50,Rack_3,39,5,coke_v_big,0.8281531929969788,372,357,407,483,389,420
frame_50,Rack_3,4,5,coke_v_big,0.908758819103241,336,356,372,483,354,419
frame_50,Rack_3,33,5,coke_v_big,0.9048941731452942,302,358,335,468,318,413
frame_50,Rack_3,18,5,coke_v_big,0.8869622945785522,268,359,302,465,285,412
frame_50,Rack_3,10,5,coke_v_big,0.8787235617637634,233,359,266,477,249,418
frame_50,Rack_3,9,14,pepsi_big,0.9216329455375671,199,354,231,479,215,416
frame_50,Rack_3,11,14,pepsi_big,0.8921338319778442,167,352,198,476,182,414
frame_50,Rack_3,54,14,pepsi_big,0.7095929384231567,135,352,166,475,150,413
frame_50,Rack_3,19,10,fanta_grape_big,0.9206962585449219,97,353,134,475,115,414
frame_50,Rack_3,51,10,fanta_grape_big,0.8100707530975342,71,353,96,471,83,412
frame_50,Rack_3,59,10,fanta_grape_big,0.6247971653938293,46,353,71,463,58,408
frame_50,Rack_3,23,12,fanta_straw_big,0.9173057675361633,4,352,44,459,24,405
frame_51,Rack_1,50,1,a&w_small,0.7990127801895142,577,157,605,223,591,190
frame_51,Rack_1,35,1,a&w_small,0.7781103849411011,556,157,576,223,566,190
frame_51,Rack_1,32,1,a&w_small,0.8118760585784912,533,155,556,223,544,189
frame_51,Rack_1,48,1,a&w_small,0.8195099830627441,510,157,533,224,521,190
frame_51,Rack_1,37,1,a&w_small,0.8246418237686157,486,156,508,224,497,190
frame_51,Rack_1,27,1,a&w_small,0.8277127742767334,463,157,485,226,474,191
frame_51,Rack_1,36,1,a&w_small,0.8504443764686584,440,156,462,226,451,191
frame_51,Rack_1,49,4,coke_small,0.7789064049720764,418,158,440,227,429,192
frame_51,Rack_1,34,4,coke_small,0.8627020716667175,396,161,418,227,407,194
frame_51,Rack_1,12,4,coke_small,0.8505014181137085,376,162,396,227,386,194
frame_51,Rack_1,40,4,coke_small,0.8834114074707031,356,161,376,227,366,194
frame_51,Rack_1,38,4,coke_small,0.8654268980026245,335,161,356,227,345,194
frame_51,Rack_1,5,4,coke_small,0.9070270657539368,314,159,335,227,324,193
frame_51,Rack_1,21,17,sprite_small,0.9060487747192383,293,159,314,227,303,193
frame_51,Rack_1,14,17,sprite_small,0.8992286920547485,273,158,292,227,282,192
frame_51,Rack_1,25,17,sprite_small,0.8878167867660522,254,158,272,227,263,192
frame_51,Rack_1,15,17,sprite_small,0.8894815444946289,232,158,254,227,243,192
frame_51,Rack_1,28,9,empty,0.8645645380020142,103,161,227,226,165,193
frame_51,Rack_2,45,3,coke_med,0.9031168222427368,570,251,601,336,585,293
frame_51,Rack_2,20,3,coke_med,0.9328668117523193,537,251,569,337,553,294
frame_51,Rack_2,22,3,coke_med,0.9356372356414795,514,252,536,338,525,295
frame_51,Rack_2,24,3,coke_med,0.9234013557434082,487,252,513,338,500,295
frame_51,Rack_2,3,3,coke_med,0.9332162141799927,461,252,487,338,474,295
frame_51,Rack_2,47,6,coke_v_med,0.7591575980186462,434,252,460,338,447,295
frame_51,Rack_2,61,3,coke_med,0.7921224236488342,434,253,460,339,447,296
frame_51,Rack_2,41,6,coke_v_med,0.7773266434669495,407,251,433,338,420,294
frame_51,Rack_2,29,6,coke_v_med,0.7716537117958069,381,251,407,338,394,294
frame_51,Rack_2,26,2,anw_med,0.88731849193573,355,251,380,338,367,294
frame_51,Rack_2,17,2,anw_med,0.8715062141418457,331,251,355,338,343,294
frame_51,Rack_2,43,2,anw_med,0.881065309047699,306,251,331,338,318,294
frame_51,Rack_2,42,2,anw_med,0.8820760846138,282,251,306,338,294,294
frame_51,Rack_2,46,2,anw_med,0.8681398630142212,257,252,282,338,269,295
frame_51,Rack_2,7,2,anw_med,0.9059621691703796,231,252,257,337,244,294
frame_51,Rack_2,30,15,pepsi_med,0.8407949805259705,211,257,230,334,220,295
frame_51,Rack_2,8,15,pepsi_med,0.8918551206588745,188,257,210,335,199,296
frame_51,Rack_2,2,15,pepsi_med,0.9052367210388184,163,257,187,335,175,296
frame_51,Rack_2,16,15,pepsi_med,0.8816286325454712,143,257,163,335,153,296
frame_51,Rack_2,31,15,pepsi_med,0.8813822269439697,117,257,142,335,129,296
frame_51,Rack_2,44,15,pepsi_med,0.8528534770011902,95,256,116,334,105,295
frame_51,Rack_2,55,13,kick_med,0.7153894305229187,71,256,95,333,83,294
frame_51,Rack_2,53,13,kick_med,0.8222282528877258,51,258,71,333,61,295
frame_51,Rack_2,52,13,kick_med,0.8112698197364807,26,257,51,334,38,295
frame_51,Rack_2,56,13,kick_med,0.6558732986450195,3,258,25,334,14,296
frame_51,Rack_3,6,9,empty,0.9186501502990723,485,359,600,488,542,423
frame_51,Rack_3,13,7,coke_z_big,0.9068136811256409,446,359,481,472,463,415
frame_51,Rack_3,1,7,coke_z_big,0.9111472368240356,408,360,445,472,426,416
frame_51,Rack_3,39,5,coke_v_big,0.8551730513572693,373,357,407,483,390,420
frame_51,Rack_3,4,5,coke_v_big,0.9137059450149536,336,356,372,483,354,419
frame_51,Rack_3,33,5,coke_v_big,0.9079669713973999,302,358,335,468,318,413
frame_51,Rack_3,18,5,coke_v_big,0.8941698670387268,268,359,302,465,285,412
frame_51,Rack_3,10,5,coke_v_big,0.8850255012512207,233,359,266,477,249,418
frame_51,Rack_3,9,14,pepsi_big,0.923976719379425,199,354,231,479,215,416
frame_51,Rack_3,11,14,pepsi_big,0.8915230631828308,167,352,198,476,182,414
frame_51,Rack_3,54,14,pepsi_big,0.6542200446128845,135,352,166,475,150,413
frame_51,Rack_3,19,10,fanta_grape_big,0.9179298877716064,98,353,134,475,116,414
frame_51,Rack_3,51,10,fanta_grape_big,0.8265935778617859,72,353,96,471,84,412
frame_51,Rack_3,59,10,fanta_grape_big,0.5728597640991211,46,353,71,464,58,408
frame_51,Rack_3,23,12,fanta_straw_big,0.9057055711746216,4,352,44,460,24,406
frame_52,Rack_1,50,1,a&w_small,0.8458589911460876,577,155,605,222,591,188
frame_52,Rack_1,35,1,a&w_small,0.7860649228096008,556,156,576,223,566,189
frame_52,Rack_1,32,1,a&w_small,0.8089544177055359,534,155,556,223,545,189
frame_52,Rack_1,48,1,a&w_small,0.8154644966125488,510,155,534,224,522,189
frame_52,Rack_1,37,1,a&w_small,0.8494908213615417,486,155,509,224,497,189
frame_52,Rack_1,27,1,a&w_small,0.8510351777076721,463,156,486,225,474,190
frame_52,Rack_1,36,1,a&w_small,0.8568752408027649,440,156,462,226,451,191
frame_52,Rack_1,49,4,coke_small,0.7300583720207214,418,157,440,227,429,192
frame_52,Rack_1,34,4,coke_small,0.8533012866973877,396,161,418,227,407,194
frame_52,Rack_1,12,4,coke_small,0.8303884267807007,376,161,396,227,386,194
frame_52,Rack_1,40,4,coke_small,0.8796537518501282,356,161,377,227,366,194
frame_52,Rack_1,38,4,coke_small,0.8496997356414795,335,159,356,227,345,193
frame_52,Rack_1,5,4,coke_small,0.905702531337738,314,159,336,227,325,193
frame_52,Rack_1,21,17,sprite_small,0.9142551422119141,293,158,314,227,303,192
frame_52,Rack_1,14,17,sprite_small,0.8957069516181946,273,157,293,228,283,192
frame_52,Rack_1,25,17,sprite_small,0.8905967473983765,254,158,273,227,263,192
frame_52,Rack_1,15,17,sprite_small,0.8893015384674072,233,158,254,227,243,192
frame_52,Rack_1,28,9,empty,0.864183247089386,103,161,228,226,165,193
frame_52,Rack_2,45,3,coke_med,0.9039542078971863,570,251,602,336,586,293
frame_52,Rack_2,20,3,coke_med,0.9344732761383057,537,251,569,337,553,294
frame_52,Rack_2,22,3,coke_med,0.934759259223938,514,252,537,338,525,295
frame_52,Rack_2,24,3,coke_med,0.923263430595398,487,252,513,337,500,294
frame_52,Rack_2,3,3,coke_med,0.9360491037368774,461,252,487,338,474,295
frame_52,Rack_2,47,6,coke_v_med,0.7950030565261841,434,252,460,338,447,295
frame_52,Rack_2,61,3,coke_med,0.8207879662513733,434,253,460,338,447,295
frame_52,Rack_2,41,6,coke_v_med,0.74330073595047,407,251,433,338,420,294
frame_52,Rack_2,29,6,coke_v_med,0.7939054369926453,381,251,407,338,394,294
frame_52,Rack_2,26,2,anw_med,0.8890740275382996,356,251,380,338,368,294
frame_52,Rack_2,17,2,anw_med,0.8730760216712952,331,251,355,338,343,294
frame_52,Rack_2,43,2,anw_med,0.8872434496879578,307,251,331,338,319,294
frame_52,Rack_2,42,2,anw_med,0.8830016255378723,282,251,306,338,294,294
frame_52,Rack_2,46,2,anw_med,0.8725110292434692,258,252,282,338,270,295
frame_52,Rack_2,7,2,anw_med,0.9059619307518005,232,252,257,337,244,294
frame_52,Rack_2,30,15,pepsi_med,0.84552001953125,211,256,230,333,220,294
frame_52,Rack_2,8,15,pepsi_med,0.893136739730835,189,257,211,334,200,295
frame_52,Rack_2,2,15,pepsi_med,0.9053794145584106,163,257,187,334,175,295
frame_52,Rack_2,16,15,pepsi_med,0.8809077739715576,143,256,163,335,153,295
frame_52,Rack_2,31,15,pepsi_med,0.8788565993309021,117,257,143,335,130,296
frame_52,Rack_2,44,15,pepsi_med,0.8637202382087708,95,256,117,334,106,295
frame_52,Rack_2,55,13,kick_med,0.7271703481674194,71,256,95,333,83,294
frame_52,Rack_2,53,13,kick_med,0.8160624504089355,51,258,71,333,61,295
frame_52,Rack_2,52,13,kick_med,0.8138445019721985,26,257,51,333,38,295
frame_52,Rack_2,56,13,kick_med,0.6672738790512085,3,258,25,334,14,296
frame_52,Rack_3,6,9,empty,0.9193993806838989,486,359,600,488,543,423
frame_52,Rack_3,13,7,coke_z_big,0.906271755695343,446,359,481,472,463,415
frame_52,Rack_3,1,7,coke_z_big,0.9091939330101013,408,360,445,472,426,416
frame_52,Rack_3,39,5,coke_v_big,0.8628679513931274,373,357,408,483,390,420
frame_52,Rack_3,4,5,coke_v_big,0.9122141003608704,336,356,372,483,354,419
frame_52,Rack_3,33,5,coke_v_big,0.9108229875564575,303,357,336,467,319,412
frame_52,Rack_3,18,5,coke_v_big,0.895607590675354,268,359,302,465,285,412
frame_52,Rack_3,10,5,coke_v_big,0.8861597776412964,233,359,267,477,250,418
frame_52,Rack_3,9,14,pepsi_big,0.9243935346603394,200,354,231,479,215,416
frame_52,Rack_3,11,14,pepsi_big,0.8904975652694702,168,353,198,476,183,414
frame_52,Rack_3,54,14,pepsi_big,0.6587592959403992,135,352,166,475,150,413
frame_52,Rack_3,19,10,fanta_grape_big,0.9114570617675781,98,353,134,475,116,414
frame_52,Rack_3,51,10,fanta_grape_big,0.8171284794807434,72,353,96,471,84,412
frame_52,Rack_3,59,10,fanta_grape_big,0.5594324469566345,46,353,72,465,59,409
frame_52,Rack_3,23,12,fanta_straw_big,0.8999976515769958,5,352,44,459,24,405
frame_53,Rack_1,50,1,a&w_small,0.8362581133842468,578,155,605,222,591,188
frame_53,Rack_1,35,1,a&w_small,0.7757773995399475,556,155,577,223,566,189
frame_53,Rack_1,32,1,a&w_small,0.8113515973091125,534,154,556,223,545,188
frame_53,Rack_1,48,1,a&w_small,0.8148336410522461,510,154,534,224,522,189
frame_53,Rack_1,37,1,a&w_small,0.8499852418899536,486,155,509,224,497,189
frame_53,Rack_1,27,1,a&w_small,0.8563292026519775,463,155,486,225,474,190
frame_53,Rack_1,36,1,a&w_small,0.8554654121398926,440,156,462,226,451,191
frame_53,Rack_1,49,4,coke_small,0.737704336643219,419,157,440,227,429,192
frame_53,Rack_1,34,4,coke_small,0.8562455177307129,397,160,418,227,407,193
frame_53,Rack_1,12,4,coke_small,0.8197108507156372,377,161,396,227,386,194
frame_53,Rack_1,40,4,coke_small,0.873991072177887,356,161,377,227,366,194
frame_53,Rack_1,38,4,coke_small,0.8445138335227966,336,159,356,227,346,193
frame_53,Rack_1,5,4,coke_small,0.9057644605636597,314,159,336,227,325,193
frame_53,Rack_1,21,17,sprite_small,0.9193045496940613,293,158,314,227,303,192
frame_53,Rack_1,14,17,sprite_small,0.8987473845481873,273,157,293,228,283,192
frame_53,Rack_1,25,17,sprite_small,0.8933736681938171,255,158,273,227,264,192
frame_53,Rack_1,15,17,sprite_small,0.8940527439117432,233,158,254,227,243,192
frame_53,Rack_1,28,9,empty,0.8596705198287964,103,161,228,226,165,193
frame_53,Rack_2,45,3,coke_med,0.8925994634628296,570,251,602,337,586,294
frame_53,Rack_2,20,3,coke_med,0.9363706707954407,537,251,570,337,553,294
frame_53,Rack_2,22,3,coke_med,0.926954984664917,514,252,537,338,525,295
frame_53,Rack_2,24,3,coke_med,0.92410808801651,487,252,513,337,500,294
frame_53,Rack_2,3,3,coke_med,0.9378591775894165,461,252,487,338,474,295
frame_53,Rack_2,47,6,coke_v_med,0.7979780435562134,434,252,460,338,447,295
frame_53,Rack_2,61,3,coke_med,0.8190188407897949,435,253,460,338,447,295
frame_53,Rack_2,41,6,coke_v_med,0.7745938301086426,408,251,433,337,420,294
frame_53,Rack_2,29,6,coke_v_med,0.8203973770141602,381,251,407,338,394,294
frame_53,Rack_2,26,2,anw_med,0.8909093141555786,356,251,380,338,368,294
frame_53,Rack_2,17,2,anw_med,0.8738942742347717,331,251,355,338,343,294
frame_53,Rack_2,43,2,anw_med,0.8885024785995483,307,251,331,338,319,294
frame_53,Rack_2,42,2,anw_med,0.8856539726257324,282,251,306,338,294,294
frame_53,Rack_2,46,2,anw_med,0.8756378293037415,258,252,282,338,270,295
frame_53,Rack_2,7,2,anw_med,0.9048793315887451,232,252,257,337,244,294
frame_53,Rack_2,30,15,pepsi_med,0.8364812731742859,212,256,231,333,221,294
frame_53,Rack_2,8,15,pepsi_med,0.8862431049346924,189,257,211,334,200,295
frame_53,Rack_2,2,15,pepsi_med,0.9072286486625671,163,257,187,334,175,295
frame_53,Rack_2,16,15,pepsi_med,0.883587121963501,143,256,163,335,153,295
frame_53,Rack_2,31,15,pepsi_med,0.8716300129890442,117,257,142,335,129,296
frame_53,Rack_2,44,15,pepsi_med,0.8520087599754333,95,256,117,334,106,295
frame_53,Rack_2,55,13,kick_med,0.7224296927452087,72,256,95,333,83,294
frame_53,Rack_2,53,13,kick_med,0.8113060593605042,51,258,71,333,61,295
frame_53,Rack_2,52,13,kick_med,0.8061519265174866,26,257,51,333,38,295
frame_53,Rack_2,56,13,kick_med,0.7084643840789795,3,258,25,333,14,295
frame_53,Rack_3,6,9,empty,0.9206219911575317,486,359,602,488,544,423
frame_53,Rack_3,13,7,coke_z_big,0.907191276550293,446,359,482,472,464,415
frame_53,Rack_3,1,7,coke_z_big,0.9126244187355042,408,359,445,472,426,415
frame_53,Rack_3,39,5,coke_v_big,0.8716792464256287,373,357,408,483,390,420
frame_53,Rack_3,4,5,coke_v_big,0.912132978439331,336,356,373,483,354,419
frame_53,Rack_3,33,5,coke_v_big,0.9073508381843567,303,357,336,467,319,412
frame_53,Rack_3,18,5,coke_v_big,0.890363335609436,268,359,302,464,285,411
frame_53,Rack_3,10,5,coke_v_big,0.8805827498435974,233,359,267,477,250,418
frame_53,Rack_3,9,14,pepsi_big,0.9249792098999023,200,354,232,478,216,416
frame_53,Rack_3,11,14,pepsi_big,0.8955234289169312,168,353,198,476,183,414
frame_53,Rack_3,54,14,pepsi_big,0.5889611840248108,135,352,167,475,151,413
frame_53,Rack_3,19,10,fanta_grape_big,0.9148969650268555,98,353,134,475,116,414
frame_53,Rack_3,51,10,fanta_grape_big,0.7918865084648132,72,353,97,471,84,412
frame_53,Rack_3,23,12,fanta_straw_big,0.9053849577903748,5,352,45,459,25,405
frame_54,Rack_1,50,1,a&w_small,0.8195332288742065,578,155,606,222,592,188
frame_54,Rack_1,35,1,a&w_small,0.7622101306915283,556,155,577,223,566,189
frame_54,Rack_1,32,1,a&w_small,0.8115260601043701,534,154,557,223,545,188
frame_54,Rack_1,48,1,a&w_small,0.8026064038276672,510,154,534,224,522,189
frame_54,Rack_1,37,1,a&w_small,0.83892822265625,487,155,509,224,498,189
frame_54,Rack_1,27,1,a&w_small,0.8561618328094482,463,155,486,225,474,190
frame_54,Rack_1,36,1,a&w_small,0.8461215496063232,440,155,463,226,451,190
frame_54,Rack_1,49,4,coke_small,0.7231172323226929,419,157,440,227,429,192
frame_54,Rack_1,34,4,coke_small,0.8588197827339172,397,160,418,227,407,193
frame_54,Rack_1,12,4,coke_small,0.8155097365379333,377,161,396,227,386,194
frame_54,Rack_1,40,4,coke_small,0.8760768175125122,357,161,377,227,367,194
frame_54,Rack_1,38,4,coke_small,0.8486343622207642,336,159,357,227,346,193
frame_54,Rack_1,5,4,coke_small,0.9027849435806274,315,159,336,227,325,193
frame_54,Rack_1,21,17,sprite_small,0.9275322556495667,293,158,314,227,303,192
frame_54,Rack_1,14,17,sprite_small,0.8933292031288147,273,157,293,228,283,192
frame_54,Rack_1,25,17,sprite_small,0.8918542265892029,255,158,273,227,264,192
frame_54,Rack_1,15,17,sprite_small,0.8983138799667358,233,158,254,227,243,192
frame_54,Rack_1,28,9,empty,0.8535252213478088,103,161,228,226,165,193
frame_54,Rack_2,45,3,coke_med,0.904134213924408,571,251,602,337,586,294
frame_54,Rack_2,20,3,coke_med,0.9383915662765503,538,251,570,337,554,294
frame_54,Rack_2,22,3,coke_med,0.914751410484314,514,252,537,338,525,295
frame_54,Rack_2,24,3,coke_med,0.9264307618141174,487,252,514,337,500,294
frame_54,Rack_2,3,3,coke_med,0.9373189210891724,461,252,487,338,474,295
frame_54,Rack_2,47,6,coke_v_med,0.7755767703056335,435,252,461,337,448,294
frame_54,Rack_2,61,3,coke_med,0.8445597290992737,435,253,460,338,447,295
frame_54,Rack_2,41,6,coke_v_med,0.8056038022041321,408,251,434,337,421,294
frame_54,Rack_2,29,6,coke_v_med,0.8361625671386719,382,251,407,338,394,294
frame_54,Rack_2,26,2,anw_med,0.8928956389427185,356,251,381,338,368,294
frame_54,Rack_2,17,2,anw_med,0.8758102059364319,332,251,355,338,343,294
frame_54,Rack_2,43,2,anw_med,0.8897274136543274,307,251,331,338,319,294
frame_54,Rack_2,42,2,anw_med,0.8820213675498962,283,251,306,338,294,294
frame_54,Rack_2,46,2,anw_med,0.8810332417488098,258,252,282,338,270,295
frame_54,Rack_2,7,2,anw_med,0.8997238874435425,232,252,257,337,244,294
frame_54,Rack_2,30,15,pepsi_med,0.83282870054245,212,256,231,333,221,294
frame_54,Rack_2,8,15,pepsi_med,0.8867741823196411,189,257,211,334,200,295
frame_54,Rack_2,2,15,pepsi_med,0.9098464846611023,164,256,187,334,175,295
frame_54,Rack_2,16,15,pepsi_med,0.8824241161346436,143,256,163,335,153,295
frame_54,Rack_2,31,15,pepsi_med,0.8763384819030762,117,257,142,335,129,296
frame_54,Rack_2,44,15,pepsi_med,0.8375498056411743,95,256,117,334,106,295
frame_54,Rack_2,55,13,kick_med,0.7828317880630493,72,256,95,333,83,294
frame_54,Rack_2,53,13,kick_med,0.8397257328033447,51,258,71,333,61,295
frame_54,Rack_2,52,13,kick_med,0.845485270023346,26,257,51,333,38,295
frame_54,Rack_2,56,13,kick_med,0.8027507662773132,3,258,25,333,14,295
frame_54,Rack_3,6,9,empty,0.9177436232566833,486,358,602,488,544,423
frame_54,Rack_3,13,7,coke_z_big,0.9070547223091125,446,359,482,472,464,415
frame_54,Rack_3,1,7,coke_z_big,0.9120606184005737,409,359,445,472,427,415
frame_54,Rack_3,39,5,coke_v_big,0.8745009303092957,373,357,408,483,390,420
frame_54,Rack_3,4,5,coke_v_big,0.9087639451026917,337,356,373,483,355,419
frame_54,Rack_3,33,5,coke_v_big,0.9094101786613464,303,357,336,467,319,412
frame_54,Rack_3,18,5,coke_v_big,0.8947598338127136,268,359,302,465,285,412
frame_54,Rack_3,10,5,coke_v_big,0.8829147815704346,233,359,267,477,250,418
frame_54,Rack_3,9,14,pepsi_big,0.9255186915397644,200,354,232,478,216,416
frame_54,Rack_3,11,14,pepsi_big,0.89967942237854,168,354,199,476,183,415
frame_54,Rack_3,54,14,pepsi_big,0.5720720291137695,136,352,167,475,151,413
frame_54,Rack_3,19,10,fanta_grape_big,0.9149129390716553,98,353,134,475,116,414
frame_54,Rack_3,51,10,fanta_grape_big,0.7760562896728516,72,352,97,471,84,411
frame_54,Rack_3,23,12,fanta_straw_big,0.9107398390769958,5,352,45,459,25,405
frame_55,Rack_1,50,1,a&w_small,0.8218514323234558,578,155,606,222,592,188
frame_55,Rack_1,35,1,a&w_small,0.7576063275337219,557,155,577,222,567,188
frame_55,Rack_1,32,1,a&w_small,0.8059551119804382,534,154,557,223,545,188
frame_55,Rack_1,48,1,a&w_small,0.7879130244255066,510,155,534,224,522,189
frame_55,Rack_1,37,1,a&w_small,0.843808650970459,487,155,510,224,498,189
frame_55,Rack_1,27,1,a&w_small,0.8621135354042053,463,155,486,225,474,190
frame_55,Rack_1,36,1,a&w_small,0.8513221144676208,440,155,463,226,451,190
frame_55,Rack_1,49,4,coke_small,0.7320928573608398,419,157,441,226,430,191
frame_55,Rack_1,34,4,coke_small,0.8543229103088379,397,160,419,227,408,193
frame_55,Rack_1,12,4,coke_small,0.8114209175109863,377,161,396,227,386,194
frame_55,Rack_1,40,4,coke_small,0.870442271232605,357,160,377,227,367,193
frame_55,Rack_1,38,4,coke_small,0.8465441465377808,336,160,356,227,346,193
frame_55,Rack_1,5,4,coke_small,0.8957224488258362,315,159,336,227,325,193
frame_55,Rack_1,21,17,sprite_small,0.9271233081817627,294,158,315,227,304,192
frame_55,Rack_1,14,17,sprite_small,0.9000611901283264,273,157,293,227,283,192
frame_55,Rack_1,25,17,sprite_small,0.897728443145752,255,158,273,227,264,192
frame_55,Rack_1,15,17,sprite_small,0.9040423631668091,233,158,255,226,244,192
frame_55,Rack_1,28,9,empty,0.8570857048034668,102,161,230,228,166,194
frame_55,Rack_2,45,3,coke_med,0.9091854691505432,571,251,602,337,586,294
frame_55,Rack_2,20,3,coke_med,0.938447117805481,538,251,570,337,554,294
frame_55,Rack_2,22,3,coke_med,0.9069890975952148,514,252,537,338,525,295
frame_55,Rack_2,24,3,coke_med,0.9273698925971985,487,252,514,337,500,294
frame_55,Rack_2,3,3,coke_med,0.9385651350021362,461,252,487,338,474,295
frame_55,Rack_2,47,6,coke_v_med,0.7891725897789001,435,252,461,337,448,294
frame_55,Rack_2,61,3,coke_med,0.8248533010482788,435,254,461,338,448,296
frame_55,Rack_2,41,6,coke_v_med,0.7956748604774475,408,251,434,338,421,294
frame_55,Rack_2,29,6,coke_v_med,0.8247510194778442,382,251,408,338,395,294
frame_55,Rack_2,26,2,anw_med,0.8917885422706604,356,251,381,338,368,294
frame_55,Rack_2,17,2,anw_med,0.8700270652770996,332,251,356,338,344,294
frame_55,Rack_2,43,2,anw_med,0.8881264925003052,307,251,331,338,319,294
frame_55,Rack_2,42,2,anw_med,0.8791302442550659,283,251,306,338,294,294
frame_55,Rack_2,46,2,anw_med,0.8865969777107239,258,252,282,338,270,295
frame_55,Rack_2,7,2,anw_med,0.9035497903823853,232,252,257,337,244,294
frame_55,Rack_2,30,15,pepsi_med,0.840321958065033,212,256,231,334,221,295
frame_55,Rack_2,8,15,pepsi_med,0.8911998271942139,189,257,211,334,200,295
frame_55,Rack_2,2,15,pepsi_med,0.912161648273468,164,256,187,334,175,295
frame_55,Rack_2,16,15,pepsi_med,0.8788784146308899,144,256,163,335,153,295
frame_55,Rack_2,31,15,pepsi_med,0.8686438202857971,117,257,143,335,130,296
frame_55,Rack_2,44,15,pepsi_med,0.8409826755523682,95,256,117,334,106,295
frame_55,Rack_2,55,13,kick_med,0.7629250288009644,72,255,95,333,83,294
frame_55,Rack_2,53,13,kick_med,0.8143723011016846,51,258,71,333,61,295
frame_55,Rack_2,52,13,kick_med,0.8020010590553284,26,257,51,333,38,295
frame_55,Rack_2,56,13,kick_med,0.7615765929222107,3,258,25,333,14,295
frame_55,Rack_3,6,9,empty,0.9194335341453552,485,359,601,488,543,423
frame_55,Rack_3,13,7,coke_z_big,0.9089227318763733,446,359,482,472,464,415
frame_55,Rack_3,1,7,coke_z_big,0.9146214723587036,409,359,445,472,427,415
frame_55,Rack_3,39,5,coke_v_big,0.8805136680603027,373,357,408,483,390,420
frame_55,Rack_3,4,5,coke_v_big,0.9131123423576355,337,356,373,483,355,419
frame_55,Rack_3,33,5,coke_v_big,0.9091058373451233,303,357,336,467,319,412
frame_55,Rack_3,18,5,coke_v_big,0.8938583135604858,269,359,302,464,285,411
frame_55,Rack_3,10,5,coke_v_big,0.8863275647163391,233,359,267,477,250,418
frame_55,Rack_3,9,14,pepsi_big,0.9216899275779724,200,354,232,478,216,416
frame_55,Rack_3,11,14,pepsi_big,0.8928032517433167,168,353,199,476,183,414
frame_55,Rack_3,54,14,pepsi_big,0.6351863741874695,136,352,167,475,151,413
frame_55,Rack_3,19,10,fanta_grape_big,0.9257169365882874,98,353,134,475,116,414
frame_55,Rack_3,51,10,fanta_grape_big,0.8054711222648621,72,352,97,471,84,411
frame_55,Rack_3,23,12,fanta_straw_big,0.9134504199028015,5,352,45,459,25,405
frame_56,Rack_1,50,1,a&w_small,0.812110424041748,578,155,606,222,592,188
frame_56,Rack_1,35,1,a&w_small,0.7613887786865234,557,155,577,222,567,188
frame_56,Rack_1,32,1,a&w_small,0.8067966103553772,534,154,557,223,545,188
frame_56,Rack_1,48,1,a&w_small,0.7871301174163818,510,155,534,224,522,189
frame_56,Rack_1,37,1,a&w_small,0.8490262031555176,487,155,510,224,498,189
frame_56,Rack_1,27,1,a&w_small,0.8513028621673584,463,155,486,224,474,189
frame_56,Rack_1,36,1,a&w_small,0.8356080055236816,441,155,463,226,452,190
frame_56,Rack_1,49,4,coke_small,0.7468462586402893,419,157,441,226,430,191
frame_56,Rack_1,34,4,coke_small,0.8555288910865784,397,160,419,226,408,193
frame_56,Rack_1,12,4,coke_small,0.8005387187004089,377,161,397,226,387,193
frame_56,Rack_1,40,4,coke_small,0.881955623626709,357,160,377,226,367,193
frame_56,Rack_1,38,4,coke_small,0.8523282408714294,336,160,356,226,346,193
frame_56,Rack_1,5,4,coke_small,0.9002494215965271,315,159,336,226,325,192
frame_56,Rack_1,21,17,sprite_small,0.9246036410331726,294,158,315,227,304,192
frame_56,Rack_1,14,17,sprite_small,0.8926653265953064,274,157,293,227,283,192
frame_56,Rack_1,25,17,sprite_small,0.8973975777626038,255,158,273,226,264,192
frame_56,Rack_1,15,17,sprite_small,0.9056235551834106,234,158,255,226,244,192
frame_56,Rack_1,28,9,empty,0.8592286705970764,102,161,230,228,166,194
frame_56,Rack_2,45,3,coke_med,0.9167879819869995,571,251,602,337,586,294
frame_56,Rack_2,20,3,coke_med,0.9340618848800659,538,251,570,337,554,294
frame_56,Rack_2,22,3,coke_med,0.8855567574501038,515,252,537,338,526,295
frame_56,Rack_2,24,3,coke_med,0.9263379573822021,488,252,514,337,501,294
frame_56,Rack_2,3,3,coke_med,0.9393235445022583,462,252,487,338,474,295
frame_56,Rack_2,47,6,coke_v_med,0.8361061811447144,435,252,461,337,448,294
frame_56,Rack_2,61,3,coke_med,0.7605535984039307,435,254,461,338,448,296
frame_56,Rack_2,41,6,coke_v_med,0.793528139591217,408,251,434,338,421,294
frame_56,Rack_2,29,6,coke_v_med,0.8128585815429688,382,251,408,338,395,294
frame_56,Rack_2,26,2,anw_med,0.8870535492897034,356,251,381,338,368,294
frame_56,Rack_2,17,2,anw_med,0.8675400018692017,332,251,356,338,344,294
frame_56,Rack_2,43,2,anw_med,0.8870936036109924,307,251,331,338,319,294
frame_56,Rack_2,42,2,anw_med,0.8727438449859619,283,251,306,338,294,294
frame_56,Rack_2,46,2,anw_med,0.8824793696403503,258,252,282,338,270,295
frame_56,Rack_2,7,2,anw_med,0.90130615234375,232,252,258,337,245,294
frame_56,Rack_2,30,15,pepsi_med,0.8440179228782654,212,257,231,335,221,296
frame_56,Rack_2,8,15,pepsi_med,0.8883628845214844,189,257,211,334,200,295
frame_56,Rack_2,2,15,pepsi_med,0.9131154417991638,164,256,187,334,175,295
frame_56,Rack_2,16,15,pepsi_med,0.8772381544113159,144,256,164,335,154,295
frame_56,Rack_2,31,15,pepsi_med,0.8679307699203491,117,256,143,335,130,295
frame_56,Rack_2,44,15,pepsi_med,0.8431648015975952,96,256,117,334,106,295
frame_56,Rack_2,55,13,kick_med,0.7729848623275757,72,255,95,333,83,294
frame_56,Rack_2,53,13,kick_med,0.8162617683410645,52,258,72,333,62,295
frame_56,Rack_2,52,13,kick_med,0.8162526488304138,26,257,51,333,38,295
frame_56,Rack_2,56,13,kick_med,0.7880799770355225,3,258,26,333,14,295
frame_56,Rack_3,6,9,empty,0.9224741458892822,485,359,601,488,543,423
frame_56,Rack_3,13,7,coke_z_big,0.9129447937011719,446,359,482,472,464,415
frame_56,Rack_3,1,7,coke_z_big,0.9161605834960938,409,359,446,472,427,415
frame_56,Rack_3,39,5,coke_v_big,0.8899714350700378,373,357,408,483,390,420
frame_56,Rack_3,4,5,coke_v_big,0.9127815961837769,337,356,373,483,355,419
frame_56,Rack_3,33,5,coke_v_big,0.9068378210067749,303,357,336,467,319,412
frame_56,Rack_3,18,5,coke_v_big,0.8975616097450256,269,359,302,465,285,412
frame_56,Rack_3,10,5,coke_v_big,0.8901596069335938,234,359,267,477,250,418
frame_56,Rack_3,9,14,pepsi_big,0.9198797345161438,200,354,232,478,216,416
frame_56,Rack_3,11,14,pepsi_big,0.8878446817398071,168,353,199,476,183,414
frame_56,Rack_3,54,14,pepsi_big,0.5351396799087524,136,352,167,475,151,413
frame_56,Rack_3,19,10,fanta_grape_big,0.9292420148849487,98,353,134,475,116,414
frame_56,Rack_3,51,10,fanta_grape_big,0.8102859258651733,73,352,97,471,85,411
frame_56,Rack_3,23,12,fanta_straw_big,0.9220544695854187,5,352,45,459,25,405
frame_57,Rack_1,50,1,a&w_small,0.8251059651374817,579,155,606,222,592,188
frame_57,Rack_1,35,1,a&w_small,0.7696046829223633,557,155,578,222,567,188
frame_57,Rack_1,32,1,a&w_small,0.7989173531532288,535,155,557,223,546,189
frame_57,Rack_1,48,1,a&w_small,0.7955030202865601,510,156,534,224,522,190
frame_57,Rack_1,37,1,a&w_small,0.8505264520645142,487,155,510,224,498,189
frame_57,Rack_1,27,1,a&w_small,0.8540724515914917,464,155,487,225,475,190
frame_57,Rack_1,36,1,a&w_small,0.8466107845306396,441,155,463,226,452,190
frame_57,Rack_1,49,4,coke_small,0.7674697041511536,420,158,441,226,430,192
frame_57,Rack_1,34,4,coke_small,0.8511161804199219,397,160,419,227,408,193
frame_57,Rack_1,12,4,coke_small,0.7889073491096497,377,161,397,227,387,194
frame_57,Rack_1,40,4,coke_small,0.8909263610839844,357,160,378,227,367,193
frame_57,Rack_1,38,4,coke_small,0.8521043062210083,336,159,357,227,346,193
frame_57,Rack_1,5,4,coke_small,0.9058613777160645,315,159,337,227,326,193
frame_57,Rack_1,21,17,sprite_small,0.9296125769615173,294,158,315,227,304,192
frame_57,Rack_1,14,17,sprite_small,0.8947264552116394,274,158,294,227,284,192
frame_57,Rack_1,25,17,sprite_small,0.8928614854812622,255,158,273,227,264,192
frame_57,Rack_1,15,17,sprite_small,0.9132378101348877,234,158,255,227,244,192
frame_57,Rack_1,28,9,empty,0.8521820306777954,103,161,229,227,166,194
frame_57,Rack_2,45,3,coke_med,0.9115070700645447,571,252,602,337,586,294
frame_57,Rack_2,20,3,coke_med,0.937487781047821,538,252,570,337,554,294
frame_57,Rack_2,22,3,coke_med,0.879478931427002,515,252,537,338,526,295
frame_57,Rack_2,24,3,coke_med,0.9247679710388184,488,252,514,337,501,294
frame_57,Rack_2,3,3,coke_med,0.9413807392120361,462,252,487,338,474,295
frame_57,Rack_2,47,6,coke_v_med,0.8780100345611572,435,252,461,337,448,294
frame_57,Rack_2,61,3,coke_med,0.6126091480255127,435,254,461,338,448,296
frame_57,Rack_2,41,6,coke_v_med,0.7979062795639038,409,251,434,337,421,294
frame_57,Rack_2,29,6,coke_v_med,0.7989882230758667,382,251,408,338,395,294
frame_57,Rack_2,26,2,anw_med,0.8852283358573914,357,251,381,338,369,294
frame_57,Rack_2,17,2,anw_med,0.8669383525848389,332,251,356,338,344,294
frame_57,Rack_2,43,2,anw_med,0.8865751028060913,307,251,332,338,319,294
frame_57,Rack_2,42,2,anw_med,0.8715315461158752,283,251,306,338,294,294
frame_57,Rack_2,46,2,anw_med,0.8748135566711426,258,252,283,338,270,295
frame_57,Rack_2,7,2,anw_med,0.8951486349105835,232,252,258,337,245,294
frame_57,Rack_2,30,15,pepsi_med,0.8422368168830872,212,257,231,335,221,296
frame_57,Rack_2,8,15,pepsi_med,0.8830782175064087,189,257,211,334,200,295
frame_57,Rack_2,2,15,pepsi_med,0.904466450214386,164,256,187,334,175,295
frame_57,Rack_2,16,15,pepsi_med,0.8808484673500061,144,256,164,335,154,295
frame_57,Rack_2,31,15,pepsi_med,0.873864471912384,117,256,143,334,130,295
frame_57,Rack_2,44,15,pepsi_med,0.8413891792297363,96,256,117,334,106,295
frame_57,Rack_2,55,13,kick_med,0.7573729753494263,72,255,95,333,83,294
frame_57,Rack_2,53,13,kick_med,0.8010005950927734,52,258,72,333,62,295
frame_57,Rack_2,52,13,kick_med,0.8040921092033386,27,257,51,333,39,295
frame_57,Rack_2,56,13,kick_med,0.7730763554573059,3,258,26,333,14,295
frame_57,Rack_3,6,9,empty,0.9211644530296326,485,359,602,488,543,423
frame_57,Rack_3,13,7,coke_z_big,0.9166743755340576,446,359,482,472,464,415
frame_57,Rack_3,1,7,coke_z_big,0.91880202293396,409,359,446,472,427,415
frame_57,Rack_3,39,5,coke_v_big,0.8876024484634399,374,357,408,483,391,420
frame_57,Rack_3,4,5,coke_v_big,0.907922089099884,337,356,373,483,355,419
frame_57,Rack_3,33,5,coke_v_big,0.9038392305374146,303,357,337,467,320,412
frame_57,Rack_3,18,5,coke_v_big,0.8969526290893555,269,359,302,465,285,412
frame_57,Rack_3,10,5,coke_v_big,0.888759970664978,234,359,268,477,251,418
frame_57,Rack_3,9,14,pepsi_big,0.9179970026016235,200,354,232,478,216,416
frame_57,Rack_3,11,14,pepsi_big,0.8825104832649231,168,353,199,476,183,414
frame_57,Rack_3,54,14,pepsi_big,0.5764299631118774,136,352,167,475,151,413
frame_57,Rack_3,19,10,fanta_grape_big,0.9322903752326965,98,353,135,475,116,414
frame_57,Rack_3,51,10,fanta_grape_big,0.8057298064231873,73,352,97,471,85,411
frame_57,Rack_3,23,12,fanta_straw_big,0.9147632718086243,5,352,45,459,25,405
frame_58,Rack_1,50,1,a&w_small,0.8131640553474426,579,155,606,222,592,188
frame_58,Rack_1,35,1,a&w_small,0.7611315846443176,557,155,578,222,567,188
frame_58,Rack_1,32,1,a&w_small,0.8002728223800659,535,154,557,223,546,188
frame_58,Rack_1,48,1,a&w_small,0.7964040040969849,511,156,534,224,522,190
frame_58,Rack_1,37,1,a&w_small,0.8454996347427368,487,155,510,224,498,189
frame_58,Rack_1,27,1,a&w_small,0.8460813164710999,464,155,487,225,475,190
frame_58,Rack_1,36,1,a&w_small,0.8347063064575195,441,155,464,226,452,190
frame_58,Rack_1,49,4,coke_small,0.8014774918556213,420,157,441,226,430,191
frame_58,Rack_1,34,4,coke_small,0.8613559603691101,398,160,419,226,408,193
frame_58,Rack_1,12,4,coke_small,0.7959434986114502,378,161,397,226,387,193
frame_58,Rack_1,40,4,coke_small,0.8956479430198669,357,160,378,226,367,193
frame_58,Rack_1,38,4,coke_small,0.8542376160621643,337,160,357,227,347,193
frame_58,Rack_1,5,4,coke_small,0.8975701332092285,315,159,337,227,326,193
frame_58,Rack_1,21,17,sprite_small,0.9276129603385925,294,158,315,227,304,192
frame_58,Rack_1,14,17,sprite_small,0.9026012420654297,274,158,294,227,284,192
frame_58,Rack_1,25,17,sprite_small,0.8902445435523987,256,158,274,226,265,192
frame_58,Rack_1,15,17,sprite_small,0.9033891558647156,234,158,255,226,244,192
frame_58,Rack_1,28,9,empty,0.859387993812561,103,161,230,228,166,194
frame_58,Rack_2,45,3,coke_med,0.9169154167175293,571,252,603,337,587,294
frame_58,Rack_2,20,3,coke_med,0.9336914420127869,538,252,570,337,554,294
frame_58,Rack_2,22,3,coke_med,0.8679125308990479,515,252,538,338,526,295
frame_58,Rack_2,24,3,coke_med,0.9206878542900085,488,252,514,337,501,294
frame_58,Rack_2,3,3,coke_med,0.9411214590072632,462,252,488,338,475,295
frame_58,Rack_2,47,6,coke_v_med,0.8734784722328186,435,252,461,337,448,294
frame_58,Rack_2,61,3,coke_med,0.5981180667877197,435,254,461,338,448,296
frame_58,Rack_2,41,6,coke_v_med,0.7985944747924805,409,251,434,337,421,294
frame_58,Rack_2,29,6,coke_v_med,0.7820438742637634,382,251,408,338,395,294
frame_58,Rack_2,26,2,anw_med,0.8742671608924866,357,251,381,338,369,294
frame_58,Rack_2,17,2,anw_med,0.8634421229362488,332,251,356,338,344,294
frame_58,Rack_2,43,2,anw_med,0.886995255947113,307,251,332,338,319,294
frame_58,Rack_2,42,2,anw_med,0.8778700232505798,283,251,306,338,294,294
frame_58,Rack_2,46,2,anw_med,0.8757856488227844,258,252,283,338,270,295
frame_58,Rack_2,7,2,anw_med,0.9005109667778015,233,252,258,337,245,294
frame_58,Rack_2,30,15,pepsi_med,0.8422343134880066,212,257,231,335,221,296
frame_58,Rack_2,8,15,pepsi_med,0.8858327865600586,189,257,211,334,200,295
frame_58,Rack_2,2,15,pepsi_med,0.9061892032623291,164,256,188,334,176,295
frame_58,Rack_2,16,15,pepsi_med,0.8752449154853821,144,256,164,335,154,295
frame_58,Rack_2,31,15,pepsi_med,0.8762784004211426,117,256,143,334,130,295
frame_58,Rack_2,44,15,pepsi_med,0.8382313847541809,96,256,117,334,106,295
frame_58,Rack_2,55,13,kick_med,0.7706703543663025,72,255,95,333,83,294
frame_58,Rack_2,53,13,kick_med,0.8182658553123474,52,258,72,332,62,295
frame_58,Rack_2,52,13,kick_med,0.7988519072532654,27,257,51,333,39,295
frame_58,Rack_2,56,13,kick_med,0.7420944571495056,4,258,26,333,15,295
frame_58,Rack_3,6,9,empty,0.9236901998519897,484,359,600,487,542,423
frame_58,Rack_3,13,7,coke_z_big,0.9143452048301697,446,359,482,472,464,415
frame_58,Rack_3,1,7,coke_z_big,0.9177669882774353,409,359,446,472,427,415
frame_58,Rack_3,39,5,coke_v_big,0.8903167247772217,374,357,408,482,391,419
frame_58,Rack_3,4,5,coke_v_big,0.9061762094497681,337,356,373,482,355,419
frame_58,Rack_3,33,5,coke_v_big,0.9038037061691284,303,357,337,467,320,412
frame_58,Rack_3,18,5,coke_v_big,0.9013780355453491,269,359,303,465,286,412
frame_58,Rack_3,10,5,coke_v_big,0.8974208235740662,234,359,268,477,251,418
frame_58,Rack_3,9,14,pepsi_big,0.9188514351844788,200,354,232,478,216,416
frame_58,Rack_3,11,14,pepsi_big,0.8828263282775879,168,353,199,476,183,414
frame_58,Rack_3,54,14,pepsi_big,0.5486588478088379,136,352,167,475,151,413
frame_58,Rack_3,19,10,fanta_grape_big,0.9211646318435669,98,353,135,475,116,414
frame_58,Rack_3,51,10,fanta_grape_big,0.8173998594284058,73,352,97,471,85,411
frame_58,Rack_3,59,10,fanta_grape_big,0.5456512570381165,46,352,73,465,59,408
frame_58,Rack_3,23,12,fanta_straw_big,0.8741168975830078,5,352,46,459,25,405
frame_59,Rack_1,50,1,a&w_small,0.8141164779663086,579,155,606,222,592,188
frame_59,Rack_1,35,1,a&w_small,0.7457779049873352,557,155,578,222,567,188
frame_59,Rack_1,32,1,a&w_small,0.7953687906265259,535,154,557,223,546,188
frame_59,Rack_1,48,1,a&w_small,0.7960898876190186,511,155,534,224,522,189
frame_59,Rack_1,37,1,a&w_small,0.8272900581359863,487,155,510,224,498,189
frame_59,Rack_1,27,1,a&w_small,0.8291592001914978,464,155,487,225,475,190
frame_59,Rack_1,36,1,a&w_small,0.818289577960968,441,155,464,226,452,190
frame_59,Rack_1,49,4,coke_small,0.7990376949310303,420,157,441,226,430,191
frame_59,Rack_1,34,4,coke_small,0.8572450280189514,398,160,419,226,408,193
frame_59,Rack_1,12,4,coke_small,0.7937496304512024,378,161,397,226,387,193
frame_59,Rack_1,40,4,coke_small,0.8984382152557373,357,160,378,226,367,193
frame_59,Rack_1,38,4,coke_small,0.8557994961738586,337,159,357,227,347,193
frame_59,Rack_1,5,4,coke_small,0.8944915533065796,315,159,337,227,326,193
frame_59,Rack_1,21,17,sprite_small,0.926474928855896,294,158,315,227,304,192
frame_59,Rack_1,14,17,sprite_small,0.9207329154014587,274,157,294,227,284,192
frame_59,Rack_1,25,17,sprite_small,0.8890981078147888,256,158,274,226,265,192
frame_59,Rack_1,15,17,sprite_small,0.9035412669181824,234,158,255,226,244,192
frame_59,Rack_1,28,9,empty,0.8586839437484741,102,161,231,229,166,195
frame_59,Rack_2,45,3,coke_med,0.9225115776062012,572,252,603,337,587,294
frame_59,Rack_2,20,3,coke_med,0.9334614276885986,539,251,571,337,555,294
frame_59,Rack_2,22,3,coke_med,0.8634209632873535,515,253,538,338,526,295
frame_59,Rack_2,24,3,coke_med,0.919706404209137,488,252,514,337,501,294
frame_59,Rack_2,3,3,coke_med,0.9421203136444092,462,252,488,338,475,295
frame_59,Rack_2,47,6,coke_v_med,0.8932164907455444,436,252,461,337,448,294
frame_59,Rack_2,41,6,coke_v_med,0.813598096370697,409,251,435,337,422,294
frame_59,Rack_2,29,6,coke_v_med,0.7845661044120789,382,251,408,338,395,294
frame_59,Rack_2,26,2,anw_med,0.8646668791770935,357,251,382,338,369,294
frame_59,Rack_2,17,2,anw_med,0.8579103350639343,332,251,356,338,344,294
frame_59,Rack_2,43,2,anw_med,0.8909379839897156,307,251,332,338,319,294
frame_59,Rack_2,42,2,anw_med,0.8804702162742615,283,251,307,338,295,294
frame_59,Rack_2,46,2,anw_med,0.8752551078796387,258,252,283,338,270,295
frame_59,Rack_2,7,2,anw_med,0.9030129313468933,233,252,258,337,245,294
frame_59,Rack_2,30,15,pepsi_med,0.8328946232795715,212,257,232,335,222,296
frame_59,Rack_2,8,15,pepsi_med,0.8789213299751282,189,257,211,334,200,295
frame_59,Rack_2,2,15,pepsi_med,0.9037417769432068,164,256,188,334,176,295
frame_59,Rack_2,16,15,pepsi_med,0.8773142695426941,144,255,164,335,154,295
frame_59,Rack_2,31,15,pepsi_med,0.8759126663208008,117,256,143,334,130,295
frame_59,Rack_2,44,15,pepsi_med,0.8350071310997009,96,256,117,334,106,295
frame_59,Rack_2,55,13,kick_med,0.7598280310630798,72,255,96,333,84,294
frame_59,Rack_2,53,13,kick_med,0.794318437576294,52,257,72,332,62,294
frame_59,Rack_2,52,13,kick_med,0.7892290949821472,27,257,51,332,39,294
frame_59,Rack_2,56,13,kick_med,0.7527225613594055,4,257,26,333,15,295
frame_59,Rack_3,6,9,empty,0.9233605861663818,484,359,600,487,542,423
frame_59,Rack_3,13,7,coke_z_big,0.9149999618530273,447,359,482,472,464,415
frame_59,Rack_3,1,7,coke_z_big,0.9175073504447937,409,359,446,472,427,415
frame_59,Rack_3,39,5,coke_v_big,0.8921533823013306,374,357,408,482,391,419
frame_59,Rack_3,4,5,coke_v_big,0.9015809893608093,338,356,373,482,355,419
frame_59,Rack_3,33,5,coke_v_big,0.9019482731819153,304,357,337,467,320,412
frame_59,Rack_3,18,5,coke_v_big,0.9028931856155396,269,358,303,465,286,411
frame_59,Rack_3,10,5,coke_v_big,0.8988110423088074,234,359,268,477,251,418
frame_59,Rack_3,9,14,pepsi_big,0.9152740240097046,200,354,232,478,216,416
frame_59,Rack_3,11,14,pepsi_big,0.8740012645721436,169,353,199,476,184,414
frame_59,Rack_3,54,14,pepsi_big,0.5468549132347107,136,352,167,475,151,413
frame_59,Rack_3,19,10,fanta_grape_big,0.9173495769500732,98,353,135,475,116,414
frame_59,Rack_3,51,10,fanta_grape_big,0.782906711101532,73,352,98,471,85,411
frame_59,Rack_3,23,12,fanta_straw_big,0.8917474746704102,5,351,45,459,25,405
frame_60,Rack_1,50,1,a&w_small,0.8336755633354187,579,156,607,222,593,189
frame_60,Rack_1,35,1,a&w_small,0.7798968553543091,558,156,578,222,568,189
frame_60,Rack_1,32,1,a&w_small,0.8174850940704346,535,155,557,223,546,189
frame_60,Rack_1,48,1,a&w_small,0.80494225025177,511,156,534,224,522,190
frame_60,Rack_1,37,1,a&w_small,0.8197529911994934,488,155,510,224,499,189
frame_60,Rack_1,27,1,a&w_small,0.8374408483505249,465,156,487,225,476,190
frame_60,Rack_1,36,1,a&w_small,0.8267856240272522,442,156,464,226,453,191
frame_60,Rack_1,49,4,coke_small,0.7854299545288086,420,157,441,226,430,191
frame_60,Rack_1,34,4,coke_small,0.8431721329689026,398,160,420,226,409,193
frame_60,Rack_1,12,4,coke_small,0.8011983036994934,378,160,397,226,387,193
frame_60,Rack_1,40,4,coke_small,0.8891966938972473,358,160,378,226,368,193
frame_60,Rack_1,38,4,coke_small,0.8716241121292114,337,159,357,226,347,192
frame_60,Rack_1,5,4,coke_small,0.8906829357147217,315,159,337,226,326,192
frame_60,Rack_1,21,17,sprite_small,0.9265467524528503,294,158,315,227,304,192
frame_60,Rack_1,14,17,sprite_small,0.9229822158813477,274,158,294,227,284,192
frame_60,Rack_1,25,17,sprite_small,0.8864883780479431,256,158,274,226,265,192
frame_60,Rack_1,15,17,sprite_small,0.901651918888092,234,158,255,226,244,192
frame_60,Rack_1,28,9,empty,0.8555015921592712,104,161,230,227,167,194
frame_60,Rack_2,45,3,coke_med,0.9306430220603943,572,252,603,337,587,294
frame_60,Rack_2,20,3,coke_med,0.9292436838150024,539,252,571,337,555,294
frame_60,Rack_2,22,3,coke_med,0.8623796105384827,515,252,538,337,526,294
frame_60,Rack_2,24,3,coke_med,0.9242153167724609,488,252,515,337,501,294
frame_60,Rack_2,3,3,coke_med,0.9389210343360901,462,252,488,338,475,295
frame_60,Rack_2,47,6,coke_v_med,0.8875504732131958,436,252,462,337,449,294
frame_60,Rack_2,41,6,coke_v_med,0.7978096604347229,409,251,435,337,422,294
frame_60,Rack_2,29,6,coke_v_med,0.821609616279602,382,251,408,338,395,294
frame_60,Rack_2,26,2,anw_med,0.8327436447143555,357,251,382,338,369,294
frame_60,Rack_2,17,2,anw_med,0.8543316125869751,332,250,356,338,344,294
frame_60,Rack_2,43,2,anw_med,0.8845028281211853,307,251,332,338,319,294
frame_60,Rack_2,42,2,anw_med,0.8652583360671997,283,251,307,338,295,294
frame_60,Rack_2,46,2,anw_med,0.8733018040657043,259,251,283,338,271,294
frame_60,Rack_2,7,2,anw_med,0.9041700959205627,233,252,258,337,245,294
frame_60,Rack_2,30,15,pepsi_med,0.842287540435791,212,255,232,334,222,294
frame_60,Rack_2,8,15,pepsi_med,0.9035910964012146,190,256,212,334,201,295
frame_60,Rack_2,2,15,pepsi_med,0.919410765171051,164,255,188,334,176,294
frame_60,Rack_2,16,15,pepsi_med,0.8791398406028748,144,255,164,335,154,295
frame_60,Rack_2,31,15,pepsi_med,0.894943118095398,117,256,143,334,130,295
frame_60,Rack_2,44,15,pepsi_med,0.8302229046821594,96,256,117,333,106,294
frame_60,Rack_2,55,13,kick_med,0.7500112056732178,72,256,96,333,84,294
frame_60,Rack_2,53,13,kick_med,0.7888005971908569,52,258,72,332,62,295
frame_60,Rack_2,52,13,kick_med,0.8031930923461914,27,257,51,332,39,294
frame_60,Rack_2,56,13,kick_med,0.7763713598251343,4,258,26,333,15,295
frame_60,Rack_3,6,9,empty,0.9182085990905762,485,359,601,487,543,423
frame_60,Rack_3,13,7,coke_z_big,0.9125628471374512,447,359,482,472,464,415
frame_60,Rack_3,1,7,coke_z_big,0.9174492359161377,409,359,446,472,427,415
frame_60,Rack_3,39,5,coke_v_big,0.9093565940856934,374,357,408,481,391,419
frame_60,Rack_3,4,5,coke_v_big,0.8995352387428284,338,356,373,481,355,418
frame_60,Rack_3,33,5,coke_v_big,0.8996090888977051,304,357,337,467,320,412
frame_60,Rack_3,18,5,coke_v_big,0.9016134738922119,269,358,303,464,286,411
frame_60,Rack_3,10,5,coke_v_big,0.9004825353622437,234,359,268,478,251,418
frame_60,Rack_3,9,14,pepsi_big,0.919645369052887,200,354,232,478,216,416
frame_60,Rack_3,11,14,pepsi_big,0.8755287528038025,169,353,199,476,184,414
frame_60,Rack_3,19,10,fanta_grape_big,0.8964650630950928,98,353,135,475,116,414
frame_60,Rack_3,51,10,fanta_grape_big,0.7385087013244629,74,352,98,471,86,411
frame_60,Rack_3,23,12,fanta_straw_big,0.8899301290512085,6,352,46,459,26,405
frame_61,Rack_1,50,1,a&w_small,0.8530771732330322,580,156,607,222,593,189
frame_61,Rack_1,35,1,a&w_small,0.7963203191757202,558,156,578,222,568,189
frame_61,Rack_1,32,1,a&w_small,0.8289494514465332,535,156,557,223,546,189
frame_61,Rack_1,48,1,a&w_small,0.8185397982597351,511,156,534,224,522,190
frame_61,Rack_1,37,1,a&w_small,0.8321242332458496,488,156,511,224,499,190
frame_61,Rack_1,27,1,a&w_small,0.8610211610794067,465,156,488,224,476,190
frame_61,Rack_1,36,1,a&w_small,0.8379066586494446,442,156,464,226,453,191
frame_61,Rack_1,49,4,coke_small,0.8006902933120728,420,157,442,226,431,191
frame_61,Rack_1,34,4,coke_small,0.8556351065635681,398,160,420,226,409,193
frame_61,Rack_1,12,4,coke_small,0.8660182952880859,378,160,398,226,388,193
frame_61,Rack_1,40,4,coke_small,0.9015165567398071,358,160,378,226,368,193
frame_61,Rack_1,38,4,coke_small,0.8770371675491333,337,158,357,227,347,192
frame_61,Rack_1,5,4,coke_small,0.8944404125213623,315,159,337,226,326,192
frame_61,Rack_1,21,17,sprite_small,0.9316103458404541,294,158,315,227,304,192
frame_61,Rack_1,14,17,sprite_small,0.9295516610145569,274,157,294,227,284,192
frame_61,Rack_1,25,17,sprite_small,0.8887220025062561,256,158,274,226,265,192
frame_61,Rack_1,15,17,sprite_small,0.892344057559967,234,158,255,226,244,192
frame_61,Rack_1,28,9,empty,0.8683314323425293,104,161,229,227,166,194
frame_61,Rack_2,45,3,coke_med,0.9348974823951721,572,250,604,337,588,293
frame_61,Rack_2,20,3,coke_med,0.927544116973877,539,250,571,337,555,293
frame_61,Rack_2,22,3,coke_med,0.8621488809585571,515,250,538,337,526,293
frame_61,Rack_2,24,3,coke_med,0.9244502782821655,488,250,515,337,501,293
frame_61,Rack_2,3,3,coke_med,0.9377849102020264,462,250,488,338,475,294
frame_61,Rack_2,47,6,coke_v_med,0.900292158126831,436,250,462,337,449,293
frame_61,Rack_2,41,6,coke_v_med,0.7931286692619324,409,250,435,338,422,294
frame_61,Rack_2,29,6,coke_v_med,0.8272039890289307,382,250,409,338,395,294
frame_61,Rack_2,26,2,anw_med,0.854385256767273,357,250,382,338,369,294
frame_61,Rack_2,17,2,anw_med,0.8714713454246521,332,249,357,338,344,293
frame_61,Rack_2,43,2,anw_med,0.8993127942085266,307,249,332,338,319,293
frame_61,Rack_2,42,2,anw_med,0.8684709668159485,283,250,307,338,295,294
frame_61,Rack_2,46,2,anw_med,0.8752259016036987,258,250,283,338,270,294
frame_61,Rack_2,7,2,anw_med,0.8998448848724365,233,251,258,337,245,294
frame_61,Rack_2,30,15,pepsi_med,0.8392865657806396,212,255,232,334,222,294
frame_61,Rack_2,8,15,pepsi_med,0.9068358540534973,190,256,212,334,201,295
frame_61,Rack_2,2,15,pepsi_med,0.9146883487701416,164,254,188,334,176,294
frame_61,Rack_2,16,15,pepsi_med,0.8775760531425476,144,254,164,335,154,294
frame_61,Rack_2,31,15,pepsi_med,0.9005891680717468,117,256,143,334,130,295
frame_61,Rack_2,44,15,pepsi_med,0.8463839888572693,96,256,117,333,106,294
frame_61,Rack_2,55,13,kick_med,0.7593955397605896,73,255,96,333,84,294
frame_61,Rack_2,53,13,kick_med,0.8008196353912354,52,257,72,333,62,295
frame_61,Rack_2,52,13,kick_med,0.8092313408851624,27,257,51,332,39,294
frame_61,Rack_2,56,13,kick_med,0.782855212688446,3,257,26,333,14,295
frame_61,Rack_3,6,9,empty,0.9187503457069397,485,359,601,487,543,423
frame_61,Rack_3,13,7,coke_z_big,0.9126608371734619,447,359,482,472,464,415
frame_61,Rack_3,1,7,coke_z_big,0.9150770306587219,409,359,446,472,427,415
frame_61,Rack_3,39,5,coke_v_big,0.9134504199028015,374,357,408,481,391,419
frame_61,Rack_3,4,5,coke_v_big,0.8996108174324036,338,356,373,481,355,418
frame_61,Rack_3,33,5,coke_v_big,0.9005694389343262,304,357,337,467,320,412
frame_61,Rack_3,18,5,coke_v_big,0.9068028926849365,269,358,303,464,286,411
frame_61,Rack_3,10,5,coke_v_big,0.9067848920822144,234,359,268,478,251,418
frame_61,Rack_3,9,14,pepsi_big,0.9191992878913879,200,354,232,478,216,416
frame_61,Rack_3,11,14,pepsi_big,0.8877481818199158,169,352,199,476,184,414
frame_61,Rack_3,54,14,pepsi_big,0.5226892828941345,136,352,167,475,151,413
frame_61,Rack_3,19,10,fanta_grape_big,0.9096150398254395,98,353,135,475,116,414
frame_61,Rack_3,51,10,fanta_grape_big,0.7995193600654602,73,352,98,471,85,411
frame_61,Rack_3,23,12,fanta_straw_big,0.890070915222168,5,352,46,460,25,406
frame_62,Rack_1,50,1,a&w_small,0.8717300891876221,580,157,607,222,593,189
frame_62,Rack_1,35,1,a&w_small,0.8022230267524719,558,156,578,222,568,189
frame_62,Rack_1,32,1,a&w_small,0.8236664533615112,535,156,557,223,546,189
frame_62,Rack_1,48,1,a&w_small,0.8132365345954895,511,157,534,224,522,190
frame_62,Rack_1,37,1,a&w_small,0.8294841647148132,488,156,511,224,499,190
frame_62,Rack_1,27,1,a&w_small,0.8592135310173035,465,156,488,224,476,190
frame_62,Rack_1,36,1,a&w_small,0.8330609202384949,442,157,464,226,453,191
frame_62,Rack_1,49,4,coke_small,0.8010392785072327,421,157,442,226,431,191
frame_62,Rack_1,34,4,coke_small,0.8551551103591919,398,160,420,226,409,193
frame_62,Rack_1,12,4,coke_small,0.8806828260421753,378,159,398,226,388,192
frame_62,Rack_1,40,4,coke_small,0.8975004553794861,358,160,378,226,368,193
frame_62,Rack_1,38,4,coke_small,0.8704932332038879,337,158,358,227,347,192
frame_62,Rack_1,5,4,coke_small,0.8928182721138,316,159,337,226,326,192
frame_62,Rack_1,21,17,sprite_small,0.9288204908370972,294,158,315,227,304,192
frame_62,Rack_1,14,17,sprite_small,0.9316114783287048,274,157,294,227,284,192
frame_62,Rack_1,25,17,sprite_small,0.8883814811706543,256,158,274,226,265,192
frame_62,Rack_1,15,17,sprite_small,0.8879768252372742,234,158,255,226,244,192
frame_62,Rack_1,28,9,empty,0.8642838001251221,105,161,229,227,167,194
frame_62,Rack_1,57,0,7up_med,0.5251314640045166,48,163,75,242,61,202
frame_62,Rack_2,45,3,coke_med,0.9285721778869629,572,249,604,336,588,292
frame_62,Rack_2,20,3,coke_med,0.920112133026123,539,249,571,337,555,293
frame_62,Rack_2,22,3,coke_med,0.8646889925003052,516,250,539,337,527,293
frame_62,Rack_2,24,3,coke_med,0.9277244806289673,488,249,516,337,502,293
frame_62,Rack_2,3,3,coke_med,0.9343494176864624,462,249,489,338,475,293
frame_62,Rack_2,47,6,coke_v_med,0.9010392427444458,436,250,463,337,449,293
frame_62,Rack_2,41,6,coke_v_med,0.8197147250175476,410,250,435,337,422,293
frame_62,Rack_2,29,6,coke_v_med,0.8333023190498352,382,250,409,338,395,294
frame_62,Rack_2,26,2,anw_med,0.8568707704544067,357,250,383,338,370,294
frame_62,Rack_2,17,2,anw_med,0.8711689710617065,332,248,357,337,344,292
frame_62,Rack_2,43,2,anw_med,0.8974334001541138,307,249,332,338,319,293
frame_62,Rack_2,42,2,anw_med,0.8723023533821106,283,249,307,338,295,293
frame_62,Rack_2,46,2,anw_med,0.8697373270988464,258,250,283,338,270,294
frame_62,Rack_2,7,2,anw_med,0.8995177745819092,233,250,258,337,245,293
frame_62,Rack_2,30,15,pepsi_med,0.8373703360557556,212,255,232,334,222,294
frame_62,Rack_2,8,15,pepsi_med,0.9127854704856873,190,255,212,334,201,294
frame_62,Rack_2,2,15,pepsi_med,0.9113566875457764,164,254,188,334,176,294
frame_62,Rack_2,16,15,pepsi_med,0.8766157627105713,144,254,164,335,154,294
frame_62,Rack_2,31,15,pepsi_med,0.9023326635360718,117,255,143,334,130,294
frame_62,Rack_2,44,15,pepsi_med,0.8460218906402588,96,255,117,333,106,294
frame_62,Rack_2,55,13,kick_med,0.7580842971801758,73,255,96,333,84,294
frame_62,Rack_2,53,13,kick_med,0.7936579585075378,52,257,72,333,62,295
frame_62,Rack_2,52,13,kick_med,0.8028125762939453,27,257,51,332,39,294
frame_62,Rack_2,56,13,kick_med,0.7846049070358276,4,257,26,333,15,295
frame_62,Rack_3,6,9,empty,0.9185858964920044,485,358,601,486,543,422
frame_62,Rack_3,13,7,coke_z_big,0.9147621989250183,447,359,483,472,465,415
frame_62,Rack_3,1,7,coke_z_big,0.9157961010932922,409,359,446,472,427,415
frame_62,Rack_3,39,5,coke_v_big,0.9155200123786926,374,357,408,481,391,419
frame_62,Rack_3,4,5,coke_v_big,0.8955604434013367,338,356,373,481,355,418
frame_62,Rack_3,33,5,coke_v_big,0.8983286023139954,304,357,337,467,320,412
frame_62,Rack_3,18,5,coke_v_big,0.9081810116767883,270,358,303,464,286,411
frame_62,Rack_3,10,5,coke_v_big,0.908545732498169,234,359,268,478,251,418
frame_62,Rack_3,9,14,pepsi_big,0.9165339469909668,200,354,232,478,216,416
frame_62,Rack_3,11,14,pepsi_big,0.8873748183250427,169,352,200,476,184,414
frame_62,Rack_3,19,10,fanta_grape_big,0.9214207530021667,98,353,135,475,116,414
frame_62,Rack_3,51,10,fanta_grape_big,0.7918910384178162,73,352,98,471,85,411
frame_62,Rack_3,23,12,fanta_straw_big,0.8451938629150391,5,352,46,460,25,406
frame_63,Rack_1,50,1,a&w_small,0.8818835020065308,580,156,608,222,594,189
frame_63,Rack_1,35,1,a&w_small,0.8254989385604858,558,156,579,222,568,189
frame_63,Rack_1,32,1,a&w_small,0.8351956009864807,535,155,558,223,546,189
frame_63,Rack_1,48,1,a&w_small,0.8228620290756226,512,156,534,224,523,190
frame_63,Rack_1,37,1,a&w_small,0.832266092300415,488,156,511,224,499,190
frame_63,Rack_1,27,1,a&w_small,0.8558260798454285,465,156,488,224,476,190
frame_63,Rack_1,36,1,a&w_small,0.8448044061660767,442,156,464,225,453,190
frame_63,Rack_1,49,4,coke_small,0.8024057149887085,421,157,442,226,431,191
frame_63,Rack_1,34,4,coke_small,0.8535976409912109,398,160,420,226,409,193
frame_63,Rack_1,12,4,coke_small,0.884911298751831,378,159,398,226,388,192
frame_63,Rack_1,40,4,coke_small,0.88809734582901,358,160,378,226,368,193
frame_63,Rack_1,38,4,coke_small,0.8556469082832336,337,158,358,226,347,192
frame_63,Rack_1,5,4,coke_small,0.8932892680168152,316,159,337,226,326,192
frame_63,Rack_1,21,17,sprite_small,0.9334955215454102,294,157,315,227,304,192
frame_63,Rack_1,14,17,sprite_small,0.9364504814147949,274,157,294,227,284,192
frame_63,Rack_1,25,17,sprite_small,0.8872697949409485,256,157,274,226,265,191
frame_63,Rack_1,15,17,sprite_small,0.8846867680549622,234,157,256,226,245,191
frame_63,Rack_1,28,9,empty,0.8739383220672607,104,161,230,227,167,194
frame_63,Rack_2,45,3,coke_med,0.9308359622955322,572,249,604,336,588,292
frame_63,Rack_2,20,3,coke_med,0.9148079752922058,539,249,572,337,555,293
frame_63,Rack_2,22,3,coke_med,0.8667693734169006,516,249,539,337,527,293
frame_63,Rack_2,24,3,coke_med,0.9225727319717407,489,249,516,337,502,293
frame_63,Rack_2,3,3,coke_med,0.9343470335006714,463,249,489,338,476,293
frame_63,Rack_2,47,6,coke_v_med,0.9010258316993713,436,249,463,337,449,293
frame_63,Rack_2,41,6,coke_v_med,0.8147515058517456,410,250,436,337,423,293
frame_63,Rack_2,29,6,coke_v_med,0.8333708047866821,383,249,409,338,396,293
frame_63,Rack_2,26,2,anw_med,0.8629719018936157,358,250,383,338,370,294
frame_63,Rack_2,17,2,anw_med,0.8725911378860474,333,248,357,337,345,292
frame_63,Rack_2,43,2,anw_med,0.8985240459442139,307,248,332,338,319,293
frame_63,Rack_2,42,2,anw_med,0.8639498353004456,284,249,307,337,295,293
frame_63,Rack_2,46,2,anw_med,0.8711131811141968,259,250,283,337,271,293
frame_63,Rack_2,7,2,anw_med,0.897879421710968,233,251,258,337,245,294
frame_63,Rack_2,30,15,pepsi_med,0.8455128073692322,213,254,232,334,222,294
frame_63,Rack_2,8,15,pepsi_med,0.9179196357727051,190,255,212,334,201,294
frame_63,Rack_2,2,15,pepsi_med,0.9043108224868774,164,254,189,334,176,294
frame_63,Rack_2,16,15,pepsi_med,0.8733113408088684,144,254,164,335,154,294
frame_63,Rack_2,31,15,pepsi_med,0.908543050289154,117,255,144,334,130,294
frame_63,Rack_2,44,15,pepsi_med,0.8569817543029785,96,255,117,332,106,293
frame_63,Rack_2,55,13,kick_med,0.7906597852706909,73,255,96,332,84,293
frame_63,Rack_2,53,13,kick_med,0.8210179209709167,52,257,72,333,62,295
frame_63,Rack_2,52,13,kick_med,0.8226416707038879,27,257,51,332,39,294
frame_63,Rack_2,56,13,kick_med,0.7987213134765625,4,257,27,333,15,295
frame_63,Rack_3,6,9,empty,0.9198361039161682,485,358,600,485,542,421
frame_63,Rack_3,13,7,coke_z_big,0.9119763970375061,447,359,483,472,465,415
frame_63,Rack_3,1,7,coke_z_big,0.9115508794784546,409,359,446,472,427,415
frame_63,Rack_3,39,5,coke_v_big,0.9197218418121338,374,357,408,481,391,419
frame_63,Rack_3,4,5,coke_v_big,0.8956303000450134,338,356,374,481,356,418
frame_63,Rack_3,33,5,coke_v_big,0.9016228318214417,304,356,337,467,320,411
frame_63,Rack_3,18,5,coke_v_big,0.9136346578598022,270,358,303,464,286,411
frame_63,Rack_3,10,5,coke_v_big,0.911375105381012,234,359,269,478,251,418
frame_63,Rack_3,9,14,pepsi_big,0.9130387902259827,201,354,232,478,216,416
frame_63,Rack_3,11,14,pepsi_big,0.8923243880271912,169,352,200,476,184,414
frame_63,Rack_3,54,14,pepsi_big,0.7161020636558533,137,352,168,475,152,413
frame_63,Rack_3,19,10,fanta_grape_big,0.9132004380226135,99,353,135,475,117,414
frame_63,Rack_3,51,10,fanta_grape_big,0.8101251721382141,74,352,98,471,86,411
frame_63,Rack_3,23,12,fanta_straw_big,0.8435494303703308,6,352,46,459,26,405
frame_64,Rack_1,50,1,a&w_small,0.8839922547340393,580,156,608,222,594,189
frame_64,Rack_1,35,1,a&w_small,0.8304714560508728,559,155,579,222,569,188
frame_64,Rack_1,32,1,a&w_small,0.8467698693275452,536,155,558,223,547,189
frame_64,Rack_1,48,1,a&w_small,0.8283148407936096,512,156,535,223,523,189
frame_64,Rack_1,37,1,a&w_small,0.8400568962097168,489,155,511,224,500,189
frame_64,Rack_1,27,1,a&w_small,0.8465944528579712,465,155,488,224,476,189
frame_64,Rack_1,36,1,a&w_small,0.8532127141952515,442,156,464,225,453,190
frame_64,Rack_1,49,4,coke_small,0.7927587628364563,421,157,442,225,431,191
frame_64,Rack_1,34,4,coke_small,0.8560381531715393,399,159,420,226,409,192
frame_64,Rack_1,12,4,coke_small,0.8861522674560547,379,159,398,226,388,192
frame_64,Rack_1,40,4,coke_small,0.8878996968269348,358,160,379,226,368,193
frame_64,Rack_1,38,4,coke_small,0.8428307175636292,337,158,358,226,347,192
frame_64,Rack_1,5,4,coke_small,0.8881403207778931,316,159,337,226,326,192
frame_64,Rack_1,21,17,sprite_small,0.9348899126052856,295,157,315,227,305,192
frame_64,Rack_1,14,17,sprite_small,0.9382054209709167,275,157,295,227,285,192
frame_64,Rack_1,25,17,sprite_small,0.8874531388282776,256,157,274,226,265,191
frame_64,Rack_1,15,17,sprite_small,0.8895649313926697,234,157,256,226,245,191
frame_64,Rack_1,28,9,empty,0.8706492781639099,104,161,230,227,167,194
frame_64,Rack_2,45,3,coke_med,0.9282516241073608,572,249,604,336,588,292
frame_64,Rack_2,20,3,coke_med,0.8976519703865051,540,249,572,336,556,292
frame_64,Rack_2,22,3,coke_med,0.8838376402854919,516,249,539,337,527,293
frame_64,Rack_2,24,3,coke_med,0.9223990440368652,489,248,516,337,502,292
frame_64,Rack_2,3,3,coke_med,0.9300233721733093,463,249,489,337,476,293
frame_64,Rack_2,61,3,coke_med,0.8955463767051697,436,250,463,337,449,293
frame_64,Rack_2,41,6,coke_v_med,0.8278076648712158,410,250,436,337,423,293
frame_64,Rack_2,29,6,coke_v_med,0.8415942788124084,383,249,409,338,396,293
frame_64,Rack_2,26,2,anw_med,0.8664125204086304,358,250,383,338,370,294
frame_64,Rack_2,17,2,anw_med,0.8601090908050537,333,248,357,337,345,292
frame_64,Rack_2,43,2,anw_med,0.8878955245018005,308,248,332,337,320,292
frame_64,Rack_2,42,2,anw_med,0.8639981150627136,284,249,307,337,295,293
frame_64,Rack_2,46,2,anw_med,0.8630408048629761,259,250,283,337,271,293
frame_64,Rack_2,7,2,anw_med,0.9035601615905762,233,251,258,337,245,294
frame_64,Rack_2,30,15,pepsi_med,0.843608558177948,213,254,232,334,222,294
frame_64,Rack_2,8,15,pepsi_med,0.9240400195121765,190,255,213,334,201,294
frame_64,Rack_2,2,15,pepsi_med,0.8930556774139404,164,255,189,334,176,294
frame_64,Rack_2,16,15,pepsi_med,0.871441125869751,144,254,164,335,154,294
frame_64,Rack_2,31,15,pepsi_med,0.9102117419242859,117,255,144,334,130,294
frame_64,Rack_2,44,15,pepsi_med,0.8560398817062378,96,255,118,332,107,293
frame_64,Rack_2,55,13,kick_med,0.7812240719795227,73,255,96,332,84,293
frame_64,Rack_2,53,13,kick_med,0.7932353019714355,52,257,73,333,62,295
frame_64,Rack_2,52,13,kick_med,0.799655556678772,28,257,52,332,40,294
frame_64,Rack_2,56,13,kick_med,0.7742781639099121,4,257,27,333,15,295
frame_64,Rack_3,6,9,empty,0.9170043468475342,485,358,600,485,542,421
frame_64,Rack_3,13,7,coke_z_big,0.9162887334823608,447,359,483,472,465,415
frame_64,Rack_3,1,7,coke_z_big,0.9139624834060669,409,359,447,472,428,415
frame_64,Rack_3,39,5,coke_v_big,0.9202678799629211,375,357,408,481,391,419
frame_64,Rack_3,4,5,coke_v_big,0.8957085609436035,338,357,374,482,356,419
frame_64,Rack_3,33,5,coke_v_big,0.9037033915519714,304,356,338,466,321,411
frame_64,Rack_3,18,5,coke_v_big,0.9155935645103455,270,358,303,464,286,411
frame_64,Rack_3,10,5,coke_v_big,0.910552442073822,234,359,269,478,251,418
frame_64,Rack_3,9,14,pepsi_big,0.9171991348266602,201,354,232,478,216,416
frame_64,Rack_3,11,14,pepsi_big,0.8984957337379456,169,353,200,476,184,414
frame_64,Rack_3,54,14,pepsi_big,0.7639360427856445,137,352,168,475,152,413
frame_64,Rack_3,19,10,fanta_grape_big,0.8906074166297913,99,353,135,475,117,414
frame_64,Rack_3,51,10,fanta_grape_big,0.7441869974136353,74,352,98,471,86,411
frame_64,Rack_3,23,12,fanta_straw_big,0.7287009358406067,6,352,47,460,26,406
frame_65,Rack_1,50,1,a&w_small,0.869127631187439,581,156,608,222,594,189
frame_65,Rack_1,35,1,a&w_small,0.824462890625,559,155,580,222,569,188
frame_65,Rack_1,32,1,a&w_small,0.8276984691619873,536,154,558,223,547,188
frame_65,Rack_1,48,1,a&w_small,0.8089979290962219,512,156,535,223,523,189
frame_65,Rack_1,37,1,a&w_small,0.8363617658615112,489,155,511,224,500,189
frame_65,Rack_1,27,1,a&w_small,0.8518779873847961,465,155,488,224,476,189
frame_65,Rack_1,36,1,a&w_small,0.8359439373016357,443,156,465,225,454,190
frame_65,Rack_1,49,4,coke_small,0.774954617023468,421,157,442,225,431,191
frame_65,Rack_1,34,4,coke_small,0.8468074798583984,399,159,421,226,410,192
frame_65,Rack_1,12,4,coke_small,0.8751381635665894,379,159,399,226,389,192
frame_65,Rack_1,40,4,coke_small,0.8880536556243896,358,160,379,226,368,193
frame_65,Rack_1,38,4,coke_small,0.8487135767936707,337,158,358,226,347,192
frame_65,Rack_1,5,4,coke_small,0.8806799650192261,316,159,337,226,326,192
frame_65,Rack_1,21,17,sprite_small,0.9325681328773499,295,157,316,227,305,192
frame_65,Rack_1,14,17,sprite_small,0.9417882561683655,275,157,295,227,285,192
frame_65,Rack_1,25,17,sprite_small,0.8841711282730103,256,157,274,226,265,191
frame_65,Rack_1,15,17,sprite_small,0.8950084447860718,234,157,256,226,245,191
frame_65,Rack_1,28,9,empty,0.8661638498306274,104,161,230,227,167,194
frame_65,Rack_2,45,3,coke_med,0.9268686175346375,572,249,604,336,588,292
frame_65,Rack_2,20,3,coke_med,0.8997153639793396,540,249,572,336,556,292
frame_65,Rack_2,22,3,coke_med,0.8803839087486267,516,249,539,337,527,293
frame_65,Rack_2,24,3,coke_med,0.9191498160362244,489,248,516,337,502,292
frame_65,Rack_2,3,3,coke_med,0.9300429821014404,463,249,489,337,476,293
frame_65,Rack_2,61,3,coke_med,0.8912573456764221,437,249,463,336,450,292
frame_65,Rack_2,41,6,coke_v_med,0.8441003561019897,410,250,436,337,423,293
frame_65,Rack_2,29,6,coke_v_med,0.8624516129493713,383,249,410,337,396,293
frame_65,Rack_2,26,2,anw_med,0.8784362077713013,358,249,383,337,370,293
frame_65,Rack_2,17,2,anw_med,0.8676440119743347,333,249,357,337,345,293
frame_65,Rack_2,43,2,anw_med,0.8849973082542419,308,248,332,337,320,292
frame_65,Rack_2,42,2,anw_med,0.8767225742340088,284,249,308,337,296,293
frame_65,Rack_2,46,2,anw_med,0.870347261428833,259,249,284,337,271,293
frame_65,Rack_2,7,2,anw_med,0.9044069647789001,233,251,259,336,246,293
frame_65,Rack_2,30,15,pepsi_med,0.8271235823631287,213,254,233,334,223,294
frame_65,Rack_2,8,15,pepsi_med,0.924816370010376,190,255,213,334,201,294
frame_65,Rack_2,2,15,pepsi_med,0.8874995112419128,165,255,189,334,177,294
frame_65,Rack_2,16,15,pepsi_med,0.8718318939208984,144,253,164,334,154,293
frame_65,Rack_2,31,15,pepsi_med,0.9139452576637268,118,255,144,334,131,294
frame_65,Rack_2,44,15,pepsi_med,0.855746328830719,97,255,118,332,107,293
frame_65,Rack_2,55,13,kick_med,0.7761967778205872,73,255,96,332,84,293
frame_65,Rack_2,53,13,kick_med,0.7907582521438599,52,257,73,333,62,295
frame_65,Rack_2,52,13,kick_med,0.7960142493247986,28,257,52,332,40,294
frame_65,Rack_2,56,13,kick_med,0.7508280277252197,4,257,27,333,15,295
frame_65,Rack_3,6,9,empty,0.9141675233840942,485,358,600,485,542,421
frame_65,Rack_3,13,7,coke_z_big,0.9176235198974609,448,358,483,471,465,414
frame_65,Rack_3,1,7,coke_z_big,0.9120052456855774,409,358,447,471,428,414
frame_65,Rack_3,39,5,coke_v_big,0.9190403819084167,375,357,409,481,392,419
frame_65,Rack_3,4,5,coke_v_big,0.8952528834342957,338,358,374,482,356,420
frame_65,Rack_3,33,5,coke_v_big,0.9055997133255005,305,356,338,466,321,411
frame_65,Rack_3,18,5,coke_v_big,0.9152740836143494,270,358,304,463,287,410
frame_65,Rack_3,10,5,coke_v_big,0.9137701988220215,235,358,269,477,252,417
frame_65,Rack_3,9,14,pepsi_big,0.9148821234703064,201,354,233,477,217,415
frame_65,Rack_3,11,14,pepsi_big,0.9035583734512329,170,353,200,476,185,414
frame_65,Rack_3,54,14,pepsi_big,0.8684412240982056,137,352,169,475,153,413
frame_65,Rack_3,19,10,fanta_grape_big,0.9017070531845093,99,352,136,474,117,413
frame_65,Rack_3,51,10,fanta_grape_big,0.773591935634613,74,352,98,471,86,411
frame_65,Rack_3,59,10,fanta_grape_big,0.5164449214935303,46,352,73,469,59,410
frame_65,Rack_3,23,12,fanta_straw_big,0.8182735443115234,6,351,46,460,26,405
frame_66,Rack_1,50,1,a&w_small,0.862079381942749,581,156,608,222,594,189
frame_66,Rack_1,35,1,a&w_small,0.8362464308738708,559,156,580,222,569,189
frame_66,Rack_1,32,1,a&w_small,0.8246776461601257,537,155,559,223,548,189
frame_66,Rack_1,48,1,a&w_small,0.8048043251037598,513,155,536,223,524,189
frame_66,Rack_1,37,1,a&w_small,0.8460716009140015,489,156,512,223,500,189
frame_66,Rack_1,27,1,a&w_small,0.843288004398346,466,155,488,224,477,189
frame_66,Rack_1,36,1,a&w_small,0.8380497097969055,443,156,465,225,454,190
frame_66,Rack_1,49,4,coke_small,0.7665664553642273,422,156,443,225,432,190
frame_66,Rack_1,34,4,coke_small,0.8023561835289001,399,159,421,226,410,192
frame_66,Rack_1,12,4,coke_small,0.862899124622345,379,159,399,226,389,192
frame_66,Rack_1,40,4,coke_small,0.89058917760849,358,160,379,226,368,193
frame_66,Rack_1,38,4,coke_small,0.8711074590682983,338,158,358,226,348,192
frame_66,Rack_1,5,4,coke_small,0.8985714316368103,316,159,338,226,327,192
frame_66,Rack_1,21,17,sprite_small,0.9328634738922119,295,157,316,227,305,192
frame_66,Rack_1,14,17,sprite_small,0.9369744062423706,275,157,295,227,285,192
frame_66,Rack_1,25,17,sprite_small,0.8846670985221863,257,157,275,226,266,191
frame_66,Rack_1,15,17,sprite_small,0.8903598189353943,234,157,256,226,245,191
frame_66,Rack_1,28,9,empty,0.8758989572525024,105,161,230,227,167,194
frame_66,Rack_2,45,3,coke_med,0.9248823523521423,572,248,604,336,588,292
frame_66,Rack_2,20,3,coke_med,0.8954276442527771,540,249,572,336,556,292
frame_66,Rack_2,22,3,coke_med,0.878631055355072,517,249,540,336,528,292
frame_66,Rack_2,24,3,coke_med,0.9110550880432129,489,248,516,337,502,292
frame_66,Rack_2,3,3,coke_med,0.9298850297927856,463,249,489,337,476,293
frame_66,Rack_2,61,3,coke_med,0.889898419380188,437,249,463,336,450,292
frame_66,Rack_2,41,6,coke_v_med,0.8465558290481567,410,250,436,337,423,293
frame_66,Rack_2,29,6,coke_v_med,0.8771163821220398,384,249,410,337,397,293
frame_66,Rack_2,26,2,anw_med,0.8662137389183044,358,250,383,337,370,293
frame_66,Rack_2,17,2,anw_med,0.8858702778816223,333,249,358,337,345,293
frame_66,Rack_2,43,2,anw_med,0.88728266954422,308,248,333,337,320,292
frame_66,Rack_2,42,2,anw_med,0.8747745156288147,284,249,308,337,296,293
frame_66,Rack_2,46,2,anw_med,0.8628966808319092,259,249,284,337,271,293
frame_66,Rack_2,7,2,anw_med,0.9013205170631409,234,250,259,336,246,293
frame_66,Rack_2,30,15,pepsi_med,0.8301534056663513,213,254,233,333,223,293
frame_66,Rack_2,8,15,pepsi_med,0.9128088355064392,190,255,213,334,201,294
frame_66,Rack_2,2,15,pepsi_med,0.8883695602416992,165,254,189,334,177,294
frame_66,Rack_2,16,15,pepsi_med,0.869071900844574,144,253,164,334,154,293
frame_66,Rack_2,31,15,pepsi_med,0.9143745303153992,118,254,144,334,131,294
frame_66,Rack_2,44,15,pepsi_med,0.8531804084777832,97,255,118,332,107,293
frame_66,Rack_2,55,13,kick_med,0.7731716632843018,73,255,97,332,85,293
frame_66,Rack_2,53,13,kick_med,0.7938452959060669,52,257,73,332,62,294
frame_66,Rack_2,52,13,kick_med,0.802664041519165,28,257,52,332,40,294
frame_66,Rack_2,56,13,kick_med,0.770840048789978,4,257,27,333,15,295
frame_66,Rack_3,6,9,empty,0.9169350862503052,485,358,601,485,543,421
frame_66,Rack_3,13,7,coke_z_big,0.9203366637229919,448,358,483,471,465,414
frame_66,Rack_3,1,7,coke_z_big,0.9125027060508728,410,358,447,471,428,414
frame_66,Rack_3,39,5,coke_v_big,0.9166772365570068,375,356,409,480,392,418
frame_66,Rack_3,4,5,coke_v_big,0.8946497440338135,339,358,374,482,356,420
frame_66,Rack_3,33,5,coke_v_big,0.9095574021339417,305,356,338,465,321,410
frame_66,Rack_3,18,5,coke_v_big,0.9219026565551758,270,358,304,463,287,410
frame_66,Rack_3,10,5,coke_v_big,0.9152287840843201,235,358,269,477,252,417
frame_66,Rack_3,9,14,pepsi_big,0.9134618639945984,201,354,233,477,217,415
frame_66,Rack_3,11,14,pepsi_big,0.9067652821540833,170,353,200,476,185,414
frame_66,Rack_3,54,14,pepsi_big,0.89585280418396,137,352,169,475,153,413
frame_66,Rack_3,19,10,fanta_grape_big,0.9012515544891357,99,352,136,474,117,413
frame_66,Rack_3,51,10,fanta_grape_big,0.7451887130737305,74,351,98,471,86,411
frame_66,Rack_3,59,10,fanta_grape_big,0.5040635466575623,47,351,74,469,60,410
frame_66,Rack_3,23,12,fanta_straw_big,0.8634450435638428,6,351,46,459,26,405
frame_67,Rack_1,50,1,a&w_small,0.8420345783233643,581,156,609,222,595,189
frame_67,Rack_1,35,1,a&w_small,0.8604279160499573,560,156,580,222,570,189
frame_67,Rack_1,32,1,a&w_small,0.8224819898605347,537,155,559,223,548,189
frame_67,Rack_1,48,1,a&w_small,0.8005111217498779,513,155,536,223,524,189
frame_67,Rack_1,37,1,a&w_small,0.843865692615509,490,156,512,223,501,189
frame_67,Rack_1,27,1,a&w_small,0.8356804251670837,466,155,489,224,477,189
frame_67,Rack_1,36,1,a&w_small,0.8480554223060608,444,156,465,225,454,190
frame_67,Rack_1,49,4,coke_small,0.785136342048645,422,156,443,224,432,190
frame_67,Rack_1,34,4,coke_small,0.8017944693565369,399,158,421,225,410,191
frame_67,Rack_1,12,4,coke_small,0.8478110432624817,379,159,399,225,389,192
frame_67,Rack_1,40,4,coke_small,0.8805601596832275,359,159,379,225,369,192
frame_67,Rack_1,38,4,coke_small,0.8868225812911987,338,157,359,225,348,191
frame_67,Rack_1,5,4,coke_small,0.9076440930366516,317,158,338,225,327,191
frame_67,Rack_1,21,17,sprite_small,0.9198353886604309,295,157,316,227,305,192
frame_67,Rack_1,14,17,sprite_small,0.9266122579574585,275,157,295,226,285,191
frame_67,Rack_1,25,17,sprite_small,0.8881136178970337,257,157,275,226,266,191
frame_67,Rack_1,15,17,sprite_small,0.8868759870529175,235,157,256,226,245,191
frame_67,Rack_1,28,9,empty,0.8761444091796875,107,161,229,225,168,193
frame_67,Rack_2,45,3,coke_med,0.9103121161460876,573,248,605,335,589,291
frame_67,Rack_2,20,3,coke_med,0.8970486521720886,541,249,572,336,556,292
frame_67,Rack_2,22,3,coke_med,0.8792679905891418,517,249,540,336,528,292
frame_67,Rack_2,24,3,coke_med,0.90541672706604,490,248,516,336,503,292
frame_67,Rack_2,3,3,coke_med,0.9272184371948242,464,249,490,336,477,292
frame_67,Rack_2,61,3,coke_med,0.8712128400802612,437,249,463,336,450,292
frame_67,Rack_2,41,6,coke_v_med,0.8343870043754578,411,250,436,336,423,293
frame_67,Rack_2,29,6,coke_v_med,0.8869688510894775,384,249,410,336,397,292
frame_67,Rack_2,26,2,anw_med,0.8693413734436035,359,250,383,336,371,293
frame_67,Rack_2,17,2,anw_med,0.909453272819519,334,249,358,336,346,292
frame_67,Rack_2,43,2,anw_med,0.8903483748435974,309,248,333,336,321,292
frame_67,Rack_2,42,2,anw_med,0.8721634745597839,284,249,308,336,296,292
frame_67,Rack_2,46,2,anw_med,0.862422525882721,260,249,284,335,272,292
frame_67,Rack_2,7,2,anw_med,0.8992161750793457,234,250,259,336,246,293
frame_67,Rack_2,30,15,pepsi_med,0.8441648483276367,213,254,233,333,223,293
frame_67,Rack_2,8,15,pepsi_med,0.90333092212677,190,254,213,333,201,293
frame_67,Rack_2,2,15,pepsi_med,0.8828389048576355,165,254,189,334,177,294
frame_67,Rack_2,16,15,pepsi_med,0.8659559488296509,144,253,165,334,154,293
frame_67,Rack_2,31,15,pepsi_med,0.9130358099937439,118,254,144,333,131,293
frame_67,Rack_2,44,15,pepsi_med,0.863486647605896,97,254,118,332,107,293
frame_67,Rack_2,55,13,kick_med,0.7659515738487244,73,254,97,332,85,293
frame_67,Rack_2,53,13,kick_med,0.8139340877532959,52,256,73,332,62,294
frame_67,Rack_2,52,13,kick_med,0.827220618724823,28,257,52,332,40,294
frame_67,Rack_2,56,13,kick_med,0.7968965172767639,4,257,27,332,15,294
frame_67,Rack_3,6,9,empty,0.918474555015564,485,357,601,485,543,421
frame_67,Rack_3,13,7,coke_z_big,0.9221550226211548,448,358,484,471,466,414
frame_67,Rack_3,1,7,coke_z_big,0.9165766835212708,410,358,447,471,428,414
frame_67,Rack_3,39,5,coke_v_big,0.9130924940109253,375,356,409,480,392,418
frame_67,Rack_3,4,5,coke_v_big,0.89628666639328,339,358,374,482,356,420
frame_67,Rack_3,33,5,coke_v_big,0.9117076992988586,305,356,338,465,321,410
frame_67,Rack_3,18,5,coke_v_big,0.9231616854667664,270,357,304,463,287,410
frame_67,Rack_3,10,5,coke_v_big,0.9138946533203125,235,358,269,477,252,417
frame_67,Rack_3,9,14,pepsi_big,0.9151555895805359,201,354,233,477,217,415
frame_67,Rack_3,11,14,pepsi_big,0.9107168316841125,170,353,200,475,185,414
frame_67,Rack_3,54,14,pepsi_big,0.8905357122421265,137,352,169,475,153,413
frame_67,Rack_3,19,10,fanta_grape_big,0.9199207425117493,100,352,136,474,118,413
frame_67,Rack_3,51,10,fanta_grape_big,0.8064619302749634,74,351,98,471,86,411
frame_67,Rack_3,23,12,fanta_straw_big,0.8995541930198669,6,351,47,459,26,405
frame_68,Rack_1,50,1,a&w_small,0.8367355465888977,582,157,609,222,595,189
frame_68,Rack_1,35,1,a&w_small,0.8487057685852051,560,156,580,221,570,188
frame_68,Rack_1,32,1,a&w_small,0.8099074363708496,537,156,559,223,548,189
frame_68,Rack_1,48,1,a&w_small,0.7946805953979492,513,156,536,223,524,189
frame_68,Rack_1,37,1,a&w_small,0.8356694579124451,490,156,512,223,501,189
frame_68,Rack_1,27,1,a&w_small,0.8473484516143799,466,156,489,224,477,190
frame_68,Rack_1,36,1,a&w_small,0.8555501699447632,444,156,466,224,455,190
frame_68,Rack_1,49,4,coke_small,0.7933968305587769,422,157,443,224,432,190
frame_68,Rack_1,34,4,coke_small,0.826551616191864,400,158,421,225,410,191
frame_68,Rack_1,12,4,coke_small,0.8449329137802124,380,160,399,226,389,193
frame_68,Rack_1,40,4,coke_small,0.8929874300956726,359,159,379,226,369,192
frame_68,Rack_1,38,4,coke_small,0.8985888361930847,338,157,359,226,348,191
frame_68,Rack_1,5,4,coke_small,0.9213176369667053,317,159,338,226,327,192
frame_68,Rack_1,21,17,sprite_small,0.9287828803062439,296,157,316,227,306,192
frame_68,Rack_1,14,17,sprite_small,0.9279913902282715,275,157,295,227,285,192
frame_68,Rack_1,25,17,sprite_small,0.8919141888618469,257,157,275,227,266,192
frame_68,Rack_1,15,17,sprite_small,0.8961125612258911,235,157,256,226,245,191
frame_68,Rack_1,28,9,empty,0.8703449368476868,106,161,229,225,167,193
frame_68,Rack_2,45,3,coke_med,0.9175865054130554,573,248,605,335,589,291
frame_68,Rack_2,20,3,coke_med,0.8903021216392517,541,249,572,335,556,292
frame_68,Rack_2,22,3,coke_med,0.8964595794677734,517,249,540,336,528,292
frame_68,Rack_2,24,3,coke_med,0.9033389687538147,490,248,517,336,503,292
frame_68,Rack_2,3,3,coke_med,0.9295911192893982,464,249,490,336,477,292
frame_68,Rack_2,61,3,coke_med,0.876645565032959,437,248,464,336,450,292
frame_68,Rack_2,41,6,coke_v_med,0.8487275838851929,411,250,436,336,423,293
frame_68,Rack_2,29,6,coke_v_med,0.8931602239608765,384,249,410,336,397,292
frame_68,Rack_2,26,2,anw_med,0.8680778741836548,359,250,383,336,371,293
frame_68,Rack_2,17,2,anw_med,0.9188504219055176,334,249,358,336,346,292
frame_68,Rack_2,43,2,anw_med,0.8843623995780945,309,248,333,335,321,291
frame_68,Rack_2,42,2,anw_med,0.8811270594596863,285,249,308,336,296,292
frame_68,Rack_2,46,2,anw_med,0.8628831505775452,260,249,284,334,272,291
frame_68,Rack_2,7,2,anw_med,0.9005882143974304,234,251,259,335,246,293
frame_68,Rack_2,30,15,pepsi_med,0.8538005352020264,214,254,233,332,223,293
frame_68,Rack_2,8,15,pepsi_med,0.9005288481712341,191,254,213,333,202,293
frame_68,Rack_2,2,15,pepsi_med,0.8878560662269592,165,254,189,333,177,293
frame_68,Rack_2,16,15,pepsi_med,0.8642383813858032,145,253,165,334,155,293
frame_68,Rack_2,31,15,pepsi_med,0.9059237241744995,118,254,144,333,131,293
frame_68,Rack_2,44,15,pepsi_med,0.8741198182106018,97,254,118,332,107,293
frame_68,Rack_2,55,13,kick_med,0.7251589298248291,73,254,97,332,85,293
frame_68,Rack_2,53,13,kick_med,0.7453652620315552,52,256,73,332,62,294
frame_68,Rack_2,52,13,kick_med,0.7550902962684631,28,257,52,331,40,294
frame_68,Rack_2,56,13,kick_med,0.6855579614639282,4,256,28,332,16,294
frame_68,Rack_3,6,9,empty,0.9141616821289062,485,357,602,485,543,421
frame_68,Rack_3,13,7,coke_z_big,0.9250078797340393,448,357,484,470,466,413
frame_68,Rack_3,1,7,coke_z_big,0.9202046990394592,410,358,447,471,428,414
frame_68,Rack_3,39,5,coke_v_big,0.9097486734390259,375,355,409,480,392,417
frame_68,Rack_3,4,5,coke_v_big,0.8917285203933716,339,358,374,482,356,420
frame_68,Rack_3,33,5,coke_v_big,0.9121749401092529,305,356,338,465,321,410
frame_68,Rack_3,18,5,coke_v_big,0.9190182089805603,271,357,304,463,287,410
frame_68,Rack_3,10,5,coke_v_big,0.9088665246963501,235,358,270,477,252,417
frame_68,Rack_3,9,14,pepsi_big,0.9099723100662231,201,352,233,477,217,414
frame_68,Rack_3,11,14,pepsi_big,0.9136657118797302,170,352,201,475,185,413
frame_68,Rack_3,54,14,pepsi_big,0.8930333852767944,137,350,169,474,153,412
frame_68,Rack_3,19,10,fanta_grape_big,0.908150315284729,100,350,137,474,118,412
frame_68,Rack_3,51,10,fanta_grape_big,0.806843101978302,74,350,99,471,86,410
frame_68,Rack_3,59,10,fanta_grape_big,0.5615496635437012,47,350,74,468,60,409
frame_68,Rack_3,23,12,fanta_straw_big,0.9022723436355591,5,350,47,458,26,404
frame_69,Rack_1,50,1,a&w_small,0.8373661637306213,582,157,609,221,595,189
frame_69,Rack_1,35,1,a&w_small,0.8501803278923035,560,157,581,221,570,189
frame_69,Rack_1,32,1,a&w_small,0.8025500774383545,537,157,559,223,548,190
frame_69,Rack_1,48,1,a&w_small,0.7907692790031433,513,157,536,223,524,190
frame_69,Rack_1,37,1,a&w_small,0.8313247561454773,490,157,512,223,501,190
frame_69,Rack_1,27,1,a&w_small,0.8319119215011597,467,156,489,224,478,190
frame_69,Rack_1,36,1,a&w_small,0.8483781814575195,444,157,466,224,455,190
frame_69,Rack_1,49,4,coke_small,0.7643114924430847,423,157,443,224,433,190
frame_69,Rack_1,34,4,coke_small,0.8220216035842896,400,159,422,225,411,192
frame_69,Rack_1,12,4,coke_small,0.8443686366081238,380,160,399,226,389,193
frame_69,Rack_1,40,4,coke_small,0.8984298706054688,359,159,380,227,369,193
frame_69,Rack_1,38,4,coke_small,0.8886350989341736,338,157,359,227,348,192
frame_69,Rack_1,5,4,coke_small,0.9313154816627502,317,158,339,227,328,192
frame_69,Rack_1,21,17,sprite_small,0.913613498210907,296,157,317,227,306,192
frame_69,Rack_1,14,17,sprite_small,0.9100192189216614,276,157,296,227,286,192
frame_69,Rack_1,25,17,sprite_small,0.8823844194412231,257,157,275,227,266,192
frame_69,Rack_1,15,17,sprite_small,0.887431800365448,235,157,256,227,245,192
frame_69,Rack_1,28,9,empty,0.8750410079956055,106,161,230,226,168,193
frame_69,Rack_2,45,3,coke_med,0.9106176495552063,573,248,605,335,589,291
frame_69,Rack_2,20,3,coke_med,0.8873577117919922,541,249,573,335,557,292
frame_69,Rack_2,22,3,coke_med,0.887681782245636,518,249,540,336,529,292
frame_69,Rack_2,24,3,coke_med,0.8920004963874817,490,249,517,336,503,292
frame_69,Rack_2,3,3,coke_med,0.9326120018959045,464,249,490,336,477,292
frame_69,Rack_2,47,6,coke_v_med,0.5410946011543274,437,250,464,337,450,293
frame_69,Rack_2,61,3,coke_med,0.8449526429176331,437,248,464,336,450,292
frame_69,Rack_2,41,6,coke_v_med,0.8381059169769287,411,249,437,336,424,292
frame_69,Rack_2,29,6,coke_v_med,0.9070088267326355,384,249,410,336,397,292
frame_69,Rack_2,26,2,anw_med,0.8742978572845459,359,250,384,336,371,293
frame_69,Rack_2,17,2,anw_med,0.92545086145401,334,249,358,336,346,292
frame_69,Rack_2,43,2,anw_med,0.8828591704368591,309,248,333,336,321,292
frame_69,Rack_2,42,2,anw_med,0.8798823952674866,285,249,308,336,296,292
frame_69,Rack_2,46,2,anw_med,0.8708334565162659,260,249,284,334,272,291
frame_69,Rack_2,7,2,anw_med,0.9018030166625977,235,251,259,335,247,293
frame_69,Rack_2,30,15,pepsi_med,0.853674590587616,214,253,233,332,223,292
frame_69,Rack_2,8,15,pepsi_med,0.9086231589317322,191,254,213,333,202,293
frame_69,Rack_2,2,15,pepsi_med,0.8889075517654419,165,254,190,333,177,293
frame_69,Rack_2,16,15,pepsi_med,0.8668696284294128,145,253,165,334,155,293
frame_69,Rack_2,31,15,pepsi_med,0.9114790558815002,118,254,144,333,131,293
frame_69,Rack_2,44,15,pepsi_med,0.9093322157859802,97,255,118,332,107,293
frame_69,Rack_2,55,13,kick_med,0.7491832375526428,73,254,97,332,85,293
frame_69,Rack_2,53,13,kick_med,0.768899142742157,53,256,73,332,63,294
frame_69,Rack_2,52,13,kick_med,0.7971482872962952,28,256,52,331,40,293
frame_69,Rack_2,56,13,kick_med,0.7349565625190735,4,256,28,333,16,294
frame_69,Rack_3,6,9,empty,0.9150409698486328,485,357,602,486,543,421
frame_69,Rack_3,13,7,coke_z_big,0.9240498542785645,448,357,484,470,466,413
frame_69,Rack_3,1,7,coke_z_big,0.9198147058486938,410,358,447,471,428,414
frame_69,Rack_3,39,5,coke_v_big,0.9038510322570801,375,355,409,480,392,417
frame_69,Rack_3,4,5,coke_v_big,0.8909662961959839,339,357,375,482,357,419
frame_69,Rack_3,33,5,coke_v_big,0.9093949198722839,305,355,338,465,321,410
frame_69,Rack_3,18,5,coke_v_big,0.9249939322471619,271,357,304,463,287,410
frame_69,Rack_3,10,5,coke_v_big,0.9088018536567688,235,357,270,477,252,417
frame_69,Rack_3,9,14,pepsi_big,0.9141836762428284,202,352,234,477,218,414
frame_69,Rack_3,11,14,pepsi_big,0.9150119423866272,170,352,201,475,185,413
frame_69,Rack_3,54,14,pepsi_big,0.8770155310630798,137,350,169,474,153,412
frame_69,Rack_3,19,10,fanta_grape_big,0.9155967831611633,100,350,137,474,118,412
frame_69,Rack_3,51,10,fanta_grape_big,0.7945718169212341,74,350,99,471,86,410
frame_69,Rack_3,59,10,fanta_grape_big,0.6077418327331543,47,350,74,466,60,408
frame_69,Rack_3,23,12,fanta_straw_big,0.883355975151062,5,349,47,458,26,403
frame_70,Rack_1,50,1,a&w_small,0.8008477687835693,583,157,610,221,596,189
frame_70,Rack_1,35,1,a&w_small,0.8250458240509033,561,157,581,221,571,189
frame_70,Rack_1,32,1,a&w_small,0.8053730130195618,538,157,559,222,548,189
frame_70,Rack_1,48,1,a&w_small,0.7854840755462646,514,157,536,223,525,190
frame_70,Rack_1,37,1,a&w_small,0.8146178722381592,491,157,512,223,501,190
frame_70,Rack_1,27,1,a&w_small,0.830482542514801,467,156,489,224,478,190
frame_70,Rack_1,36,1,a&w_small,0.8465641736984253,445,157,466,224,455,190
frame_70,Rack_1,49,4,coke_small,0.7399035692214966,423,157,444,224,433,190
frame_70,Rack_1,34,4,coke_small,0.8223184943199158,400,158,422,225,411,191
frame_70,Rack_1,12,4,coke_small,0.8454234600067139,380,160,400,225,390,192
frame_70,Rack_1,40,4,coke_small,0.8649522662162781,359,159,380,226,369,192
frame_70,Rack_1,38,4,coke_small,0.858819305896759,339,158,359,226,349,192
frame_70,Rack_1,5,4,coke_small,0.9390713572502136,317,158,339,226,328,192
frame_70,Rack_1,21,17,sprite_small,0.9005924463272095,296,157,317,227,306,192
frame_70,Rack_1,14,17,sprite_small,0.8928425908088684,276,157,296,227,286,192
frame_70,Rack_1,25,17,sprite_small,0.8922650218009949,257,157,276,227,266,192
frame_70,Rack_1,15,17,sprite_small,0.8878000974655151,235,157,257,226,246,191
frame_70,Rack_1,28,9,empty,0.8759889006614685,106,161,231,227,168,194
frame_70,Rack_2,45,3,coke_med,0.891609787940979,574,248,605,335,589,291
frame_70,Rack_2,20,3,coke_med,0.8869476318359375,542,249,573,335,557,292
frame_70,Rack_2,22,3,coke_med,0.8939035534858704,518,249,541,335,529,292
frame_70,Rack_2,24,3,coke_med,0.88909512758255,491,249,517,336,504,292
frame_70,Rack_2,3,3,coke_med,0.9336956143379211,465,249,490,336,477,292
frame_70,Rack_2,61,3,coke_med,0.813812792301178,438,248,464,336,451,292
frame_70,Rack_2,47,6,coke_v_med,0.5320063233375549,437,249,464,336,450,292
frame_70,Rack_2,41,6,coke_v_med,0.8290730714797974,411,250,437,336,424,293
frame_70,Rack_2,29,6,coke_v_med,0.9156200885772705,384,249,410,336,397,292
frame_70,Rack_2,26,2,anw_med,0.8859027624130249,359,250,384,336,371,293
frame_70,Rack_2,17,2,anw_med,0.9262795448303223,334,250,358,336,346,293
frame_70,Rack_2,43,2,anw_med,0.904486358165741,310,249,334,336,322,292
frame_70,Rack_2,42,2,anw_med,0.8874773383140564,285,249,308,336,296,292
frame_70,Rack_2,46,2,anw_med,0.8687886595726013,261,249,284,334,272,291
frame_70,Rack_2,7,2,anw_med,0.9061427116394043,235,251,260,335,247,293
frame_70,Rack_2,30,15,pepsi_med,0.8534674644470215,214,253,234,332,224,292
frame_70,Rack_2,8,15,pepsi_med,0.8971815705299377,191,254,214,333,202,293
frame_70,Rack_2,2,15,pepsi_med,0.8803347945213318,165,252,190,333,177,292
frame_70,Rack_2,16,15,pepsi_med,0.8854424357414246,145,253,165,333,155,293
frame_70,Rack_2,31,15,pepsi_med,0.904428243637085,118,254,144,333,131,293
frame_70,Rack_2,44,15,pepsi_med,0.9117904305458069,98,255,119,332,108,293
frame_70,Rack_2,55,13,kick_med,0.7553822994232178,74,254,97,332,85,293
frame_70,Rack_2,53,13,kick_med,0.7614530920982361,53,256,74,331,63,293
frame_70,Rack_2,52,13,kick_med,0.8116560578346252,28,256,52,331,40,293
frame_70,Rack_2,56,13,kick_med,0.7710336446762085,4,255,28,332,16,293
frame_70,Rack_3,6,9,empty,0.9102656841278076,484,356,601,485,542,420
frame_70,Rack_3,13,7,coke_z_big,0.9265887141227722,449,357,484,470,466,413
frame_70,Rack_3,1,7,coke_z_big,0.9217742085456848,410,358,448,471,429,414
frame_70,Rack_3,39,5,coke_v_big,0.9012987017631531,376,355,410,480,393,417
frame_70,Rack_3,4,5,coke_v_big,0.893639087677002,340,357,375,482,357,419
frame_70,Rack_3,33,5,coke_v_big,0.9076956510543823,306,355,339,464,322,409
frame_70,Rack_3,18,5,coke_v_big,0.9262427091598511,271,357,305,462,288,409
frame_70,Rack_3,10,5,coke_v_big,0.9095898866653442,236,357,270,477,253,417
frame_70,Rack_3,9,14,pepsi_big,0.9145961999893188,202,351,234,477,218,414
frame_70,Rack_3,11,14,pepsi_big,0.9147697687149048,171,351,201,474,186,412
frame_70,Rack_3,54,14,pepsi_big,0.8828054666519165,137,350,170,474,153,412
frame_70,Rack_3,19,10,fanta_grape_big,0.9128445982933044,100,350,137,473,118,411
frame_70,Rack_3,51,10,fanta_grape_big,0.7951343059539795,75,349,99,471,87,410
frame_70,Rack_3,59,10,fanta_grape_big,0.6839577555656433,48,349,74,465,61,407
frame_70,Rack_3,23,12,fanta_straw_big,0.874504566192627,6,349,47,457,26,403
frame_71,Rack_1,50,1,a&w_small,0.7939138412475586,583,157,610,221,596,189
frame_71,Rack_1,35,1,a&w_small,0.8118553757667542,561,157,581,221,571,189
frame_71,Rack_1,32,1,a&w_small,0.7942229509353638,538,157,560,222,549,189
frame_71,Rack_1,48,1,a&w_small,0.7737363576889038,514,157,536,222,525,189
frame_71,Rack_1,37,1,a&w_small,0.8040140271186829,491,157,513,223,502,190
frame_71,Rack_1,27,1,a&w_small,0.8215530514717102,467,156,489,224,478,190
frame_71,Rack_1,36,1,a&w_small,0.8534821271896362,445,157,466,224,455,190
frame_71,Rack_1,49,4,coke_small,0.7450599670410156,423,157,444,224,433,190
frame_71,Rack_1,34,4,coke_small,0.8432304859161377,400,158,422,225,411,191
frame_71,Rack_1,12,4,coke_small,0.8631795048713684,380,160,400,225,390,192
frame_71,Rack_1,40,4,coke_small,0.863873302936554,360,159,380,226,370,192
frame_71,Rack_1,38,4,coke_small,0.8506829142570496,339,159,360,226,349,192
frame_71,Rack_1,5,4,coke_small,0.9334797859191895,317,158,339,227,328,192
frame_71,Rack_1,21,17,sprite_small,0.8890884518623352,296,157,317,227,306,192
frame_71,Rack_1,14,17,sprite_small,0.8913390040397644,276,157,296,227,286,192
frame_71,Rack_1,25,17,sprite_small,0.8939395546913147,258,157,276,227,267,192
frame_71,Rack_1,15,17,sprite_small,0.8908008337020874,235,157,257,227,246,192
frame_71,Rack_1,28,9,empty,0.8694781064987183,107,161,231,226,169,193
frame_71,Rack_2,45,3,coke_med,0.8678714632987976,574,248,606,335,590,291
frame_71,Rack_2,20,3,coke_med,0.8875083327293396,542,249,573,335,557,292
frame_71,Rack_2,22,3,coke_med,0.9067517518997192,518,249,541,336,529,292
frame_71,Rack_2,24,3,coke_med,0.8869352340698242,491,248,517,336,504,292
frame_71,Rack_2,3,3,coke_med,0.9321197271347046,465,249,491,336,478,292
frame_71,Rack_2,47,6,coke_v_med,0.6052994728088379,438,249,464,336,451,292
frame_71,Rack_2,61,3,coke_med,0.7795704007148743,438,248,464,335,451,291
frame_71,Rack_2,41,6,coke_v_med,0.8331804275512695,412,249,437,336,424,292
frame_71,Rack_2,29,6,coke_v_med,0.914650559425354,385,249,411,336,398,292
frame_71,Rack_2,26,2,anw_med,0.8944999575614929,359,250,384,336,371,293
frame_71,Rack_2,17,2,anw_med,0.9231359958648682,335,250,359,336,347,293
frame_71,Rack_2,43,2,anw_med,0.924375593662262,310,249,334,336,322,292
frame_71,Rack_2,42,2,anw_med,0.8897467255592346,285,250,309,336,297,293
frame_71,Rack_2,46,2,anw_med,0.8566134572029114,261,249,285,334,273,291
frame_71,Rack_2,7,2,anw_med,0.9097816348075867,235,251,260,334,247,292
frame_71,Rack_2,30,15,pepsi_med,0.8595957159996033,214,253,234,332,224,292
frame_71,Rack_2,8,15,pepsi_med,0.8947683572769165,191,254,214,333,202,293
frame_71,Rack_2,2,15,pepsi_med,0.8830554485321045,165,252,190,333,177,292
frame_71,Rack_2,16,15,pepsi_med,0.8894758224487305,145,253,165,332,155,292
frame_71,Rack_2,31,15,pepsi_med,0.8988348245620728,119,254,145,333,132,293
frame_71,Rack_2,44,15,pepsi_med,0.9057298302650452,98,255,119,332,108,293
frame_71,Rack_2,55,13,kick_med,0.7360498309135437,74,254,97,332,85,293
frame_71,Rack_2,53,13,kick_med,0.7658737301826477,53,256,74,331,63,293
frame_71,Rack_2,52,13,kick_med,0.7991266846656799,29,255,53,331,41,293
frame_71,Rack_2,56,13,kick_med,0.7764127850532532,4,254,28,332,16,293
frame_71,Rack_3,6,9,empty,0.9128240346908569,485,356,601,485,543,420
frame_71,Rack_3,13,7,coke_z_big,0.9257182478904724,449,357,485,470,467,413
frame_71,Rack_3,1,7,coke_z_big,0.9193903803825378,411,358,448,471,429,414
frame_71,Rack_3,39,5,coke_v_big,0.8927568793296814,376,355,410,480,393,417
frame_71,Rack_3,4,5,coke_v_big,0.8937479853630066,340,357,375,482,357,419
frame_71,Rack_3,33,5,coke_v_big,0.9067836999893188,306,355,339,464,322,409
frame_71,Rack_3,18,5,coke_v_big,0.9238975048065186,271,357,305,462,288,409
frame_71,Rack_3,10,5,coke_v_big,0.9062451124191284,236,357,271,477,253,417
frame_71,Rack_3,9,14,pepsi_big,0.9167501926422119,202,351,234,476,218,413
frame_71,Rack_3,11,14,pepsi_big,0.9135990738868713,171,351,201,474,186,412
frame_71,Rack_3,54,14,pepsi_big,0.8856020569801331,138,349,170,474,154,411
frame_71,Rack_3,19,10,fanta_grape_big,0.9252983927726746,100,349,137,473,118,411
frame_71,Rack_3,51,10,fanta_grape_big,0.8252306580543518,75,349,99,470,87,409
frame_71,Rack_3,59,10,fanta_grape_big,0.7567381858825684,48,349,74,464,61,406
frame_71,Rack_3,23,12,fanta_straw_big,0.9017930626869202,6,348,47,457,26,402
frame_72,Rack_1,50,1,a&w_small,0.797641932964325,583,158,610,220,596,189
frame_72,Rack_1,35,1,a&w_small,0.7908399701118469,562,157,581,221,571,189
frame_72,Rack_1,32,1,a&w_small,0.793731153011322,539,158,560,222,549,190
frame_72,Rack_1,48,1,a&w_small,0.7740420699119568,515,159,536,222,525,190
frame_72,Rack_1,37,1,a&w_small,0.806574821472168,491,157,513,223,502,190
frame_72,Rack_1,27,1,a&w_small,0.8386290073394775,468,157,490,224,479,190
frame_72,Rack_1,36,1,a&w_small,0.8637976050376892,446,158,467,224,456,191
frame_72,Rack_1,49,4,coke_small,0.796914279460907,424,158,444,224,434,191
frame_72,Rack_1,34,4,coke_small,0.8712615966796875,401,158,422,225,411,191
frame_72,Rack_1,12,4,coke_small,0.8564078211784363,381,160,400,225,390,192
frame_72,Rack_1,40,4,coke_small,0.859305739402771,360,160,380,226,370,193
frame_72,Rack_1,38,4,coke_small,0.863159716129303,339,159,360,227,349,193
frame_72,Rack_1,5,4,coke_small,0.93943852186203,318,158,339,227,328,192
frame_72,Rack_1,21,17,sprite_small,0.8901280760765076,297,157,317,227,307,192
frame_72,Rack_1,14,17,sprite_small,0.8833022117614746,277,158,296,227,286,192
frame_72,Rack_1,25,17,sprite_small,0.8944074511528015,258,158,276,227,267,192
frame_72,Rack_1,15,17,sprite_small,0.8857418894767761,236,158,257,227,246,192
frame_72,Rack_1,28,9,empty,0.8689508438110352,107,161,231,226,169,193
frame_72,Rack_1,60,0,7up_med,0.637846052646637,78,162,105,232,91,197
frame_72,Rack_1,57,0,7up_med,0.7415205240249634,50,161,77,240,63,200
frame_72,Rack_1,58,0,7up_med,0.5508036613464355,28,160,50,240,39,200
frame_72,Rack_2,45,3,coke_med,0.8774580955505371,575,249,606,334,590,291
frame_72,Rack_2,20,3,coke_med,0.8911961913108826,542,249,573,334,557,291
frame_72,Rack_2,22,3,coke_med,0.9138419032096863,518,249,541,335,529,292
frame_72,Rack_2,24,3,coke_med,0.8903707265853882,492,248,518,335,505,291
frame_72,Rack_2,3,3,coke_med,0.9238319993019104,465,249,491,335,478,292
frame_72,Rack_2,47,6,coke_v_med,0.6307117938995361,438,249,464,335,451,292
frame_72,Rack_2,61,3,coke_med,0.7351425886154175,438,248,465,335,451,291
frame_72,Rack_2,41,6,coke_v_med,0.8369733691215515,412,249,437,335,424,292
frame_72,Rack_2,29,6,coke_v_med,0.9057391285896301,385,249,411,335,398,292
frame_72,Rack_2,26,2,anw_med,0.898736298084259,360,250,384,336,372,293
frame_72,Rack_2,17,2,anw_med,0.9178204536437988,335,250,359,336,347,293
frame_72,Rack_2,43,2,anw_med,0.9318984746932983,310,250,334,335,322,292
frame_72,Rack_2,42,2,anw_med,0.8892733454704285,286,250,309,335,297,292
frame_72,Rack_2,46,2,anw_med,0.850266695022583,261,249,285,334,273,291
frame_72,Rack_2,7,2,anw_med,0.9083635210990906,235,251,260,334,247,292
frame_72,Rack_2,30,15,pepsi_med,0.8667378425598145,215,253,234,332,224,292
frame_72,Rack_2,8,15,pepsi_med,0.891425371170044,191,252,214,333,202,292
frame_72,Rack_2,2,15,pepsi_med,0.8934856653213501,166,251,191,333,178,292
frame_72,Rack_2,16,15,pepsi_med,0.898797869682312,146,252,166,332,156,292
frame_72,Rack_2,31,15,pepsi_med,0.8983026742935181,119,254,145,333,132,293
frame_72,Rack_2,44,15,pepsi_med,0.9014034271240234,98,254,119,331,108,292
frame_72,Rack_2,55,13,kick_med,0.7845762968063354,74,253,97,332,85,292
frame_72,Rack_2,53,13,kick_med,0.8389557600021362,53,256,74,332,63,294
frame_72,Rack_2,52,13,kick_med,0.8474270105361938,29,255,53,332,41,293
frame_72,Rack_2,56,13,kick_med,0.8339684009552002,4,254,29,333,16,293
frame_72,Rack_3,6,9,empty,0.9082950353622437,487,356,605,486,546,421
frame_72,Rack_3,13,7,coke_z_big,0.9260934591293335,449,357,485,470,467,413
frame_72,Rack_3,1,7,coke_z_big,0.916976273059845,411,358,448,471,429,414
frame_72,Rack_3,39,5,coke_v_big,0.8855649828910828,376,355,410,479,393,417
frame_72,Rack_3,4,5,coke_v_big,0.8903793692588806,340,356,375,481,357,418
frame_72,Rack_3,33,5,coke_v_big,0.9027628898620605,306,355,339,464,322,409
frame_72,Rack_3,18,5,coke_v_big,0.9201396107673645,271,357,305,462,288,409
frame_72,Rack_3,10,5,coke_v_big,0.9003329277038574,236,356,271,476,253,416
frame_72,Rack_3,9,14,pepsi_big,0.9194271564483643,202,351,234,476,218,413
frame_72,Rack_3,11,14,pepsi_big,0.9136457443237305,171,351,201,474,186,412
frame_72,Rack_3,54,14,pepsi_big,0.87567138671875,138,349,170,474,154,411
frame_72,Rack_3,19,10,fanta_grape_big,0.9296773672103882,100,349,138,473,119,411
frame_72,Rack_3,51,10,fanta_grape_big,0.7983900904655457,75,349,99,470,87,409
frame_72,Rack_3,59,10,fanta_grape_big,0.6639967560768127,48,349,74,463,61,406
frame_72,Rack_3,23,12,fanta_straw_big,0.9191081523895264,6,348,47,457,26,402
frame_73,Rack_1,50,1,a&w_small,0.7971464395523071,583,159,610,220,596,189
frame_73,Rack_1,35,1,a&w_small,0.8095600605010986,562,158,582,221,572,189
frame_73,Rack_1,32,1,a&w_small,0.7928551435470581,539,159,561,222,550,190
frame_73,Rack_1,48,1,a&w_small,0.7778728604316711,515,160,537,222,526,191
frame_73,Rack_1,37,1,a&w_small,0.7997551560401917,491,158,513,223,502,190
frame_73,Rack_1,27,1,a&w_small,0.8221297264099121,468,158,490,224,479,191
frame_73,Rack_1,36,1,a&w_small,0.8574627637863159,446,158,467,224,456,191
frame_73,Rack_1,49,4,coke_small,0.8172132968902588,424,158,445,224,434,191
frame_73,Rack_1,34,4,coke_small,0.9014813899993896,401,158,423,224,412,191
frame_73,Rack_1,12,4,coke_small,0.8517985343933105,381,161,401,225,391,193
frame_73,Rack_1,40,4,coke_small,0.8474447131156921,360,159,381,226,370,192
frame_73,Rack_1,38,4,coke_small,0.8649476170539856,340,160,360,227,350,193
frame_73,Rack_1,5,4,coke_small,0.9403098821640015,318,159,340,227,329,193
frame_73,Rack_1,21,17,sprite_small,0.8883616328239441,297,157,318,227,307,192
frame_73,Rack_1,14,17,sprite_small,0.8778605461120605,277,158,297,227,287,192
frame_73,Rack_1,25,17,sprite_small,0.8943844437599182,258,158,276,227,267,192
frame_73,Rack_1,15,17,sprite_small,0.8879649043083191,236,158,258,227,247,192
frame_73,Rack_1,28,9,empty,0.8712416887283325,107,161,232,226,169,193
frame_73,Rack_1,60,0,7up_med,0.5996284484863281,78,162,106,232,92,197
frame_73,Rack_1,57,0,7up_med,0.7186709642410278,50,161,78,239,64,200
frame_73,Rack_2,45,3,coke_med,0.8793020248413086,575,249,606,334,590,291
frame_73,Rack_2,20,3,coke_med,0.8971375823020935,543,249,574,334,558,291
frame_73,Rack_2,22,3,coke_med,0.9095836877822876,519,249,541,335,530,292
frame_73,Rack_2,24,3,coke_med,0.8862285614013672,492,249,518,335,505,292
frame_73,Rack_2,3,3,coke_med,0.9148241281509399,466,249,491,335,478,292
frame_73,Rack_2,47,6,coke_v_med,0.649066150188446,439,250,465,335,452,292
frame_73,Rack_2,61,3,coke_med,0.6780372262001038,439,248,465,334,452,291
frame_73,Rack_2,41,6,coke_v_med,0.8238463401794434,412,249,438,335,425,292
frame_73,Rack_2,29,6,coke_v_med,0.9071747660636902,385,249,411,335,398,292
frame_73,Rack_2,26,2,anw_med,0.8934124708175659,360,250,384,335,372,292
frame_73,Rack_2,17,2,anw_med,0.9045895338058472,335,250,359,335,347,292
frame_73,Rack_2,43,2,anw_med,0.926895797252655,311,250,335,335,323,292
frame_73,Rack_2,42,2,anw_med,0.886680543422699,286,250,309,335,297,292
frame_73,Rack_2,46,2,anw_med,0.8524417281150818,261,249,285,334,273,291
frame_73,Rack_2,7,2,anw_med,0.9061024785041809,236,251,260,334,248,292
frame_73,Rack_2,30,15,pepsi_med,0.8679923415184021,215,253,234,332,224,292
frame_73,Rack_2,8,15,pepsi_med,0.892250657081604,191,252,214,333,202,292
frame_73,Rack_2,2,15,pepsi_med,0.9139194488525391,166,251,191,333,178,292
frame_73,Rack_2,16,15,pepsi_med,0.9105260372161865,146,252,166,333,156,292
frame_73,Rack_2,31,15,pepsi_med,0.9127023220062256,120,254,145,333,132,293
frame_73,Rack_2,44,15,pepsi_med,0.9064453840255737,98,254,119,331,108,292
frame_73,Rack_2,55,13,kick_med,0.786395788192749,74,254,98,332,86,293
frame_73,Rack_2,53,13,kick_med,0.8451844453811646,54,256,74,332,64,294
frame_73,Rack_2,52,13,kick_med,0.8531578779220581,29,255,54,332,41,293
frame_73,Rack_2,56,13,kick_med,0.8255942463874817,4,254,29,334,16,294
frame_73,Rack_3,6,9,empty,0.9090996384620667,487,356,606,486,546,421
frame_73,Rack_3,13,7,coke_z_big,0.9211270213127136,449,357,485,470,467,413
frame_73,Rack_3,1,7,coke_z_big,0.9138399958610535,411,357,449,471,430,414
frame_73,Rack_3,39,5,coke_v_big,0.8763490915298462,377,354,410,479,393,416
frame_73,Rack_3,4,5,coke_v_big,0.8918765187263489,340,355,376,481,358,418
frame_73,Rack_3,33,5,coke_v_big,0.9019841551780701,306,355,339,464,322,409
frame_73,Rack_3,18,5,coke_v_big,0.9182692170143127,272,356,306,462,289,409
frame_73,Rack_3,10,5,coke_v_big,0.9032339453697205,236,356,271,476,253,416
frame_73,Rack_3,9,14,pepsi_big,0.9241178035736084,203,351,235,476,219,413
frame_73,Rack_3,11,14,pepsi_big,0.9102879166603088,171,350,201,474,186,412
frame_73,Rack_3,54,14,pepsi_big,0.8954114317893982,138,349,170,473,154,411
frame_73,Rack_3,19,10,fanta_grape_big,0.9352765083312988,100,349,138,473,119,411
frame_73,Rack_3,51,10,fanta_grape_big,0.8102612495422363,75,349,99,470,87,409
frame_73,Rack_3,59,10,fanta_grape_big,0.7192257046699524,49,349,75,462,62,405
frame_73,Rack_3,23,12,fanta_straw_big,0.9058793187141418,6,348,48,457,27,402
frame_74,Rack_1,50,1,a&w_small,0.7914913892745972,584,159,610,220,597,189
frame_74,Rack_1,35,1,a&w_small,0.8108075857162476,562,158,582,221,572,189
frame_74,Rack_1,32,1,a&w_small,0.7942752838134766,539,159,561,222,550,190
frame_74,Rack_1,48,1,a&w_small,0.7851853966712952,515,160,537,222,526,191
frame_74,Rack_1,37,1,a&w_small,0.8005679249763489,492,158,513,223,502,190
frame_74,Rack_1,27,1,a&w_small,0.8305566310882568,468,158,490,224,479,191
frame_74,Rack_1,36,1,a&w_small,0.8619068264961243,446,158,467,223,456,190
frame_74,Rack_1,49,4,coke_small,0.8388285040855408,424,158,445,224,434,191
frame_74,Rack_1,34,4,coke_small,0.9117339849472046,401,158,423,224,412,191
frame_74,Rack_1,12,4,coke_small,0.853531539440155,382,161,401,225,391,193
frame_74,Rack_1,40,4,coke_small,0.8508692979812622,361,159,381,226,371,192
frame_74,Rack_1,38,4,coke_small,0.8909084796905518,340,159,361,227,350,193
frame_74,Rack_1,5,4,coke_small,0.9396358132362366,318,159,340,227,329,193
frame_74,Rack_1,21,17,sprite_small,0.8906936645507812,297,157,318,227,307,192
frame_74,Rack_1,14,17,sprite_small,0.8825589418411255,277,158,297,227,287,192
frame_74,Rack_1,25,17,sprite_small,0.894629716873169,258,158,276,227,267,192
frame_74,Rack_1,15,17,sprite_small,0.8935880661010742,237,158,258,227,247,192
frame_74,Rack_1,28,9,empty,0.8728288412094116,108,161,232,226,170,193
frame_74,Rack_1,57,0,7up_med,0.5635419487953186,51,161,78,239,64,200
frame_74,Rack_2,45,3,coke_med,0.8776707053184509,576,248,607,334,591,291
frame_74,Rack_2,20,3,coke_med,0.8961610794067383,543,249,574,334,558,291
frame_74,Rack_2,22,3,coke_med,0.892101526260376,519,249,542,334,530,291
frame_74,Rack_2,24,3,coke_med,0.87867671251297,492,249,518,335,505,292
frame_74,Rack_2,3,3,coke_med,0.9211161136627197,466,249,492,334,479,291
frame_74,Rack_2,47,6,coke_v_med,0.6894730925559998,439,250,465,335,452,292
frame_74,Rack_2,61,3,coke_med,0.6428483724594116,439,249,465,334,452,291
frame_74,Rack_2,41,6,coke_v_med,0.8122401237487793,413,249,438,335,425,292
frame_74,Rack_2,29,6,coke_v_med,0.9154585003852844,386,249,411,335,398,292
frame_74,Rack_2,26,2,anw_med,0.9000431895256042,360,250,385,335,372,292
frame_74,Rack_2,17,2,anw_med,0.8901081681251526,336,250,359,335,347,292
frame_74,Rack_2,43,2,anw_med,0.9188660979270935,311,250,335,335,323,292
frame_74,Rack_2,42,2,anw_med,0.888843297958374,287,250,310,335,298,292
frame_74,Rack_2,46,2,anw_med,0.9013167023658752,262,249,286,335,274,292
frame_74,Rack_2,7,2,anw_med,0.9069098830223083,236,251,261,334,248,292
frame_74,Rack_2,30,15,pepsi_med,0.8641248941421509,215,253,235,331,225,292
frame_74,Rack_2,8,15,pepsi_med,0.8930136561393738,192,252,215,333,203,292
frame_74,Rack_2,2,15,pepsi_med,0.9182710647583008,166,251,191,333,178,292
frame_74,Rack_2,16,15,pepsi_med,0.91180419921875,146,252,166,332,156,292
frame_74,Rack_2,31,15,pepsi_med,0.906570553779602,120,254,146,332,133,293
frame_74,Rack_2,44,15,pepsi_med,0.8983650803565979,99,253,120,331,109,292
frame_74,Rack_2,55,13,kick_med,0.8034862875938416,75,254,98,332,86,293
frame_74,Rack_2,53,13,kick_med,0.8566492199897766,54,255,75,332,64,293
frame_74,Rack_2,52,13,kick_med,0.8511886596679688,29,254,54,332,41,293
frame_74,Rack_2,56,13,kick_med,0.8302016258239746,5,254,29,333,17,293
frame_74,Rack_3,6,9,empty,0.9075431227684021,488,356,605,485,546,420
frame_74,Rack_3,13,7,coke_z_big,0.9220365881919861,450,357,485,470,467,413
frame_74,Rack_3,1,7,coke_z_big,0.9122210741043091,412,357,449,471,430,414
frame_74,Rack_3,39,5,coke_v_big,0.8611150979995728,377,354,411,479,394,416
frame_74,Rack_3,4,5,coke_v_big,0.8885418176651001,340,354,376,481,358,417
frame_74,Rack_3,33,5,coke_v_big,0.8944559097290039,307,355,340,464,323,409
frame_74,Rack_3,18,5,coke_v_big,0.91727215051651,272,356,306,462,289,409
frame_74,Rack_3,10,5,coke_v_big,0.895344614982605,237,356,271,476,254,416
frame_74,Rack_3,9,14,pepsi_big,0.9152870178222656,203,351,235,476,219,413
frame_74,Rack_3,11,14,pepsi_big,0.9042733907699585,171,350,202,474,186,412
frame_74,Rack_3,54,14,pepsi_big,0.8909115791320801,138,349,170,473,154,411
frame_74,Rack_3,19,10,fanta_grape_big,0.9432743787765503,101,349,138,473,119,411
frame_74,Rack_3,51,10,fanta_grape_big,0.8293441534042358,76,349,100,470,88,409
frame_74,Rack_3,59,10,fanta_grape_big,0.7431350350379944,49,349,75,462,62,405
frame_74,Rack_3,23,12,fanta_straw_big,0.8817436099052429,7,348,48,457,27,402
frame_75,Rack_1,50,1,a&w_small,0.7511377334594727,584,159,611,220,597,189
frame_75,Rack_1,35,1,a&w_small,0.7927205562591553,563,158,582,220,572,189
frame_75,Rack_1,32,1,a&w_small,0.7952948808670044,540,159,561,222,550,190
frame_75,Rack_1,48,1,a&w_small,0.8080698847770691,516,159,538,222,527,190
frame_75,Rack_1,37,1,a&w_small,0.8197869658470154,492,158,514,223,503,190
frame_75,Rack_1,27,1,a&w_small,0.8385609984397888,469,158,491,223,480,190
frame_75,Rack_1,36,1,a&w_small,0.8621932864189148,447,158,468,223,457,190
frame_75,Rack_1,49,4,coke_small,0.8212487101554871,424,158,445,224,434,191
frame_75,Rack_1,34,4,coke_small,0.8989448547363281,402,158,423,224,412,191
frame_75,Rack_1,12,4,coke_small,0.8516348004341125,382,160,401,225,391,192
frame_75,Rack_1,40,4,coke_small,0.8498615622520447,361,160,382,226,371,193
frame_75,Rack_1,38,4,coke_small,0.8977277874946594,341,159,361,226,351,192
frame_75,Rack_1,5,4,coke_small,0.9330588579177856,319,159,340,227,329,193
frame_75,Rack_1,21,17,sprite_small,0.8714163899421692,298,158,318,227,308,192
frame_75,Rack_1,14,17,sprite_small,0.9004673361778259,277,158,297,227,287,192
frame_75,Rack_1,25,17,sprite_small,0.8935445547103882,258,158,277,227,267,192
frame_75,Rack_1,15,17,sprite_small,0.9012566804885864,237,159,258,227,247,193
frame_75,Rack_1,28,9,empty,0.874616801738739,108,161,233,226,170,193
frame_75,Rack_2,45,3,coke_med,0.8812128305435181,576,248,608,334,592,291
frame_75,Rack_2,20,3,coke_med,0.9083132743835449,543,249,574,334,558,291
frame_75,Rack_2,22,3,coke_med,0.8819462656974792,519,249,542,334,530,291
frame_75,Rack_2,24,3,coke_med,0.8794221878051758,493,249,519,335,506,292
frame_75,Rack_2,3,3,coke_med,0.9195796847343445,467,248,492,334,479,291
frame_75,Rack_2,47,6,coke_v_med,0.7002788186073303,440,249,466,335,453,292
frame_75,Rack_2,61,3,coke_med,0.6728292107582092,440,249,466,334,453,291
frame_75,Rack_2,41,6,coke_v_med,0.8110510110855103,413,248,438,335,425,291
frame_75,Rack_2,29,6,coke_v_med,0.9122734665870667,386,248,412,335,399,291
frame_75,Rack_2,26,2,anw_med,0.8776690363883972,360,249,385,335,372,292
frame_75,Rack_2,17,2,anw_med,0.8876678943634033,336,249,360,335,348,292
frame_75,Rack_2,43,2,anw_med,0.9084533452987671,311,249,336,335,323,292
frame_75,Rack_2,42,2,anw_med,0.9032514095306396,287,249,311,335,299,292
frame_75,Rack_2,46,2,anw_med,0.9256585836410522,262,249,287,335,274,292
frame_75,Rack_2,7,2,anw_med,0.9007100462913513,236,250,261,334,248,292
frame_75,Rack_2,30,15,pepsi_med,0.8154311180114746,215,253,235,332,225,292
frame_75,Rack_2,8,15,pepsi_med,0.9042298197746277,192,252,215,333,203,292
frame_75,Rack_2,2,15,pepsi_med,0.9143911600112915,167,251,191,333,179,292
frame_75,Rack_2,16,15,pepsi_med,0.9151372313499451,147,252,167,332,157,292
frame_75,Rack_2,31,15,pepsi_med,0.9018417000770569,120,253,146,332,133,292
frame_75,Rack_2,44,15,pepsi_med,0.9011430144309998,99,253,120,331,109,292
frame_75,Rack_2,55,13,kick_med,0.824877142906189,75,254,98,332,86,293
frame_75,Rack_2,53,13,kick_med,0.8694102168083191,55,256,75,331,65,293
frame_75,Rack_2,52,13,kick_med,0.8629463315010071,30,254,54,331,42,292
frame_75,Rack_2,56,13,kick_med,0.8418321013450623,5,254,29,333,17,293
frame_75,Rack_3,6,9,empty,0.9108826518058777,488,356,605,484,546,420
frame_75,Rack_3,13,7,coke_z_big,0.9236559271812439,450,357,486,469,468,413
frame_75,Rack_3,1,7,coke_z_big,0.914593517780304,412,357,449,470,430,413
frame_75,Rack_3,39,5,coke_v_big,0.8598753213882446,377,355,411,479,394,417
frame_75,Rack_3,4,5,coke_v_big,0.8922932744026184,340,354,376,480,358,417
frame_75,Rack_3,33,5,coke_v_big,0.9116910696029663,307,355,340,462,323,408
frame_75,Rack_3,18,5,coke_v_big,0.9129632115364075,272,356,306,462,289,409
frame_75,Rack_3,10,5,coke_v_big,0.8977433443069458,237,356,272,476,254,416
frame_75,Rack_3,9,14,pepsi_big,0.9171949625015259,203,351,235,476,219,413
frame_75,Rack_3,11,14,pepsi_big,0.9056916832923889,172,350,202,474,187,412
frame_75,Rack_3,54,14,pepsi_big,0.894914984703064,139,349,171,473,155,411
frame_75,Rack_3,19,10,fanta_grape_big,0.9369364976882935,101,349,138,473,119,411
frame_75,Rack_3,51,10,fanta_grape_big,0.7947183847427368,76,349,100,470,88,409
frame_75,Rack_3,59,10,fanta_grape_big,0.7212334871292114,50,349,76,463,63,406
frame_75,Rack_3,23,12,fanta_straw_big,0.8319092988967896,8,348,49,457,28,402
frame_76,Rack_1,50,1,a&w_small,0.7763168811798096,584,159,611,220,597,189
frame_76,Rack_1,35,1,a&w_small,0.7964766025543213,563,158,583,220,573,189
frame_76,Rack_1,32,1,a&w_small,0.7889870405197144,540,159,562,221,551,190
frame_76,Rack_1,48,1,a&w_small,0.7998823523521423,516,159,539,221,527,190
frame_76,Rack_1,37,1,a&w_small,0.8034400343894958,493,157,514,222,503,189
frame_76,Rack_1,27,1,a&w_small,0.8450751304626465,469,158,491,223,480,190
frame_76,Rack_1,36,1,a&w_small,0.8578982353210449,447,158,468,223,457,190
frame_76,Rack_1,49,4,coke_small,0.8034308552742004,425,158,446,224,435,191
frame_76,Rack_1,34,4,coke_small,0.8814051747322083,402,158,424,224,413,191
frame_76,Rack_1,12,4,coke_small,0.8749684691429138,382,160,402,225,392,192
frame_76,Rack_1,40,4,coke_small,0.884696364402771,362,159,382,226,372,192
frame_76,Rack_1,38,4,coke_small,0.9105834364891052,341,159,362,226,351,192
frame_76,Rack_1,5,4,coke_small,0.9232419729232788,319,158,341,227,330,192
frame_76,Rack_1,21,17,sprite_small,0.8707135915756226,298,158,319,227,308,192
frame_76,Rack_1,14,17,sprite_small,0.8955004811286926,278,158,298,227,288,192
frame_76,Rack_1,25,17,sprite_small,0.8867404460906982,259,158,277,227,268,192
frame_76,Rack_1,15,17,sprite_small,0.9041750431060791,237,158,259,227,248,192
frame_76,Rack_1,28,9,empty,0.8765959739685059,108,160,233,226,170,193
frame_76,Rack_1,60,0,7up_med,0.6240593194961548,79,162,107,232,93,197
frame_76,Rack_1,57,0,7up_med,0.7149956822395325,51,160,79,239,65,199
frame_76,Rack_2,45,3,coke_med,0.8862008452415466,577,248,608,333,592,290
frame_76,Rack_2,20,3,coke_med,0.9086118340492249,544,249,575,334,559,291
frame_76,Rack_2,22,3,coke_med,0.8872893452644348,520,249,543,334,531,291
frame_76,Rack_2,24,3,coke_med,0.8931701183319092,493,249,519,335,506,292
frame_76,Rack_2,3,3,coke_med,0.9256654381752014,467,248,493,334,480,291
frame_76,Rack_2,47,6,coke_v_med,0.6735633611679077,440,249,466,335,453,292
frame_76,Rack_2,61,3,coke_med,0.7188805341720581,440,248,466,334,453,291
frame_76,Rack_2,41,6,coke_v_med,0.8139445185661316,413,248,439,335,426,291
frame_76,Rack_2,29,6,coke_v_med,0.9064224362373352,386,248,412,335,399,291
frame_76,Rack_2,26,2,anw_med,0.8753613829612732,361,248,386,335,373,291
frame_76,Rack_2,17,2,anw_med,0.8868416547775269,336,249,360,335,348,292
frame_76,Rack_2,43,2,anw_med,0.8938317894935608,312,249,336,335,324,292
frame_76,Rack_2,42,2,anw_med,0.9063976407051086,287,248,311,335,299,291
frame_76,Rack_2,46,2,anw_med,0.9331516623497009,263,248,287,335,275,291
frame_76,Rack_2,7,2,anw_med,0.9012742042541504,236,250,261,334,248,292
frame_76,Rack_2,30,15,pepsi_med,0.83139568567276,216,253,235,333,225,293
frame_76,Rack_2,8,15,pepsi_med,0.911637544631958,193,252,215,333,204,292
frame_76,Rack_2,2,15,pepsi_med,0.9120198488235474,167,251,192,333,179,292
frame_76,Rack_2,16,15,pepsi_med,0.9127456545829773,147,252,167,332,157,292
frame_76,Rack_2,31,15,pepsi_med,0.8978757262229919,120,253,146,332,133,292
frame_76,Rack_2,44,15,pepsi_med,0.8859063982963562,99,254,120,331,109,292
frame_76,Rack_2,55,13,kick_med,0.8320010900497437,76,254,99,331,87,292
frame_76,Rack_2,53,13,kick_med,0.8738321661949158,55,256,75,331,65,293
frame_76,Rack_2,52,13,kick_med,0.8590036630630493,30,254,54,331,42,292
frame_76,Rack_2,56,13,kick_med,0.8415147662162781,5,254,29,333,17,293
frame_76,Rack_3,6,9,empty,0.9041773080825806,488,356,605,484,546,420
frame_76,Rack_3,13,7,coke_z_big,0.9231508374214172,450,357,486,470,468,413
frame_76,Rack_3,1,7,coke_z_big,0.9154830574989319,412,357,450,470,431,413
frame_76,Rack_3,39,5,coke_v_big,0.8649954199790955,377,355,411,479,394,417
frame_76,Rack_3,4,5,coke_v_big,0.8887656331062317,341,354,376,480,358,417
frame_76,Rack_3,33,5,coke_v_big,0.9087750315666199,308,355,340,462,324,408
frame_76,Rack_3,18,5,coke_v_big,0.9088020920753479,273,356,307,462,290,409
frame_76,Rack_3,10,5,coke_v_big,0.9016851782798767,238,356,272,476,255,416
frame_76,Rack_3,9,14,pepsi_big,0.9162027835845947,204,351,236,476,220,413
frame_76,Rack_3,11,14,pepsi_big,0.8953340649604797,172,350,202,474,187,412
frame_76,Rack_3,54,14,pepsi_big,0.8818354606628418,139,349,171,473,155,411
frame_76,Rack_3,19,10,fanta_grape_big,0.9367462992668152,101,349,139,473,120,411
frame_76,Rack_3,51,10,fanta_grape_big,0.788701593875885,76,349,100,469,88,409
frame_76,Rack_3,59,10,fanta_grape_big,0.7075653076171875,50,349,76,461,63,405
frame_76,Rack_3,23,12,fanta_straw_big,0.8960599899291992,9,348,50,457,29,402
frame_77,Rack_1,50,1,a&w_small,0.7719317078590393,585,159,612,220,598,189
frame_77,Rack_1,35,1,a&w_small,0.8038713335990906,564,158,584,220,574,189
frame_77,Rack_1,32,1,a&w_small,0.7948389649391174,541,159,563,221,552,190
frame_77,Rack_1,48,1,a&w_small,0.8105199337005615,517,159,539,221,528,190
frame_77,Rack_1,37,1,a&w_small,0.8189553618431091,493,157,515,222,504,189
frame_77,Rack_1,27,1,a&w_small,0.8437313437461853,470,158,492,223,481,190
frame_77,Rack_1,36,1,a&w_small,0.8397716879844666,447,158,468,223,457,190
frame_77,Rack_1,49,4,coke_small,0.7411829829216003,425,158,446,223,435,190
frame_77,Rack_1,34,4,coke_small,0.8496680855751038,403,158,424,224,413,191
frame_77,Rack_1,12,4,coke_small,0.876791775226593,383,160,402,225,392,192
frame_77,Rack_1,40,4,coke_small,0.8865837454795837,362,159,382,226,372,192
frame_77,Rack_1,38,4,coke_small,0.9158114194869995,341,159,362,226,351,192
frame_77,Rack_1,5,4,coke_small,0.9181962609291077,319,158,341,227,330,192
frame_77,Rack_1,21,17,sprite_small,0.8586309552192688,298,158,319,227,308,192
frame_77,Rack_1,14,17,sprite_small,0.8914335370063782,278,158,298,227,288,192
frame_77,Rack_1,25,17,sprite_small,0.8839184641838074,259,158,277,227,268,192
frame_77,Rack_1,15,17,sprite_small,0.9071494936943054,237,158,259,227,248,192
frame_77,Rack_1,28,9,empty,0.8730491399765015,108,160,234,226,171,193
frame_77,Rack_1,60,0,7up_med,0.5186095237731934,79,162,107,232,93,197
frame_77,Rack_1,57,0,7up_med,0.6566047072410583,51,160,79,239,65,199
frame_77,Rack_2,45,3,coke_med,0.8802220821380615,577,248,609,333,593,290
frame_77,Rack_2,20,3,coke_med,0.8970595002174377,544,249,575,334,559,291
frame_77,Rack_2,22,3,coke_med,0.8838977813720703,520,249,543,334,531,291
frame_77,Rack_2,24,3,coke_med,0.8974061608314514,494,249,519,335,506,292
frame_77,Rack_2,3,3,coke_med,0.9235899448394775,467,248,493,334,480,291
frame_77,Rack_2,61,6,coke_v_med,0.7373149991035461,441,248,467,334,454,291
frame_77,Rack_2,47,6,coke_v_med,0.6537734866142273,440,249,467,335,453,292
frame_77,Rack_2,41,6,coke_v_med,0.8255534768104553,413,247,439,335,426,291
frame_77,Rack_2,29,6,coke_v_med,0.8929216861724854,386,248,412,335,399,291
frame_77,Rack_2,26,2,anw_med,0.8727757334709167,361,248,386,335,373,291
frame_77,Rack_2,17,2,anw_med,0.8734336495399475,336,248,361,335,348,291
frame_77,Rack_2,43,2,anw_med,0.8894912600517273,312,248,336,335,324,291
frame_77,Rack_2,42,2,anw_med,0.9019757509231567,288,248,312,335,300,291
frame_77,Rack_2,46,2,anw_med,0.9316262006759644,263,248,287,335,275,291
frame_77,Rack_2,7,2,anw_med,0.9265901446342468,237,249,262,335,249,292
frame_77,Rack_2,30,15,pepsi_med,0.8410707712173462,216,253,236,333,226,293
frame_77,Rack_2,8,15,pepsi_med,0.9163704514503479,193,252,216,333,204,292
frame_77,Rack_2,2,15,pepsi_med,0.9131379723548889,167,251,192,333,179,292
frame_77,Rack_2,16,15,pepsi_med,0.911688506603241,147,252,167,332,157,292
frame_77,Rack_2,31,15,pepsi_med,0.8967646956443787,121,253,146,332,133,292
frame_77,Rack_2,44,15,pepsi_med,0.8830166459083557,100,253,121,331,110,292
frame_77,Rack_2,55,13,kick_med,0.8441173434257507,76,254,99,331,87,292
frame_77,Rack_2,53,13,kick_med,0.8733661770820618,55,256,76,330,65,293
frame_77,Rack_2,52,13,kick_med,0.8688721656799316,30,254,55,330,42,292
frame_77,Rack_2,56,13,kick_med,0.853200376033783,5,254,30,332,17,293
frame_77,Rack_3,6,9,empty,0.9038438200950623,489,356,606,484,547,420
frame_77,Rack_3,13,7,coke_z_big,0.9249677062034607,451,358,486,470,468,414
frame_77,Rack_3,1,7,coke_z_big,0.9187087416648865,413,357,450,470,431,413
frame_77,Rack_3,39,5,coke_v_big,0.8650611042976379,378,355,411,479,394,417
frame_77,Rack_3,4,5,coke_v_big,0.8757393956184387,341,355,377,480,359,417
frame_77,Rack_3,33,5,coke_v_big,0.9131752848625183,308,355,341,462,324,408
frame_77,Rack_3,18,5,coke_v_big,0.9023879170417786,273,356,307,462,290,409
frame_77,Rack_3,10,5,coke_v_big,0.9025636315345764,238,356,272,476,255,416
frame_77,Rack_3,9,14,pepsi_big,0.9093878269195557,204,351,236,476,220,413
frame_77,Rack_3,11,14,pepsi_big,0.8916470408439636,172,350,203,474,187,412
frame_77,Rack_3,54,14,pepsi_big,0.8722442984580994,139,349,171,473,155,411
frame_77,Rack_3,19,10,fanta_grape_big,0.9317868947982788,102,349,139,473,120,411
frame_77,Rack_3,51,10,fanta_grape_big,0.7605304718017578,77,349,101,469,89,409
frame_77,Rack_3,59,10,fanta_grape_big,0.654663622379303,50,349,76,461,63,405
frame_77,Rack_3,23,12,fanta_straw_big,0.8756645321846008,9,348,50,457,29,402
frame_78,Rack_1,50,1,a&w_small,0.7567078471183777,585,158,613,220,599,189
frame_78,Rack_1,35,1,a&w_small,0.8003912568092346,564,157,584,220,574,188
frame_78,Rack_1,32,1,a&w_small,0.7887483239173889,542,158,563,221,552,189
frame_78,Rack_1,48,1,a&w_small,0.8209419250488281,517,157,540,221,528,189
frame_78,Rack_1,37,1,a&w_small,0.823085367679596,494,156,516,222,505,189
frame_78,Rack_1,27,1,a&w_small,0.8244633078575134,470,157,492,223,481,190
frame_78,Rack_1,36,1,a&w_small,0.8417325615882874,447,157,469,223,458,190
frame_78,Rack_1,49,4,coke_small,0.723218560218811,425,158,446,223,435,190
frame_78,Rack_1,34,4,coke_small,0.82155442237854,403,158,424,224,413,191
frame_78,Rack_1,12,4,coke_small,0.8819423317909241,383,159,403,225,393,192
frame_78,Rack_1,40,4,coke_small,0.8872712254524231,362,159,383,226,372,192
frame_78,Rack_1,38,4,coke_small,0.9021145701408386,341,158,362,226,351,192
frame_78,Rack_1,5,4,coke_small,0.9180525541305542,319,157,341,227,330,192
frame_78,Rack_1,21,17,sprite_small,0.868330717086792,299,157,319,227,309,192
frame_78,Rack_1,14,17,sprite_small,0.8888429999351501,278,157,298,227,288,192
frame_78,Rack_1,25,17,sprite_small,0.9091970920562744,259,157,278,227,268,192
frame_78,Rack_1,15,17,sprite_small,0.9082343578338623,238,158,259,227,248,192
frame_78,Rack_1,28,9,empty,0.8782268762588501,109,161,234,226,171,193
frame_78,Rack_2,45,3,coke_med,0.874953031539917,577,248,609,333,593,290
frame_78,Rack_2,20,3,coke_med,0.8856110572814941,544,248,576,333,560,290
frame_78,Rack_2,22,3,coke_med,0.8729276657104492,520,249,543,334,531,291
frame_78,Rack_2,24,3,coke_med,0.8962082862854004,494,249,519,334,506,291
frame_78,Rack_2,3,3,coke_med,0.9325959086418152,468,247,493,334,480,290
frame_78,Rack_2,47,6,coke_v_med,0.7158038020133972,441,248,467,334,454,291
frame_78,Rack_2,61,6,coke_v_med,0.6707373857498169,441,247,467,334,454,290
frame_78,Rack_2,41,6,coke_v_med,0.8281412720680237,413,247,439,335,426,291
frame_78,Rack_2,29,6,coke_v_med,0.8725391626358032,387,248,413,334,400,291
frame_78,Rack_2,26,2,anw_med,0.8789424300193787,361,248,386,334,373,291
frame_78,Rack_2,17,2,anw_med,0.8719334006309509,337,249,361,335,349,292
frame_78,Rack_2,43,2,anw_med,0.8743540644645691,312,248,336,335,324,291
frame_78,Rack_2,42,2,anw_med,0.8798167705535889,288,248,312,335,300,291
frame_78,Rack_2,46,2,anw_med,0.9194760322570801,263,248,287,335,275,291
frame_78,Rack_2,7,2,anw_med,0.9269726872444153,237,248,263,335,250,291
frame_78,Rack_2,30,15,pepsi_med,0.8337984085083008,216,253,236,332,226,292
frame_78,Rack_2,8,15,pepsi_med,0.9174134135246277,193,252,216,332,204,292
frame_78,Rack_2,2,15,pepsi_med,0.8995595574378967,167,251,192,332,179,291
frame_78,Rack_2,16,15,pepsi_med,0.9094523787498474,147,252,168,331,157,291
frame_78,Rack_2,31,15,pepsi_med,0.8858237266540527,121,252,147,332,134,292
frame_78,Rack_2,44,15,pepsi_med,0.8872449994087219,100,253,121,330,110,291
frame_78,Rack_2,55,13,kick_med,0.8334346413612366,76,254,99,331,87,292
frame_78,Rack_2,53,13,kick_med,0.8543816804885864,56,256,76,330,66,293
frame_78,Rack_2,52,13,kick_med,0.858870267868042,31,253,55,330,43,291
frame_78,Rack_2,56,13,kick_med,0.8266213536262512,5,254,30,332,17,293
frame_78,Rack_3,6,9,empty,0.9019162654876709,488,356,606,484,547,420
frame_78,Rack_3,13,7,coke_z_big,0.9205048084259033,451,357,487,470,469,413
frame_78,Rack_3,1,7,coke_z_big,0.9206175208091736,413,357,450,470,431,413
frame_78,Rack_3,39,5,coke_v_big,0.867746889591217,378,355,412,479,395,417
frame_78,Rack_3,4,5,coke_v_big,0.8809810280799866,342,355,377,480,359,417
frame_78,Rack_3,33,5,coke_v_big,0.9213096499443054,308,355,341,462,324,408
frame_78,Rack_3,18,5,coke_v_big,0.9036540389060974,273,356,307,462,290,409
frame_78,Rack_3,10,5,coke_v_big,0.9020182490348816,238,356,273,477,255,416
frame_78,Rack_3,9,14,pepsi_big,0.9107588529586792,204,351,236,476,220,413
frame_78,Rack_3,11,14,pepsi_big,0.8987312912940979,172,350,203,474,187,412
frame_78,Rack_3,54,14,pepsi_big,0.8544836640357971,140,349,172,473,156,411
frame_78,Rack_3,19,10,fanta_grape_big,0.9077401161193848,102,349,139,473,120,411
frame_78,Rack_3,51,10,fanta_grape_big,0.7170379757881165,77,349,101,469,89,409
frame_78,Rack_3,59,10,fanta_grape_big,0.5711752772331238,50,349,76,460,63,404
frame_78,Rack_3,23,12,fanta_straw_big,0.8680317997932434,10,348,50,457,30,402
frame_79,Rack_1,50,1,a&w_small,0.7733734250068665,586,157,613,220,599,188
frame_79,Rack_1,35,1,a&w_small,0.7816030383110046,565,157,585,220,575,188
frame_79,Rack_1,32,1,a&w_small,0.7802495360374451,542,157,564,221,553,189
frame_79,Rack_1,48,1,a&w_small,0.8183750510215759,517,157,541,221,529,189
frame_79,Rack_1,37,1,a&w_small,0.817779004573822,494,156,516,222,505,189
frame_79,Rack_1,27,1,a&w_small,0.8145565390586853,471,156,493,223,482,189
frame_79,Rack_1,36,1,a&w_small,0.8526591062545776,447,157,469,223,458,190
frame_79,Rack_1,49,4,coke_small,0.6929105520248413,425,158,446,222,435,190
frame_79,Rack_1,34,4,coke_small,0.8164902925491333,403,158,424,223,413,190
frame_79,Rack_1,12,4,coke_small,0.8836602568626404,383,159,403,225,393,192
frame_79,Rack_1,40,4,coke_small,0.8847857117652893,363,159,383,225,373,192
frame_79,Rack_1,38,4,coke_small,0.9019830822944641,342,158,362,226,352,192
frame_79,Rack_1,5,4,coke_small,0.9149598479270935,320,157,341,227,330,192
frame_79,Rack_1,21,17,sprite_small,0.8532652258872986,299,157,319,227,309,192
frame_79,Rack_1,14,17,sprite_small,0.8841760754585266,278,157,299,227,288,192
frame_79,Rack_1,25,17,sprite_small,0.9139840006828308,259,157,278,227,268,192
frame_79,Rack_1,15,17,sprite_small,0.8996225595474243,238,158,259,226,248,192
frame_79,Rack_1,28,9,empty,0.8847886919975281,108,161,235,227,171,194
frame_79,Rack_2,45,3,coke_med,0.8746426105499268,578,248,609,333,593,290
frame_79,Rack_2,20,3,coke_med,0.8830862045288086,545,247,576,333,560,290
frame_79,Rack_2,22,3,coke_med,0.8719075918197632,521,249,544,334,532,291
frame_79,Rack_2,24,3,coke_med,0.9017724394798279,494,249,520,334,507,291
frame_79,Rack_2,3,3,coke_med,0.9353875517845154,468,247,494,334,481,290
frame_79,Rack_2,47,6,coke_v_med,0.6709966063499451,441,248,467,334,454,291
frame_79,Rack_2,61,6,coke_v_med,0.7057691812515259,441,247,467,334,454,290
frame_79,Rack_2,41,6,coke_v_med,0.8130842447280884,414,247,440,334,427,290
frame_79,Rack_2,29,6,coke_v_med,0.8368801474571228,387,248,413,334,400,291
frame_79,Rack_2,26,2,anw_med,0.8830137848854065,362,248,386,334,374,291
frame_79,Rack_2,17,2,anw_med,0.8720147013664246,337,249,361,334,349,291
frame_79,Rack_2,43,2,anw_med,0.8581832051277161,312,248,337,335,324,291
frame_79,Rack_2,42,2,anw_med,0.8720588684082031,288,248,312,335,300,291
frame_79,Rack_2,46,2,anw_med,0.9112815260887146,263,248,288,334,275,291
frame_79,Rack_2,7,2,anw_med,0.9273573756217957,237,248,263,334,250,291
frame_79,Rack_2,30,15,pepsi_med,0.8354964256286621,216,253,236,332,226,292
frame_79,Rack_2,8,15,pepsi_med,0.918848991394043,193,252,216,332,204,292
frame_79,Rack_2,2,15,pepsi_med,0.8958929777145386,168,251,192,332,180,291
frame_79,Rack_2,16,15,pepsi_med,0.9031795859336853,148,252,168,331,158,291
frame_79,Rack_2,31,15,pepsi_med,0.8872807621955872,121,252,147,331,134,291
frame_79,Rack_2,44,15,pepsi_med,0.8825278282165527,100,253,121,330,110,291
frame_79,Rack_2,55,13,kick_med,0.8340098857879639,77,253,100,331,88,292
frame_79,Rack_2,53,13,kick_med,0.8551813960075378,56,255,76,330,66,292
frame_79,Rack_2,52,13,kick_med,0.862105131149292,31,253,55,330,43,291
frame_79,Rack_2,56,13,kick_med,0.8311684727668762,5,254,30,332,17,293
frame_79,Rack_3,6,9,empty,0.8882347345352173,490,355,609,485,549,420
frame_79,Rack_3,13,7,coke_z_big,0.9184100031852722,451,357,487,470,469,413
frame_79,Rack_3,1,7,coke_z_big,0.9174351692199707,413,356,451,470,432,413
frame_79,Rack_3,39,5,coke_v_big,0.8696990013122559,378,355,412,479,395,417
frame_79,Rack_3,4,5,coke_v_big,0.8894018530845642,342,355,377,480,359,417
frame_79,Rack_3,33,5,coke_v_big,0.9252454042434692,308,355,341,461,324,408
frame_79,Rack_3,18,5,coke_v_big,0.9022698998451233,273,356,307,462,290,409
frame_79,Rack_3,10,5,coke_v_big,0.8989008069038391,238,355,273,477,255,416
frame_79,Rack_3,9,14,pepsi_big,0.9100112318992615,204,350,236,476,220,413
frame_79,Rack_3,11,14,pepsi_big,0.9077255725860596,173,350,203,474,188,412
frame_79,Rack_3,54,14,pepsi_big,0.8514595031738281,140,349,172,473,156,411
frame_79,Rack_3,19,10,fanta_grape_big,0.9108197689056396,103,350,139,472,121,411
frame_79,Rack_3,51,10,fanta_grape_big,0.7435479164123535,77,349,101,469,89,409
frame_79,Rack_3,59,10,fanta_grape_big,0.6683953404426575,50,349,76,462,63,405
frame_79,Rack_3,23,12,fanta_straw_big,0.8905856609344482,10,348,50,457,30,402
frame_80,Rack_1,50,1,a&w_small,0.7832873463630676,586,157,613,220,599,188
frame_80,Rack_1,35,1,a&w_small,0.7809544801712036,565,157,585,220,575,188
frame_80,Rack_1,32,1,a&w_small,0.770309567451477,542,157,564,221,553,189
frame_80,Rack_1,48,1,a&w_small,0.8114334344863892,518,157,541,221,529,189
frame_80,Rack_1,37,1,a&w_small,0.8149084448814392,494,156,516,221,505,188
frame_80,Rack_1,27,1,a&w_small,0.8156355023384094,471,156,493,222,482,189
frame_80,Rack_1,36,1,a&w_small,0.846720814704895,448,156,469,223,458,189
frame_80,Rack_1,49,4,coke_small,0.6726906895637512,425,157,446,223,435,190
frame_80,Rack_1,34,4,coke_small,0.8120834231376648,403,158,424,223,413,190
frame_80,Rack_1,12,4,coke_small,0.8806061148643494,383,159,403,224,393,191
frame_80,Rack_1,40,4,coke_small,0.881485641002655,363,159,383,225,373,192
frame_80,Rack_1,38,4,coke_small,0.9007998108863831,342,158,363,226,352,192
frame_80,Rack_1,5,4,coke_small,0.9148229360580444,320,157,342,227,331,192
frame_80,Rack_1,21,17,sprite_small,0.8517172336578369,299,157,319,227,309,192
frame_80,Rack_1,14,17,sprite_small,0.8820455074310303,279,156,299,227,289,191
frame_80,Rack_1,25,17,sprite_small,0.9131302237510681,260,157,278,227,269,192
frame_80,Rack_1,15,17,sprite_small,0.889694094657898,238,157,259,226,248,191
frame_80,Rack_1,28,9,empty,0.8825569152832031,108,161,235,228,171,194
frame_80,Rack_2,45,3,coke_med,0.8605420589447021,578,247,610,333,594,290
frame_80,Rack_2,20,3,coke_med,0.8777056932449341,545,248,576,333,560,290
frame_80,Rack_2,22,3,coke_med,0.8710546493530273,521,249,544,334,532,291
frame_80,Rack_2,24,3,coke_med,0.9070103168487549,494,249,520,334,507,291
frame_80,Rack_2,3,3,coke_med,0.9302886128425598,468,247,494,334,481,290
frame_80,Rack_2,47,6,coke_v_med,0.5754477381706238,441,248,467,334,454,291
frame_80,Rack_2,61,6,coke_v_med,0.7703748345375061,441,247,467,334,454,290
frame_80,Rack_2,41,6,coke_v_med,0.8061367273330688,414,247,440,334,427,290
frame_80,Rack_2,29,6,coke_v_med,0.8170698881149292,387,248,413,334,400,291
frame_80,Rack_2,26,2,anw_med,0.8907874822616577,362,248,386,334,374,291
frame_80,Rack_2,17,2,anw_med,0.8724002242088318,337,248,361,334,349,291
frame_80,Rack_2,43,2,anw_med,0.8640301823616028,312,248,337,335,324,291
frame_80,Rack_2,42,2,anw_med,0.8739248514175415,288,248,312,335,300,291
frame_80,Rack_2,46,2,anw_med,0.901576817035675,264,248,288,334,276,291
frame_80,Rack_2,7,2,anw_med,0.9214446544647217,237,248,263,334,250,291
frame_80,Rack_2,30,15,pepsi_med,0.8211089968681335,217,253,236,332,226,292
frame_80,Rack_2,8,15,pepsi_med,0.9133384227752686,193,252,216,332,204,292
frame_80,Rack_2,2,15,pepsi_med,0.8934853672981262,168,250,192,332,180,291
frame_80,Rack_2,16,15,pepsi_med,0.8994044661521912,148,252,168,331,158,291
frame_80,Rack_2,31,15,pepsi_med,0.8959389925003052,122,252,147,331,134,291
frame_80,Rack_2,44,15,pepsi_med,0.8835526704788208,100,253,121,330,110,291
frame_80,Rack_2,55,13,kick_med,0.8433473110198975,77,254,100,331,88,292
frame_80,Rack_2,53,13,kick_med,0.8638145923614502,56,255,76,330,66,292
frame_80,Rack_2,52,13,kick_med,0.8689817190170288,31,253,55,330,43,291
frame_80,Rack_2,56,13,kick_med,0.8246626853942871,5,254,30,332,17,293
frame_80,Rack_3,6,9,empty,0.898853063583374,490,356,609,484,549,420
frame_80,Rack_3,13,7,coke_z_big,0.9199985861778259,452,357,487,469,469,413
frame_80,Rack_3,1,7,coke_z_big,0.9188466668128967,413,356,451,470,432,413
frame_80,Rack_3,39,5,coke_v_big,0.866052508354187,378,355,412,479,395,417
frame_80,Rack_3,4,5,coke_v_big,0.8915837407112122,342,355,378,480,360,417
frame_80,Rack_3,33,5,coke_v_big,0.9301091432571411,308,355,341,461,324,408
frame_80,Rack_3,18,5,coke_v_big,0.9000263214111328,274,356,308,462,291,409
frame_80,Rack_3,10,5,coke_v_big,0.8997825384140015,238,355,273,477,255,416
frame_80,Rack_3,9,14,pepsi_big,0.910673201084137,205,350,237,476,221,413
frame_80,Rack_3,11,14,pepsi_big,0.9145913124084473,173,350,204,474,188,412
frame_80,Rack_3,54,14,pepsi_big,0.8560178875923157,140,349,172,473,156,411
frame_80,Rack_3,19,10,fanta_grape_big,0.9110261797904968,103,349,140,472,121,410
frame_80,Rack_3,51,10,fanta_grape_big,0.714678168296814,78,349,102,469,90,409
frame_80,Rack_3,59,10,fanta_grape_big,0.6070338487625122,50,349,77,462,63,405
frame_80,Rack_3,23,12,fanta_straw_big,0.8697006702423096,10,348,50,457,30,402
frame_81,Rack_1,50,1,a&w_small,0.7959290146827698,586,157,614,220,600,188
frame_81,Rack_1,35,1,a&w_small,0.7957919239997864,565,157,585,220,575,188
frame_81,Rack_1,32,1,a&w_small,0.7901201844215393,543,157,565,220,554,188
frame_81,Rack_1,48,1,a&w_small,0.8134499192237854,518,157,541,221,529,189
frame_81,Rack_1,37,1,a&w_small,0.8163598775863647,494,156,516,221,505,188
frame_81,Rack_1,27,1,a&w_small,0.8070216774940491,471,156,493,222,482,189
frame_81,Rack_1,36,1,a&w_small,0.8264288306236267,448,156,470,223,459,189
frame_81,Rack_1,49,4,coke_small,0.6532098650932312,426,157,447,223,436,190
frame_81,Rack_1,34,4,coke_small,0.8206602931022644,403,158,424,223,413,190
frame_81,Rack_1,12,4,coke_small,0.8900012373924255,383,159,403,224,393,191
frame_81,Rack_1,40,4,coke_small,0.8731247186660767,363,159,383,225,373,192
frame_81,Rack_1,38,4,coke_small,0.9005831480026245,342,158,363,226,352,192
frame_81,Rack_1,5,4,coke_small,0.9089739322662354,320,157,342,226,331,191
frame_81,Rack_1,21,17,sprite_small,0.8533998131752014,299,157,320,227,309,192
frame_81,Rack_1,14,17,sprite_small,0.8770229816436768,279,156,299,227,289,191
frame_81,Rack_1,25,17,sprite_small,0.9149829745292664,260,157,278,227,269,192
frame_81,Rack_1,15,17,sprite_small,0.8942118883132935,238,157,259,226,248,191
frame_81,Rack_1,28,9,empty,0.8837075233459473,108,161,235,228,171,194
frame_81,Rack_2,45,3,coke_med,0.8510828614234924,578,247,610,333,594,290
frame_81,Rack_2,20,3,coke_med,0.8838416337966919,545,247,577,333,561,290
frame_81,Rack_2,22,3,coke_med,0.8774212002754211,521,249,544,334,532,291
frame_81,Rack_2,24,3,coke_med,0.9061331152915955,494,249,520,334,507,291
frame_81,Rack_2,3,3,coke_med,0.9227356314659119,468,247,494,334,481,290
frame_81,Rack_2,47,6,coke_v_med,0.5801318287849426,441,248,467,334,454,291
frame_81,Rack_2,61,6,coke_v_med,0.7893082499504089,441,246,467,334,454,290
frame_81,Rack_2,41,6,coke_v_med,0.8010656237602234,414,247,440,334,427,290
frame_81,Rack_2,29,6,coke_v_med,0.8025461435317993,387,248,414,334,400,291
frame_81,Rack_2,26,2,anw_med,0.8873777985572815,362,248,387,334,374,291
frame_81,Rack_2,17,2,anw_med,0.8660323023796082,337,248,361,334,349,291
frame_81,Rack_2,43,2,anw_med,0.8636617064476013,313,248,337,335,325,291
frame_81,Rack_2,42,2,anw_med,0.875582754611969,288,248,312,334,300,291
frame_81,Rack_2,46,2,anw_med,0.896251916885376,264,248,288,334,276,291
frame_81,Rack_2,7,2,anw_med,0.9169877767562866,238,248,263,334,250,291
frame_81,Rack_2,30,15,pepsi_med,0.8277642726898193,217,253,237,332,227,292
frame_81,Rack_2,8,15,pepsi_med,0.9108939170837402,193,252,216,332,204,292
frame_81,Rack_2,2,15,pepsi_med,0.8941724300384521,168,250,192,332,180,291
frame_81,Rack_2,16,15,pepsi_med,0.9002649188041687,148,252,168,331,158,291
frame_81,Rack_2,31,15,pepsi_med,0.89736407995224,122,252,148,331,135,291
frame_81,Rack_2,44,15,pepsi_med,0.8715616464614868,101,253,122,330,111,291
frame_81,Rack_2,55,13,kick_med,0.8447861075401306,77,253,100,331,88,292
frame_81,Rack_2,53,13,kick_med,0.8656926155090332,56,255,76,330,66,292
frame_81,Rack_2,52,13,kick_med,0.8551321625709534,31,253,55,331,43,292
frame_81,Rack_2,56,13,kick_med,0.8088169097900391,5,254,30,333,17,293
frame_81,Rack_3,6,9,empty,0.9057734608650208,489,355,609,484,549,419
frame_81,Rack_3,13,7,coke_z_big,0.9263968467712402,452,357,487,469,469,413
frame_81,Rack_3,1,7,coke_z_big,0.9217868447303772,413,355,451,470,432,412
frame_81,Rack_3,39,5,coke_v_big,0.8636815547943115,378,355,412,479,395,417
frame_81,Rack_3,4,5,coke_v_big,0.8928331136703491,342,355,378,480,360,417
frame_81,Rack_3,33,5,coke_v_big,0.9318814873695374,309,355,341,461,325,408
frame_81,Rack_3,18,5,coke_v_big,0.9035916924476624,274,356,308,462,291,409
frame_81,Rack_3,10,5,coke_v_big,0.8990275859832764,239,355,273,477,256,416
frame_81,Rack_3,9,14,pepsi_big,0.9147619605064392,205,350,237,476,221,413
frame_81,Rack_3,11,14,pepsi_big,0.9225290417671204,173,350,204,473,188,411
frame_81,Rack_3,54,14,pepsi_big,0.8533622622489929,140,349,172,473,156,411
frame_81,Rack_3,19,10,fanta_grape_big,0.915338397026062,103,349,140,472,121,410
frame_81,Rack_3,51,10,fanta_grape_big,0.7457513809204102,78,349,102,469,90,409
frame_81,Rack_3,59,10,fanta_grape_big,0.689720094203949,50,348,77,462,63,405
frame_81,Rack_3,23,12,fanta_straw_big,0.8550215363502502,10,348,50,456,30,402
frame_82,Rack_1,50,1,a&w_small,0.7963710427284241,586,157,614,220,600,188
frame_82,Rack_1,35,1,a&w_small,0.8155949115753174,565,156,586,219,575,187
frame_82,Rack_1,32,1,a&w_small,0.7913148999214172,543,156,565,220,554,188
frame_82,Rack_1,48,1,a&w_small,0.8250316381454468,518,156,541,221,529,188
frame_82,Rack_1,37,1,a&w_small,0.8237301707267761,494,155,517,221,505,188
frame_82,Rack_1,27,1,a&w_small,0.8104735016822815,471,156,493,222,482,189
frame_82,Rack_1,36,1,a&w_small,0.8152459859848022,448,156,470,223,459,189
frame_82,Rack_1,49,4,coke_small,0.6586058139801025,426,156,447,223,436,189
frame_82,Rack_1,34,4,coke_small,0.8155784010887146,404,158,425,223,414,190
frame_82,Rack_1,12,4,coke_small,0.8804900050163269,384,159,403,224,393,191
frame_82,Rack_1,40,4,coke_small,0.8527625203132629,363,159,383,225,373,192
frame_82,Rack_1,38,4,coke_small,0.8716517090797424,342,158,363,225,352,191
frame_82,Rack_1,5,4,coke_small,0.9004184603691101,320,156,342,226,331,191
frame_82,Rack_1,21,17,sprite_small,0.8614305257797241,299,157,320,227,309,192
frame_82,Rack_1,14,17,sprite_small,0.8694282174110413,279,156,299,227,289,191
frame_82,Rack_1,25,17,sprite_small,0.9036301970481873,260,157,279,227,269,192
frame_82,Rack_1,15,17,sprite_small,0.878322958946228,238,157,260,226,249,191
frame_82,Rack_1,28,9,empty,0.8843862414360046,108,160,235,227,171,193
frame_82,Rack_2,45,3,coke_med,0.8653404116630554,578,247,610,333,594,290
frame_82,Rack_2,20,3,coke_med,0.8781450390815735,545,247,577,333,561,290
frame_82,Rack_2,22,3,coke_med,0.8656920790672302,521,248,544,334,532,291
frame_82,Rack_2,24,3,coke_med,0.896361231803894,495,249,521,334,508,291
frame_82,Rack_2,3,3,coke_med,0.9192952513694763,468,246,494,334,481,290
frame_82,Rack_2,47,6,coke_v_med,0.5854131579399109,441,248,468,334,454,291
frame_82,Rack_2,61,6,coke_v_med,0.7663371562957764,441,246,468,334,454,290
frame_82,Rack_2,41,6,coke_v_med,0.7952642440795898,414,246,440,334,427,290
frame_82,Rack_2,29,6,coke_v_med,0.7932795882225037,388,247,414,334,401,290
frame_82,Rack_2,26,2,anw_med,0.8866962790489197,362,247,387,334,374,290
frame_82,Rack_2,17,2,anw_med,0.8622649908065796,337,248,362,334,349,291
frame_82,Rack_2,43,2,anw_med,0.8700384497642517,313,247,337,334,325,290
frame_82,Rack_2,42,2,anw_med,0.8695656657218933,288,247,312,335,300,291
frame_82,Rack_2,46,2,anw_med,0.8847689628601074,264,248,288,334,276,291
frame_82,Rack_2,7,2,anw_med,0.9148199558258057,238,248,263,334,250,291
frame_82,Rack_2,30,15,pepsi_med,0.8272295594215393,217,253,237,332,227,292
frame_82,Rack_2,8,15,pepsi_med,0.9056254029273987,194,252,216,332,205,292
frame_82,Rack_2,2,15,pepsi_med,0.899802565574646,168,250,192,332,180,291
frame_82,Rack_2,16,15,pepsi_med,0.9038554430007935,148,251,168,331,158,291
frame_82,Rack_2,31,15,pepsi_med,0.8997154831886292,122,252,148,331,135,291
frame_82,Rack_2,44,15,pepsi_med,0.884108304977417,101,252,122,330,111,291
frame_82,Rack_2,55,13,kick_med,0.8469324111938477,77,253,100,331,88,292
frame_82,Rack_2,53,13,kick_med,0.8614905476570129,56,255,76,330,66,292
frame_82,Rack_2,52,13,kick_med,0.8620050549507141,31,253,55,330,43,291
frame_82,Rack_2,56,13,kick_med,0.8134728074073792,6,254,30,332,18,293
frame_82,Rack_3,6,9,empty,0.8930008411407471,489,355,609,484,549,419
frame_82,Rack_3,13,7,coke_z_big,0.9260925054550171,452,356,487,469,469,412
frame_82,Rack_3,1,7,coke_z_big,0.9238006472587585,413,355,451,470,432,412
frame_82,Rack_3,39,5,coke_v_big,0.8639500737190247,378,355,412,479,395,417
frame_82,Rack_3,4,5,coke_v_big,0.8887767195701599,342,355,378,480,360,417
frame_82,Rack_3,33,5,coke_v_big,0.9327930808067322,309,355,342,461,325,408
frame_82,Rack_3,18,5,coke_v_big,0.908153772354126,274,356,308,461,291,408
frame_82,Rack_3,10,5,coke_v_big,0.8992770314216614,239,355,273,477,256,416
frame_82,Rack_3,9,14,pepsi_big,0.9082089066505432,205,350,237,476,221,413
frame_82,Rack_3,11,14,pepsi_big,0.925881564617157,173,349,204,473,188,411
frame_82,Rack_3,54,14,pepsi_big,0.8392841219902039,141,349,172,472,156,410
frame_82,Rack_3,19,10,fanta_grape_big,0.9094835519790649,103,349,140,472,121,410
frame_82,Rack_3,51,10,fanta_grape_big,0.7466998100280762,78,349,102,469,90,409
frame_82,Rack_3,59,10,fanta_grape_big,0.706502377986908,50,348,77,462,63,405
frame_82,Rack_3,23,12,fanta_straw_big,0.7440192103385925,10,348,50,456,30,402
frame_83,Rack_1,50,1,a&w_small,0.8091902732849121,586,157,614,220,600,188
frame_83,Rack_1,35,1,a&w_small,0.8140942454338074,565,155,586,219,575,187
frame_83,Rack_1,32,1,a&w_small,0.7991565465927124,543,156,565,220,554,188
frame_83,Rack_1,48,1,a&w_small,0.8404831290245056,518,156,541,220,529,188
frame_83,Rack_1,37,1,a&w_small,0.8230889439582825,494,154,517,221,505,187
frame_83,Rack_1,27,1,a&w_small,0.8206915855407715,471,155,493,222,482,188
frame_83,Rack_1,36,1,a&w_small,0.8209046721458435,448,155,470,223,459,189
frame_83,Rack_1,49,4,coke_small,0.7153176069259644,426,156,447,223,436,189
frame_83,Rack_1,34,4,coke_small,0.8288260102272034,404,157,425,223,414,190
frame_83,Rack_1,12,4,coke_small,0.8591533303260803,384,159,403,224,393,191
frame_83,Rack_1,40,4,coke_small,0.8512455821037292,363,159,383,224,373,191
frame_83,Rack_1,38,4,coke_small,0.8768642544746399,342,157,363,225,352,191
frame_83,Rack_1,5,4,coke_small,0.907622754573822,320,157,342,225,331,191
frame_83,Rack_1,21,17,sprite_small,0.8610856533050537,299,157,320,226,309,191
frame_83,Rack_1,14,17,sprite_small,0.8643824458122253,279,156,299,226,289,191
frame_83,Rack_1,25,17,sprite_small,0.8991842865943909,260,157,279,226,269,191
frame_83,Rack_1,15,17,sprite_small,0.8924790620803833,239,157,260,226,249,191
frame_83,Rack_1,28,9,empty,0.8788043260574341,111,160,234,225,172,192
frame_83,Rack_2,45,3,coke_med,0.853081226348877,578,247,610,333,594,290
frame_83,Rack_2,20,3,coke_med,0.8835770487785339,545,246,577,333,561,289
frame_83,Rack_2,22,3,coke_med,0.8540523648262024,521,248,544,334,532,291
frame_83,Rack_2,24,3,coke_med,0.8991101980209351,495,248,521,334,508,291
frame_83,Rack_2,3,3,coke_med,0.9133079051971436,468,246,494,334,481,290
frame_83,Rack_2,47,6,coke_v_med,0.6134408116340637,441,248,468,334,454,291
frame_83,Rack_2,61,6,coke_v_med,0.7716281414031982,441,245,468,334,454,289
frame_83,Rack_2,41,6,coke_v_med,0.788722574710846,414,246,440,334,427,290
frame_83,Rack_2,29,6,coke_v_med,0.7787265181541443,388,247,414,334,401,290
frame_83,Rack_2,26,2,anw_med,0.8824172019958496,362,247,387,334,374,290
frame_83,Rack_2,17,2,anw_med,0.8538719415664673,337,248,362,334,349,291
frame_83,Rack_2,43,2,anw_med,0.8537499308586121,313,246,337,334,325,290
frame_83,Rack_2,42,2,anw_med,0.8650842905044556,288,247,312,335,300,291
frame_83,Rack_2,46,2,anw_med,0.881758451461792,264,248,288,334,276,291
frame_83,Rack_2,7,2,anw_med,0.9072906374931335,238,247,264,334,251,290
frame_83,Rack_2,30,15,pepsi_med,0.8360023498535156,217,253,237,331,227,292
frame_83,Rack_2,8,15,pepsi_med,0.9077185988426208,194,251,216,332,205,291
frame_83,Rack_2,2,15,pepsi_med,0.9051710963249207,168,250,193,331,180,290
frame_83,Rack_2,16,15,pepsi_med,0.9045174717903137,148,251,168,331,158,291
frame_83,Rack_2,31,15,pepsi_med,0.9001110196113586,122,252,148,331,135,291
frame_83,Rack_2,44,15,pepsi_med,0.8832087516784668,101,252,122,330,111,291
frame_83,Rack_2,55,13,kick_med,0.8571369051933289,77,253,100,331,88,292
frame_83,Rack_2,53,13,kick_med,0.8585054874420166,56,254,77,330,66,292
frame_83,Rack_2,52,13,kick_med,0.8710694909095764,31,253,55,330,43,291
frame_83,Rack_2,56,13,kick_med,0.8267644047737122,6,254,30,332,18,293
frame_83,Rack_3,6,9,empty,0.8945695161819458,489,355,609,484,549,419
frame_83,Rack_3,13,7,coke_z_big,0.9251052141189575,452,356,487,469,469,412
frame_83,Rack_3,1,7,coke_z_big,0.9225531816482544,413,355,451,470,432,412
frame_83,Rack_3,39,5,coke_v_big,0.8686758279800415,378,354,412,478,395,416
frame_83,Rack_3,4,5,coke_v_big,0.8915624022483826,342,355,378,480,360,417
frame_83,Rack_3,33,5,coke_v_big,0.9313616752624512,309,355,342,461,325,408
frame_83,Rack_3,18,5,coke_v_big,0.9098442792892456,274,355,308,461,291,408
frame_83,Rack_3,10,5,coke_v_big,0.891812264919281,239,355,274,477,256,416
frame_83,Rack_3,9,14,pepsi_big,0.9123735427856445,205,350,237,476,221,413
frame_83,Rack_3,11,14,pepsi_big,0.922508955001831,173,349,204,473,188,411
frame_83,Rack_3,54,14,pepsi_big,0.8122000694274902,141,349,172,472,156,410
frame_83,Rack_3,19,10,fanta_grape_big,0.9142142534255981,103,349,140,472,121,410
frame_83,Rack_3,51,10,fanta_grape_big,0.7587777972221375,78,348,102,469,90,408
frame_83,Rack_3,59,10,fanta_grape_big,0.7331862449645996,50,348,77,462,63,405
frame_83,Rack_3,23,12,fanta_straw_big,0.8230176568031311,11,348,50,456,30,402
frame_84,Rack_1,50,1,a&w_small,0.8059685826301575,587,157,615,219,601,188
frame_84,Rack_1,35,1,a&w_small,0.8109830021858215,566,155,586,219,576,187
frame_84,Rack_1,32,1,a&w_small,0.7849502563476562,543,155,565,220,554,187
frame_84,Rack_1,48,1,a&w_small,0.8454825282096863,518,156,541,220,529,188
frame_84,Rack_1,37,1,a&w_small,0.8195123672485352,495,154,517,221,506,187
frame_84,Rack_1,27,1,a&w_small,0.8211722373962402,471,155,493,221,482,188
frame_84,Rack_1,36,1,a&w_small,0.8393561840057373,448,155,470,222,459,188
frame_84,Rack_1,49,4,coke_small,0.7056434154510498,426,156,448,223,437,189
frame_84,Rack_1,34,4,coke_small,0.8352258205413818,404,157,425,223,414,190
frame_84,Rack_1,12,4,coke_small,0.8392285704612732,384,158,404,224,394,191
frame_84,Rack_1,40,4,coke_small,0.8507509231567383,363,158,384,224,373,191
frame_84,Rack_1,38,4,coke_small,0.882291316986084,342,157,363,225,352,191
frame_84,Rack_1,5,4,coke_small,0.9128230214118958,321,157,342,225,331,191
frame_84,Rack_1,21,17,sprite_small,0.8571202158927917,299,156,320,226,309,191
frame_84,Rack_1,14,17,sprite_small,0.8687226176261902,279,156,299,226,289,191
frame_84,Rack_1,25,17,sprite_small,0.902644157409668,260,156,279,226,269,191
frame_84,Rack_1,15,17,sprite_small,0.8838071823120117,239,157,260,225,249,191
frame_84,Rack_1,28,9,empty,0.8802684545516968,111,160,233,224,172,192
frame_84,Rack_2,45,3,coke_med,0.8569927215576172,578,247,610,332,594,289
frame_84,Rack_2,20,3,coke_med,0.8677996397018433,546,247,577,332,561,289
frame_84,Rack_2,22,3,coke_med,0.8584859371185303,522,247,545,333,533,290
frame_84,Rack_2,24,3,coke_med,0.8835074305534363,495,248,521,333,508,290
frame_84,Rack_2,3,3,coke_med,0.9184945821762085,469,247,494,333,481,290
frame_84,Rack_2,47,3,coke_med,0.6261669993400574,442,248,468,334,455,291
frame_84,Rack_2,61,6,coke_v_med,0.7660684585571289,442,245,468,333,455,289
frame_84,Rack_2,41,6,coke_v_med,0.7972478866577148,415,246,440,333,427,289
frame_84,Rack_2,29,6,coke_v_med,0.8007810115814209,388,247,414,333,401,290
frame_84,Rack_2,26,2,anw_med,0.8850589394569397,362,247,387,333,374,290
frame_84,Rack_2,17,2,anw_med,0.8598941564559937,337,248,362,334,349,291
frame_84,Rack_2,43,2,anw_med,0.8549246788024902,313,246,337,334,325,290
frame_84,Rack_2,42,2,anw_med,0.8601807355880737,289,248,312,333,300,290
frame_84,Rack_2,46,2,anw_med,0.867186963558197,264,248,288,333,276,290
frame_84,Rack_2,7,2,anw_med,0.9018021821975708,238,247,264,333,251,290
frame_84,Rack_2,30,15,pepsi_med,0.8484115600585938,217,253,237,331,227,292
frame_84,Rack_2,8,15,pepsi_med,0.905829906463623,194,251,216,331,205,291
frame_84,Rack_2,2,15,pepsi_med,0.904671311378479,168,250,193,331,180,290
frame_84,Rack_2,16,15,pepsi_med,0.892800509929657,148,251,168,331,158,291
frame_84,Rack_2,31,15,pepsi_med,0.8936756253242493,122,252,148,331,135,291
frame_84,Rack_2,44,15,pepsi_med,0.8659387826919556,101,252,122,331,111,291
frame_84,Rack_2,55,13,kick_med,0.8695723414421082,77,252,101,331,89,291
frame_84,Rack_2,53,13,kick_med,0.864730954170227,56,253,77,330,66,291
frame_84,Rack_2,52,13,kick_med,0.8972067832946777,31,253,56,330,43,291
frame_84,Rack_2,56,13,kick_med,0.8624401688575745,6,254,30,331,18,292
frame_84,Rack_3,6,9,empty,0.9144735932350159,488,354,610,485,549,419
frame_84,Rack_3,13,7,coke_z_big,0.9234759211540222,452,356,487,469,469,412
frame_84,Rack_3,1,7,coke_z_big,0.9214144945144653,413,354,451,469,432,411
frame_84,Rack_3,39,5,coke_v_big,0.8672390580177307,379,354,413,478,396,416
frame_84,Rack_3,4,5,coke_v_big,0.8920325636863708,342,354,378,480,360,417
frame_84,Rack_3,33,5,coke_v_big,0.9175006151199341,309,354,342,461,325,407
frame_84,Rack_3,18,5,coke_v_big,0.9137687087059021,274,355,308,461,291,408
frame_84,Rack_3,10,5,coke_v_big,0.8864449858665466,239,355,274,476,256,415
frame_84,Rack_3,9,14,pepsi_big,0.9140316843986511,205,350,237,475,221,412
frame_84,Rack_3,11,14,pepsi_big,0.9233832359313965,173,350,204,473,188,411
frame_84,Rack_3,54,14,pepsi_big,0.799382209777832,141,349,172,472,156,410
frame_84,Rack_3,19,10,fanta_grape_big,0.914159893989563,103,349,140,472,121,410
frame_84,Rack_3,51,10,fanta_grape_big,0.7712575197219849,78,348,102,469,90,408
frame_84,Rack_3,59,10,fanta_grape_big,0.7568849325180054,50,348,77,461,63,404
frame_84,Rack_3,23,12,fanta_straw_big,0.8684741854667664,11,347,50,455,30,401
frame_85,Rack_1,50,1,a&w_small,0.8070693612098694,587,156,615,219,601,187
frame_85,Rack_1,35,1,a&w_small,0.8213937282562256,566,155,586,219,576,187
frame_85,Rack_1,32,1,a&w_small,0.7934629917144775,543,155,565,220,554,187
frame_85,Rack_1,48,1,a&w_small,0.852453887462616,518,156,541,220,529,188
frame_85,Rack_1,37,1,a&w_small,0.830473005771637,495,155,517,220,506,187
frame_85,Rack_1,27,1,a&w_small,0.8153966069221497,471,155,494,221,482,188
frame_85,Rack_1,36,1,a&w_small,0.835426390171051,449,155,470,222,459,188
frame_85,Rack_1,49,4,coke_small,0.7085553407669067,426,156,448,222,437,189
frame_85,Rack_1,34,4,coke_small,0.8293509483337402,404,157,425,223,414,190
frame_85,Rack_1,12,4,coke_small,0.8390030860900879,384,158,404,223,394,190
frame_85,Rack_1,40,4,coke_small,0.8414649367332458,363,157,384,224,373,190
frame_85,Rack_1,38,4,coke_small,0.8804717063903809,342,156,363,224,352,190
frame_85,Rack_1,5,4,coke_small,0.9094389081001282,321,157,342,225,331,191
frame_85,Rack_1,21,17,sprite_small,0.8587342500686646,299,156,320,226,309,191
frame_85,Rack_1,14,17,sprite_small,0.8678937554359436,279,156,299,226,289,191
frame_85,Rack_1,25,17,sprite_small,0.8966792225837708,260,156,279,226,269,191
frame_85,Rack_1,15,17,sprite_small,0.8890728950500488,239,157,260,225,249,191
frame_85,Rack_1,28,9,empty,0.8808050751686096,111,160,233,223,172,191
frame_85,Rack_2,45,3,coke_med,0.8625272512435913,578,246,610,332,594,289
frame_85,Rack_2,20,3,coke_med,0.8633963465690613,545,247,577,332,561,289
frame_85,Rack_2,22,3,coke_med,0.8641583323478699,522,247,545,333,533,290
frame_85,Rack_2,24,3,coke_med,0.8820931315422058,495,248,521,333,508,290
frame_85,Rack_2,3,3,coke_med,0.9253529906272888,469,247,495,333,482,290
frame_85,Rack_2,61,6,coke_v_med,0.843300461769104,442,245,468,333,455,289
frame_85,Rack_2,41,6,coke_v_med,0.8040406107902527,415,246,441,333,428,289
frame_85,Rack_2,29,6,coke_v_med,0.8120397925376892,388,247,414,333,401,290
frame_85,Rack_2,26,2,anw_med,0.8893613815307617,362,246,387,333,374,289
frame_85,Rack_2,17,2,anw_med,0.8623959422111511,337,248,362,333,349,290
frame_85,Rack_2,43,2,anw_med,0.8506345748901367,313,246,337,333,325,289
frame_85,Rack_2,42,2,anw_med,0.8676888942718506,289,248,312,333,300,290
frame_85,Rack_2,46,2,anw_med,0.856208860874176,264,248,288,333,276,290
frame_85,Rack_2,7,2,anw_med,0.8909785151481628,238,247,264,333,251,290
frame_85,Rack_2,30,15,pepsi_med,0.8314924240112305,217,253,237,331,227,292
frame_85,Rack_2,8,15,pepsi_med,0.899636447429657,194,251,216,331,205,291
frame_85,Rack_2,2,15,pepsi_med,0.8990689516067505,168,250,193,331,180,290
frame_85,Rack_2,16,15,pepsi_med,0.90712571144104,149,251,169,331,159,291
frame_85,Rack_2,31,15,pepsi_med,0.8947891592979431,122,252,148,331,135,291
frame_85,Rack_2,44,15,pepsi_med,0.8811647295951843,101,252,122,330,111,291
frame_85,Rack_2,55,13,kick_med,0.8631659746170044,77,252,101,331,89,291
frame_85,Rack_2,53,13,kick_med,0.8552036285400391,56,254,77,330,66,292
frame_85,Rack_2,52,13,kick_med,0.8676100373268127,31,252,56,331,43,291
frame_85,Rack_2,56,13,kick_med,0.8096795678138733,6,254,31,332,18,293
frame_85,Rack_3,6,9,empty,0.919655978679657,489,354,610,485,549,419
frame_85,Rack_3,13,7,coke_z_big,0.9213091135025024,452,356,487,468,469,412
frame_85,Rack_3,1,7,coke_z_big,0.9198417067527771,414,354,451,469,432,411
frame_85,Rack_3,39,5,coke_v_big,0.8689069151878357,379,354,413,478,396,416
frame_85,Rack_3,4,5,coke_v_big,0.9016044735908508,342,353,378,479,360,416
frame_85,Rack_3,33,5,coke_v_big,0.9123997688293457,309,353,342,461,325,407
frame_85,Rack_3,18,5,coke_v_big,0.9102777242660522,274,355,308,461,291,408
frame_85,Rack_3,10,5,coke_v_big,0.8871185183525085,239,355,274,476,256,415
frame_85,Rack_3,9,14,pepsi_big,0.9126259088516235,205,349,237,475,221,412
frame_85,Rack_3,11,14,pepsi_big,0.9147914052009583,174,349,204,473,189,411
frame_85,Rack_3,54,14,pepsi_big,0.8750442266464233,141,348,173,472,157,410
frame_85,Rack_3,19,10,fanta_grape_big,0.9160248041152954,103,348,140,472,121,410
frame_85,Rack_3,51,10,fanta_grape_big,0.7934392690658569,78,347,103,468,90,407
frame_85,Rack_3,59,10,fanta_grape_big,0.7841007113456726,51,347,77,461,64,404
frame_85,Rack_3,23,12,fanta_straw_big,0.870099663734436,12,346,51,455,31,400
frame_86,Rack_1,50,1,a&w_small,0.8195366263389587,587,156,615,219,601,187
frame_86,Rack_1,35,1,a&w_small,0.8190948963165283,566,155,586,219,576,187
frame_86,Rack_1,32,1,a&w_small,0.7961938977241516,543,155,565,219,554,187
frame_86,Rack_1,48,1,a&w_small,0.8560469746589661,518,156,541,220,529,188
frame_86,Rack_1,37,1,a&w_small,0.835401713848114,495,154,517,220,506,187
frame_86,Rack_1,27,1,a&w_small,0.8373413681983948,471,155,494,220,482,187
frame_86,Rack_1,36,1,a&w_small,0.8486706614494324,449,155,470,221,459,188
frame_86,Rack_1,49,4,coke_small,0.7274746894836426,426,156,448,222,437,189
frame_86,Rack_1,34,4,coke_small,0.8318898677825928,404,156,426,222,415,189
frame_86,Rack_1,12,4,coke_small,0.8252193331718445,384,158,404,223,394,190
frame_86,Rack_1,40,4,coke_small,0.8034123182296753,363,157,384,223,373,190
frame_86,Rack_1,38,4,coke_small,0.8234162926673889,342,156,363,224,352,190
frame_86,Rack_1,5,4,coke_small,0.9027025699615479,321,158,342,224,331,191
frame_86,Rack_1,21,17,sprite_small,0.8475793600082397,299,156,320,225,309,190
frame_86,Rack_1,14,17,sprite_small,0.8447836637496948,279,155,299,226,289,190
frame_86,Rack_1,25,17,sprite_small,0.8983607888221741,260,156,279,226,269,191
frame_86,Rack_1,15,17,sprite_small,0.8868486881256104,239,156,260,225,249,190
frame_86,Rack_1,28,9,empty,0.8725148439407349,112,160,232,223,172,191
frame_86,Rack_1,57,0,7up_med,0.5964689254760742,52,160,80,239,66,199
frame_86,Rack_1,58,0,7up_med,0.5461964011192322,30,159,52,238,41,198
frame_86,Rack_2,45,3,coke_med,0.8784829378128052,579,246,611,331,595,288
frame_86,Rack_2,20,3,coke_med,0.8967892527580261,546,247,577,333,561,290
frame_86,Rack_2,22,3,coke_med,0.8702656626701355,522,247,545,333,533,290
frame_86,Rack_2,24,3,coke_med,0.900570809841156,495,248,521,333,508,290
frame_86,Rack_2,3,3,coke_med,0.9267326593399048,469,247,495,333,482,290
frame_86,Rack_2,61,6,coke_v_med,0.8325390219688416,442,245,469,333,455,289
frame_86,Rack_2,41,6,coke_v_med,0.7838144302368164,415,246,441,333,428,289
frame_86,Rack_2,29,6,coke_v_med,0.8165706992149353,388,247,414,333,401,290
frame_86,Rack_2,26,2,anw_med,0.8869348168373108,363,246,387,333,375,289
frame_86,Rack_2,17,2,anw_med,0.8540086150169373,338,248,362,333,350,290
frame_86,Rack_2,43,2,anw_med,0.850039005279541,313,246,337,333,325,289
frame_86,Rack_2,42,2,anw_med,0.8620883822441101,289,247,312,333,300,290
frame_86,Rack_2,46,2,anw_med,0.8486296534538269,264,248,288,333,276,290
frame_86,Rack_2,7,2,anw_med,0.8902589082717896,238,248,264,332,251,290
frame_86,Rack_2,30,15,pepsi_med,0.837742269039154,217,253,237,331,227,292
frame_86,Rack_2,8,15,pepsi_med,0.893986701965332,194,250,217,331,205,290
frame_86,Rack_2,2,15,pepsi_med,0.8990969657897949,168,250,193,331,180,290
frame_86,Rack_2,16,15,pepsi_med,0.9094018340110779,149,251,169,331,159,291
frame_86,Rack_2,31,15,pepsi_med,0.8907404541969299,122,251,148,331,135,291
frame_86,Rack_2,44,15,pepsi_med,0.8922884464263916,101,252,122,330,111,291
frame_86,Rack_2,55,13,kick_med,0.8722010254859924,77,252,101,330,89,291
frame_86,Rack_2,53,13,kick_med,0.863139808177948,56,253,77,330,66,291
frame_86,Rack_2,52,13,kick_med,0.8852497339248657,32,253,56,330,44,291
frame_86,Rack_2,56,13,kick_med,0.8192060589790344,6,253,31,332,18,292
frame_86,Rack_3,6,9,empty,0.9186635613441467,489,354,611,485,550,419
frame_86,Rack_3,13,7,coke_z_big,0.9270195960998535,452,355,488,468,470,411
frame_86,Rack_3,1,7,coke_z_big,0.9195467829704285,414,353,452,469,433,411
frame_86,Rack_3,39,5,coke_v_big,0.8635973334312439,379,353,413,478,396,415
frame_86,Rack_3,4,5,coke_v_big,0.9093213081359863,342,353,378,479,360,416
frame_86,Rack_3,33,5,coke_v_big,0.9173905253410339,309,353,342,460,325,406
frame_86,Rack_3,18,5,coke_v_big,0.9051593542098999,274,354,308,460,291,407
frame_86,Rack_3,10,5,coke_v_big,0.887269914150238,239,354,274,476,256,415
frame_86,Rack_3,9,14,pepsi_big,0.9149708151817322,205,349,237,475,221,412
frame_86,Rack_3,11,14,pepsi_big,0.9176632761955261,174,348,205,473,189,410
frame_86,Rack_3,54,14,pepsi_big,0.8694387078285217,141,347,173,472,157,409
frame_86,Rack_3,19,10,fanta_grape_big,0.9058611989021301,103,347,140,471,121,409
frame_86,Rack_3,51,10,fanta_grape_big,0.8088010549545288,78,347,103,468,90,407
frame_86,Rack_3,59,10,fanta_grape_big,0.8224162459373474,51,346,78,460,64,403
frame_86,Rack_3,23,12,fanta_straw_big,0.8935708403587341,12,345,51,455,31,400
frame_87,Rack_1,50,1,a&w_small,0.8161018490791321,588,156,616,219,602,187
frame_87,Rack_1,35,1,a&w_small,0.8161801099777222,566,155,586,219,576,187
frame_87,Rack_1,32,1,a&w_small,0.7982918620109558,543,155,566,219,554,187
frame_87,Rack_1,48,1,a&w_small,0.8472127318382263,518,155,542,220,530,187
frame_87,Rack_1,37,1,a&w_small,0.8331616520881653,495,154,517,220,506,187
frame_87,Rack_1,27,1,a&w_small,0.8405760526657104,472,155,494,220,483,187
frame_87,Rack_1,36,1,a&w_small,0.8351292014122009,449,155,470,221,459,188
frame_87,Rack_1,49,4,coke_small,0.7302461266517639,427,156,448,221,437,188
frame_87,Rack_1,34,4,coke_small,0.8371239304542542,404,156,426,222,415,189
frame_87,Rack_1,12,4,coke_small,0.8240962624549866,384,158,404,222,394,190
frame_87,Rack_1,40,4,coke_small,0.8163415789604187,363,157,384,223,373,190
frame_87,Rack_1,38,4,coke_small,0.8366361856460571,343,157,363,224,353,190
frame_87,Rack_1,5,4,coke_small,0.8979564905166626,321,158,342,224,331,191
frame_87,Rack_1,21,17,sprite_small,0.8351729512214661,299,156,320,225,309,190
frame_87,Rack_1,14,17,sprite_small,0.8552924394607544,279,155,299,226,289,190
frame_87,Rack_1,25,17,sprite_small,0.8940863013267517,261,156,279,226,270,191
frame_87,Rack_1,15,17,sprite_small,0.9061550498008728,239,156,260,225,249,190
frame_87,Rack_1,28,9,empty,0.8725239038467407,112,160,233,223,172,191
frame_87,Rack_1,57,0,7up_med,0.5082154273986816,53,161,80,238,66,199
frame_87,Rack_2,45,3,coke_med,0.873681902885437,579,246,611,331,595,288
frame_87,Rack_2,20,3,coke_med,0.8902052640914917,546,247,578,333,562,290
frame_87,Rack_2,22,3,coke_med,0.8757284283638,522,247,545,333,533,290
frame_87,Rack_2,24,3,coke_med,0.9052003026008606,495,247,522,333,508,290
frame_87,Rack_2,3,3,coke_med,0.9323183298110962,469,246,495,333,482,289
frame_87,Rack_2,47,3,coke_med,0.5406308770179749,442,247,468,333,455,290
frame_87,Rack_2,61,6,coke_v_med,0.8079951405525208,442,245,469,333,455,289
frame_87,Rack_2,41,6,coke_v_med,0.7853333353996277,415,247,441,333,428,290
frame_87,Rack_2,29,6,coke_v_med,0.8195240497589111,388,247,415,333,401,290
frame_87,Rack_2,26,2,anw_med,0.8811461925506592,363,246,387,333,375,289
frame_87,Rack_2,17,2,anw_med,0.8589800000190735,338,247,362,333,350,290
frame_87,Rack_2,43,2,anw_med,0.8479360342025757,313,246,337,333,325,289
frame_87,Rack_2,42,2,anw_med,0.8633479475975037,289,247,313,333,301,290
frame_87,Rack_2,46,2,anw_med,0.8511903882026672,264,247,288,332,276,289
frame_87,Rack_2,7,2,anw_med,0.8903211951255798,238,247,264,332,251,289
frame_87,Rack_2,30,15,pepsi_med,0.8330991864204407,218,253,237,331,227,292
frame_87,Rack_2,8,15,pepsi_med,0.8940548300743103,194,250,217,331,205,290
frame_87,Rack_2,2,15,pepsi_med,0.8968281745910645,169,249,193,331,181,290
frame_87,Rack_2,16,15,pepsi_med,0.914785623550415,149,251,169,331,159,291
frame_87,Rack_2,31,15,pepsi_med,0.8847865462303162,123,251,148,331,135,291
frame_87,Rack_2,44,15,pepsi_med,0.9027690887451172,101,251,122,330,111,290
frame_87,Rack_2,55,13,kick_med,0.8604377508163452,77,252,101,330,89,291
frame_87,Rack_2,53,13,kick_med,0.855144739151001,56,253,77,330,66,291
frame_87,Rack_2,52,13,kick_med,0.8746849894523621,32,253,56,330,44,291
frame_87,Rack_2,56,13,kick_med,0.803317129611969,6,253,31,331,18,292
frame_87,Rack_3,6,9,empty,0.9207638502120972,489,353,611,485,550,419
frame_87,Rack_3,13,7,coke_z_big,0.9298012256622314,452,355,488,467,470,411
frame_87,Rack_3,1,7,coke_z_big,0.9186201691627502,414,353,452,469,433,411
frame_87,Rack_3,39,5,coke_v_big,0.8695136904716492,379,353,413,478,396,415
frame_87,Rack_3,4,5,coke_v_big,0.9247381091117859,343,353,378,479,360,416
frame_87,Rack_3,33,5,coke_v_big,0.9103507399559021,309,353,342,460,325,406
frame_87,Rack_3,18,5,coke_v_big,0.9074397683143616,274,354,309,460,291,407
frame_87,Rack_3,10,5,coke_v_big,0.8906558156013489,239,354,274,475,256,414
frame_87,Rack_3,9,14,pepsi_big,0.917881965637207,205,348,237,475,221,411
frame_87,Rack_3,11,14,pepsi_big,0.9181731343269348,174,348,205,473,189,410
frame_87,Rack_3,54,14,pepsi_big,0.8660346269607544,142,347,173,472,157,409
frame_87,Rack_3,19,10,fanta_grape_big,0.9076796174049377,103,347,141,471,122,409
frame_87,Rack_3,51,10,fanta_grape_big,0.8313634991645813,79,346,103,468,91,407
frame_87,Rack_3,59,10,fanta_grape_big,0.8586141467094421,51,346,78,459,64,402
frame_87,Rack_3,23,12,fanta_straw_big,0.8980521559715271,13,345,51,455,32,400
frame_88,Rack_1,50,1,a&w_small,0.8516994118690491,588,155,617,219,602,187
frame_88,Rack_1,35,1,a&w_small,0.8170890808105469,566,154,587,218,576,186
frame_88,Rack_1,32,1,a&w_small,0.798426628112793,543,154,566,219,554,186
frame_88,Rack_1,48,1,a&w_small,0.8447615504264832,518,155,542,220,530,187
frame_88,Rack_1,37,1,a&w_small,0.8462930917739868,495,154,517,220,506,187
frame_88,Rack_1,27,1,a&w_small,0.8325899243354797,471,154,494,220,482,187
frame_88,Rack_1,36,1,a&w_small,0.8513782620429993,449,154,471,221,460,187
frame_88,Rack_1,49,4,coke_small,0.7251077890396118,427,154,448,221,437,187
frame_88,Rack_1,34,4,coke_small,0.8385205268859863,404,155,426,222,415,188
frame_88,Rack_1,12,4,coke_small,0.8168929815292358,384,156,404,222,394,189
frame_88,Rack_1,40,4,coke_small,0.8365038633346558,363,155,384,223,373,189
frame_88,Rack_1,38,4,coke_small,0.8320104479789734,342,155,363,224,352,189
frame_88,Rack_1,5,4,coke_small,0.8859418034553528,321,156,342,224,331,190
frame_88,Rack_1,21,17,sprite_small,0.8458805084228516,299,155,321,225,310,190
frame_88,Rack_1,14,17,sprite_small,0.8406045436859131,279,154,300,226,289,190
frame_88,Rack_1,25,17,sprite_small,0.8720604181289673,260,155,280,226,270,190
frame_88,Rack_1,15,17,sprite_small,0.8879375457763672,239,155,261,225,250,190
frame_88,Rack_1,28,9,empty,0.8700280785560608,110,158,235,223,172,190
frame_88,Rack_1,57,0,7up_med,0.7177678942680359,53,158,80,237,66,197
frame_88,Rack_1,58,0,7up_med,0.6873929500579834,30,157,53,238,41,197
frame_88,Rack_2,45,3,coke_med,0.8805139660835266,580,246,611,331,595,288
frame_88,Rack_2,20,3,coke_med,0.8909876942634583,547,247,578,332,562,289
frame_88,Rack_2,22,3,coke_med,0.8625075817108154,523,247,545,333,534,290
frame_88,Rack_2,24,3,coke_med,0.9069389700889587,496,247,522,333,509,290
frame_88,Rack_2,3,3,coke_med,0.9311051964759827,469,246,495,333,482,289
frame_88,Rack_2,47,3,coke_med,0.6186459064483643,442,247,469,333,455,290
frame_88,Rack_2,61,6,coke_v_med,0.7292793989181519,442,246,469,333,455,289
frame_88,Rack_2,41,6,coke_v_med,0.7569044232368469,415,247,441,333,428,290
frame_88,Rack_2,29,6,coke_v_med,0.7662900686264038,388,247,415,333,401,290
frame_88,Rack_2,26,2,anw_med,0.8736129403114319,363,246,388,333,375,289
frame_88,Rack_2,17,2,anw_med,0.8632778525352478,338,247,362,333,350,290
frame_88,Rack_2,43,2,anw_med,0.8380599617958069,313,246,337,333,325,289
frame_88,Rack_2,42,2,anw_med,0.8625229001045227,289,247,313,333,301,290
frame_88,Rack_2,46,2,anw_med,0.8552659153938293,264,247,288,332,276,289
frame_88,Rack_2,7,2,anw_med,0.8885128498077393,238,248,264,332,251,290
frame_88,Rack_2,30,15,pepsi_med,0.8245747685432434,218,253,237,331,227,292
frame_88,Rack_2,8,15,pepsi_med,0.8919988870620728,194,249,217,331,205,290
frame_88,Rack_2,2,15,pepsi_med,0.9023649096488953,169,249,193,331,181,290
frame_88,Rack_2,16,15,pepsi_med,0.9157720804214478,149,250,169,331,159,290
frame_88,Rack_2,31,15,pepsi_med,0.9006772637367249,123,251,148,331,135,291
frame_88,Rack_2,44,15,pepsi_med,0.8995033502578735,101,251,122,329,111,290
frame_88,Rack_2,55,13,kick_med,0.8598446249961853,78,252,101,330,89,291
frame_88,Rack_2,53,13,kick_med,0.85678631067276,56,252,77,330,66,291
frame_88,Rack_2,52,13,kick_med,0.8806935548782349,32,252,56,329,44,290
frame_88,Rack_2,56,13,kick_med,0.8014851212501526,6,253,31,331,18,292
frame_88,Rack_3,6,9,empty,0.9182634949684143,489,353,612,485,550,419
frame_88,Rack_3,13,7,coke_z_big,0.9353314638137817,453,355,488,467,470,411
frame_88,Rack_3,1,7,coke_z_big,0.9221999049186707,414,353,452,468,433,410
frame_88,Rack_3,39,5,coke_v_big,0.861701250076294,379,353,413,478,396,415
frame_88,Rack_3,4,5,coke_v_big,0.920085072517395,343,353,378,478,360,415
frame_88,Rack_3,33,5,coke_v_big,0.9113673567771912,309,353,343,460,326,406
frame_88,Rack_3,18,5,coke_v_big,0.9060916900634766,274,354,309,460,291,407
frame_88,Rack_3,10,5,coke_v_big,0.8928315043449402,239,354,274,475,256,414
frame_88,Rack_3,9,14,pepsi_big,0.9181498289108276,206,348,238,475,222,411
frame_88,Rack_3,11,14,pepsi_big,0.9188251495361328,174,347,205,473,189,410
frame_88,Rack_3,54,14,pepsi_big,0.8785424828529358,142,347,173,472,157,409
frame_88,Rack_3,19,10,fanta_grape_big,0.9024016857147217,104,347,141,471,122,409
frame_88,Rack_3,51,10,fanta_grape_big,0.7971617579460144,79,346,103,468,91,407
frame_88,Rack_3,59,10,fanta_grape_big,0.7649608850479126,51,345,78,459,64,402
frame_88,Rack_3,23,12,fanta_straw_big,0.8891069889068604,13,345,51,455,32,400
frame_89,Rack_1,50,1,a&w_small,0.8596992492675781,589,155,617,218,603,186
frame_89,Rack_1,35,1,a&w_small,0.8202580809593201,566,153,587,218,576,185
frame_89,Rack_1,32,1,a&w_small,0.8148843050003052,543,153,566,219,554,186
frame_89,Rack_1,48,1,a&w_small,0.8459835648536682,519,154,542,220,530,187
frame_89,Rack_1,37,1,a&w_small,0.847454845905304,495,154,517,220,506,187
frame_89,Rack_1,27,1,a&w_small,0.8388540744781494,472,153,494,220,483,186
frame_89,Rack_1,36,1,a&w_small,0.8590694665908813,449,153,471,221,460,187
frame_89,Rack_1,49,4,coke_small,0.7534535527229309,427,153,449,221,438,187
frame_89,Rack_1,34,4,coke_small,0.8429122567176819,404,155,426,221,415,188
frame_89,Rack_1,12,4,coke_small,0.8114973306655884,384,156,404,222,394,189
frame_89,Rack_1,40,4,coke_small,0.8414552807807922,363,155,385,223,374,189
frame_89,Rack_1,38,4,coke_small,0.8356566429138184,342,155,363,224,352,189
frame_89,Rack_1,5,4,coke_small,0.9020403623580933,321,155,342,224,331,189
frame_89,Rack_1,21,17,sprite_small,0.854509711265564,299,155,321,225,310,190
frame_89,Rack_1,14,17,sprite_small,0.845544159412384,279,153,300,226,289,189
frame_89,Rack_1,25,17,sprite_small,0.8682451844215393,261,155,280,226,270,190
frame_89,Rack_1,15,17,sprite_small,0.894256591796875,239,155,261,225,250,190
frame_89,Rack_1,28,9,empty,0.8699765801429749,110,157,236,223,173,190
frame_89,Rack_1,57,0,7up_med,0.7076920866966248,53,157,80,236,66,196
frame_89,Rack_1,58,0,7up_med,0.6977933645248413,30,156,53,235,41,195
frame_89,Rack_2,45,3,coke_med,0.8704661130905151,580,246,612,331,596,288
frame_89,Rack_2,20,3,coke_med,0.9006037712097168,547,247,579,331,563,289
frame_89,Rack_2,22,3,coke_med,0.8675034046173096,523,247,545,333,534,290
frame_89,Rack_2,24,3,coke_med,0.8995484113693237,496,247,522,333,509,290
frame_89,Rack_2,3,3,coke_med,0.9316878318786621,470,246,495,333,482,289
frame_89,Rack_2,47,3,coke_med,0.599262535572052,443,247,469,333,456,290
frame_89,Rack_2,61,6,coke_v_med,0.7366449236869812,443,246,469,332,456,289
frame_89,Rack_2,41,6,coke_v_med,0.7767508029937744,415,247,441,333,428,290
frame_89,Rack_2,29,6,coke_v_med,0.7577589750289917,388,247,415,333,401,290
frame_89,Rack_2,26,2,anw_med,0.8646706342697144,363,247,388,332,375,289
frame_89,Rack_2,17,2,anw_med,0.8691021800041199,338,246,363,333,350,289
frame_89,Rack_2,43,2,anw_med,0.8411977291107178,314,246,337,333,325,289
frame_89,Rack_2,42,2,anw_med,0.8555468916893005,289,247,313,332,301,289
frame_89,Rack_2,46,2,anw_med,0.8502905964851379,264,247,288,332,276,289
frame_89,Rack_2,7,2,anw_med,0.887700080871582,238,248,264,332,251,290
frame_89,Rack_2,30,15,pepsi_med,0.8129744529724121,218,253,238,330,228,291
frame_89,Rack_2,8,15,pepsi_med,0.8897140026092529,194,249,217,331,205,290
frame_89,Rack_2,2,15,pepsi_med,0.8971089124679565,169,249,193,331,181,290
frame_89,Rack_2,16,15,pepsi_med,0.9137681126594543,149,250,169,331,159,290
frame_89,Rack_2,31,15,pepsi_med,0.8985689282417297,123,251,148,331,135,291
frame_89,Rack_2,44,15,pepsi_med,0.9089449048042297,101,251,122,329,111,290
frame_89,Rack_2,55,13,kick_med,0.8733492493629456,78,252,101,329,89,290
frame_89,Rack_2,53,13,kick_med,0.8665095567703247,56,252,77,329,66,290
frame_89,Rack_2,52,13,kick_med,0.8783401846885681,32,252,56,329,44,290
frame_89,Rack_2,56,13,kick_med,0.8061352372169495,6,252,31,331,18,291
frame_89,Rack_3,6,9,empty,0.9134043455123901,489,353,612,485,550,419
frame_89,Rack_3,13,7,coke_z_big,0.9342634677886963,453,355,488,467,470,411
frame_89,Rack_3,1,7,coke_z_big,0.9198839068412781,414,353,452,468,433,410
frame_89,Rack_3,39,5,coke_v_big,0.8688250184059143,379,353,413,478,396,415
frame_89,Rack_3,4,5,coke_v_big,0.9172276258468628,343,352,378,478,360,415
frame_89,Rack_3,33,5,coke_v_big,0.9083735346794128,309,352,343,460,326,406
frame_89,Rack_3,18,5,coke_v_big,0.9057785272598267,275,354,309,460,292,407
frame_89,Rack_3,10,5,coke_v_big,0.8930313587188721,240,354,274,475,257,414
frame_89,Rack_3,9,14,pepsi_big,0.9201688766479492,206,348,238,475,222,411
frame_89,Rack_3,11,14,pepsi_big,0.9140962362289429,174,347,205,472,189,409
frame_89,Rack_3,54,14,pepsi_big,0.8841795325279236,142,346,174,471,158,408
frame_89,Rack_3,19,10,fanta_grape_big,0.9068129062652588,104,347,141,471,122,409
frame_89,Rack_3,51,10,fanta_grape_big,0.8125146627426147,79,346,103,468,91,407
frame_89,Rack_3,59,10,fanta_grape_big,0.8329339027404785,52,345,78,458,65,401
frame_89,Rack_3,23,12,fanta_straw_big,0.8973768353462219,13,345,52,455,32,400
frame_90,Rack_1,50,1,a&w_small,0.8743650913238525,589,155,617,218,603,186
frame_90,Rack_1,35,1,a&w_small,0.8106359243392944,567,154,587,218,577,186
frame_90,Rack_1,32,1,a&w_small,0.8263229131698608,543,153,566,219,554,186
frame_90,Rack_1,48,1,a&w_small,0.847639799118042,519,154,542,219,530,186
frame_90,Rack_1,37,1,a&w_small,0.8459138870239258,495,154,517,220,506,187
frame_90,Rack_1,27,1,a&w_small,0.8382796049118042,472,153,495,220,483,186
frame_90,Rack_1,36,1,a&w_small,0.8669626116752625,449,153,471,220,460,186
frame_90,Rack_1,49,4,coke_small,0.8053951263427734,427,154,449,221,438,187
frame_90,Rack_1,34,4,coke_small,0.8477733731269836,405,155,426,221,415,188
frame_90,Rack_1,12,4,coke_small,0.8005846738815308,384,155,404,222,394,188
frame_90,Rack_1,40,4,coke_small,0.8405721187591553,364,155,385,223,374,189
frame_90,Rack_1,38,4,coke_small,0.8329780697822571,343,155,364,224,353,189
frame_90,Rack_1,5,4,coke_small,0.9095956683158875,321,155,343,224,332,189
frame_90,Rack_1,21,17,sprite_small,0.8612357974052429,299,154,321,225,310,189
frame_90,Rack_1,14,17,sprite_small,0.8457906246185303,279,153,300,226,289,189
frame_90,Rack_1,25,17,sprite_small,0.8695693612098694,261,154,280,226,270,190
frame_90,Rack_1,15,17,sprite_small,0.8949241042137146,239,155,261,225,250,190
frame_90,Rack_1,28,9,empty,0.8700543642044067,110,157,236,223,173,190
frame_90,Rack_1,57,0,7up_med,0.6644150614738464,53,157,80,235,66,196
frame_90,Rack_1,58,0,7up_med,0.6675899624824524,30,155,53,234,41,194
frame_90,Rack_2,45,3,coke_med,0.8859912753105164,580,246,612,330,596,288
frame_90,Rack_2,20,3,coke_med,0.8969519138336182,547,247,579,331,563,289
frame_90,Rack_2,22,3,coke_med,0.8583926558494568,523,247,546,333,534,290
frame_90,Rack_2,24,3,coke_med,0.9000368714332581,496,247,522,332,509,289
frame_90,Rack_2,3,3,coke_med,0.9294936060905457,470,246,495,332,482,289
frame_90,Rack_2,47,3,coke_med,0.6358493566513062,443,247,469,333,456,290
frame_90,Rack_2,61,6,coke_v_med,0.7077299356460571,443,245,469,333,456,289
frame_90,Rack_2,41,6,coke_v_med,0.8147179484367371,415,247,441,333,428,290
frame_90,Rack_2,29,6,coke_v_med,0.7869160771369934,389,247,415,333,402,290
frame_90,Rack_2,26,2,anw_med,0.8554936647415161,363,247,388,332,375,289
frame_90,Rack_2,17,2,anw_med,0.8740010857582092,338,246,363,333,350,289
frame_90,Rack_2,43,2,anw_med,0.8444696068763733,314,246,338,332,326,289
frame_90,Rack_2,42,2,anw_med,0.8544560670852661,289,247,313,332,301,289
frame_90,Rack_2,46,2,anw_med,0.8418680429458618,265,247,289,332,277,289
frame_90,Rack_2,7,2,anw_med,0.8807410001754761,238,248,264,332,251,290
frame_90,Rack_2,30,15,pepsi_med,0.8134043216705322,218,253,238,330,228,291
frame_90,Rack_2,8,15,pepsi_med,0.8909989595413208,194,249,217,331,205,290
frame_90,Rack_2,2,15,pepsi_med,0.8947375416755676,169,249,193,331,181,290
frame_90,Rack_2,16,15,pepsi_med,0.914367139339447,149,250,169,330,159,290
frame_90,Rack_2,31,15,pepsi_med,0.8989046812057495,123,251,149,330,136,290
frame_90,Rack_2,44,15,pepsi_med,0.906913697719574,102,251,122,329,112,290
frame_90,Rack_2,55,13,kick_med,0.8789210319519043,78,252,101,329,89,290
frame_90,Rack_2,53,13,kick_med,0.8748372793197632,57,252,77,329,67,290
frame_90,Rack_2,52,13,kick_med,0.882308304309845,32,252,56,329,44,290
frame_90,Rack_2,56,13,kick_med,0.8101744651794434,6,252,31,330,18,291
frame_90,Rack_3,6,9,empty,0.9084417819976807,489,352,612,485,550,418
frame_90,Rack_3,13,7,coke_z_big,0.933792769908905,453,355,489,468,471,411
frame_90,Rack_3,1,7,coke_z_big,0.9218262434005737,414,353,452,468,433,410
frame_90,Rack_3,39,5,coke_v_big,0.8646985292434692,379,352,414,478,396,415
frame_90,Rack_3,4,5,coke_v_big,0.9123270511627197,343,352,379,478,361,415
frame_90,Rack_3,33,5,coke_v_big,0.8961330056190491,309,352,343,460,326,406
frame_90,Rack_3,18,5,coke_v_big,0.9051923751831055,275,354,309,460,292,407
frame_90,Rack_3,10,5,coke_v_big,0.8913663029670715,240,354,274,475,257,414
frame_90,Rack_3,9,14,pepsi_big,0.9197385907173157,206,348,238,475,222,411
frame_90,Rack_3,11,14,pepsi_big,0.9112502336502075,174,347,205,472,189,409
frame_90,Rack_3,54,14,pepsi_big,0.8817745447158813,142,346,174,471,158,408
frame_90,Rack_3,19,10,fanta_grape_big,0.8926555514335632,104,347,141,471,122,409
frame_90,Rack_3,51,10,fanta_grape_big,0.8049514889717102,79,346,103,467,91,406
frame_90,Rack_3,59,10,fanta_grape_big,0.817274272441864,52,345,79,459,65,402
frame_90,Rack_3,23,12,fanta_straw_big,0.8807424902915955,14,345,52,454,33,399
frame_91,Rack_1,50,1,a&w_small,0.8759545683860779,589,154,618,218,603,186
frame_91,Rack_1,35,1,a&w_small,0.8150538802146912,567,152,588,218,577,185
frame_91,Rack_1,32,1,a&w_small,0.7999290823936462,544,152,567,219,555,185
frame_91,Rack_1,48,1,a&w_small,0.8282647132873535,519,154,543,219,531,186
frame_91,Rack_1,37,1,a&w_small,0.8551214337348938,495,152,518,219,506,185
frame_91,Rack_1,27,1,a&w_small,0.8544734716415405,472,152,495,220,483,186
frame_91,Rack_1,36,1,a&w_small,0.869880735874176,449,153,471,220,460,186
frame_91,Rack_1,49,4,coke_small,0.7920094728469849,427,153,449,220,438,186
frame_91,Rack_1,34,4,coke_small,0.8311815857887268,404,154,427,221,415,187
frame_91,Rack_1,12,4,coke_small,0.7704183459281921,384,154,405,222,394,188
frame_91,Rack_1,40,4,coke_small,0.8265478014945984,364,154,385,223,374,188
frame_91,Rack_1,38,4,coke_small,0.8576717972755432,343,154,364,224,353,189
frame_91,Rack_1,5,4,coke_small,0.9101419448852539,322,155,343,224,332,189
frame_91,Rack_1,21,17,sprite_small,0.8821859359741211,300,154,321,225,310,189
frame_91,Rack_1,14,17,sprite_small,0.8441944122314453,280,153,300,225,290,189
frame_91,Rack_1,25,17,sprite_small,0.8726168274879456,261,153,280,226,270,189
frame_91,Rack_1,15,17,sprite_small,0.8701987266540527,239,154,261,225,250,189
frame_91,Rack_1,28,9,empty,0.8717188239097595,110,157,237,223,173,190
frame_91,Rack_2,45,3,coke_med,0.8958185315132141,581,247,612,331,596,289
frame_91,Rack_2,20,3,coke_med,0.9008839726448059,547,247,579,332,563,289
frame_91,Rack_2,22,3,coke_med,0.8977259397506714,523,247,546,333,534,290
frame_91,Rack_2,24,3,coke_med,0.899612545967102,496,247,522,333,509,290
frame_91,Rack_2,3,3,coke_med,0.9294635057449341,470,246,496,333,483,289
frame_91,Rack_2,47,3,coke_med,0.7055380344390869,443,248,469,333,456,290
frame_91,Rack_2,61,6,coke_v_med,0.6310500502586365,443,245,469,333,456,289
frame_91,Rack_2,41,6,coke_v_med,0.8269516825675964,415,247,441,333,428,290
frame_91,Rack_2,29,6,coke_v_med,0.8386224508285522,389,247,415,333,402,290
frame_91,Rack_2,26,2,anw_med,0.791530191898346,363,247,388,332,375,289
frame_91,Rack_2,17,2,anw_med,0.8509652018547058,338,246,363,333,350,289
frame_91,Rack_2,43,2,anw_med,0.8407642841339111,313,246,338,332,325,289
frame_91,Rack_2,42,2,anw_med,0.8493017554283142,289,247,313,332,301,289
frame_91,Rack_2,46,2,anw_med,0.8724983930587769,264,247,288,332,276,289
frame_91,Rack_2,7,2,anw_med,0.8846127986907959,238,248,264,332,251,290
frame_91,Rack_2,30,15,pepsi_med,0.8195260763168335,218,253,238,331,228,292
frame_91,Rack_2,8,15,pepsi_med,0.8876534104347229,194,249,217,331,205,290
frame_91,Rack_2,2,15,pepsi_med,0.8975122570991516,169,249,193,331,181,290
frame_91,Rack_2,16,15,pepsi_med,0.9180583953857422,150,250,169,330,159,290
frame_91,Rack_2,31,15,pepsi_med,0.9198089838027954,123,251,149,330,136,290
frame_91,Rack_2,44,15,pepsi_med,0.916037380695343,102,251,123,329,112,290
frame_91,Rack_2,55,13,kick_med,0.8682006597518921,78,251,101,329,89,290
frame_91,Rack_2,53,13,kick_med,0.8667728900909424,57,252,78,329,67,290
frame_91,Rack_2,52,13,kick_med,0.8863985538482666,32,252,56,329,44,290
frame_91,Rack_2,56,13,kick_med,0.8114242553710938,6,252,31,330,18,291
frame_91,Rack_3,6,9,empty,0.9063321352005005,490,353,612,484,551,418
frame_91,Rack_3,13,7,coke_z_big,0.9416566491127014,453,355,489,467,471,411
frame_91,Rack_3,1,7,coke_z_big,0.9264713525772095,415,353,452,468,433,410
frame_91,Rack_3,39,5,coke_v_big,0.8720158934593201,380,353,414,478,397,415
frame_91,Rack_3,4,5,coke_v_big,0.9103211760520935,343,352,379,478,361,415
frame_91,Rack_3,33,5,coke_v_big,0.8882445096969604,309,352,343,460,326,406
frame_91,Rack_3,18,5,coke_v_big,0.9039129018783569,275,354,309,459,292,406
frame_91,Rack_3,10,5,coke_v_big,0.8890781402587891,240,354,274,475,257,414
frame_91,Rack_3,9,14,pepsi_big,0.9222285151481628,206,349,238,475,222,412
frame_91,Rack_3,11,14,pepsi_big,0.918988823890686,175,348,205,472,190,410
frame_91,Rack_3,54,14,pepsi_big,0.8900028467178345,142,348,174,471,158,409
frame_91,Rack_3,19,10,fanta_grape_big,0.9193167090415955,104,347,141,471,122,409
frame_91,Rack_3,51,10,fanta_grape_big,0.7154707908630371,79,347,104,467,91,407
frame_91,Rack_3,59,10,fanta_grape_big,0.5690048336982727,52,346,79,458,65,402
frame_91,Rack_3,23,12,fanta_straw_big,0.8640038371086121,14,346,51,454,32,400
frame_92,Rack_1,50,1,a&w_small,0.8769156336784363,589,153,618,218,603,185
frame_92,Rack_1,35,1,a&w_small,0.8192312121391296,567,152,588,218,577,185
frame_92,Rack_1,32,1,a&w_small,0.7993510365486145,544,152,567,218,555,185
frame_92,Rack_1,48,1,a&w_small,0.8308894038200378,519,153,543,219,531,186
frame_92,Rack_1,37,1,a&w_small,0.8571928143501282,496,152,518,219,507,185
frame_92,Rack_1,27,1,a&w_small,0.8631872534751892,472,152,495,220,483,186
frame_92,Rack_1,36,1,a&w_small,0.8753150701522827,449,153,471,220,460,186
frame_92,Rack_1,49,4,coke_small,0.809313952922821,427,152,449,220,438,186
frame_92,Rack_1,34,4,coke_small,0.8373851776123047,405,153,427,221,416,187
frame_92,Rack_1,12,4,coke_small,0.7711979746818542,384,154,405,222,394,188
frame_92,Rack_1,40,4,coke_small,0.8109202980995178,364,154,385,222,374,188
frame_92,Rack_1,38,4,coke_small,0.840481162071228,343,154,364,223,353,188
frame_92,Rack_1,5,4,coke_small,0.8932232856750488,321,154,343,223,332,188
frame_92,Rack_1,21,17,sprite_small,0.88416588306427,300,153,321,225,310,189
frame_92,Rack_1,14,17,sprite_small,0.8397219181060791,280,153,300,225,290,189
frame_92,Rack_1,25,17,sprite_small,0.8736855387687683,261,153,280,225,270,189
frame_92,Rack_1,15,17,sprite_small,0.8836420178413391,239,154,261,225,250,189
frame_92,Rack_1,28,9,empty,0.8729961514472961,110,157,237,222,173,189
frame_92,Rack_2,45,3,coke_med,0.894863486289978,581,247,612,330,596,288
frame_92,Rack_2,20,3,coke_med,0.9001531004905701,547,246,579,331,563,288
frame_92,Rack_2,22,3,coke_med,0.8915795683860779,523,247,546,332,534,289
frame_92,Rack_2,24,3,coke_med,0.9016121029853821,496,247,523,333,509,290
frame_92,Rack_2,3,3,coke_med,0.9273658394813538,470,247,496,333,483,290
frame_92,Rack_2,47,3,coke_med,0.6392769813537598,443,248,469,333,456,290
frame_92,Rack_2,61,6,coke_v_med,0.7175825834274292,443,245,469,333,456,289
frame_92,Rack_2,41,6,coke_v_med,0.8309834003448486,415,247,442,333,428,290
frame_92,Rack_2,29,6,coke_v_med,0.7829476594924927,389,247,415,333,402,290
frame_92,Rack_2,26,2,anw_med,0.7893719673156738,363,246,388,332,375,289
frame_92,Rack_2,17,2,anw_med,0.8424029350280762,338,246,363,333,350,289
frame_92,Rack_2,43,2,anw_med,0.8334735631942749,313,246,338,332,325,289
frame_92,Rack_2,42,2,anw_med,0.8375295400619507,289,247,313,332,301,289
frame_92,Rack_2,46,2,anw_med,0.8589808940887451,265,247,289,332,277,289
frame_92,Rack_2,7,2,anw_med,0.8871686458587646,238,248,264,332,251,290
frame_92,Rack_2,30,15,pepsi_med,0.8181583881378174,218,252,238,331,228,291
frame_92,Rack_2,8,15,pepsi_med,0.8850511908531189,195,249,218,331,206,290
frame_92,Rack_2,2,15,pepsi_med,0.8969283103942871,169,249,193,330,181,289
frame_92,Rack_2,16,15,pepsi_med,0.9253562688827515,150,250,170,330,160,290
frame_92,Rack_2,31,15,pepsi_med,0.9191197156906128,123,251,149,330,136,290
frame_92,Rack_2,44,15,pepsi_med,0.9229022264480591,102,251,123,329,112,290
frame_92,Rack_2,55,13,kick_med,0.8635317087173462,78,251,101,329,89,290
frame_92,Rack_2,53,13,kick_med,0.8653985261917114,57,252,78,329,67,290
frame_92,Rack_2,52,13,kick_med,0.8804322481155396,32,251,56,329,44,290
frame_92,Rack_2,56,13,kick_med,0.7589420080184937,6,252,31,329,18,290
frame_92,Rack_3,6,9,empty,0.9142142534255981,491,352,613,484,552,418
frame_92,Rack_3,13,7,coke_z_big,0.9413981437683105,453,355,489,467,471,411
frame_92,Rack_3,1,7,coke_z_big,0.9251244068145752,415,353,452,468,433,410
frame_92,Rack_3,39,5,coke_v_big,0.8762807846069336,380,352,414,478,397,415
frame_92,Rack_3,4,5,coke_v_big,0.8979862928390503,343,352,379,478,361,415
frame_92,Rack_3,33,5,coke_v_big,0.8947431445121765,309,352,343,460,326,406
frame_92,Rack_3,18,5,coke_v_big,0.9043052792549133,275,354,309,459,292,406
frame_92,Rack_3,10,5,coke_v_big,0.8861339092254639,240,353,275,475,257,414
frame_92,Rack_3,9,14,pepsi_big,0.92220538854599,206,348,238,475,222,411
frame_92,Rack_3,11,14,pepsi_big,0.9178832173347473,175,347,205,472,190,409
frame_92,Rack_3,54,14,pepsi_big,0.9038907885551453,142,347,174,471,158,409
frame_92,Rack_3,19,10,fanta_grape_big,0.9047257304191589,104,346,141,471,122,408
frame_92,Rack_3,51,10,fanta_grape_big,0.8226776719093323,79,346,104,467,91,406
frame_92,Rack_3,59,10,fanta_grape_big,0.7988219857215881,52,345,79,459,65,402
frame_92,Rack_3,23,12,fanta_straw_big,0.7283838987350464,13,345,51,454,32,399
frame_93,Rack_1,50,1,a&w_small,0.8707804679870605,589,153,618,217,603,185
frame_93,Rack_1,35,1,a&w_small,0.8177317380905151,567,152,588,217,577,184
frame_93,Rack_1,32,1,a&w_small,0.7979040145874023,544,152,567,218,555,185
frame_93,Rack_1,48,1,a&w_small,0.833735466003418,519,153,543,219,531,186
frame_93,Rack_1,37,1,a&w_small,0.849480390548706,496,152,519,219,507,185
frame_93,Rack_1,27,1,a&w_small,0.8569895625114441,473,152,496,219,484,185
frame_93,Rack_1,36,1,a&w_small,0.8833243250846863,450,153,472,220,461,186
frame_93,Rack_1,49,4,coke_small,0.8210920691490173,427,153,449,220,438,186
frame_93,Rack_1,34,4,coke_small,0.8491330146789551,405,153,427,220,416,186
frame_93,Rack_1,12,4,coke_small,0.7738126516342163,384,153,405,221,394,187
frame_93,Rack_1,40,4,coke_small,0.8044584393501282,364,154,385,222,374,188
frame_93,Rack_1,38,4,coke_small,0.8325349688529968,343,154,364,223,353,188
frame_93,Rack_1,5,4,coke_small,0.8979412913322449,322,154,343,223,332,188
frame_93,Rack_1,21,17,sprite_small,0.8855183124542236,300,153,321,224,310,188
frame_93,Rack_1,14,17,sprite_small,0.8350778222084045,280,153,300,225,290,189
frame_93,Rack_1,25,17,sprite_small,0.8630845546722412,261,153,281,225,271,189
frame_93,Rack_1,15,17,sprite_small,0.8851547241210938,240,153,261,225,250,189
frame_93,Rack_1,28,9,empty,0.8724318146705627,110,157,236,222,173,189
frame_93,Rack_1,57,0,7up_med,0.5011048316955566,52,156,80,237,66,196
frame_93,Rack_2,45,3,coke_med,0.8998903632164001,581,247,612,331,596,289
frame_93,Rack_2,20,3,coke_med,0.8946886658668518,548,247,580,331,564,289
frame_93,Rack_2,22,3,coke_med,0.8808091878890991,523,247,546,332,534,289
frame_93,Rack_2,24,3,coke_med,0.8969980478286743,496,247,523,333,509,290
frame_93,Rack_2,3,3,coke_med,0.9225562214851379,470,246,496,332,483,289
frame_93,Rack_2,47,3,coke_med,0.5373291969299316,443,248,469,333,456,290
frame_93,Rack_2,61,6,coke_v_med,0.7679141163825989,443,245,470,333,456,289
frame_93,Rack_2,41,6,coke_v_med,0.8429546356201172,415,247,442,333,428,290
frame_93,Rack_2,29,6,coke_v_med,0.7730329036712646,389,247,415,333,402,290
frame_93,Rack_2,26,2,anw_med,0.7729506492614746,363,246,388,332,375,289
frame_93,Rack_2,17,2,anw_med,0.8407577872276306,338,246,363,333,350,289
frame_93,Rack_2,43,2,anw_med,0.8331793546676636,314,246,338,332,326,289
frame_93,Rack_2,42,2,anw_med,0.8382126688957214,289,246,313,332,301,289
frame_93,Rack_2,46,2,anw_med,0.8513181209564209,265,247,289,332,277,289
frame_93,Rack_2,7,2,anw_med,0.8875377178192139,238,249,264,332,251,290
frame_93,Rack_2,30,15,pepsi_med,0.8103713989257812,218,252,238,331,228,291
frame_93,Rack_2,8,15,pepsi_med,0.8857917189598083,195,249,218,330,206,289
frame_93,Rack_2,2,15,pepsi_med,0.8958051800727844,169,248,194,330,181,289
frame_93,Rack_2,16,15,pepsi_med,0.9258232116699219,150,250,170,330,160,290
frame_93,Rack_2,31,15,pepsi_med,0.9194081425666809,123,251,149,330,136,290
frame_93,Rack_2,44,15,pepsi_med,0.9256957769393921,102,251,123,329,112,290
frame_93,Rack_2,55,13,kick_med,0.8496122360229492,78,251,101,329,89,290
frame_93,Rack_2,53,13,kick_med,0.852344274520874,57,252,78,329,67,290
frame_93,Rack_2,52,13,kick_med,0.8504762649536133,32,251,56,329,44,290
frame_93,Rack_2,56,13,kick_med,0.765143632888794,6,252,31,329,18,290
frame_93,Rack_3,6,9,empty,0.9158126711845398,491,352,613,484,552,418
frame_93,Rack_3,13,7,coke_z_big,0.9392311573028564,453,355,489,467,471,411
frame_93,Rack_3,1,7,coke_z_big,0.9237499237060547,415,353,452,468,433,410
frame_93,Rack_3,39,5,coke_v_big,0.870012640953064,380,352,414,478,397,415
frame_93,Rack_3,4,5,coke_v_big,0.9059662818908691,343,352,379,478,361,415
frame_93,Rack_3,33,5,coke_v_big,0.8957103490829468,309,352,343,460,326,406
frame_93,Rack_3,18,5,coke_v_big,0.902984619140625,275,354,309,459,292,406
frame_93,Rack_3,10,5,coke_v_big,0.8803658485412598,240,353,275,475,257,414
frame_93,Rack_3,9,14,pepsi_big,0.9222904443740845,206,348,238,474,222,411
frame_93,Rack_3,11,14,pepsi_big,0.9235241413116455,175,347,205,472,190,409
frame_93,Rack_3,54,14,pepsi_big,0.906446635723114,142,346,174,471,158,408
frame_93,Rack_3,19,10,fanta_grape_big,0.8957809805870056,104,346,141,471,122,408
frame_93,Rack_3,51,10,fanta_grape_big,0.8139472603797913,79,346,104,467,91,406
frame_93,Rack_3,59,10,fanta_grape_big,0.7693390846252441,52,345,79,459,65,402
frame_93,Rack_3,23,12,fanta_straw_big,0.8161054253578186,13,345,51,454,32,399
frame_94,Rack_1,50,1,a&w_small,0.8689542412757874,589,153,618,217,603,185
frame_94,Rack_1,35,1,a&w_small,0.8173255920410156,567,151,588,217,577,184
frame_94,Rack_1,32,1,a&w_small,0.7959924936294556,544,151,567,218,555,184
frame_94,Rack_1,48,1,a&w_small,0.8225104212760925,519,152,544,219,531,185
frame_94,Rack_1,37,1,a&w_small,0.8272663354873657,496,151,519,219,507,185
frame_94,Rack_1,27,1,a&w_small,0.8253880739212036,473,151,496,219,484,185
frame_94,Rack_1,36,1,a&w_small,0.8738913536071777,450,152,472,220,461,186
frame_94,Rack_1,49,4,coke_small,0.8159453868865967,427,152,449,220,438,186
frame_94,Rack_1,34,4,coke_small,0.8474087119102478,405,153,427,220,416,186
frame_94,Rack_1,12,4,coke_small,0.7858733534812927,385,153,405,221,395,187
frame_94,Rack_1,40,4,coke_small,0.8170527815818787,364,154,385,222,374,188
frame_94,Rack_1,38,4,coke_small,0.8273351192474365,343,153,364,223,353,188
frame_94,Rack_1,5,4,coke_small,0.8930760622024536,322,154,343,223,332,188
frame_94,Rack_1,21,17,sprite_small,0.890186071395874,300,153,322,224,311,188
frame_94,Rack_1,14,17,sprite_small,0.8407324552536011,280,152,300,224,290,188
frame_94,Rack_1,25,17,sprite_small,0.8625350594520569,261,153,281,225,271,189
frame_94,Rack_1,15,17,sprite_small,0.883263349533081,240,153,261,224,250,188
frame_94,Rack_1,28,9,empty,0.87961745262146,109,156,237,222,173,189
frame_94,Rack_1,57,0,7up_med,0.612832248210907,52,155,81,236,66,195
frame_94,Rack_2,45,3,coke_med,0.9085914492607117,581,247,612,331,596,289
frame_94,Rack_2,20,3,coke_med,0.8971689939498901,548,247,580,331,564,289
frame_94,Rack_2,22,3,coke_med,0.8751146197319031,523,247,546,332,534,289
frame_94,Rack_2,24,3,coke_med,0.9003933072090149,496,247,523,332,509,289
frame_94,Rack_2,3,3,coke_med,0.9226121306419373,470,247,496,333,483,290
frame_94,Rack_2,61,6,coke_v_med,0.7865091562271118,443,245,470,333,456,289
frame_94,Rack_2,41,6,coke_v_med,0.8321818113327026,416,247,442,333,429,290
frame_94,Rack_2,29,6,coke_v_med,0.734874963760376,389,247,415,333,402,290
frame_94,Rack_2,26,2,anw_med,0.7931738495826721,363,246,388,332,375,289
frame_94,Rack_2,17,2,anw_med,0.8358840346336365,338,246,363,333,350,289
frame_94,Rack_2,43,2,anw_med,0.8304463028907776,314,246,338,332,326,289
frame_94,Rack_2,42,2,anw_med,0.8405023813247681,289,247,313,332,301,289
frame_94,Rack_2,46,2,anw_med,0.852331817150116,265,247,289,332,277,289
frame_94,Rack_2,7,2,anw_med,0.8887289762496948,238,249,264,332,251,290
frame_94,Rack_2,30,15,pepsi_med,0.8128355145454407,218,252,238,331,228,291
frame_94,Rack_2,8,15,pepsi_med,0.8840070366859436,195,249,218,330,206,289
frame_94,Rack_2,2,15,pepsi_med,0.8878495097160339,169,248,194,330,181,289
frame_94,Rack_2,16,15,pepsi_med,0.9287287592887878,150,250,170,330,160,290
frame_94,Rack_2,31,15,pepsi_med,0.9187617301940918,123,250,149,330,136,290
frame_94,Rack_2,44,15,pepsi_med,0.9245131611824036,102,251,123,329,112,290
frame_94,Rack_2,55,13,kick_med,0.858112633228302,78,251,101,329,89,290
frame_94,Rack_2,53,13,kick_med,0.8570206165313721,57,251,78,329,67,290
frame_94,Rack_2,52,13,kick_med,0.8604294657707214,32,251,56,329,44,290
frame_94,Rack_2,56,13,kick_med,0.7460927367210388,6,251,31,330,18,290
frame_94,Rack_3,6,9,empty,0.9180441498756409,491,352,613,484,552,418
frame_94,Rack_3,13,7,coke_z_big,0.9412959218025208,454,354,489,467,471,410
frame_94,Rack_3,1,7,coke_z_big,0.9232708215713501,415,354,452,468,433,411
frame_94,Rack_3,39,5,coke_v_big,0.8718616366386414,380,352,414,477,397,414
frame_94,Rack_3,4,5,coke_v_big,0.9036484956741333,343,352,379,477,361,414
frame_94,Rack_3,33,5,coke_v_big,0.9025160670280457,309,352,343,460,326,406
frame_94,Rack_3,18,5,coke_v_big,0.9016692638397217,275,354,309,459,292,406
frame_94,Rack_3,10,5,coke_v_big,0.8865424990653992,240,353,275,475,257,414
frame_94,Rack_3,9,14,pepsi_big,0.9200651049613953,206,347,238,474,222,410
frame_94,Rack_3,11,14,pepsi_big,0.9256502389907837,175,347,206,472,190,409
frame_94,Rack_3,54,14,pepsi_big,0.9114894866943359,142,346,174,471,158,408
frame_94,Rack_3,19,10,fanta_grape_big,0.8986619710922241,105,346,142,470,123,408
frame_94,Rack_3,51,10,fanta_grape_big,0.8061946630477905,80,346,104,467,92,406
frame_94,Rack_3,59,10,fanta_grape_big,0.7483575344085693,52,345,79,459,65,402
frame_94,Rack_3,23,12,fanta_straw_big,0.5864841938018799,13,345,51,454,32,399
frame_95,Rack_1,50,1,a&w_small,0.8635960817337036,589,153,618,217,603,185
frame_95,Rack_1,35,1,a&w_small,0.8221568465232849,567,151,588,217,577,184
frame_95,Rack_1,32,1,a&w_small,0.7956840991973877,544,150,567,218,555,184
frame_95,Rack_1,48,1,a&w_small,0.8161709904670715,520,151,544,219,532,185
frame_95,Rack_1,37,1,a&w_small,0.8178487420082092,496,150,519,219,507,184
frame_95,Rack_1,27,1,a&w_small,0.8194196820259094,473,151,496,219,484,185
frame_95,Rack_1,36,1,a&w_small,0.873903751373291,450,152,472,220,461,186
frame_95,Rack_1,49,4,coke_small,0.8198384046554565,427,152,449,220,438,186
frame_95,Rack_1,34,4,coke_small,0.8504867553710938,405,152,427,220,416,186
frame_95,Rack_1,12,4,coke_small,0.7835888266563416,385,153,405,220,395,186
frame_95,Rack_1,40,4,coke_small,0.8203556537628174,364,153,385,222,374,187
frame_95,Rack_1,38,4,coke_small,0.8226441740989685,343,153,364,223,353,188
frame_95,Rack_1,5,4,coke_small,0.8927620053291321,322,154,343,223,332,188
frame_95,Rack_1,21,17,sprite_small,0.8908098936080933,300,153,322,224,311,188
frame_95,Rack_1,14,17,sprite_small,0.8358057737350464,280,152,300,224,290,188
frame_95,Rack_1,25,17,sprite_small,0.8528438806533813,261,152,281,225,271,188
frame_95,Rack_1,15,17,sprite_small,0.8714669942855835,240,153,261,224,250,188
frame_95,Rack_1,28,9,empty,0.880366861820221,109,156,237,222,173,189
frame_95,Rack_1,57,0,7up_med,0.653764009475708,53,155,80,236,66,195
frame_95,Rack_1,58,0,7up_med,0.5080103874206543,30,154,53,235,41,194
frame_95,Rack_2,45,3,coke_med,0.9115478992462158,581,247,612,331,596,289
frame_95,Rack_2,20,3,coke_med,0.9103889465332031,548,247,580,332,564,289
frame_95,Rack_2,22,3,coke_med,0.8865254521369934,524,247,546,332,535,289
frame_95,Rack_2,24,3,coke_med,0.8904179334640503,497,247,523,332,510,289
frame_95,Rack_2,3,3,coke_med,0.9349101185798645,470,247,496,332,483,289
frame_95,Rack_2,61,6,coke_v_med,0.8315470814704895,443,245,470,332,456,288
frame_95,Rack_2,41,6,coke_v_med,0.8259580135345459,416,247,442,332,429,289
frame_95,Rack_2,29,6,coke_v_med,0.7910842299461365,389,247,415,332,402,289
frame_95,Rack_2,26,2,anw_med,0.8168769478797913,363,246,388,332,375,289
frame_95,Rack_2,17,2,anw_med,0.8333370089530945,338,246,363,332,350,289
frame_95,Rack_2,43,2,anw_med,0.8354329466819763,314,246,338,332,326,289
frame_95,Rack_2,42,2,anw_med,0.8429667353630066,289,247,313,332,301,289
frame_95,Rack_2,46,2,anw_med,0.8432332873344421,265,247,289,331,277,289
frame_95,Rack_2,7,2,anw_med,0.8894120454788208,238,248,264,331,251,289
frame_95,Rack_2,30,15,pepsi_med,0.8193159103393555,218,252,238,330,228,291
frame_95,Rack_2,8,15,pepsi_med,0.8864851593971252,195,248,218,330,206,289
frame_95,Rack_2,2,15,pepsi_med,0.8866950869560242,170,248,194,330,182,289
frame_95,Rack_2,16,15,pepsi_med,0.9289534687995911,150,250,170,330,160,290
frame_95,Rack_2,31,15,pepsi_med,0.9208470582962036,123,250,149,330,136,290
frame_95,Rack_2,44,15,pepsi_med,0.9214438199996948,102,251,123,329,112,290
frame_95,Rack_2,55,13,kick_med,0.8638456463813782,78,251,101,329,89,290
frame_95,Rack_2,53,13,kick_med,0.8773118257522583,57,252,78,329,67,290
frame_95,Rack_2,52,13,kick_med,0.8818742036819458,32,251,57,329,44,290
frame_95,Rack_2,56,13,kick_med,0.8011927008628845,6,251,32,331,19,291
frame_95,Rack_3,6,9,empty,0.9242885112762451,491,352,614,484,552,418
frame_95,Rack_3,13,7,coke_z_big,0.9417113065719604,454,354,489,467,471,410
frame_95,Rack_3,1,7,coke_z_big,0.9263597130775452,415,354,452,468,433,411
frame_95,Rack_3,39,5,coke_v_big,0.8735601902008057,380,352,414,477,397,414
frame_95,Rack_3,4,5,coke_v_big,0.8921326994895935,343,352,379,477,361,414
frame_95,Rack_3,33,5,coke_v_big,0.9074610471725464,309,352,343,460,326,406
frame_95,Rack_3,18,5,coke_v_big,0.9026052951812744,275,353,310,459,292,406
frame_95,Rack_3,10,5,coke_v_big,0.8886272311210632,240,353,275,475,257,414
frame_95,Rack_3,9,14,pepsi_big,0.9190817475318909,206,348,238,474,222,411
frame_95,Rack_3,11,14,pepsi_big,0.9250379800796509,175,347,206,472,190,409
frame_95,Rack_3,54,14,pepsi_big,0.9083124399185181,142,346,174,471,158,408
frame_95,Rack_3,19,10,fanta_grape_big,0.8998731970787048,104,346,141,470,122,408
frame_95,Rack_3,51,10,fanta_grape_big,0.6636092066764832,80,346,104,467,92,406
frame_95,Rack_3,59,10,fanta_grape_big,0.5163689851760864,52,345,79,459,65,402
frame_95,Rack_3,23,12,fanta_straw_big,0.7325839400291443,14,345,52,454,33,399
frame_96,Rack_1,50,1,a&w_small,0.8599490523338318,589,152,618,217,603,184
frame_96,Rack_1,35,1,a&w_small,0.8315973877906799,568,151,589,217,578,184
frame_96,Rack_1,32,1,a&w_small,0.8035200834274292,545,150,567,217,556,183
frame_96,Rack_1,48,1,a&w_small,0.8235353231430054,520,151,544,219,532,185
frame_96,Rack_1,37,1,a&w_small,0.8171157240867615,496,150,519,219,507,184
frame_96,Rack_1,27,1,a&w_small,0.8141777515411377,473,151,496,219,484,185
frame_96,Rack_1,36,1,a&w_small,0.8785642385482788,450,152,472,220,461,186
frame_96,Rack_1,49,4,coke_small,0.8294663429260254,428,152,449,220,438,186
frame_96,Rack_1,34,4,coke_small,0.8607166409492493,405,152,427,220,416,186
frame_96,Rack_1,12,4,coke_small,0.7783851027488708,385,154,405,220,395,187
frame_96,Rack_1,40,4,coke_small,0.8350133299827576,364,153,385,222,374,187
frame_96,Rack_1,38,4,coke_small,0.8226596117019653,343,153,364,223,353,188
frame_96,Rack_1,5,4,coke_small,0.8952007293701172,322,153,343,223,332,188
frame_96,Rack_1,21,17,sprite_small,0.8877377510070801,300,152,322,224,311,188
frame_96,Rack_1,14,17,sprite_small,0.8285911679267883,280,152,300,224,290,188
frame_96,Rack_1,25,17,sprite_small,0.8442029356956482,262,152,281,225,271,188
frame_96,Rack_1,15,17,sprite_small,0.8867341876029968,240,153,261,225,250,189
frame_96,Rack_1,28,9,empty,0.8779560327529907,109,156,237,222,173,189
frame_96,Rack_1,57,0,7up_med,0.6845436096191406,53,155,81,235,67,195
frame_96,Rack_1,58,0,7up_med,0.5602514743804932,31,154,53,234,42,194
frame_96,Rack_2,45,3,coke_med,0.9137457609176636,581,247,612,330,596,288
frame_96,Rack_2,20,3,coke_med,0.8905346989631653,548,247,580,332,564,289
frame_96,Rack_2,22,3,coke_med,0.8675107955932617,524,247,546,331,535,289
frame_96,Rack_2,24,3,coke_med,0.8944670557975769,497,247,523,331,510,289
frame_96,Rack_2,3,3,coke_med,0.9379193186759949,470,247,496,332,483,289
frame_96,Rack_2,61,6,coke_v_med,0.8282003998756409,444,245,470,332,457,288
frame_96,Rack_2,41,6,coke_v_med,0.7950042486190796,416,246,442,332,429,289
frame_96,Rack_2,29,6,coke_v_med,0.7682409286499023,389,247,415,331,402,289
frame_96,Rack_2,26,2,anw_med,0.8288289904594421,364,246,388,331,376,288
frame_96,Rack_2,17,2,anw_med,0.835690438747406,339,246,363,332,351,289
frame_96,Rack_2,43,2,anw_med,0.8483331203460693,314,246,338,331,326,288
frame_96,Rack_2,42,2,anw_med,0.849955677986145,289,247,313,331,301,289
frame_96,Rack_2,46,2,anw_med,0.8414755463600159,265,247,289,331,277,289
frame_96,Rack_2,7,2,anw_med,0.8921767473220825,239,248,264,331,251,289
frame_96,Rack_2,30,15,pepsi_med,0.8378569483757019,218,252,238,330,228,291
frame_96,Rack_2,8,15,pepsi_med,0.8887678980827332,195,248,218,330,206,289
frame_96,Rack_2,2,15,pepsi_med,0.8854806423187256,170,248,194,330,182,289
frame_96,Rack_2,16,15,pepsi_med,0.9268520474433899,150,249,170,330,160,289
frame_96,Rack_2,31,15,pepsi_med,0.923957347869873,123,250,149,330,136,290
frame_96,Rack_2,44,15,pepsi_med,0.9203057289123535,102,251,123,329,112,290
frame_96,Rack_2,55,13,kick_med,0.8700823783874512,78,251,101,329,89,290
frame_96,Rack_2,53,13,kick_med,0.8780466318130493,57,252,78,329,67,290
frame_96,Rack_2,52,13,kick_med,0.8797631859779358,32,251,57,330,44,290
frame_96,Rack_2,56,13,kick_med,0.8062175512313843,6,251,32,332,19,291
frame_96,Rack_3,6,9,empty,0.9214453101158142,491,352,615,484,553,418
frame_96,Rack_3,13,7,coke_z_big,0.940076470375061,454,354,489,466,471,410
frame_96,Rack_3,1,7,coke_z_big,0.9257691502571106,415,354,453,467,434,410
frame_96,Rack_3,39,5,coke_v_big,0.8796463012695312,380,352,414,477,397,414
frame_96,Rack_3,4,5,coke_v_big,0.8946443796157837,343,351,379,478,361,414
frame_96,Rack_3,33,5,coke_v_big,0.9075226783752441,310,351,343,460,326,405
frame_96,Rack_3,18,5,coke_v_big,0.9078577160835266,276,352,310,458,293,405
frame_96,Rack_3,10,5,coke_v_big,0.888731062412262,240,353,275,474,257,413
frame_96,Rack_3,9,14,pepsi_big,0.9182392954826355,207,348,238,474,222,411
frame_96,Rack_3,11,14,pepsi_big,0.9286882877349854,175,347,206,472,190,409
frame_96,Rack_3,54,14,pepsi_big,0.8962708115577698,142,346,174,471,158,408
frame_96,Rack_3,19,10,fanta_grape_big,0.8962684273719788,104,346,141,470,122,408
frame_96,Rack_3,51,10,fanta_grape_big,0.6677907109260559,80,346,104,467,92,406
frame_96,Rack_3,59,10,fanta_grape_big,0.5020201206207275,52,345,79,459,65,402
frame_96,Rack_3,23,12,fanta_straw_big,0.6814478039741516,15,345,52,454,33,399
frame_97,Rack_1,50,1,a&w_small,0.8627964854240417,590,152,619,217,604,184
frame_97,Rack_1,35,1,a&w_small,0.8338922262191772,568,151,589,217,578,184
frame_97,Rack_1,32,1,a&w_small,0.8077084422111511,545,151,568,217,556,184
frame_97,Rack_1,48,1,a&w_small,0.8126418590545654,520,151,545,219,532,185
frame_97,Rack_1,37,1,a&w_small,0.8196772336959839,497,150,520,219,508,184
frame_97,Rack_1,27,1,a&w_small,0.8158819079399109,473,151,496,219,484,185
frame_97,Rack_1,36,1,a&w_small,0.8711020946502686,450,152,472,219,461,185
frame_97,Rack_1,49,4,coke_small,0.8364365696907043,428,153,450,220,439,186
frame_97,Rack_1,34,4,coke_small,0.8734074831008911,405,152,428,220,416,186
frame_97,Rack_1,12,4,coke_small,0.7796357870101929,385,153,405,221,395,187
frame_97,Rack_1,40,4,coke_small,0.8415163159370422,365,153,386,222,375,187
frame_97,Rack_1,38,4,coke_small,0.8372048139572144,343,153,364,223,353,188
frame_97,Rack_1,5,4,coke_small,0.9030278921127319,322,153,343,223,332,188
frame_97,Rack_1,21,17,sprite_small,0.8812786936759949,301,153,322,224,311,188
frame_97,Rack_1,14,17,sprite_small,0.846796989440918,280,152,301,224,290,188
frame_97,Rack_1,25,17,sprite_small,0.8474119305610657,262,153,281,224,271,188
frame_97,Rack_1,15,17,sprite_small,0.8996173739433289,240,153,261,224,250,188
frame_97,Rack_1,28,9,empty,0.8795326948165894,109,156,237,222,173,189
frame_97,Rack_2,45,3,coke_med,0.9033765196800232,581,245,613,330,597,287
frame_97,Rack_2,20,3,coke_med,0.9048945903778076,548,245,581,331,564,288
frame_97,Rack_2,22,3,coke_med,0.873935341835022,524,245,547,331,535,288
frame_97,Rack_2,24,3,coke_med,0.8912914395332336,497,246,523,331,510,288
frame_97,Rack_2,3,3,coke_med,0.9418401122093201,470,245,496,331,483,288
frame_97,Rack_2,61,6,coke_v_med,0.8765560388565063,444,244,470,331,457,287
frame_97,Rack_2,41,6,coke_v_med,0.8431894183158875,416,245,443,332,429,288
frame_97,Rack_2,29,6,coke_v_med,0.8516570925712585,389,246,416,332,402,289
frame_97,Rack_2,26,2,anw_med,0.8481137156486511,364,245,389,331,376,288
frame_97,Rack_2,17,2,anw_med,0.8581439852714539,339,245,363,332,351,288
frame_97,Rack_2,43,2,anw_med,0.8607113361358643,314,245,338,331,326,288
frame_97,Rack_2,42,2,anw_med,0.8483121991157532,289,245,313,331,301,288
frame_97,Rack_2,46,2,anw_med,0.8339446783065796,265,246,289,331,277,288
frame_97,Rack_2,7,2,anw_med,0.897026002407074,239,247,265,331,252,289
frame_97,Rack_2,30,15,pepsi_med,0.8376338481903076,218,251,238,330,228,290
frame_97,Rack_2,8,15,pepsi_med,0.8927451968193054,195,248,218,330,206,289
frame_97,Rack_2,2,15,pepsi_med,0.8834176659584045,170,248,194,330,182,289
frame_97,Rack_2,16,15,pepsi_med,0.9288275241851807,150,249,170,330,160,289
frame_97,Rack_2,31,15,pepsi_med,0.9138184189796448,123,250,149,330,136,290
frame_97,Rack_2,44,15,pepsi_med,0.923034131526947,102,251,123,329,112,290
frame_97,Rack_2,55,13,kick_med,0.7996652722358704,78,251,101,328,89,289
frame_97,Rack_2,53,13,kick_med,0.8612231612205505,57,251,78,329,67,290
frame_97,Rack_2,52,13,kick_med,0.8115872740745544,32,251,57,329,44,290
frame_97,Rack_2,56,13,kick_med,0.6861287951469421,6,251,32,331,19,291
frame_97,Rack_3,6,9,empty,0.9092739820480347,491,351,614,484,552,417
frame_97,Rack_3,13,7,coke_z_big,0.9400701522827148,454,354,489,466,471,410
frame_97,Rack_3,1,7,coke_z_big,0.9232575297355652,415,354,453,467,434,410
frame_97,Rack_3,39,5,coke_v_big,0.8868318200111389,380,351,414,477,397,414
frame_97,Rack_3,4,5,coke_v_big,0.8993951082229614,343,352,379,478,361,415
frame_97,Rack_3,33,5,coke_v_big,0.9051134586334229,310,351,343,460,326,405
frame_97,Rack_3,18,5,coke_v_big,0.8944710493087769,276,353,310,458,293,405
frame_97,Rack_3,10,5,coke_v_big,0.888373851776123,241,353,275,474,258,413
frame_97,Rack_3,9,14,pepsi_big,0.916163444519043,207,347,239,474,223,410
frame_97,Rack_3,11,14,pepsi_big,0.9316304326057434,175,346,206,471,190,408
frame_97,Rack_3,54,14,pepsi_big,0.9059300422668457,143,346,174,470,158,408
frame_97,Rack_3,19,10,fanta_grape_big,0.9039354920387268,105,346,142,470,123,408
frame_97,Rack_3,51,10,fanta_grape_big,0.809809684753418,80,346,104,466,92,406
frame_97,Rack_3,59,10,fanta_grape_big,0.7442903518676758,52,345,80,459,66,402
frame_97,Rack_3,23,12,fanta_straw_big,0.7878274917602539,15,345,52,454,33,399
frame_98,Rack_1,50,1,a&w_small,0.8544617295265198,590,152,619,216,604,184
frame_98,Rack_1,35,1,a&w_small,0.8437550663948059,568,151,589,217,578,184
frame_98,Rack_1,32,1,a&w_small,0.8178828954696655,545,150,568,217,556,183
frame_98,Rack_1,48,1,a&w_small,0.8084590435028076,521,151,545,218,533,184
frame_98,Rack_1,37,1,a&w_small,0.8497276306152344,497,150,520,219,508,184
frame_98,Rack_1,27,1,a&w_small,0.8250548839569092,473,151,496,219,484,185
frame_98,Rack_1,36,1,a&w_small,0.8690518140792847,451,152,473,219,462,185
frame_98,Rack_1,49,4,coke_small,0.8429557085037231,428,152,450,219,439,185
frame_98,Rack_1,34,4,coke_small,0.8734331130981445,405,152,428,220,416,186
frame_98,Rack_1,12,4,coke_small,0.7982518672943115,385,153,405,221,395,187
frame_98,Rack_1,40,4,coke_small,0.842637836933136,365,153,386,221,375,187
frame_98,Rack_1,38,4,coke_small,0.841350257396698,344,153,365,222,354,187
frame_98,Rack_1,5,4,coke_small,0.9103503227233887,322,152,343,223,332,187
frame_98,Rack_1,21,17,sprite_small,0.8814594149589539,301,153,322,223,311,188
frame_98,Rack_1,14,17,sprite_small,0.8037887811660767,281,152,301,224,291,188
frame_98,Rack_1,25,17,sprite_small,0.8526928424835205,262,153,281,224,271,188
frame_98,Rack_1,15,17,sprite_small,0.8979513645172119,240,153,261,223,250,188
frame_98,Rack_1,28,9,empty,0.8734258413314819,110,156,237,221,173,188
frame_98,Rack_1,57,0,7up_med,0.668918251991272,54,156,79,228,66,192
frame_98,Rack_1,58,0,7up_med,0.6535882949829102,32,154,52,227,42,190
frame_98,Rack_2,45,3,coke_med,0.9101506471633911,581,244,613,330,597,287
frame_98,Rack_2,20,3,coke_med,0.9101288914680481,548,244,581,331,564,287
frame_98,Rack_2,22,3,coke_med,0.8708357214927673,524,245,547,331,535,288
frame_98,Rack_2,24,3,coke_med,0.902904748916626,497,245,524,331,510,288
frame_98,Rack_2,3,3,coke_med,0.9441107511520386,470,244,497,331,483,287
frame_98,Rack_2,61,6,coke_v_med,0.8913536667823792,444,244,470,331,457,287
frame_98,Rack_2,41,6,coke_v_med,0.8337091207504272,416,245,443,332,429,288
frame_98,Rack_2,29,6,coke_v_med,0.8197088241577148,389,245,416,332,402,288
frame_98,Rack_2,26,2,anw_med,0.8533627390861511,364,245,389,331,376,288
frame_98,Rack_2,17,2,anw_med,0.8691676259040833,339,245,364,332,351,288
frame_98,Rack_2,43,2,anw_med,0.8598588705062866,314,245,339,331,326,288
frame_98,Rack_2,42,2,anw_med,0.8499382138252258,290,245,314,331,302,288
frame_98,Rack_2,46,2,anw_med,0.8245353102684021,265,245,289,331,277,288
frame_98,Rack_2,7,2,anw_med,0.891701340675354,239,246,265,331,252,288
frame_98,Rack_2,30,15,pepsi_med,0.8374776244163513,219,251,238,330,228,290
frame_98,Rack_2,8,15,pepsi_med,0.8921672701835632,195,248,218,330,206,289
frame_98,Rack_2,2,15,pepsi_med,0.8747183084487915,170,248,194,330,182,289
frame_98,Rack_2,16,15,pepsi_med,0.9266164898872375,150,249,170,330,160,289
frame_98,Rack_2,31,15,pepsi_med,0.9107868075370789,124,250,149,329,136,289
frame_98,Rack_2,44,15,pepsi_med,0.9247724413871765,102,251,123,329,112,290
frame_98,Rack_2,55,13,kick_med,0.8078519105911255,78,251,101,329,89,290
frame_98,Rack_2,53,13,kick_med,0.8815900683403015,58,251,78,329,68,290
frame_98,Rack_2,52,13,kick_med,0.8449086546897888,32,251,57,329,44,290
frame_98,Rack_2,56,13,kick_med,0.7455814480781555,7,251,32,330,19,290
frame_98,Rack_3,6,9,empty,0.9206840395927429,491,351,614,484,552,417
frame_98,Rack_3,13,7,coke_z_big,0.9367234110832214,454,354,490,466,472,410
frame_98,Rack_3,1,7,coke_z_big,0.921625018119812,416,353,453,468,434,410
frame_98,Rack_3,39,5,coke_v_big,0.8845939636230469,381,351,415,477,398,414
frame_98,Rack_3,4,5,coke_v_big,0.8939785361289978,344,351,379,477,361,414
frame_98,Rack_3,33,5,coke_v_big,0.9065818190574646,310,351,344,460,327,405
frame_98,Rack_3,18,5,coke_v_big,0.8908389210700989,276,353,310,458,293,405
frame_98,Rack_3,10,5,coke_v_big,0.8854409456253052,241,353,275,474,258,413
frame_98,Rack_3,9,14,pepsi_big,0.9136795401573181,207,347,239,474,223,410
frame_98,Rack_3,11,14,pepsi_big,0.9283431172370911,175,346,206,471,190,408
frame_98,Rack_3,54,14,pepsi_big,0.9142931699752808,143,346,175,470,159,408
frame_98,Rack_3,19,10,fanta_grape_big,0.9004735350608826,105,346,142,470,123,408
frame_98,Rack_3,51,10,fanta_grape_big,0.8009092211723328,80,345,104,466,92,405
frame_98,Rack_3,59,10,fanta_grape_big,0.7051178216934204,52,345,80,459,66,402
frame_98,Rack_3,23,12,fanta_straw_big,0.7920500040054321,15,345,52,454,33,399
frame_99,Rack_1,50,1,a&w_small,0.8528684973716736,591,152,619,215,605,183
frame_99,Rack_1,35,1,a&w_small,0.8416308760643005,569,151,589,216,579,183
frame_99,Rack_1,32,1,a&w_small,0.8132196068763733,545,150,568,217,556,183
frame_99,Rack_1,48,1,a&w_small,0.8122921586036682,521,151,545,218,533,184
frame_99,Rack_1,37,1,a&w_small,0.8583963513374329,497,150,520,218,508,184
frame_99,Rack_1,27,1,a&w_small,0.8290712833404541,474,151,496,219,485,185
frame_99,Rack_1,36,1,a&w_small,0.870520293712616,451,152,473,219,462,185
frame_99,Rack_1,49,4,coke_small,0.8403581380844116,428,152,450,219,439,185
frame_99,Rack_1,34,4,coke_small,0.8672332167625427,406,152,428,220,417,186
frame_99,Rack_1,12,4,coke_small,0.7977010011672974,386,153,405,220,395,186
frame_99,Rack_1,40,4,coke_small,0.8363980054855347,365,153,386,221,375,187
frame_99,Rack_1,38,4,coke_small,0.8372460603713989,344,153,365,222,354,187
frame_99,Rack_1,5,4,coke_small,0.9146010875701904,322,152,343,222,332,187
frame_99,Rack_1,21,17,sprite_small,0.8675575256347656,301,153,322,223,311,188
frame_99,Rack_1,14,17,sprite_small,0.8045797348022461,281,152,301,223,291,187
frame_99,Rack_1,25,17,sprite_small,0.8467365503311157,262,153,281,223,271,188
frame_99,Rack_1,15,17,sprite_small,0.9077759981155396,240,153,261,222,250,187
frame_99,Rack_1,28,9,empty,0.8709695339202881,111,156,236,220,173,188
frame_99,Rack_1,57,0,7up_med,0.6038608551025391,54,156,79,227,66,191
frame_99,Rack_1,58,0,7up_med,0.6231077313423157,32,154,52,225,42,189
frame_99,Rack_2,45,3,coke_med,0.8945178985595703,581,244,613,329,597,286
frame_99,Rack_2,20,3,coke_med,0.9072456359863281,548,244,581,330,564,287
frame_99,Rack_2,22,3,coke_med,0.8842291831970215,524,244,547,331,535,287
frame_99,Rack_2,24,3,coke_med,0.9099182486534119,497,245,524,331,510,288
frame_99,Rack_2,3,3,coke_med,0.9511513710021973,470,244,497,331,483,287
frame_99,Rack_2,61,6,coke_v_med,0.888228714466095,444,244,470,331,457,287
frame_99,Rack_2,41,6,coke_v_med,0.8369646668434143,416,244,443,332,429,288
frame_99,Rack_2,29,6,coke_v_med,0.834827721118927,390,245,416,332,403,288
frame_99,Rack_2,26,2,anw_med,0.8527312278747559,364,245,389,331,376,288
frame_99,Rack_2,17,2,anw_med,0.8816861510276794,339,245,364,332,351,288
frame_99,Rack_2,43,2,anw_med,0.8596256375312805,314,245,339,331,326,288
frame_99,Rack_2,42,2,anw_med,0.85812908411026,290,245,314,331,302,288
frame_99,Rack_2,46,2,anw_med,0.8102124333381653,265,245,289,331,277,288
frame_99,Rack_2,7,2,anw_med,0.8925569653511047,239,246,265,330,252,288
frame_99,Rack_2,30,15,pepsi_med,0.8337370753288269,219,251,238,330,228,290
frame_99,Rack_2,8,15,pepsi_med,0.8922019600868225,195,248,218,330,206,289
frame_99,Rack_2,2,15,pepsi_med,0.8681917786598206,170,248,194,330,182,289
frame_99,Rack_2,16,15,pepsi_med,0.9258260726928711,150,249,170,329,160,289
frame_99,Rack_2,31,15,pepsi_med,0.9103592038154602,124,250,149,329,136,289
frame_99,Rack_2,44,15,pepsi_med,0.9277573227882385,102,251,123,328,112,289
frame_99,Rack_2,55,13,kick_med,0.8027875423431396,79,251,101,328,90,289
frame_99,Rack_2,53,13,kick_med,0.874721884727478,58,251,78,329,68,290
frame_99,Rack_2,52,13,kick_med,0.8066811561584473,33,251,57,328,45,289
frame_99,Rack_2,56,13,kick_med,0.7250625491142273,7,251,32,329,19,290
frame_99,Rack_3,6,9,empty,0.9077934622764587,492,351,614,483,553,417
frame_99,Rack_3,13,7,coke_z_big,0.9330866932868958,455,354,490,466,472,410
frame_99,Rack_3,1,7,coke_z_big,0.9203188419342041,416,354,453,467,434,410
frame_99,Rack_3,39,5,coke_v_big,0.8938004970550537,381,351,415,477,398,414
frame_99,Rack_3,4,5,coke_v_big,0.8954033851623535,344,351,380,477,362,414
frame_99,Rack_3,33,5,coke_v_big,0.9123260378837585,310,351,344,460,327,405
frame_99,Rack_3,18,5,coke_v_big,0.892140805721283,276,353,310,458,293,405
frame_99,Rack_3,10,5,coke_v_big,0.8838287591934204,241,352,275,474,258,413
frame_99,Rack_3,9,14,pepsi_big,0.9178658127784729,207,347,239,474,223,410
frame_99,Rack_3,11,14,pepsi_big,0.9290940165519714,176,346,206,471,191,408
frame_99,Rack_3,54,14,pepsi_big,0.9194287061691284,143,346,175,470,159,408
frame_99,Rack_3,19,10,fanta_grape_big,0.9006037712097168,105,346,142,470,123,408
frame_99,Rack_3,51,10,fanta_grape_big,0.7608742117881775,80,345,104,466,92,405
frame_99,Rack_3,59,10,fanta_grape_big,0.6716357469558716,52,345,80,460,66,402
frame_99,Rack_3,23,12,fanta_straw_big,0.7974560856819153,15,345,52,454,33,399
frame_100,Rack_1,50,1,a&w_small,0.8575452566146851,591,152,619,215,605,183
frame_100,Rack_1,35,1,a&w_small,0.8333909511566162,569,151,589,216,579,183
frame_100,Rack_1,32,1,a&w_small,0.8072099089622498,546,150,568,217,557,183
frame_100,Rack_1,48,1,a&w_small,0.8104425668716431,521,151,545,218,533,184
frame_100,Rack_1,37,1,a&w_small,0.8598514795303345,498,150,520,218,509,184
frame_100,Rack_1,27,1,a&w_small,0.8316540718078613,474,151,496,218,485,184
frame_100,Rack_1,36,1,a&w_small,0.8634733557701111,451,152,473,219,462,185
frame_100,Rack_1,49,4,coke_small,0.8290091156959534,429,152,450,219,439,185
frame_100,Rack_1,34,4,coke_small,0.8733261823654175,406,152,428,220,417,186
frame_100,Rack_1,12,4,coke_small,0.8088389039039612,386,153,406,220,396,186
frame_100,Rack_1,40,4,coke_small,0.8280850052833557,365,153,386,221,375,187
frame_100,Rack_1,38,4,coke_small,0.8062626123428345,344,153,365,221,354,187
frame_100,Rack_1,5,4,coke_small,0.9049581289291382,323,153,343,222,333,187
frame_100,Rack_1,21,17,sprite_small,0.8661906719207764,301,153,322,223,311,188
frame_100,Rack_1,14,17,sprite_small,0.7589620351791382,281,152,301,223,291,187
frame_100,Rack_1,25,17,sprite_small,0.8347776532173157,262,153,281,223,271,188
frame_100,Rack_1,15,17,sprite_small,0.8943237066268921,240,153,261,222,250,187
frame_100,Rack_1,28,9,empty,0.8710709810256958,112,156,236,220,174,188
frame_100,Rack_1,60,0,7up_med,0.5751877427101135,81,158,107,224,94,191
frame_100,Rack_1,57,0,7up_med,0.760371744632721,54,156,79,227,66,191
frame_100,Rack_1,58,0,7up_med,0.7356199026107788,32,155,53,226,42,190
frame_100,Rack_2,45,3,coke_med,0.8999646306037903,582,245,613,329,597,287
frame_100,Rack_2,20,3,coke_med,0.9142962694168091,549,245,581,330,565,287
frame_100,Rack_2,22,3,coke_med,0.8796287775039673,525,246,548,331,536,288
frame_100,Rack_2,24,3,coke_med,0.9148592352867126,498,246,524,332,511,289
frame_100,Rack_2,3,3,coke_med,0.9473214149475098,471,245,497,331,484,288
frame_100,Rack_2,61,6,coke_v_med,0.8175410628318787,444,245,470,331,457,288
frame_100,Rack_2,41,6,coke_v_med,0.7744151949882507,417,245,443,331,430,288
frame_100,Rack_2,29,6,coke_v_med,0.7632150650024414,390,246,416,332,403,289
frame_100,Rack_2,26,2,anw_med,0.8466189503669739,364,245,389,331,376,288
frame_100,Rack_2,17,2,anw_med,0.8698617815971375,339,246,364,332,351,289
frame_100,Rack_2,43,2,anw_med,0.8445049524307251,315,246,339,331,327,288
frame_100,Rack_2,42,2,anw_med,0.8599947690963745,290,246,314,331,302,288
frame_100,Rack_2,46,2,anw_med,0.8255534768104553,265,247,290,331,277,289
frame_100,Rack_2,7,2,anw_med,0.8926125168800354,239,247,265,331,252,289
frame_100,Rack_2,30,15,pepsi_med,0.8416544795036316,219,252,239,330,229,291
frame_100,Rack_2,8,15,pepsi_med,0.8925107717514038,195,248,218,330,206,289
frame_100,Rack_2,2,15,pepsi_med,0.8767583966255188,170,248,194,330,182,289
frame_100,Rack_2,16,15,pepsi_med,0.9105179309844971,151,249,170,329,160,289
frame_100,Rack_2,31,15,pepsi_med,0.916733980178833,124,250,150,329,137,289
frame_100,Rack_2,44,15,pepsi_med,0.9141784906387329,103,251,123,328,113,289
frame_100,Rack_2,55,13,kick_med,0.8688158988952637,79,251,101,328,90,289
frame_100,Rack_2,53,13,kick_med,0.9024636149406433,58,252,78,329,68,290
frame_100,Rack_2,52,13,kick_med,0.8661729693412781,33,251,57,328,45,289
frame_100,Rack_2,56,13,kick_med,0.7929075956344604,7,251,32,329,19,290
frame_100,Rack_3,6,9,empty,0.9062047004699707,493,351,615,482,554,416
frame_100,Rack_3,13,7,coke_z_big,0.9338101744651794,455,354,490,466,472,410
frame_100,Rack_3,1,7,coke_z_big,0.9210759401321411,416,354,454,467,435,410
frame_100,Rack_3,39,5,coke_v_big,0.9062507152557373,381,351,415,477,398,414
frame_100,Rack_3,4,5,coke_v_big,0.9005399346351624,344,351,380,477,362,414
frame_100,Rack_3,33,5,coke_v_big,0.9152668118476868,310,351,344,460,327,405
frame_100,Rack_3,18,5,coke_v_big,0.8957995176315308,276,352,310,458,293,405
frame_100,Rack_3,10,5,coke_v_big,0.885955274105072,241,352,275,474,258,413
frame_100,Rack_3,9,14,pepsi_big,0.9198282361030579,207,347,239,474,223,410
frame_100,Rack_3,11,14,pepsi_big,0.9252824783325195,176,346,207,471,191,408
frame_100,Rack_3,54,14,pepsi_big,0.9216707944869995,143,345,175,470,159,407
frame_100,Rack_3,19,10,fanta_grape_big,0.9040167331695557,105,346,142,470,123,408
frame_100,Rack_3,51,10,fanta_grape_big,0.7721916437149048,80,345,105,466,92,405
frame_100,Rack_3,59,10,fanta_grape_big,0.7098695635795593,52,345,80,461,66,403
frame_100,Rack_3,23,12,fanta_straw_big,0.7461269497871399,15,345,52,454,33,399
frame_101,Rack_1,50,1,a&w_small,0.8566770553588867,591,151,620,215,605,183
frame_101,Rack_1,35,1,a&w_small,0.809182345867157,569,150,590,216,579,183
frame_101,Rack_1,32,1,a&w_small,0.8026755452156067,546,150,569,217,557,183
frame_101,Rack_1,48,1,a&w_small,0.8157597184181213,521,151,545,218,533,184
frame_101,Rack_1,37,1,a&w_small,0.8468289375305176,498,150,520,218,509,184
frame_101,Rack_1,27,1,a&w_small,0.8257420063018799,474,151,497,218,485,184
frame_101,Rack_1,36,1,a&w_small,0.8666474223136902,451,152,473,219,462,185
frame_101,Rack_1,49,4,coke_small,0.7729153633117676,429,151,451,219,440,185
frame_101,Rack_1,34,4,coke_small,0.8699197173118591,406,151,428,219,417,185
frame_101,Rack_1,12,4,coke_small,0.8537840843200684,386,152,406,220,396,186
frame_101,Rack_1,40,4,coke_small,0.8141135573387146,366,152,386,220,376,186
frame_101,Rack_1,38,4,coke_small,0.7893165349960327,344,151,365,221,354,186
frame_101,Rack_1,5,4,coke_small,0.908635675907135,323,152,344,221,333,186
frame_101,Rack_1,21,17,sprite_small,0.847723662853241,301,152,322,222,311,187
frame_101,Rack_1,14,17,sprite_small,0.7523453831672668,281,151,301,222,291,186
frame_101,Rack_1,25,17,sprite_small,0.8295659422874451,262,153,281,223,271,188
frame_101,Rack_1,15,17,sprite_small,0.8769931793212891,240,152,262,221,251,186
frame_101,Rack_1,28,9,empty,0.8759916424751282,110,154,238,220,174,187
frame_101,Rack_1,60,0,7up_med,0.7777987122535706,81,156,107,223,94,189
frame_101,Rack_1,57,0,7up_med,0.8902023434638977,54,153,80,224,67,188
frame_101,Rack_1,58,0,7up_med,0.8421107530593872,32,153,53,225,42,189
frame_101,Rack_1,62,0,7up_med,0.6095758676528931,8,153,30,223,19,188
frame_101,Rack_2,45,3,coke_med,0.8991508483886719,583,246,614,329,598,287
frame_101,Rack_2,20,3,coke_med,0.9206399321556091,549,245,581,330,565,287
frame_101,Rack_2,22,3,coke_med,0.8904950618743896,525,247,548,332,536,289
frame_101,Rack_2,24,3,coke_med,0.9284770488739014,498,247,525,332,511,289
frame_101,Rack_2,3,3,coke_med,0.9481843709945679,471,245,497,331,484,288
frame_101,Rack_2,61,6,coke_v_med,0.822084367275238,445,246,470,331,457,288
frame_101,Rack_2,41,6,coke_v_med,0.7526233196258545,417,245,443,331,430,288
frame_101,Rack_2,29,6,coke_v_med,0.7820121049880981,390,246,416,332,403,289
frame_101,Rack_2,26,2,anw_med,0.8565283417701721,364,245,389,331,376,288
frame_101,Rack_2,17,2,anw_med,0.8670045733451843,340,246,364,332,352,289
frame_101,Rack_2,43,2,anw_med,0.8449759483337402,315,246,339,331,327,288
frame_101,Rack_2,42,2,anw_med,0.8580355048179626,290,247,314,331,302,289
frame_101,Rack_2,46,2,anw_med,0.8247619271278381,266,247,290,331,278,289
frame_101,Rack_2,7,2,anw_med,0.8912960886955261,240,248,265,331,252,289
frame_101,Rack_2,30,15,pepsi_med,0.8357723951339722,219,252,239,330,229,291
frame_101,Rack_2,8,15,pepsi_med,0.895470380783081,196,248,218,329,207,288
frame_101,Rack_2,2,15,pepsi_med,0.8763335943222046,170,248,194,330,182,289
frame_101,Rack_2,16,15,pepsi_med,0.9003447890281677,151,249,170,330,160,289
frame_101,Rack_2,31,15,pepsi_med,0.9108104705810547,124,250,150,330,137,290
frame_101,Rack_2,44,15,pepsi_med,0.9111393094062805,103,250,124,329,113,289
frame_101,Rack_2,55,13,kick_med,0.8492668867111206,79,251,102,328,90,289
frame_101,Rack_2,53,13,kick_med,0.8958961367607117,58,252,79,328,68,290
frame_101,Rack_2,52,13,kick_med,0.8693744540214539,33,251,58,328,45,289
frame_101,Rack_2,56,13,kick_med,0.8379886150360107,7,251,33,330,20,290
frame_101,Rack_3,6,9,empty,0.9046919941902161,494,351,616,482,555,416
frame_101,Rack_3,13,7,coke_z_big,0.9361112713813782,455,353,490,466,472,409
frame_101,Rack_3,1,7,coke_z_big,0.9236311316490173,416,354,454,467,435,410
frame_101,Rack_3,39,5,coke_v_big,0.90944904088974,381,351,415,477,398,414
frame_101,Rack_3,4,5,coke_v_big,0.9010729193687439,344,351,380,477,362,414
frame_101,Rack_3,33,5,coke_v_big,0.916609525680542,310,351,344,460,327,405
frame_101,Rack_3,18,5,coke_v_big,0.8995236158370972,277,352,311,458,294,405
frame_101,Rack_3,10,5,coke_v_big,0.8837637901306152,241,352,276,473,258,412
frame_101,Rack_3,9,14,pepsi_big,0.9228176474571228,208,347,240,473,224,410
frame_101,Rack_3,11,14,pepsi_big,0.9265912175178528,176,346,207,471,191,408
frame_101,Rack_3,54,14,pepsi_big,0.9212764501571655,144,345,175,470,159,407
frame_101,Rack_3,19,10,fanta_grape_big,0.8866319060325623,105,346,142,470,123,408
frame_101,Rack_3,51,10,fanta_grape_big,0.7605088949203491,81,345,105,466,93,405
frame_101,Rack_3,59,10,fanta_grape_big,0.6909306645393372,52,345,80,461,66,403
frame_101,Rack_3,23,12,fanta_straw_big,0.7002678513526917,15,345,52,454,33,399
frame_102,Rack_1,50,1,a&w_small,0.8257697820663452,591,150,620,215,605,182
frame_102,Rack_1,35,1,a&w_small,0.7930189371109009,569,150,590,216,579,183
frame_102,Rack_1,32,1,a&w_small,0.7899103164672852,546,150,569,217,557,183
frame_102,Rack_1,48,1,a&w_small,0.8180099129676819,521,151,545,218,533,184
frame_102,Rack_1,37,1,a&w_small,0.8462718725204468,498,150,521,218,509,184
frame_102,Rack_1,27,1,a&w_small,0.819665789604187,474,150,497,218,485,184
frame_102,Rack_1,36,1,a&w_small,0.8812728524208069,451,151,473,219,462,185
frame_102,Rack_1,49,4,coke_small,0.762980580329895,429,150,451,219,440,184
frame_102,Rack_1,34,4,coke_small,0.8668633699417114,406,150,429,219,417,184
frame_102,Rack_1,12,4,coke_small,0.8728950023651123,386,151,406,219,396,185
frame_102,Rack_1,40,4,coke_small,0.8172983527183533,366,152,387,220,376,186
frame_102,Rack_1,38,4,coke_small,0.7883592247962952,344,151,366,221,355,186
frame_102,Rack_1,5,4,coke_small,0.9075825214385986,323,151,344,221,333,186
frame_102,Rack_1,21,17,sprite_small,0.8550691604614258,302,152,323,222,312,187
frame_102,Rack_1,14,17,sprite_small,0.7784410119056702,281,151,302,222,291,186
frame_102,Rack_1,25,17,sprite_small,0.8304311633110046,262,152,281,223,271,187
frame_102,Rack_1,15,17,sprite_small,0.8907159566879272,241,151,262,221,251,186
frame_102,Rack_1,28,9,empty,0.8695006966590881,110,153,239,219,174,186
frame_102,Rack_1,60,0,7up_med,0.746317446231842,81,155,108,223,94,189
frame_102,Rack_1,57,0,7up_med,0.8950669765472412,54,152,80,223,67,187
frame_102,Rack_1,58,0,7up_med,0.8518666625022888,32,152,53,224,42,188
frame_102,Rack_1,62,0,7up_med,0.6198632121086121,8,152,30,223,19,187
frame_102,Rack_2,45,3,coke_med,0.8994629383087158,583,246,614,329,598,287
frame_102,Rack_2,20,3,coke_med,0.9088114500045776,550,246,582,329,566,287
frame_102,Rack_2,22,3,coke_med,0.8882089853286743,526,247,548,331,537,289
frame_102,Rack_2,24,3,coke_med,0.9269890189170837,498,247,525,331,511,289
frame_102,Rack_2,3,3,coke_med,0.9478628635406494,471,245,497,330,484,287
frame_102,Rack_2,61,6,coke_v_med,0.8648690581321716,445,246,471,331,458,288
frame_102,Rack_2,41,6,coke_v_med,0.760574996471405,417,245,444,331,430,288
frame_102,Rack_2,29,6,coke_v_med,0.7575119137763977,390,246,416,331,403,288
frame_102,Rack_2,26,2,anw_med,0.8605532050132751,365,246,390,331,377,288
frame_102,Rack_2,17,2,anw_med,0.8540334701538086,340,246,364,331,352,288
frame_102,Rack_2,43,2,anw_med,0.8392051458358765,315,246,339,331,327,288
frame_102,Rack_2,42,2,anw_med,0.8648631572723389,291,246,315,331,303,288
frame_102,Rack_2,46,2,anw_med,0.8397341966629028,266,247,290,331,278,289
frame_102,Rack_2,7,2,anw_med,0.895394504070282,240,248,265,330,252,289
frame_102,Rack_2,30,15,pepsi_med,0.8566993474960327,219,251,239,329,229,290
frame_102,Rack_2,8,15,pepsi_med,0.9024541974067688,196,248,219,329,207,288
frame_102,Rack_2,2,15,pepsi_med,0.8845111131668091,171,248,194,330,182,289
frame_102,Rack_2,16,15,pepsi_med,0.9029089212417603,151,248,170,329,160,288
frame_102,Rack_2,31,15,pepsi_med,0.9139710068702698,124,250,150,330,137,290
frame_102,Rack_2,44,15,pepsi_med,0.9113254547119141,103,250,124,329,113,289
frame_102,Rack_2,55,13,kick_med,0.8151091933250427,79,251,102,328,90,289
frame_102,Rack_2,53,13,kick_med,0.8864174485206604,58,252,79,328,68,290
frame_102,Rack_2,52,13,kick_med,0.8647118210792542,33,251,58,328,45,289
frame_102,Rack_2,56,13,kick_med,0.8294682502746582,8,251,33,330,20,290
frame_102,Rack_2,63,13,kick_med,0.6192482709884644,0,249,6,331,3,290
frame_102,Rack_3,6,9,empty,0.9089006781578064,494,350,617,481,555,415
frame_102,Rack_3,13,7,coke_z_big,0.9349445700645447,455,353,491,466,473,409
frame_102,Rack_3,1,7,coke_z_big,0.9250168800354004,416,353,454,467,435,410
frame_102,Rack_3,39,5,coke_v_big,0.9170806407928467,381,351,415,477,398,414
frame_102,Rack_3,4,5,coke_v_big,0.9021535515785217,344,351,380,477,362,414
frame_102,Rack_3,33,5,coke_v_big,0.9197126626968384,311,351,344,460,327,405
frame_102,Rack_3,18,5,coke_v_big,0.9001695513725281,277,352,311,458,294,405
frame_102,Rack_3,10,5,coke_v_big,0.8825084567070007,241,352,276,473,258,412
frame_102,Rack_3,9,14,pepsi_big,0.9215529561042786,208,346,240,473,224,409
frame_102,Rack_3,11,14,pepsi_big,0.9248452186584473,177,346,207,471,192,408
frame_102,Rack_3,54,14,pepsi_big,0.9243226647377014,144,345,176,470,160,407
frame_102,Rack_3,19,10,fanta_grape_big,0.8996686935424805,105,346,142,470,123,408
frame_102,Rack_3,51,10,fanta_grape_big,0.7475171089172363,81,345,105,466,93,405
frame_102,Rack_3,59,10,fanta_grape_big,0.7044397592544556,53,345,81,461,67,403
frame_102,Rack_3,23,12,fanta_straw_big,0.6159899830818176,16,345,52,454,34,399
frame_103,Rack_1,50,1,a&w_small,0.7954522371292114,591,150,621,216,606,183
frame_103,Rack_1,35,1,a&w_small,0.7927973866462708,569,150,590,216,579,183
frame_103,Rack_1,32,1,a&w_small,0.8019384145736694,546,150,569,217,557,183
frame_103,Rack_1,48,1,a&w_small,0.8292462825775146,522,151,546,218,534,184
frame_103,Rack_1,37,1,a&w_small,0.8533564209938049,498,150,521,218,509,184
frame_103,Rack_1,27,1,a&w_small,0.820580244064331,475,150,497,218,486,184
frame_103,Rack_1,36,1,a&w_small,0.8924303650856018,452,151,474,218,463,184
frame_103,Rack_1,49,4,coke_small,0.7524996995925903,429,150,451,218,440,184
frame_103,Rack_1,34,4,coke_small,0.8724134564399719,406,150,429,219,417,184
frame_103,Rack_1,12,4,coke_small,0.8763285875320435,386,151,406,219,396,185
frame_103,Rack_1,40,4,coke_small,0.8168016672134399,366,152,387,220,376,186
frame_103,Rack_1,38,4,coke_small,0.7908880710601807,344,151,366,221,355,186
frame_103,Rack_1,5,4,coke_small,0.9159179925918579,323,151,344,221,333,186
frame_103,Rack_1,21,17,sprite_small,0.8580958843231201,302,151,323,222,312,186
frame_103,Rack_1,14,17,sprite_small,0.7717136740684509,281,150,302,222,291,186
frame_103,Rack_1,25,17,sprite_small,0.8330689072608948,262,152,281,223,271,187
frame_103,Rack_1,15,17,sprite_small,0.8934762477874756,241,151,262,221,251,186
frame_103,Rack_1,28,9,empty,0.8721495270729065,110,153,239,219,174,186
frame_103,Rack_1,60,0,7up_med,0.7832726240158081,81,154,108,223,94,188
frame_103,Rack_1,57,0,7up_med,0.9017221927642822,55,152,80,223,67,187
frame_103,Rack_1,58,0,7up_med,0.8583944439888,32,152,54,224,43,188
frame_103,Rack_1,62,0,7up_med,0.6701571345329285,9,152,30,223,19,187
frame_103,Rack_2,45,3,coke_med,0.9011882543563843,583,246,614,328,598,287
frame_103,Rack_2,20,3,coke_med,0.9096272587776184,550,246,582,329,566,287
frame_103,Rack_2,22,3,coke_med,0.8980589509010315,526,247,549,331,537,289
frame_103,Rack_2,24,3,coke_med,0.9294328093528748,499,247,525,331,512,289
frame_103,Rack_2,3,3,coke_med,0.9413504004478455,472,245,497,330,484,287
frame_103,Rack_2,61,6,coke_v_med,0.8192769885063171,445,245,471,331,458,288
frame_103,Rack_2,41,6,coke_v_med,0.7466599345207214,418,245,444,331,431,288
frame_103,Rack_2,29,6,coke_v_med,0.7739375233650208,391,246,417,331,404,288
frame_103,Rack_2,26,2,anw_med,0.8676038384437561,365,246,390,331,377,288
frame_103,Rack_2,17,2,anw_med,0.8583331108093262,340,246,365,331,352,288
frame_103,Rack_2,43,2,anw_med,0.8445788621902466,316,246,340,330,328,288
frame_103,Rack_2,42,2,anw_med,0.854065477848053,291,247,315,331,303,289
frame_103,Rack_2,46,2,anw_med,0.8284182548522949,266,247,290,330,278,288
frame_103,Rack_2,7,2,anw_med,0.8989523649215698,240,248,265,330,252,289
frame_103,Rack_2,30,15,pepsi_med,0.8668636083602905,219,252,239,329,229,290
frame_103,Rack_2,8,15,pepsi_med,0.9012267589569092,196,248,219,329,207,288
frame_103,Rack_2,2,15,pepsi_med,0.8859577178955078,171,248,195,330,183,289
frame_103,Rack_2,16,15,pepsi_med,0.9041272401809692,151,248,171,329,161,288
frame_103,Rack_2,31,15,pepsi_med,0.9145631194114685,125,250,150,330,137,290
frame_103,Rack_2,44,15,pepsi_med,0.9157036542892456,103,250,124,328,113,289
frame_103,Rack_2,55,13,kick_med,0.7939867973327637,79,251,102,328,90,289
frame_103,Rack_2,53,13,kick_med,0.8675786852836609,59,252,79,328,69,290
frame_103,Rack_2,52,13,kick_med,0.8624123334884644,34,251,58,328,46,289
frame_103,Rack_2,56,13,kick_med,0.8236079812049866,8,251,33,330,20,290
frame_103,Rack_2,63,13,kick_med,0.6100740432739258,0,249,6,331,3,290
frame_103,Rack_3,6,9,empty,0.9074081182479858,494,350,617,481,555,415
frame_103,Rack_3,13,7,coke_z_big,0.9309278130531311,455,353,491,466,473,409
frame_103,Rack_3,1,7,coke_z_big,0.9266824722290039,417,353,454,467,435,410
frame_103,Rack_3,39,5,coke_v_big,0.9176225662231445,381,351,416,477,398,414
frame_103,Rack_3,4,5,coke_v_big,0.8991058468818665,345,350,381,477,363,413
frame_103,Rack_3,33,5,coke_v_big,0.9220922589302063,311,351,345,460,328,405
frame_103,Rack_3,18,5,coke_v_big,0.9063214063644409,277,351,311,458,294,404
frame_103,Rack_3,10,5,coke_v_big,0.8804715275764465,242,352,276,473,259,412
frame_103,Rack_3,9,14,pepsi_big,0.9227634072303772,208,346,240,473,224,409
frame_103,Rack_3,11,14,pepsi_big,0.923402726650238,177,346,207,471,192,408
frame_103,Rack_3,54,14,pepsi_big,0.9221755862236023,144,345,176,470,160,407
frame_103,Rack_3,19,10,fanta_grape_big,0.880436897277832,106,346,143,470,124,408
frame_103,Rack_3,51,10,fanta_grape_big,0.7214238047599792,81,345,105,466,93,405
frame_103,Rack_3,59,10,fanta_grape_big,0.6454711556434631,53,345,81,460,67,402
frame_103,Rack_3,23,12,fanta_straw_big,0.5136107802391052,16,345,53,453,34,399
frame_104,Rack_1,50,1,a&w_small,0.7828911542892456,591,150,621,217,606,183
frame_104,Rack_1,35,1,a&w_small,0.8003665208816528,570,149,591,215,580,182
frame_104,Rack_1,32,1,a&w_small,0.819176971912384,546,150,569,216,557,183
frame_104,Rack_1,48,1,a&w_small,0.8327182531356812,522,151,546,218,534,184
frame_104,Rack_1,37,1,a&w_small,0.8508182764053345,499,150,521,217,510,183
frame_104,Rack_1,27,1,a&w_small,0.821962296962738,475,150,498,217,486,183
frame_104,Rack_1,36,1,a&w_small,0.893556535243988,452,151,474,218,463,184
frame_104,Rack_1,49,4,coke_small,0.7567338347434998,429,150,452,218,440,184
frame_104,Rack_1,34,4,coke_small,0.8730190396308899,406,150,429,219,417,184
frame_104,Rack_1,12,4,coke_small,0.8709691762924194,387,151,407,219,397,185
frame_104,Rack_1,40,4,coke_small,0.827286422252655,366,152,387,220,376,186
frame_104,Rack_1,38,4,coke_small,0.7722765207290649,345,150,366,221,355,185
frame_104,Rack_1,5,4,coke_small,0.9082732200622559,323,151,345,221,334,186
frame_104,Rack_1,21,17,sprite_small,0.8430594801902771,302,151,323,222,312,186
frame_104,Rack_1,14,17,sprite_small,0.7556721568107605,281,150,302,222,291,186
frame_104,Rack_1,25,17,sprite_small,0.8171111941337585,262,152,282,222,272,187
frame_104,Rack_1,15,17,sprite_small,0.8746023774147034,241,151,262,221,251,186
frame_104,Rack_1,28,9,empty,0.8726270794868469,109,152,239,219,174,185
frame_104,Rack_1,60,0,7up_med,0.7508679628372192,81,154,108,223,94,188
frame_104,Rack_1,57,0,7up_med,0.9051072001457214,55,152,80,223,67,187
frame_104,Rack_1,58,0,7up_med,0.8433719277381897,32,152,54,224,43,188
frame_104,Rack_1,62,0,7up_med,0.6101531982421875,8,152,31,225,19,188
frame_104,Rack_2,45,3,coke_med,0.8824557662010193,584,245,615,328,599,286
frame_104,Rack_2,20,3,coke_med,0.9075282216072083,550,246,582,329,566,287
frame_104,Rack_2,22,3,coke_med,0.898004949092865,526,247,549,331,537,289
frame_104,Rack_2,24,3,coke_med,0.9157934784889221,499,248,525,331,512,289
frame_104,Rack_2,3,3,coke_med,0.9330666661262512,472,245,498,330,485,287
frame_104,Rack_2,61,6,coke_v_med,0.7738094925880432,446,245,471,331,458,288
frame_104,Rack_2,41,6,coke_v_med,0.7262561917304993,418,245,444,330,431,287
frame_104,Rack_2,29,6,coke_v_med,0.719346284866333,391,246,417,331,404,288
frame_104,Rack_2,26,2,anw_med,0.8663833141326904,366,246,390,330,378,288
frame_104,Rack_2,17,2,anw_med,0.8562225103378296,341,246,365,331,353,288
frame_104,Rack_2,43,2,anw_med,0.8411487936973572,316,246,340,330,328,288
frame_104,Rack_2,42,2,anw_med,0.8591400384902954,292,246,315,331,303,288
frame_104,Rack_2,46,2,anw_med,0.8257827162742615,266,247,290,330,278,288
frame_104,Rack_2,7,2,anw_med,0.9033424854278564,240,248,266,330,253,289
frame_104,Rack_2,30,15,pepsi_med,0.8627989888191223,220,252,239,329,229,290
frame_104,Rack_2,8,15,pepsi_med,0.8969610929489136,196,248,219,329,207,288
frame_104,Rack_2,2,15,pepsi_med,0.889119029045105,171,248,195,329,183,288
frame_104,Rack_2,16,15,pepsi_med,0.9081596732139587,151,248,171,329,161,288
frame_104,Rack_2,31,15,pepsi_med,0.9172106981277466,125,249,151,330,138,289
frame_104,Rack_2,44,15,pepsi_med,0.915688157081604,103,250,124,328,113,289
frame_104,Rack_2,55,13,kick_med,0.7796341776847839,80,251,102,328,91,289
frame_104,Rack_2,53,13,kick_med,0.8813108801841736,59,252,79,328,69,290
frame_104,Rack_2,52,13,kick_med,0.8665976524353027,34,251,58,329,46,290
frame_104,Rack_2,56,13,kick_med,0.8145647048950195,9,251,34,330,21,290
frame_104,Rack_2,63,13,kick_med,0.705367386341095,1,250,7,330,4,290
frame_104,Rack_3,6,9,empty,0.9090513586997986,495,350,617,481,556,415
frame_104,Rack_3,13,7,coke_z_big,0.9337628483772278,455,353,491,465,473,409
frame_104,Rack_3,1,7,coke_z_big,0.9281894564628601,417,353,455,467,436,410
frame_104,Rack_3,39,5,coke_v_big,0.9091294407844543,382,351,416,477,399,414
frame_104,Rack_3,4,5,coke_v_big,0.8936394453048706,345,351,381,477,363,414
frame_104,Rack_3,33,5,coke_v_big,0.9194425940513611,311,351,345,460,328,405
frame_104,Rack_3,18,5,coke_v_big,0.9099887013435364,277,351,311,458,294,404
frame_104,Rack_3,10,5,coke_v_big,0.8789732456207275,242,352,276,473,259,412
frame_104,Rack_3,9,14,pepsi_big,0.9230761528015137,208,346,240,473,224,409
frame_104,Rack_3,11,14,pepsi_big,0.923305869102478,177,346,208,471,192,408
frame_104,Rack_3,54,14,pepsi_big,0.9155796766281128,144,345,176,470,160,407
frame_104,Rack_3,19,10,fanta_grape_big,0.8846216797828674,106,346,143,470,124,408
frame_104,Rack_3,51,10,fanta_grape_big,0.5732788443565369,81,345,105,465,93,405
frame_104,Rack_3,23,12,fanta_straw_big,0.5374724268913269,17,345,53,454,35,399
frame_105,Rack_1,50,1,a&w_small,0.7443190813064575,591,151,621,217,606,184
frame_105,Rack_1,35,1,a&w_small,0.7905833721160889,570,150,591,215,580,182
frame_105,Rack_1,32,1,a&w_small,0.8293170928955078,547,151,569,216,558,183
frame_105,Rack_1,48,1,a&w_small,0.8286517858505249,522,151,546,217,534,184
frame_105,Rack_1,37,1,a&w_small,0.8606551885604858,499,150,521,217,510,183
frame_105,Rack_1,27,1,a&w_small,0.8184583783149719,475,150,498,217,486,183
frame_105,Rack_1,36,1,a&w_small,0.8809545040130615,452,151,474,218,463,184
frame_105,Rack_1,49,4,coke_small,0.7743992209434509,430,151,452,218,441,184
frame_105,Rack_1,34,4,coke_small,0.871858537197113,407,151,429,218,418,184
frame_105,Rack_1,12,4,coke_small,0.8486632108688354,387,152,407,219,397,185
frame_105,Rack_1,40,4,coke_small,0.8088935613632202,366,152,387,220,376,186
frame_105,Rack_1,38,4,coke_small,0.7666698694229126,345,152,366,221,355,186
frame_105,Rack_1,5,4,coke_small,0.9155313372612,324,152,345,221,334,186
frame_105,Rack_1,21,17,sprite_small,0.8589385151863098,302,152,323,222,312,187
frame_105,Rack_1,14,17,sprite_small,0.8062702417373657,282,152,302,222,292,187
frame_105,Rack_1,25,17,sprite_small,0.8316283822059631,263,153,282,223,272,188
frame_105,Rack_1,15,17,sprite_small,0.8989152908325195,241,152,262,221,251,186
frame_105,Rack_1,28,9,empty,0.864650309085846,111,154,238,219,174,186
frame_105,Rack_1,60,0,7up_med,0.5751106142997742,81,156,108,223,94,189
frame_105,Rack_1,57,0,7up_med,0.8290596604347229,55,154,80,223,67,188
frame_105,Rack_1,58,0,7up_med,0.7664332985877991,33,154,54,225,43,189
frame_105,Rack_1,62,0,7up_med,0.564595103263855,9,154,31,226,20,190
frame_105,Rack_2,45,3,coke_med,0.8566056489944458,585,245,616,328,600,286
frame_105,Rack_2,20,3,coke_med,0.9127395749092102,551,247,583,328,567,287
frame_105,Rack_2,22,3,coke_med,0.9072825908660889,527,247,549,331,538,289
frame_105,Rack_2,24,3,coke_med,0.9022101163864136,499,248,526,330,512,289
frame_105,Rack_2,3,3,coke_med,0.9203701615333557,473,247,498,329,485,288
frame_105,Rack_2,61,6,coke_v_med,0.6892284154891968,446,244,472,330,459,287
frame_105,Rack_2,47,3,coke_med,0.5259214639663696,446,247,471,329,458,288
frame_105,Rack_2,41,6,coke_v_med,0.7248197197914124,418,245,444,330,431,287
frame_105,Rack_2,29,6,coke_v_med,0.745284914970398,392,247,417,330,404,288
frame_105,Rack_2,26,2,anw_med,0.8688698410987854,366,246,391,330,378,288
frame_105,Rack_2,17,2,anw_med,0.9084280133247375,341,246,365,329,353,287
frame_105,Rack_2,43,2,anw_med,0.8325880169868469,316,246,340,329,328,287
frame_105,Rack_2,42,2,anw_med,0.8602437973022461,292,246,316,330,304,288
frame_105,Rack_2,46,2,anw_med,0.8113231062889099,267,247,291,329,279,288
frame_105,Rack_2,7,2,anw_med,0.9000899791717529,241,248,266,329,253,288
frame_105,Rack_2,30,15,pepsi_med,0.8662439584732056,220,252,239,329,229,290
frame_105,Rack_2,8,15,pepsi_med,0.8998779058456421,196,248,219,328,207,288
frame_105,Rack_2,2,15,pepsi_med,0.8925126791000366,171,248,195,329,183,288
frame_105,Rack_2,16,15,pepsi_med,0.9013670682907104,151,248,171,329,161,288
frame_105,Rack_2,31,15,pepsi_med,0.9143892526626587,125,249,151,329,138,289
frame_105,Rack_2,44,15,pepsi_med,0.9007841944694519,103,250,124,328,113,289
frame_105,Rack_2,55,13,kick_med,0.7146037220954895,80,251,103,328,91,289
frame_105,Rack_2,53,13,kick_med,0.8603001832962036,59,252,80,328,69,290
frame_105,Rack_2,52,13,kick_med,0.8058872818946838,34,251,58,328,46,289
frame_105,Rack_2,56,13,kick_med,0.7122489809989929,10,251,34,329,22,290
frame_105,Rack_2,63,13,kick_med,0.6516188383102417,1,251,8,330,4,290
frame_105,Rack_3,6,9,empty,0.9078181385993958,496,350,620,481,558,415
frame_105,Rack_3,13,7,coke_z_big,0.928554117679596,455,352,491,465,473,408
frame_105,Rack_3,1,7,coke_z_big,0.930092453956604,417,353,455,467,436,410
frame_105,Rack_3,39,5,coke_v_big,0.9192082285881042,382,351,416,477,399,414
frame_105,Rack_3,4,5,coke_v_big,0.9004114866256714,345,351,381,477,363,414
frame_105,Rack_3,33,5,coke_v_big,0.9163104891777039,312,351,345,460,328,405
frame_105,Rack_3,18,5,coke_v_big,0.9105299711227417,277,351,311,458,294,404
frame_105,Rack_3,10,5,coke_v_big,0.8739625215530396,242,352,276,473,259,412
frame_105,Rack_3,9,14,pepsi_big,0.9209362864494324,209,346,240,473,224,409
frame_105,Rack_3,11,14,pepsi_big,0.9175320267677307,177,346,208,471,192,408
frame_105,Rack_3,54,14,pepsi_big,0.9260703325271606,145,345,177,470,161,407
frame_105,Rack_3,19,10,fanta_grape_big,0.8398512601852417,107,346,143,469,125,407
frame_105,Rack_3,51,10,fanta_grape_big,0.664702296257019,82,345,106,465,94,405
frame_105,Rack_3,23,12,fanta_straw_big,0.680613100528717,17,345,54,453,35,399
frame_106,Rack_1,50,1,a&w_small,0.7966888546943665,592,151,621,216,606,183
frame_106,Rack_1,35,1,a&w_small,0.7771192193031311,571,150,591,215,581,182
frame_106,Rack_1,32,1,a&w_small,0.8179261684417725,547,151,570,216,558,183
frame_106,Rack_1,48,1,a&w_small,0.803083598613739,523,151,546,217,534,184
frame_106,Rack_1,37,1,a&w_small,0.8552178740501404,499,151,522,217,510,184
frame_106,Rack_1,27,1,a&w_small,0.8211793899536133,476,151,498,217,487,184
frame_106,Rack_1,36,1,a&w_small,0.8829230070114136,453,151,474,218,463,184
frame_106,Rack_1,49,4,coke_small,0.7908649444580078,430,152,452,218,441,185
frame_106,Rack_1,34,4,coke_small,0.8741158246994019,407,152,429,218,418,185
frame_106,Rack_1,12,4,coke_small,0.8413817286491394,387,152,407,219,397,185
frame_106,Rack_1,40,4,coke_small,0.8455694913864136,367,153,387,220,377,186
frame_106,Rack_1,38,4,coke_small,0.8073301315307617,345,152,366,220,355,186
frame_106,Rack_1,5,4,coke_small,0.9194945096969604,324,152,345,221,334,186
frame_106,Rack_1,21,17,sprite_small,0.8609218597412109,303,152,323,222,313,187
frame_106,Rack_1,14,17,sprite_small,0.8497865200042725,282,152,302,222,292,187
frame_106,Rack_1,25,17,sprite_small,0.8304787874221802,263,153,282,222,272,187
frame_106,Rack_1,15,17,sprite_small,0.9144141674041748,242,152,263,221,252,186
frame_106,Rack_1,28,9,empty,0.8639644980430603,112,155,237,219,174,187
frame_106,Rack_1,57,0,7up_med,0.7725005149841309,55,155,80,224,67,189
frame_106,Rack_1,58,0,7up_med,0.6466073393821716,33,154,54,226,43,190
frame_106,Rack_2,45,3,coke_med,0.846027135848999,585,245,617,328,601,286
frame_106,Rack_2,20,3,coke_med,0.9175649285316467,551,247,583,328,567,287
frame_106,Rack_2,22,3,coke_med,0.910490870475769,527,247,550,330,538,288
frame_106,Rack_2,24,3,coke_med,0.8978888988494873,500,248,526,330,513,289
frame_106,Rack_2,3,3,coke_med,0.9317892789840698,473,247,498,328,485,287
frame_106,Rack_2,47,3,coke_med,0.5989565253257751,446,247,472,329,459,288
frame_106,Rack_2,61,6,coke_v_med,0.663017213344574,446,245,472,329,459,287
frame_106,Rack_2,41,6,coke_v_med,0.6894193887710571,419,246,445,329,432,287
frame_106,Rack_2,29,6,coke_v_med,0.7170315980911255,392,247,418,330,405,288
frame_106,Rack_2,26,2,anw_med,0.867705225944519,366,246,391,329,378,287
frame_106,Rack_2,17,2,anw_med,0.9326222538948059,342,246,366,329,354,287
frame_106,Rack_2,43,2,anw_med,0.8387899994850159,316,246,340,329,328,287
frame_106,Rack_2,42,2,anw_med,0.8668037056922913,292,246,316,330,304,288
frame_106,Rack_2,46,2,anw_med,0.8198832869529724,267,247,291,329,279,288
frame_106,Rack_2,7,2,anw_med,0.9034994840621948,241,248,266,329,253,288
frame_106,Rack_2,30,15,pepsi_med,0.8630325198173523,220,251,240,329,230,290
frame_106,Rack_2,8,15,pepsi_med,0.8983205556869507,197,248,219,328,208,288
frame_106,Rack_2,2,15,pepsi_med,0.8983531594276428,172,248,195,329,183,288
frame_106,Rack_2,16,15,pepsi_med,0.9032804369926453,151,248,171,329,161,288
frame_106,Rack_2,31,15,pepsi_med,0.9098442792892456,125,249,151,329,138,289
frame_106,Rack_2,44,15,pepsi_med,0.8904645442962646,104,250,125,328,114,289
frame_106,Rack_2,55,13,kick_med,0.7589981555938721,80,251,103,329,91,290
frame_106,Rack_2,53,13,kick_med,0.8479725122451782,59,252,80,328,69,290
frame_106,Rack_2,52,13,kick_med,0.8488767147064209,35,252,59,328,47,290
frame_106,Rack_2,56,13,kick_med,0.8159350752830505,9,251,34,330,21,290
frame_106,Rack_2,63,13,kick_med,0.5340672135353088,0,247,7,331,3,289
frame_106,Rack_3,6,9,empty,0.9119818806648254,497,350,621,481,559,415
frame_106,Rack_3,13,7,coke_z_big,0.9263139367103577,456,352,492,465,474,408
frame_106,Rack_3,1,7,coke_z_big,0.9289095997810364,417,353,455,467,436,410
frame_106,Rack_3,39,5,coke_v_big,0.9144003391265869,382,351,417,476,399,413
frame_106,Rack_3,4,5,coke_v_big,0.9015370011329651,346,351,382,477,364,414
frame_106,Rack_3,33,5,coke_v_big,0.9172625541687012,312,350,345,460,328,405
frame_106,Rack_3,18,5,coke_v_big,0.9149919748306274,278,351,312,458,295,404
frame_106,Rack_3,10,5,coke_v_big,0.8706420063972473,242,352,277,473,259,412
frame_106,Rack_3,9,14,pepsi_big,0.9176524877548218,209,347,241,473,225,410
frame_106,Rack_3,11,14,pepsi_big,0.9194203019142151,178,346,208,471,193,408
frame_106,Rack_3,54,14,pepsi_big,0.9204345941543579,145,345,177,470,161,407
frame_106,Rack_3,19,10,fanta_grape_big,0.8712880611419678,107,346,144,470,125,408
frame_106,Rack_3,51,10,fanta_grape_big,0.5118779540061951,82,345,106,465,94,405
frame_106,Rack_3,23,12,fanta_straw_big,0.5693116784095764,18,345,55,454,36,399
frame_107,Rack_1,50,1,a&w_small,0.8464871644973755,593,151,622,214,607,182
frame_107,Rack_1,35,1,a&w_small,0.8035061955451965,571,150,592,215,581,182
frame_107,Rack_1,32,1,a&w_small,0.8243829607963562,548,151,571,216,559,183
frame_107,Rack_1,48,1,a&w_small,0.8192172050476074,524,151,547,217,535,184
frame_107,Rack_1,37,1,a&w_small,0.853852391242981,500,150,522,217,511,183
frame_107,Rack_1,27,1,a&w_small,0.8240590691566467,476,151,499,217,487,184
frame_107,Rack_1,36,1,a&w_small,0.8856503963470459,453,151,475,218,464,184
frame_107,Rack_1,49,4,coke_small,0.7624477744102478,431,152,452,218,441,185
frame_107,Rack_1,34,4,coke_small,0.8680022358894348,408,152,430,218,419,185
frame_107,Rack_1,12,4,coke_small,0.8526727557182312,388,153,407,219,397,186
frame_107,Rack_1,40,4,coke_small,0.8467766642570496,367,153,387,220,377,186
frame_107,Rack_1,38,4,coke_small,0.8534073233604431,346,152,366,220,356,186
frame_107,Rack_1,5,4,coke_small,0.9244024157524109,324,153,345,220,334,186
frame_107,Rack_1,21,17,sprite_small,0.85553377866745,303,152,323,221,313,186
frame_107,Rack_1,14,17,sprite_small,0.8354293704032898,282,152,302,222,292,187
frame_107,Rack_1,25,17,sprite_small,0.8255194425582886,263,153,282,222,272,187
frame_107,Rack_1,15,17,sprite_small,0.9116716384887695,242,152,263,220,252,186
frame_107,Rack_1,28,9,empty,0.8631319999694824,112,155,237,218,174,186
frame_107,Rack_1,57,0,7up_med,0.7689680457115173,55,156,81,225,68,190
frame_107,Rack_1,58,0,7up_med,0.5952437520027161,33,155,55,226,44,190
frame_107,Rack_2,45,3,coke_med,0.8643110394477844,586,246,617,328,601,287
frame_107,Rack_2,20,3,coke_med,0.9149304032325745,552,247,583,328,567,287
frame_107,Rack_2,22,3,coke_med,0.9000529646873474,528,247,550,330,539,288
frame_107,Rack_2,24,3,coke_med,0.893039345741272,500,248,527,330,513,289
frame_107,Rack_2,3,3,coke_med,0.9344404339790344,473,247,499,328,486,287
frame_107,Rack_2,47,3,coke_med,0.6159682273864746,447,247,472,329,459,288
frame_107,Rack_2,61,6,coke_v_med,0.611453115940094,447,246,472,330,459,288
frame_107,Rack_2,41,6,coke_v_med,0.6218187808990479,419,246,445,329,432,287
frame_107,Rack_2,29,6,coke_v_med,0.654273509979248,392,247,418,330,405,288
frame_107,Rack_2,26,2,anw_med,0.8749877214431763,367,246,391,329,379,287
frame_107,Rack_2,17,2,anw_med,0.9248638153076172,342,246,366,329,354,287
frame_107,Rack_2,43,2,anw_med,0.8314639329910278,317,246,341,329,329,287
frame_107,Rack_2,42,2,anw_med,0.8600759506225586,293,246,316,330,304,288
frame_107,Rack_2,46,2,anw_med,0.8174203634262085,268,246,292,329,280,287
frame_107,Rack_2,7,2,anw_med,0.9030826091766357,241,248,266,329,253,288
frame_107,Rack_2,30,15,pepsi_med,0.8366862535476685,220,251,240,329,230,290
frame_107,Rack_2,8,15,pepsi_med,0.8987753987312317,197,248,220,328,208,288
frame_107,Rack_2,2,15,pepsi_med,0.9012066125869751,172,248,196,329,184,288
frame_107,Rack_2,16,15,pepsi_med,0.9026513695716858,152,248,171,329,161,288
frame_107,Rack_2,31,15,pepsi_med,0.905159592628479,126,249,152,329,139,289
frame_107,Rack_2,44,15,pepsi_med,0.8786856532096863,104,250,125,328,114,289
frame_107,Rack_2,55,13,kick_med,0.7778283357620239,81,251,103,329,92,290
frame_107,Rack_2,53,13,kick_med,0.8346032500267029,60,252,80,328,70,290
frame_107,Rack_2,52,13,kick_med,0.8260494470596313,35,252,59,329,47,290
frame_107,Rack_2,56,13,kick_med,0.7855038642883301,9,251,34,330,21,290
frame_107,Rack_2,63,13,kick_med,0.5819576978683472,0,247,6,332,3,289
frame_107,Rack_3,6,9,empty,0.9119808673858643,495,350,619,481,557,415
frame_107,Rack_3,13,7,coke_z_big,0.9260199069976807,456,352,492,466,474,409
frame_107,Rack_3,1,7,coke_z_big,0.9302432537078857,418,353,455,467,436,410
frame_107,Rack_3,39,5,coke_v_big,0.9123023152351379,383,351,417,476,400,413
frame_107,Rack_3,4,5,coke_v_big,0.903296172618866,346,350,382,477,364,413
frame_107,Rack_3,33,5,coke_v_big,0.913933515548706,312,350,346,460,329,405
frame_107,Rack_3,18,5,coke_v_big,0.9206962585449219,278,352,312,458,295,405
frame_107,Rack_3,10,5,coke_v_big,0.8698069453239441,243,352,277,473,260,412
frame_107,Rack_3,9,14,pepsi_big,0.9157001376152039,209,347,241,473,225,410
frame_107,Rack_3,11,14,pepsi_big,0.9208986759185791,178,346,208,471,193,408
frame_107,Rack_3,54,14,pepsi_big,0.9215018153190613,145,346,177,470,161,408
frame_107,Rack_3,19,10,fanta_grape_big,0.8693751692771912,107,346,144,469,125,407
frame_107,Rack_3,51,10,fanta_grape_big,0.5331992506980896,82,345,106,465,94,405
frame_107,Rack_3,23,12,fanta_straw_big,0.7008246183395386,19,345,55,453,37,399
frame_108,Rack_1,50,1,a&w_small,0.8527535200119019,594,151,622,215,608,183
frame_108,Rack_1,35,1,a&w_small,0.7951527833938599,572,151,593,214,582,182
frame_108,Rack_1,32,1,a&w_small,0.8286398649215698,549,151,571,216,560,183
frame_108,Rack_1,48,1,a&w_small,0.8392730355262756,525,152,548,217,536,184
frame_108,Rack_1,37,1,a&w_small,0.8450657725334167,500,150,523,217,511,183
frame_108,Rack_1,27,1,a&w_small,0.8270764350891113,477,151,499,217,488,184
frame_108,Rack_1,36,1,a&w_small,0.8773638010025024,454,151,475,218,464,184
frame_108,Rack_1,49,4,coke_small,0.769670307636261,431,152,453,218,442,185
frame_108,Rack_1,34,4,coke_small,0.8670927286148071,408,152,430,218,419,185
frame_108,Rack_1,12,4,coke_small,0.8635876178741455,388,153,407,219,397,186
frame_108,Rack_1,40,4,coke_small,0.8360289335250854,367,153,387,220,377,186
frame_108,Rack_1,38,4,coke_small,0.8662678599357605,346,152,367,220,356,186
frame_108,Rack_1,5,4,coke_small,0.9340175986289978,325,153,346,220,335,186
frame_108,Rack_1,21,17,sprite_small,0.8214826583862305,303,152,324,221,313,186
frame_108,Rack_1,14,17,sprite_small,0.797636866569519,283,152,303,222,293,187
frame_108,Rack_1,25,17,sprite_small,0.827008843421936,263,153,282,222,272,187
frame_108,Rack_1,15,17,sprite_small,0.9040431976318359,242,152,263,220,252,186
frame_108,Rack_1,28,9,empty,0.8595520853996277,113,155,237,218,175,186
frame_108,Rack_1,57,0,7up_med,0.7880551218986511,55,156,81,226,68,191
frame_108,Rack_1,58,0,7up_med,0.6314991116523743,33,154,55,227,44,190
frame_108,Rack_2,45,3,coke_med,0.8145004510879517,586,246,618,328,602,287
frame_108,Rack_2,20,3,coke_med,0.9110448956489563,552,247,584,328,568,287
frame_108,Rack_2,22,3,coke_med,0.8916467428207397,528,247,551,330,539,288
frame_108,Rack_2,24,3,coke_med,0.8877730965614319,501,248,527,330,514,289
frame_108,Rack_2,3,3,coke_med,0.9355920553207397,474,247,499,328,486,287
frame_108,Rack_2,47,3,coke_med,0.6550148129463196,447,247,472,329,459,288
frame_108,Rack_2,61,6,coke_v_med,0.5415310263633728,447,246,472,330,459,288
frame_108,Rack_2,41,6,coke_v_med,0.610785186290741,420,246,446,329,433,287
frame_108,Rack_2,29,6,coke_v_med,0.6675156950950623,393,247,418,330,405,288
frame_108,Rack_2,26,2,anw_med,0.8791049718856812,367,246,392,329,379,287
frame_108,Rack_2,17,2,anw_med,0.9103770852088928,342,246,366,329,354,287
frame_108,Rack_2,43,2,anw_med,0.8380036950111389,317,246,341,329,329,287
frame_108,Rack_2,42,2,anw_med,0.862806499004364,293,246,316,330,304,288
frame_108,Rack_2,46,2,anw_med,0.8348392248153687,268,246,292,329,280,287
frame_108,Rack_2,7,2,anw_med,0.906042218208313,242,248,267,329,254,288
frame_108,Rack_2,30,15,pepsi_med,0.8249678611755371,221,251,240,329,230,290
frame_108,Rack_2,8,15,pepsi_med,0.9114519357681274,197,248,220,328,208,288
frame_108,Rack_2,2,15,pepsi_med,0.9024686813354492,172,248,196,329,184,288
frame_108,Rack_2,16,15,pepsi_med,0.9069556593894958,152,248,172,329,162,288
frame_108,Rack_2,31,15,pepsi_med,0.9026215076446533,126,249,152,329,139,289
frame_108,Rack_2,44,15,pepsi_med,0.8941261768341064,105,250,126,328,115,289
frame_108,Rack_2,55,13,kick_med,0.7775182127952576,81,251,104,329,92,290
frame_108,Rack_2,53,13,kick_med,0.8220221400260925,60,253,80,328,70,290
frame_108,Rack_2,52,13,kick_med,0.8141272664070129,35,252,60,329,47,290
frame_108,Rack_2,56,13,kick_med,0.7828879356384277,9,251,35,330,22,290
frame_108,Rack_2,63,13,kick_med,0.5742427110671997,0,248,6,332,3,290
frame_108,Rack_3,6,9,empty,0.9090576767921448,495,350,620,482,557,416
frame_108,Rack_3,13,7,coke_z_big,0.9200006127357483,456,352,492,465,474,408
frame_108,Rack_3,1,7,coke_z_big,0.9270485043525696,418,353,456,467,437,410
frame_108,Rack_3,39,5,coke_v_big,0.9084462523460388,383,351,417,476,400,413
frame_108,Rack_3,4,5,coke_v_big,0.8999629616737366,347,350,382,477,364,413
frame_108,Rack_3,33,5,coke_v_big,0.9075663685798645,312,350,346,460,329,405
frame_108,Rack_3,18,5,coke_v_big,0.9184519052505493,278,352,312,458,295,405
frame_108,Rack_3,10,5,coke_v_big,0.8755066394805908,243,352,278,473,260,412
frame_108,Rack_3,9,14,pepsi_big,0.9118019342422485,210,347,241,473,225,410
frame_108,Rack_3,11,14,pepsi_big,0.9181738495826721,178,346,209,471,193,408
frame_108,Rack_3,54,14,pepsi_big,0.9217790961265564,146,346,178,470,162,408
frame_108,Rack_3,19,10,fanta_grape_big,0.8518675565719604,108,346,144,469,126,407
frame_108,Rack_3,23,12,fanta_straw_big,0.6527457237243652,19,345,56,453,37,399
frame_109,Rack_1,50,1,a&w_small,0.848015546798706,595,151,622,214,608,182
frame_109,Rack_1,35,1,a&w_small,0.7657666802406311,573,151,593,214,583,182
frame_109,Rack_1,32,1,a&w_small,0.8211039304733276,550,151,572,216,561,183
frame_109,Rack_1,48,1,a&w_small,0.8347187042236328,525,152,548,216,536,184
frame_109,Rack_1,37,1,a&w_small,0.8423567414283752,501,151,523,217,512,184
frame_109,Rack_1,27,1,a&w_small,0.830348014831543,477,151,500,217,488,184
frame_109,Rack_1,36,1,a&w_small,0.8854832649230957,454,151,476,218,465,184
frame_109,Rack_1,49,4,coke_small,0.7545093297958374,432,152,453,218,442,185
frame_109,Rack_1,34,4,coke_small,0.8601526021957397,409,152,431,219,420,185
frame_109,Rack_1,12,4,coke_small,0.8638485074043274,389,153,408,219,398,186
frame_109,Rack_1,40,4,coke_small,0.840621292591095,367,153,388,220,377,186
frame_109,Rack_1,38,4,coke_small,0.8772377371788025,346,152,367,220,356,186
frame_109,Rack_1,5,4,coke_small,0.9380804300308228,325,153,346,220,335,186
frame_109,Rack_1,21,17,sprite_small,0.8113355040550232,303,152,324,221,313,186
frame_109,Rack_1,14,17,sprite_small,0.7811797261238098,283,152,303,222,293,187
frame_109,Rack_1,25,17,sprite_small,0.8375700116157532,264,153,283,222,273,187
frame_109,Rack_1,15,17,sprite_small,0.8949852585792542,242,152,263,220,252,186
frame_109,Rack_1,28,9,empty,0.861359715461731,113,155,238,218,175,186
frame_109,Rack_1,57,0,7up_med,0.7846243977546692,55,156,82,229,68,192
frame_109,Rack_1,58,0,7up_med,0.6919807195663452,33,154,56,231,44,192
frame_109,Rack_2,45,3,coke_med,0.7958018183708191,586,247,618,328,602,287
frame_109,Rack_2,20,3,coke_med,0.9131054282188416,553,247,584,328,568,287
frame_109,Rack_2,22,3,coke_med,0.8886213898658752,529,247,551,329,540,288
frame_109,Rack_2,24,3,coke_med,0.8669715523719788,501,248,527,330,514,289
frame_109,Rack_2,3,3,coke_med,0.9341155290603638,474,247,500,328,487,287
frame_109,Rack_2,47,3,coke_med,0.5408205986022949,448,247,473,329,460,288
frame_109,Rack_2,61,6,coke_v_med,0.6129259467124939,447,247,473,330,460,288
frame_109,Rack_2,41,6,coke_v_med,0.6507712006568909,420,246,446,329,433,287
frame_109,Rack_2,29,6,coke_v_med,0.6837348937988281,393,247,419,330,406,288
frame_109,Rack_2,26,2,anw_med,0.8727087378501892,367,246,392,329,379,287
frame_109,Rack_2,17,2,anw_med,0.9021357893943787,343,246,367,329,355,287
frame_109,Rack_2,43,2,anw_med,0.8359935879707336,317,246,341,329,329,287
frame_109,Rack_2,42,2,anw_med,0.8639559745788574,293,246,317,329,305,287
frame_109,Rack_2,46,2,anw_med,0.8319439888000488,268,246,292,329,280,287
frame_109,Rack_2,7,2,anw_med,0.906510591506958,242,248,267,329,254,288
frame_109,Rack_2,30,15,pepsi_med,0.8203234672546387,221,251,241,328,231,289
frame_109,Rack_2,8,15,pepsi_med,0.9163208603858948,198,248,221,328,209,288
frame_109,Rack_2,2,15,pepsi_med,0.9049123525619507,172,247,196,329,184,288
frame_109,Rack_2,16,15,pepsi_med,0.9085389971733093,152,248,172,329,162,288
frame_109,Rack_2,31,15,pepsi_med,0.9010581374168396,126,249,152,329,139,289
frame_109,Rack_2,44,15,pepsi_med,0.9191420674324036,105,250,126,329,115,289
frame_109,Rack_2,55,13,kick_med,0.8014286160469055,81,251,104,329,92,290
frame_109,Rack_2,53,13,kick_med,0.8435156345367432,60,252,81,328,70,290
frame_109,Rack_2,52,13,kick_med,0.8354686498641968,36,252,60,329,48,290
frame_109,Rack_2,56,13,kick_med,0.8088827729225159,9,251,35,330,22,290
frame_109,Rack_3,6,9,empty,0.9109755158424377,496,350,621,482,558,416
frame_109,Rack_3,13,7,coke_z_big,0.9234081506729126,457,352,493,465,475,408
frame_109,Rack_3,1,7,coke_z_big,0.9266399145126343,418,352,456,466,437,409
frame_109,Rack_3,39,5,coke_v_big,0.9139118790626526,383,351,418,476,400,413
frame_109,Rack_3,4,5,coke_v_big,0.9052366614341736,347,350,383,477,365,413
frame_109,Rack_3,33,5,coke_v_big,0.9047918915748596,313,351,346,460,329,405
frame_109,Rack_3,18,5,coke_v_big,0.9206416010856628,279,352,313,458,296,405
frame_109,Rack_3,10,5,coke_v_big,0.8786053657531738,244,352,278,473,261,412
frame_109,Rack_3,9,14,pepsi_big,0.913422167301178,210,347,242,472,226,409
frame_109,Rack_3,11,14,pepsi_big,0.9188359379768372,179,347,209,471,194,409
frame_109,Rack_3,54,14,pepsi_big,0.9168810248374939,146,346,178,470,162,408
frame_109,Rack_3,19,10,fanta_grape_big,0.8209347724914551,108,346,145,469,126,407
frame_109,Rack_3,23,12,fanta_straw_big,0.5577846169471741,20,345,56,454,38,399
frame_110,Rack_1,50,1,a&w_small,0.8484426140785217,595,151,623,213,609,182
frame_110,Rack_1,35,1,a&w_small,0.774488627910614,573,151,594,214,583,182
frame_110,Rack_1,32,1,a&w_small,0.8238074779510498,550,151,573,215,561,183
frame_110,Rack_1,48,1,a&w_small,0.8311678171157837,526,152,549,216,537,184
frame_110,Rack_1,37,1,a&w_small,0.8426355719566345,502,150,524,216,513,183
frame_110,Rack_1,27,1,a&w_small,0.8273554444313049,478,150,500,217,489,183
frame_110,Rack_1,36,1,a&w_small,0.8675815463066101,455,152,476,218,465,185
frame_110,Rack_1,49,4,coke_small,0.7749112248420715,432,152,454,218,443,185
frame_110,Rack_1,34,4,coke_small,0.8670393228530884,409,152,431,219,420,185
frame_110,Rack_1,12,4,coke_small,0.8381393551826477,389,153,409,219,399,186
frame_110,Rack_1,40,4,coke_small,0.8296383023262024,368,153,388,220,378,186
frame_110,Rack_1,38,4,coke_small,0.8512887358665466,347,152,367,220,357,186
frame_110,Rack_1,5,4,coke_small,0.9395657181739807,325,153,346,220,335,186
frame_110,Rack_1,21,17,sprite_small,0.7892276644706726,304,152,324,221,314,186
frame_110,Rack_1,14,17,sprite_small,0.7789846062660217,283,152,304,221,293,186
frame_110,Rack_1,25,17,sprite_small,0.8399838805198669,264,153,283,221,273,187
frame_110,Rack_1,15,17,sprite_small,0.8837943077087402,243,152,264,220,253,186
frame_110,Rack_1,28,9,empty,0.8596768379211426,113,155,238,219,175,187
frame_110,Rack_1,57,0,7up_med,0.7812897562980652,55,156,82,229,68,192
frame_110,Rack_1,58,0,7up_med,0.6572989225387573,33,154,56,232,44,193
frame_110,Rack_2,45,3,coke_med,0.7754145264625549,587,246,619,328,603,287
frame_110,Rack_2,20,3,coke_med,0.9037644863128662,553,247,585,328,569,287
frame_110,Rack_2,22,3,coke_med,0.8863517045974731,529,247,552,329,540,288
frame_110,Rack_2,24,3,coke_med,0.8786788582801819,502,248,528,330,515,289
frame_110,Rack_2,3,3,coke_med,0.9305899739265442,475,247,500,328,487,287
frame_110,Rack_2,61,6,coke_v_med,0.724650502204895,448,247,473,330,460,288
frame_110,Rack_2,41,6,coke_v_med,0.6555481553077698,420,246,446,329,433,287
frame_110,Rack_2,29,6,coke_v_med,0.6410601735115051,393,247,419,330,406,288
frame_110,Rack_2,26,2,anw_med,0.8737877607345581,368,246,392,329,380,287
frame_110,Rack_2,17,2,anw_med,0.8830850124359131,343,246,367,329,355,287
frame_110,Rack_2,43,2,anw_med,0.8469327688217163,318,246,342,329,330,287
frame_110,Rack_2,42,2,anw_med,0.8677947521209717,293,246,317,329,305,287
frame_110,Rack_2,46,2,anw_med,0.8057155013084412,269,247,292,329,280,288
frame_110,Rack_2,7,2,anw_med,0.9035466909408569,242,248,267,329,254,288
frame_110,Rack_2,30,15,pepsi_med,0.8084169626235962,221,251,241,328,231,289
frame_110,Rack_2,8,15,pepsi_med,0.9266082048416138,198,248,221,328,209,288
frame_110,Rack_2,2,15,pepsi_med,0.9125463366508484,173,247,197,329,185,288
frame_110,Rack_2,16,15,pepsi_med,0.9124653935432434,153,248,172,329,162,288
frame_110,Rack_2,31,15,pepsi_med,0.8987436294555664,126,249,152,329,139,289
frame_110,Rack_2,44,15,pepsi_med,0.9319002032279968,105,251,126,329,115,290
frame_110,Rack_2,55,13,kick_med,0.7988849878311157,81,251,104,329,92,290
frame_110,Rack_2,53,13,kick_med,0.8442519307136536,61,251,81,328,71,289
frame_110,Rack_2,52,13,kick_med,0.8343845009803772,36,252,60,329,48,290
frame_110,Rack_2,56,13,kick_med,0.7936243414878845,10,251,35,330,22,290
frame_110,Rack_2,63,13,kick_med,0.5604023337364197,0,249,6,331,3,290
frame_110,Rack_3,6,9,empty,0.9172781705856323,496,350,622,482,559,416
frame_110,Rack_3,13,7,coke_z_big,0.9238547086715698,457,352,493,465,475,408
frame_110,Rack_3,1,7,coke_z_big,0.923034131526947,419,352,457,466,438,409
frame_110,Rack_3,39,5,coke_v_big,0.9117947816848755,384,351,418,476,401,413
frame_110,Rack_3,4,5,coke_v_big,0.9073777794837952,347,350,383,477,365,413
frame_110,Rack_3,33,5,coke_v_big,0.9097244143486023,313,351,347,460,330,405
frame_110,Rack_3,18,5,coke_v_big,0.9270573258399963,279,352,313,458,296,405
frame_110,Rack_3,10,5,coke_v_big,0.8748440146446228,244,352,278,473,261,412
frame_110,Rack_3,9,14,pepsi_big,0.910286545753479,210,347,242,472,226,409
frame_110,Rack_3,11,14,pepsi_big,0.9171256422996521,179,347,209,471,194,409
frame_110,Rack_3,54,14,pepsi_big,0.9115911722183228,146,346,178,470,162,408
frame_110,Rack_3,19,10,fanta_grape_big,0.8444322943687439,108,346,145,469,126,407
frame_110,Rack_3,51,10,fanta_grape_big,0.5640222430229187,83,346,107,466,95,406
frame_111,Rack_1,50,1,a&w_small,0.865009605884552,596,151,623,214,609,182
frame_111,Rack_1,35,1,a&w_small,0.7879990935325623,574,151,594,214,584,182
frame_111,Rack_1,32,1,a&w_small,0.818394660949707,551,151,573,215,562,183
frame_111,Rack_1,48,1,a&w_small,0.8153469562530518,526,152,549,216,537,184
frame_111,Rack_1,37,1,a&w_small,0.8374780416488647,502,151,524,216,513,183
frame_111,Rack_1,27,1,a&w_small,0.8333072066307068,478,150,501,217,489,183
frame_111,Rack_1,36,1,a&w_small,0.8153483271598816,455,151,476,217,465,184
frame_111,Rack_1,49,4,coke_small,0.8137082457542419,432,152,454,218,443,185
frame_111,Rack_1,34,4,coke_small,0.859251856803894,410,152,432,219,421,185
frame_111,Rack_1,12,4,coke_small,0.8576482534408569,389,153,409,219,399,186
frame_111,Rack_1,40,4,coke_small,0.8311246037483215,368,153,389,220,378,186
frame_111,Rack_1,38,4,coke_small,0.8503038287162781,347,153,368,220,357,186
frame_111,Rack_1,5,4,coke_small,0.9444693922996521,326,153,347,220,336,186
frame_111,Rack_1,21,17,sprite_small,0.8154105544090271,304,152,325,221,314,186
frame_111,Rack_1,14,17,sprite_small,0.80683434009552,284,152,304,221,294,186
frame_111,Rack_1,25,17,sprite_small,0.8498362898826599,264,153,283,221,273,187
frame_111,Rack_1,15,17,sprite_small,0.8859329223632812,243,152,264,220,253,186
frame_111,Rack_1,28,9,empty,0.8599865436553955,113,155,239,219,176,187
frame_111,Rack_1,57,0,7up_med,0.7826431393623352,55,156,83,231,69,193
frame_111,Rack_1,58,0,7up_med,0.590327262878418,33,154,57,234,45,194
frame_111,Rack_2,45,3,coke_med,0.7851030826568604,588,246,620,327,604,286
frame_111,Rack_2,20,3,coke_med,0.8957234621047974,554,247,585,327,569,287
frame_111,Rack_2,22,3,coke_med,0.8726563453674316,529,247,552,328,540,287
frame_111,Rack_2,24,3,coke_med,0.8811490535736084,502,247,528,329,515,288
frame_111,Rack_2,3,3,coke_med,0.9313510656356812,475,247,501,328,488,287
frame_111,Rack_2,47,3,coke_med,0.6302392482757568,449,248,474,328,461,288
frame_111,Rack_2,61,6,coke_v_med,0.711138904094696,448,247,474,330,461,288
frame_111,Rack_2,41,6,coke_v_med,0.616272509098053,421,246,447,329,434,287
frame_111,Rack_2,29,6,coke_v_med,0.6181848049163818,394,247,420,330,407,288
frame_111,Rack_2,26,2,anw_med,0.8682991862297058,368,246,392,329,380,287
frame_111,Rack_2,17,2,anw_med,0.8711511492729187,343,246,367,329,355,287
frame_111,Rack_2,43,2,anw_med,0.8771297931671143,318,246,342,328,330,287
frame_111,Rack_2,42,2,anw_med,0.8623988628387451,294,246,317,329,305,287
frame_111,Rack_2,46,2,anw_med,0.8103156685829163,269,247,293,328,281,287
frame_111,Rack_2,7,2,anw_med,0.9049432873725891,243,249,268,329,255,289
frame_111,Rack_2,30,15,pepsi_med,0.8327053785324097,222,250,241,327,231,288
frame_111,Rack_2,8,15,pepsi_med,0.9317724108695984,199,248,221,328,210,288
frame_111,Rack_2,2,15,pepsi_med,0.9132142663002014,173,248,197,329,185,288
frame_111,Rack_2,16,15,pepsi_med,0.913853645324707,153,248,173,328,163,288
frame_111,Rack_2,31,15,pepsi_med,0.9016680121421814,127,249,152,328,139,288
frame_111,Rack_2,44,15,pepsi_med,0.9295544624328613,105,251,126,328,115,289
frame_111,Rack_2,55,13,kick_med,0.7979377508163452,82,251,104,328,93,289
frame_111,Rack_2,53,13,kick_med,0.8616166114807129,61,251,82,328,71,289
frame_111,Rack_2,52,13,kick_med,0.8460047841072083,36,252,60,328,48,290
frame_111,Rack_2,56,13,kick_med,0.8172225952148438,10,251,35,330,22,290
frame_111,Rack_2,63,13,kick_med,0.533780574798584,0,247,6,331,3,289
frame_111,Rack_3,6,9,empty,0.9187322854995728,497,350,622,482,559,416
frame_111,Rack_3,13,7,coke_z_big,0.9286351203918457,457,352,493,465,475,408
frame_111,Rack_3,1,7,coke_z_big,0.9246940612792969,419,352,457,466,438,409
frame_111,Rack_3,39,5,coke_v_big,0.9077093601226807,384,350,419,475,401,412
frame_111,Rack_3,4,5,coke_v_big,0.9075259566307068,348,350,384,477,366,413
frame_111,Rack_3,33,5,coke_v_big,0.9083025455474854,314,351,347,460,330,405
frame_111,Rack_3,18,5,coke_v_big,0.9271517992019653,279,352,313,458,296,405
frame_111,Rack_3,10,5,coke_v_big,0.8698853254318237,244,352,279,473,261,412
frame_111,Rack_3,9,14,pepsi_big,0.9017801880836487,211,347,242,472,226,409
frame_111,Rack_3,11,14,pepsi_big,0.9116065502166748,179,347,209,470,194,408
frame_111,Rack_3,54,14,pepsi_big,0.9114303588867188,146,346,178,470,162,408
frame_111,Rack_3,19,10,fanta_grape_big,0.8878146409988403,109,346,145,469,127,407
frame_111,Rack_3,51,10,fanta_grape_big,0.6901254653930664,83,346,108,466,95,406
frame_111,Rack_3,23,12,fanta_straw_big,0.736795961856842,21,345,57,454,39,399
frame_112,Rack_1,50,1,a&w_small,0.8405694961547852,596,151,624,214,610,182
frame_112,Rack_1,35,1,a&w_small,0.7821593284606934,574,151,595,214,584,182
frame_112,Rack_1,32,1,a&w_small,0.8141934871673584,551,151,573,215,562,183
frame_112,Rack_1,48,1,a&w_small,0.8145678043365479,527,152,550,216,538,184
frame_112,Rack_1,37,1,a&w_small,0.8418512940406799,503,151,525,216,514,183
frame_112,Rack_1,27,1,a&w_small,0.8407066464424133,478,150,501,217,489,183
frame_112,Rack_1,36,1,a&w_small,0.834957480430603,455,151,477,217,466,184
frame_112,Rack_1,49,4,coke_small,0.8112835884094238,433,152,454,218,443,185
frame_112,Rack_1,34,4,coke_small,0.8460164070129395,410,152,432,218,421,185
frame_112,Rack_1,12,4,coke_small,0.8420554995536804,390,153,410,219,400,186
frame_112,Rack_1,40,4,coke_small,0.8084811568260193,369,153,389,220,379,186
frame_112,Rack_1,38,4,coke_small,0.8567309975624084,348,153,368,220,358,186
frame_112,Rack_1,5,4,coke_small,0.9439342617988586,326,153,347,220,336,186
frame_112,Rack_1,21,17,sprite_small,0.806321382522583,305,152,325,221,315,186
frame_112,Rack_1,14,17,sprite_small,0.8321362137794495,284,152,304,222,294,187
frame_112,Rack_1,25,17,sprite_small,0.8342488408088684,265,152,283,222,274,187
frame_112,Rack_1,15,17,sprite_small,0.8820846080780029,243,152,264,220,253,186
frame_112,Rack_1,28,9,empty,0.8615880012512207,113,155,239,218,176,186
frame_112,Rack_1,57,0,7up_med,0.6765140891075134,56,156,83,229,69,192
frame_112,Rack_2,45,3,coke_med,0.7648252844810486,589,246,621,327,605,286
frame_112,Rack_2,20,3,coke_med,0.8678489327430725,554,247,586,327,570,287
frame_112,Rack_2,22,3,coke_med,0.8753167986869812,530,247,552,328,541,287
frame_112,Rack_2,24,3,coke_med,0.8780326247215271,503,247,529,328,516,287
frame_112,Rack_2,3,3,coke_med,0.9409626722335815,476,247,501,328,488,287
frame_112,Rack_2,47,3,coke_med,0.6338568329811096,449,248,474,328,461,288
frame_112,Rack_2,61,6,coke_v_med,0.7778047323226929,449,247,474,330,461,288
frame_112,Rack_2,41,6,coke_v_med,0.5825840830802917,421,245,447,329,434,287
frame_112,Rack_2,26,2,anw_med,0.8242095112800598,368,246,393,329,380,287
frame_112,Rack_2,17,2,anw_med,0.8471982479095459,343,246,368,329,355,287
frame_112,Rack_2,43,2,anw_med,0.8617432713508606,319,246,343,328,331,287
frame_112,Rack_2,42,2,anw_med,0.8666563034057617,294,246,318,329,306,287
frame_112,Rack_2,46,2,anw_med,0.8171436786651611,269,247,293,328,281,287
frame_112,Rack_2,7,2,anw_med,0.9041160345077515,243,248,268,328,255,288
frame_112,Rack_2,30,15,pepsi_med,0.8371728658676147,222,250,242,327,232,288
frame_112,Rack_2,8,15,pepsi_med,0.9323993921279907,199,248,222,328,210,288
frame_112,Rack_2,2,15,pepsi_med,0.9150090217590332,174,248,198,329,186,288
frame_112,Rack_2,16,15,pepsi_med,0.9131343364715576,153,248,173,328,163,288
frame_112,Rack_2,31,15,pepsi_med,0.8970298767089844,127,249,153,328,140,288
frame_112,Rack_2,44,15,pepsi_med,0.9037119150161743,106,251,127,328,116,289
frame_112,Rack_2,55,13,kick_med,0.7266761064529419,82,251,105,328,93,289
frame_112,Rack_2,53,13,kick_med,0.849897027015686,61,251,82,328,71,289
frame_112,Rack_2,52,13,kick_med,0.8465706706047058,36,252,61,328,48,290
frame_112,Rack_2,56,13,kick_med,0.7803717255592346,11,251,36,329,23,290
frame_112,Rack_3,6,9,empty,0.9172179102897644,497,350,623,481,560,415
frame_112,Rack_3,13,7,coke_z_big,0.9292609691619873,458,352,494,465,476,408
frame_112,Rack_3,1,7,coke_z_big,0.9271675944328308,420,351,458,467,439,409
frame_112,Rack_3,39,5,coke_v_big,0.9041063785552979,385,350,419,475,402,412
frame_112,Rack_3,4,5,coke_v_big,0.9124354124069214,348,350,384,477,366,413
frame_112,Rack_3,33,5,coke_v_big,0.9071907997131348,314,350,348,460,331,405
frame_112,Rack_3,18,5,coke_v_big,0.9251337647438049,280,352,314,459,297,405
frame_112,Rack_3,10,5,coke_v_big,0.8778412342071533,245,352,279,473,262,412
frame_112,Rack_3,9,14,pepsi_big,0.8938161134719849,211,347,243,472,227,409
frame_112,Rack_3,11,14,pepsi_big,0.9049914479255676,180,347,210,470,195,408
frame_112,Rack_3,54,14,pepsi_big,0.9086803197860718,147,346,178,470,162,408
frame_112,Rack_3,19,10,fanta_grape_big,0.8817680478096008,109,346,146,469,127,407
frame_112,Rack_3,51,10,fanta_grape_big,0.733011782169342,84,346,108,466,96,406
frame_113,Rack_1,50,1,a&w_small,0.8226818442344666,597,150,625,213,611,181
frame_113,Rack_1,35,1,a&w_small,0.8157169818878174,575,150,596,214,585,182
frame_113,Rack_1,32,1,a&w_small,0.813556432723999,551,150,574,215,562,182
frame_113,Rack_1,48,1,a&w_small,0.8041934967041016,527,151,550,216,538,183
frame_113,Rack_1,37,1,a&w_small,0.8204479813575745,503,150,525,216,514,183
frame_113,Rack_1,27,1,a&w_small,0.8482544422149658,479,150,502,217,490,183
frame_113,Rack_1,36,1,a&w_small,0.8539869785308838,456,151,477,217,466,184
frame_113,Rack_1,49,4,coke_small,0.8234342336654663,433,151,455,218,444,184
frame_113,Rack_1,34,4,coke_small,0.8390275835990906,411,151,433,218,422,184
frame_113,Rack_1,12,4,coke_small,0.8773454427719116,390,151,410,219,400,185
frame_113,Rack_1,40,4,coke_small,0.8468440771102905,369,152,390,220,379,186
frame_113,Rack_1,38,4,coke_small,0.875920832157135,348,152,369,220,358,186
frame_113,Rack_1,5,4,coke_small,0.9312295317649841,326,151,348,220,337,185
frame_113,Rack_1,21,17,sprite_small,0.7884306311607361,305,151,326,221,315,186
frame_113,Rack_1,14,17,sprite_small,0.8490524291992188,284,151,305,222,294,186
frame_113,Rack_1,25,17,sprite_small,0.8299304246902466,265,152,284,222,274,187
frame_113,Rack_1,15,17,sprite_small,0.8590217232704163,244,151,265,220,254,185
frame_113,Rack_1,28,9,empty,0.8662405014038086,111,153,241,218,176,185
frame_113,Rack_1,60,0,7up_med,0.5068960189819336,83,156,111,228,97,192
frame_113,Rack_1,57,0,7up_med,0.8731294870376587,57,154,83,227,70,190
frame_113,Rack_1,58,0,7up_med,0.7773793935775757,34,153,58,234,46,193
frame_113,Rack_1,62,0,7up_med,0.6130512952804565,10,153,35,232,22,192
frame_113,Rack_2,45,3,coke_med,0.7957196831703186,589,246,621,327,605,286
frame_113,Rack_2,20,3,coke_med,0.8573402762413025,555,247,587,327,571,287
frame_113,Rack_2,22,3,coke_med,0.8777210116386414,531,247,553,328,542,287
frame_113,Rack_2,24,3,coke_med,0.9235506653785706,503,247,529,328,516,287
frame_113,Rack_2,3,3,coke_med,0.9450824856758118,476,247,502,328,489,287
frame_113,Rack_2,47,3,coke_med,0.6392820477485657,450,247,475,328,462,287
frame_113,Rack_2,61,6,coke_v_med,0.8156179189682007,449,247,475,330,462,288
frame_113,Rack_2,41,6,coke_v_med,0.5874499678611755,421,245,448,329,434,287
frame_113,Rack_2,26,2,anw_med,0.8333380818367004,369,246,393,329,381,287
frame_113,Rack_2,17,2,anw_med,0.8594002723693848,344,246,368,328,356,287
frame_113,Rack_2,43,2,anw_med,0.8602713942527771,319,246,343,328,331,287
frame_113,Rack_2,42,2,anw_med,0.8630629777908325,295,246,318,329,306,287
frame_113,Rack_2,46,2,anw_med,0.8227468132972717,270,247,293,328,281,287
frame_113,Rack_2,7,2,anw_med,0.9054260849952698,243,248,268,328,255,288
frame_113,Rack_2,30,15,pepsi_med,0.8504338264465332,222,251,242,328,232,289
frame_113,Rack_2,8,15,pepsi_med,0.9200310707092285,200,248,222,328,211,288
frame_113,Rack_2,2,15,pepsi_med,0.9004348516464233,174,247,198,329,186,288
frame_113,Rack_2,16,15,pepsi_med,0.9073401093482971,154,248,173,328,163,288
frame_113,Rack_2,31,15,pepsi_med,0.8886882066726685,128,249,153,328,140,288
frame_113,Rack_2,44,15,pepsi_med,0.8833101987838745,106,251,127,328,116,289
frame_113,Rack_2,55,13,kick_med,0.653412938117981,82,251,105,328,93,289
frame_113,Rack_2,53,13,kick_med,0.8745519518852234,62,251,82,327,72,289
frame_113,Rack_2,52,13,kick_med,0.8392481803894043,37,251,61,328,49,289
frame_113,Rack_2,56,13,kick_med,0.7696967124938965,12,251,36,329,24,290
frame_113,Rack_2,63,13,kick_med,0.5011703968048096,0,248,6,331,3,289
frame_113,Rack_3,6,9,empty,0.9213968515396118,498,350,623,481,560,415
frame_113,Rack_3,13,7,coke_z_big,0.9365963339805603,459,352,495,465,477,408
frame_113,Rack_3,1,7,coke_z_big,0.9247146248817444,420,351,458,466,439,408
frame_113,Rack_3,39,5,coke_v_big,0.8976047039031982,385,350,420,476,402,413
frame_113,Rack_3,4,5,coke_v_big,0.914741039276123,349,350,384,477,366,413
frame_113,Rack_3,33,5,coke_v_big,0.9018280506134033,315,350,348,460,331,405
frame_113,Rack_3,18,5,coke_v_big,0.9161399602890015,280,352,314,459,297,405
frame_113,Rack_3,10,5,coke_v_big,0.8886677622795105,245,352,280,473,262,412
frame_113,Rack_3,9,14,pepsi_big,0.8985586762428284,212,347,243,473,227,410
frame_113,Rack_3,11,14,pepsi_big,0.8933388590812683,180,347,210,470,195,408
frame_113,Rack_3,54,14,pepsi_big,0.9048189520835876,147,347,179,469,163,408
frame_113,Rack_3,19,10,fanta_grape_big,0.8396815061569214,110,346,146,469,128,407
frame_113,Rack_3,51,10,fanta_grape_big,0.6213506460189819,84,346,109,466,96,406
frame_114,Rack_1,50,1,a&w_small,0.8346452713012695,598,150,625,212,611,181
frame_114,Rack_1,35,1,a&w_small,0.8244304656982422,576,150,597,214,586,182
frame_114,Rack_1,32,1,a&w_small,0.7851467728614807,552,150,575,214,563,182
frame_114,Rack_1,48,1,a&w_small,0.8155174255371094,527,150,551,215,539,182
frame_114,Rack_1,37,1,a&w_small,0.8043012022972107,503,150,526,216,514,183
frame_114,Rack_1,27,1,a&w_small,0.8207755088806152,479,150,502,216,490,183
frame_114,Rack_1,36,1,a&w_small,0.8419368863105774,456,150,478,217,467,183
frame_114,Rack_1,49,4,coke_small,0.813317060470581,433,150,455,217,444,183
frame_114,Rack_1,34,4,coke_small,0.828721821308136,411,150,433,218,422,184
frame_114,Rack_1,12,4,coke_small,0.8717344999313354,390,150,411,219,400,184
frame_114,Rack_1,40,4,coke_small,0.8984651565551758,369,151,390,219,379,185
frame_114,Rack_1,38,4,coke_small,0.8946348428726196,349,151,369,220,359,185
frame_114,Rack_1,5,4,coke_small,0.9262262582778931,327,151,348,220,337,185
frame_114,Rack_1,21,17,sprite_small,0.7364713549613953,305,151,326,221,315,186
frame_114,Rack_1,14,17,sprite_small,0.8038135766983032,285,150,306,222,295,186
frame_114,Rack_1,25,17,sprite_small,0.8066175580024719,265,151,285,221,275,186
frame_114,Rack_1,15,17,sprite_small,0.8512257933616638,244,151,265,220,254,185
frame_114,Rack_1,28,9,empty,0.8596713542938232,111,152,243,219,177,185
frame_114,Rack_1,60,0,7up_med,0.5111942887306213,83,155,112,228,97,191
frame_114,Rack_1,57,0,7up_med,0.8658472895622253,57,153,84,228,70,190
frame_114,Rack_1,58,0,7up_med,0.7136173844337463,34,152,58,235,46,193
frame_114,Rack_1,62,0,7up_med,0.6208126544952393,11,152,36,233,23,192
frame_114,Rack_2,45,3,coke_med,0.839835524559021,590,246,622,327,606,286
frame_114,Rack_2,20,3,coke_med,0.8560301065444946,556,247,588,327,572,287
frame_114,Rack_2,22,3,coke_med,0.8764463067054749,531,247,554,328,542,287
frame_114,Rack_2,24,3,coke_med,0.9329843521118164,504,247,530,327,517,287
frame_114,Rack_2,3,3,coke_med,0.9484865069389343,477,247,502,328,489,287
frame_114,Rack_2,47,3,coke_med,0.5903251767158508,450,247,476,328,463,287
frame_114,Rack_2,61,6,coke_v_med,0.851163923740387,450,247,476,330,463,288
frame_114,Rack_2,41,6,coke_v_med,0.664981484413147,422,245,448,329,435,287
frame_114,Rack_2,29,6,coke_v_med,0.5897408127784729,395,246,421,328,408,287
frame_114,Rack_2,26,2,anw_med,0.8218201994895935,369,246,394,329,381,287
frame_114,Rack_2,17,2,anw_med,0.8482612371444702,344,246,368,328,356,287
frame_114,Rack_2,43,2,anw_med,0.8382701277732849,319,246,343,328,331,287
frame_114,Rack_2,42,2,anw_med,0.8679684400558472,295,246,319,329,307,287
frame_114,Rack_2,46,2,anw_med,0.8446523547172546,270,247,294,329,282,288
frame_114,Rack_2,7,2,anw_med,0.9055389761924744,244,248,269,328,256,288
frame_114,Rack_2,30,15,pepsi_med,0.8844314217567444,223,251,242,328,232,289
frame_114,Rack_2,8,15,pepsi_med,0.9048117995262146,200,248,223,328,211,288
frame_114,Rack_2,2,15,pepsi_med,0.895169198513031,175,247,199,329,187,288
frame_114,Rack_2,16,15,pepsi_med,0.9098239541053772,154,249,174,328,164,288
frame_114,Rack_2,31,15,pepsi_med,0.8916223049163818,128,249,154,329,141,289
frame_114,Rack_2,44,15,pepsi_med,0.8758949637413025,107,251,128,328,117,289
frame_114,Rack_2,55,13,kick_med,0.6678772568702698,83,251,105,328,94,289
frame_114,Rack_2,53,13,kick_med,0.8962063789367676,62,251,82,327,72,289
frame_114,Rack_2,52,13,kick_med,0.8659000992774963,37,251,62,328,49,289
frame_114,Rack_2,56,13,kick_med,0.8101797699928284,12,251,37,330,24,290
frame_114,Rack_3,6,9,empty,0.9215025305747986,499,350,625,481,562,415
frame_114,Rack_3,13,7,coke_z_big,0.9425009489059448,459,351,495,465,477,408
frame_114,Rack_3,1,7,coke_z_big,0.9202300310134888,421,351,459,466,440,408
frame_114,Rack_3,39,5,coke_v_big,0.881007969379425,386,350,420,475,403,412
frame_114,Rack_3,4,5,coke_v_big,0.9143500924110413,349,350,385,477,367,413
frame_114,Rack_3,33,5,coke_v_big,0.8975344300270081,315,350,349,461,332,405
frame_114,Rack_3,18,5,coke_v_big,0.915937066078186,280,351,315,459,297,405
frame_114,Rack_3,10,5,coke_v_big,0.8920648694038391,246,352,280,473,263,412
frame_114,Rack_3,9,14,pepsi_big,0.8977461457252502,212,347,244,473,228,410
frame_114,Rack_3,11,14,pepsi_big,0.8938168883323669,181,346,211,470,196,408
frame_114,Rack_3,54,14,pepsi_big,0.9112339019775391,148,346,180,469,164,407
frame_114,Rack_3,19,10,fanta_grape_big,0.8322218060493469,110,346,147,469,128,407
frame_114,Rack_3,51,10,fanta_grape_big,0.5914266705513,85,346,109,466,97,406
frame_115,Rack_1,50,1,a&w_small,0.829447329044342,598,149,626,212,612,180
frame_115,Rack_1,35,1,a&w_small,0.8425215482711792,576,150,598,214,587,182
frame_115,Rack_1,32,1,a&w_small,0.7750040292739868,553,149,576,214,564,181
frame_115,Rack_1,48,1,a&w_small,0.8074084520339966,528,150,551,215,539,182
frame_115,Rack_1,37,1,a&w_small,0.7995681166648865,504,150,526,216,515,183
frame_115,Rack_1,27,1,a&w_small,0.8115730881690979,480,150,503,216,491,183
frame_115,Rack_1,36,1,a&w_small,0.8589568734169006,457,150,479,216,468,183
frame_115,Rack_1,49,4,coke_small,0.8402513265609741,434,150,456,217,445,183
frame_115,Rack_1,34,4,coke_small,0.8371771574020386,412,150,434,217,423,183
frame_115,Rack_1,12,4,coke_small,0.8649422526359558,391,150,412,218,401,184
frame_115,Rack_1,40,4,coke_small,0.9049787521362305,370,150,391,219,380,184
frame_115,Rack_1,38,4,coke_small,0.8901019096374512,349,151,370,220,359,185
frame_115,Rack_1,5,4,coke_small,0.9247945547103882,327,151,349,220,338,185
frame_115,Rack_1,21,17,sprite_small,0.7227485179901123,306,151,327,221,316,186
frame_115,Rack_1,14,17,sprite_small,0.7794039845466614,285,150,306,222,295,186
frame_115,Rack_1,25,17,sprite_small,0.7874932289123535,266,151,285,221,275,186
frame_115,Rack_1,15,17,sprite_small,0.8608719110488892,245,151,266,220,255,185
frame_115,Rack_1,28,9,empty,0.8622676730155945,112,152,244,219,178,185
frame_115,Rack_1,60,0,7up_med,0.5335642695426941,84,154,112,226,98,190
frame_115,Rack_1,57,0,7up_med,0.8724745512008667,57,152,85,228,71,190
frame_115,Rack_1,58,0,7up_med,0.7666029334068298,35,152,59,237,47,194
frame_115,Rack_1,62,0,7up_med,0.6337012052536011,11,152,37,236,24,194
frame_115,Rack_2,45,3,coke_med,0.8468338847160339,590,246,623,327,606,286
frame_115,Rack_2,20,3,coke_med,0.8791893720626831,556,247,588,327,572,287
frame_115,Rack_2,22,3,coke_med,0.8697726726531982,532,247,554,328,543,287
frame_115,Rack_2,24,3,coke_med,0.9337762594223022,504,247,530,327,517,287
frame_115,Rack_2,3,3,coke_med,0.9417273998260498,478,247,503,328,490,287
frame_115,Rack_2,47,3,coke_med,0.5089137554168701,451,247,476,328,463,287
frame_115,Rack_2,61,6,coke_v_med,0.8756495714187622,450,247,476,330,463,288
frame_115,Rack_2,41,6,coke_v_med,0.5940398573875427,422,245,448,329,435,287
frame_115,Rack_2,29,6,coke_v_med,0.6884565949440002,396,247,422,328,409,287
frame_115,Rack_2,26,2,anw_med,0.8534259796142578,370,246,394,329,382,287
frame_115,Rack_2,17,2,anw_med,0.8462079763412476,345,246,369,328,357,287
frame_115,Rack_2,43,2,anw_med,0.8407100439071655,320,246,344,328,332,287
frame_115,Rack_2,42,2,anw_med,0.8688461780548096,296,246,319,329,307,287
frame_115,Rack_2,46,2,anw_med,0.8214890956878662,271,247,295,329,283,288
frame_115,Rack_2,7,2,anw_med,0.8859261870384216,244,248,269,328,256,288
frame_115,Rack_2,30,15,pepsi_med,0.90151047706604,223,250,243,328,233,289
frame_115,Rack_2,8,15,pepsi_med,0.9140092730522156,201,249,223,328,212,288
frame_115,Rack_2,2,15,pepsi_med,0.8964909911155701,175,247,199,329,187,288
frame_115,Rack_2,16,15,pepsi_med,0.9142940640449524,155,249,175,329,165,289
frame_115,Rack_2,31,15,pepsi_med,0.8889296650886536,129,249,154,328,141,288
frame_115,Rack_2,44,15,pepsi_med,0.8799772262573242,107,251,128,328,117,289
frame_115,Rack_2,55,13,kick_med,0.7071713805198669,83,251,106,328,94,289
frame_115,Rack_2,53,13,kick_med,0.911670446395874,63,251,83,327,73,289
frame_115,Rack_2,52,13,kick_med,0.8870705366134644,38,251,62,328,50,289
frame_115,Rack_2,56,13,kick_med,0.8026721477508545,13,251,37,329,25,290
frame_115,Rack_2,63,13,kick_med,0.6266977787017822,0,248,5,331,2,289
frame_115,Rack_3,6,9,empty,0.9180837869644165,498,350,625,482,561,416
frame_115,Rack_3,13,7,coke_z_big,0.9416229128837585,460,351,496,465,478,408
frame_115,Rack_3,1,7,coke_z_big,0.9243162274360657,421,350,459,466,440,408
frame_115,Rack_3,39,5,coke_v_big,0.8623228669166565,386,350,421,475,403,412
frame_115,Rack_3,4,5,coke_v_big,0.9106007218360901,350,350,385,477,367,413
frame_115,Rack_3,33,5,coke_v_big,0.8872622847557068,316,350,349,461,332,405
frame_115,Rack_3,18,5,coke_v_big,0.8997735977172852,281,351,315,459,298,405
frame_115,Rack_3,10,5,coke_v_big,0.8953166007995605,246,352,280,473,263,412
frame_115,Rack_3,9,14,pepsi_big,0.8986943364143372,213,346,245,473,229,409
frame_115,Rack_3,11,14,pepsi_big,0.8937938213348389,181,346,212,470,196,408
frame_115,Rack_3,54,14,pepsi_big,0.9101859927177429,149,346,180,469,164,407
frame_115,Rack_3,19,10,fanta_grape_big,0.8754484057426453,111,346,148,469,129,407
frame_115,Rack_3,51,10,fanta_grape_big,0.7459453344345093,86,345,110,465,98,405
frame_116,Rack_1,50,1,a&w_small,0.85599684715271,599,149,626,213,612,181
frame_116,Rack_1,35,1,a&w_small,0.850322961807251,577,149,598,213,587,181
frame_116,Rack_1,32,1,a&w_small,0.786054790019989,554,150,576,214,565,182
frame_116,Rack_1,48,1,a&w_small,0.7794619202613831,529,150,552,215,540,182
frame_116,Rack_1,37,1,a&w_small,0.7913597226142883,505,150,527,216,516,183
frame_116,Rack_1,27,1,a&w_small,0.8181945085525513,481,150,503,216,492,183
frame_116,Rack_1,36,1,a&w_small,0.8538877964019775,458,151,479,216,468,183
frame_116,Rack_1,49,4,coke_small,0.838682234287262,434,150,456,217,445,183
frame_116,Rack_1,34,4,coke_small,0.8483413457870483,412,150,434,218,423,184
frame_116,Rack_1,12,4,coke_small,0.8625995516777039,392,151,412,219,402,185
frame_116,Rack_1,40,4,coke_small,0.9041632413864136,370,150,392,219,381,184
frame_116,Rack_1,38,4,coke_small,0.8915401101112366,349,151,370,220,359,185
frame_116,Rack_1,5,4,coke_small,0.9226343631744385,327,150,349,220,338,185
frame_116,Rack_1,21,17,sprite_small,0.7175933718681335,306,151,327,221,316,186
frame_116,Rack_1,14,17,sprite_small,0.7777190804481506,286,150,307,221,296,185
frame_116,Rack_1,25,17,sprite_small,0.7720436453819275,266,151,286,221,276,186
frame_116,Rack_1,15,17,sprite_small,0.877773106098175,245,152,266,220,255,186
frame_116,Rack_1,28,9,empty,0.8569253087043762,112,152,244,219,178,185
frame_116,Rack_1,57,0,7up_med,0.8639993667602539,58,152,86,229,72,190
frame_116,Rack_1,58,0,7up_med,0.8263691663742065,35,152,59,235,47,193
frame_116,Rack_1,62,0,7up_med,0.5904289484024048,12,152,37,236,24,194
frame_116,Rack_2,45,3,coke_med,0.867476761341095,591,246,624,327,607,286
frame_116,Rack_2,20,3,coke_med,0.8980918526649475,557,247,589,327,573,287
frame_116,Rack_2,22,3,coke_med,0.8723427057266235,533,247,555,329,544,288
frame_116,Rack_2,24,3,coke_med,0.932834267616272,505,247,531,327,518,287
frame_116,Rack_2,3,3,coke_med,0.9343355894088745,478,247,504,328,491,287
frame_116,Rack_2,61,6,coke_v_med,0.8778885006904602,451,246,477,330,464,288
frame_116,Rack_2,41,6,coke_v_med,0.5382385849952698,423,245,449,328,436,286
frame_116,Rack_2,29,6,coke_v_med,0.6052457094192505,396,247,422,328,409,287
frame_116,Rack_2,26,2,anw_med,0.866759181022644,370,246,395,329,382,287
frame_116,Rack_2,17,2,anw_med,0.8270730972290039,345,246,370,328,357,287
frame_116,Rack_2,43,2,anw_med,0.8110321760177612,320,245,345,328,332,286
frame_116,Rack_2,42,2,anw_med,0.8650609254837036,296,246,320,328,308,287
frame_116,Rack_2,46,2,anw_med,0.8203402757644653,271,247,295,329,283,288
frame_116,Rack_2,7,2,anw_med,0.8838855624198914,245,248,270,328,257,288
frame_116,Rack_2,30,15,pepsi_med,0.8728379607200623,224,250,244,328,234,289
frame_116,Rack_2,8,15,pepsi_med,0.9099847674369812,201,249,223,328,212,288
frame_116,Rack_2,2,15,pepsi_med,0.9095748066902161,176,248,200,329,188,288
frame_116,Rack_2,16,15,pepsi_med,0.9049423933029175,156,249,175,329,165,289
frame_116,Rack_2,31,15,pepsi_med,0.8961169123649597,129,249,155,328,142,288
frame_116,Rack_2,44,15,pepsi_med,0.8808110356330872,108,250,129,328,118,289
frame_116,Rack_2,55,13,kick_med,0.7318352460861206,84,252,107,328,95,290
frame_116,Rack_2,53,13,kick_med,0.9184653162956238,63,251,84,327,73,289
frame_116,Rack_2,52,13,kick_med,0.8874320983886719,38,251,63,328,50,289
frame_116,Rack_2,56,13,kick_med,0.8078573942184448,14,251,38,329,26,290
frame_116,Rack_2,63,13,kick_med,0.6152041554450989,0,250,5,330,2,290
frame_116,Rack_3,6,9,empty,0.9169132113456726,498,350,626,483,562,416
frame_116,Rack_3,13,7,coke_z_big,0.9348962306976318,461,351,497,465,479,408
frame_116,Rack_3,1,7,coke_z_big,0.9204785227775574,422,350,460,466,441,408
frame_116,Rack_3,39,5,coke_v_big,0.8445185422897339,387,350,422,475,404,412
frame_116,Rack_3,4,5,coke_v_big,0.9101523756980896,350,350,386,477,368,413
frame_116,Rack_3,33,5,coke_v_big,0.8843767642974854,316,350,350,461,333,405
frame_116,Rack_3,18,5,coke_v_big,0.8887994289398193,282,351,316,458,299,404
frame_116,Rack_3,10,5,coke_v_big,0.8975986838340759,247,352,281,473,264,412
frame_116,Rack_3,9,14,pepsi_big,0.9119467735290527,214,346,246,473,230,409
frame_116,Rack_3,11,14,pepsi_big,0.8918599486351013,182,346,212,470,197,408
frame_116,Rack_3,54,14,pepsi_big,0.9009482860565186,150,346,181,469,165,407
frame_116,Rack_3,19,10,fanta_grape_big,0.8811964988708496,112,346,148,469,130,407
frame_116,Rack_3,51,10,fanta_grape_big,0.7811964750289917,86,345,111,465,98,405
frame_117,Rack_1,50,1,a&w_small,0.8367761373519897,599,149,627,213,613,181
frame_117,Rack_1,35,1,a&w_small,0.8403552174568176,577,149,599,213,588,181
frame_117,Rack_1,32,1,a&w_small,0.8030089139938354,554,149,577,214,565,181
frame_117,Rack_1,48,1,a&w_small,0.7871290445327759,529,150,553,215,541,182
frame_117,Rack_1,37,1,a&w_small,0.8069546818733215,506,150,528,216,517,183
frame_117,Rack_1,27,1,a&w_small,0.8170836567878723,481,150,504,216,492,183
frame_117,Rack_1,36,1,a&w_small,0.8559844493865967,458,151,480,216,469,183
frame_117,Rack_1,49,4,coke_small,0.8041199445724487,435,150,457,217,446,183
frame_117,Rack_1,34,4,coke_small,0.8324295282363892,413,151,435,218,424,184
frame_117,Rack_1,12,4,coke_small,0.8479056358337402,392,151,413,218,402,184
frame_117,Rack_1,40,4,coke_small,0.884939968585968,371,151,392,219,381,185
frame_117,Rack_1,38,4,coke_small,0.8712717890739441,350,151,371,220,360,185
frame_117,Rack_1,5,4,coke_small,0.9024823904037476,328,150,350,220,339,185
frame_117,Rack_1,21,17,sprite_small,0.7485178112983704,307,151,328,221,317,186
frame_117,Rack_1,14,17,sprite_small,0.8032669425010681,287,150,307,221,297,185
frame_117,Rack_1,25,17,sprite_small,0.797555685043335,267,150,287,221,277,185
frame_117,Rack_1,15,17,sprite_small,0.8946784734725952,246,151,267,220,256,185
frame_117,Rack_1,28,9,empty,0.8597244024276733,113,152,245,219,179,185
frame_117,Rack_1,60,0,7up_med,0.6081702709197998,85,154,113,224,99,189
frame_117,Rack_1,57,0,7up_med,0.8442750573158264,59,152,86,229,72,190
frame_117,Rack_1,58,0,7up_med,0.8445044755935669,36,152,59,234,47,193
frame_117,Rack_1,62,0,7up_med,0.5974315404891968,12,152,37,234,24,193
frame_117,Rack_2,45,3,coke_med,0.8182926774024963,592,246,624,327,608,286
frame_117,Rack_2,20,3,coke_med,0.9068824052810669,558,247,590,327,574,287
frame_117,Rack_2,22,3,coke_med,0.895797610282898,533,247,556,329,544,288
frame_117,Rack_2,24,3,coke_med,0.9231531023979187,506,247,532,327,519,287
frame_117,Rack_2,3,3,coke_med,0.9430487155914307,479,247,505,328,492,287
frame_117,Rack_2,61,6,coke_v_med,0.8997285962104797,452,246,478,330,465,288
frame_117,Rack_2,41,6,coke_v_med,0.5837178826332092,424,246,450,328,437,287
frame_117,Rack_2,29,6,coke_v_med,0.5333236455917358,397,247,423,328,410,287
frame_117,Rack_2,26,2,anw_med,0.8503258228302002,371,246,396,329,383,287
frame_117,Rack_2,17,2,anw_med,0.8517941236495972,346,246,370,328,358,287
frame_117,Rack_2,43,2,anw_med,0.8164595365524292,321,245,345,328,333,286
frame_117,Rack_2,42,2,anw_med,0.8753981590270996,297,246,320,328,308,287
frame_117,Rack_2,46,2,anw_med,0.8485218286514282,272,247,296,329,284,288
frame_117,Rack_2,7,2,anw_med,0.8847842216491699,246,248,271,328,258,288
frame_117,Rack_2,30,15,pepsi_med,0.8591914772987366,224,249,244,327,234,288
frame_117,Rack_2,8,15,pepsi_med,0.9019683003425598,202,248,224,328,213,288
frame_117,Rack_2,2,15,pepsi_med,0.9133220314979553,176,248,200,329,188,288
frame_117,Rack_2,16,15,pepsi_med,0.8777393698692322,156,248,176,328,166,288
frame_117,Rack_2,31,15,pepsi_med,0.8878726959228516,130,249,155,328,142,288
frame_117,Rack_2,44,15,pepsi_med,0.889082133769989,109,250,130,328,119,289
frame_117,Rack_2,55,13,kick_med,0.7736977934837341,85,252,107,328,96,290
frame_117,Rack_2,53,13,kick_med,0.8872730731964111,64,251,84,327,74,289
frame_117,Rack_2,52,13,kick_med,0.881076455116272,39,250,64,328,51,289
frame_117,Rack_2,56,13,kick_med,0.8166216015815735,13,251,38,329,25,290
frame_117,Rack_2,63,13,kick_med,0.5521027445793152,0,250,5,330,2,290
frame_117,Rack_3,6,9,empty,0.9152258038520813,498,350,626,483,562,416
frame_117,Rack_3,13,7,coke_z_big,0.9237246513366699,461,351,498,465,479,408
frame_117,Rack_3,1,7,coke_z_big,0.9217125177383423,423,351,461,466,442,408
frame_117,Rack_3,39,5,coke_v_big,0.83046954870224,388,350,423,475,405,412
frame_117,Rack_3,4,5,coke_v_big,0.9045146107673645,351,350,387,477,369,413
frame_117,Rack_3,33,5,coke_v_big,0.8662281632423401,317,350,351,461,334,405
frame_117,Rack_3,18,5,coke_v_big,0.8781840205192566,283,351,316,458,299,404
frame_117,Rack_3,10,5,coke_v_big,0.8949805498123169,247,351,282,473,264,412
frame_117,Rack_3,9,14,pepsi_big,0.9263544082641602,215,346,246,473,230,409
frame_117,Rack_3,11,14,pepsi_big,0.9117398262023926,183,346,213,470,198,408
frame_117,Rack_3,54,14,pepsi_big,0.8954504132270813,150,346,182,469,166,407
frame_117,Rack_3,19,10,fanta_grape_big,0.8739234209060669,112,346,149,469,130,407
frame_117,Rack_3,51,10,fanta_grape_big,0.7725548148155212,87,346,111,465,99,405
frame_117,Rack_3,23,12,fanta_straw_big,0.6499022245407104,23,344,60,453,41,398
frame_118,Rack_1,50,1,a&w_small,0.8295837044715881,600,149,628,213,614,181
frame_118,Rack_1,35,1,a&w_small,0.8255797028541565,578,149,599,213,588,181
frame_118,Rack_1,32,1,a&w_small,0.785584032535553,555,149,578,214,566,181
frame_118,Rack_1,48,1,a&w_small,0.7838348150253296,530,150,554,215,542,182
frame_118,Rack_1,37,1,a&w_small,0.8239411115646362,506,150,529,216,517,183
frame_118,Rack_1,27,1,a&w_small,0.8366244435310364,482,150,505,216,493,183
frame_118,Rack_1,36,1,a&w_small,0.8739498853683472,459,151,481,216,470,183
frame_118,Rack_1,49,4,coke_small,0.732113242149353,436,150,458,217,447,183
frame_118,Rack_1,34,4,coke_small,0.8442938923835754,414,150,435,217,424,183
frame_118,Rack_1,12,4,coke_small,0.8416225910186768,393,150,414,218,403,184
frame_118,Rack_1,40,4,coke_small,0.8951426148414612,372,151,393,219,382,185
frame_118,Rack_1,38,4,coke_small,0.8457713723182678,351,151,372,220,361,185
frame_118,Rack_1,5,4,coke_small,0.9188143014907837,329,150,350,220,339,185
frame_118,Rack_1,21,17,sprite_small,0.7897494435310364,308,150,328,220,318,185
frame_118,Rack_1,14,17,sprite_small,0.8217498064041138,287,150,308,221,297,185
frame_118,Rack_1,25,17,sprite_small,0.8153253197669983,268,150,288,221,278,185
frame_118,Rack_1,15,17,sprite_small,0.9022286534309387,246,151,268,220,257,185
frame_118,Rack_1,28,9,empty,0.8609024882316589,113,152,245,219,179,185
frame_118,Rack_1,60,0,7up_med,0.6127488017082214,86,153,114,224,100,188
frame_118,Rack_1,57,0,7up_med,0.8261129856109619,59,152,87,230,73,191
frame_118,Rack_1,58,0,7up_med,0.8470895886421204,37,152,60,234,48,193
frame_118,Rack_1,62,0,7up_med,0.5496710538864136,13,152,38,236,25,194
frame_118,Rack_2,45,3,coke_med,0.8504270911216736,593,245,626,327,609,286
frame_118,Rack_2,20,3,coke_med,0.9108846187591553,559,247,591,327,575,287
frame_118,Rack_2,22,3,coke_med,0.9009290337562561,534,247,557,329,545,288
frame_118,Rack_2,24,3,coke_med,0.9098017811775208,506,247,533,328,519,287
frame_118,Rack_2,3,3,coke_med,0.9351834058761597,480,247,506,328,493,287
frame_118,Rack_2,61,6,coke_v_med,0.8979604244232178,453,246,479,330,466,288
frame_118,Rack_2,41,6,coke_v_med,0.5765179991722107,425,246,451,328,438,287
frame_118,Rack_2,29,6,coke_v_med,0.5380472540855408,398,246,424,328,411,287
frame_118,Rack_2,26,2,anw_med,0.8559179902076721,372,246,396,329,384,287
frame_118,Rack_2,17,2,anw_med,0.841184139251709,346,246,371,328,358,287
frame_118,Rack_2,43,2,anw_med,0.8233931660652161,321,245,346,328,333,286
frame_118,Rack_2,42,2,anw_med,0.8768382668495178,297,246,321,328,309,287
frame_118,Rack_2,46,2,anw_med,0.8541149497032166,272,247,297,329,284,288
frame_118,Rack_2,7,2,anw_med,0.8900701999664307,246,247,272,328,259,287
frame_118,Rack_2,30,15,pepsi_med,0.8424138426780701,225,249,245,327,235,288
frame_118,Rack_2,8,15,pepsi_med,0.9027576446533203,202,248,225,327,213,287
frame_118,Rack_2,2,15,pepsi_med,0.9003162980079651,177,248,201,328,189,288
frame_118,Rack_2,16,15,pepsi_med,0.9016432762145996,157,248,177,328,167,288
frame_118,Rack_2,31,15,pepsi_med,0.886989951133728,131,249,156,328,143,288
frame_118,Rack_2,44,15,pepsi_med,0.8990950584411621,109,250,130,328,119,289
frame_118,Rack_2,55,13,kick_med,0.7827932238578796,86,252,108,328,97,290
frame_118,Rack_2,53,13,kick_med,0.8739590644836426,65,251,85,327,75,289
frame_118,Rack_2,52,13,kick_med,0.8832138776779175,40,251,64,328,52,289
frame_118,Rack_2,56,13,kick_med,0.8291388154029846,15,252,39,329,27,290
frame_118,Rack_3,6,9,empty,0.9203148484230042,499,350,626,483,562,416
frame_118,Rack_3,13,7,coke_z_big,0.9269559979438782,462,351,499,465,480,408
frame_118,Rack_3,1,7,coke_z_big,0.9232537746429443,424,351,461,466,442,408
frame_118,Rack_3,39,5,coke_v_big,0.8013718724250793,388,350,423,476,405,413
frame_118,Rack_3,4,5,coke_v_big,0.8958021998405457,352,350,388,477,370,413
frame_118,Rack_3,33,5,coke_v_big,0.857014000415802,317,350,351,461,334,405
frame_118,Rack_3,18,5,coke_v_big,0.8516232967376709,283,351,317,458,300,404
frame_118,Rack_3,10,5,coke_v_big,0.8917961120605469,248,351,282,472,265,411
frame_118,Rack_3,9,14,pepsi_big,0.934094250202179,215,346,247,473,231,409
frame_118,Rack_3,11,14,pepsi_big,0.912156879901886,183,346,214,470,198,408
frame_118,Rack_3,54,14,pepsi_big,0.8841022849082947,151,346,182,469,166,407
frame_118,Rack_3,19,10,fanta_grape_big,0.8874162435531616,113,346,150,469,131,407
frame_118,Rack_3,51,10,fanta_grape_big,0.7645601034164429,88,346,112,464,100,405
frame_118,Rack_3,23,12,fanta_straw_big,0.7132048010826111,24,344,61,453,42,398
frame_119,Rack_1,50,1,a&w_small,0.8103169798851013,602,149,630,213,616,181
frame_119,Rack_1,35,1,a&w_small,0.8243862986564636,579,149,601,213,590,181
frame_119,Rack_1,32,1,a&w_small,0.8016916513442993,556,149,579,215,567,182
frame_119,Rack_1,48,1,a&w_small,0.80008864402771,531,150,555,215,543,182
frame_119,Rack_1,37,1,a&w_small,0.8376857042312622,507,150,529,216,518,183
frame_119,Rack_1,27,1,a&w_small,0.8305442333221436,483,150,505,216,494,183
frame_119,Rack_1,36,1,a&w_small,0.8748605251312256,460,151,482,216,471,183
frame_119,Rack_1,49,4,coke_small,0.7549195289611816,437,150,459,217,448,183
frame_119,Rack_1,34,4,coke_small,0.8438109159469604,414,150,436,217,425,183
frame_119,Rack_1,12,4,coke_small,0.8402912020683289,394,150,414,218,404,184
frame_119,Rack_1,40,4,coke_small,0.8878725171089172,373,151,394,219,383,185
frame_119,Rack_1,38,4,coke_small,0.8545364141464233,351,150,373,220,362,185
frame_119,Rack_1,5,4,coke_small,0.9380130767822266,330,150,351,220,340,185
frame_119,Rack_1,21,17,sprite_small,0.809415340423584,308,151,329,221,318,186
frame_119,Rack_1,14,17,sprite_small,0.8532449007034302,288,150,309,221,298,185
frame_119,Rack_1,25,17,sprite_small,0.8389182090759277,269,150,288,221,278,185
frame_119,Rack_1,15,17,sprite_small,0.9015147089958191,247,151,268,220,257,185
frame_119,Rack_1,28,9,empty,0.8589641451835632,113,152,246,219,179,185
frame_119,Rack_1,60,0,7up_med,0.7131636142730713,87,153,114,223,100,188
frame_119,Rack_1,57,0,7up_med,0.8446139097213745,60,152,88,231,74,191
frame_119,Rack_1,58,0,7up_med,0.881268322467804,37,152,61,235,49,193
frame_119,Rack_1,62,0,7up_med,0.7452343106269836,13,152,39,239,26,195
frame_119,Rack_2,45,3,coke_med,0.8237928152084351,593,245,626,327,609,286
frame_119,Rack_2,20,3,coke_med,0.8893731832504272,560,247,592,328,576,287
frame_119,Rack_2,22,3,coke_med,0.8947442770004272,535,247,558,329,546,288
frame_119,Rack_2,24,3,coke_med,0.9032175540924072,507,248,534,328,520,288
frame_119,Rack_2,3,3,coke_med,0.928617537021637,481,247,506,328,493,287
frame_119,Rack_2,61,6,coke_v_med,0.8670490980148315,453,246,480,329,466,287
frame_119,Rack_2,41,6,coke_v_med,0.669355571269989,426,246,452,328,439,287
frame_119,Rack_2,29,6,coke_v_med,0.6078864336013794,398,246,425,328,411,287
frame_119,Rack_2,26,2,anw_med,0.8709233403205872,373,247,397,329,385,288
frame_119,Rack_2,17,2,anw_med,0.8455268740653992,347,246,371,328,359,287
frame_119,Rack_2,43,2,anw_med,0.8444779515266418,322,245,346,328,334,286
frame_119,Rack_2,42,2,anw_med,0.8676292896270752,298,246,321,328,309,287
frame_119,Rack_2,46,2,anw_med,0.8321981430053711,273,246,297,328,285,287
frame_119,Rack_2,7,2,anw_med,0.8844916224479675,247,247,272,328,259,287
frame_119,Rack_2,30,15,pepsi_med,0.8282061219215393,226,249,246,327,236,288
frame_119,Rack_2,8,15,pepsi_med,0.9029286503791809,203,248,225,327,214,287
frame_119,Rack_2,2,15,pepsi_med,0.9015430212020874,178,248,201,328,189,288
frame_119,Rack_2,16,15,pepsi_med,0.9120786190032959,158,248,177,328,167,288
frame_119,Rack_2,31,15,pepsi_med,0.9125667214393616,131,250,157,328,144,289
frame_119,Rack_2,44,15,pepsi_med,0.9021399617195129,110,251,131,328,120,289
frame_119,Rack_2,55,13,kick_med,0.7809619903564453,87,252,109,328,98,290
frame_119,Rack_2,53,13,kick_med,0.9049348831176758,65,251,86,328,75,289
frame_119,Rack_2,52,13,kick_med,0.8820178508758545,40,251,65,328,52,289
frame_119,Rack_2,56,13,kick_med,0.8533046245574951,16,252,40,328,28,290
frame_119,Rack_2,63,13,kick_med,0.7412590980529785,1,251,7,330,4,290
frame_119,Rack_3,6,9,empty,0.9140012264251709,499,350,626,483,562,416
frame_119,Rack_3,13,7,coke_z_big,0.9211363196372986,463,351,499,465,481,408
frame_119,Rack_3,1,7,coke_z_big,0.925344705581665,424,351,462,465,443,408
frame_119,Rack_3,39,5,coke_v_big,0.8261854648590088,389,350,424,476,406,413
frame_119,Rack_3,4,5,coke_v_big,0.8960800170898438,352,350,388,477,370,413
frame_119,Rack_3,33,5,coke_v_big,0.8804031610488892,318,349,352,461,335,405
frame_119,Rack_3,18,5,coke_v_big,0.8461490273475647,284,351,318,457,301,404
frame_119,Rack_3,10,5,coke_v_big,0.8818681240081787,249,351,283,472,266,411
frame_119,Rack_3,9,14,pepsi_big,0.9382614493370056,216,346,248,473,232,409
frame_119,Rack_3,11,14,pepsi_big,0.9186877608299255,184,346,215,470,199,408
frame_119,Rack_3,54,14,pepsi_big,0.8817877173423767,151,346,183,469,167,407
frame_119,Rack_3,19,10,fanta_grape_big,0.8770623803138733,114,346,150,469,132,407
frame_119,Rack_3,51,10,fanta_grape_big,0.7710937857627869,89,346,113,465,101,405
frame_119,Rack_3,23,12,fanta_straw_big,0.7554886937141418,25,344,61,453,43,398
frame_120,Rack_1,50,1,a&w_small,0.8703002333641052,602,149,630,212,616,180
frame_120,Rack_1,35,1,a&w_small,0.8249027132987976,580,149,602,213,591,181
frame_120,Rack_1,32,1,a&w_small,0.8535264134407043,558,149,580,214,569,181
frame_120,Rack_1,48,1,a&w_small,0.832406759262085,533,150,556,215,544,182
frame_120,Rack_1,37,1,a&w_small,0.8566883206367493,508,150,531,216,519,183
frame_120,Rack_1,27,1,a&w_small,0.8119216561317444,483,149,506,216,494,182
frame_120,Rack_1,36,1,a&w_small,0.8742832541465759,461,150,483,216,472,183
frame_120,Rack_1,49,4,coke_small,0.6609876751899719,438,150,460,217,449,183
frame_120,Rack_1,34,4,coke_small,0.8559026718139648,415,149,437,217,426,183
frame_120,Rack_1,12,4,coke_small,0.8773026466369629,394,150,415,218,404,184
frame_120,Rack_1,40,4,coke_small,0.8679533004760742,373,150,394,219,383,184
frame_120,Rack_1,38,4,coke_small,0.8726303577423096,352,149,373,220,362,184
frame_120,Rack_1,5,4,coke_small,0.9376111030578613,330,150,352,220,341,185
frame_120,Rack_1,21,17,sprite_small,0.8541096448898315,309,150,330,221,319,185
frame_120,Rack_1,14,17,sprite_small,0.8422203063964844,289,150,309,222,299,186
frame_120,Rack_1,25,17,sprite_small,0.849181592464447,269,151,289,221,279,186
frame_120,Rack_1,15,17,sprite_small,0.9141978025436401,248,150,269,220,258,185
frame_120,Rack_1,28,9,empty,0.85342937707901,114,151,247,219,180,185
frame_120,Rack_1,57,0,7up_med,0.7141972184181213,60,154,89,235,74,194
frame_120,Rack_1,58,0,7up_med,0.7202568054199219,38,154,61,238,49,196
frame_120,Rack_2,45,3,coke_med,0.851576030254364,594,245,627,327,610,286
frame_120,Rack_2,20,3,coke_med,0.9059706926345825,560,247,593,328,576,287
frame_120,Rack_2,22,3,coke_med,0.863576352596283,536,247,559,328,547,287
frame_120,Rack_2,24,3,coke_med,0.874911367893219,508,248,534,327,521,287
frame_120,Rack_2,3,3,coke_med,0.9159926176071167,482,247,508,328,495,287
frame_120,Rack_2,61,6,coke_v_med,0.8169733285903931,454,246,480,328,467,287
frame_120,Rack_2,41,6,coke_v_med,0.526404619216919,427,247,453,328,440,287
frame_120,Rack_2,26,2,anw_med,0.8468911647796631,374,247,398,329,386,288
frame_120,Rack_2,17,2,anw_med,0.8277166485786438,348,246,372,328,360,287
frame_120,Rack_2,43,2,anw_med,0.8676654100418091,323,245,347,328,335,286
frame_120,Rack_2,42,2,anw_med,0.8533255457878113,298,246,322,328,310,287
frame_120,Rack_2,46,2,anw_med,0.8189273476600647,274,247,298,329,286,288
frame_120,Rack_2,7,2,anw_med,0.8733784556388855,247,247,273,329,260,288
frame_120,Rack_2,30,15,pepsi_med,0.872755765914917,227,249,246,327,236,288
frame_120,Rack_2,8,15,pepsi_med,0.8875342607498169,204,248,226,327,215,287
frame_120,Rack_2,2,15,pepsi_med,0.8976925015449524,179,248,202,328,190,288
frame_120,Rack_2,16,15,pepsi_med,0.9257339835166931,158,248,178,328,168,288
frame_120,Rack_2,31,15,pepsi_med,0.9105181097984314,132,250,157,328,144,289
frame_120,Rack_2,44,15,pepsi_med,0.9081395864486694,110,250,131,328,120,289
frame_120,Rack_2,55,13,kick_med,0.7889970541000366,87,251,109,328,98,289
frame_120,Rack_2,53,13,kick_med,0.905703604221344,66,251,87,328,76,289
frame_120,Rack_2,52,13,kick_med,0.8826939463615417,41,251,65,328,53,289
frame_120,Rack_2,56,13,kick_med,0.7513576745986938,17,252,41,328,29,290
frame_120,Rack_3,6,9,empty,0.9132285714149475,501,350,627,483,564,416
frame_120,Rack_3,13,7,coke_z_big,0.9315382242202759,463,351,500,464,481,407
frame_120,Rack_3,1,7,coke_z_big,0.9310218095779419,425,351,463,465,444,408
frame_120,Rack_3,39,5,coke_v_big,0.8340281844139099,390,350,424,476,407,413
frame_120,Rack_3,4,5,coke_v_big,0.8885429501533508,353,349,389,477,371,413
frame_120,Rack_3,33,5,coke_v_big,0.893304705619812,319,349,353,460,336,404
frame_120,Rack_3,18,5,coke_v_big,0.8460996150970459,285,351,318,457,301,404
frame_120,Rack_3,10,5,coke_v_big,0.8878721594810486,249,351,284,472,266,411
frame_120,Rack_3,9,14,pepsi_big,0.9352774024009705,216,347,248,473,232,410
frame_120,Rack_3,11,14,pepsi_big,0.9023956060409546,185,347,215,470,200,408
frame_120,Rack_3,54,14,pepsi_big,0.8741375803947449,152,346,184,469,168,407
frame_120,Rack_3,19,10,fanta_grape_big,0.8783036470413208,114,346,151,469,132,407
frame_120,Rack_3,51,10,fanta_grape_big,0.76541668176651,89,346,114,465,101,405
frame_120,Rack_3,23,12,fanta_straw_big,0.8959577679634094,26,345,62,453,44,399
frame_121,Rack_1,50,1,a&w_small,0.8766428828239441,604,148,632,212,618,180
frame_121,Rack_1,35,1,a&w_small,0.8099804520606995,581,149,603,212,592,180
frame_121,Rack_1,32,1,a&w_small,0.8581609129905701,559,149,582,214,570,181
frame_121,Rack_1,48,1,a&w_small,0.8274989724159241,534,150,557,214,545,182
frame_121,Rack_1,37,1,a&w_small,0.8616166710853577,509,150,532,215,520,182
frame_121,Rack_1,27,1,a&w_small,0.8373478055000305,485,149,508,216,496,182
frame_121,Rack_1,36,1,a&w_small,0.8734245896339417,462,149,484,216,473,182
frame_121,Rack_1,49,4,coke_small,0.7740070819854736,439,149,461,217,450,183
frame_121,Rack_1,34,4,coke_small,0.8669741749763489,416,149,438,217,427,183
frame_121,Rack_1,12,4,coke_small,0.8424904346466064,395,150,416,218,405,184
frame_121,Rack_1,40,4,coke_small,0.8675290942192078,374,150,395,219,384,184
frame_121,Rack_1,38,4,coke_small,0.8894942998886108,353,149,374,219,363,184
frame_121,Rack_1,5,4,coke_small,0.9290380477905273,331,150,353,219,342,184
frame_121,Rack_1,21,17,sprite_small,0.8517745733261108,310,150,331,220,320,185
frame_121,Rack_1,14,17,sprite_small,0.800634503364563,289,149,310,221,299,185
frame_121,Rack_1,25,17,sprite_small,0.8213990330696106,270,151,289,220,279,185
frame_121,Rack_1,15,17,sprite_small,0.9036040306091309,248,150,270,219,259,184
frame_121,Rack_1,28,9,empty,0.8455402851104736,115,151,246,218,180,184
frame_121,Rack_1,57,0,7up_med,0.7371566891670227,62,153,88,229,75,191
frame_121,Rack_1,58,0,7up_med,0.8114251494407654,39,154,61,228,50,191
frame_121,Rack_2,45,3,coke_med,0.8531463742256165,596,246,629,327,612,286
frame_121,Rack_2,20,3,coke_med,0.8995286226272583,561,247,594,329,577,288
frame_121,Rack_2,22,3,coke_med,0.845001757144928,537,247,560,328,548,287
frame_121,Rack_2,24,3,coke_med,0.8939566016197205,510,248,536,328,523,288
frame_121,Rack_2,3,3,coke_med,0.9166074395179749,483,247,509,328,496,287
frame_121,Rack_2,47,3,coke_med,0.6901191473007202,455,248,481,327,468,287
frame_121,Rack_2,61,6,coke_v_med,0.6896229386329651,455,246,481,328,468,287
frame_121,Rack_2,41,6,coke_v_med,0.5602801442146301,427,247,453,328,440,287
frame_121,Rack_2,26,2,anw_med,0.8514929413795471,374,247,399,329,386,288
frame_121,Rack_2,17,2,anw_med,0.8830462098121643,349,246,373,328,361,287
frame_121,Rack_2,43,2,anw_med,0.8607950806617737,324,246,348,328,336,287
frame_121,Rack_2,42,2,anw_med,0.8640825152397156,299,246,322,328,310,287
frame_121,Rack_2,46,2,anw_med,0.8267496824264526,274,247,298,328,286,287
frame_121,Rack_2,7,2,anw_med,0.8968056440353394,248,248,273,328,260,288
frame_121,Rack_2,30,15,pepsi_med,0.8811894655227661,227,250,247,328,237,289
frame_121,Rack_2,8,15,pepsi_med,0.8861560821533203,204,248,227,327,215,287
frame_121,Rack_2,2,15,pepsi_med,0.8975614905357361,179,248,203,328,191,288
frame_121,Rack_2,16,15,pepsi_med,0.9151028990745544,159,248,179,328,169,288
frame_121,Rack_2,31,15,pepsi_med,0.9097757339477539,133,250,158,328,145,289
frame_121,Rack_2,44,15,pepsi_med,0.9022218585014343,111,251,132,327,121,289
frame_121,Rack_2,55,13,kick_med,0.7089471220970154,88,251,110,327,99,289
frame_121,Rack_2,53,13,kick_med,0.8861122727394104,67,252,87,328,77,290
frame_121,Rack_2,52,13,kick_med,0.8653351068496704,42,252,66,328,54,290
frame_121,Rack_2,56,13,kick_med,0.8244516849517822,18,252,42,328,30,290
frame_121,Rack_2,63,13,kick_med,0.5356210470199585,0,250,6,330,3,290
frame_121,Rack_3,6,9,empty,0.9158557057380676,501,350,628,483,564,416
frame_121,Rack_3,13,7,coke_z_big,0.9279224276542664,464,351,501,464,482,407
frame_121,Rack_3,1,7,coke_z_big,0.9314695596694946,426,352,464,465,445,408
frame_121,Rack_3,39,5,coke_v_big,0.8304538726806641,391,351,425,476,408,413
frame_121,Rack_3,4,5,coke_v_big,0.8845284581184387,354,350,390,477,372,413
frame_121,Rack_3,33,5,coke_v_big,0.9146589636802673,320,350,354,460,337,405
frame_121,Rack_3,18,5,coke_v_big,0.8785237073898315,285,351,319,457,302,404
frame_121,Rack_3,10,5,coke_v_big,0.9086624383926392,250,351,284,473,267,412
frame_121,Rack_3,9,14,pepsi_big,0.9319494962692261,217,346,249,473,233,409
frame_121,Rack_3,11,14,pepsi_big,0.89658522605896,185,347,216,470,200,408
frame_121,Rack_3,54,14,pepsi_big,0.8810741305351257,153,346,184,470,168,408
frame_121,Rack_3,19,10,fanta_grape_big,0.9005889892578125,115,346,152,469,133,407
frame_121,Rack_3,51,10,fanta_grape_big,0.7731655240058899,90,346,114,465,102,405
frame_121,Rack_3,59,10,fanta_grape_big,0.5772961378097534,63,346,90,462,76,404
frame_121,Rack_3,23,12,fanta_straw_big,0.8937830328941345,26,345,63,454,44,399
frame_122,Rack_1,50,1,a&w_small,0.8799067139625549,605,148,633,212,619,180
frame_122,Rack_1,35,1,a&w_small,0.8026016354560852,582,149,603,212,592,180
frame_122,Rack_1,32,1,a&w_small,0.8307045102119446,559,149,582,213,570,181
frame_122,Rack_1,48,1,a&w_small,0.8193828463554382,534,149,558,214,546,181
frame_122,Rack_1,37,1,a&w_small,0.8769160509109497,510,149,533,215,521,182
frame_122,Rack_1,27,1,a&w_small,0.8446127772331238,486,149,509,216,497,182
frame_122,Rack_1,36,1,a&w_small,0.8290621042251587,463,149,485,216,474,182
frame_122,Rack_1,49,4,coke_small,0.8230016231536865,439,149,462,217,450,183
frame_122,Rack_1,34,4,coke_small,0.8848978877067566,416,149,438,217,427,183
frame_122,Rack_1,12,4,coke_small,0.8741132616996765,396,151,416,219,406,185
frame_122,Rack_1,40,4,coke_small,0.8432763814926147,375,150,396,219,385,184
frame_122,Rack_1,38,4,coke_small,0.8944335579872131,353,149,375,219,364,184
frame_122,Rack_1,5,4,coke_small,0.9240076541900635,332,150,354,219,343,184
frame_122,Rack_1,21,17,sprite_small,0.8182441592216492,311,150,331,220,321,185
frame_122,Rack_1,14,17,sprite_small,0.7990244030952454,290,150,310,220,300,185
frame_122,Rack_1,25,17,sprite_small,0.8345000147819519,271,151,290,220,280,185
frame_122,Rack_1,15,17,sprite_small,0.9117377400398254,249,150,270,219,259,184
frame_122,Rack_1,28,9,empty,0.8535659313201904,116,151,247,218,181,184
frame_122,Rack_1,57,0,7up_med,0.7052286267280579,63,154,89,228,76,191
frame_122,Rack_1,58,0,7up_med,0.7904303669929504,41,155,61,224,51,189
frame_122,Rack_2,45,3,coke_med,0.8262730836868286,597,246,630,327,613,286
frame_122,Rack_2,20,3,coke_med,0.8986309170722961,562,247,595,329,578,288
frame_122,Rack_2,22,3,coke_med,0.8740805387496948,537,248,560,328,548,288
frame_122,Rack_2,24,3,coke_med,0.9113548994064331,511,248,537,328,524,288
frame_122,Rack_2,3,3,coke_med,0.9335252046585083,484,247,510,328,497,287
frame_122,Rack_2,47,3,coke_med,0.6192783713340759,456,248,482,328,469,288
frame_122,Rack_2,61,6,coke_v_med,0.8099188208580017,456,246,482,328,469,287
frame_122,Rack_2,41,6,coke_v_med,0.6745960712432861,429,247,454,328,441,287
frame_122,Rack_2,29,6,coke_v_med,0.6145884990692139,401,246,427,328,414,287
frame_122,Rack_2,26,2,anw_med,0.8660814166069031,375,246,400,329,387,287
frame_122,Rack_2,17,2,anw_med,0.895034909248352,350,246,374,328,362,287
frame_122,Rack_2,43,2,anw_med,0.8618395924568176,324,246,349,328,336,287
frame_122,Rack_2,42,2,anw_med,0.8733334541320801,300,246,323,328,311,287
frame_122,Rack_2,46,2,anw_med,0.831619381904602,275,247,299,328,287,287
frame_122,Rack_2,7,2,anw_med,0.8876926898956299,249,247,274,328,261,287
frame_122,Rack_2,30,15,pepsi_med,0.8817881941795349,228,250,248,328,238,289
frame_122,Rack_2,8,15,pepsi_med,0.8879261016845703,205,248,228,328,216,288
frame_122,Rack_2,2,15,pepsi_med,0.9006634950637817,180,248,204,328,192,288
frame_122,Rack_2,16,15,pepsi_med,0.8700177669525146,160,249,179,328,169,288
frame_122,Rack_2,31,15,pepsi_med,0.9121226668357849,133,249,159,328,146,288
frame_122,Rack_2,44,15,pepsi_med,0.8709667921066284,112,251,132,327,122,289
frame_122,Rack_2,55,13,kick_med,0.7873176336288452,88,251,111,327,99,289
frame_122,Rack_2,53,13,kick_med,0.8795539140701294,68,252,88,328,78,290
frame_122,Rack_2,52,13,kick_med,0.8701374530792236,43,252,67,328,55,290
frame_122,Rack_2,56,13,kick_med,0.8240397572517395,19,252,43,328,31,290
frame_122,Rack_3,6,9,empty,0.9168293476104736,502,350,628,483,565,416
frame_122,Rack_3,13,7,coke_z_big,0.9265145659446716,465,351,502,464,483,407
frame_122,Rack_3,1,7,coke_z_big,0.9282943606376648,427,352,465,465,446,408
frame_122,Rack_3,39,5,coke_v_big,0.7768308520317078,392,351,426,476,409,413
frame_122,Rack_3,4,5,coke_v_big,0.8762430548667908,355,350,391,477,373,413
frame_122,Rack_3,33,5,coke_v_big,0.9093288779258728,321,350,354,460,337,405
frame_122,Rack_3,18,5,coke_v_big,0.8918620944023132,286,351,320,458,303,404
frame_122,Rack_3,10,5,coke_v_big,0.9135255217552185,251,351,285,473,268,412
frame_122,Rack_3,9,14,pepsi_big,0.9326716065406799,218,346,249,473,233,409
frame_122,Rack_3,11,14,pepsi_big,0.8959188461303711,186,347,217,470,201,408
frame_122,Rack_3,54,14,pepsi_big,0.901808500289917,153,346,185,470,169,408
frame_122,Rack_3,19,10,fanta_grape_big,0.9029967784881592,116,346,153,469,134,407
frame_122,Rack_3,51,10,fanta_grape_big,0.672042727470398,91,346,115,465,103,405
frame_122,Rack_3,23,12,fanta_straw_big,0.9174144864082336,27,345,64,454,45,399
frame_122,Rack_3,64,12,fanta_straw_big,0.7371494770050049,3,344,27,453,15,398
frame_123,Rack_1,50,1,a&w_small,0.8563750982284546,606,149,633,212,619,180
frame_123,Rack_1,35,1,a&w_small,0.8258092999458313,584,149,605,212,594,180
frame_123,Rack_1,32,1,a&w_small,0.8090892434120178,560,149,583,213,571,181
frame_123,Rack_1,48,1,a&w_small,0.822312593460083,535,150,559,214,547,182
frame_123,Rack_1,37,1,a&w_small,0.8743216395378113,511,150,534,215,522,182
frame_123,Rack_1,27,1,a&w_small,0.8430448174476624,487,149,510,216,498,182
frame_123,Rack_1,36,1,a&w_small,0.8305701613426208,464,149,486,216,475,182
frame_123,Rack_1,49,4,coke_small,0.835155189037323,440,150,462,217,451,183
frame_123,Rack_1,34,4,coke_small,0.8825646042823792,417,150,439,217,428,183
frame_123,Rack_1,12,4,coke_small,0.872306227684021,397,151,417,219,407,185
frame_123,Rack_1,40,4,coke_small,0.8312917947769165,376,150,397,219,386,184
frame_123,Rack_1,38,4,coke_small,0.9088520407676697,354,150,375,219,364,184
frame_123,Rack_1,5,4,coke_small,0.9201977252960205,333,150,355,220,344,185
frame_123,Rack_1,21,17,sprite_small,0.8235947489738464,311,151,332,220,321,185
frame_123,Rack_1,14,17,sprite_small,0.8337492346763611,291,151,311,221,301,186
frame_123,Rack_1,25,17,sprite_small,0.8413697481155396,272,151,291,220,281,185
frame_123,Rack_1,15,17,sprite_small,0.8903303742408752,250,151,271,220,260,185
frame_123,Rack_1,28,9,empty,0.8661767244338989,117,152,248,219,182,185
frame_123,Rack_1,60,0,7up_med,0.5756537318229675,90,154,118,225,104,189
frame_123,Rack_1,57,0,7up_med,0.8038053512573242,63,153,91,233,77,193
frame_123,Rack_1,58,0,7up_med,0.8532936573028564,41,153,63,227,52,190
frame_123,Rack_1,62,0,7up_med,0.5971335172653198,17,154,41,235,29,194
frame_123,Rack_2,45,3,coke_med,0.8685752153396606,597,246,630,327,613,286
frame_123,Rack_2,20,3,coke_med,0.909217894077301,563,247,596,328,579,287
frame_123,Rack_2,22,3,coke_med,0.8717992901802063,538,247,561,327,549,287
frame_123,Rack_2,24,3,coke_med,0.885211706161499,512,247,538,328,525,287
frame_123,Rack_2,3,3,coke_med,0.9253742098808289,485,246,511,328,498,287
frame_123,Rack_2,47,3,coke_med,0.6757721304893494,457,247,483,327,470,287
frame_123,Rack_2,61,6,coke_v_med,0.7818618416786194,457,246,484,328,470,287
frame_123,Rack_2,41,6,coke_v_med,0.673816978931427,429,247,455,327,442,287
frame_123,Rack_2,29,6,coke_v_med,0.6424244046211243,401,246,428,328,414,287
frame_123,Rack_2,26,2,anw_med,0.8736929893493652,376,246,400,328,388,287
frame_123,Rack_2,17,2,anw_med,0.868809700012207,350,246,375,328,362,287
frame_123,Rack_2,43,2,anw_med,0.9064335227012634,325,246,350,328,337,287
frame_123,Rack_2,42,2,anw_med,0.8754180073738098,301,246,324,327,312,286
frame_123,Rack_2,46,2,anw_med,0.8751846551895142,276,247,300,327,288,287
frame_123,Rack_2,7,2,anw_med,0.8841487765312195,250,247,275,328,262,287
frame_123,Rack_2,30,15,pepsi_med,0.8610122203826904,229,249,249,327,239,288
frame_123,Rack_2,8,15,pepsi_med,0.9101110100746155,206,248,229,327,217,287
frame_123,Rack_2,2,15,pepsi_med,0.9086773991584778,181,248,204,328,192,288
frame_123,Rack_2,16,15,pepsi_med,0.8703444004058838,161,249,180,327,170,288
frame_123,Rack_2,31,15,pepsi_med,0.9116586446762085,134,249,159,327,146,288
frame_123,Rack_2,44,15,pepsi_med,0.8859624862670898,113,251,133,327,123,289
frame_123,Rack_2,55,13,kick_med,0.797671377658844,89,251,112,327,100,289
frame_123,Rack_2,53,13,kick_med,0.8691130876541138,68,252,89,327,78,289
frame_123,Rack_2,52,13,kick_med,0.859067440032959,44,252,68,327,56,289
frame_123,Rack_2,56,13,kick_med,0.8108790516853333,21,253,44,327,32,290
frame_123,Rack_2,63,13,kick_med,0.5604344606399536,0,251,5,330,2,290
frame_123,Rack_3,6,9,empty,0.9241458773612976,503,350,629,483,566,416
frame_123,Rack_3,13,7,coke_z_big,0.9239138960838318,467,351,503,465,485,408
frame_123,Rack_3,1,7,coke_z_big,0.9272650480270386,428,351,466,465,447,408
frame_123,Rack_3,39,5,coke_v_big,0.7760718464851379,392,350,427,476,409,413
frame_123,Rack_3,4,5,coke_v_big,0.8630218505859375,356,350,392,477,374,413
frame_123,Rack_3,33,5,coke_v_big,0.9010109305381775,322,350,355,460,338,405
frame_123,Rack_3,18,5,coke_v_big,0.9071441888809204,287,351,321,458,304,404
frame_123,Rack_3,10,5,coke_v_big,0.9132488369941711,251,351,286,473,268,412
frame_123,Rack_3,9,14,pepsi_big,0.9311361312866211,219,347,250,472,234,409
frame_123,Rack_3,11,14,pepsi_big,0.9020209312438965,187,347,218,470,202,408
frame_123,Rack_3,54,14,pepsi_big,0.8928988575935364,154,346,186,470,170,408
frame_123,Rack_3,19,10,fanta_grape_big,0.892142117023468,117,346,153,469,135,407
frame_123,Rack_3,51,10,fanta_grape_big,0.6862503886222839,92,346,116,465,104,405
frame_123,Rack_3,59,10,fanta_grape_big,0.5055902004241943,65,346,91,460,78,403
frame_123,Rack_3,23,12,fanta_straw_big,0.8919031620025635,28,344,64,454,46,399
frame_123,Rack_3,64,12,fanta_straw_big,0.7416619658470154,3,344,27,453,15,398
frame_124,Rack_1,50,1,a&w_small,0.8559828400611877,606,149,634,212,620,180
frame_124,Rack_1,35,1,a&w_small,0.8103529214859009,585,149,606,212,595,180
frame_124,Rack_1,32,1,a&w_small,0.8205277323722839,561,149,584,214,572,181
frame_124,Rack_1,48,1,a&w_small,0.8060495257377625,536,149,560,214,548,181
frame_124,Rack_1,37,1,a&w_small,0.8377599120140076,511,150,535,215,523,182
frame_124,Rack_1,27,1,a&w_small,0.82704758644104,487,149,510,216,498,182
frame_124,Rack_1,36,1,a&w_small,0.8326892256736755,464,149,486,216,475,182
frame_124,Rack_1,49,4,coke_small,0.7668274641036987,441,149,463,217,452,183
frame_124,Rack_1,34,4,coke_small,0.8918054103851318,418,150,440,217,429,183
frame_124,Rack_1,12,4,coke_small,0.8688265681266785,398,151,418,219,408,185
frame_124,Rack_1,40,4,coke_small,0.8360100984573364,377,149,398,219,387,184
frame_124,Rack_1,38,4,coke_small,0.9072093963623047,355,149,376,220,365,184
frame_124,Rack_1,5,4,coke_small,0.9219878911972046,334,150,355,220,344,185
frame_124,Rack_1,21,17,sprite_small,0.8087233901023865,312,150,333,221,322,185
frame_124,Rack_1,14,17,sprite_small,0.8496108651161194,292,149,312,221,302,185
frame_124,Rack_1,25,17,sprite_small,0.8683377504348755,272,151,292,221,282,186
frame_124,Rack_1,15,17,sprite_small,0.8936777710914612,251,150,272,220,261,185
frame_124,Rack_1,28,9,empty,0.8742605447769165,118,152,249,219,183,185
frame_124,Rack_1,57,0,7up_med,0.6929243206977844,63,155,91,235,77,195
frame_124,Rack_1,58,0,7up_med,0.7286648154258728,41,155,64,234,52,194
frame_124,Rack_2,45,3,coke_med,0.8762974739074707,598,245,631,326,614,285
frame_124,Rack_2,20,3,coke_med,0.9125506281852722,564,248,597,327,580,287
frame_124,Rack_2,22,3,coke_med,0.8817678093910217,539,247,562,327,550,287
frame_124,Rack_2,24,3,coke_med,0.8776622414588928,512,247,538,327,525,287
frame_124,Rack_2,3,3,coke_med,0.9318719506263733,486,246,512,328,499,287
frame_124,Rack_2,47,3,coke_med,0.6921795010566711,458,247,484,327,471,287
frame_124,Rack_2,61,6,coke_v_med,0.7456113696098328,458,246,485,327,471,286
frame_124,Rack_2,41,6,coke_v_med,0.7047673463821411,430,246,456,327,443,286
frame_124,Rack_2,29,6,coke_v_med,0.5831059813499451,402,246,429,328,415,287
frame_124,Rack_2,26,2,anw_med,0.8558254241943359,377,246,401,328,389,287
frame_124,Rack_2,17,2,anw_med,0.8627029061317444,351,246,376,328,363,287
frame_124,Rack_2,43,2,anw_med,0.8848070502281189,326,246,351,327,338,286
frame_124,Rack_2,42,2,anw_med,0.8686743974685669,302,246,325,327,313,286
frame_124,Rack_2,46,2,anw_med,0.876179575920105,277,247,301,327,289,287
frame_124,Rack_2,7,2,anw_med,0.8983631730079651,251,248,275,327,263,287
frame_124,Rack_2,30,15,pepsi_med,0.8575232625007629,230,249,250,326,240,287
frame_124,Rack_2,8,15,pepsi_med,0.9307963848114014,207,247,230,327,218,287
frame_124,Rack_2,2,15,pepsi_med,0.921595573425293,181,247,205,328,193,287
frame_124,Rack_2,16,15,pepsi_med,0.8859697580337524,161,249,181,327,171,288
frame_124,Rack_2,31,15,pepsi_med,0.9004491567611694,135,249,160,327,147,288
frame_124,Rack_2,44,15,pepsi_med,0.928423285484314,114,251,134,327,124,289
frame_124,Rack_2,55,13,kick_med,0.6965150237083435,90,251,112,327,101,289
frame_124,Rack_2,53,13,kick_med,0.8466082811355591,69,252,89,326,79,289
frame_124,Rack_2,52,13,kick_med,0.8622877597808838,45,252,69,327,57,289
frame_124,Rack_2,56,13,kick_med,0.8659870624542236,22,253,45,327,33,290
frame_124,Rack_2,65,13,kick_med,0.6849608421325684,6,254,22,327,14,290
frame_124,Rack_2,63,13,kick_med,0.5872054696083069,0,252,5,330,2,291
frame_124,Rack_3,6,9,empty,0.9236316084861755,504,350,629,483,566,416
frame_124,Rack_3,13,7,coke_z_big,0.9326825141906738,468,351,504,465,486,408
frame_124,Rack_3,1,7,coke_z_big,0.9321954846382141,429,351,467,465,448,408
frame_124,Rack_3,39,5,coke_v_big,0.8109985589981079,393,350,428,476,410,413
frame_124,Rack_3,4,5,coke_v_big,0.8795419931411743,357,351,392,477,374,414
frame_124,Rack_3,33,5,coke_v_big,0.8936739563941956,323,350,356,460,339,405
frame_124,Rack_3,18,5,coke_v_big,0.9083250761032104,288,351,322,458,305,404
frame_124,Rack_3,10,5,coke_v_big,0.9205372333526611,252,351,287,473,269,412
frame_124,Rack_3,9,14,pepsi_big,0.9116034507751465,219,347,251,472,235,409
frame_124,Rack_3,11,14,pepsi_big,0.9096148014068604,188,347,218,471,203,409
frame_124,Rack_3,54,14,pepsi_big,0.8972088694572449,155,346,187,470,171,408
frame_124,Rack_3,19,10,fanta_grape_big,0.9115791916847229,117,346,154,470,135,408
frame_124,Rack_3,51,10,fanta_grape_big,0.6901904940605164,93,346,117,465,105,405
frame_124,Rack_3,59,10,fanta_grape_big,0.6006576418876648,66,346,92,459,79,402
frame_124,Rack_3,23,12,fanta_straw_big,0.8592303991317749,28,344,65,454,46,399
frame_124,Rack_3,64,12,fanta_straw_big,0.6848334074020386,3,344,27,454,15,399
frame_125,Rack_1,50,1,a&w_small,0.7747586369514465,607,149,635,211,621,180
frame_125,Rack_1,35,1,a&w_small,0.8207572102546692,586,149,607,212,596,180
frame_125,Rack_1,32,1,a&w_small,0.8494459390640259,562,149,585,214,573,181
frame_125,Rack_1,48,1,a&w_small,0.8148010969161987,537,149,561,215,549,182
frame_125,Rack_1,37,1,a&w_small,0.8346966505050659,513,150,536,216,524,183
frame_125,Rack_1,27,1,a&w_small,0.8278537392616272,488,149,511,216,499,182
frame_125,Rack_1,36,1,a&w_small,0.8235492706298828,465,149,487,216,476,182
frame_125,Rack_1,49,4,coke_small,0.7727518081665039,442,149,464,217,453,183
frame_125,Rack_1,34,4,coke_small,0.865974485874176,419,149,441,218,430,183
frame_125,Rack_1,12,4,coke_small,0.886012613773346,399,150,419,219,409,184
frame_125,Rack_1,40,4,coke_small,0.90534508228302,378,149,399,219,388,184
frame_125,Rack_1,38,4,coke_small,0.8787663578987122,356,150,377,220,366,185
frame_125,Rack_1,5,4,coke_small,0.9190950393676758,334,150,356,220,345,185
frame_125,Rack_1,21,17,sprite_small,0.8058714866638184,313,150,334,221,323,185
frame_125,Rack_1,14,17,sprite_small,0.8374825716018677,292,150,313,222,302,186
frame_125,Rack_1,25,17,sprite_small,0.8663071393966675,273,150,293,221,283,185
frame_125,Rack_1,15,17,sprite_small,0.8994475603103638,252,150,273,220,262,185
frame_125,Rack_1,28,9,empty,0.8762564659118652,118,152,250,219,184,185
frame_125,Rack_1,57,0,7up_med,0.6566427946090698,64,155,92,237,78,196
frame_125,Rack_1,58,0,7up_med,0.597939670085907,41,155,65,238,53,196
frame_125,Rack_1,62,0,7up_med,0.518775224685669,18,156,43,240,30,198
frame_125,Rack_2,45,3,coke_med,0.890343964099884,598,245,632,326,615,285
frame_125,Rack_2,20,3,coke_med,0.9228150248527527,565,247,598,327,581,287
frame_125,Rack_2,22,3,coke_med,0.8701899647712708,541,247,564,328,552,287
frame_125,Rack_2,24,3,coke_med,0.9003780484199524,513,247,540,328,526,287
frame_125,Rack_2,3,3,coke_med,0.9322423934936523,486,246,512,327,499,286
frame_125,Rack_2,47,3,coke_med,0.729392945766449,459,247,485,327,472,287
frame_125,Rack_2,61,6,coke_v_med,0.6261498332023621,459,245,486,327,472,286
frame_125,Rack_2,41,6,coke_v_med,0.5517093539237976,431,246,457,328,444,287
frame_125,Rack_2,29,6,coke_v_med,0.625433623790741,403,247,430,327,416,287
frame_125,Rack_2,26,2,anw_med,0.8784549832344055,377,246,402,328,389,287
frame_125,Rack_2,17,2,anw_med,0.8630651235580444,352,245,377,328,364,286
frame_125,Rack_2,43,2,anw_med,0.8659276366233826,327,246,351,327,339,286
frame_125,Rack_2,42,2,anw_med,0.8540575504302979,303,246,326,327,314,286
frame_125,Rack_2,46,2,anw_med,0.8834424614906311,278,247,302,327,290,287
frame_125,Rack_2,7,2,anw_med,0.903978705406189,251,248,276,327,263,287
frame_125,Rack_2,30,15,pepsi_med,0.8969323039054871,231,250,250,326,240,288
frame_125,Rack_2,8,15,pepsi_med,0.9025594592094421,208,248,230,327,219,287
frame_125,Rack_2,2,15,pepsi_med,0.9080106019973755,182,248,206,327,194,287
frame_125,Rack_2,16,15,pepsi_med,0.9298567771911621,162,249,181,327,171,288
frame_125,Rack_2,31,15,pepsi_med,0.8986173272132874,136,249,161,326,148,287
frame_125,Rack_2,44,15,pepsi_med,0.9078113436698914,114,251,135,327,124,289
frame_125,Rack_2,55,13,kick_med,0.7409602403640747,91,251,113,327,102,289
frame_125,Rack_2,53,13,kick_med,0.8725820183753967,70,252,90,326,80,289
frame_125,Rack_2,52,13,kick_med,0.8538874387741089,46,252,69,326,57,289
frame_125,Rack_2,56,13,kick_med,0.8340777158737183,23,253,45,326,34,289
frame_125,Rack_2,65,13,kick_med,0.6578089594841003,7,254,22,327,14,290
frame_125,Rack_2,63,13,kick_med,0.5045338869094849,0,252,5,330,2,291
frame_125,Rack_3,6,9,empty,0.9289867281913757,506,350,631,483,568,416
frame_125,Rack_3,13,7,coke_z_big,0.9359086155891418,469,351,505,465,487,408
frame_125,Rack_3,1,7,coke_z_big,0.9301233887672424,430,351,468,465,449,408
frame_125,Rack_3,39,5,coke_v_big,0.8146704435348511,394,350,429,476,411,413
frame_125,Rack_3,4,5,coke_v_big,0.8816525936126709,358,350,393,477,375,413
frame_125,Rack_3,33,5,coke_v_big,0.8852503299713135,323,350,357,460,340,405
frame_125,Rack_3,18,5,coke_v_big,0.9017670750617981,288,351,323,458,305,404
frame_125,Rack_3,10,5,coke_v_big,0.9188171625137329,253,351,288,473,270,412
frame_125,Rack_3,9,14,pepsi_big,0.9085144996643066,220,347,252,473,236,410
frame_125,Rack_3,11,14,pepsi_big,0.9041995406150818,189,347,219,471,204,409
frame_125,Rack_3,54,14,pepsi_big,0.7762627601623535,156,347,188,470,172,408
frame_125,Rack_3,19,10,fanta_grape_big,0.8893164992332458,118,346,155,469,136,407
frame_125,Rack_3,51,10,fanta_grape_big,0.7360727787017822,93,346,118,465,105,405
frame_125,Rack_3,59,10,fanta_grape_big,0.6343908905982971,66,346,92,460,79,403
frame_125,Rack_3,23,12,fanta_straw_big,0.7979360818862915,29,345,65,454,47,399
frame_126,Rack_1,50,1,a&w_small,0.8229126930236816,607,148,635,211,621,179
frame_126,Rack_1,35,1,a&w_small,0.8135318160057068,586,149,607,212,596,180
frame_126,Rack_1,32,1,a&w_small,0.8459968566894531,563,149,586,214,574,181
frame_126,Rack_1,48,1,a&w_small,0.8120529651641846,538,149,562,214,550,181
frame_126,Rack_1,37,1,a&w_small,0.8520016670227051,514,150,537,216,525,183
frame_126,Rack_1,27,1,a&w_small,0.8383004665374756,489,149,512,216,500,182
frame_126,Rack_1,36,1,a&w_small,0.8483579158782959,466,149,488,216,477,182
frame_126,Rack_1,49,4,coke_small,0.7822493314743042,443,149,465,217,454,183
frame_126,Rack_1,34,4,coke_small,0.8343193531036377,420,149,442,218,431,183
frame_126,Rack_1,12,4,coke_small,0.8549622893333435,399,150,420,219,409,184
frame_126,Rack_1,40,4,coke_small,0.8836658596992493,378,149,400,219,389,184
frame_126,Rack_1,38,4,coke_small,0.8794898986816406,357,150,378,220,367,185
frame_126,Rack_1,5,4,coke_small,0.9032350778579712,335,150,357,220,346,185
frame_126,Rack_1,21,17,sprite_small,0.8142880797386169,314,150,335,221,324,185
frame_126,Rack_1,14,17,sprite_small,0.8387778997421265,293,149,314,222,303,185
frame_126,Rack_1,25,17,sprite_small,0.8771023750305176,274,150,294,222,284,186
frame_126,Rack_1,15,17,sprite_small,0.9108250737190247,252,150,274,220,263,185
frame_126,Rack_1,28,9,empty,0.8698464035987854,119,152,250,219,184,185
frame_126,Rack_1,57,0,7up_med,0.6293407082557678,65,155,93,238,79,196
frame_126,Rack_1,58,0,7up_med,0.6508780121803284,42,156,66,240,54,198
frame_126,Rack_1,62,0,7up_med,0.700693666934967,19,157,43,241,31,199
frame_126,Rack_2,45,3,coke_med,0.8550995588302612,600,244,633,326,616,285
frame_126,Rack_2,20,3,coke_med,0.9029462337493896,566,247,599,327,582,287
frame_126,Rack_2,22,3,coke_med,0.881140410900116,542,247,565,327,553,287
frame_126,Rack_2,24,3,coke_med,0.9005864262580872,514,247,541,328,527,287
frame_126,Rack_2,3,3,coke_med,0.9273486733436584,487,246,513,327,500,286
frame_126,Rack_2,61,6,coke_v_med,0.7705153822898865,460,246,486,328,473,287
frame_126,Rack_2,41,6,coke_v_med,0.67518150806427,432,246,458,328,445,287
frame_126,Rack_2,29,6,coke_v_med,0.7426417469978333,404,247,431,327,417,287
frame_126,Rack_2,26,2,anw_med,0.8869438767433167,378,246,403,328,390,287
frame_126,Rack_2,17,2,anw_med,0.8506022691726685,353,246,378,328,365,287
frame_126,Rack_2,43,2,anw_med,0.8553131818771362,328,246,352,328,340,287
frame_126,Rack_2,42,2,anw_med,0.8547899723052979,304,246,327,328,315,287
frame_126,Rack_2,46,2,anw_med,0.8612480163574219,279,247,303,327,291,287
frame_126,Rack_2,7,2,anw_med,0.9138613939285278,252,247,277,327,264,287
frame_126,Rack_2,30,15,pepsi_med,0.8940795063972473,232,250,251,326,241,288
frame_126,Rack_2,8,15,pepsi_med,0.9334447979927063,209,249,231,327,220,288
frame_126,Rack_2,2,15,pepsi_med,0.9061616063117981,183,248,207,327,195,287
frame_126,Rack_2,16,15,pepsi_med,0.9406603574752808,163,250,182,327,172,288
frame_126,Rack_2,31,15,pepsi_med,0.8988704681396484,136,249,161,327,148,288
frame_126,Rack_2,44,15,pepsi_med,0.9078733325004578,115,251,136,327,125,289
frame_126,Rack_2,55,13,kick_med,0.7590740919113159,91,251,114,327,102,289
frame_126,Rack_2,53,13,kick_med,0.9024254679679871,71,252,91,326,81,289
frame_126,Rack_2,52,13,kick_med,0.8532291650772095,46,252,70,326,58,289
frame_126,Rack_2,56,13,kick_med,0.8388775587081909,24,253,46,326,35,289
frame_126,Rack_2,65,13,kick_med,0.5756849646568298,7,254,23,327,15,290
frame_126,Rack_2,63,13,kick_med,0.5420095324516296,0,252,5,330,2,291
frame_126,Rack_3,6,9,empty,0.927695631980896,507,350,631,483,569,416
frame_126,Rack_3,13,7,coke_z_big,0.9351771473884583,470,351,506,465,488,408
frame_126,Rack_3,1,7,coke_z_big,0.9304171204566956,431,350,469,466,450,408
frame_126,Rack_3,39,5,coke_v_big,0.8196602463722229,395,350,430,476,412,413
frame_126,Rack_3,4,5,coke_v_big,0.8845120668411255,358,350,394,477,376,413
frame_126,Rack_3,33,5,coke_v_big,0.8927527070045471,324,350,358,460,341,405
frame_126,Rack_3,18,5,coke_v_big,0.8988800048828125,289,351,323,458,306,404
frame_126,Rack_3,10,5,coke_v_big,0.9151262044906616,254,351,289,474,271,412
frame_126,Rack_3,9,14,pepsi_big,0.9180192351341248,221,347,253,473,237,410
frame_126,Rack_3,11,14,pepsi_big,0.9171921014785767,190,347,220,471,205,409
frame_126,Rack_3,54,14,pepsi_big,0.8115220069885254,157,347,188,470,172,408
frame_126,Rack_3,19,10,fanta_grape_big,0.8868337273597717,119,346,156,469,137,407
frame_126,Rack_3,51,10,fanta_grape_big,0.7754324674606323,94,346,119,466,106,406
frame_126,Rack_3,59,10,fanta_grape_big,0.6642364263534546,67,346,93,459,80,402
frame_126,Rack_3,23,12,fanta_straw_big,0.8849935531616211,29,345,66,454,47,399
frame_126,Rack_3,64,12,fanta_straw_big,0.6670881509780884,4,345,29,453,16,399
frame_127,Rack_1,50,1,a&w_small,0.848274290561676,608,148,636,211,622,179
frame_127,Rack_1,35,1,a&w_small,0.8213732838630676,588,149,608,211,598,180
frame_127,Rack_1,32,1,a&w_small,0.8489639759063721,564,149,587,214,575,181
frame_127,Rack_1,48,1,a&w_small,0.8076885342597961,539,150,563,214,551,182
frame_127,Rack_1,37,1,a&w_small,0.8768291473388672,514,150,538,215,526,182
frame_127,Rack_1,27,1,a&w_small,0.8133466243743896,490,149,513,216,501,182
frame_127,Rack_1,36,1,a&w_small,0.84797602891922,467,149,489,216,478,182
frame_127,Rack_1,49,4,coke_small,0.7910681962966919,444,150,466,216,455,183
frame_127,Rack_1,34,4,coke_small,0.8948758244514465,421,149,443,217,432,183
frame_127,Rack_1,12,4,coke_small,0.8489009141921997,400,150,421,218,410,184
frame_127,Rack_1,40,4,coke_small,0.8911416530609131,379,149,400,219,389,184
frame_127,Rack_1,38,4,coke_small,0.8821116089820862,358,149,379,219,368,184
frame_127,Rack_1,5,4,coke_small,0.8801968693733215,336,149,357,219,346,184
frame_127,Rack_1,21,17,sprite_small,0.8018965721130371,315,150,336,220,325,185
frame_127,Rack_1,14,17,sprite_small,0.8402329087257385,294,149,315,220,304,184
frame_127,Rack_1,25,17,sprite_small,0.8806480765342712,274,150,294,220,284,185
frame_127,Rack_1,15,17,sprite_small,0.9304271340370178,253,150,274,219,263,184
frame_127,Rack_1,28,9,empty,0.8480677604675293,121,152,250,218,185,185
frame_127,Rack_1,57,0,7up_med,0.5910555720329285,66,155,93,234,79,194
frame_127,Rack_1,58,0,7up_med,0.6935072541236877,44,155,66,229,55,192
frame_127,Rack_1,62,0,7up_med,0.7237640619277954,21,158,43,234,32,196
frame_127,Rack_2,45,3,coke_med,0.8373625874519348,600,245,633,326,616,285
frame_127,Rack_2,20,3,coke_med,0.9035429954528809,567,247,600,327,583,287
frame_127,Rack_2,22,3,coke_med,0.8853293657302856,543,247,566,327,554,287
frame_127,Rack_2,24,3,coke_med,0.8929972648620605,515,247,542,328,528,287
frame_127,Rack_2,3,3,coke_med,0.9212334156036377,488,246,514,327,501,286
frame_127,Rack_2,61,6,coke_v_med,0.8220385909080505,461,247,487,328,474,287
frame_127,Rack_2,41,6,coke_v_med,0.7296960949897766,433,246,459,327,446,286
frame_127,Rack_2,29,6,coke_v_med,0.7350782155990601,405,247,431,327,418,287
frame_127,Rack_2,26,2,anw_med,0.8764920830726624,379,246,404,328,391,287
frame_127,Rack_2,17,2,anw_med,0.8711700439453125,354,246,378,328,366,287
frame_127,Rack_2,43,2,anw_med,0.8524140119552612,328,245,353,328,340,286
frame_127,Rack_2,42,2,anw_med,0.8687403202056885,304,246,328,327,316,286
frame_127,Rack_2,46,2,anw_med,0.8386016488075256,279,247,304,327,291,287
frame_127,Rack_2,7,2,anw_med,0.8867911696434021,253,248,278,327,265,287
frame_127,Rack_2,30,15,pepsi_med,0.8650250434875488,232,249,252,326,242,287
frame_127,Rack_2,8,15,pepsi_med,0.9282172918319702,209,249,231,327,220,288
frame_127,Rack_2,2,15,pepsi_med,0.9082027077674866,184,248,208,327,196,287
frame_127,Rack_2,16,15,pepsi_med,0.9168428778648376,164,250,183,327,173,288
frame_127,Rack_2,31,15,pepsi_med,0.8922431468963623,137,250,162,327,149,288
frame_127,Rack_2,44,15,pepsi_med,0.909338653087616,116,251,137,327,126,289
frame_127,Rack_2,55,13,kick_med,0.8207147121429443,92,252,114,326,103,289
frame_127,Rack_2,53,13,kick_med,0.8979253172874451,71,252,91,326,81,289
frame_127,Rack_2,52,13,kick_med,0.8895838260650635,47,253,71,326,59,289
frame_127,Rack_2,56,13,kick_med,0.8848118185997009,24,254,47,326,35,290
frame_127,Rack_2,65,13,kick_med,0.6879337430000305,7,255,23,326,15,290
frame_127,Rack_3,6,9,empty,0.9261938333511353,507,350,631,483,569,416
frame_127,Rack_3,13,7,coke_z_big,0.9264365434646606,471,351,507,465,489,408
frame_127,Rack_3,1,7,coke_z_big,0.9342604875564575,431,350,470,466,450,408
frame_127,Rack_3,39,5,coke_v_big,0.8538142442703247,396,350,431,476,413,413
frame_127,Rack_3,4,5,coke_v_big,0.8873279094696045,359,351,395,477,377,414
frame_127,Rack_3,33,5,coke_v_big,0.9081120491027832,325,350,358,459,341,404
frame_127,Rack_3,18,5,coke_v_big,0.8981490731239319,290,352,324,458,307,405
frame_127,Rack_3,10,5,coke_v_big,0.913776695728302,255,351,290,473,272,412
frame_127,Rack_3,9,14,pepsi_big,0.9280508756637573,222,347,254,473,238,410
frame_127,Rack_3,11,14,pepsi_big,0.9196228981018066,190,347,221,471,205,409
frame_127,Rack_3,54,14,pepsi_big,0.8220175504684448,158,347,189,470,173,408
frame_127,Rack_3,19,10,fanta_grape_big,0.8890918493270874,120,347,157,469,138,408
frame_127,Rack_3,51,10,fanta_grape_big,0.7858959436416626,95,347,119,466,107,406
frame_127,Rack_3,59,10,fanta_grape_big,0.6959052085876465,68,346,94,458,81,402
frame_127,Rack_3,23,12,fanta_straw_big,0.8772860169410706,30,346,67,454,48,400
frame_127,Rack_3,64,12,fanta_straw_big,0.7474419474601746,4,345,29,453,16,399
frame_128,Rack_1,50,1,a&w_small,0.8098979592323303,609,148,636,211,622,179
frame_128,Rack_1,35,1,a&w_small,0.8122772574424744,589,149,610,211,599,180
frame_128,Rack_1,32,1,a&w_small,0.8392114043235779,566,149,589,213,577,181
frame_128,Rack_1,48,1,a&w_small,0.8186222314834595,541,150,564,214,552,182
frame_128,Rack_1,37,1,a&w_small,0.8670664429664612,516,150,539,215,527,182
frame_128,Rack_1,27,1,a&w_small,0.7996110916137695,491,149,514,215,502,182
frame_128,Rack_1,36,1,a&w_small,0.8419716358184814,468,150,490,216,479,183
frame_128,Rack_1,49,4,coke_small,0.7944786548614502,445,150,467,216,456,183
frame_128,Rack_1,34,4,coke_small,0.8973512053489685,422,149,444,217,433,183
frame_128,Rack_1,12,4,coke_small,0.8618658781051636,401,150,422,218,411,184
frame_128,Rack_1,40,4,coke_small,0.8960368037223816,381,150,402,218,391,184
frame_128,Rack_1,38,4,coke_small,0.8601990938186646,359,149,380,218,369,183
frame_128,Rack_1,5,4,coke_small,0.8727205395698547,337,149,358,218,347,183
frame_128,Rack_1,21,17,sprite_small,0.7635159492492676,316,150,336,219,326,184
frame_128,Rack_1,14,17,sprite_small,0.7961626648902893,295,149,315,220,305,184
frame_128,Rack_1,25,17,sprite_small,0.8814061880111694,275,150,295,220,285,185
frame_128,Rack_1,15,17,sprite_small,0.9319583177566528,254,150,275,219,264,184
frame_128,Rack_1,28,9,empty,0.8516634106636047,122,152,251,218,186,185
frame_128,Rack_1,57,0,7up_med,0.6607545614242554,66,155,95,237,80,196
frame_128,Rack_1,58,0,7up_med,0.609138011932373,44,155,68,237,56,196
frame_128,Rack_1,62,0,7up_med,0.6509239673614502,21,158,44,240,32,199
frame_128,Rack_2,45,3,coke_med,0.8163142204284668,602,246,634,326,618,286
frame_128,Rack_2,20,3,coke_med,0.8925250172615051,568,247,601,326,584,286
frame_128,Rack_2,22,3,coke_med,0.8958439230918884,544,247,567,327,555,287
frame_128,Rack_2,24,3,coke_med,0.833554744720459,516,247,543,327,529,287
frame_128,Rack_2,3,3,coke_med,0.9278792142868042,489,247,515,327,502,287
frame_128,Rack_2,47,3,coke_med,0.7458605170249939,462,248,488,327,475,287
frame_128,Rack_2,61,6,coke_v_med,0.5724863409996033,462,246,488,328,475,287
frame_128,Rack_2,41,6,coke_v_med,0.6538434624671936,434,247,460,327,447,287
frame_128,Rack_2,29,6,coke_v_med,0.6712292432785034,406,246,432,327,419,286
frame_128,Rack_2,26,2,anw_med,0.8559478521347046,380,246,405,327,392,286
frame_128,Rack_2,17,2,anw_med,0.8692470788955688,355,246,379,327,367,286
frame_128,Rack_2,43,2,anw_med,0.857786238193512,329,245,354,327,341,286
frame_128,Rack_2,42,2,anw_med,0.8627985119819641,305,246,328,327,316,286
frame_128,Rack_2,46,2,anw_med,0.8283657431602478,280,246,304,327,292,286
frame_128,Rack_2,7,2,anw_med,0.865815281867981,254,248,279,327,266,287
frame_128,Rack_2,30,15,pepsi_med,0.8874263763427734,233,249,253,326,243,287
frame_128,Rack_2,8,15,pepsi_med,0.9138732552528381,210,248,232,327,221,287
frame_128,Rack_2,2,15,pepsi_med,0.9084300994873047,185,248,209,327,197,287
frame_128,Rack_2,16,15,pepsi_med,0.9068370461463928,164,249,184,327,174,288
frame_128,Rack_2,31,15,pepsi_med,0.8923808932304382,138,249,163,327,150,288
frame_128,Rack_2,44,15,pepsi_med,0.9011012315750122,117,251,138,326,127,288
frame_128,Rack_2,55,13,kick_med,0.8732553720474243,93,252,115,325,104,288
frame_128,Rack_2,53,13,kick_med,0.8921470642089844,72,252,92,326,82,289
frame_128,Rack_2,52,13,kick_med,0.903896689414978,48,253,72,325,60,289
frame_128,Rack_2,56,13,kick_med,0.8641308546066284,26,254,48,325,37,289
frame_128,Rack_2,65,13,kick_med,0.6550425887107849,8,254,24,327,16,290
frame_128,Rack_2,63,13,kick_med,0.6163821220397949,0,247,6,330,3,288
frame_128,Rack_3,6,9,empty,0.9283694624900818,508,350,631,483,569,416
frame_128,Rack_3,13,7,coke_z_big,0.9269324541091919,471,350,508,465,489,407
frame_128,Rack_3,1,7,coke_z_big,0.9386109113693237,432,350,471,466,451,408
frame_128,Rack_3,39,5,coke_v_big,0.8818304538726807,397,349,432,476,414,412
frame_128,Rack_3,4,5,coke_v_big,0.8853442072868347,360,350,396,477,378,413
frame_128,Rack_3,33,5,coke_v_big,0.9170480370521545,326,350,359,459,342,404
frame_128,Rack_3,18,5,coke_v_big,0.9177449941635132,291,351,325,458,308,404
frame_128,Rack_3,10,5,coke_v_big,0.9057746529579163,256,351,290,473,273,412
frame_128,Rack_3,9,14,pepsi_big,0.9318865537643433,223,346,254,473,238,409
frame_128,Rack_3,11,14,pepsi_big,0.9219291806221008,191,347,222,471,206,409
frame_128,Rack_3,54,14,pepsi_big,0.8435482978820801,158,346,190,470,174,408
frame_128,Rack_3,19,10,fanta_grape_big,0.8922260999679565,121,346,157,469,139,407
frame_128,Rack_3,51,10,fanta_grape_big,0.7055078744888306,96,347,120,466,108,406
frame_128,Rack_3,59,10,fanta_grape_big,0.6457704901695251,69,346,95,460,82,403
frame_128,Rack_3,23,12,fanta_straw_big,0.8883856534957886,32,346,68,454,50,400
frame_128,Rack_3,64,12,fanta_straw_big,0.7978560924530029,5,345,29,453,17,399
frame_129,Rack_1,35,1,a&w_small,0.8321486115455627,591,148,611,211,601,179
frame_129,Rack_1,32,1,a&w_small,0.8068156242370605,567,149,589,212,578,180
frame_129,Rack_1,48,1,a&w_small,0.8126689791679382,542,150,565,214,553,182
frame_129,Rack_1,37,1,a&w_small,0.8649112582206726,517,150,541,215,529,182
frame_129,Rack_1,27,1,a&w_small,0.8377029299736023,493,150,516,215,504,182
frame_129,Rack_1,36,1,a&w_small,0.851862370967865,469,149,491,215,480,182
frame_129,Rack_1,49,4,coke_small,0.8110923767089844,447,150,469,216,458,183
frame_129,Rack_1,34,4,coke_small,0.8893219232559204,423,149,445,216,434,182
frame_129,Rack_1,12,4,coke_small,0.8750864863395691,402,150,422,217,412,183
frame_129,Rack_1,40,4,coke_small,0.8748758435249329,382,150,402,217,392,183
frame_129,Rack_1,38,4,coke_small,0.8464246988296509,360,149,381,217,370,183
frame_129,Rack_1,5,4,coke_small,0.8989087343215942,338,149,359,218,348,183
frame_129,Rack_1,21,17,sprite_small,0.7719877362251282,317,150,337,219,327,184
frame_129,Rack_1,14,17,sprite_small,0.7796303629875183,296,149,316,220,306,184
frame_129,Rack_1,25,17,sprite_small,0.8756542205810547,276,149,296,220,286,184
frame_129,Rack_1,15,17,sprite_small,0.9169467091560364,255,150,276,219,265,184
frame_129,Rack_1,28,9,empty,0.8646045923233032,125,152,250,215,187,183
frame_129,Rack_1,57,0,7up_med,0.6831836104393005,67,155,96,238,81,196
frame_129,Rack_1,58,0,7up_med,0.6993773579597473,44,154,69,240,56,197
frame_129,Rack_1,62,0,7up_med,0.695074737071991,21,158,45,241,33,199
frame_129,Rack_2,45,3,coke_med,0.8109821677207947,602,246,633,326,617,286
frame_129,Rack_2,20,3,coke_med,0.8779935240745544,570,247,603,326,586,286
frame_129,Rack_2,22,3,coke_med,0.8843903541564941,545,247,568,326,556,286
frame_129,Rack_2,24,3,coke_med,0.8773108720779419,518,247,544,327,531,287
frame_129,Rack_2,3,3,coke_med,0.9134564995765686,490,247,516,326,503,286
frame_129,Rack_2,47,3,coke_med,0.6406784653663635,463,248,489,326,476,287
frame_129,Rack_2,61,6,coke_v_med,0.6442624926567078,463,247,489,328,476,287
frame_129,Rack_2,41,6,coke_v_med,0.675169825553894,435,247,461,327,448,287
frame_129,Rack_2,29,6,coke_v_med,0.5670623779296875,407,246,433,327,420,286
frame_129,Rack_2,26,2,anw_med,0.8396450281143188,381,246,406,327,393,286
frame_129,Rack_2,17,2,anw_med,0.8696383237838745,356,246,380,327,368,286
frame_129,Rack_2,43,2,anw_med,0.8536293506622314,330,245,354,327,342,286
frame_129,Rack_2,42,2,anw_med,0.8546837568283081,306,246,329,327,317,286
frame_129,Rack_2,46,2,anw_med,0.8319692611694336,281,246,305,327,293,286
frame_129,Rack_2,7,2,anw_med,0.866100549697876,255,247,280,327,267,287
frame_129,Rack_2,30,15,pepsi_med,0.8832312226295471,234,249,254,326,244,287
frame_129,Rack_2,8,15,pepsi_med,0.8942614793777466,211,249,233,326,222,287
frame_129,Rack_2,2,15,pepsi_med,0.8941060900688171,185,247,209,327,197,287
frame_129,Rack_2,16,15,pepsi_med,0.9254847764968872,165,249,185,327,175,288
frame_129,Rack_2,31,15,pepsi_med,0.9041554927825928,139,249,164,327,151,288
frame_129,Rack_2,44,15,pepsi_med,0.9077943563461304,118,251,138,326,128,288
frame_129,Rack_2,55,13,kick_med,0.863093912601471,94,252,116,325,105,288
frame_129,Rack_2,53,13,kick_med,0.8989076614379883,73,252,93,325,83,288
frame_129,Rack_2,52,13,kick_med,0.8829797506332397,49,253,72,326,60,289
frame_129,Rack_2,56,13,kick_med,0.8612632155418396,27,254,49,326,38,290
frame_129,Rack_2,65,13,kick_med,0.8381479382514954,9,255,25,327,17,291
frame_129,Rack_2,63,13,kick_med,0.6420897841453552,0,251,6,330,3,290
frame_129,Rack_3,6,9,empty,0.9264255166053772,509,350,632,482,570,416
frame_129,Rack_3,13,7,coke_z_big,0.9212873578071594,472,350,509,464,490,407
frame_129,Rack_3,1,7,coke_z_big,0.9318367838859558,433,350,472,465,452,407
frame_129,Rack_3,39,5,coke_v_big,0.8899231553077698,398,349,433,476,415,412
frame_129,Rack_3,4,5,coke_v_big,0.8848046064376831,361,350,397,477,379,413
frame_129,Rack_3,33,5,coke_v_big,0.9135421514511108,327,350,360,459,343,404
frame_129,Rack_3,18,5,coke_v_big,0.9149813055992126,292,351,326,457,309,404
frame_129,Rack_3,10,5,coke_v_big,0.9004487991333008,257,351,291,473,274,412
frame_129,Rack_3,9,14,pepsi_big,0.9305335283279419,224,346,255,472,239,409
frame_129,Rack_3,11,14,pepsi_big,0.9295442700386047,192,346,223,471,207,408
frame_129,Rack_3,54,14,pepsi_big,0.8703835010528564,159,346,191,470,175,408
frame_129,Rack_3,19,10,fanta_grape_big,0.8610448241233826,122,346,158,469,140,407
frame_129,Rack_3,51,10,fanta_grape_big,0.6495130658149719,97,346,121,465,109,405
frame_129,Rack_3,23,12,fanta_straw_big,0.8320108652114868,32,345,69,454,50,399
frame_129,Rack_3,64,12,fanta_straw_big,0.7810800671577454,5,344,30,453,17,398
frame_130,Rack_1,35,1,a&w_small,0.849861204624176,592,148,613,210,602,179
frame_130,Rack_1,32,1,a&w_small,0.823880672454834,568,149,591,212,579,180
frame_130,Rack_1,48,1,a&w_small,0.8143773674964905,543,149,566,212,554,180
frame_130,Rack_1,37,1,a&w_small,0.8496251106262207,519,150,542,214,530,182
frame_130,Rack_1,27,1,a&w_small,0.8553520441055298,494,150,517,215,505,182
frame_130,Rack_1,36,1,a&w_small,0.84707111120224,471,149,492,215,481,182
frame_130,Rack_1,49,4,coke_small,0.8454378247261047,448,150,470,215,459,182
frame_130,Rack_1,34,4,coke_small,0.8809888958930969,424,149,446,216,435,182
frame_130,Rack_1,12,4,coke_small,0.8946059346199036,403,150,423,216,413,183
frame_130,Rack_1,40,4,coke_small,0.8021606802940369,383,150,403,216,393,183
frame_130,Rack_1,38,4,coke_small,0.8504833579063416,361,149,382,216,371,182
frame_130,Rack_1,5,4,coke_small,0.9043136835098267,339,149,360,217,349,183
frame_130,Rack_1,21,17,sprite_small,0.7802456021308899,318,150,338,219,328,184
frame_130,Rack_1,14,17,sprite_small,0.7519748210906982,297,149,317,220,307,184
frame_130,Rack_1,25,17,sprite_small,0.8321186304092407,277,149,297,219,287,184
frame_130,Rack_1,15,17,sprite_small,0.9115644693374634,256,150,277,219,266,184
frame_130,Rack_1,28,9,empty,0.8727927207946777,126,152,250,214,188,183
frame_130,Rack_1,57,0,7up_med,0.6288275122642517,68,155,96,239,82,197
frame_130,Rack_1,58,0,7up_med,0.5442826747894287,45,154,70,241,57,197
frame_130,Rack_2,45,3,coke_med,0.8560348153114319,603,246,635,326,619,286
frame_130,Rack_2,20,3,coke_med,0.8893948793411255,572,246,605,326,588,286
frame_130,Rack_2,22,3,coke_med,0.8943555355072021,546,246,569,326,557,286
frame_130,Rack_2,24,3,coke_med,0.9154887795448303,519,246,545,326,532,286
frame_130,Rack_2,3,3,coke_med,0.9265055656433105,491,245,518,327,504,286
frame_130,Rack_2,47,3,coke_med,0.7507337927818298,464,246,491,326,477,286
frame_130,Rack_2,61,6,coke_v_med,0.7836392521858215,464,245,490,328,477,286
frame_130,Rack_2,41,6,coke_v_med,0.8625009059906006,436,245,463,326,449,285
frame_130,Rack_2,29,6,coke_v_med,0.6768068671226501,408,246,435,327,421,286
frame_130,Rack_2,26,2,anw_med,0.8395079970359802,382,245,407,327,394,286
frame_130,Rack_2,17,2,anw_med,0.9070418477058411,356,245,381,327,368,286
frame_130,Rack_2,43,2,anw_med,0.8558133244514465,331,245,356,326,343,285
frame_130,Rack_2,42,2,anw_med,0.8513232469558716,306,245,330,327,318,286
frame_130,Rack_2,46,2,anw_med,0.8354602456092834,282,245,306,326,294,285
frame_130,Rack_2,7,2,anw_med,0.8802565336227417,256,247,281,327,268,287
frame_130,Rack_2,30,15,pepsi_med,0.8488158583641052,235,249,255,325,245,287
frame_130,Rack_2,8,15,pepsi_med,0.8969151377677917,211,248,234,326,222,287
frame_130,Rack_2,2,15,pepsi_med,0.888709306716919,186,248,210,327,198,287
frame_130,Rack_2,16,15,pepsi_med,0.9267300963401794,166,248,186,327,176,287
frame_130,Rack_2,31,15,pepsi_med,0.9143673181533813,140,249,165,327,152,288
frame_130,Rack_2,44,15,pepsi_med,0.9018617272377014,119,250,139,326,129,288
frame_130,Rack_2,55,13,kick_med,0.8146610260009766,95,252,117,325,106,288
frame_130,Rack_2,53,13,kick_med,0.911113440990448,74,252,94,326,84,289
frame_130,Rack_2,52,13,kick_med,0.8787623047828674,50,252,73,325,61,288
frame_130,Rack_2,56,13,kick_med,0.8575208187103271,28,254,50,326,39,290
frame_130,Rack_2,65,13,kick_med,0.804940938949585,9,255,25,326,17,290
frame_130,Rack_2,63,13,kick_med,0.6212174296379089,0,252,6,329,3,290
frame_130,Rack_3,6,9,empty,0.9263239502906799,510,349,632,481,571,415
frame_130,Rack_3,13,7,coke_z_big,0.9285352826118469,474,350,510,464,492,407
frame_130,Rack_3,1,7,coke_z_big,0.924091100692749,434,349,473,465,453,407
frame_130,Rack_3,39,5,coke_v_big,0.8734380006790161,399,348,434,475,416,411
frame_130,Rack_3,4,5,coke_v_big,0.8952031135559082,362,349,398,476,380,412
frame_130,Rack_3,33,5,coke_v_big,0.9185869693756104,328,350,361,459,344,404
frame_130,Rack_3,18,5,coke_v_big,0.9187756180763245,293,351,327,457,310,404
frame_130,Rack_3,10,5,coke_v_big,0.8823694586753845,258,350,292,472,275,411
frame_130,Rack_3,9,14,pepsi_big,0.9247487783432007,225,346,257,472,241,409
frame_130,Rack_3,11,14,pepsi_big,0.9237168431282043,193,346,224,470,208,408
frame_130,Rack_3,54,14,pepsi_big,0.8999236822128296,160,346,192,470,176,408
frame_130,Rack_3,19,10,fanta_grape_big,0.833696722984314,123,346,159,469,141,407
frame_130,Rack_3,51,10,fanta_grape_big,0.530718207359314,98,346,122,465,110,405
frame_130,Rack_3,23,12,fanta_straw_big,0.8106715083122253,34,345,71,454,52,399
frame_130,Rack_3,64,12,fanta_straw_big,0.6518396139144897,5,344,31,452,18,398
frame_131,Rack_1,35,1,a&w_small,0.8763904571533203,594,148,615,210,604,179
frame_131,Rack_1,32,1,a&w_small,0.81899493932724,570,149,592,211,581,180
frame_131,Rack_1,48,1,a&w_small,0.7841871976852417,544,149,568,212,556,180
frame_131,Rack_1,37,1,a&w_small,0.7967512011528015,520,149,543,213,531,181
frame_131,Rack_1,27,1,a&w_small,0.8349326252937317,495,150,518,215,506,182
frame_131,Rack_1,36,1,a&w_small,0.8482276797294617,472,150,493,215,482,182
frame_131,Rack_1,49,4,coke_small,0.8702539205551147,449,150,471,215,460,182
frame_131,Rack_1,34,4,coke_small,0.873949408531189,425,149,447,215,436,182
frame_131,Rack_1,12,4,coke_small,0.8949219584465027,405,150,424,216,414,183
frame_131,Rack_1,40,4,coke_small,0.8249571323394775,384,150,404,216,394,183
frame_131,Rack_1,38,4,coke_small,0.8580910563468933,362,149,383,216,372,182
frame_131,Rack_1,5,4,coke_small,0.9010744690895081,340,149,361,217,350,183
frame_131,Rack_1,21,17,sprite_small,0.6996265053749084,319,150,339,219,329,184
frame_131,Rack_1,14,17,sprite_small,0.7189203500747681,298,149,318,219,308,184
frame_131,Rack_1,25,17,sprite_small,0.8371139764785767,278,150,297,219,287,184
frame_131,Rack_1,15,17,sprite_small,0.9080066680908203,257,150,278,218,267,184
frame_131,Rack_1,28,9,empty,0.8724430799484253,128,152,250,213,189,182
frame_131,Rack_1,57,0,7up_med,0.6159775257110596,69,155,97,239,83,197
frame_131,Rack_1,62,0,7up_med,0.5412423610687256,23,158,47,242,35,200
frame_131,Rack_2,45,3,coke_med,0.8150181174278259,604,245,635,325,619,285
frame_131,Rack_2,20,3,coke_med,0.9155728816986084,573,245,606,325,589,285
frame_131,Rack_2,22,3,coke_med,0.8994469046592712,548,245,571,325,559,285
frame_131,Rack_2,24,3,coke_med,0.9186092019081116,520,245,547,326,533,285
frame_131,Rack_2,3,3,coke_med,0.932380735874176,492,245,519,326,505,285
frame_131,Rack_2,47,3,coke_med,0.732029139995575,465,245,492,326,478,285
frame_131,Rack_2,61,6,coke_v_med,0.8154613971710205,465,244,492,327,478,285
frame_131,Rack_2,41,6,coke_v_med,0.8327797651290894,437,245,464,326,450,285
frame_131,Rack_2,29,6,coke_v_med,0.7079598903656006,409,245,436,326,422,285
frame_131,Rack_2,26,2,anw_med,0.8542968034744263,383,244,408,327,395,285
frame_131,Rack_2,17,2,anw_med,0.9151005744934082,358,245,383,326,370,285
frame_131,Rack_2,43,2,anw_med,0.8659706115722656,332,244,356,326,344,285
frame_131,Rack_2,42,2,anw_med,0.8618190288543701,307,245,331,326,319,285
frame_131,Rack_2,46,2,anw_med,0.8401107788085938,283,245,307,326,295,285
frame_131,Rack_2,7,2,anw_med,0.8954045176506042,257,246,282,326,269,286
frame_131,Rack_2,30,15,pepsi_med,0.8380694389343262,236,249,256,325,246,287
frame_131,Rack_2,8,15,pepsi_med,0.9058855772018433,213,247,235,326,224,286
frame_131,Rack_2,2,15,pepsi_med,0.8866325616836548,187,247,211,327,199,287
frame_131,Rack_2,16,15,pepsi_med,0.9127329587936401,167,248,187,326,177,287
frame_131,Rack_2,31,15,pepsi_med,0.9232573509216309,141,249,166,326,153,287
frame_131,Rack_2,44,15,pepsi_med,0.8817232251167297,120,250,140,325,130,287
frame_131,Rack_2,55,13,kick_med,0.8351298570632935,96,252,118,325,107,288
frame_131,Rack_2,53,13,kick_med,0.8811811208724976,75,252,95,325,85,288
frame_131,Rack_2,52,13,kick_med,0.8817257881164551,51,253,75,325,63,289
frame_131,Rack_2,56,13,kick_med,0.8594087362289429,29,254,51,325,40,289
frame_131,Rack_2,65,13,kick_med,0.8328509330749512,10,255,26,326,18,290
frame_131,Rack_2,63,13,kick_med,0.5603671073913574,0,253,6,330,3,291
frame_131,Rack_3,6,9,empty,0.9254646897315979,511,349,632,481,571,415
frame_131,Rack_3,13,7,coke_z_big,0.9338207244873047,475,350,511,464,493,407
frame_131,Rack_3,1,7,coke_z_big,0.9187775254249573,436,349,474,465,455,407
frame_131,Rack_3,39,5,coke_v_big,0.8838881850242615,400,348,435,475,417,411
frame_131,Rack_3,4,5,coke_v_big,0.9027767777442932,363,349,399,476,381,412
frame_131,Rack_3,33,5,coke_v_big,0.9211543202400208,328,350,362,459,345,404
frame_131,Rack_3,18,5,coke_v_big,0.9270323514938354,294,351,328,457,311,404
frame_131,Rack_3,10,5,coke_v_big,0.8882098197937012,259,350,294,473,276,411
frame_131,Rack_3,9,14,pepsi_big,0.9113574624061584,226,345,258,472,242,408
frame_131,Rack_3,11,14,pepsi_big,0.924206554889679,194,346,225,470,209,408
frame_131,Rack_3,54,14,pepsi_big,0.9070624709129333,162,346,193,470,177,408
frame_131,Rack_3,19,10,fanta_grape_big,0.8478675484657288,124,346,160,469,142,407
frame_131,Rack_3,51,10,fanta_grape_big,0.5360046029090881,99,346,123,465,111,405
frame_131,Rack_3,23,12,fanta_straw_big,0.8087016344070435,35,344,72,454,53,399
frame_131,Rack_3,64,12,fanta_straw_big,0.6364967823028564,6,344,32,452,19,398
frame_132,Rack_1,35,1,a&w_small,0.8855181336402893,597,148,618,210,607,179
frame_132,Rack_1,32,1,a&w_small,0.8236281871795654,571,149,593,211,582,180
frame_132,Rack_1,48,1,a&w_small,0.7767524719238281,546,150,569,212,557,181
frame_132,Rack_1,37,1,a&w_small,0.8472791910171509,521,149,544,213,532,181
frame_132,Rack_1,27,1,a&w_small,0.8209155797958374,496,149,519,214,507,181
frame_132,Rack_1,36,1,a&w_small,0.8320082426071167,473,150,494,215,483,182
frame_132,Rack_1,49,4,coke_small,0.8918803930282593,450,150,472,215,461,182
frame_132,Rack_1,34,4,coke_small,0.8462280035018921,426,149,448,215,437,182
frame_132,Rack_1,12,4,coke_small,0.8341966271400452,406,150,425,215,415,182
frame_132,Rack_1,40,4,coke_small,0.8477526307106018,385,149,405,215,395,182
frame_132,Rack_1,38,4,coke_small,0.8443481922149658,363,149,384,215,373,182
frame_132,Rack_1,5,4,coke_small,0.8716148734092712,341,149,362,216,351,182
frame_132,Rack_1,21,17,sprite_small,0.6683029532432556,320,150,340,218,330,184
frame_132,Rack_1,14,17,sprite_small,0.6827298998832703,299,149,319,219,309,184
frame_132,Rack_1,25,17,sprite_small,0.8269760012626648,279,150,298,218,288,184
frame_132,Rack_1,15,17,sprite_small,0.8659710884094238,258,150,278,217,268,183
frame_132,Rack_1,28,9,empty,0.8653827905654907,130,152,250,211,190,181
frame_132,Rack_1,57,0,7up_med,0.7245932221412659,69,154,98,240,83,197
frame_132,Rack_2,45,3,coke_med,0.8466805815696716,605,245,635,325,620,285
frame_132,Rack_2,20,3,coke_med,0.9036136865615845,574,245,607,325,590,285
frame_132,Rack_2,22,3,coke_med,0.9091987013816833,549,244,572,325,560,284
frame_132,Rack_2,24,3,coke_med,0.9194478988647461,521,245,548,325,534,285
frame_132,Rack_2,3,3,coke_med,0.9419302940368652,494,245,520,325,507,285
frame_132,Rack_2,47,3,coke_med,0.7114081978797913,466,245,493,326,479,285
frame_132,Rack_2,61,6,coke_v_med,0.8316521048545837,466,244,493,327,479,285
frame_132,Rack_2,41,6,coke_v_med,0.8426255583763123,438,245,465,326,451,285
frame_132,Rack_2,29,6,coke_v_med,0.7865139842033386,410,245,437,326,423,285
frame_132,Rack_2,26,2,anw_med,0.8378142714500427,384,244,409,326,396,285
frame_132,Rack_2,17,2,anw_med,0.8799436092376709,358,245,383,326,370,285
frame_132,Rack_2,43,2,anw_med,0.8574872016906738,333,244,358,326,345,285
frame_132,Rack_2,42,2,anw_med,0.8636205196380615,309,244,332,326,320,285
frame_132,Rack_2,46,2,anw_med,0.831241250038147,284,244,308,325,296,284
frame_132,Rack_2,7,2,anw_med,0.8837555646896362,258,246,283,326,270,286
frame_132,Rack_2,30,15,pepsi_med,0.8121756315231323,237,249,257,325,247,287
frame_132,Rack_2,8,15,pepsi_med,0.922531247138977,214,247,236,326,225,286
frame_132,Rack_2,2,15,pepsi_med,0.8967030644416809,188,247,212,327,200,287
frame_132,Rack_2,16,15,pepsi_med,0.906164824962616,168,248,188,326,178,287
frame_132,Rack_2,31,15,pepsi_med,0.9148908853530884,142,249,167,327,154,288
frame_132,Rack_2,44,15,pepsi_med,0.8803784847259521,121,250,141,325,131,287
frame_132,Rack_2,55,13,kick_med,0.8426072001457214,97,252,119,324,108,288
frame_132,Rack_2,53,13,kick_med,0.8804178237915039,76,252,96,324,86,288
frame_132,Rack_2,52,13,kick_med,0.8697912096977234,52,253,75,324,63,288
frame_132,Rack_2,56,13,kick_med,0.8346787095069885,30,255,52,325,41,290
frame_132,Rack_2,65,13,kick_med,0.7338114976882935,10,255,27,326,18,290
frame_132,Rack_2,63,13,kick_med,0.5851638913154602,0,253,5,329,2,291
frame_132,Rack_3,6,9,empty,0.9271586537361145,512,349,632,480,572,414
frame_132,Rack_3,13,7,coke_z_big,0.9326571822166443,476,350,512,464,494,407
frame_132,Rack_3,1,7,coke_z_big,0.9182835221290588,437,349,475,465,456,407
frame_132,Rack_3,39,5,coke_v_big,0.8716259002685547,401,348,436,475,418,411
frame_132,Rack_3,4,5,coke_v_big,0.9069055318832397,364,349,400,477,382,413
frame_132,Rack_3,33,5,coke_v_big,0.9130678176879883,329,350,363,460,346,405
frame_132,Rack_3,18,5,coke_v_big,0.93122798204422,295,351,329,458,312,404
frame_132,Rack_3,10,5,coke_v_big,0.8853389024734497,260,350,294,473,277,411
frame_132,Rack_3,9,14,pepsi_big,0.9053193926811218,227,346,259,472,243,409
frame_132,Rack_3,11,14,pepsi_big,0.8998168110847473,195,346,226,470,210,408
frame_132,Rack_3,54,14,pepsi_big,0.8954110145568848,163,346,194,469,178,407
frame_132,Rack_3,19,10,fanta_grape_big,0.8643836379051208,125,346,161,469,143,407
frame_132,Rack_3,51,10,fanta_grape_big,0.6621219515800476,100,346,124,465,112,405
frame_132,Rack_3,23,12,fanta_straw_big,0.8402382731437683,36,344,73,454,54,399
frame_132,Rack_3,64,12,fanta_straw_big,0.5974668264389038,6,344,33,452,19,398
frame_133,Rack_1,35,1,a&w_small,0.8647980093955994,598,148,620,210,609,179
frame_133,Rack_1,32,1,a&w_small,0.8173038959503174,572,149,594,211,583,180
frame_133,Rack_1,48,1,a&w_small,0.7745290994644165,547,150,570,212,558,181
frame_133,Rack_1,37,1,a&w_small,0.845845103263855,522,150,545,213,533,181
frame_133,Rack_1,27,1,a&w_small,0.8236575126647949,497,149,520,214,508,181
frame_133,Rack_1,36,1,a&w_small,0.8325908184051514,474,150,495,214,484,182
frame_133,Rack_1,49,4,coke_small,0.8557736873626709,450,150,472,215,461,182
frame_133,Rack_1,34,4,coke_small,0.83790123462677,428,149,449,215,438,182
frame_133,Rack_1,12,4,coke_small,0.8914334177970886,407,150,426,215,416,182
frame_133,Rack_1,40,4,coke_small,0.8753459453582764,386,149,406,215,396,182
frame_133,Rack_1,38,4,coke_small,0.8443596363067627,364,149,385,215,374,182
frame_133,Rack_1,5,4,coke_small,0.8848969340324402,342,150,363,215,352,182
frame_133,Rack_1,21,17,sprite_small,0.6735373735427856,320,150,341,217,330,183
frame_133,Rack_1,14,17,sprite_small,0.6798381209373474,300,150,320,218,310,184
frame_133,Rack_1,25,17,sprite_small,0.8120157122612,280,150,299,217,289,183
frame_133,Rack_1,15,17,sprite_small,0.8311526775360107,259,150,279,216,269,183
frame_133,Rack_1,28,9,empty,0.8597670793533325,131,152,250,211,190,181
frame_133,Rack_1,57,0,7up_med,0.7514800429344177,70,153,99,239,84,196
frame_133,Rack_1,58,0,7up_med,0.5698919296264648,48,155,72,242,60,198
frame_133,Rack_2,45,3,coke_med,0.7683238387107849,605,246,634,324,619,285
frame_133,Rack_2,20,3,coke_med,0.8910371661186218,575,246,607,324,591,285
frame_133,Rack_2,22,3,coke_med,0.8883930444717407,550,246,573,325,561,285
frame_133,Rack_2,24,3,coke_med,0.9031063318252563,522,246,548,326,535,286
frame_133,Rack_2,3,3,coke_med,0.9356350302696228,495,246,520,325,507,285
frame_133,Rack_2,47,3,coke_med,0.7355828285217285,467,246,494,326,480,286
frame_133,Rack_2,61,6,coke_v_med,0.6795783638954163,467,246,494,326,480,286
frame_133,Rack_2,41,6,coke_v_med,0.5798498392105103,439,246,466,326,452,286
frame_133,Rack_2,29,6,coke_v_med,0.7794895768165588,412,247,438,326,425,286
frame_133,Rack_2,26,2,anw_med,0.8331648111343384,385,246,410,326,397,286
frame_133,Rack_2,17,2,anw_med,0.8732630610466003,359,245,384,326,371,285
frame_133,Rack_2,43,2,anw_med,0.8743023872375488,334,245,359,326,346,285
frame_133,Rack_2,42,2,anw_med,0.8658050894737244,310,246,333,326,321,286
frame_133,Rack_2,46,2,anw_med,0.8477109670639038,285,246,308,325,296,285
frame_133,Rack_2,7,2,anw_med,0.8982763886451721,259,248,283,325,271,286
frame_133,Rack_2,30,15,pepsi_med,0.8469147682189941,238,249,257,325,247,287
frame_133,Rack_2,8,15,pepsi_med,0.9370326995849609,215,247,237,326,226,286
frame_133,Rack_2,2,15,pepsi_med,0.9038485884666443,189,247,213,327,201,287
frame_133,Rack_2,16,15,pepsi_med,0.9090877175331116,169,248,188,325,178,286
frame_133,Rack_2,31,15,pepsi_med,0.9042954444885254,143,249,168,327,155,288
frame_133,Rack_2,44,15,pepsi_med,0.9210557341575623,122,251,142,325,132,288
frame_133,Rack_2,55,13,kick_med,0.8522742986679077,98,251,120,324,109,287
frame_133,Rack_2,53,13,kick_med,0.8861569166183472,77,252,97,324,87,288
frame_133,Rack_2,52,13,kick_med,0.8933583498001099,53,254,76,325,64,289
frame_133,Rack_2,56,13,kick_med,0.8649404048919678,31,255,52,326,41,290
frame_133,Rack_2,65,13,kick_med,0.8180029392242432,10,255,27,326,18,290
frame_133,Rack_2,63,13,kick_med,0.5906863212585449,0,253,5,330,2,291
frame_133,Rack_3,6,9,empty,0.9307151436805725,512,349,631,481,571,415
frame_133,Rack_3,13,7,coke_z_big,0.9282611608505249,477,350,513,464,495,407
frame_133,Rack_3,1,7,coke_z_big,0.919075608253479,438,349,476,465,457,407
frame_133,Rack_3,39,5,coke_v_big,0.866448700428009,402,349,437,475,419,412
frame_133,Rack_3,4,5,coke_v_big,0.9122264981269836,365,349,401,476,383,412
frame_133,Rack_3,33,5,coke_v_big,0.9003782272338867,331,350,364,460,347,405
frame_133,Rack_3,18,5,coke_v_big,0.9268062710762024,296,352,330,457,313,404
frame_133,Rack_3,10,5,coke_v_big,0.89377760887146,261,351,295,473,278,412
frame_133,Rack_3,9,14,pepsi_big,0.9066247344017029,228,346,260,473,244,409
frame_133,Rack_3,11,14,pepsi_big,0.9039479494094849,197,346,227,470,212,408
frame_133,Rack_3,54,14,pepsi_big,0.8550967574119568,164,346,195,469,179,407
frame_133,Rack_3,19,10,fanta_grape_big,0.8787928819656372,126,346,162,469,144,407
frame_133,Rack_3,51,10,fanta_grape_big,0.7928986549377441,101,345,125,465,113,405
frame_133,Rack_3,23,12,fanta_straw_big,0.8422195911407471,37,344,74,454,55,399
frame_134,Rack_1,35,1,a&w_small,0.8269966244697571,598,148,619,209,608,178
frame_134,Rack_1,32,1,a&w_small,0.8266324400901794,574,149,596,211,585,180
frame_134,Rack_1,48,1,a&w_small,0.7853575944900513,548,150,571,212,559,181
frame_134,Rack_1,37,1,a&w_small,0.8414430022239685,523,150,546,213,534,181
frame_134,Rack_1,27,1,a&w_small,0.8264612555503845,498,150,521,214,509,182
frame_134,Rack_1,36,1,a&w_small,0.8475092053413391,475,150,496,215,485,182
frame_134,Rack_1,49,4,coke_small,0.8072810173034668,451,150,473,215,462,182
frame_134,Rack_1,34,4,coke_small,0.8339195847511292,428,149,450,215,439,182
frame_134,Rack_1,12,4,coke_small,0.875312864780426,408,150,427,215,417,182
frame_134,Rack_1,40,4,coke_small,0.8786784410476685,386,149,407,215,396,182
frame_134,Rack_1,38,4,coke_small,0.8412147760391235,365,149,386,215,375,182
frame_134,Rack_1,5,4,coke_small,0.8741759061813354,343,150,364,216,353,183
frame_134,Rack_1,21,17,sprite_small,0.6294423341751099,321,150,342,218,331,184
frame_134,Rack_1,14,17,sprite_small,0.7141687870025635,301,149,321,219,311,184
frame_134,Rack_1,25,17,sprite_small,0.8067296743392944,281,150,300,219,290,184
frame_134,Rack_1,15,17,sprite_small,0.8608037829399109,259,151,280,218,269,184
frame_134,Rack_1,28,9,empty,0.8741734027862549,130,152,252,212,191,182
frame_134,Rack_2,45,3,coke_med,0.6896352171897888,607,247,635,325,621,286
frame_134,Rack_2,20,3,coke_med,0.8835790157318115,576,247,608,325,592,286
frame_134,Rack_2,22,3,coke_med,0.8884745240211487,551,246,574,326,562,286
frame_134,Rack_2,24,3,coke_med,0.87757408618927,523,247,549,326,536,286
frame_134,Rack_2,3,3,coke_med,0.9219178557395935,496,246,522,326,509,286
frame_134,Rack_2,47,3,coke_med,0.5532851219177246,468,247,495,326,481,286
frame_134,Rack_2,61,6,coke_v_med,0.8237738013267517,468,246,495,327,481,286
frame_134,Rack_2,41,6,coke_v_med,0.6944414973258972,440,246,467,326,453,286
frame_134,Rack_2,29,6,coke_v_med,0.6999430656433105,413,247,439,326,426,286
frame_134,Rack_2,26,2,anw_med,0.8557528257369995,386,246,411,327,398,286
frame_134,Rack_2,17,2,anw_med,0.8574094176292419,360,246,385,326,372,286
frame_134,Rack_2,43,2,anw_med,0.8563002347946167,335,245,360,326,347,285
frame_134,Rack_2,42,2,anw_med,0.8404150009155273,311,246,334,326,322,286
frame_134,Rack_2,46,2,anw_med,0.8542606234550476,285,247,309,326,297,286
frame_134,Rack_2,7,2,anw_med,0.9249395728111267,259,247,284,326,271,286
frame_134,Rack_2,30,15,pepsi_med,0.8609676957130432,238,250,258,325,248,287
frame_134,Rack_2,8,15,pepsi_med,0.9308251142501831,215,247,238,326,226,286
frame_134,Rack_2,2,15,pepsi_med,0.9111403822898865,190,247,214,327,202,287
frame_134,Rack_2,16,15,pepsi_med,0.9087845683097839,169,248,189,326,179,287
frame_134,Rack_2,31,15,pepsi_med,0.899071216583252,143,249,169,327,156,288
frame_134,Rack_2,44,15,pepsi_med,0.8743308186531067,122,251,143,326,132,288
frame_134,Rack_2,55,13,kick_med,0.8467879891395569,99,252,121,325,110,288
frame_134,Rack_2,53,13,kick_med,0.8859157562255859,78,252,98,325,88,288
frame_134,Rack_2,52,13,kick_med,0.9106149077415466,54,253,77,325,65,289
frame_134,Rack_2,56,13,kick_med,0.8440077304840088,31,254,53,327,42,290
frame_134,Rack_2,65,13,kick_med,0.6673754453659058,13,255,29,326,21,290
frame_134,Rack_3,6,9,empty,0.9310857653617859,513,349,632,481,572,415
frame_134,Rack_3,13,7,coke_z_big,0.9284495115280151,478,350,514,464,496,407
frame_134,Rack_3,1,7,coke_z_big,0.9184820055961609,439,349,477,465,458,407
frame_134,Rack_3,39,5,coke_v_big,0.8404658436775208,403,349,438,475,420,412
frame_134,Rack_3,4,5,coke_v_big,0.9106652140617371,366,350,402,476,384,413
frame_134,Rack_3,33,5,coke_v_big,0.8858105540275574,332,350,365,460,348,405
frame_134,Rack_3,18,5,coke_v_big,0.9197476506233215,297,351,331,458,314,404
frame_134,Rack_3,10,5,coke_v_big,0.8962910175323486,262,351,296,473,279,412
frame_134,Rack_3,9,14,pepsi_big,0.8877525329589844,229,346,261,472,245,409
frame_134,Rack_3,11,14,pepsi_big,0.9155415296554565,197,346,228,470,212,408
frame_134,Rack_3,54,14,pepsi_big,0.8298304080963135,165,346,196,469,180,407
frame_134,Rack_3,19,10,fanta_grape_big,0.8953219652175903,127,346,164,469,145,407
frame_134,Rack_3,51,10,fanta_grape_big,0.8322071433067322,102,345,126,465,114,405
frame_134,Rack_3,23,12,fanta_straw_big,0.8811823129653931,38,345,75,454,56,399
frame_135,Rack_1,35,1,a&w_small,0.7602745890617371,600,148,622,209,611,178
frame_135,Rack_1,32,1,a&w_small,0.8241477012634277,575,150,597,210,586,180
frame_135,Rack_1,48,1,a&w_small,0.794857919216156,550,150,573,211,561,180
frame_135,Rack_1,37,1,a&w_small,0.8327690958976746,524,150,547,213,535,181
frame_135,Rack_1,27,1,a&w_small,0.8360737562179565,499,150,522,214,510,182
frame_135,Rack_1,36,1,a&w_small,0.8501321077346802,476,150,497,214,486,182
frame_135,Rack_1,49,4,coke_small,0.7479879260063171,452,150,474,214,463,182
frame_135,Rack_1,34,4,coke_small,0.8332464098930359,429,149,451,215,440,182
frame_135,Rack_1,12,4,coke_small,0.8789849877357483,408,150,428,215,418,182
frame_135,Rack_1,40,4,coke_small,0.9011301398277283,387,150,408,215,397,182
frame_135,Rack_1,38,4,coke_small,0.8594260215759277,366,149,387,215,376,182
frame_135,Rack_1,5,4,coke_small,0.8698908686637878,344,149,365,215,354,182
frame_135,Rack_1,21,17,sprite_small,0.7699346542358398,322,149,343,217,332,183
frame_135,Rack_1,14,17,sprite_small,0.7720562219619751,302,149,322,217,312,183
frame_135,Rack_1,25,17,sprite_small,0.828579843044281,282,150,301,217,291,183
frame_135,Rack_1,15,17,sprite_small,0.8862720131874084,260,151,281,217,270,184
frame_135,Rack_1,28,9,empty,0.8675800561904907,131,152,253,211,192,181
frame_135,Rack_1,57,0,7up_med,0.6470353603363037,71,154,100,240,85,197
frame_135,Rack_1,62,0,7up_med,0.5496191382408142,27,159,51,242,39,200
frame_135,Rack_2,45,3,coke_med,0.7637465000152588,607,234,638,325,622,279
frame_135,Rack_2,20,3,coke_med,0.8872935175895691,577,247,610,325,593,286
frame_135,Rack_2,22,3,coke_med,0.8734596967697144,552,247,575,326,563,286
frame_135,Rack_2,24,3,coke_med,0.833677351474762,524,247,550,326,537,286
frame_135,Rack_2,3,3,coke_med,0.9147868156433105,497,247,523,326,510,286
frame_135,Rack_2,61,6,coke_v_med,0.8223527073860168,469,246,496,327,482,286
frame_135,Rack_2,41,6,coke_v_med,0.671584963798523,442,246,468,326,455,286
frame_135,Rack_2,29,6,coke_v_med,0.7319815754890442,413,246,440,326,426,286
frame_135,Rack_2,26,2,anw_med,0.8558728098869324,387,246,412,327,399,286
frame_135,Rack_2,17,2,anw_med,0.8647277355194092,361,246,386,326,373,286
frame_135,Rack_2,43,2,anw_med,0.8590890765190125,336,245,360,327,348,286
frame_135,Rack_2,42,2,anw_med,0.8599651455879211,311,246,335,327,323,286
frame_135,Rack_2,46,2,anw_med,0.8482626080513,286,247,311,327,298,287
frame_135,Rack_2,7,2,anw_med,0.9164420962333679,260,248,285,326,272,287
frame_135,Rack_2,30,15,pepsi_med,0.8819289803504944,239,250,259,326,249,288
frame_135,Rack_2,8,15,pepsi_med,0.9034260511398315,216,247,239,326,227,286
frame_135,Rack_2,2,15,pepsi_med,0.8969423174858093,191,249,214,327,202,288
frame_135,Rack_2,16,15,pepsi_med,0.9271463751792908,170,249,190,327,180,288
frame_135,Rack_2,31,15,pepsi_med,0.8931315541267395,144,249,169,327,156,288
frame_135,Rack_2,44,15,pepsi_med,0.8555678129196167,123,252,144,326,133,289
frame_135,Rack_2,55,13,kick_med,0.8653610944747925,99,252,121,325,110,288
frame_135,Rack_2,53,13,kick_med,0.892410397529602,78,252,99,325,88,288
frame_135,Rack_2,52,13,kick_med,0.9128039479255676,54,253,78,325,66,289
frame_135,Rack_2,56,13,kick_med,0.8408487439155579,32,254,54,327,43,290
frame_135,Rack_2,65,13,kick_med,0.7668782472610474,13,255,31,326,22,290
frame_135,Rack_3,6,9,empty,0.9316767454147339,514,349,632,482,573,415
frame_135,Rack_3,13,7,coke_z_big,0.927830696105957,479,350,515,464,497,407
frame_135,Rack_3,1,7,coke_z_big,0.9227105379104614,440,349,478,465,459,407
frame_135,Rack_3,39,5,coke_v_big,0.8157945275306702,404,349,439,475,421,412
frame_135,Rack_3,4,5,coke_v_big,0.9007353782653809,367,349,403,476,385,412
frame_135,Rack_3,33,5,coke_v_big,0.8800477385520935,332,350,366,461,349,405
frame_135,Rack_3,18,5,coke_v_big,0.9056161046028137,297,351,332,458,314,404
frame_135,Rack_3,10,5,coke_v_big,0.8987330198287964,263,351,297,473,280,412
frame_135,Rack_3,9,14,pepsi_big,0.8862869739532471,230,346,262,473,246,409
frame_135,Rack_3,11,14,pepsi_big,0.8924412131309509,198,347,229,470,213,408
frame_135,Rack_3,54,14,pepsi_big,0.6791986227035522,166,346,197,469,181,407
frame_135,Rack_3,19,10,fanta_grape_big,0.914311408996582,128,346,165,469,146,407
frame_135,Rack_3,51,10,fanta_grape_big,0.8702369928359985,102,346,127,465,114,405
frame_135,Rack_3,23,12,fanta_straw_big,0.9172912240028381,38,345,75,454,56,399
frame_136,Rack_1,35,1,a&w_small,0.7783317565917969,601,148,624,208,612,178
frame_136,Rack_1,32,1,a&w_small,0.8129530549049377,576,149,598,210,587,179
frame_136,Rack_1,48,1,a&w_small,0.8020742535591125,551,150,574,211,562,180
frame_136,Rack_1,37,1,a&w_small,0.8543826937675476,525,149,548,213,536,181
frame_136,Rack_1,27,1,a&w_small,0.8238343000411987,500,150,523,214,511,182
frame_136,Rack_1,36,1,a&w_small,0.8490480780601501,477,150,498,214,487,182
frame_136,Rack_1,49,4,coke_small,0.7512823343276978,453,150,475,214,464,182
frame_136,Rack_1,34,4,coke_small,0.841368556022644,430,149,452,215,441,182
frame_136,Rack_1,12,4,coke_small,0.8679183721542358,409,149,429,215,419,182
frame_136,Rack_1,40,4,coke_small,0.89443039894104,388,150,409,215,398,182
frame_136,Rack_1,38,4,coke_small,0.8544469475746155,367,149,387,215,377,182
frame_136,Rack_1,5,4,coke_small,0.8622835874557495,344,149,366,215,355,182
frame_136,Rack_1,21,17,sprite_small,0.7442470788955688,323,149,343,217,333,183
frame_136,Rack_1,14,17,sprite_small,0.8082022070884705,302,149,322,218,312,183
frame_136,Rack_1,25,17,sprite_small,0.8340966105461121,282,150,302,218,292,184
frame_136,Rack_1,15,17,sprite_small,0.8785010576248169,261,151,282,218,271,184
frame_136,Rack_1,28,9,empty,0.8819431662559509,130,152,254,212,192,182
frame_136,Rack_2,45,3,coke_med,0.7565463185310364,608,236,638,324,623,280
frame_136,Rack_2,20,3,coke_med,0.8962965607643127,578,246,611,325,594,285
frame_136,Rack_2,22,3,coke_med,0.8723006248474121,552,246,576,326,564,286
frame_136,Rack_2,24,3,coke_med,0.8809282779693604,525,246,551,325,538,285
frame_136,Rack_2,3,3,coke_med,0.9338700175285339,498,245,524,325,511,285
frame_136,Rack_2,47,3,coke_med,0.6109017133712769,470,245,497,326,483,285
frame_136,Rack_2,61,6,coke_v_med,0.809136688709259,470,245,497,326,483,285
frame_136,Rack_2,41,6,coke_v_med,0.777205765247345,442,245,469,326,455,285
frame_136,Rack_2,29,6,coke_v_med,0.8070411086082458,414,245,441,326,427,285
frame_136,Rack_2,26,2,anw_med,0.8745966553688049,387,245,413,326,400,285
frame_136,Rack_2,17,2,anw_med,0.8699268698692322,362,245,387,326,374,285
frame_136,Rack_2,43,2,anw_med,0.8403809666633606,336,244,361,326,348,285
frame_136,Rack_2,42,2,anw_med,0.8707085251808167,312,245,336,326,324,285
frame_136,Rack_2,46,2,anw_med,0.8570089340209961,287,246,311,326,299,286
frame_136,Rack_2,7,2,anw_med,0.9078351855278015,261,247,286,325,273,286
frame_136,Rack_2,30,15,pepsi_med,0.8741012215614319,240,250,259,325,249,287
frame_136,Rack_2,8,15,pepsi_med,0.8952903151512146,217,249,239,326,228,287
frame_136,Rack_2,2,15,pepsi_med,0.9035154581069946,192,248,215,326,203,287
frame_136,Rack_2,16,15,pepsi_med,0.9325311183929443,171,248,191,326,181,287
frame_136,Rack_2,31,15,pepsi_med,0.8874908685684204,144,249,170,327,157,288
frame_136,Rack_2,44,15,pepsi_med,0.8639807105064392,124,252,144,325,134,288
frame_136,Rack_2,55,13,kick_med,0.8834930062294006,100,252,122,325,111,288
frame_136,Rack_2,53,13,kick_med,0.8783637881278992,79,252,99,325,89,288
frame_136,Rack_2,52,13,kick_med,0.8971123695373535,55,253,78,325,66,289
frame_136,Rack_2,56,13,kick_med,0.7870590090751648,33,255,54,326,43,290
frame_136,Rack_2,65,13,kick_med,0.7062442302703857,14,256,31,325,22,290
frame_136,Rack_3,6,9,empty,0.9292983412742615,515,349,634,482,574,415
frame_136,Rack_3,13,7,coke_z_big,0.9257751703262329,480,350,516,464,498,407
frame_136,Rack_3,1,7,coke_z_big,0.9318352341651917,440,350,479,465,459,407
frame_136,Rack_3,39,5,coke_v_big,0.8351870775222778,405,349,440,476,422,412
frame_136,Rack_3,4,5,coke_v_big,0.9019114375114441,368,349,404,477,386,413
frame_136,Rack_3,33,5,coke_v_big,0.8668435215950012,333,350,367,461,350,405
frame_136,Rack_3,18,5,coke_v_big,0.8863380551338196,298,351,332,459,315,405
frame_136,Rack_3,10,5,coke_v_big,0.8980658054351807,264,351,298,473,281,412
frame_136,Rack_3,9,14,pepsi_big,0.9056559205055237,231,346,262,474,246,410
frame_136,Rack_3,11,14,pepsi_big,0.8943718671798706,199,347,229,471,214,409
frame_136,Rack_3,54,14,pepsi_big,0.6426746845245361,166,347,197,470,181,408
frame_136,Rack_3,19,10,fanta_grape_big,0.9155644178390503,129,347,165,469,147,408
frame_136,Rack_3,51,10,fanta_grape_big,0.85067218542099,103,346,127,465,115,405
frame_136,Rack_3,23,12,fanta_straw_big,0.9069720506668091,39,346,76,454,57,400
frame_137,Rack_1,35,1,a&w_small,0.7718903422355652,602,148,624,208,613,178
frame_137,Rack_1,32,1,a&w_small,0.780783474445343,577,150,599,209,588,179
frame_137,Rack_1,48,1,a&w_small,0.7587108612060547,551,150,574,211,562,180
frame_137,Rack_1,37,1,a&w_small,0.8449183702468872,526,150,549,213,537,181
frame_137,Rack_1,27,1,a&w_small,0.840254008769989,501,150,524,214,512,182
frame_137,Rack_1,36,1,a&w_small,0.8549758195877075,478,150,499,214,488,182
frame_137,Rack_1,49,4,coke_small,0.8125626444816589,454,150,477,214,465,182
frame_137,Rack_1,34,4,coke_small,0.8516466617584229,431,149,453,215,442,182
frame_137,Rack_1,12,4,coke_small,0.8491450548171997,410,149,430,215,420,182
frame_137,Rack_1,40,4,coke_small,0.9117005467414856,389,150,410,216,399,183
frame_137,Rack_1,38,4,coke_small,0.8599305748939514,367,149,388,216,377,182
frame_137,Rack_1,5,4,coke_small,0.9015131592750549,345,149,366,216,355,182
frame_137,Rack_1,21,17,sprite_small,0.7640377879142761,323,149,344,217,333,183
frame_137,Rack_1,14,17,sprite_small,0.7936185598373413,303,149,323,218,313,183
frame_137,Rack_1,25,17,sprite_small,0.7984704971313477,283,150,302,219,292,184
frame_137,Rack_1,15,17,sprite_small,0.8886808753013611,261,150,282,218,271,184
frame_137,Rack_1,28,9,empty,0.8644688129425049,130,152,254,212,192,182
frame_137,Rack_2,45,3,coke_med,0.6430922746658325,610,240,637,324,623,282
frame_137,Rack_2,20,3,coke_med,0.8794588446617126,579,246,613,325,596,285
frame_137,Rack_2,22,3,coke_med,0.8171879649162292,553,247,577,326,565,286
frame_137,Rack_2,24,3,coke_med,0.873992383480072,526,247,552,326,539,286
frame_137,Rack_2,3,3,coke_med,0.9079036712646484,499,246,525,326,512,286
frame_137,Rack_2,61,6,coke_v_med,0.7652656435966492,471,246,497,326,484,286
frame_137,Rack_2,41,6,coke_v_med,0.5534784197807312,443,247,470,326,456,286
frame_137,Rack_2,29,6,coke_v_med,0.7714600563049316,415,246,442,326,428,286
frame_137,Rack_2,26,2,anw_med,0.8563030958175659,388,245,414,327,401,286
frame_137,Rack_2,17,2,anw_med,0.869333028793335,362,245,387,326,374,285
frame_137,Rack_2,43,2,anw_med,0.8493537306785583,337,244,362,327,349,285
frame_137,Rack_2,42,2,anw_med,0.872524082660675,312,245,336,327,324,286
frame_137,Rack_2,46,2,anw_med,0.844111442565918,288,246,312,327,300,286
frame_137,Rack_2,7,2,anw_med,0.890093982219696,262,247,287,326,274,286
frame_137,Rack_2,30,15,pepsi_med,0.8518048524856567,240,249,260,325,250,287
frame_137,Rack_2,8,15,pepsi_med,0.9035142660140991,218,249,240,326,229,287
frame_137,Rack_2,2,15,pepsi_med,0.9091845750808716,192,248,216,327,204,287
frame_137,Rack_2,16,15,pepsi_med,0.9120106101036072,172,249,191,327,181,288
frame_137,Rack_2,31,15,pepsi_med,0.8933407664299011,145,249,170,327,157,288
frame_137,Rack_2,44,15,pepsi_med,0.8567582368850708,124,252,145,325,134,288
frame_137,Rack_2,55,13,kick_med,0.9000746011734009,101,253,123,325,112,289
frame_137,Rack_2,53,13,kick_med,0.8885856866836548,80,252,100,326,90,289
frame_137,Rack_2,52,13,kick_med,0.9090650081634521,56,253,79,325,67,289
frame_137,Rack_2,56,13,kick_med,0.8215864300727844,33,255,55,326,44,290
frame_137,Rack_2,65,13,kick_med,0.7443268895149231,15,256,32,326,23,291
frame_137,Rack_3,6,9,empty,0.9310698509216309,516,349,634,481,575,415
frame_137,Rack_3,13,7,coke_z_big,0.9272627830505371,480,350,517,464,498,407
frame_137,Rack_3,1,7,coke_z_big,0.9396310448646545,441,350,480,465,460,407
frame_137,Rack_3,39,5,coke_v_big,0.8448899984359741,405,349,440,476,422,412
frame_137,Rack_3,4,5,coke_v_big,0.8944712281227112,368,349,405,477,386,413
frame_137,Rack_3,33,5,coke_v_big,0.8729936480522156,334,349,368,461,351,405
frame_137,Rack_3,18,5,coke_v_big,0.8748787641525269,299,351,333,459,316,405
frame_137,Rack_3,10,5,coke_v_big,0.8917182087898254,264,351,298,473,281,412
frame_137,Rack_3,9,14,pepsi_big,0.9204356074333191,231,346,263,474,247,410
frame_137,Rack_3,11,14,pepsi_big,0.9029824733734131,199,347,230,470,214,408
frame_137,Rack_3,54,14,pepsi_big,0.5810293555259705,167,347,198,470,182,408
frame_137,Rack_3,19,10,fanta_grape_big,0.8991386890411377,129,347,166,469,147,408
frame_137,Rack_3,51,10,fanta_grape_big,0.8400894999504089,104,347,128,466,116,406
frame_137,Rack_3,23,12,fanta_straw_big,0.9140151739120483,40,346,76,454,58,400
frame_137,Rack_3,64,12,fanta_straw_big,0.5139129161834717,6,346,36,453,21,399
frame_138,Rack_1,35,1,a&w_small,0.81601881980896,601,148,624,208,612,178
frame_138,Rack_1,32,1,a&w_small,0.8063503503799438,578,150,600,209,589,179
frame_138,Rack_1,48,1,a&w_small,0.7538329362869263,552,150,575,211,563,180
frame_138,Rack_1,37,1,a&w_small,0.8390036225318909,527,150,550,212,538,181
frame_138,Rack_1,27,1,a&w_small,0.8496243357658386,502,150,525,214,513,182
frame_138,Rack_1,36,1,a&w_small,0.8425284028053284,479,150,500,213,489,181
frame_138,Rack_1,49,4,coke_small,0.8139839172363281,455,150,477,214,466,182
frame_138,Rack_1,34,4,coke_small,0.8718381524085999,432,149,453,215,442,182
frame_138,Rack_1,12,4,coke_small,0.8466688394546509,411,149,431,215,421,182
frame_138,Rack_1,40,4,coke_small,0.8896192908287048,390,150,410,216,400,183
frame_138,Rack_1,38,4,coke_small,0.8617359399795532,368,149,389,216,378,182
frame_138,Rack_1,5,4,coke_small,0.9057954549789429,346,149,367,216,356,182
frame_138,Rack_1,21,17,sprite_small,0.7443608641624451,324,149,345,217,334,183
frame_138,Rack_1,14,17,sprite_small,0.7562324404716492,303,149,324,218,313,183
frame_138,Rack_1,25,17,sprite_small,0.7825447916984558,283,149,303,219,293,184
frame_138,Rack_1,15,17,sprite_small,0.8994084596633911,262,150,283,218,272,184
frame_138,Rack_1,28,9,empty,0.8790532946586609,131,153,255,213,193,183
frame_138,Rack_1,62,0,7up_med,0.5751621127128601,29,159,52,243,40,201
frame_138,Rack_2,45,3,coke_med,0.5869550704956055,611,243,637,324,624,283
frame_138,Rack_2,20,3,coke_med,0.8629229068756104,580,246,614,325,597,285
frame_138,Rack_2,22,3,coke_med,0.8716546893119812,554,246,578,326,566,286
frame_138,Rack_2,24,3,coke_med,0.8973785638809204,526,246,553,326,539,286
frame_138,Rack_2,3,3,coke_med,0.9314830899238586,499,245,526,326,512,285
frame_138,Rack_2,47,3,coke_med,0.6835237145423889,471,245,499,327,485,286
frame_138,Rack_2,61,6,coke_v_med,0.7230526804924011,472,245,498,326,485,285
frame_138,Rack_2,41,6,coke_v_med,0.701856791973114,444,245,471,327,457,286
frame_138,Rack_2,29,6,coke_v_med,0.7014725208282471,416,245,443,327,429,286
frame_138,Rack_2,26,2,anw_med,0.843801736831665,389,245,415,326,402,285
frame_138,Rack_2,17,2,anw_med,0.8233227133750916,363,244,388,326,375,285
frame_138,Rack_2,43,2,anw_med,0.8515627980232239,337,244,362,326,349,285
frame_138,Rack_2,42,2,anw_med,0.8499331474304199,313,244,337,327,325,285
frame_138,Rack_2,46,2,anw_med,0.8312197327613831,288,245,313,327,300,286
frame_138,Rack_2,7,2,anw_med,0.8930127620697021,262,246,287,327,274,286
frame_138,Rack_2,30,15,pepsi_med,0.8496648073196411,241,248,261,326,251,287
frame_138,Rack_2,8,15,pepsi_med,0.9126639366149902,218,248,240,326,229,287
frame_138,Rack_2,2,15,pepsi_med,0.9099782109260559,192,247,217,327,204,287
frame_138,Rack_2,16,15,pepsi_med,0.8923220634460449,172,249,192,326,182,287
frame_138,Rack_2,31,15,pepsi_med,0.8801699876785278,146,249,171,326,158,287
frame_138,Rack_2,44,15,pepsi_med,0.8648325204849243,125,251,145,325,135,288
frame_138,Rack_2,55,13,kick_med,0.8876590728759766,101,253,123,325,112,289
frame_138,Rack_2,53,13,kick_med,0.8770296573638916,80,252,101,325,90,288
frame_138,Rack_2,52,13,kick_med,0.908164381980896,56,253,80,326,68,289
frame_138,Rack_2,56,13,kick_med,0.7434115409851074,33,255,56,326,44,290
frame_138,Rack_2,65,13,kick_med,0.6867138147354126,15,256,32,326,23,291
frame_138,Rack_3,6,9,empty,0.933007001876831,517,349,634,481,575,415
frame_138,Rack_3,13,7,coke_z_big,0.9307447671890259,481,350,518,464,499,407
frame_138,Rack_3,1,7,coke_z_big,0.9393303394317627,442,349,480,465,461,407
frame_138,Rack_3,39,5,coke_v_big,0.8492028117179871,406,349,441,476,423,412
frame_138,Rack_3,4,5,coke_v_big,0.8922155499458313,369,349,406,477,387,413
frame_138,Rack_3,33,5,coke_v_big,0.8948813676834106,334,349,368,461,351,405
frame_138,Rack_3,18,5,coke_v_big,0.8615530133247375,299,351,334,459,316,405
frame_138,Rack_3,10,5,coke_v_big,0.8774345517158508,265,350,299,473,282,411
frame_138,Rack_3,9,14,pepsi_big,0.9364888072013855,232,347,263,474,247,410
frame_138,Rack_3,11,14,pepsi_big,0.9106304049491882,200,347,230,471,215,409
frame_138,Rack_3,19,10,fanta_grape_big,0.9012817740440369,130,347,166,469,148,408
frame_138,Rack_3,51,10,fanta_grape_big,0.8262997269630432,104,347,128,466,116,406
frame_138,Rack_3,23,12,fanta_straw_big,0.9011518359184265,40,347,77,454,58,400
frame_138,Rack_3,64,12,fanta_straw_big,0.5185580849647522,7,346,37,453,22,399
frame_139,Rack_1,35,1,a&w_small,0.8158454895019531,602,148,624,208,613,178
frame_139,Rack_1,32,1,a&w_small,0.8076335191726685,578,150,600,209,589,179
frame_139,Rack_1,48,1,a&w_small,0.7575758695602417,553,150,576,211,564,180
frame_139,Rack_1,37,1,a&w_small,0.8359357714653015,527,149,551,212,539,180
frame_139,Rack_1,27,1,a&w_small,0.8288999795913696,503,150,526,213,514,181
frame_139,Rack_1,36,1,a&w_small,0.8330712914466858,480,150,501,213,490,181
frame_139,Rack_1,49,4,coke_small,0.8345162272453308,456,150,478,214,467,182
frame_139,Rack_1,34,4,coke_small,0.8766593933105469,432,149,454,215,443,182
frame_139,Rack_1,12,4,coke_small,0.8489240407943726,411,150,432,215,421,182
frame_139,Rack_1,40,4,coke_small,0.8857182264328003,390,149,411,216,400,182
frame_139,Rack_1,38,4,coke_small,0.8760376572608948,369,149,390,216,379,182
frame_139,Rack_1,5,4,coke_small,0.9040054082870483,346,149,368,216,357,182
frame_139,Rack_1,21,17,sprite_small,0.7328712344169617,325,149,345,218,335,183
frame_139,Rack_1,14,17,sprite_small,0.743704617023468,304,149,324,219,314,184
frame_139,Rack_1,25,17,sprite_small,0.7899751663208008,284,149,304,218,294,183
frame_139,Rack_1,15,17,sprite_small,0.9032410979270935,262,150,284,218,273,184
frame_139,Rack_1,28,9,empty,0.8754959106445312,131,153,256,213,193,183
frame_139,Rack_1,62,0,7up_med,0.5623764395713806,30,161,53,243,41,202
frame_139,Rack_1,66,8,dew_med,0.557315468788147,7,163,29,243,18,203
frame_139,Rack_2,45,3,coke_med,0.7369433641433716,612,244,637,324,624,284
frame_139,Rack_2,20,3,coke_med,0.8870202302932739,581,245,615,325,598,285
frame_139,Rack_2,22,3,coke_med,0.8629137277603149,555,246,579,326,567,286
frame_139,Rack_2,24,3,coke_med,0.8829246759414673,527,245,554,326,540,285
frame_139,Rack_2,3,3,coke_med,0.9291505217552185,500,244,527,326,513,285
frame_139,Rack_2,47,3,coke_med,0.6992526054382324,472,244,500,327,486,285
frame_139,Rack_2,61,6,coke_v_med,0.7191224694252014,472,245,499,326,485,285
frame_139,Rack_2,41,6,coke_v_med,0.8249759674072266,444,244,472,326,458,285
frame_139,Rack_2,29,6,coke_v_med,0.742407500743866,416,245,444,327,430,286
frame_139,Rack_2,26,2,anw_med,0.8538683652877808,390,244,416,326,403,285
frame_139,Rack_2,17,2,anw_med,0.8112988471984863,364,244,389,326,376,285
frame_139,Rack_2,43,2,anw_med,0.8413294553756714,338,244,363,326,350,285
frame_139,Rack_2,42,2,anw_med,0.8259656429290771,314,244,338,327,326,285
frame_139,Rack_2,46,2,anw_med,0.8274394869804382,289,245,313,327,301,286
frame_139,Rack_2,7,2,anw_med,0.8978838920593262,262,246,288,327,275,286
frame_139,Rack_2,30,15,pepsi_med,0.8262192606925964,241,249,261,326,251,287
frame_139,Rack_2,8,15,pepsi_med,0.8892848491668701,218,247,241,326,229,286
frame_139,Rack_2,2,15,pepsi_med,0.9049622416496277,193,247,217,327,205,287
frame_139,Rack_2,16,15,pepsi_med,0.8797701001167297,173,249,193,326,183,287
frame_139,Rack_2,31,15,pepsi_med,0.8888384103775024,147,250,171,326,159,288
frame_139,Rack_2,44,15,pepsi_med,0.8757140040397644,125,252,146,325,135,288
frame_139,Rack_2,55,13,kick_med,0.898080587387085,102,252,124,325,113,288
frame_139,Rack_2,53,13,kick_med,0.8777012825012207,81,252,101,325,91,288
frame_139,Rack_2,52,13,kick_med,0.8948637843132019,57,254,80,326,68,290
frame_139,Rack_2,56,13,kick_med,0.81986403465271,34,255,56,326,45,290
frame_139,Rack_2,65,13,kick_med,0.8037822842597961,16,256,33,326,24,291
frame_139,Rack_3,6,9,empty,0.9338268041610718,517,348,634,481,575,414
frame_139,Rack_3,13,7,coke_z_big,0.9304397106170654,482,350,519,465,500,407
frame_139,Rack_3,1,7,coke_z_big,0.9339079856872559,443,350,481,465,462,407
frame_139,Rack_3,39,5,coke_v_big,0.8347651362419128,407,349,442,476,424,412
frame_139,Rack_3,4,5,coke_v_big,0.8836894631385803,370,349,406,477,388,413
frame_139,Rack_3,33,5,coke_v_big,0.9078569412231445,335,349,369,460,352,404
frame_139,Rack_3,18,5,coke_v_big,0.870502769947052,300,351,334,458,317,404
frame_139,Rack_3,10,5,coke_v_big,0.8838731050491333,265,350,299,473,282,411
frame_139,Rack_3,9,14,pepsi_big,0.9350625872612,232,347,264,474,248,410
frame_139,Rack_3,11,14,pepsi_big,0.9080221056938171,200,347,231,471,215,409
frame_139,Rack_3,19,10,fanta_grape_big,0.8780568242073059,131,347,167,469,149,408
frame_139,Rack_3,51,10,fanta_grape_big,0.8438076376914978,105,347,129,466,117,406
frame_139,Rack_3,23,12,fanta_straw_big,0.838016927242279,41,347,78,454,59,400
frame_140,Rack_1,35,1,a&w_small,0.8429260849952698,601,148,624,207,612,177
frame_140,Rack_1,32,1,a&w_small,0.8138773441314697,579,149,601,209,590,179
frame_140,Rack_1,48,1,a&w_small,0.7778224349021912,553,149,577,211,565,180
frame_140,Rack_1,37,1,a&w_small,0.8171413540840149,528,149,551,212,539,180
frame_140,Rack_1,27,1,a&w_small,0.8169723153114319,503,149,526,212,514,180
frame_140,Rack_1,36,1,a&w_small,0.8408815264701843,480,150,502,213,491,181
frame_140,Rack_1,49,4,coke_small,0.8325779438018799,456,149,479,214,467,181
frame_140,Rack_1,34,4,coke_small,0.8773080110549927,433,149,455,215,444,182
frame_140,Rack_1,12,4,coke_small,0.8542796969413757,412,150,432,215,422,182
frame_140,Rack_1,40,4,coke_small,0.8822526335716248,391,150,412,216,401,183
frame_140,Rack_1,38,4,coke_small,0.8840726017951965,369,149,390,216,379,182
frame_140,Rack_1,5,4,coke_small,0.9131066799163818,347,149,369,216,358,182
frame_140,Rack_1,21,17,sprite_small,0.8032218217849731,325,149,346,218,335,183
frame_140,Rack_1,14,17,sprite_small,0.7698642015457153,304,149,325,219,314,184
frame_140,Rack_1,25,17,sprite_small,0.7897937297821045,285,149,304,218,294,183
frame_140,Rack_1,15,17,sprite_small,0.8951630592346191,263,150,284,218,273,184
frame_140,Rack_1,28,9,empty,0.8639068603515625,131,152,257,213,194,182
frame_140,Rack_1,62,0,7up_med,0.5052264332771301,30,159,53,243,41,201
frame_140,Rack_1,66,8,dew_med,0.6779348254203796,8,161,30,243,19,202
frame_140,Rack_2,45,3,coke_med,0.5573211312294006,612,244,637,324,624,284
frame_140,Rack_2,20,3,coke_med,0.8595055937767029,582,246,615,325,598,285
frame_140,Rack_2,22,3,coke_med,0.8194790482521057,556,247,580,326,568,286
frame_140,Rack_2,24,3,coke_med,0.8308967351913452,528,247,555,326,541,286
frame_140,Rack_2,3,3,coke_med,0.9213173985481262,501,246,528,326,514,286
frame_140,Rack_2,47,3,coke_med,0.6075742840766907,473,246,501,327,487,286
frame_140,Rack_2,61,6,coke_v_med,0.6795523762702942,473,246,500,326,486,286
frame_140,Rack_2,41,6,coke_v_med,0.6697112917900085,445,246,472,326,458,286
frame_140,Rack_2,29,6,coke_v_med,0.7404837012290955,417,246,445,327,431,286
frame_140,Rack_2,26,2,anw_med,0.8503472805023193,390,245,416,327,403,286
frame_140,Rack_2,17,2,anw_med,0.9037966132164001,364,245,389,327,376,286
frame_140,Rack_2,43,2,anw_med,0.8611801862716675,339,244,364,326,351,285
frame_140,Rack_2,42,2,anw_med,0.8418636322021484,314,245,338,327,326,286
frame_140,Rack_2,46,2,anw_med,0.8310622572898865,289,246,314,327,301,286
frame_140,Rack_2,7,2,anw_med,0.9037496447563171,263,247,289,327,276,287
frame_140,Rack_2,30,15,pepsi_med,0.8405852317810059,242,249,262,326,252,287
frame_140,Rack_2,8,15,pepsi_med,0.8824456930160522,219,248,242,326,230,287
frame_140,Rack_2,2,15,pepsi_med,0.8954288959503174,194,248,218,326,206,287
frame_140,Rack_2,16,15,pepsi_med,0.898844838142395,173,249,193,326,183,287
frame_140,Rack_2,31,15,pepsi_med,0.9033572673797607,147,250,172,327,159,288
frame_140,Rack_2,44,15,pepsi_med,0.8797736167907715,126,252,147,326,136,289
frame_140,Rack_2,55,13,kick_med,0.8959685564041138,102,253,125,325,113,289
frame_140,Rack_2,53,13,kick_med,0.876681923866272,81,253,102,325,91,289
frame_140,Rack_2,52,13,kick_med,0.9011507034301758,57,254,81,326,69,290
frame_140,Rack_2,56,13,kick_med,0.8053770065307617,34,255,56,327,45,291
frame_140,Rack_2,65,13,kick_med,0.7952853441238403,16,256,34,326,25,291
frame_140,Rack_3,6,9,empty,0.9330722689628601,517,349,632,481,574,415
frame_140,Rack_3,13,7,coke_z_big,0.927548348903656,483,350,520,464,501,407
frame_140,Rack_3,1,7,coke_z_big,0.9325634837150574,443,349,482,465,462,407
frame_140,Rack_3,39,5,coke_v_big,0.8286225199699402,408,349,443,476,425,412
frame_140,Rack_3,4,5,coke_v_big,0.8757362365722656,371,349,407,477,389,413
frame_140,Rack_3,33,5,coke_v_big,0.9020525813102722,336,349,370,460,353,404
frame_140,Rack_3,18,5,coke_v_big,0.8688333630561829,301,351,335,458,318,404
frame_140,Rack_3,10,5,coke_v_big,0.9074600338935852,266,350,300,473,283,411
frame_140,Rack_3,9,14,pepsi_big,0.9326135516166687,233,347,264,474,248,410
frame_140,Rack_3,11,14,pepsi_big,0.8959116339683533,201,347,232,471,216,409
frame_140,Rack_3,19,10,fanta_grape_big,0.9006592631340027,131,347,167,469,149,408
frame_140,Rack_3,51,10,fanta_grape_big,0.8294523358345032,105,347,130,466,117,406
frame_140,Rack_3,23,12,fanta_straw_big,0.8714853525161743,42,347,78,454,60,400
frame_140,Rack_3,64,12,fanta_straw_big,0.5618670582771301,9,346,40,453,24,399
frame_141,Rack_1,35,1,a&w_small,0.8168116807937622,602,149,623,207,612,178
frame_141,Rack_1,32,1,a&w_small,0.7856136560440063,579,149,602,209,590,179
frame_141,Rack_1,48,1,a&w_small,0.7545085549354553,554,150,577,211,565,180
frame_141,Rack_1,37,1,a&w_small,0.8114678859710693,529,149,552,212,540,180
frame_141,Rack_1,27,1,a&w_small,0.8242247104644775,504,149,527,212,515,180
frame_141,Rack_1,36,1,a&w_small,0.8474276065826416,481,150,502,213,491,181
frame_141,Rack_1,49,4,coke_small,0.8112210631370544,457,149,479,214,468,181
frame_141,Rack_1,34,4,coke_small,0.8966038823127747,433,150,455,215,444,182
frame_141,Rack_1,12,4,coke_small,0.892320990562439,413,150,433,215,423,182
frame_141,Rack_1,40,4,coke_small,0.8726544976234436,391,149,412,216,401,182
frame_141,Rack_1,38,4,coke_small,0.8928405046463013,370,149,391,216,380,182
frame_141,Rack_1,5,4,coke_small,0.9105730652809143,347,149,369,216,358,182
frame_141,Rack_1,21,17,sprite_small,0.8298777341842651,326,150,347,218,336,184
frame_141,Rack_1,14,17,sprite_small,0.7800401449203491,305,149,326,218,315,183
frame_141,Rack_1,25,17,sprite_small,0.8052878379821777,285,150,305,218,295,184
frame_141,Rack_1,15,17,sprite_small,0.8992352485656738,264,150,285,218,274,184
frame_141,Rack_1,28,9,empty,0.8616862893104553,131,152,258,213,194,182
frame_141,Rack_1,62,0,7up_med,0.5123213529586792,30,161,53,243,41,202
frame_141,Rack_1,66,8,dew_med,0.6756874918937683,9,162,30,244,19,203
frame_141,Rack_1,67,8,dew_med,0.6595064401626587,0,154,7,244,3,199
frame_141,Rack_2,45,3,coke_med,0.633369505405426,613,244,637,324,625,284
frame_141,Rack_2,20,3,coke_med,0.8249592185020447,582,247,615,325,598,286
frame_141,Rack_2,22,3,coke_med,0.8262655138969421,557,247,581,325,569,286
frame_141,Rack_2,24,3,coke_med,0.8405570387840271,529,248,555,325,542,286
frame_141,Rack_2,3,3,coke_med,0.9263836741447449,502,246,528,326,515,286
frame_141,Rack_2,47,3,coke_med,0.5876822471618652,474,247,501,326,487,286
frame_141,Rack_2,61,6,coke_v_med,0.6943360567092896,474,247,501,326,487,286
frame_141,Rack_2,41,6,coke_v_med,0.6192617416381836,446,246,473,326,459,286
frame_141,Rack_2,29,6,coke_v_med,0.7064970135688782,417,246,445,326,431,286
frame_141,Rack_2,26,2,anw_med,0.8333314657211304,391,245,416,326,403,285
frame_141,Rack_2,17,2,anw_med,0.8868528604507446,365,246,390,326,377,286
frame_141,Rack_2,43,2,anw_med,0.8560713529586792,339,245,364,326,351,285
frame_141,Rack_2,42,2,anw_med,0.8347795009613037,315,245,338,326,326,285
frame_141,Rack_2,46,2,anw_med,0.8231844902038574,290,246,314,326,302,286
frame_141,Rack_2,7,2,anw_med,0.9150049686431885,264,247,289,326,276,286
frame_141,Rack_2,30,15,pepsi_med,0.862966001033783,242,249,262,325,252,287
frame_141,Rack_2,8,15,pepsi_med,0.886097252368927,220,248,242,326,231,287
frame_141,Rack_2,2,15,pepsi_med,0.8990697264671326,194,249,218,326,206,287
frame_141,Rack_2,16,15,pepsi_med,0.9238197803497314,174,249,194,326,184,287
frame_141,Rack_2,31,15,pepsi_med,0.9098063111305237,148,250,173,327,160,288
frame_141,Rack_2,44,15,pepsi_med,0.8921949863433838,126,252,147,326,136,289
frame_141,Rack_2,55,13,kick_med,0.8704203963279724,103,253,125,325,114,289
frame_141,Rack_2,53,13,kick_med,0.8976648449897766,82,253,102,325,92,289
frame_141,Rack_2,52,13,kick_med,0.8954994082450867,58,254,81,325,69,289
frame_141,Rack_2,56,13,kick_med,0.8027298450469971,35,256,57,327,46,291
frame_141,Rack_2,65,13,kick_med,0.7632837891578674,17,256,34,327,25,291
frame_141,Rack_2,63,13,kick_med,0.6152597069740295,0,252,5,331,2,291
frame_141,Rack_3,6,9,empty,0.9296832084655762,518,349,632,481,575,415
frame_141,Rack_3,13,7,coke_z_big,0.9277748465538025,484,350,520,464,502,407
frame_141,Rack_3,1,7,coke_z_big,0.9268330931663513,444,350,483,465,463,407
frame_141,Rack_3,39,5,coke_v_big,0.8408098220825195,408,349,443,476,425,412
frame_141,Rack_3,4,5,coke_v_big,0.8696020245552063,371,349,408,477,389,413
frame_141,Rack_3,33,5,coke_v_big,0.9041715264320374,336,349,370,460,353,404
frame_141,Rack_3,18,5,coke_v_big,0.8666375875473022,301,351,335,458,318,404
frame_141,Rack_3,10,5,coke_v_big,0.9111733436584473,266,350,300,473,283,411
frame_141,Rack_3,9,14,pepsi_big,0.9300088286399841,233,346,265,474,249,410
frame_141,Rack_3,11,14,pepsi_big,0.9012622833251953,201,346,232,471,216,408
frame_141,Rack_3,19,10,fanta_grape_big,0.9134706258773804,131,347,167,470,149,408
frame_141,Rack_3,51,10,fanta_grape_big,0.8555787801742554,106,347,130,466,118,406
frame_141,Rack_3,23,12,fanta_straw_big,0.8108521699905396,42,346,79,454,60,400
frame_141,Rack_3,64,12,fanta_straw_big,0.6692348122596741,11,346,42,454,26,400
frame_142,Rack_1,35,1,a&w_small,0.7655417919158936,603,149,624,208,613,178
frame_142,Rack_1,32,1,a&w_small,0.7965457439422607,580,150,602,209,591,179
frame_142,Rack_1,48,1,a&w_small,0.7529348134994507,554,150,578,210,566,180
frame_142,Rack_1,37,1,a&w_small,0.8462750315666199,530,150,553,212,541,181
frame_142,Rack_1,27,1,a&w_small,0.8413420915603638,505,149,527,212,516,180
frame_142,Rack_1,36,1,a&w_small,0.8334795236587524,481,150,503,213,492,181
frame_142,Rack_1,49,4,coke_small,0.8013764023780823,457,150,480,214,468,182
frame_142,Rack_1,34,4,coke_small,0.8964294195175171,434,150,456,215,445,182
frame_142,Rack_1,12,4,coke_small,0.9025492072105408,413,150,433,215,423,182
frame_142,Rack_1,40,4,coke_small,0.8567999005317688,392,149,413,216,402,182
frame_142,Rack_1,38,4,coke_small,0.8945620656013489,370,149,391,216,380,182
frame_142,Rack_1,5,4,coke_small,0.9155034422874451,348,149,370,216,359,182
frame_142,Rack_1,21,17,sprite_small,0.8448002338409424,326,150,347,218,336,184
frame_142,Rack_1,14,17,sprite_small,0.7945162057876587,306,149,326,218,316,183
frame_142,Rack_1,25,17,sprite_small,0.8218755125999451,286,150,305,218,295,184
frame_142,Rack_1,15,17,sprite_small,0.8982956409454346,264,150,285,217,274,183
frame_142,Rack_1,28,9,empty,0.8720809817314148,132,153,258,213,195,183
frame_142,Rack_1,62,0,7up_med,0.573849618434906,31,162,53,243,42,202
frame_142,Rack_1,66,8,dew_med,0.7083644866943359,10,163,31,244,20,203
frame_142,Rack_1,67,8,dew_med,0.6284682154655457,0,155,7,244,3,199
frame_142,Rack_2,45,3,coke_med,0.5149046182632446,614,244,637,323,625,283
frame_142,Rack_2,20,3,coke_med,0.8282636404037476,583,247,616,325,599,286
frame_142,Rack_2,22,3,coke_med,0.8459150791168213,558,247,581,325,569,286
frame_142,Rack_2,24,3,coke_med,0.8642989993095398,530,248,556,325,543,286
frame_142,Rack_2,3,3,coke_med,0.9080727696418762,502,247,529,325,515,286
frame_142,Rack_2,47,3,coke_med,0.623356282711029,475,247,501,326,488,286
frame_142,Rack_2,61,6,coke_v_med,0.7057832479476929,475,247,501,326,488,286
frame_142,Rack_2,41,6,coke_v_med,0.5977011919021606,446,245,473,325,459,285
frame_142,Rack_2,29,6,coke_v_med,0.6746109127998352,418,246,445,326,431,286
frame_142,Rack_2,26,2,anw_med,0.8184255361557007,392,246,417,326,404,286
frame_142,Rack_2,17,2,anw_med,0.8678250908851624,366,246,391,326,378,286
frame_142,Rack_2,43,2,anw_med,0.8672966957092285,340,245,365,326,352,285
frame_142,Rack_2,42,2,anw_med,0.8411770462989807,315,246,339,326,327,286
frame_142,Rack_2,46,2,anw_med,0.8252308964729309,291,247,315,326,303,286
frame_142,Rack_2,7,2,anw_med,0.9168254137039185,265,248,289,326,277,287
frame_142,Rack_2,30,15,pepsi_med,0.8632364273071289,243,250,263,325,253,287
frame_142,Rack_2,8,15,pepsi_med,0.8902953863143921,220,248,243,326,231,287
frame_142,Rack_2,2,15,pepsi_med,0.8891762495040894,195,249,219,326,207,287
frame_142,Rack_2,16,15,pepsi_med,0.9254907965660095,175,249,194,327,184,288
frame_142,Rack_2,31,15,pepsi_med,0.915675938129425,148,251,173,327,160,289
frame_142,Rack_2,44,15,pepsi_med,0.8943125605583191,127,252,148,326,137,289
frame_142,Rack_2,55,13,kick_med,0.865028977394104,103,253,125,325,114,289
frame_142,Rack_2,53,13,kick_med,0.9130639433860779,82,253,102,325,92,289
frame_142,Rack_2,52,13,kick_med,0.9012811779975891,58,255,81,325,69,290
frame_142,Rack_2,56,13,kick_med,0.8056172728538513,36,257,57,327,46,292
frame_142,Rack_2,65,13,kick_med,0.7661243677139282,17,257,35,328,26,292
frame_142,Rack_2,63,13,kick_med,0.6383682489395142,0,252,5,331,2,291
frame_142,Rack_3,6,9,empty,0.9286222457885742,518,349,632,481,575,415
frame_142,Rack_3,13,7,coke_z_big,0.9314806461334229,485,350,521,464,503,407
frame_142,Rack_3,1,7,coke_z_big,0.9273735284805298,445,350,484,466,464,408
frame_142,Rack_3,39,5,coke_v_big,0.8478613495826721,409,349,444,476,426,412
frame_142,Rack_3,4,5,coke_v_big,0.8669677376747131,372,350,408,478,390,414
frame_142,Rack_3,33,5,coke_v_big,0.9028990864753723,337,349,371,460,354,404
frame_142,Rack_3,18,5,coke_v_big,0.8872311115264893,302,351,336,458,319,404
frame_142,Rack_3,10,5,coke_v_big,0.9153704643249512,267,350,301,473,284,411
frame_142,Rack_3,9,14,pepsi_big,0.9278372526168823,234,347,265,474,249,410
frame_142,Rack_3,11,14,pepsi_big,0.906494140625,202,346,233,471,217,408
frame_142,Rack_3,54,14,pepsi_big,0.766970157623291,169,346,201,471,185,408
frame_142,Rack_3,19,10,fanta_grape_big,0.9059368371963501,132,347,168,470,150,408
frame_142,Rack_3,51,10,fanta_grape_big,0.8333808779716492,106,347,130,466,118,406
frame_142,Rack_3,23,12,fanta_straw_big,0.8637652397155762,42,346,79,454,60,400
frame_142,Rack_3,64,12,fanta_straw_big,0.7186013460159302,11,346,42,454,26,400
frame_143,Rack_1,35,1,a&w_small,0.8007979393005371,603,149,625,208,614,178
frame_143,Rack_1,32,1,a&w_small,0.7999804615974426,581,150,603,209,592,179
frame_143,Rack_1,48,1,a&w_small,0.7613734006881714,555,150,578,210,566,180
frame_143,Rack_1,37,1,a&w_small,0.8366002440452576,530,150,554,212,542,181
frame_143,Rack_1,27,1,a&w_small,0.7997057437896729,505,149,528,212,516,180
frame_143,Rack_1,36,1,a&w_small,0.8131788969039917,482,150,504,213,493,181
frame_143,Rack_1,49,4,coke_small,0.7960692644119263,458,150,480,214,469,182
frame_143,Rack_1,34,4,coke_small,0.9012636542320251,434,150,456,215,445,182
frame_143,Rack_1,12,4,coke_small,0.9033210873603821,414,150,434,216,424,183
frame_143,Rack_1,40,4,coke_small,0.8575901985168457,392,149,413,216,402,182
frame_143,Rack_1,38,4,coke_small,0.8986888527870178,370,149,392,216,381,182
frame_143,Rack_1,5,4,coke_small,0.9095425605773926,348,149,370,217,359,183
frame_143,Rack_1,21,17,sprite_small,0.8733211159706116,327,150,348,218,337,184
frame_143,Rack_1,14,17,sprite_small,0.8644605278968811,306,149,327,219,316,184
frame_143,Rack_1,25,17,sprite_small,0.8655784130096436,286,150,305,219,295,184
frame_143,Rack_1,15,17,sprite_small,0.9021447896957397,264,150,286,218,275,184
frame_143,Rack_1,28,9,empty,0.8797153234481812,132,153,259,213,195,183
frame_143,Rack_2,20,3,coke_med,0.8458868861198425,584,247,616,324,600,285
frame_143,Rack_2,22,3,coke_med,0.8406479954719543,559,247,582,325,570,286
frame_143,Rack_2,24,3,coke_med,0.847348153591156,530,248,556,325,543,286
frame_143,Rack_2,3,3,coke_med,0.8848581910133362,503,247,529,325,516,286
frame_143,Rack_2,47,3,coke_med,0.7799570560455322,476,248,502,326,489,287
frame_143,Rack_2,61,6,coke_v_med,0.5537959337234497,476,248,502,326,489,287
frame_143,Rack_2,41,6,coke_v_med,0.7311697602272034,447,246,474,325,460,285
frame_143,Rack_2,29,6,coke_v_med,0.7856950163841248,418,246,446,326,432,286
frame_143,Rack_2,26,2,anw_med,0.844053328037262,392,246,417,326,404,286
frame_143,Rack_2,17,2,anw_med,0.8655688762664795,366,246,391,326,378,286
frame_143,Rack_2,43,2,anw_med,0.8729104399681091,340,245,365,326,352,285
frame_143,Rack_2,42,2,anw_med,0.8320140838623047,316,246,339,325,327,285
frame_143,Rack_2,46,2,anw_med,0.8078240156173706,291,247,315,326,303,286
frame_143,Rack_2,7,2,anw_med,0.9084370732307434,265,248,290,326,277,287
frame_143,Rack_2,30,15,pepsi_med,0.8651983737945557,244,250,263,325,253,287
frame_143,Rack_2,8,15,pepsi_med,0.8977623581886292,221,248,243,326,232,287
frame_143,Rack_2,2,15,pepsi_med,0.8846197128295898,195,248,219,327,207,287
frame_143,Rack_2,16,15,pepsi_med,0.9219294190406799,175,250,195,327,185,288
frame_143,Rack_2,31,15,pepsi_med,0.9091547131538391,149,251,174,327,161,289
frame_143,Rack_2,44,15,pepsi_med,0.8685155510902405,127,253,148,325,137,289
frame_143,Rack_2,55,13,kick_med,0.8096751570701599,104,253,126,325,115,289
frame_143,Rack_2,53,13,kick_med,0.9116683602333069,83,254,103,325,93,289
frame_143,Rack_2,52,13,kick_med,0.8962586522102356,59,256,82,325,70,290
frame_143,Rack_2,56,13,kick_med,0.8356359004974365,36,257,58,327,47,292
frame_143,Rack_2,65,13,kick_med,0.78266441822052,16,257,35,330,25,293
frame_143,Rack_2,63,13,kick_med,0.5805610418319702,0,253,5,331,2,292
frame_143,Rack_3,6,9,empty,0.9285295605659485,519,349,632,481,575,415
frame_143,Rack_3,13,7,coke_z_big,0.9330219626426697,485,350,522,464,503,407
frame_143,Rack_3,1,7,coke_z_big,0.9256839156150818,445,350,484,466,464,408
frame_143,Rack_3,39,5,coke_v_big,0.8590347170829773,409,350,444,476,426,413
frame_143,Rack_3,4,5,coke_v_big,0.8780077695846558,372,350,409,478,390,414
frame_143,Rack_3,33,5,coke_v_big,0.906905472278595,337,350,371,460,354,405
frame_143,Rack_3,18,5,coke_v_big,0.8953472971916199,302,351,336,458,319,404
frame_143,Rack_3,10,5,coke_v_big,0.918747067451477,267,351,301,473,284,412
frame_143,Rack_3,9,14,pepsi_big,0.9210014343261719,234,347,265,474,249,410
frame_143,Rack_3,11,14,pepsi_big,0.9112209677696228,202,347,233,472,217,409
frame_143,Rack_3,54,14,pepsi_big,0.8208298087120056,169,347,201,471,185,409
frame_143,Rack_3,19,10,fanta_grape_big,0.9106550216674805,132,347,168,470,150,408
frame_143,Rack_3,51,10,fanta_grape_big,0.8358263969421387,106,347,131,467,118,407
frame_143,Rack_3,23,12,fanta_straw_big,0.8775867819786072,42,346,80,455,61,400
frame_143,Rack_3,64,12,fanta_straw_big,0.7323548793792725,12,346,43,454,27,400
frame_144,Rack_1,35,1,a&w_small,0.7971156239509583,604,150,625,208,614,179
frame_144,Rack_1,32,1,a&w_small,0.7886850237846375,581,150,603,209,592,179
frame_144,Rack_1,48,1,a&w_small,0.771436333656311,556,150,579,210,567,180
frame_144,Rack_1,37,1,a&w_small,0.8456724286079407,530,150,554,212,542,181
frame_144,Rack_1,27,1,a&w_small,0.8015832304954529,505,149,528,212,516,180
frame_144,Rack_1,36,1,a&w_small,0.8145209550857544,482,150,504,213,493,181
frame_144,Rack_1,49,4,coke_small,0.8163328766822815,458,149,481,214,469,181
frame_144,Rack_1,34,4,coke_small,0.9005830883979797,435,150,456,215,445,182
frame_144,Rack_1,12,4,coke_small,0.8971226215362549,414,150,434,216,424,183
frame_144,Rack_1,40,4,coke_small,0.8463090658187866,392,149,414,216,403,182
frame_144,Rack_1,38,4,coke_small,0.9039133787155151,371,149,392,217,381,183
frame_144,Rack_1,5,4,coke_small,0.9006683826446533,349,149,371,217,360,183
frame_144,Rack_1,21,17,sprite_small,0.8303453326225281,327,149,348,219,337,184
frame_144,Rack_1,14,17,sprite_small,0.8359301686286926,306,148,327,219,316,183
frame_144,Rack_1,25,17,sprite_small,0.875785231590271,286,150,306,219,296,184
frame_144,Rack_1,15,17,sprite_small,0.9110646843910217,265,150,286,219,275,184
frame_144,Rack_1,28,9,empty,0.8741523623466492,132,153,260,213,196,183
frame_144,Rack_2,20,3,coke_med,0.8031142354011536,585,247,619,325,602,286
frame_144,Rack_2,22,3,coke_med,0.8653337955474854,559,248,582,326,570,287
frame_144,Rack_2,24,3,coke_med,0.8396626114845276,530,248,557,325,543,286
frame_144,Rack_2,3,3,coke_med,0.903890073299408,503,248,529,326,516,287
frame_144,Rack_2,47,3,coke_med,0.6654184460639954,476,248,503,327,489,287
frame_144,Rack_2,61,6,coke_v_med,0.560867190361023,476,248,502,326,489,287
frame_144,Rack_2,41,6,coke_v_med,0.7403698563575745,447,246,475,326,461,286
frame_144,Rack_2,29,6,coke_v_med,0.7706438899040222,419,248,446,326,432,287
frame_144,Rack_2,26,2,anw_med,0.8390339612960815,392,247,418,327,405,287
frame_144,Rack_2,17,2,anw_med,0.8444523215293884,367,247,392,327,379,287
frame_144,Rack_2,43,2,anw_med,0.8688825368881226,341,246,366,326,353,286
frame_144,Rack_2,42,2,anw_med,0.8140079379081726,316,246,340,326,328,286
frame_144,Rack_2,46,2,anw_med,0.8099545240402222,291,247,315,327,303,287
frame_144,Rack_2,7,2,anw_med,0.9079951047897339,265,248,290,327,277,287
frame_144,Rack_2,30,15,pepsi_med,0.8692722916603088,244,250,264,326,254,288
frame_144,Rack_2,8,15,pepsi_med,0.902402400970459,221,248,244,327,232,287
frame_144,Rack_2,2,15,pepsi_med,0.8899483680725098,195,248,220,327,207,287
frame_144,Rack_2,16,15,pepsi_med,0.9131731986999512,175,251,195,327,185,289
frame_144,Rack_2,31,15,pepsi_med,0.903069019317627,149,252,174,327,161,289
frame_144,Rack_2,44,15,pepsi_med,0.845855176448822,128,253,148,326,138,289
frame_144,Rack_2,55,13,kick_med,0.8250653743743896,104,253,126,325,115,289
frame_144,Rack_2,53,13,kick_med,0.9064234495162964,83,254,103,326,93,290
frame_144,Rack_2,52,13,kick_med,0.8879608511924744,59,256,82,326,70,291
frame_144,Rack_2,56,13,kick_med,0.8378753066062927,36,258,58,328,47,293
frame_144,Rack_2,65,13,kick_med,0.7807660102844238,16,258,35,331,25,294
frame_144,Rack_2,63,13,kick_med,0.5482157468795776,0,253,5,332,2,292
frame_144,Rack_3,6,9,empty,0.9318645000457764,520,349,632,481,576,415
frame_144,Rack_3,13,7,coke_z_big,0.9396870732307434,486,350,523,464,504,407
frame_144,Rack_3,1,7,coke_z_big,0.9187451601028442,446,350,485,467,465,408
frame_144,Rack_3,39,5,coke_v_big,0.8694291710853577,410,350,445,477,427,413
frame_144,Rack_3,4,5,coke_v_big,0.8811221718788147,373,351,409,478,391,414
frame_144,Rack_3,33,5,coke_v_big,0.9046348333358765,338,350,372,461,355,405
frame_144,Rack_3,18,5,coke_v_big,0.9089701175689697,303,351,337,459,320,405
frame_144,Rack_3,10,5,coke_v_big,0.916494607925415,268,352,302,474,285,413
frame_144,Rack_3,9,14,pepsi_big,0.9162192940711975,234,348,266,474,250,411
frame_144,Rack_3,11,14,pepsi_big,0.9100962281227112,203,348,234,472,218,410
frame_144,Rack_3,54,14,pepsi_big,0.8633124828338623,170,347,201,471,185,409
frame_144,Rack_3,19,10,fanta_grape_big,0.9050904512405396,132,347,169,471,150,409
frame_144,Rack_3,51,10,fanta_grape_big,0.8174589276313782,107,347,131,468,119,407
frame_144,Rack_3,23,12,fanta_straw_big,0.8842523097991943,43,347,80,455,61,401
frame_144,Rack_3,64,12,fanta_straw_big,0.7363032102584839,13,347,43,455,28,401
frame_145,Rack_1,35,1,a&w_small,0.7908952236175537,604,149,625,207,614,178
frame_145,Rack_1,32,1,a&w_small,0.8072254061698914,582,149,604,209,593,179
frame_145,Rack_1,48,1,a&w_small,0.7950747609138489,556,149,580,211,568,180
frame_145,Rack_1,37,1,a&w_small,0.8504600524902344,530,149,554,212,542,180
frame_145,Rack_1,27,1,a&w_small,0.8056877255439758,506,149,529,213,517,181
frame_145,Rack_1,36,1,a&w_small,0.8325585126876831,482,150,505,214,493,182
frame_145,Rack_1,49,4,coke_small,0.8099814057350159,458,149,481,214,469,181
frame_145,Rack_1,34,4,coke_small,0.8941715955734253,435,150,457,215,446,182
frame_145,Rack_1,12,4,coke_small,0.889552116394043,414,150,435,216,424,183
frame_145,Rack_1,40,4,coke_small,0.8822866678237915,393,149,415,217,404,183
frame_145,Rack_1,38,4,coke_small,0.9084799885749817,371,149,393,217,382,183
frame_145,Rack_1,5,4,coke_small,0.8981428742408752,349,149,371,218,360,183
frame_145,Rack_1,21,17,sprite_small,0.8279392123222351,327,150,348,219,337,184
frame_145,Rack_1,14,17,sprite_small,0.8505793213844299,306,148,327,220,316,184
frame_145,Rack_1,25,17,sprite_small,0.8795710206031799,287,150,307,219,297,184
frame_145,Rack_1,15,17,sprite_small,0.9118537902832031,265,150,287,219,276,184
frame_145,Rack_1,28,9,empty,0.862563967704773,128,152,264,218,196,185
frame_145,Rack_1,62,0,7up_med,0.6732936501502991,32,165,54,243,43,204
frame_145,Rack_1,66,8,dew_med,0.6967068910598755,11,167,32,244,21,205
frame_145,Rack_2,20,3,coke_med,0.8359237909317017,585,248,618,325,601,286
frame_145,Rack_2,22,3,coke_med,0.8590037226676941,560,248,583,326,571,287
frame_145,Rack_2,24,3,coke_med,0.8213560581207275,531,249,558,326,544,287
frame_145,Rack_2,3,3,coke_med,0.907940149307251,504,248,530,326,517,287
frame_145,Rack_2,47,3,coke_med,0.8060623407363892,476,249,503,327,489,288
frame_145,Rack_2,41,6,coke_v_med,0.8041969537734985,448,247,475,326,461,286
frame_145,Rack_2,29,6,coke_v_med,0.8131282925605774,420,248,447,326,433,287
frame_145,Rack_2,26,2,anw_med,0.852889358997345,393,247,418,327,405,287
frame_145,Rack_2,17,2,anw_med,0.8534974455833435,367,247,392,327,379,287
frame_145,Rack_2,43,2,anw_med,0.8956631422042847,342,246,366,327,354,286
frame_145,Rack_2,42,2,anw_med,0.8283132314682007,317,247,340,327,328,287
frame_145,Rack_2,46,2,anw_med,0.826738715171814,292,247,316,327,304,287
frame_145,Rack_2,7,2,anw_med,0.9050109386444092,266,248,291,327,278,287
frame_145,Rack_2,30,15,pepsi_med,0.8522589206695557,244,250,264,326,254,288
frame_145,Rack_2,8,15,pepsi_med,0.9073188304901123,221,248,244,327,232,287
frame_145,Rack_2,2,15,pepsi_med,0.8937302231788635,196,248,220,327,208,287
frame_145,Rack_2,16,15,pepsi_med,0.8909536004066467,175,251,195,327,185,289
frame_145,Rack_2,31,15,pepsi_med,0.9065316915512085,149,252,174,327,161,289
frame_145,Rack_2,44,15,pepsi_med,0.8316258788108826,128,253,148,326,138,289
frame_145,Rack_2,55,13,kick_med,0.8275112509727478,104,254,127,326,115,290
frame_145,Rack_2,53,13,kick_med,0.8910192847251892,83,255,103,326,93,290
frame_145,Rack_2,52,13,kick_med,0.8644881844520569,59,257,83,326,71,291
frame_145,Rack_2,56,13,kick_med,0.8046729564666748,36,258,58,329,47,293
frame_145,Rack_2,65,13,kick_med,0.7603378295898438,17,258,35,333,26,295
frame_145,Rack_3,6,9,empty,0.9298771619796753,521,349,632,481,576,415
frame_145,Rack_3,13,7,coke_z_big,0.934214174747467,487,350,523,465,505,407
frame_145,Rack_3,1,7,coke_z_big,0.9210755228996277,446,350,486,467,466,408
frame_145,Rack_3,39,5,coke_v_big,0.8701985478401184,410,350,445,477,427,413
frame_145,Rack_3,4,5,coke_v_big,0.8731187582015991,373,351,410,478,391,414
frame_145,Rack_3,33,5,coke_v_big,0.8989097476005554,338,350,373,461,355,405
frame_145,Rack_3,18,5,coke_v_big,0.9065061807632446,303,352,338,459,320,405
frame_145,Rack_3,10,5,coke_v_big,0.9121593832969666,268,352,302,474,285,413
frame_145,Rack_3,9,14,pepsi_big,0.9070971608161926,235,348,266,475,250,411
frame_145,Rack_3,11,14,pepsi_big,0.9153331518173218,203,348,234,472,218,410
frame_145,Rack_3,54,14,pepsi_big,0.895337700843811,170,347,202,472,186,409
frame_145,Rack_3,19,10,fanta_grape_big,0.9066111445426941,132,348,169,471,150,409
frame_145,Rack_3,51,10,fanta_grape_big,0.8198181986808777,107,348,132,468,119,408
frame_145,Rack_3,59,10,fanta_grape_big,0.668521523475647,80,348,107,460,93,404
frame_145,Rack_3,23,12,fanta_straw_big,0.8767148852348328,43,347,81,456,62,401
frame_145,Rack_3,64,12,fanta_straw_big,0.7262007594108582,13,347,44,455,28,401
frame_146,Rack_1,35,1,a&w_small,0.7712962031364441,605,149,626,207,615,178
frame_146,Rack_1,32,1,a&w_small,0.819335401058197,582,149,605,209,593,179
frame_146,Rack_1,48,1,a&w_small,0.8107016682624817,557,149,580,211,568,180
frame_146,Rack_1,37,1,a&w_small,0.8578234910964966,531,149,555,212,543,180
frame_146,Rack_1,27,1,a&w_small,0.7812012434005737,506,149,529,212,517,180
frame_146,Rack_1,36,1,a&w_small,0.8458036780357361,483,150,505,214,494,182
frame_146,Rack_1,49,4,coke_small,0.7727134227752686,459,149,482,214,470,181
frame_146,Rack_1,34,4,coke_small,0.8785780668258667,435,149,457,215,446,182
frame_146,Rack_1,12,4,coke_small,0.886390209197998,415,150,435,216,425,183
frame_146,Rack_1,40,4,coke_small,0.9009310603141785,393,149,415,217,404,183
frame_146,Rack_1,38,4,coke_small,0.8968750834465027,371,149,393,218,382,183
frame_146,Rack_1,5,4,coke_small,0.8980538845062256,349,149,371,218,360,183
frame_146,Rack_1,21,17,sprite_small,0.810662567615509,328,149,349,219,338,184
frame_146,Rack_1,14,17,sprite_small,0.8520088195800781,307,148,328,220,317,184
frame_146,Rack_1,25,17,sprite_small,0.885296106338501,287,149,307,219,297,184
frame_146,Rack_1,15,17,sprite_small,0.9059630632400513,266,150,287,219,276,184
frame_146,Rack_1,28,9,empty,0.857589066028595,127,152,266,220,196,186
frame_146,Rack_1,62,0,7up_med,0.6127634644508362,32,166,54,244,43,205
frame_146,Rack_1,66,8,dew_med,0.6642308831214905,11,167,32,245,21,206
frame_146,Rack_2,20,3,coke_med,0.8165633678436279,585,248,618,325,601,286
frame_146,Rack_2,22,3,coke_med,0.8534588813781738,560,248,583,326,571,287
frame_146,Rack_2,24,3,coke_med,0.7918246984481812,532,249,558,326,545,287
frame_146,Rack_2,3,3,coke_med,0.908416748046875,504,248,530,326,517,287
frame_146,Rack_2,47,3,coke_med,0.8270860910415649,477,248,503,327,490,287
frame_146,Rack_2,41,6,coke_v_med,0.8265594244003296,448,247,475,326,461,286
frame_146,Rack_2,29,6,coke_v_med,0.7866463661193848,420,248,447,327,433,287
frame_146,Rack_2,26,2,anw_med,0.8753038048744202,393,247,419,327,406,287
frame_146,Rack_2,17,2,anw_med,0.8655061721801758,367,247,393,327,380,287
frame_146,Rack_2,43,2,anw_med,0.8974847793579102,342,246,367,327,354,286
frame_146,Rack_2,42,2,anw_med,0.8341129422187805,317,247,340,327,328,287
frame_146,Rack_2,46,2,anw_med,0.8307312726974487,292,248,316,327,304,287
frame_146,Rack_2,7,2,anw_med,0.9103705883026123,266,248,291,327,278,287
frame_146,Rack_2,30,15,pepsi_med,0.828514575958252,245,250,265,326,255,288
frame_146,Rack_2,8,15,pepsi_med,0.9146338105201721,221,248,244,327,232,287
frame_146,Rack_2,2,15,pepsi_med,0.900531530380249,196,250,220,327,208,288
frame_146,Rack_2,16,15,pepsi_med,0.8902393579483032,176,250,195,327,185,288
frame_146,Rack_2,31,15,pepsi_med,0.9094529151916504,150,252,175,327,162,289
frame_146,Rack_2,44,15,pepsi_med,0.8347827196121216,128,253,149,326,138,289
frame_146,Rack_2,55,13,kick_med,0.8369013071060181,105,254,127,326,116,290
frame_146,Rack_2,53,13,kick_med,0.8954377770423889,84,255,104,327,94,291
frame_146,Rack_2,52,13,kick_med,0.8714002966880798,60,257,83,327,71,292
frame_146,Rack_2,56,13,kick_med,0.8562511801719666,37,259,59,330,48,294
frame_146,Rack_2,65,13,kick_med,0.7716956734657288,18,259,36,334,27,296
frame_146,Rack_2,63,13,kick_med,0.5816860198974609,0,254,5,333,2,293
frame_146,Rack_3,6,9,empty,0.9333264231681824,522,350,632,482,577,416
frame_146,Rack_3,13,7,coke_z_big,0.9318205118179321,487,351,524,466,505,408
frame_146,Rack_3,1,7,coke_z_big,0.9281351566314697,447,350,486,468,466,409
frame_146,Rack_3,39,5,coke_v_big,0.8474960923194885,411,350,446,477,428,413
frame_146,Rack_3,4,5,coke_v_big,0.8777016401290894,374,351,410,478,392,414
frame_146,Rack_3,33,5,coke_v_big,0.8895096778869629,339,350,373,461,356,405
frame_146,Rack_3,18,5,coke_v_big,0.9046193957328796,304,352,338,460,321,406
frame_146,Rack_3,10,5,coke_v_big,0.9091452956199646,269,353,303,475,286,414
frame_146,Rack_3,9,14,pepsi_big,0.911987841129303,235,349,267,475,251,412
frame_146,Rack_3,11,14,pepsi_big,0.920993447303772,203,349,234,473,218,411
frame_146,Rack_3,54,14,pepsi_big,0.8837984204292297,170,348,202,472,186,410
frame_146,Rack_3,19,10,fanta_grape_big,0.9129576086997986,133,349,169,472,151,410
frame_146,Rack_3,51,10,fanta_grape_big,0.7848151922225952,107,349,132,468,119,408
frame_146,Rack_3,59,10,fanta_grape_big,0.6095035076141357,81,349,107,461,94,405
frame_146,Rack_3,23,12,fanta_straw_big,0.9098594188690186,44,348,81,456,62,402
frame_146,Rack_3,64,12,fanta_straw_big,0.7770466804504395,13,349,43,456,28,402
frame_147,Rack_1,35,1,a&w_small,0.740193784236908,605,148,626,207,615,177
frame_147,Rack_1,32,1,a&w_small,0.800020158290863,582,149,605,209,593,179
frame_147,Rack_1,48,1,a&w_small,0.8105193972587585,557,149,581,211,569,180
frame_147,Rack_1,37,1,a&w_small,0.8418856859207153,531,149,555,212,543,180
frame_147,Rack_1,27,1,a&w_small,0.7814140319824219,506,149,530,213,518,181
frame_147,Rack_1,36,1,a&w_small,0.848234236240387,483,150,505,214,494,182
frame_147,Rack_1,49,4,coke_small,0.7716771960258484,459,149,482,215,470,182
frame_147,Rack_1,34,4,coke_small,0.8268416523933411,436,149,458,215,447,182
frame_147,Rack_1,12,4,coke_small,0.8899003267288208,415,150,435,216,425,183
frame_147,Rack_1,40,4,coke_small,0.8917771577835083,394,149,415,217,404,183
frame_147,Rack_1,38,4,coke_small,0.86439049243927,372,149,394,218,383,183
frame_147,Rack_1,5,4,coke_small,0.891966700553894,350,149,372,218,361,183
frame_147,Rack_1,21,17,sprite_small,0.8418897390365601,328,149,349,219,338,184
frame_147,Rack_1,14,17,sprite_small,0.877454400062561,307,148,328,220,317,184
frame_147,Rack_1,25,17,sprite_small,0.8715118169784546,287,149,307,219,297,184
frame_147,Rack_1,15,17,sprite_small,0.9000076055526733,266,150,287,219,276,184
frame_147,Rack_1,28,9,empty,0.8718809485435486,126,152,268,222,197,187
frame_147,Rack_1,62,0,7up_med,0.5840392708778381,33,166,55,243,44,204
frame_147,Rack_1,66,8,dew_med,0.7198889255523682,12,168,32,245,22,206
frame_147,Rack_2,20,3,coke_med,0.8226804733276367,586,248,620,325,603,286
frame_147,Rack_2,22,3,coke_med,0.851438045501709,560,248,584,326,572,287
frame_147,Rack_2,24,3,coke_med,0.7448655366897583,532,249,559,326,545,287
frame_147,Rack_2,3,3,coke_med,0.8989994525909424,505,248,531,326,518,287
frame_147,Rack_2,47,3,coke_med,0.8126623034477234,477,246,504,327,490,286
frame_147,Rack_2,41,6,coke_v_med,0.8157098293304443,449,247,476,326,462,286
frame_147,Rack_2,29,6,coke_v_med,0.7162335515022278,421,248,448,326,434,287
frame_147,Rack_2,26,2,anw_med,0.8721023797988892,394,248,419,327,406,287
frame_147,Rack_2,17,2,anw_med,0.8222556114196777,368,247,393,327,380,287
frame_147,Rack_2,43,2,anw_med,0.8663595914840698,343,247,367,327,355,287
frame_147,Rack_2,42,2,anw_med,0.8231685757637024,318,247,341,327,329,287
frame_147,Rack_2,46,2,anw_med,0.8299217224121094,293,248,317,327,305,287
frame_147,Rack_2,7,2,anw_med,0.9092877507209778,267,248,292,327,279,287
frame_147,Rack_2,30,15,pepsi_med,0.7899819612503052,245,251,265,326,255,288
frame_147,Rack_2,8,15,pepsi_med,0.9274107217788696,222,249,245,327,233,288
frame_147,Rack_2,2,15,pepsi_med,0.9047555923461914,197,250,220,327,208,288
frame_147,Rack_2,16,15,pepsi_med,0.884535014629364,176,250,196,326,186,288
frame_147,Rack_2,31,15,pepsi_med,0.9139990210533142,150,252,175,327,162,289
frame_147,Rack_2,44,15,pepsi_med,0.8444441556930542,128,253,149,326,138,289
frame_147,Rack_2,55,13,kick_med,0.8147117495536804,105,253,128,327,116,290
frame_147,Rack_2,53,13,kick_med,0.8766406178474426,84,255,104,327,94,291
frame_147,Rack_2,52,13,kick_med,0.8549010753631592,60,257,83,327,71,292
frame_147,Rack_2,56,13,kick_med,0.846089780330658,37,259,59,330,48,294
frame_147,Rack_2,65,13,kick_med,0.7339674830436707,18,259,37,335,27,297
frame_147,Rack_2,63,13,kick_med,0.5332934856414795,0,254,5,333,2,293
frame_147,Rack_3,6,9,empty,0.9330640435218811,523,350,632,483,577,416
frame_147,Rack_3,13,7,coke_z_big,0.929789662361145,487,351,524,466,505,408
frame_147,Rack_3,1,7,coke_z_big,0.9249410033226013,447,350,487,468,467,409
frame_147,Rack_3,39,5,coke_v_big,0.8702176213264465,411,350,447,478,429,414
frame_147,Rack_3,4,5,coke_v_big,0.8815485835075378,374,351,411,478,392,414
frame_147,Rack_3,33,5,coke_v_big,0.8864517211914062,339,351,374,462,356,406
frame_147,Rack_3,18,5,coke_v_big,0.9117125868797302,304,352,339,460,321,406
frame_147,Rack_3,10,5,coke_v_big,0.912016749382019,269,353,303,475,286,414
frame_147,Rack_3,9,14,pepsi_big,0.912336528301239,236,350,267,475,251,412
frame_147,Rack_3,11,14,pepsi_big,0.9116278290748596,204,350,234,473,219,411
frame_147,Rack_3,54,14,pepsi_big,0.887099027633667,171,349,202,472,186,410
frame_147,Rack_3,19,10,fanta_grape_big,0.9119875431060791,134,349,170,472,152,410
frame_147,Rack_3,51,10,fanta_grape_big,0.8156574368476868,108,349,133,469,120,409
frame_147,Rack_3,59,10,fanta_grape_big,0.7042776942253113,81,349,107,462,94,405
frame_147,Rack_3,23,12,fanta_straw_big,0.9081559181213379,44,349,81,456,62,402
frame_147,Rack_3,64,12,fanta_straw_big,0.7560340166091919,13,349,44,456,28,402
frame_148,Rack_1,35,1,a&w_small,0.7659608125686646,606,148,627,206,616,177
frame_148,Rack_1,32,1,a&w_small,0.8004544377326965,583,148,605,209,594,178
frame_148,Rack_1,48,1,a&w_small,0.8166218400001526,558,149,582,211,570,180
frame_148,Rack_1,37,1,a&w_small,0.8423112630844116,532,149,556,212,544,180
frame_148,Rack_1,27,1,a&w_small,0.7631367444992065,507,149,530,213,518,181
frame_148,Rack_1,36,1,a&w_small,0.8513302206993103,484,150,506,214,495,182
frame_148,Rack_1,49,4,coke_small,0.7319890856742859,460,149,483,215,471,182
frame_148,Rack_1,34,4,coke_small,0.8314087986946106,436,149,459,215,447,182
frame_148,Rack_1,12,4,coke_small,0.8543111085891724,416,150,436,216,426,183
frame_148,Rack_1,40,4,coke_small,0.8691121339797974,394,149,416,217,405,183
frame_148,Rack_1,38,4,coke_small,0.8696218729019165,373,150,394,217,383,183
frame_148,Rack_1,5,4,coke_small,0.8863291144371033,350,149,372,217,361,183
frame_148,Rack_1,21,17,sprite_small,0.8409600257873535,329,149,350,218,339,183
frame_148,Rack_1,14,17,sprite_small,0.8595138788223267,308,148,329,220,318,184
frame_148,Rack_1,25,17,sprite_small,0.8905612826347351,288,149,308,220,298,184
frame_148,Rack_1,15,17,sprite_small,0.8939208984375,266,150,288,219,277,184
frame_148,Rack_1,28,9,empty,0.8875661492347717,131,152,265,217,198,184
frame_148,Rack_1,66,8,dew_med,0.6900554895401001,12,168,33,245,22,206
frame_148,Rack_2,20,3,coke_med,0.8389797806739807,589,247,624,326,606,286
frame_148,Rack_2,22,3,coke_med,0.8569751381874084,561,248,584,326,572,287
frame_148,Rack_2,24,3,coke_med,0.7782843708992004,533,249,560,326,546,287
frame_148,Rack_2,3,3,coke_med,0.911036491394043,505,248,532,326,518,287
frame_148,Rack_2,47,3,coke_med,0.6059889197349548,478,246,505,327,491,286
frame_148,Rack_2,61,6,coke_v_med,0.6975916028022766,478,248,504,327,491,287
frame_148,Rack_2,41,6,coke_v_med,0.7805909514427185,449,249,477,327,463,288
frame_148,Rack_2,29,6,coke_v_med,0.6759449243545532,421,249,448,327,434,288
frame_148,Rack_2,26,2,anw_med,0.8818644881248474,394,248,420,327,407,287
frame_148,Rack_2,17,2,anw_med,0.8091310858726501,368,247,394,327,381,287
frame_148,Rack_2,43,2,anw_med,0.8658870458602905,343,246,368,327,355,286
frame_148,Rack_2,42,2,anw_med,0.8262567520141602,318,247,342,327,330,287
frame_148,Rack_2,46,2,anw_med,0.8541876673698425,293,248,317,327,305,287
frame_148,Rack_2,7,2,anw_med,0.9032817482948303,267,249,292,327,279,288
frame_148,Rack_2,30,15,pepsi_med,0.8292025923728943,246,251,266,326,256,288
frame_148,Rack_2,8,15,pepsi_med,0.9339349269866943,222,248,245,327,233,287
frame_148,Rack_2,2,15,pepsi_med,0.9123412370681763,197,251,220,327,208,289
frame_148,Rack_2,16,15,pepsi_med,0.8928977251052856,177,250,196,327,186,288
frame_148,Rack_2,31,15,pepsi_med,0.9173278212547302,150,252,175,327,162,289
frame_148,Rack_2,44,15,pepsi_med,0.8784016966819763,129,253,150,327,139,290
frame_148,Rack_2,55,13,kick_med,0.8323860168457031,105,253,128,327,116,290
frame_148,Rack_2,53,13,kick_med,0.883215069770813,84,256,104,327,94,291
frame_148,Rack_2,52,13,kick_med,0.8499459624290466,60,257,84,327,72,292
frame_148,Rack_2,56,13,kick_med,0.862524688243866,37,259,59,329,48,294
frame_148,Rack_2,65,13,kick_med,0.7601516842842102,19,259,37,334,28,296
frame_148,Rack_3,6,9,empty,0.9336379170417786,523,350,632,483,577,416
frame_148,Rack_3,13,7,coke_z_big,0.9297716617584229,488,351,525,466,506,408
frame_148,Rack_3,1,7,coke_z_big,0.9300588369369507,448,350,487,468,467,409
frame_148,Rack_3,39,5,coke_v_big,0.8646431565284729,412,350,447,478,429,414
frame_148,Rack_3,4,5,coke_v_big,0.8812574148178101,375,351,411,478,393,414
frame_148,Rack_3,33,5,coke_v_big,0.883811354637146,340,351,374,462,357,406
frame_148,Rack_3,18,5,coke_v_big,0.9135002493858337,305,352,339,460,322,406
frame_148,Rack_3,10,5,coke_v_big,0.9082773327827454,270,353,304,475,287,414
frame_148,Rack_3,9,14,pepsi_big,0.9038122892379761,237,350,268,476,252,413
frame_148,Rack_3,11,14,pepsi_big,0.9034845232963562,204,350,235,473,219,411
frame_148,Rack_3,54,14,pepsi_big,0.8705320358276367,171,349,203,473,187,411
frame_148,Rack_3,19,10,fanta_grape_big,0.9029480814933777,134,349,171,472,152,410
frame_148,Rack_3,51,10,fanta_grape_big,0.8091675639152527,109,349,133,469,121,409
frame_148,Rack_3,59,10,fanta_grape_big,0.6845567226409912,82,349,108,462,95,405
frame_148,Rack_3,23,12,fanta_straw_big,0.9244921803474426,44,349,81,457,62,403
frame_148,Rack_3,64,12,fanta_straw_big,0.7598437666893005,14,350,45,456,29,403
frame_149,Rack_1,35,1,a&w_small,0.754001259803772,607,149,628,207,617,178
frame_149,Rack_1,32,1,a&w_small,0.7845258116722107,583,149,605,209,594,179
frame_149,Rack_1,48,1,a&w_small,0.7929080724716187,558,149,582,211,570,180
frame_149,Rack_1,37,1,a&w_small,0.8617111444473267,533,149,557,212,545,180
frame_149,Rack_1,27,1,a&w_small,0.800822377204895,508,149,531,213,519,181
frame_149,Rack_1,36,1,a&w_small,0.813220739364624,484,150,506,214,495,182
frame_149,Rack_1,49,4,coke_small,0.7507755160331726,460,149,483,215,471,182
frame_149,Rack_1,34,4,coke_small,0.88094162940979,437,149,459,215,448,182
frame_149,Rack_1,12,4,coke_small,0.8565433621406555,416,150,437,216,426,183
frame_149,Rack_1,40,4,coke_small,0.8802998661994934,395,150,416,217,405,183
frame_149,Rack_1,38,4,coke_small,0.8786985278129578,373,150,395,217,384,183
frame_149,Rack_1,5,4,coke_small,0.8724364042282104,351,150,373,217,362,183
frame_149,Rack_1,21,17,sprite_small,0.8257518410682678,330,149,350,218,340,183
frame_149,Rack_1,14,17,sprite_small,0.8357689380645752,308,148,329,220,318,184
frame_149,Rack_1,25,17,sprite_small,0.8767796158790588,289,149,309,220,299,184
frame_149,Rack_1,15,17,sprite_small,0.8870499730110168,267,150,288,219,277,184
frame_149,Rack_1,28,9,empty,0.8826821446418762,133,152,263,216,198,184
frame_149,Rack_1,62,0,7up_med,0.5539879202842712,35,167,56,244,45,205
frame_149,Rack_1,66,8,dew_med,0.7885777950286865,13,168,33,245,23,206
frame_149,Rack_2,20,3,coke_med,0.8297476172447205,589,248,624,326,606,287
frame_149,Rack_2,22,3,coke_med,0.852505087852478,561,249,585,326,573,287
frame_149,Rack_2,24,3,coke_med,0.8309605121612549,534,249,560,327,547,288
frame_149,Rack_2,3,3,coke_med,0.9055560231208801,506,248,532,326,519,287
frame_149,Rack_2,47,3,coke_med,0.5988736152648926,478,247,505,328,491,287
frame_149,Rack_2,61,6,coke_v_med,0.7254186868667603,478,249,505,327,491,288
frame_149,Rack_2,41,6,coke_v_med,0.7869805097579956,450,249,477,327,463,288
frame_149,Rack_2,29,6,coke_v_med,0.5635677576065063,421,248,449,327,435,287
frame_149,Rack_2,26,2,anw_med,0.86513751745224,395,248,420,327,407,287
frame_149,Rack_2,17,2,anw_med,0.8008526563644409,369,247,394,328,381,287
frame_149,Rack_2,43,2,anw_med,0.8323322534561157,343,247,368,327,355,287
frame_149,Rack_2,42,2,anw_med,0.8126398921012878,319,247,342,327,330,287
frame_149,Rack_2,46,2,anw_med,0.8141393065452576,294,249,318,327,306,288
frame_149,Rack_2,7,2,anw_med,0.9019432663917542,268,249,293,327,280,288
frame_149,Rack_2,30,15,pepsi_med,0.8423694372177124,246,251,266,326,256,288
frame_149,Rack_2,8,15,pepsi_med,0.9231756329536438,223,249,246,327,234,288
frame_149,Rack_2,2,15,pepsi_med,0.9059624671936035,198,250,221,326,209,288
frame_149,Rack_2,16,15,pepsi_med,0.8803748488426208,177,251,197,327,187,289
frame_149,Rack_2,31,15,pepsi_med,0.9080421924591064,151,252,176,327,163,289
frame_149,Rack_2,44,15,pepsi_med,0.908397912979126,129,253,151,327,140,290
frame_149,Rack_2,55,13,kick_med,0.8011299967765808,105,253,128,327,116,290
frame_149,Rack_2,53,13,kick_med,0.8426088094711304,85,256,105,327,95,291
frame_149,Rack_2,52,13,kick_med,0.8330459594726562,61,257,84,327,72,292
frame_149,Rack_2,56,13,kick_med,0.830307126045227,38,258,60,328,49,293
frame_149,Rack_2,65,13,kick_med,0.6845651268959045,20,259,38,331,29,295
frame_149,Rack_2,63,13,kick_med,0.5046433210372925,0,256,5,333,2,294
frame_149,Rack_3,6,9,empty,0.9307309985160828,524,350,632,483,578,416
frame_149,Rack_3,13,7,coke_z_big,0.9200483560562134,488,351,525,465,506,408
frame_149,Rack_3,1,7,coke_z_big,0.9206076264381409,448,351,488,468,468,409
frame_149,Rack_3,39,5,coke_v_big,0.8805965185165405,413,350,448,478,430,414
frame_149,Rack_3,4,5,coke_v_big,0.8991650342941284,375,351,412,478,393,414
frame_149,Rack_3,33,5,coke_v_big,0.8999810218811035,340,351,375,462,357,406
frame_149,Rack_3,18,5,coke_v_big,0.9149692058563232,305,352,340,460,322,406
frame_149,Rack_3,10,5,coke_v_big,0.9032044410705566,271,353,305,476,288,414
frame_149,Rack_3,9,14,pepsi_big,0.9109556674957275,237,350,268,476,252,413
frame_149,Rack_3,11,14,pepsi_big,0.9022833704948425,205,350,236,473,220,411
frame_149,Rack_3,54,14,pepsi_big,0.8645718097686768,172,349,204,473,188,411
frame_149,Rack_3,19,10,fanta_grape_big,0.9146894812583923,135,349,171,472,153,410
frame_149,Rack_3,51,10,fanta_grape_big,0.7756832838058472,109,349,134,469,121,409
frame_149,Rack_3,59,10,fanta_grape_big,0.6698519587516785,82,349,108,463,95,406
frame_149,Rack_3,23,12,fanta_straw_big,0.9230831861495972,44,349,82,457,63,403
frame_149,Rack_3,64,12,fanta_straw_big,0.7724879384040833,14,349,45,457,29,403
frame_150,Rack_1,35,1,a&w_small,0.7379148602485657,608,149,629,207,618,178
frame_150,Rack_1,32,1,a&w_small,0.8173077702522278,584,150,606,209,595,179
frame_150,Rack_1,48,1,a&w_small,0.788507342338562,559,150,582,211,570,180
frame_150,Rack_1,37,1,a&w_small,0.8468949794769287,534,150,557,212,545,181
frame_150,Rack_1,27,1,a&w_small,0.8399098515510559,508,150,532,213,520,181
frame_150,Rack_1,36,1,a&w_small,0.8338856101036072,485,150,507,214,496,182
frame_150,Rack_1,49,4,coke_small,0.7641937136650085,461,150,484,215,472,182
frame_150,Rack_1,34,4,coke_small,0.9012323021888733,438,149,460,215,449,182
frame_150,Rack_1,12,4,coke_small,0.8559576869010925,417,150,437,216,427,183
frame_150,Rack_1,40,4,coke_small,0.8934339880943298,396,150,417,217,406,183
frame_150,Rack_1,38,4,coke_small,0.8606781363487244,374,149,396,217,385,183
frame_150,Rack_1,5,4,coke_small,0.8805850148200989,352,149,373,216,362,182
frame_150,Rack_1,21,17,sprite_small,0.8424403071403503,330,150,351,218,340,184
frame_150,Rack_1,14,17,sprite_small,0.8670177459716797,309,149,330,220,319,184
frame_150,Rack_1,25,17,sprite_small,0.8840768337249756,289,150,309,219,299,184
frame_150,Rack_1,15,17,sprite_small,0.8942316174507141,268,150,289,218,278,184
frame_150,Rack_1,28,9,empty,0.8837099671363831,135,153,263,215,199,184
frame_150,Rack_1,62,0,7up_med,0.5679459571838379,35,167,57,244,46,205
frame_150,Rack_1,66,8,dew_med,0.776739239692688,14,168,34,245,24,206
frame_150,Rack_2,20,3,coke_med,0.8214896321296692,590,247,626,326,608,286
frame_150,Rack_2,22,3,coke_med,0.874241828918457,562,248,586,326,574,287
frame_150,Rack_2,24,3,coke_med,0.8526833653450012,534,249,561,327,547,288
frame_150,Rack_2,3,3,coke_med,0.9042940735816956,507,248,533,327,520,287
frame_150,Rack_2,47,3,coke_med,0.7469677925109863,479,248,506,328,492,288
frame_150,Rack_2,61,6,coke_v_med,0.5278908014297485,479,249,506,327,492,288
frame_150,Rack_2,41,6,coke_v_med,0.7755169868469238,450,248,478,327,464,287
frame_150,Rack_2,29,6,coke_v_med,0.591440737247467,422,248,449,327,435,287
frame_150,Rack_2,26,2,anw_med,0.8649355173110962,395,248,421,328,408,288
frame_150,Rack_2,17,2,anw_med,0.821042537689209,369,246,395,329,382,287
frame_150,Rack_2,43,2,anw_med,0.8468163013458252,344,246,369,327,356,286
frame_150,Rack_2,42,2,anw_med,0.8478689193725586,319,246,343,328,331,287
frame_150,Rack_2,46,2,anw_med,0.8199887871742249,294,248,319,327,306,287
frame_150,Rack_2,7,2,anw_med,0.9217313528060913,268,248,294,327,281,287
frame_150,Rack_2,30,15,pepsi_med,0.8667770028114319,247,251,267,326,257,288
frame_150,Rack_2,8,15,pepsi_med,0.9080246686935425,224,249,246,327,235,288
frame_150,Rack_2,2,15,pepsi_med,0.9178354144096375,198,249,222,326,210,287
frame_150,Rack_2,16,15,pepsi_med,0.9104888439178467,177,251,197,328,187,289
frame_150,Rack_2,31,15,pepsi_med,0.9073596596717834,151,252,176,327,163,289
frame_150,Rack_2,44,15,pepsi_med,0.9016757011413574,130,253,151,327,140,290
frame_150,Rack_2,55,13,kick_med,0.7918993234634399,106,254,129,327,117,290
frame_150,Rack_2,53,13,kick_med,0.8427276611328125,86,256,105,327,95,291
frame_150,Rack_2,52,13,kick_med,0.8574342131614685,61,257,85,327,73,292
frame_150,Rack_2,56,13,kick_med,0.8270938992500305,39,258,60,327,49,292
frame_150,Rack_2,65,13,kick_med,0.6686609983444214,21,259,38,330,29,294
frame_150,Rack_2,63,13,kick_med,0.5981618165969849,0,256,5,332,2,294
frame_150,Rack_3,6,9,empty,0.9287306070327759,525,350,631,483,578,416
frame_150,Rack_3,13,7,coke_z_big,0.9199819564819336,489,351,526,466,507,408
frame_150,Rack_3,1,7,coke_z_big,0.9158923029899597,449,352,488,468,468,410
frame_150,Rack_3,39,5,coke_v_big,0.885343074798584,413,351,449,478,431,414
frame_150,Rack_3,4,5,coke_v_big,0.8923937082290649,376,351,412,478,394,414
frame_150,Rack_3,33,5,coke_v_big,0.9063529372215271,341,351,375,462,358,406
frame_150,Rack_3,18,5,coke_v_big,0.9058956503868103,306,353,340,460,323,406
frame_150,Rack_3,10,5,coke_v_big,0.8869353532791138,271,353,305,476,288,414
frame_150,Rack_3,9,14,pepsi_big,0.9130402207374573,238,350,269,476,253,413
frame_150,Rack_3,11,14,pepsi_big,0.9081742763519287,206,350,236,473,221,411
frame_150,Rack_3,54,14,pepsi_big,0.8609607219696045,173,349,204,473,188,411
frame_150,Rack_3,19,10,fanta_grape_big,0.9176003336906433,135,349,172,473,153,411
frame_150,Rack_3,51,10,fanta_grape_big,0.754676342010498,110,349,134,470,122,409
frame_150,Rack_3,59,10,fanta_grape_big,0.670717179775238,83,349,109,462,96,405
frame_150,Rack_3,23,12,fanta_straw_big,0.92762690782547,45,349,82,457,63,403
frame_150,Rack_3,64,12,fanta_straw_big,0.777937114238739,15,350,46,457,30,403
frame_151,Rack_1,35,1,a&w_small,0.720901608467102,609,148,631,207,620,177
frame_151,Rack_1,32,1,a&w_small,0.8245915174484253,585,150,607,209,596,179
frame_151,Rack_1,48,1,a&w_small,0.7992068529129028,560,150,583,210,571,180
frame_151,Rack_1,37,1,a&w_small,0.8361604809761047,535,150,558,212,546,181
frame_151,Rack_1,27,1,a&w_small,0.8696041107177734,509,150,533,214,521,182
frame_151,Rack_1,36,1,a&w_small,0.8501860499382019,486,150,508,214,497,182
frame_151,Rack_1,49,4,coke_small,0.8256936073303223,462,150,485,215,473,182
frame_151,Rack_1,34,4,coke_small,0.9100836515426636,438,149,461,215,449,182
frame_151,Rack_1,12,4,coke_small,0.8797527551651001,418,149,438,216,428,182
frame_151,Rack_1,40,4,coke_small,0.9146496653556824,396,150,418,217,407,183
frame_151,Rack_1,38,4,coke_small,0.8480316400527954,374,150,396,217,385,183
frame_151,Rack_1,5,4,coke_small,0.8896269798278809,352,149,374,216,363,182
frame_151,Rack_1,21,17,sprite_small,0.8074272274971008,331,149,352,218,341,183
frame_151,Rack_1,14,17,sprite_small,0.8188202381134033,310,149,331,220,320,184
frame_151,Rack_1,25,17,sprite_small,0.8694195747375488,290,150,310,219,300,184
frame_151,Rack_1,15,17,sprite_small,0.8817683458328247,268,150,289,218,278,184
frame_151,Rack_1,28,9,empty,0.8828633427619934,135,153,264,216,199,184
frame_151,Rack_1,66,8,dew_med,0.7659855484962463,14,168,35,245,24,206
frame_151,Rack_2,20,3,coke_med,0.7658588290214539,589,248,625,326,607,287
frame_151,Rack_2,22,3,coke_med,0.8690513968467712,563,249,587,327,575,288
frame_151,Rack_2,24,3,coke_med,0.8590975403785706,535,249,562,327,548,288
frame_151,Rack_2,3,3,coke_med,0.927230715751648,508,248,534,327,521,287
frame_151,Rack_2,47,3,coke_med,0.8382803797721863,480,249,507,328,493,288
frame_151,Rack_2,41,6,coke_v_med,0.7868082523345947,451,248,479,327,465,287
frame_151,Rack_2,29,6,coke_v_med,0.6810199022293091,423,249,450,327,436,288
frame_151,Rack_2,26,2,anw_med,0.8348173499107361,396,248,422,328,409,288
frame_151,Rack_2,17,2,anw_med,0.8692964315414429,370,247,396,329,383,288
frame_151,Rack_2,43,2,anw_med,0.7939737439155579,344,246,370,328,357,287
frame_151,Rack_2,42,2,anw_med,0.8228443264961243,320,247,344,328,332,287
frame_151,Rack_2,46,2,anw_med,0.8259546756744385,295,248,319,328,307,288
frame_151,Rack_2,7,2,anw_med,0.9074622392654419,269,249,294,328,281,288
frame_151,Rack_2,30,15,pepsi_med,0.8930717706680298,248,251,268,326,258,288
frame_151,Rack_2,8,15,pepsi_med,0.9217519164085388,224,250,247,327,235,288
frame_151,Rack_2,2,15,pepsi_med,0.9223326444625854,199,249,223,327,211,288
frame_151,Rack_2,16,15,pepsi_med,0.9169265627861023,178,251,198,328,188,289
frame_151,Rack_2,31,15,pepsi_med,0.8982006907463074,152,251,177,327,164,289
frame_151,Rack_2,44,15,pepsi_med,0.8976136445999146,130,253,152,328,141,290
frame_151,Rack_2,55,13,kick_med,0.8323479294776917,107,254,130,327,118,290
frame_151,Rack_2,53,13,kick_med,0.8661845326423645,86,256,106,327,96,291
frame_151,Rack_2,52,13,kick_med,0.8169991374015808,62,257,85,328,73,292
frame_151,Rack_2,56,13,kick_med,0.7643016576766968,39,258,61,327,50,292
frame_151,Rack_2,65,13,kick_med,0.5009243488311768,21,259,39,329,30,294
frame_151,Rack_3,6,9,empty,0.9259116053581238,525,350,631,483,578,416
frame_151,Rack_3,13,7,coke_z_big,0.9286341071128845,490,351,527,466,508,408
frame_151,Rack_3,1,7,coke_z_big,0.9142506122589111,450,351,489,468,469,409
frame_151,Rack_3,39,5,coke_v_big,0.8861294388771057,414,351,449,478,431,414
frame_151,Rack_3,4,5,coke_v_big,0.8846380114555359,377,352,413,478,395,415
frame_151,Rack_3,33,5,coke_v_big,0.9123311042785645,341,351,376,462,358,406
frame_151,Rack_3,18,5,coke_v_big,0.9003784656524658,307,353,341,460,324,406
frame_151,Rack_3,10,5,coke_v_big,0.8761643767356873,272,353,306,477,289,415
frame_151,Rack_3,9,14,pepsi_big,0.9186277985572815,238,350,270,476,254,413
frame_151,Rack_3,11,14,pepsi_big,0.9106283187866211,206,349,237,473,221,411
frame_151,Rack_3,54,14,pepsi_big,0.8829565048217773,173,349,205,473,189,411
frame_151,Rack_3,19,10,fanta_grape_big,0.902459979057312,136,349,172,473,154,411
frame_151,Rack_3,51,10,fanta_grape_big,0.7977790832519531,110,349,135,470,122,409
frame_151,Rack_3,59,10,fanta_grape_big,0.7133510708808899,83,349,109,463,96,406
frame_151,Rack_3,23,12,fanta_straw_big,0.9137343764305115,45,349,82,457,63,403
frame_151,Rack_3,64,12,fanta_straw_big,0.8471453785896301,16,350,47,457,31,403
frame_152,Rack_1,35,1,a&w_small,0.7774196863174438,610,148,632,208,621,178
frame_152,Rack_1,32,1,a&w_small,0.8035305142402649,586,149,608,209,597,179
frame_152,Rack_1,48,1,a&w_small,0.7955000996589661,561,150,584,210,572,180
frame_152,Rack_1,37,1,a&w_small,0.8087415099143982,535,150,559,212,547,181
frame_152,Rack_1,27,1,a&w_small,0.8685914874076843,510,150,534,213,522,181
frame_152,Rack_1,36,1,a&w_small,0.841059148311615,487,150,509,213,498,181
frame_152,Rack_1,49,4,coke_small,0.8220334649085999,463,150,485,215,474,182
frame_152,Rack_1,34,4,coke_small,0.8913209438323975,439,150,462,215,450,182
frame_152,Rack_1,12,4,coke_small,0.8804866671562195,418,150,439,216,428,183
frame_152,Rack_1,40,4,coke_small,0.8943319320678711,397,151,418,217,407,184
frame_152,Rack_1,38,4,coke_small,0.8625138401985168,375,150,397,216,386,183
frame_152,Rack_1,5,4,coke_small,0.889155924320221,353,150,374,216,363,183
frame_152,Rack_1,21,17,sprite_small,0.8198705315589905,331,150,352,218,341,184
frame_152,Rack_1,14,17,sprite_small,0.8268864750862122,311,149,331,220,321,184
frame_152,Rack_1,25,17,sprite_small,0.8777671456336975,291,150,311,220,301,185
frame_152,Rack_1,15,17,sprite_small,0.9050054550170898,269,151,290,219,279,185
frame_152,Rack_1,28,9,empty,0.8747299909591675,136,153,264,216,200,184
frame_152,Rack_2,20,3,coke_med,0.8488529920578003,588,239,628,326,608,282
frame_152,Rack_2,22,3,coke_med,0.705259382724762,564,247,588,327,576,287
frame_152,Rack_2,24,3,coke_med,0.8033758401870728,536,250,562,327,549,288
frame_152,Rack_2,3,3,coke_med,0.9012542963027954,508,245,535,327,521,286
frame_152,Rack_2,47,3,coke_med,0.7806040048599243,481,250,507,328,494,289
frame_152,Rack_2,61,6,coke_v_med,0.6115872859954834,481,251,507,327,494,289
frame_152,Rack_2,41,6,coke_v_med,0.7329680919647217,452,250,479,327,465,288
frame_152,Rack_2,29,6,coke_v_med,0.7542216181755066,424,251,450,327,437,289
frame_152,Rack_2,26,2,anw_med,0.839179515838623,397,250,422,328,409,289
frame_152,Rack_2,17,2,anw_med,0.860542356967926,371,249,396,329,383,289
frame_152,Rack_2,43,2,anw_med,0.8599833846092224,345,249,370,328,357,288
frame_152,Rack_2,42,2,anw_med,0.8468505144119263,321,248,344,328,332,288
frame_152,Rack_2,46,2,anw_med,0.8536661267280579,296,250,320,328,308,289
frame_152,Rack_2,7,2,anw_med,0.8893895149230957,270,251,295,328,282,289
frame_152,Rack_2,30,15,pepsi_med,0.8933762907981873,248,252,268,326,258,289
frame_152,Rack_2,8,15,pepsi_med,0.9341522455215454,225,251,247,328,236,289
frame_152,Rack_2,2,15,pepsi_med,0.9183317422866821,199,250,223,327,211,288
frame_152,Rack_2,16,15,pepsi_med,0.9359649419784546,179,252,199,328,189,290
frame_152,Rack_2,31,15,pepsi_med,0.893779456615448,152,252,177,327,164,289
frame_152,Rack_2,44,15,pepsi_med,0.8850210905075073,131,253,152,328,141,290
frame_152,Rack_2,55,13,kick_med,0.8346713185310364,108,255,130,327,119,291
frame_152,Rack_2,53,13,kick_med,0.8678087592124939,87,257,107,328,97,292
frame_152,Rack_2,52,13,kick_med,0.8506689071655273,62,257,86,328,74,292
frame_152,Rack_2,56,13,kick_med,0.8332270979881287,40,258,61,327,50,292
frame_152,Rack_2,65,13,kick_med,0.6518872380256653,22,259,39,328,30,293
frame_152,Rack_3,6,9,empty,0.932295560836792,526,350,631,483,578,416
frame_152,Rack_3,13,7,coke_z_big,0.9244242310523987,491,351,528,466,509,408
frame_152,Rack_3,1,7,coke_z_big,0.9070954322814941,451,350,490,468,470,409
frame_152,Rack_3,39,5,coke_v_big,0.8779566287994385,415,351,450,478,432,414
frame_152,Rack_3,4,5,coke_v_big,0.8836523294448853,377,352,414,479,395,415
frame_152,Rack_3,33,5,coke_v_big,0.9027445912361145,342,352,376,462,359,407
frame_152,Rack_3,18,5,coke_v_big,0.8915116786956787,307,353,342,460,324,406
frame_152,Rack_3,10,5,coke_v_big,0.8683227300643921,273,354,307,477,290,415
frame_152,Rack_3,9,14,pepsi_big,0.9115716814994812,239,350,271,476,255,413
frame_152,Rack_3,11,14,pepsi_big,0.9119977355003357,207,349,238,473,222,411
frame_152,Rack_3,54,14,pepsi_big,0.8943779468536377,174,349,206,473,190,411
frame_152,Rack_3,19,10,fanta_grape_big,0.9143432378768921,136,349,173,474,154,411
frame_152,Rack_3,51,10,fanta_grape_big,0.8100923299789429,111,350,136,471,123,410
frame_152,Rack_3,59,10,fanta_grape_big,0.8400121331214905,83,350,110,463,96,406
frame_152,Rack_3,23,12,fanta_straw_big,0.8986523747444153,46,349,83,457,64,403
frame_152,Rack_3,64,12,fanta_straw_big,0.8299720287322998,17,350,48,457,32,403
frame_153,Rack_1,35,1,a&w_small,0.727713406085968,610,147,632,208,621,177
frame_153,Rack_1,32,1,a&w_small,0.7873558402061462,586,149,608,209,597,179
frame_153,Rack_1,48,1,a&w_small,0.8035901784896851,561,150,584,210,572,180
frame_153,Rack_1,37,1,a&w_small,0.7941405773162842,536,150,560,212,548,181
frame_153,Rack_1,27,1,a&w_small,0.8450272083282471,511,150,535,213,523,181
frame_153,Rack_1,36,1,a&w_small,0.8424697518348694,487,150,510,214,498,182
frame_153,Rack_1,49,4,coke_small,0.8637526035308838,463,150,486,215,474,182
frame_153,Rack_1,34,4,coke_small,0.8962903618812561,440,150,462,215,451,182
frame_153,Rack_1,12,4,coke_small,0.8950448036193848,419,150,439,216,429,183
frame_153,Rack_1,40,4,coke_small,0.886044442653656,398,151,419,216,408,183
frame_153,Rack_1,38,4,coke_small,0.846251904964447,376,151,397,216,386,183
frame_153,Rack_1,5,4,coke_small,0.9086669683456421,354,150,375,216,364,183
frame_153,Rack_1,21,17,sprite_small,0.764193594455719,332,150,353,218,342,184
frame_153,Rack_1,14,17,sprite_small,0.8062291741371155,311,150,332,220,321,185
frame_153,Rack_1,25,17,sprite_small,0.8719896078109741,291,150,311,220,301,185
frame_153,Rack_1,15,17,sprite_small,0.8697903752326965,270,151,291,218,280,184
frame_153,Rack_1,28,9,empty,0.8744879364967346,137,153,265,216,201,184
frame_153,Rack_1,66,8,dew_med,0.6838303804397583,15,168,36,246,25,207
frame_153,Rack_2,20,3,coke_med,0.7955973148345947,589,245,626,326,607,285
frame_153,Rack_2,22,3,coke_med,0.8508702516555786,565,248,589,327,577,287
frame_153,Rack_2,24,3,coke_med,0.8831926584243774,536,249,563,327,549,288
frame_153,Rack_2,3,3,coke_med,0.9375088810920715,509,247,536,327,522,287
frame_153,Rack_2,47,3,coke_med,0.8668402433395386,481,248,509,329,495,288
frame_153,Rack_2,41,6,coke_v_med,0.7780823707580566,452,249,480,327,466,288
frame_153,Rack_2,29,6,coke_v_med,0.647761881351471,424,249,452,328,438,288
frame_153,Rack_2,26,2,anw_med,0.8396667242050171,398,248,423,328,410,288
frame_153,Rack_2,17,2,anw_med,0.8572946190834045,372,249,397,328,384,288
frame_153,Rack_2,43,2,anw_med,0.8341410756111145,346,248,371,327,358,287
frame_153,Rack_2,42,2,anw_med,0.8469468355178833,321,248,345,329,333,288
frame_153,Rack_2,46,2,anw_med,0.8622970581054688,296,249,321,328,308,288
frame_153,Rack_2,7,2,anw_med,0.8898087739944458,270,250,295,328,282,289
frame_153,Rack_2,30,15,pepsi_med,0.8352009654045105,249,252,269,326,259,289
frame_153,Rack_2,8,15,pepsi_med,0.9210020303726196,226,251,248,328,237,289
frame_153,Rack_2,2,15,pepsi_med,0.9090858697891235,200,251,224,328,212,289
frame_153,Rack_2,16,15,pepsi_med,0.9158577919006348,179,252,200,329,189,290
frame_153,Rack_2,31,15,pepsi_med,0.8827198147773743,153,252,178,327,165,289
frame_153,Rack_2,44,15,pepsi_med,0.8691427707672119,132,253,153,328,142,290
frame_153,Rack_2,55,13,kick_med,0.814163088798523,108,255,131,328,119,291
frame_153,Rack_2,53,13,kick_med,0.8309799432754517,88,257,108,328,98,292
frame_153,Rack_2,52,13,kick_med,0.8156266212463379,63,258,87,328,75,293
frame_153,Rack_2,56,13,kick_med,0.8152496814727783,40,258,62,327,51,292
frame_153,Rack_2,65,13,kick_med,0.6104061007499695,23,259,40,327,31,293
frame_153,Rack_2,69,13,kick_med,0.692508339881897,6,260,21,327,13,293
frame_153,Rack_3,6,9,empty,0.9311195611953735,528,350,632,483,580,416
frame_153,Rack_3,13,7,coke_z_big,0.9281225204467773,492,351,529,466,510,408
frame_153,Rack_3,1,7,coke_z_big,0.9100137948989868,452,350,491,467,471,408
frame_153,Rack_3,39,5,coke_v_big,0.8766247630119324,416,351,451,477,433,414
frame_153,Rack_3,4,5,coke_v_big,0.8947307467460632,378,352,415,479,396,415
frame_153,Rack_3,33,5,coke_v_big,0.9118107557296753,343,352,377,462,360,407
frame_153,Rack_3,18,5,coke_v_big,0.8965432047843933,308,353,342,461,325,407
frame_153,Rack_3,10,5,coke_v_big,0.8639183044433594,274,354,308,477,291,415
frame_153,Rack_3,9,14,pepsi_big,0.9156732559204102,240,350,272,477,256,413
frame_153,Rack_3,11,14,pepsi_big,0.9126523733139038,208,349,239,473,223,411
frame_153,Rack_3,54,14,pepsi_big,0.9103976488113403,175,349,206,473,190,411
frame_153,Rack_3,19,10,fanta_grape_big,0.8984858393669128,137,349,174,474,155,411
frame_153,Rack_3,51,10,fanta_grape_big,0.7977095246315002,112,350,137,471,124,410
frame_153,Rack_3,59,10,fanta_grape_big,0.7431197762489319,84,350,111,465,97,407
frame_153,Rack_3,23,12,fanta_straw_big,0.8871310949325562,47,350,84,457,65,403
frame_153,Rack_3,64,12,fanta_straw_big,0.8128437995910645,17,350,48,457,32,403
frame_154,Rack_1,35,1,a&w_small,0.7797892689704895,611,148,633,208,622,178
frame_154,Rack_1,32,1,a&w_small,0.7929332852363586,587,149,610,209,598,179
frame_154,Rack_1,48,1,a&w_small,0.7820934653282166,562,150,585,211,573,180
frame_154,Rack_1,37,1,a&w_small,0.8037144541740417,537,150,561,212,549,181
frame_154,Rack_1,27,1,a&w_small,0.8327892422676086,512,150,536,213,524,181
frame_154,Rack_1,36,1,a&w_small,0.8007742166519165,488,150,510,214,499,182
frame_154,Rack_1,49,4,coke_small,0.8794611096382141,464,150,487,215,475,182
frame_154,Rack_1,34,4,coke_small,0.8826338648796082,440,150,463,216,451,183
frame_154,Rack_1,12,4,coke_small,0.906217098236084,419,150,440,216,429,183
frame_154,Rack_1,40,4,coke_small,0.8628231287002563,398,151,419,217,408,184
frame_154,Rack_1,38,4,coke_small,0.8587367534637451,377,151,398,216,387,183
frame_154,Rack_1,5,4,coke_small,0.914125919342041,354,150,376,216,365,183
frame_154,Rack_1,21,17,sprite_small,0.809151291847229,333,150,353,218,343,184
frame_154,Rack_1,14,17,sprite_small,0.8156972527503967,312,150,333,220,322,185
frame_154,Rack_1,25,17,sprite_small,0.8805631995201111,292,150,312,220,302,185
frame_154,Rack_1,15,17,sprite_small,0.8817444443702698,270,151,291,219,280,185
frame_154,Rack_1,28,9,empty,0.878566563129425,138,153,266,216,202,184
frame_154,Rack_1,66,8,dew_med,0.7444959878921509,16,168,37,246,26,207
frame_154,Rack_2,20,3,coke_med,0.7626165747642517,590,248,625,326,607,287
frame_154,Rack_2,22,3,coke_med,0.7947446703910828,566,248,590,327,578,287
frame_154,Rack_2,24,3,coke_med,0.8666709661483765,537,249,564,327,550,288
frame_154,Rack_2,3,3,coke_med,0.9249675273895264,510,248,536,327,523,287
frame_154,Rack_2,47,3,coke_med,0.877415120601654,482,248,509,329,495,288
frame_154,Rack_2,41,6,coke_v_med,0.7940875887870789,453,248,481,327,467,287
frame_154,Rack_2,29,6,coke_v_med,0.5212691426277161,425,250,453,328,439,289
frame_154,Rack_2,26,2,anw_med,0.8313441276550293,398,248,424,328,411,288
frame_154,Rack_2,17,2,anw_med,0.8706873655319214,373,248,398,328,385,288
frame_154,Rack_2,43,2,anw_med,0.8094964623451233,347,247,372,327,359,287
frame_154,Rack_2,42,2,anw_med,0.8215885162353516,322,248,346,329,334,288
frame_154,Rack_2,46,2,anw_med,0.8668803572654724,297,249,321,329,309,289
frame_154,Rack_2,7,2,anw_med,0.9021931290626526,271,250,296,328,283,289
frame_154,Rack_2,30,15,pepsi_med,0.8624188303947449,250,252,270,327,260,289
frame_154,Rack_2,8,15,pepsi_med,0.905471920967102,226,250,249,328,237,289
frame_154,Rack_2,2,15,pepsi_med,0.9051254987716675,201,251,225,328,213,289
frame_154,Rack_2,16,15,pepsi_med,0.9072520732879639,180,252,200,329,190,290
frame_154,Rack_2,31,15,pepsi_med,0.9037358164787292,154,252,179,329,166,290
frame_154,Rack_2,44,15,pepsi_med,0.8736587762832642,132,253,154,327,143,290
frame_154,Rack_2,55,13,kick_med,0.8088546395301819,109,255,132,328,120,291
frame_154,Rack_2,53,13,kick_med,0.8393029570579529,88,257,109,328,98,292
frame_154,Rack_2,52,13,kick_med,0.8366803526878357,64,257,88,328,76,292
frame_154,Rack_2,56,13,kick_med,0.8125960826873779,41,258,63,327,52,292
frame_154,Rack_2,65,13,kick_med,0.7174795269966125,24,259,41,326,32,292
frame_154,Rack_2,69,13,kick_med,0.7481990456581116,6,260,22,327,14,293
frame_154,Rack_3,6,9,empty,0.9321733117103577,528,350,632,483,580,416
frame_154,Rack_3,13,7,coke_z_big,0.9264227747917175,493,351,530,466,511,408
frame_154,Rack_3,1,7,coke_z_big,0.9151094555854797,453,349,492,467,472,408
frame_154,Rack_3,39,5,coke_v_big,0.8644391298294067,417,350,452,477,434,413
frame_154,Rack_3,4,5,coke_v_big,0.8907082080841064,379,352,416,479,397,415
frame_154,Rack_3,33,5,coke_v_big,0.9127135872840881,344,352,378,463,361,407
frame_154,Rack_3,18,5,coke_v_big,0.9112038016319275,309,353,343,461,326,407
frame_154,Rack_3,10,5,coke_v_big,0.8688660264015198,274,353,308,476,291,414
frame_154,Rack_3,9,14,pepsi_big,0.909357488155365,241,350,272,477,256,413
frame_154,Rack_3,11,14,pepsi_big,0.9042362570762634,209,350,240,474,224,412
frame_154,Rack_3,54,14,pepsi_big,0.8970171809196472,176,349,208,474,192,411
frame_154,Rack_3,19,10,fanta_grape_big,0.8959469795227051,138,349,175,474,156,411
frame_154,Rack_3,51,10,fanta_grape_big,0.7749464511871338,112,350,137,471,124,410
frame_154,Rack_3,59,10,fanta_grape_big,0.6651967167854309,85,350,112,466,98,408
frame_154,Rack_3,23,12,fanta_straw_big,0.8824617266654968,48,349,85,458,66,403
frame_154,Rack_3,64,12,fanta_straw_big,0.8437352180480957,18,350,49,457,33,403
frame_155,Rack_1,35,1,a&w_small,0.7384613752365112,612,148,634,208,623,178
frame_155,Rack_1,32,1,a&w_small,0.7839188575744629,589,150,611,209,600,179
frame_155,Rack_1,48,1,a&w_small,0.7944183349609375,563,150,586,210,574,180
frame_155,Rack_1,37,1,a&w_small,0.8166149854660034,538,150,562,212,550,181
frame_155,Rack_1,27,1,a&w_small,0.8392725586891174,513,150,536,213,524,181
frame_155,Rack_1,36,1,a&w_small,0.843766450881958,489,150,511,214,500,182
frame_155,Rack_1,49,4,coke_small,0.8858816027641296,465,150,487,215,476,182
frame_155,Rack_1,34,4,coke_small,0.8641163110733032,441,150,464,215,452,182
frame_155,Rack_1,12,4,coke_small,0.9152190685272217,421,151,441,216,431,183
frame_155,Rack_1,40,4,coke_small,0.8716663718223572,399,150,420,216,409,183
frame_155,Rack_1,38,4,coke_small,0.8940181136131287,378,150,399,216,388,183
frame_155,Rack_1,5,4,coke_small,0.9182870984077454,355,150,377,216,366,183
frame_155,Rack_1,21,17,sprite_small,0.8303738236427307,334,151,354,219,344,185
frame_155,Rack_1,14,17,sprite_small,0.8090648055076599,313,150,334,220,323,185
frame_155,Rack_1,25,17,sprite_small,0.8563162684440613,293,150,313,220,303,185
frame_155,Rack_1,15,17,sprite_small,0.8864994049072266,271,151,292,219,281,185
frame_155,Rack_1,28,9,empty,0.8694474101066589,139,153,267,216,203,184
frame_155,Rack_1,66,8,dew_med,0.6252868175506592,16,167,38,246,27,206
frame_155,Rack_2,20,3,coke_med,0.8593675494194031,589,234,631,326,610,280
frame_155,Rack_2,22,3,coke_med,0.7279742956161499,565,239,591,327,578,283
frame_155,Rack_2,24,3,coke_med,0.7892801761627197,538,250,565,327,551,288
frame_155,Rack_2,3,3,coke_med,0.904992401599884,511,249,537,327,524,288
frame_155,Rack_2,61,6,coke_v_med,0.7547803521156311,484,251,510,327,497,289
frame_155,Rack_2,47,3,coke_med,0.526013195514679,483,251,510,328,496,289
frame_155,Rack_2,41,6,coke_v_med,0.6648159623146057,454,249,481,327,467,288
frame_155,Rack_2,29,6,coke_v_med,0.5851801037788391,426,251,453,327,439,289
frame_155,Rack_2,26,2,anw_med,0.8188108801841736,399,250,425,328,412,289
frame_155,Rack_2,17,2,anw_med,0.8605978488922119,374,250,399,328,386,289
frame_155,Rack_2,43,2,anw_med,0.8314435482025146,347,249,372,328,359,288
frame_155,Rack_2,42,2,anw_med,0.8471391201019287,323,250,346,329,334,289
frame_155,Rack_2,46,2,anw_med,0.8398905992507935,298,250,322,329,310,289
frame_155,Rack_2,7,2,anw_med,0.9151738286018372,272,251,297,328,284,289
frame_155,Rack_2,30,15,pepsi_med,0.8823639154434204,250,252,271,327,260,289
frame_155,Rack_2,8,15,pepsi_med,0.8991035223007202,227,251,249,327,238,289
frame_155,Rack_2,2,15,pepsi_med,0.8906711339950562,201,251,225,329,213,290
frame_155,Rack_2,16,15,pepsi_med,0.8890342712402344,181,252,201,329,191,290
frame_155,Rack_2,31,15,pepsi_med,0.9077396988868713,155,252,180,329,167,290
frame_155,Rack_2,44,15,pepsi_med,0.8983385562896729,133,253,154,327,143,290
frame_155,Rack_2,55,13,kick_med,0.7721737027168274,110,256,133,328,121,292
frame_155,Rack_2,53,13,kick_med,0.8635613322257996,89,257,109,328,99,292
frame_155,Rack_2,52,13,kick_med,0.8510149717330933,64,258,88,328,76,293
frame_155,Rack_2,56,13,kick_med,0.7975144386291504,42,258,64,327,53,292
frame_155,Rack_2,65,13,kick_med,0.7682484984397888,25,259,42,327,33,293
frame_155,Rack_2,69,13,kick_med,0.7540663480758667,6,260,22,329,14,294
frame_155,Rack_3,6,9,empty,0.9302408695220947,529,350,632,483,580,416
frame_155,Rack_3,13,7,coke_z_big,0.9246736764907837,493,351,531,466,512,408
frame_155,Rack_3,1,7,coke_z_big,0.9136181473731995,454,350,493,467,473,408
frame_155,Rack_3,39,5,coke_v_big,0.8617869019508362,418,351,453,478,435,414
frame_155,Rack_3,4,5,coke_v_big,0.9006859660148621,380,352,417,479,398,415
frame_155,Rack_3,33,5,coke_v_big,0.9104949831962585,344,352,379,463,361,407
frame_155,Rack_3,18,5,coke_v_big,0.9209417700767517,310,353,344,461,327,407
frame_155,Rack_3,10,5,coke_v_big,0.8727141618728638,275,354,309,476,292,415
frame_155,Rack_3,9,14,pepsi_big,0.9086058139801025,242,349,273,477,257,413
frame_155,Rack_3,11,14,pepsi_big,0.903304934501648,210,350,241,474,225,412
frame_155,Rack_3,54,14,pepsi_big,0.9038205742835999,177,349,209,474,193,411
frame_155,Rack_3,19,10,fanta_grape_big,0.8990252017974854,139,349,176,474,157,411
frame_155,Rack_3,51,10,fanta_grape_big,0.7975423336029053,113,350,138,471,125,410
frame_155,Rack_3,59,10,fanta_grape_big,0.6068732738494873,86,350,112,465,99,407
frame_155,Rack_3,23,12,fanta_straw_big,0.8936402201652527,49,350,86,458,67,404
frame_155,Rack_3,64,12,fanta_straw_big,0.8708611130714417,19,350,50,457,34,403
frame_156,Rack_1,35,1,a&w_small,0.6502094268798828,612,148,633,207,622,177
frame_156,Rack_1,32,1,a&w_small,0.7808755040168762,590,149,613,209,601,179
frame_156,Rack_1,48,1,a&w_small,0.8117115497589111,564,150,588,211,576,180
frame_156,Rack_1,37,1,a&w_small,0.8227723240852356,538,150,562,212,550,181
frame_156,Rack_1,27,1,a&w_small,0.8540906310081482,514,150,537,214,525,182
frame_156,Rack_1,36,1,a&w_small,0.791942834854126,490,150,512,213,501,181
frame_156,Rack_1,49,4,coke_small,0.897331178188324,466,151,488,215,477,183
frame_156,Rack_1,34,4,coke_small,0.840812087059021,442,150,465,215,453,182
frame_156,Rack_1,12,4,coke_small,0.8943769931793213,422,151,442,216,432,183
frame_156,Rack_1,40,4,coke_small,0.861980676651001,400,151,421,216,410,183
frame_156,Rack_1,38,4,coke_small,0.8773564696311951,379,151,400,216,389,183
frame_156,Rack_1,5,4,coke_small,0.9336507320404053,356,151,378,216,367,183
frame_156,Rack_1,21,17,sprite_small,0.7407386898994446,335,151,355,219,345,185
frame_156,Rack_1,14,17,sprite_small,0.7439184784889221,314,149,335,219,324,184
frame_156,Rack_1,25,17,sprite_small,0.8332992196083069,294,150,314,219,304,184
frame_156,Rack_1,15,17,sprite_small,0.8971982598304749,272,151,293,218,282,184
frame_156,Rack_1,28,9,empty,0.8726138472557068,134,153,272,221,203,187
frame_156,Rack_1,66,8,dew_med,0.5427160859107971,18,168,39,246,28,207
frame_156,Rack_2,20,3,coke_med,0.84382164478302,588,228,631,327,609,277
frame_156,Rack_2,22,3,coke_med,0.8186187148094177,565,233,593,327,579,280
frame_156,Rack_2,24,3,coke_med,0.7477909922599792,539,248,566,327,552,287
frame_156,Rack_2,3,3,coke_med,0.8961071968078613,512,251,538,327,525,289
frame_156,Rack_2,61,6,coke_v_med,0.8523157835006714,482,237,513,329,497,283
frame_156,Rack_2,41,6,coke_v_med,0.6772134900093079,455,251,482,328,468,289
frame_156,Rack_2,29,6,coke_v_med,0.6072701811790466,428,253,454,328,441,290
frame_156,Rack_2,26,2,anw_med,0.8389523029327393,400,251,426,328,413,289
frame_156,Rack_2,17,2,anw_med,0.8331752419471741,375,252,399,328,387,290
frame_156,Rack_2,43,2,anw_med,0.768903374671936,349,250,373,328,361,289
frame_156,Rack_2,42,2,anw_med,0.8185445070266724,324,251,347,328,335,289
frame_156,Rack_2,46,2,anw_med,0.8293989896774292,299,251,323,329,311,290
frame_156,Rack_2,7,2,anw_med,0.9213562607765198,273,252,298,328,285,290
frame_156,Rack_2,30,15,pepsi_med,0.8865811824798584,251,254,271,328,261,291
frame_156,Rack_2,8,15,pepsi_med,0.8933793902397156,228,253,250,328,239,290
frame_156,Rack_2,2,15,pepsi_med,0.8829792737960815,202,252,226,328,214,290
frame_156,Rack_2,16,15,pepsi_med,0.8887066841125488,182,254,202,329,192,291
frame_156,Rack_2,31,15,pepsi_med,0.9058240056037903,156,253,181,329,168,291
frame_156,Rack_2,44,15,pepsi_med,0.8895564675331116,134,254,155,327,144,290
frame_156,Rack_2,55,13,kick_med,0.8009080290794373,111,255,134,328,122,291
frame_156,Rack_2,53,13,kick_med,0.88805091381073,90,256,111,328,100,292
frame_156,Rack_2,52,13,kick_med,0.8960303068161011,66,257,89,328,77,292
frame_156,Rack_2,56,13,kick_med,0.8427073359489441,43,258,65,328,54,293
frame_156,Rack_2,65,13,kick_med,0.7598216533660889,25,260,42,328,33,294
frame_156,Rack_2,63,13,kick_med,0.6562257409095764,1,258,7,335,4,296
frame_156,Rack_3,6,9,empty,0.926983654499054,531,350,633,483,582,416
frame_156,Rack_3,13,7,coke_z_big,0.918025016784668,495,351,532,467,513,409
frame_156,Rack_3,1,7,coke_z_big,0.9166966080665588,455,350,494,467,474,408
frame_156,Rack_3,39,5,coke_v_big,0.8386995792388916,419,351,454,478,436,414
frame_156,Rack_3,4,5,coke_v_big,0.90118807554245,381,352,418,479,399,415
frame_156,Rack_3,33,5,coke_v_big,0.8997285962104797,345,352,380,463,362,407
frame_156,Rack_3,18,5,coke_v_big,0.9204438924789429,311,353,345,462,328,407
frame_156,Rack_3,10,5,coke_v_big,0.8649652600288391,276,354,310,476,293,415
frame_156,Rack_3,9,14,pepsi_big,0.9048047065734863,243,349,274,477,258,413
frame_156,Rack_3,11,14,pepsi_big,0.8986431956291199,211,350,242,474,226,412
frame_156,Rack_3,54,14,pepsi_big,0.8991275429725647,178,349,210,474,194,411
frame_156,Rack_3,19,10,fanta_grape_big,0.9114264845848083,140,349,177,474,158,411
frame_156,Rack_3,51,10,fanta_grape_big,0.8210958242416382,114,350,139,471,126,410
frame_156,Rack_3,59,10,fanta_grape_big,0.6541283130645752,86,350,113,465,99,407
frame_156,Rack_3,23,12,fanta_straw_big,0.8850265145301819,50,350,87,458,68,404
frame_156,Rack_3,64,12,fanta_straw_big,0.8606727719306946,20,351,51,457,35,404
frame_157,Rack_1,35,1,a&w_small,0.6426675319671631,612,148,634,207,623,177
frame_157,Rack_1,32,1,a&w_small,0.7913280725479126,591,150,614,209,602,179
frame_157,Rack_1,48,1,a&w_small,0.8359017968177795,566,151,589,211,577,181
frame_157,Rack_1,37,1,a&w_small,0.8299914002418518,540,151,563,212,551,181
frame_157,Rack_1,27,1,a&w_small,0.8487870097160339,515,152,538,213,526,182
frame_157,Rack_1,36,1,a&w_small,0.7950842380523682,491,152,513,213,502,182
frame_157,Rack_1,49,4,coke_small,0.8234023451805115,467,152,489,215,478,183
frame_157,Rack_1,34,4,coke_small,0.8321784734725952,444,152,466,215,455,183
frame_157,Rack_1,12,4,coke_small,0.8862595558166504,423,152,443,216,433,184
frame_157,Rack_1,40,4,coke_small,0.905534565448761,402,151,422,216,412,183
frame_157,Rack_1,38,4,coke_small,0.9025707244873047,380,152,401,216,390,184
frame_157,Rack_1,5,4,coke_small,0.9415069222450256,357,152,378,217,367,184
frame_157,Rack_1,21,17,sprite_small,0.7604399919509888,335,152,356,219,345,185
frame_157,Rack_1,14,17,sprite_small,0.7995763421058655,315,151,335,219,325,185
frame_157,Rack_1,25,17,sprite_small,0.8168375492095947,295,152,314,219,304,185
frame_157,Rack_1,15,17,sprite_small,0.8744276165962219,273,152,294,218,283,185
frame_157,Rack_1,28,9,empty,0.8582145571708679,133,155,275,226,204,190
frame_157,Rack_2,20,3,coke_med,0.8539172410964966,588,226,631,327,609,276
frame_157,Rack_2,22,3,coke_med,0.787949800491333,566,232,594,328,580,280
frame_157,Rack_2,24,3,coke_med,0.7716711759567261,541,253,566,328,553,290
frame_157,Rack_2,3,3,coke_med,0.8852975964546204,514,254,539,328,526,291
frame_157,Rack_2,61,6,coke_v_med,0.7546191215515137,482,232,515,330,498,281
frame_157,Rack_2,41,6,coke_v_med,0.6684606075286865,457,254,483,329,470,291
frame_157,Rack_2,29,6,coke_v_med,0.5405378341674805,429,255,455,328,442,291
frame_157,Rack_2,26,2,anw_med,0.8281960487365723,401,253,426,329,413,291
frame_157,Rack_2,17,2,anw_med,0.8243445754051208,376,254,400,329,388,291
frame_157,Rack_2,43,2,anw_med,0.8150360584259033,350,248,375,329,362,288
frame_157,Rack_2,42,2,anw_med,0.8471542596817017,325,253,348,329,336,291
frame_157,Rack_2,46,2,anw_med,0.8294399380683899,300,253,323,329,311,291
frame_157,Rack_2,7,2,anw_med,0.9188982844352722,274,255,298,329,286,292
frame_157,Rack_2,30,15,pepsi_med,0.8830811977386475,252,256,272,328,262,292
frame_157,Rack_2,8,15,pepsi_med,0.9036546349525452,229,256,251,328,240,292
frame_157,Rack_2,2,15,pepsi_med,0.8984488248825073,204,254,227,329,215,291
frame_157,Rack_2,16,15,pepsi_med,0.8955754637718201,183,255,203,329,193,292
frame_157,Rack_2,31,15,pepsi_med,0.900956928730011,157,255,182,330,169,292
frame_157,Rack_2,44,15,pepsi_med,0.8995147943496704,135,256,156,328,145,292
frame_157,Rack_2,55,13,kick_med,0.7949204444885254,112,256,134,329,123,292
frame_157,Rack_2,53,13,kick_med,0.8640487790107727,91,256,112,328,101,292
frame_157,Rack_2,52,13,kick_med,0.8768856525421143,66,258,90,329,78,293
frame_157,Rack_2,56,13,kick_med,0.8250550031661987,44,259,66,329,55,294
frame_157,Rack_2,65,13,kick_med,0.7070014476776123,22,260,41,331,31,295
frame_157,Rack_2,63,13,kick_med,0.8112016916275024,2,260,9,336,5,298
frame_157,Rack_3,6,9,empty,0.9259423613548279,532,350,633,483,582,416
frame_157,Rack_3,13,7,coke_z_big,0.91916424036026,496,351,533,467,514,409
frame_157,Rack_3,1,7,coke_z_big,0.9128260016441345,456,351,495,467,475,409
frame_157,Rack_3,39,5,coke_v_big,0.8054360151290894,420,351,455,478,437,414
frame_157,Rack_3,4,5,coke_v_big,0.8900436758995056,382,352,419,480,400,416
frame_157,Rack_3,33,5,coke_v_big,0.9030327200889587,346,352,381,464,363,408
frame_157,Rack_3,18,5,coke_v_big,0.9176642298698425,312,354,346,461,329,407
frame_157,Rack_3,10,5,coke_v_big,0.8581203818321228,277,354,311,476,294,415
frame_157,Rack_3,9,14,pepsi_big,0.9038797616958618,244,349,275,477,259,413
frame_157,Rack_3,11,14,pepsi_big,0.8942763209342957,211,350,243,474,227,412
frame_157,Rack_3,54,14,pepsi_big,0.8807781934738159,179,349,210,474,194,411
frame_157,Rack_3,19,10,fanta_grape_big,0.9169175028800964,141,350,178,474,159,412
frame_157,Rack_3,51,10,fanta_grape_big,0.845637321472168,115,350,140,471,127,410
frame_157,Rack_3,59,10,fanta_grape_big,0.7064406871795654,87,350,114,466,100,408
frame_157,Rack_3,23,12,fanta_straw_big,0.8987144827842712,51,350,87,458,69,404
frame_157,Rack_3,64,12,fanta_straw_big,0.87652587890625,21,351,52,457,36,404
frame_158,Rack_1,35,1,a&w_small,0.7246410250663757,614,148,635,208,624,178
frame_158,Rack_1,32,1,a&w_small,0.81748366355896,593,149,615,209,604,179
frame_158,Rack_1,48,1,a&w_small,0.8007141947746277,567,150,590,210,578,180
frame_158,Rack_1,37,1,a&w_small,0.8577351570129395,541,150,565,213,553,181
frame_158,Rack_1,27,1,a&w_small,0.8564725518226624,516,150,539,212,527,181
frame_158,Rack_1,36,1,a&w_small,0.8334535956382751,492,151,514,213,503,182
frame_158,Rack_1,49,4,coke_small,0.7411900162696838,468,151,490,215,479,183
frame_158,Rack_1,34,4,coke_small,0.8259903788566589,445,150,467,215,456,182
frame_158,Rack_1,12,4,coke_small,0.878187894821167,424,151,444,216,434,183
frame_158,Rack_1,40,4,coke_small,0.9003179669380188,402,150,423,215,412,182
frame_158,Rack_1,38,4,coke_small,0.9075810313224792,380,151,402,216,391,183
frame_158,Rack_1,5,4,coke_small,0.9401867985725403,358,151,379,217,368,184
frame_158,Rack_1,21,17,sprite_small,0.7450905442237854,336,151,357,219,346,185
frame_158,Rack_1,14,17,sprite_small,0.8160271644592285,316,150,336,219,326,184
frame_158,Rack_1,25,17,sprite_small,0.8568094968795776,296,151,315,219,305,185
frame_158,Rack_1,15,17,sprite_small,0.8363513946533203,274,151,295,218,284,184
frame_158,Rack_1,28,9,empty,0.8634582161903381,131,154,279,229,205,191
frame_158,Rack_2,20,3,coke_med,0.6778581738471985,588,227,630,328,609,277
frame_158,Rack_2,22,3,coke_med,0.8092617392539978,568,237,594,328,581,282
frame_158,Rack_2,24,3,coke_med,0.8258492350578308,542,256,567,328,554,292
frame_158,Rack_2,3,3,coke_med,0.8589168787002563,515,256,540,328,527,292
frame_158,Rack_2,47,3,coke_med,0.620818555355072,486,252,513,329,499,290
frame_158,Rack_2,41,6,coke_v_med,0.565121591091156,458,256,484,329,471,292
frame_158,Rack_2,26,2,anw_med,0.8111851215362549,402,249,428,329,415,289
frame_158,Rack_2,17,2,anw_med,0.8153985738754272,377,255,401,329,389,292
frame_158,Rack_2,43,2,anw_med,0.7834503054618835,350,247,376,329,363,288
frame_158,Rack_2,42,2,anw_med,0.8415368795394897,326,254,349,329,337,291
frame_158,Rack_2,46,2,anw_med,0.8095316290855408,301,254,324,329,312,291
frame_158,Rack_2,7,2,anw_med,0.9154412150382996,275,256,299,329,287,292
frame_158,Rack_2,30,15,pepsi_med,0.8341105580329895,253,256,272,328,262,292
frame_158,Rack_2,8,15,pepsi_med,0.9118669629096985,230,256,252,329,241,292
frame_158,Rack_2,2,15,pepsi_med,0.8959171772003174,205,254,228,329,216,291
frame_158,Rack_2,16,15,pepsi_med,0.9006257057189941,184,256,203,329,193,292
frame_158,Rack_2,31,15,pepsi_med,0.904646098613739,158,256,183,329,170,292
frame_158,Rack_2,44,15,pepsi_med,0.8849799633026123,136,256,157,328,146,292
frame_158,Rack_2,55,13,kick_med,0.8246933817863464,113,256,135,329,124,292
frame_158,Rack_2,53,13,kick_med,0.8669928908348083,92,256,113,329,102,292
frame_158,Rack_2,52,13,kick_med,0.8878752589225769,67,258,91,329,79,293
frame_158,Rack_2,56,13,kick_med,0.8437446355819702,45,259,67,330,56,294
frame_158,Rack_2,65,13,kick_med,0.7311599850654602,23,259,42,332,32,295
frame_158,Rack_2,63,13,kick_med,0.8073253631591797,2,261,10,336,6,298
frame_158,Rack_3,6,9,empty,0.9312976598739624,532,351,632,483,582,417
frame_158,Rack_3,13,7,coke_z_big,0.9008216261863708,497,351,534,467,515,409
frame_158,Rack_3,1,7,coke_z_big,0.9146367907524109,457,351,496,468,476,409
frame_158,Rack_3,39,5,coke_v_big,0.8248649835586548,421,351,456,478,438,414
frame_158,Rack_3,4,5,coke_v_big,0.8944672346115112,383,352,420,480,401,416
frame_158,Rack_3,33,5,coke_v_big,0.9141942262649536,347,351,382,464,364,407
frame_158,Rack_3,18,5,coke_v_big,0.9087627530097961,312,354,347,461,329,407
frame_158,Rack_3,10,5,coke_v_big,0.8751450181007385,278,355,311,476,294,415
frame_158,Rack_3,9,14,pepsi_big,0.9079009294509888,245,350,276,477,260,413
frame_158,Rack_3,11,14,pepsi_big,0.8895899057388306,212,349,244,474,228,411
frame_158,Rack_3,54,14,pepsi_big,0.8979240655899048,180,349,211,474,195,411
frame_158,Rack_3,19,10,fanta_grape_big,0.9244456887245178,142,350,179,474,160,412
frame_158,Rack_3,51,10,fanta_grape_big,0.8441483974456787,116,350,141,471,128,410
frame_158,Rack_3,59,10,fanta_grape_big,0.6848062872886658,88,351,115,466,101,408
frame_158,Rack_3,23,12,fanta_straw_big,0.8762699961662292,52,351,88,458,70,404
frame_158,Rack_3,64,12,fanta_straw_big,0.7790573239326477,22,352,52,458,37,405
frame_159,Rack_1,35,1,a&w_small,0.7587006092071533,616,149,636,207,626,178
frame_159,Rack_1,32,1,a&w_small,0.8329893350601196,594,150,616,209,605,179
frame_159,Rack_1,48,1,a&w_small,0.8049179911613464,567,150,591,210,579,180
frame_159,Rack_1,37,1,a&w_small,0.8469460010528564,542,150,566,212,554,181
frame_159,Rack_1,27,1,a&w_small,0.8698360323905945,517,150,541,213,529,181
frame_159,Rack_1,36,1,a&w_small,0.835120439529419,493,150,515,213,504,181
frame_159,Rack_1,49,4,coke_small,0.7306329011917114,469,150,492,215,480,182
frame_159,Rack_1,34,4,coke_small,0.8259150981903076,445,150,468,215,456,182
frame_159,Rack_1,12,4,coke_small,0.8722372055053711,424,150,445,216,434,183
frame_159,Rack_1,40,4,coke_small,0.9027138352394104,403,151,424,216,413,183
frame_159,Rack_1,38,4,coke_small,0.8668752312660217,381,151,403,216,392,183
frame_159,Rack_1,5,4,coke_small,0.9186403155326843,359,150,381,217,370,183
frame_159,Rack_1,21,17,sprite_small,0.7762587666511536,337,150,358,219,347,184
frame_159,Rack_1,14,17,sprite_small,0.8330796360969543,317,149,338,220,327,184
frame_159,Rack_1,25,17,sprite_small,0.8547883033752441,297,151,317,220,307,185
frame_159,Rack_1,15,17,sprite_small,0.8312762975692749,275,151,296,219,285,185
frame_159,Rack_1,28,9,empty,0.8603958487510681,132,153,281,230,206,191
frame_159,Rack_1,66,8,dew_med,0.5942565202713013,21,170,42,247,31,208
frame_159,Rack_2,20,3,coke_med,0.818196177482605,590,226,631,328,610,277
frame_159,Rack_2,22,3,coke_med,0.7889853119850159,569,239,595,328,582,283
frame_159,Rack_2,24,3,coke_med,0.8113018274307251,543,257,568,328,555,292
frame_159,Rack_2,3,3,coke_med,0.8629229068756104,516,255,541,328,528,291
frame_159,Rack_2,47,3,coke_med,0.6439446210861206,488,254,514,328,501,291
frame_159,Rack_2,61,6,coke_v_med,0.5432156920433044,485,233,517,330,501,281
frame_159,Rack_2,41,6,coke_v_med,0.5910893082618713,459,256,485,329,472,292
frame_159,Rack_2,26,2,anw_med,0.774604856967926,403,250,429,329,416,289
frame_159,Rack_2,17,2,anw_med,0.7902904748916626,378,256,402,328,390,292
frame_159,Rack_2,43,2,anw_med,0.7365177273750305,351,249,376,329,363,289
frame_159,Rack_2,42,2,anw_med,0.8282859921455383,327,255,350,329,338,292
frame_159,Rack_2,46,2,anw_med,0.780103862285614,302,255,325,329,313,292
frame_159,Rack_2,7,2,anw_med,0.9007024168968201,276,256,300,329,288,292
frame_159,Rack_2,30,15,pepsi_med,0.8876929879188538,254,257,273,328,263,292
frame_159,Rack_2,8,15,pepsi_med,0.9057852625846863,231,256,252,328,241,292
frame_159,Rack_2,2,15,pepsi_med,0.8970977067947388,205,255,229,329,217,292
frame_159,Rack_2,16,15,pepsi_med,0.9094470739364624,185,256,204,328,194,292
frame_159,Rack_2,31,15,pepsi_med,0.9185199737548828,159,256,183,329,171,292
frame_159,Rack_2,44,15,pepsi_med,0.8865285515785217,137,256,158,328,147,292
frame_159,Rack_2,55,13,kick_med,0.830103874206543,113,256,136,329,124,292
frame_159,Rack_2,53,13,kick_med,0.860398530960083,93,256,113,328,103,292
frame_159,Rack_2,52,13,kick_med,0.8856570720672607,68,258,92,329,80,293
frame_159,Rack_2,56,13,kick_med,0.8338959217071533,46,259,68,329,57,294
frame_159,Rack_2,65,13,kick_med,0.7629367113113403,26,259,45,330,35,294
frame_159,Rack_2,63,13,kick_med,0.6464750170707703,1,261,9,336,5,298
frame_159,Rack_3,6,9,empty,0.9311270117759705,533,351,633,483,583,417
frame_159,Rack_3,13,7,coke_z_big,0.9047678709030151,498,351,535,468,516,409
frame_159,Rack_3,1,7,coke_z_big,0.9118347764015198,458,351,497,468,477,409
frame_159,Rack_3,39,5,coke_v_big,0.8409269452095032,422,352,457,478,439,415
frame_159,Rack_3,4,5,coke_v_big,0.899931788444519,384,352,421,480,402,416
frame_159,Rack_3,33,5,coke_v_big,0.9192727208137512,348,352,383,464,365,408
frame_159,Rack_3,18,5,coke_v_big,0.908912718296051,313,354,348,462,330,408
frame_159,Rack_3,10,5,coke_v_big,0.8954222798347473,278,354,312,476,295,415
frame_159,Rack_3,9,14,pepsi_big,0.899306058883667,245,350,277,477,261,413
frame_159,Rack_3,11,14,pepsi_big,0.8963814973831177,213,349,244,475,228,412
frame_159,Rack_3,54,14,pepsi_big,0.9049232602119446,181,349,212,474,196,411
frame_159,Rack_3,19,10,fanta_grape_big,0.9234689474105835,143,350,180,474,161,412
frame_159,Rack_3,51,10,fanta_grape_big,0.8420498371124268,117,350,142,471,129,410
frame_159,Rack_3,59,10,fanta_grape_big,0.5437899231910706,89,350,116,466,102,408
frame_159,Rack_3,23,12,fanta_straw_big,0.9112402200698853,52,351,89,459,70,405
frame_159,Rack_3,64,12,fanta_straw_big,0.8199334740638733,22,352,53,458,37,405
frame_160,Rack_1,35,1,a&w_small,0.6405085325241089,617,149,637,207,627,178
frame_160,Rack_1,32,1,a&w_small,0.7991061210632324,595,150,617,209,606,179
frame_160,Rack_1,48,1,a&w_small,0.7644814848899841,568,150,592,210,580,180
frame_160,Rack_1,37,1,a&w_small,0.8130025863647461,543,150,567,212,555,181
frame_160,Rack_1,27,1,a&w_small,0.85208660364151,518,149,542,213,530,181
frame_160,Rack_1,36,1,a&w_small,0.798471987247467,494,150,517,213,505,181
frame_160,Rack_1,49,4,coke_small,0.8375754356384277,470,150,493,214,481,182
frame_160,Rack_1,34,4,coke_small,0.858476459980011,446,149,469,215,457,182
frame_160,Rack_1,12,4,coke_small,0.8387911915779114,426,150,446,216,436,183
frame_160,Rack_1,40,4,coke_small,0.9229754209518433,404,151,425,217,414,184
frame_160,Rack_1,38,4,coke_small,0.8585042953491211,382,150,404,217,393,183
frame_160,Rack_1,5,4,coke_small,0.9222106337547302,359,150,382,218,370,184
frame_160,Rack_1,21,17,sprite_small,0.8167302012443542,338,150,359,219,348,184
frame_160,Rack_1,14,17,sprite_small,0.8594850897789001,318,149,339,220,328,184
frame_160,Rack_1,25,17,sprite_small,0.8389205932617188,298,151,318,220,308,185
frame_160,Rack_1,15,17,sprite_small,0.8704634308815002,276,151,297,219,286,185
frame_160,Rack_1,28,9,empty,0.8451096415519714,132,153,282,231,207,192
frame_160,Rack_1,58,0,7up_med,0.5001301765441895,65,168,87,246,76,207
frame_160,Rack_1,62,0,7up_med,0.6462877988815308,43,167,65,247,54,207
frame_160,Rack_1,66,8,dew_med,0.8619611859321594,22,169,43,247,32,208
frame_160,Rack_1,67,8,dew_med,0.8289183974266052,7,171,16,248,11,209
frame_160,Rack_2,20,3,coke_med,0.5174928307533264,595,235,633,327,614,281
frame_160,Rack_2,22,3,coke_med,0.7501636743545532,572,247,596,327,584,287
frame_160,Rack_2,24,3,coke_med,0.7612836360931396,545,254,570,327,557,290
frame_160,Rack_2,3,3,coke_med,0.8819506168365479,517,251,543,328,530,289
frame_160,Rack_2,47,6,coke_v_med,0.7616839408874512,489,252,515,328,502,290
frame_160,Rack_2,41,6,coke_v_med,0.6986116766929626,460,253,487,328,473,290
frame_160,Rack_2,29,6,coke_v_med,0.5313437581062317,431,254,458,328,444,291
frame_160,Rack_2,26,2,anw_med,0.8246455788612366,405,251,430,328,417,289
frame_160,Rack_2,17,2,anw_med,0.8373721837997437,378,253,403,328,390,290
frame_160,Rack_2,43,2,anw_med,0.7938777804374695,352,249,377,329,364,289
frame_160,Rack_2,42,2,anw_med,0.8397207856178284,328,251,351,329,339,290
frame_160,Rack_2,46,2,anw_med,0.7841079235076904,302,252,327,328,314,290
frame_160,Rack_2,7,2,anw_med,0.8781397342681885,276,253,301,328,288,290
frame_160,Rack_2,30,15,pepsi_med,0.9004407525062561,255,254,275,327,265,290
frame_160,Rack_2,8,15,pepsi_med,0.9115107655525208,232,254,254,327,243,290
frame_160,Rack_2,2,15,pepsi_med,0.9104665517807007,206,253,230,329,218,291
frame_160,Rack_2,16,15,pepsi_med,0.9119821786880493,185,254,205,328,195,291
frame_160,Rack_2,31,15,pepsi_med,0.9065618515014648,159,254,184,328,171,291
frame_160,Rack_2,44,15,pepsi_med,0.8995392322540283,138,256,159,328,148,292
frame_160,Rack_2,55,13,kick_med,0.739300012588501,114,256,136,328,125,292
frame_160,Rack_2,53,13,kick_med,0.7725602984428406,93,256,114,328,103,292
frame_160,Rack_2,52,13,kick_med,0.8392807841300964,69,258,93,328,81,293
frame_160,Rack_2,56,13,kick_med,0.7125343084335327,47,258,69,328,58,293
frame_160,Rack_2,65,13,kick_med,0.5788373947143555,28,259,46,329,37,294
frame_160,Rack_2,69,13,kick_med,0.7023651599884033,10,261,27,332,18,296
frame_160,Rack_3,6,9,empty,0.9314103722572327,534,351,634,484,584,417
frame_160,Rack_3,13,7,coke_z_big,0.9094059467315674,499,351,537,468,518,409
frame_160,Rack_3,1,7,coke_z_big,0.9117486476898193,459,352,498,468,478,410
frame_160,Rack_3,39,5,coke_v_big,0.8242775797843933,423,352,458,479,440,415
frame_160,Rack_3,4,5,coke_v_big,0.9008142352104187,385,353,422,480,403,416
frame_160,Rack_3,33,5,coke_v_big,0.9307684898376465,349,352,384,464,366,408
frame_160,Rack_3,18,5,coke_v_big,0.9077754616737366,314,354,349,462,331,408
frame_160,Rack_3,10,5,coke_v_big,0.9059063196182251,279,353,313,476,296,414
frame_160,Rack_3,9,14,pepsi_big,0.906933605670929,246,350,278,477,262,413
frame_160,Rack_3,11,14,pepsi_big,0.9161548614501953,214,349,245,475,229,412
frame_160,Rack_3,54,14,pepsi_big,0.9168340563774109,182,349,213,474,197,411
frame_160,Rack_3,19,10,fanta_grape_big,0.9261972308158875,144,350,181,474,162,412
frame_160,Rack_3,51,10,fanta_grape_big,0.855360209941864,118,350,143,471,130,410
frame_160,Rack_3,59,10,fanta_grape_big,0.573589026927948,90,350,117,466,103,408
frame_160,Rack_3,23,12,fanta_straw_big,0.917694628238678,53,351,90,459,71,405
frame_160,Rack_3,64,12,fanta_straw_big,0.7485452890396118,23,352,54,458,38,405
frame_161,Rack_1,35,1,a&w_small,0.6305907368659973,618,149,637,207,627,178
frame_161,Rack_1,32,1,a&w_small,0.7928715348243713,596,150,618,209,607,179
frame_161,Rack_1,48,1,a&w_small,0.7639017701148987,569,150,593,210,581,180
frame_161,Rack_1,37,1,a&w_small,0.7868834733963013,544,150,568,212,556,181
frame_161,Rack_1,27,1,a&w_small,0.8281987309455872,519,150,543,213,531,181
frame_161,Rack_1,36,1,a&w_small,0.7554395794868469,495,150,518,213,506,181
frame_161,Rack_1,49,4,coke_small,0.8614783883094788,471,150,494,215,482,182
frame_161,Rack_1,34,4,coke_small,0.8788082599639893,448,150,470,216,459,183
frame_161,Rack_1,12,4,coke_small,0.8902037739753723,426,150,447,216,436,183
frame_161,Rack_1,40,4,coke_small,0.9064901471138,405,151,426,218,415,184
frame_161,Rack_1,38,4,coke_small,0.8569473624229431,383,150,405,218,394,184
frame_161,Rack_1,5,4,coke_small,0.9271592497825623,361,150,383,218,372,184
frame_161,Rack_1,21,17,sprite_small,0.7786652445793152,339,150,360,219,349,184
frame_161,Rack_1,14,17,sprite_small,0.8434527516365051,319,150,340,221,329,185
frame_161,Rack_1,25,17,sprite_small,0.8310362696647644,298,150,319,220,308,185
frame_161,Rack_1,15,17,sprite_small,0.86494380235672,277,151,298,219,287,185
frame_161,Rack_1,28,9,empty,0.8375753164291382,131,153,284,234,207,193
frame_161,Rack_1,62,0,7up_med,0.5826492309570312,44,167,66,247,55,207
frame_161,Rack_1,66,8,dew_med,0.8169228434562683,23,169,44,248,33,208
frame_161,Rack_1,67,8,dew_med,0.6268251538276672,6,171,17,249,11,210
frame_161,Rack_2,20,3,coke_med,0.6830029487609863,599,241,634,326,616,283
frame_161,Rack_2,22,3,coke_med,0.7651181221008301,574,249,597,327,585,288
frame_161,Rack_2,24,3,coke_med,0.8236691951751709,546,253,572,327,559,290
frame_161,Rack_2,3,3,coke_med,0.8836598992347717,517,246,545,328,531,287
frame_161,Rack_2,47,6,coke_v_med,0.7959344387054443,490,251,517,328,503,289
frame_161,Rack_2,41,6,coke_v_med,0.7024586796760559,460,251,488,328,474,289
frame_161,Rack_2,26,2,anw_med,0.8478999137878418,406,251,431,328,418,289
frame_161,Rack_2,17,2,anw_med,0.8357661962509155,379,251,404,328,391,289
frame_161,Rack_2,43,2,anw_med,0.8188733458518982,353,249,378,329,365,289
frame_161,Rack_2,42,2,anw_med,0.8569483160972595,328,250,352,329,340,289
frame_161,Rack_2,46,2,anw_med,0.8208668828010559,303,251,328,329,315,290
frame_161,Rack_2,7,2,anw_med,0.8904703259468079,277,253,302,328,289,290
frame_161,Rack_2,30,15,pepsi_med,0.8911423683166504,255,253,276,327,265,290
frame_161,Rack_2,8,15,pepsi_med,0.9303877949714661,232,253,255,328,243,290
frame_161,Rack_2,2,15,pepsi_med,0.9068719148635864,207,252,231,329,219,290
frame_161,Rack_2,16,15,pepsi_med,0.9196773767471313,186,254,206,328,196,291
frame_161,Rack_2,31,15,pepsi_med,0.9002131819725037,160,254,185,328,172,291
frame_161,Rack_2,44,15,pepsi_med,0.865385890007019,138,255,160,329,149,292
frame_161,Rack_2,55,13,kick_med,0.6297421455383301,115,256,137,329,126,292
frame_161,Rack_2,53,13,kick_med,0.7879067659378052,94,257,115,328,104,292
frame_161,Rack_2,52,13,kick_med,0.830052375793457,70,258,94,328,82,293
frame_161,Rack_2,56,13,kick_med,0.715358316898346,48,259,70,328,59,293
frame_161,Rack_2,65,13,kick_med,0.679056704044342,30,260,48,328,39,294
frame_161,Rack_2,69,13,kick_med,0.7796083688735962,9,262,26,331,17,296
frame_161,Rack_3,6,9,empty,0.9255648255348206,535,351,633,484,584,417
frame_161,Rack_3,13,7,coke_z_big,0.9136769771575928,500,352,538,469,519,410
frame_161,Rack_3,1,7,coke_z_big,0.9117448925971985,460,352,499,469,479,410
frame_161,Rack_3,39,5,coke_v_big,0.8453159928321838,424,352,459,479,441,415
frame_161,Rack_3,4,5,coke_v_big,0.8954577445983887,386,353,423,481,404,417
frame_161,Rack_3,33,5,coke_v_big,0.9302797913551331,350,352,385,464,367,408
frame_161,Rack_3,18,5,coke_v_big,0.9081394672393799,315,354,349,462,332,408
frame_161,Rack_3,10,5,coke_v_big,0.8824079632759094,280,354,314,476,297,415
frame_161,Rack_3,9,14,pepsi_big,0.9142496585845947,247,350,278,477,262,413
frame_161,Rack_3,11,14,pepsi_big,0.8978173136711121,215,349,246,474,230,411
frame_161,Rack_3,54,14,pepsi_big,0.9080072045326233,182,349,214,474,198,411
frame_161,Rack_3,19,10,fanta_grape_big,0.9160178899765015,145,351,181,474,163,412
frame_161,Rack_3,51,10,fanta_grape_big,0.8525431752204895,118,351,144,471,131,411
frame_161,Rack_3,59,10,fanta_grape_big,0.5516433119773865,91,351,118,465,104,408
frame_161,Rack_3,23,12,fanta_straw_big,0.8908949494361877,55,351,91,460,73,405
frame_161,Rack_3,64,12,fanta_straw_big,0.6347020864486694,25,352,55,458,40,405
frame_162,Rack_1,35,1,a&w_small,0.5969318151473999,619,149,638,208,628,178
frame_162,Rack_1,32,1,a&w_small,0.788465678691864,598,150,620,209,609,179
frame_162,Rack_1,48,1,a&w_small,0.7864154577255249,571,150,595,210,583,180
frame_162,Rack_1,37,1,a&w_small,0.822409987449646,545,150,569,212,557,181
frame_162,Rack_1,27,1,a&w_small,0.8331185579299927,520,150,544,214,532,182
frame_162,Rack_1,36,1,a&w_small,0.7575675845146179,496,150,519,214,507,182
frame_162,Rack_1,49,4,coke_small,0.8336364030838013,472,151,496,215,484,183
frame_162,Rack_1,34,4,coke_small,0.8946323394775391,448,150,471,216,459,183
frame_162,Rack_1,12,4,coke_small,0.8909907341003418,427,151,448,217,437,184
frame_162,Rack_1,40,4,coke_small,0.9086611270904541,406,151,427,218,416,184
frame_162,Rack_1,38,4,coke_small,0.8662185072898865,384,150,406,217,395,183
frame_162,Rack_1,5,4,coke_small,0.9354666471481323,362,150,384,218,373,184
frame_162,Rack_1,21,17,sprite_small,0.8155207633972168,340,150,361,220,350,185
frame_162,Rack_1,14,17,sprite_small,0.8348618745803833,319,149,340,221,329,185
frame_162,Rack_1,25,17,sprite_small,0.8144790530204773,299,150,320,221,309,185
frame_162,Rack_1,15,17,sprite_small,0.8827158212661743,278,152,299,220,288,186
frame_162,Rack_1,28,9,empty,0.8290529251098633,133,153,284,234,208,193
frame_162,Rack_1,62,0,7up_med,0.614655613899231,45,168,67,248,56,208
frame_162,Rack_1,66,8,dew_med,0.8410431146621704,23,170,45,248,34,209
frame_162,Rack_1,67,8,dew_med,0.5925703644752502,7,172,19,249,13,210
frame_162,Rack_2,20,3,coke_med,0.727845311164856,599,235,636,327,617,281
frame_162,Rack_2,22,3,coke_med,0.8112404942512512,575,250,598,327,586,288
frame_162,Rack_2,24,3,coke_med,0.8075680732727051,547,253,573,327,560,290
frame_162,Rack_2,3,3,coke_med,0.8836949467658997,518,244,546,328,532,286
frame_162,Rack_2,47,6,coke_v_med,0.5484600067138672,490,244,519,328,504,286
frame_162,Rack_2,61,6,coke_v_med,0.71047043800354,489,236,519,329,504,282
frame_162,Rack_2,41,6,coke_v_med,0.5681561231613159,461,250,489,328,475,289
frame_162,Rack_2,29,6,coke_v_med,0.5080323815345764,433,251,461,328,447,289
frame_162,Rack_2,26,2,anw_med,0.8712968230247498,406,250,432,328,419,289
frame_162,Rack_2,17,2,anw_med,0.8322387337684631,380,250,406,328,393,289
frame_162,Rack_2,43,2,anw_med,0.8491491079330444,354,250,379,329,366,289
frame_162,Rack_2,42,2,anw_med,0.8484889268875122,329,251,353,329,341,290
frame_162,Rack_2,46,2,anw_med,0.8103359341621399,304,251,329,329,316,290
frame_162,Rack_2,7,2,anw_med,0.8851708769798279,278,252,303,328,290,290
frame_162,Rack_2,30,15,pepsi_med,0.8841457962989807,256,253,277,327,266,290
frame_162,Rack_2,8,15,pepsi_med,0.9284330606460571,233,252,256,328,244,290
frame_162,Rack_2,2,15,pepsi_med,0.9064318537712097,208,252,232,328,220,290
frame_162,Rack_2,16,15,pepsi_med,0.9046804904937744,187,253,207,329,197,291
frame_162,Rack_2,31,15,pepsi_med,0.8765662908554077,161,255,186,328,173,291
frame_162,Rack_2,44,15,pepsi_med,0.8718547224998474,139,256,161,328,150,292
frame_162,Rack_2,55,13,kick_med,0.6923788189888,116,257,138,329,127,293
frame_162,Rack_2,53,13,kick_med,0.7862852215766907,96,257,116,328,106,292
frame_162,Rack_2,52,13,kick_med,0.7930688261985779,71,259,95,328,83,293
frame_162,Rack_2,56,13,kick_med,0.6214926838874817,49,260,71,328,60,294
frame_162,Rack_2,65,13,kick_med,0.7514678239822388,31,261,49,328,40,294
frame_162,Rack_2,69,13,kick_med,0.7573990225791931,9,263,27,330,18,296
frame_162,Rack_3,6,9,empty,0.9193576574325562,536,351,633,484,584,417
frame_162,Rack_3,13,7,coke_z_big,0.9012662768363953,501,352,539,469,520,410
frame_162,Rack_3,1,7,coke_z_big,0.9162153005599976,461,352,501,470,481,411
frame_162,Rack_3,39,5,coke_v_big,0.835901141166687,425,352,460,479,442,415
frame_162,Rack_3,4,5,coke_v_big,0.8840737342834473,387,353,424,481,405,417
frame_162,Rack_3,33,5,coke_v_big,0.9210641384124756,351,352,386,464,368,408
frame_162,Rack_3,18,5,coke_v_big,0.9189290404319763,316,354,350,463,333,408
frame_162,Rack_3,10,5,coke_v_big,0.8892374634742737,281,355,315,476,298,415
frame_162,Rack_3,9,14,pepsi_big,0.9263226985931396,248,351,279,477,263,414
frame_162,Rack_3,11,14,pepsi_big,0.8976725339889526,215,349,247,475,231,412
frame_162,Rack_3,54,14,pepsi_big,0.8758569359779358,183,350,215,474,199,412
frame_162,Rack_3,19,10,fanta_grape_big,0.9013720154762268,146,351,182,475,164,413
frame_162,Rack_3,51,10,fanta_grape_big,0.8341041803359985,119,351,145,471,132,411
frame_162,Rack_3,59,10,fanta_grape_big,0.6514408588409424,93,352,119,464,106,408
frame_162,Rack_3,23,12,fanta_straw_big,0.869491696357727,56,352,92,460,74,406
frame_162,Rack_3,64,12,fanta_straw_big,0.5930376648902893,26,352,56,458,41,405
frame_163,Rack_1,35,1,a&w_small,0.5919966697692871,619,150,638,208,628,179
frame_163,Rack_1,32,1,a&w_small,0.7988496422767639,599,151,621,209,610,180
frame_163,Rack_1,48,1,a&w_small,0.8005973100662231,573,151,596,210,584,180
frame_163,Rack_1,37,1,a&w_small,0.8132497072219849,547,151,571,212,559,181
frame_163,Rack_1,27,1,a&w_small,0.8483312129974365,522,151,545,213,533,182
frame_163,Rack_1,36,1,a&w_small,0.7558448910713196,498,151,520,214,509,182
frame_163,Rack_1,49,4,coke_small,0.8382626175880432,473,152,496,215,484,183
frame_163,Rack_1,34,4,coke_small,0.8984808325767517,449,152,471,216,460,184
frame_163,Rack_1,12,4,coke_small,0.9178194403648376,428,152,449,217,438,184
frame_163,Rack_1,40,4,coke_small,0.9145035147666931,407,152,428,218,417,185
frame_163,Rack_1,38,4,coke_small,0.8747797012329102,385,152,407,218,396,185
frame_163,Rack_1,5,4,coke_small,0.940230131149292,363,152,385,218,374,185
frame_163,Rack_1,21,17,sprite_small,0.8190181255340576,341,151,362,220,351,185
frame_163,Rack_1,14,17,sprite_small,0.8103871941566467,321,151,341,222,331,186
frame_163,Rack_1,25,17,sprite_small,0.8242944478988647,300,151,320,221,310,186
frame_163,Rack_1,15,17,sprite_small,0.8863899111747742,279,152,299,220,289,186
frame_163,Rack_1,28,9,empty,0.8218247294425964,141,155,277,228,209,191
frame_163,Rack_1,66,8,dew_med,0.7930898666381836,25,171,45,247,35,209
frame_163,Rack_2,20,3,coke_med,0.7929642796516418,599,232,637,327,618,279
frame_163,Rack_2,22,3,coke_med,0.8318637609481812,576,250,599,327,587,288
frame_163,Rack_2,24,3,coke_med,0.7220147252082825,548,253,574,327,561,290
frame_163,Rack_2,3,3,coke_med,0.9005998969078064,519,246,547,328,533,287
frame_163,Rack_2,47,6,coke_v_med,0.5914137363433838,491,246,519,328,505,287
frame_163,Rack_2,61,6,coke_v_med,0.6742398738861084,491,237,520,329,505,283
frame_163,Rack_2,26,2,anw_med,0.8577929139137268,407,249,433,328,420,288
frame_163,Rack_2,17,2,anw_med,0.8591442704200745,381,250,407,328,394,289
frame_163,Rack_2,43,2,anw_med,0.8443630337715149,355,250,380,329,367,289
frame_163,Rack_2,42,2,anw_med,0.8058727979660034,330,251,354,329,342,290
frame_163,Rack_2,46,2,anw_med,0.7990351319313049,305,252,329,328,317,290
frame_163,Rack_2,7,2,anw_med,0.8988604545593262,279,252,304,328,291,290
frame_163,Rack_2,30,15,pepsi_med,0.8572983741760254,257,252,278,327,267,289
frame_163,Rack_2,8,15,pepsi_med,0.8977154493331909,234,252,256,327,245,289
frame_163,Rack_2,2,15,pepsi_med,0.9129626154899597,209,252,233,329,221,290
frame_163,Rack_2,16,15,pepsi_med,0.8733088374137878,188,253,208,328,198,290
frame_163,Rack_2,31,15,pepsi_med,0.8753535151481628,162,255,187,328,174,291
frame_163,Rack_2,44,15,pepsi_med,0.8426493406295776,141,256,162,328,151,292
frame_163,Rack_2,55,13,kick_med,0.721693217754364,117,258,140,329,128,293
frame_163,Rack_2,53,13,kick_med,0.8145086765289307,97,258,117,328,107,293
frame_163,Rack_2,52,13,kick_med,0.8413181900978088,72,259,96,328,84,293
frame_163,Rack_2,56,13,kick_med,0.6815586686134338,50,260,72,328,61,294
frame_163,Rack_2,65,13,kick_med,0.7876541614532471,32,262,50,327,41,294
frame_163,Rack_2,69,13,kick_med,0.7935853004455566,11,263,28,329,19,296
frame_163,Rack_3,6,9,empty,0.9168391823768616,538,353,632,483,585,418
frame_163,Rack_3,13,7,coke_z_big,0.906633734703064,503,353,540,469,521,411
frame_163,Rack_3,1,7,coke_z_big,0.9129598140716553,462,353,502,470,482,411
frame_163,Rack_3,39,5,coke_v_big,0.8408138155937195,426,353,461,479,443,416
frame_163,Rack_3,4,5,coke_v_big,0.8938642740249634,388,354,425,481,406,417
frame_163,Rack_3,33,5,coke_v_big,0.908523678779602,352,353,387,464,369,408
frame_163,Rack_3,18,5,coke_v_big,0.9251267313957214,317,355,351,463,334,409
frame_163,Rack_3,10,5,coke_v_big,0.8981205821037292,282,356,316,476,299,416
frame_163,Rack_3,9,14,pepsi_big,0.9231835603713989,249,352,280,477,264,414
frame_163,Rack_3,11,14,pepsi_big,0.9018713235855103,217,351,248,475,232,413
frame_163,Rack_3,54,14,pepsi_big,0.8736474514007568,184,352,215,475,199,413
frame_163,Rack_3,19,10,fanta_grape_big,0.9331908822059631,147,352,183,475,165,413
frame_163,Rack_3,51,10,fanta_grape_big,0.8504762649536133,121,352,146,471,133,411
frame_163,Rack_3,59,10,fanta_grape_big,0.5565181970596313,94,353,120,464,107,408
frame_163,Rack_3,23,12,fanta_straw_big,0.8834823369979858,57,353,93,460,75,406
frame_163,Rack_3,64,12,fanta_straw_big,0.5868091583251953,27,353,57,459,42,406
frame_164,Rack_1,35,1,a&w_small,0.5726261734962463,620,150,638,209,629,179
frame_164,Rack_1,32,1,a&w_small,0.7631482481956482,600,151,622,209,611,180
frame_164,Rack_1,48,1,a&w_small,0.77760249376297,574,151,597,210,585,180
frame_164,Rack_1,37,1,a&w_small,0.8254592418670654,548,152,572,212,560,182
frame_164,Rack_1,27,1,a&w_small,0.8268839120864868,523,152,546,213,534,182
frame_164,Rack_1,36,1,a&w_small,0.7881505489349365,499,152,521,214,510,183
frame_164,Rack_1,49,4,coke_small,0.8157857060432434,474,153,497,215,485,184
frame_164,Rack_1,34,4,coke_small,0.8949429392814636,451,152,473,216,462,184
frame_164,Rack_1,12,4,coke_small,0.9130916595458984,430,153,450,217,440,185
frame_164,Rack_1,40,4,coke_small,0.8761337995529175,408,152,429,218,418,185
frame_164,Rack_1,38,4,coke_small,0.898124635219574,386,152,408,218,397,185
frame_164,Rack_1,5,4,coke_small,0.9464699625968933,364,152,386,218,375,185
frame_164,Rack_1,21,17,sprite_small,0.8506065607070923,342,152,363,220,352,186
frame_164,Rack_1,14,17,sprite_small,0.8314105272293091,321,151,342,222,331,186
frame_164,Rack_1,25,17,sprite_small,0.821026623249054,301,152,321,221,311,186
frame_164,Rack_1,15,17,sprite_small,0.8856762051582336,279,153,300,220,289,186
frame_164,Rack_1,28,9,empty,0.8089074492454529,142,156,279,229,210,192
frame_164,Rack_1,62,0,7up_med,0.5095015168190002,47,169,68,247,57,208
frame_164,Rack_1,66,8,dew_med,0.8687034845352173,26,171,46,248,36,209
frame_164,Rack_1,67,8,dew_med,0.7748305797576904,7,172,21,248,14,210
frame_164,Rack_2,20,3,coke_med,0.6821884512901306,601,235,638,327,619,281
frame_164,Rack_2,22,3,coke_med,0.8229857087135315,578,251,601,327,589,289
frame_164,Rack_2,24,3,coke_med,0.8101483583450317,549,251,576,328,562,289
frame_164,Rack_2,3,3,coke_med,0.8779085278511047,520,246,548,329,534,287
frame_164,Rack_2,61,6,coke_v_med,0.8382886052131653,491,234,522,330,506,282
frame_164,Rack_2,41,6,coke_v_med,0.7014249563217163,464,250,492,328,478,289
frame_164,Rack_2,29,6,coke_v_med,0.6081884503364563,435,251,463,328,449,289
frame_164,Rack_2,26,2,anw_med,0.879115104675293,408,250,434,329,421,289
frame_164,Rack_2,17,2,anw_med,0.8172032237052917,382,250,408,329,395,289
frame_164,Rack_2,43,2,anw_med,0.8315446972846985,356,250,381,329,368,289
frame_164,Rack_2,42,2,anw_med,0.7949647307395935,331,251,355,330,343,290
frame_164,Rack_2,46,2,anw_med,0.794300377368927,306,252,330,329,318,290
frame_164,Rack_2,7,2,anw_med,0.875942051410675,280,252,305,328,292,290
frame_164,Rack_2,30,15,pepsi_med,0.8313319087028503,258,252,278,327,268,289
frame_164,Rack_2,8,15,pepsi_med,0.8993736505508423,235,252,257,327,246,289
frame_164,Rack_2,2,15,pepsi_med,0.9017828106880188,210,253,233,329,221,291
frame_164,Rack_2,16,15,pepsi_med,0.8827271461486816,189,254,209,329,199,291
frame_164,Rack_2,31,15,pepsi_med,0.8802980184555054,163,255,188,329,175,292
frame_164,Rack_2,44,15,pepsi_med,0.8358277678489685,142,256,163,328,152,292
frame_164,Rack_2,55,13,kick_med,0.6491032242774963,118,258,140,329,129,293
frame_164,Rack_2,53,13,kick_med,0.8090518712997437,97,258,118,328,107,293
frame_164,Rack_2,52,13,kick_med,0.8487223386764526,73,259,96,328,84,293
frame_164,Rack_2,56,13,kick_med,0.709655225276947,51,260,72,328,61,294
frame_164,Rack_2,65,13,kick_med,0.8153361678123474,33,262,51,328,42,295
frame_164,Rack_2,69,13,kick_med,0.8200756311416626,11,263,29,329,20,296
frame_164,Rack_3,6,9,empty,0.927028238773346,539,354,633,484,586,419
frame_164,Rack_3,13,7,coke_z_big,0.9003075957298279,504,353,541,469,522,411
frame_164,Rack_3,1,7,coke_z_big,0.9182419180870056,464,354,503,470,483,412
frame_164,Rack_3,39,5,coke_v_big,0.8317153453826904,427,354,462,480,444,417
frame_164,Rack_3,4,5,coke_v_big,0.880702793598175,389,354,426,482,407,418
frame_164,Rack_3,33,5,coke_v_big,0.8920460343360901,353,354,388,465,370,409
frame_164,Rack_3,18,5,coke_v_big,0.9198183417320251,318,355,352,463,335,409
frame_164,Rack_3,10,5,coke_v_big,0.9012481570243835,283,356,317,476,300,416
frame_164,Rack_3,9,14,pepsi_big,0.9214280247688293,250,353,281,478,265,415
frame_164,Rack_3,11,14,pepsi_big,0.9223988652229309,218,353,248,476,233,414
frame_164,Rack_3,54,14,pepsi_big,0.8439216017723083,185,353,216,475,200,414
frame_164,Rack_3,19,10,fanta_grape_big,0.9219258427619934,148,353,183,475,165,414
frame_164,Rack_3,51,10,fanta_grape_big,0.8380377888679504,121,353,147,471,134,412
frame_164,Rack_3,23,12,fanta_straw_big,0.8707649111747742,57,353,94,460,75,406
frame_165,Rack_1,32,1,a&w_small,0.7520197033882141,601,150,623,209,612,179
frame_165,Rack_1,48,1,a&w_small,0.7895686626434326,575,151,599,211,587,181
frame_165,Rack_1,37,1,a&w_small,0.80783611536026,550,152,573,212,561,182
frame_165,Rack_1,27,1,a&w_small,0.8337024450302124,524,152,548,213,536,182
frame_165,Rack_1,36,1,a&w_small,0.7894756197929382,500,152,522,214,511,183
frame_165,Rack_1,49,4,coke_small,0.7815862894058228,476,153,498,215,487,184
frame_165,Rack_1,34,4,coke_small,0.8534109592437744,452,152,474,216,463,184
frame_165,Rack_1,12,4,coke_small,0.8946588039398193,431,153,451,218,441,185
frame_165,Rack_1,40,4,coke_small,0.9116606116294861,409,152,430,218,419,185
frame_165,Rack_1,38,4,coke_small,0.892732560634613,387,152,409,218,398,185
frame_165,Rack_1,5,4,coke_small,0.9230276346206665,365,152,387,218,376,185
frame_165,Rack_1,21,17,sprite_small,0.7902337908744812,343,152,363,220,353,186
frame_165,Rack_1,14,17,sprite_small,0.8153360486030579,322,151,343,221,332,186
frame_165,Rack_1,25,17,sprite_small,0.7984013557434082,302,152,322,221,312,186
frame_165,Rack_1,15,17,sprite_small,0.8804189562797546,280,153,301,220,290,186
frame_165,Rack_1,28,9,empty,0.794784665107727,143,156,280,230,211,193
frame_165,Rack_1,66,8,dew_med,0.8146724700927734,27,172,47,248,37,210
frame_165,Rack_1,67,8,dew_med,0.7065429091453552,7,173,23,249,15,211
frame_165,Rack_2,20,3,coke_med,0.6314142942428589,603,242,637,328,620,285
frame_165,Rack_2,22,3,coke_med,0.8475927710533142,579,250,602,328,590,289
frame_165,Rack_2,24,3,coke_med,0.82350754737854,550,250,578,329,564,289
frame_165,Rack_2,3,3,coke_med,0.8537108302116394,521,244,550,330,535,287
frame_165,Rack_2,47,6,coke_v_med,0.6756489872932434,494,247,522,328,508,287
frame_165,Rack_2,61,6,coke_v_med,0.5844565033912659,492,232,523,330,507,281
frame_165,Rack_2,41,6,coke_v_med,0.6498095393180847,465,250,493,329,479,289
frame_165,Rack_2,29,6,coke_v_med,0.6946990489959717,436,251,464,329,450,290
frame_165,Rack_2,26,2,anw_med,0.8949379920959473,409,250,435,329,422,289
frame_165,Rack_2,17,2,anw_med,0.8340133428573608,383,250,409,329,396,289
frame_165,Rack_2,43,2,anw_med,0.8471725583076477,357,250,382,330,369,290
frame_165,Rack_2,42,2,anw_med,0.8079862594604492,331,248,356,330,343,289
frame_165,Rack_2,46,2,anw_med,0.8185108304023743,307,252,331,329,319,290
frame_165,Rack_2,7,2,anw_med,0.8801299333572388,281,252,306,329,293,290
frame_165,Rack_2,30,15,pepsi_med,0.8364863395690918,259,253,279,328,269,290
frame_165,Rack_2,8,15,pepsi_med,0.8995345830917358,235,252,258,327,246,289
frame_165,Rack_2,2,15,pepsi_med,0.8964998126029968,210,252,234,328,222,290
frame_165,Rack_2,16,15,pepsi_med,0.8769910335540771,190,255,210,329,200,292
frame_165,Rack_2,31,15,pepsi_med,0.8711758255958557,164,256,189,330,176,293
frame_165,Rack_2,44,15,pepsi_med,0.8200745582580566,142,257,163,328,152,292
frame_165,Rack_2,55,13,kick_med,0.6632660627365112,119,258,141,329,130,293
frame_165,Rack_2,53,13,kick_med,0.8723353743553162,98,259,118,329,108,294
frame_165,Rack_2,52,13,kick_med,0.845397412776947,74,259,97,328,85,293
frame_165,Rack_2,56,13,kick_med,0.7139127850532532,52,261,73,328,62,294
frame_165,Rack_2,65,13,kick_med,0.7632941007614136,34,261,52,328,43,294
frame_165,Rack_2,69,13,kick_med,0.7489749789237976,11,263,30,329,20,296
frame_165,Rack_3,6,9,empty,0.9136112928390503,540,355,632,484,586,419
frame_165,Rack_3,13,7,coke_z_big,0.8886160254478455,505,354,542,470,523,412
frame_165,Rack_3,1,7,coke_z_big,0.9185930490493774,465,355,504,471,484,413
frame_165,Rack_3,39,5,coke_v_big,0.8417307734489441,428,354,463,480,445,417
frame_165,Rack_3,4,5,coke_v_big,0.8878007531166077,390,354,427,481,408,417
frame_165,Rack_3,33,5,coke_v_big,0.8948925137519836,354,355,389,465,371,410
frame_165,Rack_3,18,5,coke_v_big,0.9098775386810303,319,355,353,464,336,409
frame_165,Rack_3,10,5,coke_v_big,0.8952540159225464,284,356,318,477,301,416
frame_165,Rack_3,9,14,pepsi_big,0.9136644005775452,250,354,281,478,265,416
frame_165,Rack_3,11,14,pepsi_big,0.9164454936981201,219,354,249,476,234,415
frame_165,Rack_3,54,14,pepsi_big,0.9108511805534363,186,353,217,475,201,414
frame_165,Rack_3,19,10,fanta_grape_big,0.9197158813476562,148,353,184,475,166,414
frame_165,Rack_3,51,10,fanta_grape_big,0.8516671657562256,122,353,147,471,134,412
frame_165,Rack_3,23,12,fanta_straw_big,0.8921884894371033,58,353,95,460,76,406
frame_165,Rack_3,64,12,fanta_straw_big,0.6245737671852112,29,353,59,460,44,406
frame_166,Rack_1,32,1,a&w_small,0.7869359254837036,602,151,624,208,613,179
frame_166,Rack_1,48,1,a&w_small,0.7681543231010437,576,151,600,210,588,180
frame_166,Rack_1,37,1,a&w_small,0.7911526560783386,551,152,574,212,562,182
frame_166,Rack_1,27,1,a&w_small,0.8349218964576721,525,152,549,213,537,182
frame_166,Rack_1,36,1,a&w_small,0.8231838941574097,501,152,523,214,512,183
frame_166,Rack_1,49,4,coke_small,0.7801218628883362,477,153,500,215,488,184
frame_166,Rack_1,34,4,coke_small,0.900134801864624,453,152,475,216,464,184
frame_166,Rack_1,12,4,coke_small,0.894433856010437,431,153,452,218,441,185
frame_166,Rack_1,40,4,coke_small,0.9118720293045044,410,152,431,218,420,185
frame_166,Rack_1,38,4,coke_small,0.9071431159973145,388,152,410,218,399,185
frame_166,Rack_1,5,4,coke_small,0.9210115075111389,366,153,387,219,376,186
frame_166,Rack_1,21,17,sprite_small,0.7929528951644897,344,152,364,220,354,186
frame_166,Rack_1,14,17,sprite_small,0.8484330177307129,323,151,343,221,333,186
frame_166,Rack_1,25,17,sprite_small,0.8234209418296814,303,153,322,220,312,186
frame_166,Rack_1,15,17,sprite_small,0.8847827911376953,281,152,302,220,291,186
frame_166,Rack_1,28,9,empty,0.7835569381713867,145,156,281,230,213,193
frame_166,Rack_1,66,8,dew_med,0.780785083770752,27,172,48,248,37,210
frame_166,Rack_1,67,8,dew_med,0.6690872311592102,8,174,24,249,16,211
frame_166,Rack_2,20,3,coke_med,0.8194194436073303,602,233,638,328,620,280
frame_166,Rack_2,22,3,coke_med,0.7231090068817139,578,238,605,328,591,283
frame_166,Rack_2,24,3,coke_med,0.8433012962341309,549,239,580,328,564,283
frame_166,Rack_2,3,3,coke_med,0.8624460101127625,521,236,552,329,536,282
frame_166,Rack_2,47,6,coke_v_med,0.7325948476791382,494,241,524,328,509,284
frame_166,Rack_2,61,6,coke_v_med,0.675238847732544,493,230,524,330,508,280
frame_166,Rack_2,41,6,coke_v_med,0.6679121851921082,463,238,496,330,479,284
frame_166,Rack_2,29,6,coke_v_med,0.7174745202064514,437,251,465,329,451,290
frame_166,Rack_2,26,2,anw_med,0.8941332697868347,410,251,436,329,423,290
frame_166,Rack_2,17,2,anw_med,0.8323306441307068,384,251,409,329,396,290
frame_166,Rack_2,43,2,anw_med,0.8462263345718384,358,250,383,330,370,290
frame_166,Rack_2,42,2,anw_med,0.8320299386978149,332,250,357,330,344,290
frame_166,Rack_2,46,2,anw_med,0.8150676488876343,307,252,332,329,319,290
frame_166,Rack_2,7,2,anw_med,0.8752654790878296,281,253,307,329,294,291
frame_166,Rack_2,30,15,pepsi_med,0.8327007293701172,260,253,280,328,270,290
frame_166,Rack_2,8,15,pepsi_med,0.9010111093521118,236,252,259,327,247,289
frame_166,Rack_2,2,15,pepsi_med,0.8721648454666138,211,253,235,328,223,290
frame_166,Rack_2,16,15,pepsi_med,0.8816694617271423,191,254,211,328,201,291
frame_166,Rack_2,31,15,pepsi_med,0.8734365105628967,165,256,189,329,177,292
frame_166,Rack_2,44,15,pepsi_med,0.8188670873641968,143,257,164,328,153,292
frame_166,Rack_2,55,13,kick_med,0.6593924760818481,120,258,142,329,131,293
frame_166,Rack_2,53,13,kick_med,0.8561439514160156,99,260,119,329,109,294
frame_166,Rack_2,52,13,kick_med,0.8287293910980225,75,260,98,328,86,294
frame_166,Rack_2,56,13,kick_med,0.7964259386062622,53,261,74,329,63,295
frame_166,Rack_2,65,13,kick_med,0.7528741359710693,35,262,52,329,43,295
frame_166,Rack_2,69,13,kick_med,0.7042040228843689,11,263,31,331,21,297
frame_166,Rack_3,6,9,empty,0.921710193157196,542,355,633,485,587,420
frame_166,Rack_3,13,7,coke_z_big,0.894358217716217,506,354,543,470,524,412
frame_166,Rack_3,1,7,coke_z_big,0.9204807281494141,466,355,505,471,485,413
frame_166,Rack_3,39,5,coke_v_big,0.8232507109642029,429,354,464,480,446,417
frame_166,Rack_3,4,5,coke_v_big,0.9069721698760986,391,354,428,481,409,417
frame_166,Rack_3,33,5,coke_v_big,0.9181766510009766,355,355,390,466,372,410
frame_166,Rack_3,18,5,coke_v_big,0.9063345193862915,320,355,354,464,337,409
frame_166,Rack_3,10,5,coke_v_big,0.8906564116477966,285,356,319,477,302,416
frame_166,Rack_3,9,14,pepsi_big,0.9110048413276672,251,354,282,478,266,416
frame_166,Rack_3,11,14,pepsi_big,0.9088636636734009,219,354,250,476,234,415
frame_166,Rack_3,54,14,pepsi_big,0.9029626846313477,186,353,217,476,201,414
frame_166,Rack_3,19,10,fanta_grape_big,0.9126702547073364,149,353,185,475,167,414
frame_166,Rack_3,51,10,fanta_grape_big,0.845759391784668,123,353,148,472,135,412
frame_166,Rack_3,23,12,fanta_straw_big,0.8980765342712402,59,353,96,460,77,406
frame_166,Rack_3,64,12,fanta_straw_big,0.7774277329444885,30,353,60,459,45,406
frame_167,Rack_1,32,1,a&w_small,0.6951125264167786,603,151,625,209,614,180
frame_167,Rack_1,48,1,a&w_small,0.7806956768035889,577,151,601,210,589,180
frame_167,Rack_1,37,1,a&w_small,0.7892744541168213,552,152,575,212,563,182
frame_167,Rack_1,27,1,a&w_small,0.8223327994346619,526,152,550,213,538,182
frame_167,Rack_1,36,1,a&w_small,0.8417057394981384,502,152,524,214,513,183
frame_167,Rack_1,49,4,coke_small,0.8006795048713684,478,152,501,215,489,183
frame_167,Rack_1,34,4,coke_small,0.9083927273750305,454,152,476,216,465,184
frame_167,Rack_1,12,4,coke_small,0.8564168214797974,432,153,452,217,442,185
frame_167,Rack_1,40,4,coke_small,0.890242874622345,411,153,432,217,421,185
frame_167,Rack_1,38,4,coke_small,0.8965536952018738,389,152,410,218,399,185
frame_167,Rack_1,5,4,coke_small,0.921712338924408,367,153,388,218,377,185
frame_167,Rack_1,21,17,sprite_small,0.8094125390052795,345,153,365,219,355,186
frame_167,Rack_1,14,17,sprite_small,0.8502681851387024,324,152,344,221,334,186
frame_167,Rack_1,25,17,sprite_small,0.8708918690681458,304,153,323,220,313,186
frame_167,Rack_1,15,17,sprite_small,0.875861644744873,282,152,303,219,292,185
frame_167,Rack_1,28,9,empty,0.7834745049476624,153,156,274,220,213,188
frame_167,Rack_1,66,8,dew_med,0.6860154271125793,28,172,49,248,38,210
frame_167,Rack_1,67,8,dew_med,0.7183368802070618,8,174,25,249,16,211
frame_167,Rack_2,20,3,coke_med,0.7968711853027344,602,230,638,328,620,279
frame_167,Rack_2,22,3,coke_med,0.7304089665412903,579,233,607,328,593,280
frame_167,Rack_2,24,3,coke_med,0.83650803565979,550,239,581,328,565,283
frame_167,Rack_2,3,3,coke_med,0.8669478893280029,522,235,553,328,537,281
frame_167,Rack_2,47,6,coke_v_med,0.7417004704475403,495,239,525,328,510,283
frame_167,Rack_2,61,6,coke_v_med,0.7665675282478333,494,230,525,331,509,280
frame_167,Rack_2,41,6,coke_v_med,0.5720586776733398,464,236,497,330,480,283
frame_167,Rack_2,29,6,coke_v_med,0.729969322681427,438,252,466,329,452,290
frame_167,Rack_2,26,2,anw_med,0.8852260112762451,411,252,437,329,424,290
frame_167,Rack_2,17,2,anw_med,0.8375714421272278,384,252,410,329,397,290
frame_167,Rack_2,43,2,anw_med,0.8453853130340576,358,251,384,330,371,290
frame_167,Rack_2,42,2,anw_med,0.8466989398002625,333,251,357,330,345,290
frame_167,Rack_2,46,2,anw_med,0.8101075887680054,308,252,332,329,320,290
frame_167,Rack_2,7,2,anw_med,0.8722104430198669,282,253,307,329,294,291
frame_167,Rack_2,30,15,pepsi_med,0.829081118106842,260,253,281,328,270,290
frame_167,Rack_2,8,15,pepsi_med,0.9065594673156738,237,252,260,327,248,289
frame_167,Rack_2,2,15,pepsi_med,0.8720801472663879,212,253,235,329,223,291
frame_167,Rack_2,16,15,pepsi_med,0.8961979150772095,191,254,211,328,201,291
frame_167,Rack_2,31,15,pepsi_med,0.892295777797699,165,256,190,328,177,292
frame_167,Rack_2,44,15,pepsi_med,0.8025466203689575,144,257,165,328,154,292
frame_167,Rack_2,55,13,kick_med,0.7559611797332764,120,258,143,329,131,293
frame_167,Rack_2,53,13,kick_med,0.8306836485862732,99,260,120,330,109,295
frame_167,Rack_2,52,13,kick_med,0.8352932333946228,76,260,99,328,87,294
frame_167,Rack_2,56,13,kick_med,0.8565385341644287,54,262,75,329,64,295
frame_167,Rack_2,65,13,kick_med,0.7499790191650391,35,262,53,330,44,296
frame_167,Rack_2,69,13,kick_med,0.7094749808311462,14,264,34,332,24,298
frame_167,Rack_3,6,9,empty,0.9157369136810303,543,355,632,484,587,419
frame_167,Rack_3,13,7,coke_z_big,0.8906719088554382,507,354,544,470,525,412
frame_167,Rack_3,1,7,coke_z_big,0.9111993908882141,467,355,506,471,486,413
frame_167,Rack_3,39,5,coke_v_big,0.832965075969696,430,354,465,480,447,417
frame_167,Rack_3,4,5,coke_v_big,0.9024866223335266,391,354,429,481,410,417
frame_167,Rack_3,33,5,coke_v_big,0.9202044010162354,356,355,390,465,373,410
frame_167,Rack_3,18,5,coke_v_big,0.8989408612251282,320,355,355,463,337,409
frame_167,Rack_3,10,5,coke_v_big,0.8849265575408936,286,356,320,477,303,416
frame_167,Rack_3,9,14,pepsi_big,0.9110479354858398,252,354,283,478,267,416
frame_167,Rack_3,11,14,pepsi_big,0.9090953469276428,220,354,250,476,235,415
frame_167,Rack_3,54,14,pepsi_big,0.8890865445137024,187,353,218,476,202,414
frame_167,Rack_3,19,10,fanta_grape_big,0.9244173765182495,150,353,186,475,168,414
frame_167,Rack_3,51,10,fanta_grape_big,0.8700999021530151,123,353,149,472,136,412
frame_167,Rack_3,59,10,fanta_grape_big,0.6261491775512695,96,353,123,467,109,410
frame_167,Rack_3,23,12,fanta_straw_big,0.912533164024353,60,353,97,460,78,406
frame_167,Rack_3,64,12,fanta_straw_big,0.6710439920425415,31,353,61,460,46,406
frame_167,Rack_3,71,11,fanta_lychee_big,0.7095575332641602,6,353,31,468,18,410
frame_168,Rack_1,32,1,a&w_small,0.789812445640564,605,150,628,209,616,179
frame_168,Rack_1,48,1,a&w_small,0.7819735407829285,578,151,602,211,590,181
frame_168,Rack_1,37,1,a&w_small,0.7954108715057373,553,151,577,212,565,181
frame_168,Rack_1,27,1,a&w_small,0.8282402753829956,528,152,551,213,539,182
frame_168,Rack_1,36,1,a&w_small,0.8298543691635132,503,153,525,214,514,183
frame_168,Rack_1,49,4,coke_small,0.8359992504119873,479,153,501,215,490,184
frame_168,Rack_1,34,4,coke_small,0.9001907706260681,455,152,477,216,466,184
frame_168,Rack_1,12,4,coke_small,0.8464567065238953,433,153,453,216,443,184
frame_168,Rack_1,40,4,coke_small,0.9119570851325989,412,153,433,216,422,184
frame_168,Rack_1,38,4,coke_small,0.8560954332351685,390,152,411,217,400,184
frame_168,Rack_1,5,4,coke_small,0.9075366258621216,367,153,389,217,378,185
frame_168,Rack_1,21,17,sprite_small,0.7539271116256714,346,153,366,219,356,186
frame_168,Rack_1,14,17,sprite_small,0.7441594004631042,325,152,345,221,335,186
frame_168,Rack_1,25,17,sprite_small,0.7937393188476562,304,153,324,220,314,186
frame_168,Rack_1,15,17,sprite_small,0.830382764339447,283,152,304,219,293,185
frame_168,Rack_1,28,9,empty,0.7766481041908264,152,156,276,221,214,188
frame_168,Rack_1,66,8,dew_med,0.6116937398910522,29,171,50,250,39,210
frame_168,Rack_2,20,3,coke_med,0.7700151205062866,603,236,637,328,620,282
frame_168,Rack_2,22,3,coke_med,0.7484464049339294,581,241,607,328,594,284
frame_168,Rack_2,24,3,coke_med,0.8493202924728394,552,241,581,328,566,284
frame_168,Rack_2,3,3,coke_med,0.8574804663658142,524,239,553,329,538,284
frame_168,Rack_2,47,6,coke_v_med,0.6852437257766724,496,241,525,328,510,284
frame_168,Rack_2,61,6,coke_v_med,0.7950753569602966,495,229,526,331,510,280
frame_168,Rack_2,41,6,coke_v_med,0.5217312574386597,467,244,496,329,481,286
frame_168,Rack_2,29,6,coke_v_med,0.6932493448257446,439,252,467,329,453,290
frame_168,Rack_2,26,2,anw_med,0.8448065519332886,412,251,438,329,425,290
frame_168,Rack_2,17,2,anw_med,0.7902088761329651,385,252,411,329,398,290
frame_168,Rack_2,43,2,anw_med,0.8328711986541748,359,251,384,330,371,290
frame_168,Rack_2,42,2,anw_med,0.8357319235801697,334,252,358,330,346,291
frame_168,Rack_2,46,2,anw_med,0.8179185390472412,309,253,333,329,321,291
frame_168,Rack_2,7,2,anw_med,0.865093469619751,283,253,308,329,295,291
frame_168,Rack_2,30,15,pepsi_med,0.8861826062202454,261,254,282,328,271,291
frame_168,Rack_2,8,15,pepsi_med,0.903574526309967,238,253,260,327,249,290
frame_168,Rack_2,2,15,pepsi_med,0.8722913861274719,212,253,236,330,224,291
frame_168,Rack_2,16,15,pepsi_med,0.8836751580238342,192,254,212,328,202,291
frame_168,Rack_2,31,15,pepsi_med,0.9089758396148682,166,256,191,328,178,292
frame_168,Rack_2,44,15,pepsi_med,0.8210189342498779,144,256,165,329,154,292
frame_168,Rack_2,55,13,kick_med,0.7755026817321777,121,258,143,329,132,293
frame_168,Rack_2,53,13,kick_med,0.8487111926078796,100,259,121,329,110,294
frame_168,Rack_2,52,13,kick_med,0.8363728523254395,76,260,100,328,88,294
frame_168,Rack_2,56,13,kick_med,0.8597365617752075,54,261,75,329,64,295
frame_168,Rack_2,65,13,kick_med,0.7914127111434937,36,262,54,330,45,296
frame_168,Rack_2,69,13,kick_med,0.77935791015625,14,264,34,331,24,297
frame_168,Rack_3,6,9,empty,0.907156229019165,544,355,632,484,588,419
frame_168,Rack_3,13,7,coke_z_big,0.8987659811973572,507,355,545,471,526,413
frame_168,Rack_3,1,7,coke_z_big,0.8905249834060669,467,355,507,471,487,413
frame_168,Rack_3,39,5,coke_v_big,0.8382053375244141,431,354,466,480,448,417
frame_168,Rack_3,4,5,coke_v_big,0.9060227274894714,392,354,430,481,411,417
frame_168,Rack_3,33,5,coke_v_big,0.939020574092865,357,355,391,465,374,410
frame_168,Rack_3,18,5,coke_v_big,0.893677294254303,321,355,356,464,338,409
frame_168,Rack_3,10,5,coke_v_big,0.8898298144340515,286,356,321,478,303,417
frame_168,Rack_3,9,14,pepsi_big,0.913602352142334,253,354,284,479,268,416
frame_168,Rack_3,11,14,pepsi_big,0.9096605777740479,221,354,251,477,236,415
frame_168,Rack_3,54,14,pepsi_big,0.8921917676925659,188,353,219,476,203,414
frame_168,Rack_3,19,10,fanta_grape_big,0.9332189559936523,151,353,187,476,169,414
frame_168,Rack_3,51,10,fanta_grape_big,0.874902606010437,124,353,150,472,137,412
frame_168,Rack_3,59,10,fanta_grape_big,0.6668695211410522,97,353,124,468,110,410
frame_168,Rack_3,23,12,fanta_straw_big,0.9119705557823181,61,353,97,461,79,407
frame_168,Rack_3,64,12,fanta_straw_big,0.6968767642974854,32,353,62,460,47,406
frame_169,Rack_1,35,1,a&w_small,0.7828280925750732,625,145,640,208,632,176
frame_169,Rack_1,48,1,a&w_small,0.7814894914627075,579,152,603,210,591,181
frame_169,Rack_1,37,1,a&w_small,0.7929564714431763,554,152,578,211,566,181
frame_169,Rack_1,27,1,a&w_small,0.8183959722518921,529,154,552,212,540,183
frame_169,Rack_1,36,1,a&w_small,0.7974824905395508,504,154,526,214,515,184
frame_169,Rack_1,49,4,coke_small,0.847235918045044,480,154,502,215,491,184
frame_169,Rack_1,34,4,coke_small,0.8835236430168152,455,153,478,215,466,184
frame_169,Rack_1,12,4,coke_small,0.8415464162826538,434,153,454,215,444,184
frame_169,Rack_1,40,4,coke_small,0.8980233073234558,413,153,433,215,423,184
frame_169,Rack_1,38,4,coke_small,0.8621834516525269,391,153,412,215,401,184
frame_169,Rack_1,5,4,coke_small,0.9025079011917114,368,153,389,216,378,184
frame_169,Rack_1,21,17,sprite_small,0.8461487889289856,347,153,367,216,357,184
frame_169,Rack_1,14,17,sprite_small,0.8187018036842346,326,152,345,217,335,184
frame_169,Rack_1,25,17,sprite_small,0.8248501420021057,305,153,324,218,314,185
frame_169,Rack_1,15,17,sprite_small,0.8294175267219543,284,153,304,217,294,185
frame_169,Rack_1,28,9,empty,0.7596974968910217,158,156,272,215,215,185
frame_169,Rack_1,57,0,7up_med,0.5330898761749268,95,167,121,247,108,207
frame_169,Rack_1,66,8,dew_med,0.7594120502471924,29,171,51,250,40,210
frame_169,Rack_2,20,3,coke_med,0.7280524969100952,604,237,637,328,620,282
frame_169,Rack_2,22,3,coke_med,0.7498169541358948,582,241,607,328,594,284
frame_169,Rack_2,24,3,coke_med,0.765983521938324,553,242,582,328,567,285
frame_169,Rack_2,3,3,coke_med,0.8774620294570923,526,244,553,328,539,286
frame_169,Rack_2,47,6,coke_v_med,0.7072281837463379,497,241,526,328,511,284
frame_169,Rack_2,61,6,coke_v_med,0.679207980632782,496,230,527,330,511,280
frame_169,Rack_2,41,6,coke_v_med,0.6980957388877869,468,249,496,329,482,289
frame_169,Rack_2,29,6,coke_v_med,0.7661176919937134,440,253,468,329,454,291
frame_169,Rack_2,26,2,anw_med,0.8602237701416016,413,252,439,330,426,291
frame_169,Rack_2,17,2,anw_med,0.8295949101448059,386,252,412,329,399,290
frame_169,Rack_2,43,2,anw_med,0.8589223027229309,360,251,385,330,372,290
frame_169,Rack_2,42,2,anw_med,0.8332171440124512,335,252,359,330,347,291
frame_169,Rack_2,46,2,anw_med,0.866424560546875,310,252,335,329,322,290
frame_169,Rack_2,7,2,anw_med,0.869162380695343,284,253,309,329,296,291
frame_169,Rack_2,30,15,pepsi_med,0.922420859336853,262,253,283,328,272,290
frame_169,Rack_2,8,15,pepsi_med,0.9100719094276428,239,253,261,327,250,290
frame_169,Rack_2,2,15,pepsi_med,0.903281569480896,213,253,237,330,225,291
frame_169,Rack_2,16,15,pepsi_med,0.8936671614646912,193,255,213,328,203,291
frame_169,Rack_2,31,15,pepsi_med,0.9284207224845886,167,256,192,328,179,292
frame_169,Rack_2,44,15,pepsi_med,0.881473958492279,145,257,166,329,155,293
frame_169,Rack_2,55,13,kick_med,0.6883147954940796,122,258,144,328,133,293
frame_169,Rack_2,53,13,kick_med,0.824208676815033,101,260,121,329,111,294
frame_169,Rack_2,52,13,kick_med,0.8449224233627319,77,260,100,328,88,294
frame_169,Rack_2,56,13,kick_med,0.8596305251121521,55,262,76,329,65,295
frame_169,Rack_2,65,13,kick_med,0.7660000920295715,37,263,54,330,45,296
frame_169,Rack_2,69,13,kick_med,0.8289434313774109,15,264,35,331,25,297
frame_169,Rack_3,6,9,empty,0.925193190574646,545,356,632,483,588,419
frame_169,Rack_3,13,7,coke_z_big,0.9173181056976318,508,355,546,471,527,413
frame_169,Rack_3,1,7,coke_z_big,0.8954355120658875,468,356,507,471,487,413
frame_169,Rack_3,39,5,coke_v_big,0.8309319019317627,432,354,467,481,449,417
frame_169,Rack_3,4,5,coke_v_big,0.8978812098503113,393,354,430,482,411,418
frame_169,Rack_3,33,5,coke_v_big,0.947900116443634,358,355,392,465,375,410
frame_169,Rack_3,18,5,coke_v_big,0.8760130405426025,322,355,357,464,339,409
frame_169,Rack_3,10,5,coke_v_big,0.8840968608856201,287,356,321,478,304,417
frame_169,Rack_3,9,14,pepsi_big,0.9095575213432312,254,354,285,479,269,416
frame_169,Rack_3,11,14,pepsi_big,0.9173817038536072,221,354,252,477,236,415
frame_169,Rack_3,54,14,pepsi_big,0.8919110298156738,188,353,220,476,204,414
frame_169,Rack_3,19,10,fanta_grape_big,0.9233830571174622,151,353,187,476,169,414
frame_169,Rack_3,51,10,fanta_grape_big,0.8699502944946289,125,353,150,472,137,412
frame_169,Rack_3,59,10,fanta_grape_big,0.6768032908439636,98,353,124,468,111,410
frame_169,Rack_3,23,12,fanta_straw_big,0.9141477942466736,61,353,98,461,79,407
frame_169,Rack_3,64,12,fanta_straw_big,0.6823893785476685,32,353,62,460,47,406
frame_170,Rack_1,35,1,a&w_small,0.73666912317276,625,144,640,208,632,176
frame_170,Rack_1,32,1,a&w_small,0.7366285920143127,603,148,625,209,614,178
frame_170,Rack_1,48,1,a&w_small,0.7555155158042908,580,152,603,210,591,181
frame_170,Rack_1,37,1,a&w_small,0.7933873534202576,555,152,578,211,566,181
frame_170,Rack_1,27,1,a&w_small,0.8340733647346497,530,154,552,212,541,183
frame_170,Rack_1,36,1,a&w_small,0.786426842212677,505,154,526,214,515,184
frame_170,Rack_1,49,4,coke_small,0.8775197863578796,481,154,503,215,492,184
frame_170,Rack_1,34,4,coke_small,0.8722386956214905,456,153,478,215,467,184
frame_170,Rack_1,12,4,coke_small,0.8546809554100037,435,154,454,215,444,184
frame_170,Rack_1,40,4,coke_small,0.9188100695610046,414,153,434,215,424,184
frame_170,Rack_1,38,4,coke_small,0.8492009043693542,391,153,412,215,401,184
frame_170,Rack_1,5,4,coke_small,0.8772846460342407,369,153,389,215,379,184
frame_170,Rack_1,21,17,sprite_small,0.8477763533592224,348,153,367,215,357,184
frame_170,Rack_1,14,17,sprite_small,0.8162732124328613,327,152,346,215,336,183
frame_170,Rack_1,25,17,sprite_small,0.8231325745582581,306,153,325,216,315,184
frame_170,Rack_1,15,17,sprite_small,0.8040623664855957,285,153,305,216,295,184
frame_170,Rack_1,28,9,empty,0.7763528227806091,159,157,272,214,215,185
frame_170,Rack_1,66,8,dew_med,0.771364688873291,30,172,52,250,41,211
frame_170,Rack_2,20,3,coke_med,0.7252950072288513,606,246,636,328,621,287
frame_170,Rack_2,22,3,coke_med,0.7650783061981201,583,248,607,328,595,288
frame_170,Rack_2,24,3,coke_med,0.7678466439247131,554,242,583,328,568,285
frame_170,Rack_2,3,3,coke_med,0.9019913673400879,527,246,554,328,540,287
frame_170,Rack_2,61,6,coke_v_med,0.7997861504554749,497,230,528,330,512,280
frame_170,Rack_2,41,6,coke_v_med,0.5814379453659058,467,239,499,330,483,284
frame_170,Rack_2,29,6,coke_v_med,0.5971523523330688,441,253,469,330,455,291
frame_170,Rack_2,26,2,anw_med,0.8547999262809753,413,248,440,330,426,289
frame_170,Rack_2,17,2,anw_med,0.8124542236328125,386,248,413,330,399,289
frame_170,Rack_2,43,2,anw_med,0.8561946153640747,361,251,386,330,373,290
frame_170,Rack_2,42,2,anw_med,0.837708055973053,336,252,360,330,348,291
frame_170,Rack_2,46,2,anw_med,0.8923749923706055,311,252,335,330,323,291
frame_170,Rack_2,7,2,anw_med,0.8772264719009399,285,253,310,329,297,291
frame_170,Rack_2,30,15,pepsi_med,0.919162392616272,263,254,283,328,273,291
frame_170,Rack_2,8,15,pepsi_med,0.91233891248703,240,253,262,328,251,290
frame_170,Rack_2,2,15,pepsi_med,0.8926082253456116,214,253,238,330,226,291
frame_170,Rack_2,16,15,pepsi_med,0.8965734243392944,193,254,214,330,203,292
frame_170,Rack_2,31,15,pepsi_med,0.9141135811805725,168,256,192,328,180,292
frame_170,Rack_2,44,15,pepsi_med,0.9003000855445862,146,258,167,329,156,293
frame_170,Rack_2,55,13,kick_med,0.6081162095069885,122,258,145,329,133,293
frame_170,Rack_2,53,13,kick_med,0.7943347096443176,102,260,122,329,112,294
frame_170,Rack_2,52,13,kick_med,0.838067889213562,78,260,101,328,89,294
frame_170,Rack_2,56,13,kick_med,0.8403487205505371,55,261,77,329,66,295
frame_170,Rack_2,65,13,kick_med,0.6867004632949829,38,263,55,330,46,296
frame_170,Rack_2,69,13,kick_med,0.8116516470909119,15,264,36,331,25,297
frame_170,Rack_3,6,9,empty,0.9270336627960205,546,356,632,483,589,419
frame_170,Rack_3,13,7,coke_z_big,0.9163333177566528,509,355,548,472,528,413
frame_170,Rack_3,1,7,coke_z_big,0.9091978073120117,469,355,508,471,488,413
frame_170,Rack_3,39,5,coke_v_big,0.8444910049438477,433,354,469,481,451,417
frame_170,Rack_3,4,5,coke_v_big,0.9009690284729004,394,354,431,482,412,418
frame_170,Rack_3,33,5,coke_v_big,0.9168199300765991,358,355,393,466,375,410
frame_170,Rack_3,18,5,coke_v_big,0.8740640878677368,323,355,358,465,340,410
frame_170,Rack_3,10,5,coke_v_big,0.8847202658653259,288,356,322,478,305,417
frame_170,Rack_3,9,14,pepsi_big,0.906982421875,254,354,286,479,270,416
frame_170,Rack_3,11,14,pepsi_big,0.9145343899726868,222,354,253,477,237,415
frame_170,Rack_3,54,14,pepsi_big,0.8928953409194946,189,353,221,476,205,414
frame_170,Rack_3,19,10,fanta_grape_big,0.9267945289611816,152,353,188,476,170,414
frame_170,Rack_3,51,10,fanta_grape_big,0.8864105939865112,126,353,151,472,138,412
frame_170,Rack_3,59,10,fanta_grape_big,0.7632876634597778,98,353,125,468,111,410
frame_170,Rack_3,23,12,fanta_straw_big,0.8817967176437378,62,353,98,461,80,407
frame_170,Rack_3,64,12,fanta_straw_big,0.6811992526054382,33,353,63,461,48,407
frame_171,Rack_1,32,1,a&w_small,0.7730927467346191,605,150,626,209,615,179
frame_171,Rack_1,48,1,a&w_small,0.8164721727371216,581,152,604,210,592,181
frame_171,Rack_1,37,1,a&w_small,0.7979336380958557,555,153,579,211,567,182
frame_171,Rack_1,27,1,a&w_small,0.8239352703094482,530,154,553,213,541,183
frame_171,Rack_1,36,1,a&w_small,0.8386129140853882,505,153,527,214,516,183
frame_171,Rack_1,49,4,coke_small,0.8724398612976074,481,154,504,215,492,184
frame_171,Rack_1,34,4,coke_small,0.8538478016853333,457,153,479,215,468,184
frame_171,Rack_1,12,4,coke_small,0.8736834526062012,435,153,455,215,445,184
frame_171,Rack_1,40,4,coke_small,0.904175341129303,414,153,435,216,424,184
frame_171,Rack_1,38,4,coke_small,0.8404032588005066,392,153,413,216,402,184
frame_171,Rack_1,5,4,coke_small,0.8838461637496948,370,153,391,216,380,184
frame_171,Rack_1,21,17,sprite_small,0.7664768695831299,348,153,368,218,358,185
frame_171,Rack_1,14,17,sprite_small,0.8160420060157776,327,152,347,220,337,186
frame_171,Rack_1,25,17,sprite_small,0.8488101363182068,306,153,326,220,316,186
frame_171,Rack_1,15,17,sprite_small,0.8670838475227356,285,153,305,217,295,185
frame_171,Rack_1,28,9,empty,0.7260012030601501,156,157,276,218,216,187
frame_171,Rack_2,20,3,coke_med,0.567428469657898,604,237,636,328,620,282
frame_171,Rack_2,22,3,coke_med,0.7723631858825684,584,252,607,328,595,290
frame_171,Rack_2,24,3,coke_med,0.7744177579879761,556,251,582,328,569,289
frame_171,Rack_2,3,3,coke_med,0.8960797786712646,529,252,554,328,541,290
frame_171,Rack_2,61,6,coke_v_med,0.7670880556106567,498,229,529,330,513,279
frame_171,Rack_2,26,2,anw_med,0.8241554498672485,414,247,441,330,427,288
frame_171,Rack_2,17,2,anw_med,0.8113266229629517,388,252,414,329,401,290
frame_171,Rack_2,43,2,anw_med,0.8597490191459656,362,254,387,330,374,292
frame_171,Rack_2,42,2,anw_med,0.826492965221405,337,254,360,330,348,292
frame_171,Rack_2,46,2,anw_med,0.8704512119293213,312,253,336,330,324,291
frame_171,Rack_2,7,2,anw_med,0.881916880607605,286,255,311,329,298,292
frame_171,Rack_2,30,15,pepsi_med,0.8940383195877075,264,255,284,328,274,291
frame_171,Rack_2,8,15,pepsi_med,0.9140653610229492,240,255,263,329,251,292
frame_171,Rack_2,2,15,pepsi_med,0.898979127407074,215,255,239,330,227,292
frame_171,Rack_2,16,15,pepsi_med,0.9368777871131897,194,256,214,329,204,292
frame_171,Rack_2,31,15,pepsi_med,0.9168269634246826,168,257,193,329,180,293
frame_171,Rack_2,44,15,pepsi_med,0.8958455324172974,147,258,167,329,157,293
frame_171,Rack_2,55,13,kick_med,0.669859766960144,123,258,145,330,134,294
frame_171,Rack_2,53,13,kick_med,0.8112925887107849,102,260,123,329,112,294
frame_171,Rack_2,52,13,kick_med,0.8395842909812927,78,260,102,329,90,294
frame_171,Rack_2,56,13,kick_med,0.8482102155685425,56,261,78,330,67,295
frame_171,Rack_2,65,13,kick_med,0.6498894691467285,38,263,56,331,47,297
frame_171,Rack_2,69,13,kick_med,0.8526417016983032,15,264,36,332,25,298
frame_171,Rack_2,63,13,kick_med,0.6581444144248962,0,263,8,336,4,299
frame_171,Rack_3,6,9,empty,0.9180597066879272,548,357,632,483,590,420
frame_171,Rack_3,13,7,coke_z_big,0.9068589806556702,510,355,549,472,529,413
frame_171,Rack_3,1,7,coke_z_big,0.903028666973114,470,357,509,472,489,414
frame_171,Rack_3,39,5,coke_v_big,0.8514646291732788,434,355,469,481,451,418
frame_171,Rack_3,4,5,coke_v_big,0.9054957032203674,394,355,432,482,413,418
frame_171,Rack_3,33,5,coke_v_big,0.8920194506645203,359,356,393,466,376,411
frame_171,Rack_3,18,5,coke_v_big,0.8730571269989014,324,356,358,465,341,410
frame_171,Rack_3,10,5,coke_v_big,0.8888124823570251,289,357,323,478,306,417
frame_171,Rack_3,9,14,pepsi_big,0.904344379901886,255,356,286,480,270,418
frame_171,Rack_3,11,14,pepsi_big,0.9108371734619141,223,355,253,477,238,416
frame_171,Rack_3,54,14,pepsi_big,0.8833765387535095,190,355,221,476,205,415
frame_171,Rack_3,19,10,fanta_grape_big,0.9210832118988037,153,355,188,477,170,416
frame_171,Rack_3,51,10,fanta_grape_big,0.8567629456520081,126,355,151,472,138,413
frame_171,Rack_3,59,10,fanta_grape_big,0.640163242816925,99,355,125,468,112,411
frame_171,Rack_3,23,12,fanta_straw_big,0.905871570110321,63,355,99,460,81,407
frame_171,Rack_3,64,12,fanta_straw_big,0.7213276028633118,34,355,63,461,48,408
frame_171,Rack_3,71,11,fanta_lychee_big,0.7294185757637024,9,355,33,466,21,410
frame_172,Rack_1,32,1,a&w_small,0.7485966682434082,607,150,628,210,617,180
frame_172,Rack_1,48,1,a&w_small,0.8029747605323792,582,152,605,211,593,181
frame_172,Rack_1,37,1,a&w_small,0.792940080165863,556,153,580,212,568,182
frame_172,Rack_1,27,1,a&w_small,0.8394656181335449,531,155,554,213,542,184
frame_172,Rack_1,36,1,a&w_small,0.8461618423461914,506,154,528,215,517,184
frame_172,Rack_1,49,4,coke_small,0.8723487854003906,482,154,504,215,493,184
frame_172,Rack_1,34,4,coke_small,0.8516169190406799,457,153,480,216,468,184
frame_172,Rack_1,12,4,coke_small,0.8645236492156982,436,153,456,216,446,184
frame_172,Rack_1,40,4,coke_small,0.8999027609825134,415,153,436,216,425,184
frame_172,Rack_1,38,4,coke_small,0.8017329573631287,393,153,414,216,403,184
frame_172,Rack_1,5,4,coke_small,0.881206214427948,370,153,392,217,381,185
frame_172,Rack_1,21,17,sprite_small,0.75051349401474,348,153,369,219,358,186
frame_172,Rack_1,14,17,sprite_small,0.7896062731742859,327,152,348,222,337,187
frame_172,Rack_1,25,17,sprite_small,0.8538108468055725,307,153,327,221,317,187
frame_172,Rack_1,15,17,sprite_small,0.8894117474555969,286,153,306,218,296,185
frame_172,Rack_1,28,9,empty,0.7575628757476807,155,157,278,220,216,188
frame_172,Rack_2,22,3,coke_med,0.771781325340271,583,238,610,328,596,283
frame_172,Rack_2,24,3,coke_med,0.7838411331176758,556,241,585,328,570,284
frame_172,Rack_2,3,3,coke_med,0.8885382413864136,530,254,555,328,542,291
frame_172,Rack_2,47,6,coke_v_med,0.5688120722770691,499,235,529,328,514,281
frame_172,Rack_2,61,6,coke_v_med,0.5321931838989258,499,229,529,330,514,279
frame_172,Rack_2,26,2,anw_med,0.7905629873275757,415,250,441,329,428,289
frame_172,Rack_2,17,2,anw_med,0.8254512548446655,389,255,414,329,401,292
frame_172,Rack_2,43,2,anw_med,0.847501814365387,363,255,387,330,375,292
frame_172,Rack_2,42,2,anw_med,0.8180109858512878,338,256,361,330,349,293
frame_172,Rack_2,46,2,anw_med,0.8407066464424133,312,255,336,330,324,292
frame_172,Rack_2,7,2,anw_med,0.8528149724006653,287,256,311,329,299,292
frame_172,Rack_2,30,15,pepsi_med,0.8606057167053223,264,256,284,328,274,292
frame_172,Rack_2,8,15,pepsi_med,0.9389379620552063,241,256,263,329,252,292
frame_172,Rack_2,2,15,pepsi_med,0.8909404277801514,216,256,239,330,227,293
frame_172,Rack_2,16,15,pepsi_med,0.9333772659301758,195,257,215,329,205,293
frame_172,Rack_2,31,15,pepsi_med,0.9070272445678711,169,257,194,329,181,293
frame_172,Rack_2,44,15,pepsi_med,0.8714994192123413,147,258,168,329,157,293
frame_172,Rack_2,55,13,kick_med,0.6496997475624084,124,258,146,330,135,294
frame_172,Rack_2,53,13,kick_med,0.8319028615951538,103,260,123,330,113,295
frame_172,Rack_2,52,13,kick_med,0.8220178484916687,79,260,103,329,91,294
frame_172,Rack_2,56,13,kick_med,0.8732431530952454,57,261,78,330,67,295
frame_172,Rack_2,65,13,kick_med,0.716010570526123,39,264,57,330,48,297
frame_172,Rack_2,69,13,kick_med,0.8889315724372864,15,264,37,333,26,298
frame_172,Rack_2,63,13,kick_med,0.8022927641868591,0,264,9,336,4,300
frame_172,Rack_3,6,9,empty,0.9172095656394958,548,357,631,483,589,420
frame_172,Rack_3,13,7,coke_z_big,0.9035962224006653,511,356,549,472,530,414
frame_172,Rack_3,1,7,coke_z_big,0.9068455696105957,471,358,510,472,490,415
frame_172,Rack_3,39,5,coke_v_big,0.8505401611328125,434,356,470,482,452,419
frame_172,Rack_3,4,5,coke_v_big,0.9037351608276367,395,356,432,482,413,419
frame_172,Rack_3,33,5,coke_v_big,0.9051397442817688,360,357,394,467,377,412
frame_172,Rack_3,18,5,coke_v_big,0.8568137288093567,324,357,359,466,341,411
frame_172,Rack_3,10,5,coke_v_big,0.8783425688743591,290,357,323,478,306,417
frame_172,Rack_3,9,14,pepsi_big,0.9065090417861938,256,357,287,480,271,418
frame_172,Rack_3,11,14,pepsi_big,0.9040273427963257,223,357,254,477,238,417
frame_172,Rack_3,54,14,pepsi_big,0.8835641145706177,190,356,221,477,205,416
frame_172,Rack_3,19,10,fanta_grape_big,0.9143815040588379,153,356,189,477,171,416
frame_172,Rack_3,51,10,fanta_grape_big,0.8536232113838196,127,356,152,473,139,414
frame_172,Rack_3,59,10,fanta_grape_big,0.7891375422477722,100,356,125,467,112,411
frame_172,Rack_3,23,12,fanta_straw_big,0.8830084800720215,63,356,99,461,81,408
frame_172,Rack_3,64,12,fanta_straw_big,0.6640311479568481,35,356,64,461,49,408
frame_172,Rack_3,74,11,fanta_lychee_big,0.7416946291923523,0,355,9,467,4,411
frame_173,Rack_1,32,1,a&w_small,0.6543912887573242,609,150,631,210,620,180
frame_173,Rack_1,48,1,a&w_small,0.8249614238739014,583,152,606,210,594,181
frame_173,Rack_1,37,1,a&w_small,0.8224573731422424,557,152,581,212,569,182
frame_173,Rack_1,27,1,a&w_small,0.8568997979164124,532,154,555,213,543,183
frame_173,Rack_1,36,1,a&w_small,0.8565593957901001,507,153,529,215,518,184
frame_173,Rack_1,49,4,coke_small,0.8289195895195007,482,154,505,216,493,185
frame_173,Rack_1,34,4,coke_small,0.8353495001792908,458,153,481,216,469,184
frame_173,Rack_1,12,4,coke_small,0.9074338674545288,437,153,457,216,447,184
frame_173,Rack_1,40,4,coke_small,0.8770768642425537,416,153,437,217,426,185
frame_173,Rack_1,38,4,coke_small,0.8649579882621765,393,152,415,216,404,184
frame_173,Rack_1,5,4,coke_small,0.8962594866752625,371,154,393,218,382,186
frame_173,Rack_1,21,17,sprite_small,0.8081568479537964,349,153,370,220,359,186
frame_173,Rack_1,14,17,sprite_small,0.8024691939353943,328,152,349,222,338,187
frame_173,Rack_1,25,17,sprite_small,0.8542829155921936,307,152,328,222,317,187
frame_173,Rack_1,15,17,sprite_small,0.9014133214950562,286,153,307,219,296,186
frame_173,Rack_1,28,9,empty,0.7611613273620605,145,158,288,231,216,194
frame_173,Rack_2,20,3,coke_med,0.6439573168754578,604,227,637,330,620,278
frame_173,Rack_2,22,3,coke_med,0.7748024463653564,584,237,611,328,597,282
frame_173,Rack_2,24,3,coke_med,0.7467577457427979,558,246,585,328,571,287
frame_173,Rack_2,3,3,coke_med,0.8615119457244873,531,256,556,328,543,292
frame_173,Rack_2,47,6,coke_v_med,0.6389840245246887,500,237,530,329,515,283
frame_173,Rack_2,29,6,coke_v_med,0.6166549921035767,444,257,471,329,457,293
frame_173,Rack_2,26,2,anw_med,0.790902316570282,416,255,441,329,428,292
frame_173,Rack_2,17,2,anw_med,0.8301672339439392,390,256,415,329,402,292
frame_173,Rack_2,43,2,anw_med,0.8373121619224548,363,256,388,331,375,293
frame_173,Rack_2,42,2,anw_med,0.7965233325958252,338,256,361,331,349,293
frame_173,Rack_2,46,2,anw_med,0.7953931093215942,313,256,337,330,325,293
frame_173,Rack_2,7,2,anw_med,0.8662018775939941,287,257,311,330,299,293
frame_173,Rack_2,30,15,pepsi_med,0.8690168857574463,265,256,285,329,275,292
frame_173,Rack_2,8,15,pepsi_med,0.9257901906967163,242,256,264,330,253,293
frame_173,Rack_2,2,15,pepsi_med,0.9167400598526001,216,256,240,330,228,293
frame_173,Rack_2,16,15,pepsi_med,0.9057461619377136,196,257,215,330,205,293
frame_173,Rack_2,31,15,pepsi_med,0.8976973295211792,169,257,194,330,181,293
frame_173,Rack_2,44,15,pepsi_med,0.8648021817207336,148,257,169,330,158,293
frame_173,Rack_2,55,13,kick_med,0.6522124409675598,124,259,147,331,135,295
frame_173,Rack_2,53,13,kick_med,0.8277196884155273,104,261,124,330,114,295
frame_173,Rack_2,52,13,kick_med,0.7976042628288269,80,261,103,330,91,295
frame_173,Rack_2,56,13,kick_med,0.852774441242218,58,262,79,330,68,296
frame_173,Rack_2,65,13,kick_med,0.6988527774810791,40,264,57,330,48,297
frame_173,Rack_2,69,13,kick_med,0.8798278570175171,15,264,38,332,26,298
frame_173,Rack_2,63,13,kick_med,0.690647304058075,0,264,9,337,4,300
frame_173,Rack_3,6,9,empty,0.9168651103973389,549,357,630,483,589,420
frame_173,Rack_3,13,7,coke_z_big,0.9033509492874146,512,356,550,473,531,414
frame_173,Rack_3,1,7,coke_z_big,0.8828254342079163,472,358,511,472,491,415
frame_173,Rack_3,39,5,coke_v_big,0.8463355302810669,435,356,471,482,453,419
frame_173,Rack_3,4,5,coke_v_big,0.8898253440856934,396,356,433,482,414,419
frame_173,Rack_3,33,5,coke_v_big,0.9054523706436157,361,358,395,467,378,412
frame_173,Rack_3,18,5,coke_v_big,0.8551400303840637,325,358,360,466,342,412
frame_173,Rack_3,10,5,coke_v_big,0.8852870464324951,290,357,324,478,307,417
frame_173,Rack_3,9,14,pepsi_big,0.9019061923027039,257,358,288,480,272,419
frame_173,Rack_3,11,14,pepsi_big,0.9145808815956116,224,357,255,477,239,417
frame_173,Rack_3,54,14,pepsi_big,0.8966461420059204,191,356,222,477,206,416
frame_173,Rack_3,19,10,fanta_grape_big,0.9164921641349792,154,356,190,477,172,416
frame_173,Rack_3,51,10,fanta_grape_big,0.8634780645370483,127,357,152,473,139,415
frame_173,Rack_3,59,10,fanta_grape_big,0.7574937343597412,100,356,126,468,113,412
frame_173,Rack_3,23,12,fanta_straw_big,0.90385901927948,64,356,100,461,82,408
frame_173,Rack_3,64,12,fanta_straw_big,0.7242661714553833,35,356,64,461,49,408
frame_173,Rack_3,71,11,fanta_lychee_big,0.7266037464141846,11,356,34,465,22,410
frame_174,Rack_1,32,1,a&w_small,0.7991332411766052,611,151,632,209,621,180
frame_174,Rack_1,48,1,a&w_small,0.792018473148346,584,152,607,210,595,181
frame_174,Rack_1,37,1,a&w_small,0.8229806423187256,558,153,582,212,570,182
frame_174,Rack_1,27,1,a&w_small,0.847285270690918,532,153,557,214,544,183
frame_174,Rack_1,36,1,a&w_small,0.8617660999298096,508,153,530,215,519,184
frame_174,Rack_1,49,4,coke_small,0.7614191174507141,483,153,506,215,494,184
frame_174,Rack_1,34,4,coke_small,0.8507829904556274,459,153,482,217,470,185
frame_174,Rack_1,12,4,coke_small,0.8874266147613525,438,154,458,218,448,186
frame_174,Rack_1,40,4,coke_small,0.9091370701789856,416,153,438,218,427,185
frame_174,Rack_1,38,4,coke_small,0.8782514333724976,394,152,416,218,405,185
frame_174,Rack_1,5,4,coke_small,0.9176826477050781,372,153,394,219,383,186
frame_174,Rack_1,21,17,sprite_small,0.8107556104660034,350,152,371,220,360,186
frame_174,Rack_1,14,17,sprite_small,0.740520715713501,329,152,350,222,339,187
frame_174,Rack_1,25,17,sprite_small,0.8256542682647705,308,152,329,221,318,186
frame_174,Rack_1,15,17,sprite_small,0.9152054190635681,287,153,308,220,297,186
frame_174,Rack_1,28,9,empty,0.7959880232810974,152,157,284,225,218,191
frame_174,Rack_2,20,3,coke_med,0.7215949296951294,605,225,637,330,621,277
frame_174,Rack_2,22,3,coke_med,0.7622955441474915,587,245,611,328,599,286
frame_174,Rack_2,24,3,coke_med,0.7642243504524231,560,253,585,328,572,290
frame_174,Rack_2,3,3,coke_med,0.8347094655036926,532,257,557,329,544,293
frame_174,Rack_2,47,6,coke_v_med,0.7599998116493225,502,241,530,329,516,285
frame_174,Rack_2,41,6,coke_v_med,0.5750441551208496,473,249,501,329,487,289
frame_174,Rack_2,29,6,coke_v_med,0.6310420036315918,445,257,472,329,458,293
frame_174,Rack_2,26,2,anw_med,0.8271474838256836,418,257,442,329,430,293
frame_174,Rack_2,17,2,anw_med,0.8421134352684021,391,257,415,330,403,293
frame_174,Rack_2,43,2,anw_med,0.8191142678260803,364,257,389,331,376,294
frame_174,Rack_2,42,2,anw_med,0.7997504472732544,339,257,362,331,350,294
frame_174,Rack_2,46,2,anw_med,0.7882641553878784,314,257,337,330,325,293
frame_174,Rack_2,7,2,anw_med,0.8640038371086121,288,257,312,329,300,293
frame_174,Rack_2,30,15,pepsi_med,0.83915114402771,265,257,286,329,275,293
frame_174,Rack_2,8,15,pepsi_med,0.9021385312080383,242,256,264,330,253,293
frame_174,Rack_2,2,15,pepsi_med,0.9145580530166626,217,257,240,330,228,293
frame_174,Rack_2,16,15,pepsi_med,0.8829411864280701,196,257,216,331,206,294
frame_174,Rack_2,31,15,pepsi_med,0.8837693929672241,170,257,195,330,182,293
frame_174,Rack_2,44,15,pepsi_med,0.8641350269317627,148,257,170,330,159,293
frame_174,Rack_2,55,13,kick_med,0.7606821060180664,125,259,148,331,136,295
frame_174,Rack_2,53,13,kick_med,0.833267092704773,104,261,125,330,114,295
frame_174,Rack_2,52,13,kick_med,0.8844605088233948,80,261,104,331,92,296
frame_174,Rack_2,56,13,kick_med,0.8554744720458984,58,262,80,331,69,296
frame_174,Rack_2,65,13,kick_med,0.8421505093574524,40,264,58,331,49,297
frame_174,Rack_2,69,13,kick_med,0.8515833616256714,17,264,39,331,28,297
frame_174,Rack_2,63,13,kick_med,0.592202365398407,0,264,7,338,3,301
frame_174,Rack_3,6,9,empty,0.9114044904708862,550,357,631,483,590,420
frame_174,Rack_3,13,7,coke_z_big,0.8969336748123169,513,356,551,473,532,414
frame_174,Rack_3,1,7,coke_z_big,0.8801993727684021,473,358,512,472,492,415
frame_174,Rack_3,39,5,coke_v_big,0.8554924130439758,436,356,472,482,454,419
frame_174,Rack_3,4,5,coke_v_big,0.8786562085151672,397,357,434,482,415,419
frame_174,Rack_3,33,5,coke_v_big,0.8829338550567627,362,358,396,467,379,412
frame_174,Rack_3,18,5,coke_v_big,0.8640627264976501,326,358,360,467,343,412
frame_174,Rack_3,10,5,coke_v_big,0.8878493309020996,291,358,325,478,308,418
frame_174,Rack_3,9,14,pepsi_big,0.9040336608886719,258,358,288,480,273,419
frame_174,Rack_3,11,14,pepsi_big,0.9125615358352661,225,357,256,478,240,417
frame_174,Rack_3,54,14,pepsi_big,0.9034832715988159,192,357,223,477,207,417
frame_174,Rack_3,19,10,fanta_grape_big,0.9195734858512878,155,356,190,477,172,416
frame_174,Rack_3,51,10,fanta_grape_big,0.8560901284217834,128,357,153,473,140,415
frame_174,Rack_3,59,10,fanta_grape_big,0.5954163074493408,101,356,127,468,114,412
frame_174,Rack_3,23,12,fanta_straw_big,0.901897668838501,65,356,101,461,83,408
frame_174,Rack_3,64,12,fanta_straw_big,0.6228776574134827,36,356,65,461,50,408
frame_174,Rack_3,71,11,fanta_lychee_big,0.5790029168128967,11,356,34,465,22,410
frame_175,Rack_1,32,1,a&w_small,0.8162381649017334,612,151,633,209,622,180
frame_175,Rack_1,48,1,a&w_small,0.7923697829246521,585,152,608,210,596,181
frame_175,Rack_1,37,1,a&w_small,0.8250730633735657,559,152,583,212,571,182
frame_175,Rack_1,27,1,a&w_small,0.8391083478927612,533,153,557,213,545,183
frame_175,Rack_1,36,1,a&w_small,0.851760983467102,509,153,532,214,520,183
frame_175,Rack_1,49,4,coke_small,0.7934723496437073,484,153,508,215,496,184
frame_175,Rack_1,34,4,coke_small,0.8657615780830383,460,153,483,217,471,185
frame_175,Rack_1,12,4,coke_small,0.9013568162918091,439,153,459,218,449,185
frame_175,Rack_1,40,4,coke_small,0.9403979182243347,417,153,439,219,428,186
frame_175,Rack_1,38,4,coke_small,0.8923807144165039,395,153,417,219,406,186
frame_175,Rack_1,5,4,coke_small,0.9188804030418396,372,153,395,219,383,186
frame_175,Rack_1,21,17,sprite_small,0.8211551904678345,351,152,372,220,361,186
frame_175,Rack_1,14,17,sprite_small,0.7832015752792358,330,152,351,221,340,186
frame_175,Rack_1,25,17,sprite_small,0.77519690990448,309,153,329,221,319,187
frame_175,Rack_1,15,17,sprite_small,0.8853482007980347,288,153,309,220,298,186
frame_175,Rack_1,28,9,empty,0.7833566069602966,154,158,284,224,219,191
frame_175,Rack_2,20,3,coke_med,0.6639341115951538,608,225,639,328,623,276
frame_175,Rack_2,22,3,coke_med,0.8019222021102905,589,248,612,328,600,288
frame_175,Rack_2,24,3,coke_med,0.8350397348403931,561,256,586,328,573,292
frame_175,Rack_2,3,3,coke_med,0.8496460318565369,533,256,558,328,545,292
frame_175,Rack_2,47,3,coke_med,0.7048067450523376,504,246,531,329,517,287
frame_175,Rack_2,29,6,coke_v_med,0.5410827398300171,445,256,472,328,458,292
frame_175,Rack_2,26,2,anw_med,0.8423396348953247,418,256,443,329,430,292
frame_175,Rack_2,17,2,anw_med,0.8402079343795776,391,256,416,329,403,292
frame_175,Rack_2,43,2,anw_med,0.8339514136314392,365,255,390,330,377,292
frame_175,Rack_2,42,2,anw_med,0.8267253041267395,340,256,363,330,351,293
frame_175,Rack_2,46,2,anw_med,0.8076220750808716,314,256,338,330,326,293
frame_175,Rack_2,7,2,anw_med,0.8768090009689331,288,257,313,329,300,293
frame_175,Rack_2,30,15,pepsi_med,0.8267530202865601,266,256,287,328,276,292
frame_175,Rack_2,8,15,pepsi_med,0.8782311081886292,243,257,265,329,254,293
frame_175,Rack_2,2,15,pepsi_med,0.883430004119873,218,256,241,329,229,292
frame_175,Rack_2,16,15,pepsi_med,0.885219395160675,197,258,217,330,207,294
frame_175,Rack_2,31,15,pepsi_med,0.903192400932312,171,257,196,330,183,293
frame_175,Rack_2,44,15,pepsi_med,0.8977664709091187,149,257,170,330,159,293
frame_175,Rack_2,55,13,kick_med,0.7804464101791382,126,259,149,331,137,295
frame_175,Rack_2,53,13,kick_med,0.8556737899780273,105,260,126,330,115,295
frame_175,Rack_2,52,13,kick_med,0.8730749487876892,81,260,105,330,93,295
frame_175,Rack_2,56,13,kick_med,0.8568518757820129,59,261,81,330,70,295
frame_175,Rack_2,65,13,kick_med,0.8431773781776428,41,264,58,331,49,297
frame_175,Rack_2,69,13,kick_med,0.7776674628257751,18,264,40,330,29,297
frame_175,Rack_3,6,9,empty,0.9154272079467773,552,357,632,483,592,420
frame_175,Rack_3,13,7,coke_z_big,0.8989031910896301,514,356,553,473,533,414
frame_175,Rack_3,1,7,coke_z_big,0.8929179906845093,473,357,513,472,493,414
frame_175,Rack_3,39,5,coke_v_big,0.8775407671928406,437,356,473,482,455,419
frame_175,Rack_3,4,5,coke_v_big,0.8820309042930603,398,356,435,483,416,419
frame_175,Rack_3,33,5,coke_v_big,0.8919947147369385,362,357,396,468,379,412
frame_175,Rack_3,18,5,coke_v_big,0.8561214208602905,327,358,361,467,344,412
frame_175,Rack_3,10,5,coke_v_big,0.8888623118400574,292,357,326,478,309,417
frame_175,Rack_3,9,14,pepsi_big,0.8994290828704834,258,357,289,480,273,418
frame_175,Rack_3,11,14,pepsi_big,0.9142338037490845,226,357,257,478,241,417
frame_175,Rack_3,54,14,pepsi_big,0.9010894894599915,192,356,224,477,208,416
frame_175,Rack_3,19,10,fanta_grape_big,0.9113432168960571,155,356,191,477,173,416
frame_175,Rack_3,51,10,fanta_grape_big,0.8302940130233765,129,357,154,473,141,415
frame_175,Rack_3,23,12,fanta_straw_big,0.8902044296264648,66,356,102,461,84,408
frame_175,Rack_3,64,12,fanta_straw_big,0.5340852737426758,36,356,65,461,50,408
frame_175,Rack_3,71,11,fanta_lychee_big,0.840078592300415,10,356,34,466,22,411
frame_176,Rack_1,32,1,a&w_small,0.7933651208877563,614,151,635,209,624,180
frame_176,Rack_1,48,1,a&w_small,0.7316727638244629,586,152,609,210,597,181
frame_176,Rack_1,37,1,a&w_small,0.8174350261688232,560,152,585,212,572,182
frame_176,Rack_1,27,1,a&w_small,0.8457728028297424,535,153,559,213,547,183
frame_176,Rack_1,36,1,a&w_small,0.8168889880180359,510,153,533,214,521,183
frame_176,Rack_1,49,4,coke_small,0.8026415109634399,485,153,509,215,497,184
frame_176,Rack_1,34,4,coke_small,0.862621009349823,460,153,484,217,472,185
frame_176,Rack_1,12,4,coke_small,0.8857792019844055,439,153,460,218,449,185
frame_176,Rack_1,40,4,coke_small,0.9308851361274719,418,152,440,219,429,185
frame_176,Rack_1,38,4,coke_small,0.8953666687011719,396,153,418,219,407,186
frame_176,Rack_1,5,4,coke_small,0.9221886396408081,373,153,396,219,384,186
frame_176,Rack_1,21,17,sprite_small,0.7445932030677795,352,152,373,220,362,186
frame_176,Rack_1,14,17,sprite_small,0.8045632243156433,330,152,351,222,340,187
frame_176,Rack_1,25,17,sprite_small,0.8053666353225708,310,152,330,221,320,186
frame_176,Rack_1,15,17,sprite_small,0.8861020803451538,289,153,310,220,299,186
frame_176,Rack_1,28,9,empty,0.7938945889472961,158,157,284,221,221,189
frame_176,Rack_2,20,3,coke_med,0.6124280691146851,609,225,640,329,624,277
frame_176,Rack_2,22,3,coke_med,0.8253454566001892,590,253,613,328,601,290
frame_176,Rack_2,24,3,coke_med,0.8306170701980591,562,257,587,328,574,292
frame_176,Rack_2,3,3,coke_med,0.8177775144577026,534,256,559,328,546,292
frame_176,Rack_2,47,3,coke_med,0.71421217918396,505,248,532,329,518,288
frame_176,Rack_2,26,2,anw_med,0.8304182887077332,419,256,444,329,431,292
frame_176,Rack_2,17,2,anw_med,0.82337486743927,392,255,417,330,404,292
frame_176,Rack_2,43,2,anw_med,0.8446195125579834,366,255,391,330,378,292
frame_176,Rack_2,42,2,anw_med,0.8465518951416016,340,255,364,331,352,293
frame_176,Rack_2,46,2,anw_med,0.813011884689331,315,255,339,330,327,292
frame_176,Rack_2,7,2,anw_med,0.8852381706237793,289,257,314,329,301,293
frame_176,Rack_2,30,15,pepsi_med,0.832464337348938,267,256,287,329,277,292
frame_176,Rack_2,8,15,pepsi_med,0.8674442172050476,244,258,266,329,255,293
frame_176,Rack_2,2,15,pepsi_med,0.880765438079834,219,256,242,329,230,292
frame_176,Rack_2,16,15,pepsi_med,0.8886919617652893,198,257,218,331,208,294
frame_176,Rack_2,31,15,pepsi_med,0.9010533094406128,172,257,197,330,184,293
frame_176,Rack_2,44,15,pepsi_med,0.8867695927619934,150,257,171,330,160,293
frame_176,Rack_2,55,13,kick_med,0.7089360952377319,127,259,149,331,138,295
frame_176,Rack_2,53,13,kick_med,0.8762543201446533,106,260,127,331,116,295
frame_176,Rack_2,52,13,kick_med,0.8564841747283936,82,260,106,331,94,295
frame_176,Rack_2,56,13,kick_med,0.849187433719635,60,261,82,330,71,295
frame_176,Rack_2,65,13,kick_med,0.8729668259620667,41,263,59,331,50,297
frame_176,Rack_2,69,13,kick_med,0.833572268486023,19,264,41,331,30,297
frame_176,Rack_3,6,9,empty,0.90887451171875,552,357,633,483,592,420
frame_176,Rack_3,13,7,coke_z_big,0.8860796093940735,515,356,554,474,534,415
frame_176,Rack_3,1,7,coke_z_big,0.907645046710968,474,357,514,473,494,415
frame_176,Rack_3,39,5,coke_v_big,0.8304705023765564,437,356,474,483,455,419
frame_176,Rack_3,4,5,coke_v_big,0.8900114297866821,398,356,436,483,417,419
frame_176,Rack_3,33,5,coke_v_big,0.8944241404533386,363,357,397,468,380,412
frame_176,Rack_3,18,5,coke_v_big,0.8610749840736389,327,358,362,467,344,412
frame_176,Rack_3,10,5,coke_v_big,0.8927533626556396,292,358,326,479,309,418
frame_176,Rack_3,9,14,pepsi_big,0.9024603366851807,259,357,290,480,274,418
frame_176,Rack_3,11,14,pepsi_big,0.9099339246749878,227,357,258,478,242,417
frame_176,Rack_3,54,14,pepsi_big,0.910101056098938,193,356,225,477,209,416
frame_176,Rack_3,19,10,fanta_grape_big,0.9161397814750671,156,356,192,477,174,416
frame_176,Rack_3,51,10,fanta_grape_big,0.8493881821632385,130,357,155,473,142,415
frame_176,Rack_3,59,10,fanta_grape_big,0.5537768006324768,103,356,129,469,116,412
frame_176,Rack_3,23,12,fanta_straw_big,0.8486706614494324,66,356,103,462,84,409
frame_176,Rack_3,64,12,fanta_straw_big,0.7208060622215271,37,356,66,462,51,409
frame_176,Rack_3,71,11,fanta_lychee_big,0.8950265645980835,9,356,34,467,21,411
frame_177,Rack_1,32,1,a&w_small,0.866108775138855,615,151,636,209,625,180
frame_177,Rack_1,48,1,a&w_small,0.8011316657066345,588,152,611,209,599,180
frame_177,Rack_1,37,1,a&w_small,0.8358909487724304,562,152,586,212,574,182
frame_177,Rack_1,27,1,a&w_small,0.8814441561698914,536,153,560,213,548,183
frame_177,Rack_1,36,1,a&w_small,0.7906489372253418,511,153,534,214,522,183
frame_177,Rack_1,49,4,coke_small,0.7656548023223877,486,153,510,215,498,184
frame_177,Rack_1,34,4,coke_small,0.7710954546928406,462,153,485,216,473,184
frame_177,Rack_1,12,4,coke_small,0.8733907341957092,441,153,461,218,451,185
frame_177,Rack_1,40,4,coke_small,0.9142627120018005,419,153,441,219,430,186
frame_177,Rack_1,38,4,coke_small,0.8746366500854492,396,153,419,219,407,186
frame_177,Rack_1,5,4,coke_small,0.9147927165031433,374,153,396,220,385,186
frame_177,Rack_1,21,17,sprite_small,0.7475205659866333,353,152,374,220,363,186
frame_177,Rack_1,14,17,sprite_small,0.7334712743759155,331,152,352,221,341,186
frame_177,Rack_1,25,17,sprite_small,0.7821574807167053,311,152,331,221,321,186
frame_177,Rack_1,15,17,sprite_small,0.8570887446403503,290,152,311,220,300,186
frame_177,Rack_1,28,9,empty,0.809416651725769,159,157,285,221,222,189
frame_177,Rack_2,20,3,coke_med,0.6086760759353638,612,245,637,330,624,287
frame_177,Rack_2,22,3,coke_med,0.88859623670578,592,256,614,330,603,293
frame_177,Rack_2,24,3,coke_med,0.8609243035316467,564,259,589,330,576,294
frame_177,Rack_2,3,3,coke_med,0.8918972015380859,535,258,561,330,548,294
frame_177,Rack_2,47,3,coke_med,0.7956051826477051,507,255,532,331,519,293
frame_177,Rack_2,41,6,coke_v_med,0.5292405486106873,476,254,504,331,490,292
frame_177,Rack_2,29,6,coke_v_med,0.5268793702125549,447,257,475,330,461,293
frame_177,Rack_2,26,2,anw_med,0.837344765663147,420,257,446,331,433,294
frame_177,Rack_2,17,2,anw_med,0.8132495284080505,393,256,418,331,405,293
frame_177,Rack_2,43,2,anw_med,0.8205440640449524,367,256,392,332,379,294
frame_177,Rack_2,42,2,anw_med,0.8730191588401794,342,256,365,332,353,294
frame_177,Rack_2,46,2,anw_med,0.7590953707695007,316,256,340,331,328,293
frame_177,Rack_2,7,2,anw_med,0.8678858280181885,290,257,315,331,302,294
frame_177,Rack_2,30,15,pepsi_med,0.8132981657981873,268,258,288,330,278,294
frame_177,Rack_2,8,15,pepsi_med,0.8740956783294678,245,259,267,331,256,295
frame_177,Rack_2,2,15,pepsi_med,0.8954163789749146,219,257,243,331,231,294
frame_177,Rack_2,16,15,pepsi_med,0.9090515971183777,198,257,219,332,208,294
frame_177,Rack_2,31,15,pepsi_med,0.9050287008285522,172,258,198,331,185,294
frame_177,Rack_2,44,15,pepsi_med,0.8756546974182129,151,257,172,331,161,294
frame_177,Rack_2,55,13,kick_med,0.7099365592002869,127,258,150,332,138,295
frame_177,Rack_2,53,13,kick_med,0.8752420544624329,107,259,128,332,117,295
frame_177,Rack_2,52,13,kick_med,0.8644154071807861,82,260,107,332,94,296
frame_177,Rack_2,56,13,kick_med,0.8673914074897766,60,261,83,332,71,296
frame_177,Rack_2,65,13,kick_med,0.8841742873191833,42,263,60,332,51,297
frame_177,Rack_2,69,13,kick_med,0.8620322942733765,20,264,42,332,31,298
frame_177,Rack_3,6,9,empty,0.8971998691558838,553,358,632,483,592,420
frame_177,Rack_3,13,7,coke_z_big,0.888481616973877,516,357,555,474,535,415
frame_177,Rack_3,1,7,coke_z_big,0.8974521160125732,475,357,515,473,495,415
frame_177,Rack_3,39,5,coke_v_big,0.9164190888404846,439,356,475,483,457,419
frame_177,Rack_3,4,5,coke_v_big,0.9043620228767395,399,357,437,484,418,420
frame_177,Rack_3,33,5,coke_v_big,0.899864137172699,363,357,398,468,380,412
frame_177,Rack_3,18,5,coke_v_big,0.8719464540481567,328,358,363,467,345,412
frame_177,Rack_3,10,5,coke_v_big,0.9115670919418335,293,358,327,479,310,418
frame_177,Rack_3,9,14,pepsi_big,0.9067980051040649,260,358,291,481,275,419
frame_177,Rack_3,11,14,pepsi_big,0.9171047806739807,227,357,258,478,242,417
frame_177,Rack_3,54,14,pepsi_big,0.8865230083465576,194,356,226,477,210,416
frame_177,Rack_3,19,10,fanta_grape_big,0.9183230996131897,157,356,192,477,174,416
frame_177,Rack_3,51,10,fanta_grape_big,0.8441067337989807,130,357,156,473,143,415
frame_177,Rack_3,59,10,fanta_grape_big,0.6789035201072693,104,356,129,469,116,412
frame_177,Rack_3,23,12,fanta_straw_big,0.8815187215805054,67,357,104,462,85,409
frame_177,Rack_3,71,11,fanta_lychee_big,0.9085474610328674,9,356,34,467,21,411
frame_178,Rack_1,32,1,a&w_small,0.7317723631858826,615,151,636,209,625,180
frame_178,Rack_1,48,1,a&w_small,0.7971823811531067,589,152,612,209,600,180
frame_178,Rack_1,37,1,a&w_small,0.8062522411346436,563,152,588,212,575,182
frame_178,Rack_1,27,1,a&w_small,0.8290128111839294,537,152,561,212,549,182
frame_178,Rack_1,36,1,a&w_small,0.7901070713996887,512,153,535,214,523,183
frame_178,Rack_1,49,4,coke_small,0.7720943093299866,488,154,511,215,499,184
frame_178,Rack_1,34,4,coke_small,0.8581578731536865,463,153,486,216,474,184
frame_178,Rack_1,12,4,coke_small,0.8750724196434021,442,153,462,218,452,185
frame_178,Rack_1,40,4,coke_small,0.9135248064994812,420,153,442,219,431,186
frame_178,Rack_1,38,4,coke_small,0.8572841882705688,398,153,420,219,409,186
frame_178,Rack_1,5,4,coke_small,0.9064198136329651,375,152,397,219,386,185
frame_178,Rack_1,21,17,sprite_small,0.8859888315200806,354,152,375,220,364,186
frame_178,Rack_1,14,17,sprite_small,0.8414064049720764,333,152,354,221,343,186
frame_178,Rack_1,25,17,sprite_small,0.8438610434532166,312,153,332,221,322,187
frame_178,Rack_1,15,17,sprite_small,0.8683202862739563,291,152,312,220,301,186
frame_178,Rack_1,28,9,empty,0.8264504075050354,161,157,286,221,223,189
frame_178,Rack_2,20,3,coke_med,0.6419004201889038,612,232,639,330,625,281
frame_178,Rack_2,22,3,coke_med,0.7790670394897461,591,239,617,330,604,284
frame_178,Rack_2,24,3,coke_med,0.8035531640052795,562,240,594,331,578,285
frame_178,Rack_2,3,3,coke_med,0.8865841031074524,534,240,565,331,549,285
frame_178,Rack_2,61,6,coke_v_med,0.7896963357925415,506,234,535,332,520,283
frame_178,Rack_2,41,6,coke_v_med,0.6251728534698486,477,253,505,332,491,292
frame_178,Rack_2,26,2,anw_med,0.7678141593933105,421,258,447,332,434,295
frame_178,Rack_2,17,2,anw_med,0.7798627614974976,394,258,419,332,406,295
frame_178,Rack_2,43,2,anw_med,0.7874283194541931,368,258,393,333,380,295
frame_178,Rack_2,42,2,anw_med,0.8512372970581055,343,259,366,333,354,296
frame_178,Rack_2,46,2,anw_med,0.8061981797218323,317,258,341,332,329,295
frame_178,Rack_2,7,2,anw_med,0.8986807465553284,291,259,316,332,303,295
frame_178,Rack_2,30,15,pepsi_med,0.8569647669792175,269,259,289,331,279,295
frame_178,Rack_2,8,15,pepsi_med,0.9042527675628662,246,259,268,332,257,295
frame_178,Rack_2,2,15,pepsi_med,0.89417564868927,220,258,244,332,232,295
frame_178,Rack_2,16,15,pepsi_med,0.9207154512405396,199,259,220,333,209,296
frame_178,Rack_2,31,15,pepsi_med,0.9125401377677917,173,259,198,332,185,295
frame_178,Rack_2,44,15,pepsi_med,0.8992428779602051,152,259,173,332,162,295
frame_178,Rack_2,55,13,kick_med,0.710561215877533,128,259,151,332,139,295
frame_178,Rack_2,53,13,kick_med,0.8096550107002258,107,260,128,332,117,296
frame_178,Rack_2,52,13,kick_med,0.8161556720733643,83,261,108,332,95,296
frame_178,Rack_2,56,13,kick_med,0.8323766589164734,61,262,83,332,72,297
frame_178,Rack_2,65,13,kick_med,0.8579961061477661,43,264,61,332,52,298
frame_178,Rack_2,69,13,kick_med,0.845758318901062,21,265,43,332,32,298
frame_178,Rack_3,6,9,empty,0.8903234601020813,555,358,633,483,594,420
frame_178,Rack_3,13,7,coke_z_big,0.902978241443634,518,357,556,474,537,415
frame_178,Rack_3,1,7,coke_z_big,0.9007037281990051,477,358,516,474,496,416
frame_178,Rack_3,39,5,coke_v_big,0.8888697028160095,440,356,476,483,458,419
frame_178,Rack_3,4,5,coke_v_big,0.9029302000999451,401,357,439,484,420,420
frame_178,Rack_3,33,5,coke_v_big,0.8988788723945618,364,358,399,468,381,413
frame_178,Rack_3,18,5,coke_v_big,0.8742356896400452,329,358,363,466,346,412
frame_178,Rack_3,10,5,coke_v_big,0.9007749557495117,294,358,328,479,311,418
frame_178,Rack_3,9,14,pepsi_big,0.8955045342445374,261,358,292,481,276,419
frame_178,Rack_3,11,14,pepsi_big,0.9083963632583618,228,357,259,478,243,417
frame_178,Rack_3,54,14,pepsi_big,0.8932590484619141,195,357,227,477,211,417
frame_178,Rack_3,19,10,fanta_grape_big,0.9276573657989502,158,357,193,477,175,417
frame_178,Rack_3,51,10,fanta_grape_big,0.880887508392334,131,357,157,473,144,415
frame_178,Rack_3,59,10,fanta_grape_big,0.7547542452812195,105,357,130,469,117,413
frame_178,Rack_3,23,12,fanta_straw_big,0.8757964372634888,68,357,105,462,86,409
frame_178,Rack_3,71,11,fanta_lychee_big,0.8824694156646729,10,357,35,466,22,411
frame_179,Rack_1,32,1,a&w_small,0.7978858351707458,615,151,637,209,626,180
frame_179,Rack_1,48,1,a&w_small,0.8044518232345581,591,152,614,209,602,180
frame_179,Rack_1,37,1,a&w_small,0.8118093609809875,565,152,589,212,577,182
frame_179,Rack_1,27,1,a&w_small,0.8339160084724426,538,152,562,212,550,182
frame_179,Rack_1,36,1,a&w_small,0.7736178040504456,514,153,537,215,525,184
frame_179,Rack_1,49,4,coke_small,0.7816846370697021,489,154,512,215,500,184
frame_179,Rack_1,34,4,coke_small,0.885114848613739,464,153,487,216,475,184
frame_179,Rack_1,12,4,coke_small,0.8844023942947388,443,153,463,218,453,185
frame_179,Rack_1,40,4,coke_small,0.9176191091537476,421,153,443,219,432,186
frame_179,Rack_1,38,4,coke_small,0.8887002468109131,399,153,421,219,410,186
frame_179,Rack_1,5,4,coke_small,0.9052512049674988,376,153,399,219,387,186
frame_179,Rack_1,21,17,sprite_small,0.8743642568588257,355,152,376,220,365,186
frame_179,Rack_1,14,17,sprite_small,0.8208234310150146,334,152,355,222,344,187
frame_179,Rack_1,25,17,sprite_small,0.8428003787994385,313,153,333,221,323,187
frame_179,Rack_1,15,17,sprite_small,0.825111448764801,292,153,313,220,302,186
frame_179,Rack_1,28,9,empty,0.8319005966186523,161,158,287,221,224,189
frame_179,Rack_1,67,8,dew_med,0.5049620270729065,16,174,37,254,26,214
frame_179,Rack_2,20,3,coke_med,0.7495040893554688,614,228,640,330,627,279
frame_179,Rack_2,22,3,coke_med,0.8306388258934021,592,233,620,331,606,282
frame_179,Rack_2,24,3,coke_med,0.8482959866523743,563,234,596,331,579,282
frame_179,Rack_2,3,3,coke_med,0.8800996541976929,534,234,567,332,550,283
frame_179,Rack_2,61,6,coke_v_med,0.7739018201828003,508,237,536,333,522,285
frame_179,Rack_2,26,2,anw_med,0.8059388399124146,422,258,448,333,435,295
frame_179,Rack_2,17,2,anw_med,0.8050298094749451,395,259,421,333,408,296
frame_179,Rack_2,43,2,anw_med,0.8201497197151184,369,259,394,333,381,296
frame_179,Rack_2,42,2,anw_med,0.8481996655464172,344,259,368,333,356,296
frame_179,Rack_2,46,2,anw_med,0.8505467772483826,318,259,342,333,330,296
frame_179,Rack_2,7,2,anw_med,0.8906877636909485,292,260,317,333,304,296
frame_179,Rack_2,30,15,pepsi_med,0.875186026096344,270,260,290,332,280,296
frame_179,Rack_2,8,15,pepsi_med,0.9221763014793396,247,260,269,333,258,296
frame_179,Rack_2,2,15,pepsi_med,0.9022983312606812,221,259,245,333,233,296
frame_179,Rack_2,16,15,pepsi_med,0.8885801434516907,200,259,221,333,210,296
frame_179,Rack_2,31,15,pepsi_med,0.9151511788368225,174,259,200,333,187,296
frame_179,Rack_2,44,15,pepsi_med,0.9071786999702454,153,259,174,333,163,296
frame_179,Rack_2,55,13,kick_med,0.7712370157241821,129,259,152,332,140,295
frame_179,Rack_2,53,13,kick_med,0.8173689842224121,109,259,130,332,119,295
frame_179,Rack_2,52,13,kick_med,0.8335224986076355,84,260,109,332,96,296
frame_179,Rack_2,56,13,kick_med,0.6906171441078186,62,262,84,332,73,297
frame_179,Rack_2,65,13,kick_med,0.5970032215118408,44,264,62,332,53,298
frame_179,Rack_2,69,13,kick_med,0.6248070001602173,22,266,44,332,33,299
frame_179,Rack_3,6,9,empty,0.896834135055542,556,358,633,483,594,420
frame_179,Rack_3,13,7,coke_z_big,0.9014001488685608,519,357,558,474,538,415
frame_179,Rack_3,1,7,coke_z_big,0.9021721482276917,478,358,518,474,498,416
frame_179,Rack_3,39,5,coke_v_big,0.8738979697227478,441,356,477,483,459,419
frame_179,Rack_3,4,5,coke_v_big,0.9138047695159912,402,356,440,484,421,420
frame_179,Rack_3,33,5,coke_v_big,0.8940035700798035,365,358,400,468,382,413
frame_179,Rack_3,18,5,coke_v_big,0.8854606747627258,330,358,364,466,347,412
frame_179,Rack_3,10,5,coke_v_big,0.9147186875343323,295,358,329,479,312,418
frame_179,Rack_3,9,14,pepsi_big,0.8864675760269165,262,358,293,481,277,419
frame_179,Rack_3,11,14,pepsi_big,0.8979116082191467,229,357,260,478,244,417
frame_179,Rack_3,54,14,pepsi_big,0.8981890678405762,196,356,228,477,212,416
frame_179,Rack_3,19,10,fanta_grape_big,0.9299900531768799,159,357,194,477,176,417
frame_179,Rack_3,51,10,fanta_grape_big,0.8952528834342957,133,357,158,473,145,415
frame_179,Rack_3,59,10,fanta_grape_big,0.7139971256256104,105,357,131,470,118,413
frame_179,Rack_3,23,12,fanta_straw_big,0.8958185315132141,69,357,106,462,87,409
frame_179,Rack_3,71,11,fanta_lychee_big,0.851814329624176,10,357,36,466,23,411
frame_180,Rack_1,32,1,a&w_small,0.6347087621688843,616,151,637,209,626,180
frame_180,Rack_1,48,1,a&w_small,0.7755430340766907,592,152,615,209,603,180
frame_180,Rack_1,37,1,a&w_small,0.8176653385162354,566,152,591,212,578,182
frame_180,Rack_1,27,1,a&w_small,0.8491889834403992,540,152,564,213,552,182
frame_180,Rack_1,36,1,a&w_small,0.7889984846115112,515,153,538,214,526,183
frame_180,Rack_1,49,4,coke_small,0.7903554439544678,490,153,513,215,501,184
frame_180,Rack_1,34,4,coke_small,0.9100069403648376,465,153,488,216,476,184
frame_180,Rack_1,12,4,coke_small,0.8796337842941284,444,153,465,218,454,185
frame_180,Rack_1,40,4,coke_small,0.8912926912307739,422,153,444,219,433,186
frame_180,Rack_1,38,4,coke_small,0.8704785704612732,400,153,423,220,411,186
frame_180,Rack_1,5,4,coke_small,0.9348665475845337,377,152,400,220,388,186
frame_180,Rack_1,21,17,sprite_small,0.8860065340995789,355,152,377,221,366,186
frame_180,Rack_1,14,17,sprite_small,0.8339545726776123,334,152,356,223,345,187
frame_180,Rack_1,25,17,sprite_small,0.8780973553657532,314,153,334,222,324,187
frame_180,Rack_1,15,17,sprite_small,0.8767841458320618,293,153,314,221,303,187
frame_180,Rack_1,28,9,empty,0.856618344783783,160,157,288,222,224,189
frame_180,Rack_1,58,0,7up_med,0.618079662322998,82,170,103,248,92,209
frame_180,Rack_1,62,0,7up_med,0.6133866906166077,60,171,81,249,70,210
frame_180,Rack_1,66,8,dew_med,0.5202968716621399,39,173,60,251,49,212
frame_180,Rack_1,67,8,dew_med,0.5131943225860596,17,174,38,254,27,214
frame_180,Rack_2,20,3,coke_med,0.6410768032073975,616,226,640,330,628,278
frame_180,Rack_2,22,3,coke_med,0.6264819502830505,596,248,620,330,608,289
frame_180,Rack_2,24,3,coke_med,0.8580600023269653,565,235,597,331,581,283
frame_180,Rack_2,3,3,coke_med,0.8520196676254272,537,243,567,332,552,287
frame_180,Rack_2,47,3,coke_med,0.6939339637756348,507,230,540,333,523,281
frame_180,Rack_2,26,2,anw_med,0.7914223074913025,423,259,449,333,436,296
frame_180,Rack_2,17,2,anw_med,0.8054254055023193,394,246,424,334,409,290
frame_180,Rack_2,43,2,anw_med,0.8449137806892395,370,258,395,333,382,295
frame_180,Rack_2,42,2,anw_med,0.8559518456459045,345,259,369,334,357,296
frame_180,Rack_2,46,2,anw_med,0.8412240743637085,319,259,343,334,331,296
frame_180,Rack_2,7,2,anw_med,0.9067955613136292,293,260,318,333,305,296
frame_180,Rack_2,30,15,pepsi_med,0.8995043039321899,270,260,291,332,280,296
frame_180,Rack_2,8,15,pepsi_med,0.9291071891784668,248,260,270,333,259,296
frame_180,Rack_2,2,15,pepsi_med,0.9163995385169983,222,260,246,333,234,296
frame_180,Rack_2,16,15,pepsi_med,0.9049281477928162,201,259,221,333,211,296
frame_180,Rack_2,31,15,pepsi_med,0.9315319061279297,175,260,201,333,188,296
frame_180,Rack_2,44,15,pepsi_med,0.8868657946586609,154,260,175,333,164,296
frame_180,Rack_2,55,13,kick_med,0.7354409098625183,130,260,153,332,141,296
frame_180,Rack_2,53,13,kick_med,0.8073137998580933,109,260,130,332,119,296
frame_180,Rack_2,52,13,kick_med,0.7955403923988342,85,260,110,332,97,296
frame_180,Rack_2,56,13,kick_med,0.6812373995780945,64,263,85,332,74,297
frame_180,Rack_2,65,13,kick_med,0.6558648347854614,46,265,63,332,54,298
frame_180,Rack_2,69,13,kick_med,0.8312356472015381,24,266,46,332,35,299
frame_180,Rack_3,6,9,empty,0.8942487835884094,559,358,635,483,597,420
frame_180,Rack_3,13,7,coke_z_big,0.8852816224098206,520,357,559,474,539,415
frame_180,Rack_3,1,7,coke_z_big,0.9086825251579285,479,357,519,474,499,415
frame_180,Rack_3,39,5,coke_v_big,0.8935681581497192,442,356,478,483,460,419
frame_180,Rack_3,4,5,coke_v_big,0.9081692099571228,403,356,441,484,422,420
frame_180,Rack_3,33,5,coke_v_big,0.8959394693374634,366,357,402,468,384,412
frame_180,Rack_3,18,5,coke_v_big,0.8936765193939209,331,358,365,466,348,412
frame_180,Rack_3,10,5,coke_v_big,0.9233703017234802,296,357,330,479,313,418
frame_180,Rack_3,9,14,pepsi_big,0.9010199904441833,263,357,294,481,278,419
frame_180,Rack_3,11,14,pepsi_big,0.906570553779602,230,356,262,479,246,417
frame_180,Rack_3,54,14,pepsi_big,0.907301127910614,197,356,229,478,213,417
frame_180,Rack_3,19,10,fanta_grape_big,0.9297906160354614,160,355,196,477,178,416
frame_180,Rack_3,51,10,fanta_grape_big,0.8959612846374512,133,356,159,473,146,414
frame_180,Rack_3,59,10,fanta_grape_big,0.5477811098098755,107,356,132,466,119,411
frame_180,Rack_3,23,12,fanta_straw_big,0.9266027808189392,70,356,107,462,88,409
frame_180,Rack_3,64,12,fanta_straw_big,0.6899092793464661,41,356,70,462,55,409
frame_180,Rack_3,71,11,fanta_lychee_big,0.8958711624145508,10,356,37,466,23,411
frame_181,Rack_1,32,1,a&w_small,0.5724688172340393,617,150,638,209,627,179
frame_181,Rack_1,48,1,a&w_small,0.816076934337616,593,151,617,209,605,180
frame_181,Rack_1,37,1,a&w_small,0.8386237025260925,568,152,592,211,580,181
frame_181,Rack_1,27,1,a&w_small,0.8345192670822144,541,152,565,213,553,182
frame_181,Rack_1,36,1,a&w_small,0.7442749738693237,516,153,539,214,527,183
frame_181,Rack_1,49,4,coke_small,0.717620313167572,491,153,515,215,503,184
frame_181,Rack_1,34,4,coke_small,0.8470661044120789,467,153,490,216,478,184
frame_181,Rack_1,12,4,coke_small,0.8952500820159912,446,153,466,218,456,185
frame_181,Rack_1,40,4,coke_small,0.8958138823509216,424,152,446,219,435,185
frame_181,Rack_1,38,4,coke_small,0.9405102133750916,401,153,424,220,412,186
frame_181,Rack_1,5,4,coke_small,0.9374223351478577,379,152,401,220,390,186
frame_181,Rack_1,21,17,sprite_small,0.8909629583358765,357,152,378,222,367,187
frame_181,Rack_1,14,17,sprite_small,0.8294521570205688,335,152,357,223,346,187
frame_181,Rack_1,25,17,sprite_small,0.8737262487411499,315,152,335,223,325,187
frame_181,Rack_1,15,17,sprite_small,0.9214150905609131,294,153,315,221,304,187
frame_181,Rack_1,28,9,empty,0.8495854735374451,162,157,288,221,225,189
frame_181,Rack_1,58,0,7up_med,0.6875835061073303,83,170,105,248,94,209
frame_181,Rack_1,62,0,7up_med,0.6395920515060425,61,171,82,249,71,210
frame_181,Rack_2,22,3,coke_med,0.7382697463035583,598,254,620,330,609,292
frame_181,Rack_2,24,3,coke_med,0.888759195804596,567,242,597,331,582,286
frame_181,Rack_2,3,3,coke_med,0.8801422715187073,540,252,567,332,553,292
frame_181,Rack_2,47,3,coke_med,0.6552425026893616,508,229,541,333,524,281
frame_181,Rack_2,26,2,anw_med,0.8119158148765564,424,259,450,334,437,296
frame_181,Rack_2,17,2,anw_med,0.8232956528663635,396,252,424,334,410,293
frame_181,Rack_2,43,2,anw_med,0.848554790019989,371,259,397,334,384,296
frame_181,Rack_2,42,2,anw_med,0.8594871759414673,346,259,370,334,358,296
frame_181,Rack_2,46,2,anw_med,0.8024447560310364,320,260,345,334,332,297
frame_181,Rack_2,7,2,anw_med,0.9034640789031982,294,260,319,334,306,297
frame_181,Rack_2,30,15,pepsi_med,0.8304734230041504,271,260,292,333,281,296
frame_181,Rack_2,8,15,pepsi_med,0.9127820730209351,248,260,271,334,259,297
frame_181,Rack_2,2,15,pepsi_med,0.9199907183647156,223,260,247,334,235,297
frame_181,Rack_2,16,15,pepsi_med,0.9252678751945496,202,260,223,334,212,297
frame_181,Rack_2,31,15,pepsi_med,0.9159840941429138,176,260,202,334,189,297
frame_181,Rack_2,44,15,pepsi_med,0.8699619174003601,155,261,176,333,165,297
frame_181,Rack_2,55,13,kick_med,0.7434547543525696,131,260,154,333,142,296
frame_181,Rack_2,53,13,kick_med,0.8035182356834412,110,260,131,333,120,296
frame_181,Rack_2,52,13,kick_med,0.7617384195327759,86,260,111,333,98,296
frame_181,Rack_2,56,13,kick_med,0.6145370006561279,64,263,86,333,75,298
frame_181,Rack_2,69,13,kick_med,0.7133309841156006,25,266,47,333,36,299
frame_181,Rack_3,6,9,empty,0.8873266577720642,559,356,636,484,597,420
frame_181,Rack_3,13,7,coke_z_big,0.8970651626586914,522,356,561,474,541,415
frame_181,Rack_3,1,7,coke_z_big,0.9254446625709534,480,356,521,475,500,415
frame_181,Rack_3,39,5,coke_v_big,0.8955485820770264,443,355,480,483,461,419
frame_181,Rack_3,4,5,coke_v_big,0.8846697807312012,404,357,442,485,423,421
frame_181,Rack_3,33,5,coke_v_big,0.8919775485992432,368,356,403,468,385,412
frame_181,Rack_3,18,5,coke_v_big,0.9009171724319458,332,357,367,467,349,412
frame_181,Rack_3,10,5,coke_v_big,0.9060934782028198,297,357,331,479,314,418
frame_181,Rack_3,9,14,pepsi_big,0.9153081774711609,263,355,295,481,279,418
frame_181,Rack_3,11,14,pepsi_big,0.895177960395813,231,355,263,479,247,417
frame_181,Rack_3,54,14,pepsi_big,0.8803319931030273,198,354,230,478,214,416
frame_181,Rack_3,19,10,fanta_grape_big,0.9302009344100952,161,354,197,477,179,415
frame_181,Rack_3,51,10,fanta_grape_big,0.8840159773826599,134,354,160,473,147,413
frame_181,Rack_3,59,10,fanta_grape_big,0.6008424758911133,108,354,134,466,121,410
frame_181,Rack_3,23,12,fanta_straw_big,0.8886964321136475,70,354,108,462,89,408
frame_181,Rack_3,64,12,fanta_straw_big,0.7494322657585144,42,354,71,462,56,408
frame_181,Rack_3,71,11,fanta_lychee_big,0.8827261328697205,11,355,38,465,24,410
frame_182,Rack_1,32,1,a&w_small,0.6419966220855713,618,150,638,209,628,179
frame_182,Rack_1,48,1,a&w_small,0.8631844520568848,595,151,619,209,607,180
frame_182,Rack_1,37,1,a&w_small,0.8531484007835388,569,152,594,211,581,181
frame_182,Rack_1,27,1,a&w_small,0.8299592137336731,542,153,567,212,554,182
frame_182,Rack_1,36,1,a&w_small,0.7003523111343384,518,154,541,214,529,184
frame_182,Rack_1,49,4,coke_small,0.7924950122833252,493,153,516,215,504,184
frame_182,Rack_1,34,4,coke_small,0.8705518245697021,468,153,491,216,479,184
frame_182,Rack_1,12,4,coke_small,0.9171188473701477,447,153,467,218,457,185
frame_182,Rack_1,40,4,coke_small,0.9400711059570312,425,152,447,219,436,185
frame_182,Rack_1,38,4,coke_small,0.9179748892784119,402,153,425,220,413,186
frame_182,Rack_1,5,4,coke_small,0.9292702674865723,380,153,402,220,391,186
frame_182,Rack_1,21,17,sprite_small,0.8980849385261536,358,152,380,222,369,187
frame_182,Rack_1,14,17,sprite_small,0.8470416069030762,337,152,358,223,347,187
frame_182,Rack_1,25,17,sprite_small,0.8545277714729309,316,152,336,222,326,187
frame_182,Rack_1,15,17,sprite_small,0.9245235323905945,295,153,316,221,305,187
frame_182,Rack_1,28,9,empty,0.8518902659416199,163,158,289,221,226,189
frame_182,Rack_1,58,0,7up_med,0.6627538204193115,84,170,105,248,94,209
frame_182,Rack_1,62,0,7up_med,0.581863522529602,62,171,83,249,72,210
frame_182,Rack_2,22,3,coke_med,0.7544506192207336,600,257,621,330,610,293
frame_182,Rack_2,24,3,coke_med,0.8637941479682922,569,245,598,331,583,288
frame_182,Rack_2,3,3,coke_med,0.8623826503753662,542,257,568,332,555,294
frame_182,Rack_2,47,3,coke_med,0.6406055688858032,510,228,543,334,526,281
frame_182,Rack_2,26,2,anw_med,0.804673433303833,425,259,452,334,438,296
frame_182,Rack_2,17,2,anw_med,0.8151567578315735,398,256,425,335,411,295
frame_182,Rack_2,43,2,anw_med,0.851980447769165,372,259,398,335,385,297
frame_182,Rack_2,42,2,anw_med,0.8427988886833191,346,259,371,334,358,296
frame_182,Rack_2,46,2,anw_med,0.7751784920692444,321,260,346,334,333,297
frame_182,Rack_2,7,2,anw_med,0.9100595712661743,295,261,320,334,307,297
frame_182,Rack_2,30,15,pepsi_med,0.8455170392990112,272,260,293,333,282,296
frame_182,Rack_2,8,15,pepsi_med,0.9090485572814941,249,260,272,334,260,297
frame_182,Rack_2,2,15,pepsi_med,0.9315602779388428,224,260,248,335,236,297
frame_182,Rack_2,16,15,pepsi_med,0.9078448414802551,203,260,224,334,213,297
frame_182,Rack_2,31,15,pepsi_med,0.9038785696029663,177,261,202,334,189,297
frame_182,Rack_2,44,15,pepsi_med,0.8877049684524536,156,260,177,333,166,296
frame_182,Rack_2,55,13,kick_med,0.8226482272148132,132,261,155,334,143,297
frame_182,Rack_2,53,13,kick_med,0.8394263386726379,111,260,132,334,121,297
frame_182,Rack_2,52,13,kick_med,0.8116961121559143,87,261,111,333,99,297
frame_182,Rack_2,56,13,kick_med,0.7072718143463135,65,263,87,334,76,298
frame_182,Rack_2,65,13,kick_med,0.6296273469924927,48,265,65,333,56,299
frame_182,Rack_2,69,13,kick_med,0.8161412477493286,26,266,48,334,37,300
frame_182,Rack_3,6,9,empty,0.8723336458206177,560,356,636,484,598,420
frame_182,Rack_3,13,7,coke_z_big,0.9041212797164917,523,356,562,474,542,415
frame_182,Rack_3,1,7,coke_z_big,0.9189527630805969,482,356,522,475,502,415
frame_182,Rack_3,39,5,coke_v_big,0.8698465824127197,444,355,481,483,462,419
frame_182,Rack_3,4,5,coke_v_big,0.9049744606018066,405,356,443,485,424,420
frame_182,Rack_3,33,5,coke_v_big,0.8868972063064575,368,357,404,469,386,413
frame_182,Rack_3,18,5,coke_v_big,0.9014815092086792,333,357,368,468,350,412
frame_182,Rack_3,10,5,coke_v_big,0.8912128806114197,298,357,332,480,315,418
frame_182,Rack_3,9,14,pepsi_big,0.9149776101112366,264,355,296,481,280,418
frame_182,Rack_3,11,14,pepsi_big,0.8894321322441101,231,354,263,479,247,416
frame_182,Rack_3,54,14,pepsi_big,0.8425031900405884,199,354,231,478,215,416
frame_182,Rack_3,19,10,fanta_grape_big,0.9184874296188354,161,354,198,478,179,416
frame_182,Rack_3,51,10,fanta_grape_big,0.8509805798530579,135,354,161,473,148,413
frame_182,Rack_3,59,10,fanta_grape_big,0.5296832323074341,109,353,135,466,122,409
frame_182,Rack_3,23,12,fanta_straw_big,0.864528238773346,72,353,110,462,91,407
frame_182,Rack_3,64,12,fanta_straw_big,0.7316935658454895,43,353,72,461,57,407
frame_182,Rack_3,71,11,fanta_lychee_big,0.8789534568786621,12,355,40,465,26,410
frame_183,Rack_1,48,1,a&w_small,0.8169296979904175,596,151,620,209,608,180
frame_183,Rack_1,37,1,a&w_small,0.8129217028617859,570,151,595,210,582,180
frame_183,Rack_1,27,1,a&w_small,0.8451237678527832,544,152,568,213,556,182
frame_183,Rack_1,36,1,a&w_small,0.7324028611183167,519,153,542,214,530,183
frame_183,Rack_1,49,4,coke_small,0.8037779927253723,494,153,518,215,506,184
frame_183,Rack_1,34,4,coke_small,0.9056748747825623,469,152,493,216,481,184
frame_183,Rack_1,12,4,coke_small,0.8738501071929932,448,153,468,218,458,185
frame_183,Rack_1,40,4,coke_small,0.8930551409721375,426,152,448,219,437,185
frame_183,Rack_1,38,4,coke_small,0.9129762053489685,403,153,426,220,414,186
frame_183,Rack_1,5,4,coke_small,0.9208463430404663,381,153,403,221,392,187
frame_183,Rack_1,21,17,sprite_small,0.8827501535415649,359,152,380,222,369,187
frame_183,Rack_1,14,17,sprite_small,0.8898822665214539,337,151,359,222,348,186
frame_183,Rack_1,25,17,sprite_small,0.8715288639068604,317,152,337,222,327,187
frame_183,Rack_1,15,17,sprite_small,0.9280430674552917,295,152,317,221,306,186
frame_183,Rack_1,28,9,empty,0.8609317541122437,163,157,290,221,226,189
frame_183,Rack_1,58,0,7up_med,0.7379683256149292,85,171,106,249,95,210
frame_183,Rack_1,62,0,7up_med,0.6953331828117371,63,171,84,249,73,210
frame_183,Rack_1,66,8,dew_med,0.5376585125923157,42,173,63,252,52,212
frame_183,Rack_2,22,3,coke_med,0.6616259813308716,598,238,625,330,611,284
frame_183,Rack_2,24,3,coke_med,0.8464491963386536,569,235,601,331,585,283
frame_183,Rack_2,3,3,coke_med,0.9126186370849609,541,242,572,332,556,287
frame_183,Rack_2,61,6,coke_v_med,0.5669232606887817,512,234,542,333,527,283
frame_183,Rack_2,47,3,coke_med,0.6141648888587952,511,228,544,334,527,281
frame_183,Rack_2,41,6,coke_v_med,0.5943542122840881,481,242,513,333,497,287
frame_183,Rack_2,29,6,coke_v_med,0.5910422205924988,451,244,484,334,467,289
frame_183,Rack_2,26,2,anw_med,0.8094231486320496,426,255,453,334,439,294
frame_183,Rack_2,17,2,anw_med,0.7689692378044128,399,256,426,335,412,295
frame_183,Rack_2,43,2,anw_med,0.83858722448349,373,255,400,335,386,295
frame_183,Rack_2,42,2,anw_med,0.8266515731811523,347,260,372,335,359,297
frame_183,Rack_2,46,2,anw_med,0.8003600239753723,322,261,346,334,334,297
frame_183,Rack_2,7,2,anw_med,0.9101607799530029,296,261,321,334,308,297
frame_183,Rack_2,30,15,pepsi_med,0.8503180742263794,273,261,294,333,283,297
frame_183,Rack_2,8,15,pepsi_med,0.9048079252243042,250,261,273,334,261,297
frame_183,Rack_2,2,15,pepsi_med,0.9363133311271667,225,260,249,335,237,297
frame_183,Rack_2,16,15,pepsi_med,0.9043470025062561,204,260,224,334,214,297
frame_183,Rack_2,31,15,pepsi_med,0.9113237857818604,178,261,203,334,190,297
frame_183,Rack_2,44,15,pepsi_med,0.8740927577018738,157,261,178,333,167,297
frame_183,Rack_2,55,13,kick_med,0.8486149311065674,133,261,156,333,144,297
frame_183,Rack_2,53,13,kick_med,0.847528874874115,112,260,133,334,122,297
frame_183,Rack_2,52,13,kick_med,0.8918222188949585,88,261,112,333,100,297
frame_183,Rack_2,56,13,kick_med,0.799766480922699,66,264,88,334,77,299
frame_183,Rack_2,65,13,kick_med,0.789140522480011,49,265,66,333,57,299
frame_183,Rack_2,69,13,kick_med,0.8517116904258728,27,267,49,334,38,300
frame_183,Rack_3,6,9,empty,0.8744937777519226,561,355,636,484,598,419
frame_183,Rack_3,13,7,coke_z_big,0.9056098461151123,524,355,564,475,544,415
frame_183,Rack_3,1,7,coke_z_big,0.9157683253288269,483,355,524,475,503,415
frame_183,Rack_3,39,5,coke_v_big,0.8640536665916443,445,355,482,484,463,419
frame_183,Rack_3,4,5,coke_v_big,0.9319358468055725,406,355,444,485,425,420
frame_183,Rack_3,33,5,coke_v_big,0.885819673538208,369,356,405,470,387,413
frame_183,Rack_3,18,5,coke_v_big,0.8966054320335388,334,357,369,469,351,413
frame_183,Rack_3,10,5,coke_v_big,0.8932434320449829,298,357,333,480,315,418
frame_183,Rack_3,9,14,pepsi_big,0.9211483597755432,265,354,297,481,281,417
frame_183,Rack_3,11,14,pepsi_big,0.9007620811462402,232,354,264,479,248,416
frame_183,Rack_3,54,14,pepsi_big,0.6812914609909058,199,354,231,478,215,416
frame_183,Rack_3,19,10,fanta_grape_big,0.919223427772522,162,354,198,478,180,416
frame_183,Rack_3,51,10,fanta_grape_big,0.8474670648574829,136,354,161,473,148,413
frame_183,Rack_3,23,12,fanta_straw_big,0.8808571696281433,72,354,110,463,91,408
frame_183,Rack_3,64,12,fanta_straw_big,0.7073239684104919,44,354,73,462,58,408
frame_183,Rack_3,71,11,fanta_lychee_big,0.8940427303314209,13,355,42,465,27,410
frame_184,Rack_1,48,1,a&w_small,0.8215371966362,597,151,620,209,608,180
frame_184,Rack_1,37,1,a&w_small,0.8323618173599243,571,152,596,210,583,181
frame_184,Rack_1,27,1,a&w_small,0.8476071953773499,545,152,569,212,557,182
frame_184,Rack_1,36,1,a&w_small,0.7355086207389832,520,153,543,214,531,183
frame_184,Rack_1,49,4,coke_small,0.8132349252700806,495,153,518,215,506,184
frame_184,Rack_1,34,4,coke_small,0.8876050710678101,470,152,494,216,482,184
frame_184,Rack_1,12,4,coke_small,0.8591058850288391,449,153,469,217,459,185
frame_184,Rack_1,40,4,coke_small,0.9047101140022278,427,153,449,219,438,186
frame_184,Rack_1,38,4,coke_small,0.9179160594940186,404,153,427,220,415,186
frame_184,Rack_1,5,4,coke_small,0.9087855815887451,382,154,404,220,393,187
frame_184,Rack_1,21,17,sprite_small,0.8469394445419312,360,153,381,222,370,187
frame_184,Rack_1,14,17,sprite_small,0.8582334518432617,338,152,360,222,349,187
frame_184,Rack_1,25,17,sprite_small,0.8626077175140381,318,152,338,222,328,187
frame_184,Rack_1,15,17,sprite_small,0.9114938378334045,296,152,318,222,307,187
frame_184,Rack_1,28,9,empty,0.8583204746246338,162,157,291,222,226,189
frame_184,Rack_1,58,0,7up_med,0.5892425775527954,86,171,107,249,96,210
frame_184,Rack_1,62,8,dew_med,0.5972975492477417,63,171,85,249,74,210
frame_184,Rack_1,66,8,dew_med,0.5521143078804016,43,173,64,252,53,212
frame_184,Rack_2,22,3,coke_med,0.736007034778595,600,241,625,331,612,286
frame_184,Rack_2,24,3,coke_med,0.8336623311042786,571,236,602,332,586,284
frame_184,Rack_2,3,3,coke_med,0.8882986903190613,544,252,572,333,558,292
frame_184,Rack_2,61,6,coke_v_med,0.5002598762512207,513,234,543,333,528,283
frame_184,Rack_2,47,3,coke_med,0.5611718893051147,512,229,545,334,528,281
frame_184,Rack_2,26,2,anw_med,0.8307549357414246,427,258,454,334,440,296
frame_184,Rack_2,17,2,anw_med,0.8396039605140686,400,258,426,335,413,296
frame_184,Rack_2,43,2,anw_med,0.8562504053115845,374,256,400,335,387,295
frame_184,Rack_2,42,2,anw_med,0.8413801193237305,348,260,373,335,360,297
frame_184,Rack_2,46,2,anw_med,0.810437798500061,323,261,347,334,335,297
frame_184,Rack_2,7,2,anw_med,0.9031554460525513,296,261,321,334,308,297
frame_184,Rack_2,30,15,pepsi_med,0.861619770526886,274,261,294,333,284,297
frame_184,Rack_2,8,15,pepsi_med,0.8885957598686218,251,261,273,334,262,297
frame_184,Rack_2,2,15,pepsi_med,0.9182727336883545,225,260,249,335,237,297
frame_184,Rack_2,16,15,pepsi_med,0.8938091397285461,205,260,225,334,215,297
frame_184,Rack_2,31,15,pepsi_med,0.902528703212738,179,261,204,334,191,297
frame_184,Rack_2,44,15,pepsi_med,0.8913801312446594,157,261,178,333,167,297
frame_184,Rack_2,55,13,kick_med,0.8696429133415222,134,261,157,333,145,297
frame_184,Rack_2,53,13,kick_med,0.8405163884162903,113,260,134,334,123,297
frame_184,Rack_2,52,13,kick_med,0.8602487444877625,89,261,113,333,101,297
frame_184,Rack_2,56,13,kick_med,0.7567064166069031,67,263,89,334,78,298
frame_184,Rack_2,65,13,kick_med,0.6447576284408569,50,265,67,333,58,299
frame_184,Rack_2,69,13,kick_med,0.7201541662216187,28,267,50,334,39,300
frame_184,Rack_3,6,9,empty,0.880773663520813,562,355,636,484,599,419
frame_184,Rack_3,13,7,coke_z_big,0.9178222417831421,525,355,565,475,545,415
frame_184,Rack_3,1,7,coke_z_big,0.9230747818946838,484,355,525,475,504,415
frame_184,Rack_3,39,5,coke_v_big,0.8578156232833862,446,355,483,484,464,419
frame_184,Rack_3,4,5,coke_v_big,0.9245806932449341,407,355,445,485,426,420
frame_184,Rack_3,33,5,coke_v_big,0.8829579949378967,370,356,406,470,388,413
frame_184,Rack_3,18,5,coke_v_big,0.8997865915298462,335,357,370,468,352,412
frame_184,Rack_3,10,5,coke_v_big,0.8946342468261719,299,358,334,481,316,419
frame_184,Rack_3,9,14,pepsi_big,0.9213547706604004,265,354,297,481,281,417
frame_184,Rack_3,11,14,pepsi_big,0.8981803059577942,233,353,265,479,249,416
frame_184,Rack_3,54,14,pepsi_big,0.7871180176734924,200,354,232,478,216,416
frame_184,Rack_3,19,10,fanta_grape_big,0.9265938401222229,163,354,199,478,181,416
frame_184,Rack_3,51,10,fanta_grape_big,0.8436272740364075,136,354,162,473,149,413
frame_184,Rack_3,23,12,fanta_straw_big,0.8880330324172974,73,354,111,463,92,408
frame_184,Rack_3,64,12,fanta_straw_big,0.717115044593811,44,354,73,462,58,408
frame_184,Rack_3,71,11,fanta_lychee_big,0.9006937146186829,14,355,43,465,28,410
frame_185,Rack_1,48,1,a&w_small,0.77365642786026,598,151,621,209,609,180
frame_185,Rack_1,37,1,a&w_small,0.814069390296936,572,151,597,211,584,181
frame_185,Rack_1,27,1,a&w_small,0.8371840715408325,546,151,571,212,558,181
frame_185,Rack_1,36,1,a&w_small,0.7369219660758972,521,152,544,213,532,182
frame_185,Rack_1,49,4,coke_small,0.8539100289344788,496,153,519,215,507,184
frame_185,Rack_1,34,4,coke_small,0.8728852272033691,471,152,495,216,483,184
frame_185,Rack_1,12,4,coke_small,0.8306518197059631,450,153,470,217,460,185
frame_185,Rack_1,40,4,coke_small,0.8958279490470886,428,153,450,219,439,186
frame_185,Rack_1,38,4,coke_small,0.9024074077606201,405,153,428,220,416,186
frame_185,Rack_1,5,4,coke_small,0.9110471606254578,382,153,405,220,393,186
frame_185,Rack_1,21,17,sprite_small,0.8529117703437805,361,153,382,221,371,187
frame_185,Rack_1,14,17,sprite_small,0.8713704943656921,339,152,360,222,349,187
frame_185,Rack_1,25,17,sprite_small,0.8859879970550537,319,153,339,223,329,188
frame_185,Rack_1,15,17,sprite_small,0.9050607681274414,297,152,319,222,308,187
frame_185,Rack_1,28,9,empty,0.8617916703224182,162,157,292,222,227,189
frame_185,Rack_1,58,0,7up_med,0.5246368050575256,86,171,108,248,97,209
frame_185,Rack_1,62,8,dew_med,0.670041561126709,64,172,86,249,75,210
frame_185,Rack_1,66,8,dew_med,0.6035211086273193,43,173,64,252,53,212
frame_185,Rack_2,22,3,coke_med,0.8474223017692566,600,233,628,331,614,282
frame_185,Rack_2,24,3,coke_med,0.8575180172920227,571,232,604,332,587,282
frame_185,Rack_2,3,3,coke_med,0.9030171036720276,543,240,574,333,558,286
frame_185,Rack_2,61,6,coke_v_med,0.7435840964317322,514,232,544,333,529,282
frame_185,Rack_2,41,6,coke_v_med,0.5831027030944824,482,239,515,333,498,286
frame_185,Rack_2,26,2,anw_med,0.8023311495780945,428,258,455,334,441,296
frame_185,Rack_2,17,2,anw_med,0.8015086650848389,401,259,427,334,414,296
frame_185,Rack_2,43,2,anw_med,0.8246033191680908,375,256,401,335,388,295
frame_185,Rack_2,42,2,anw_med,0.8393835425376892,349,260,374,335,361,297
frame_185,Rack_2,46,2,anw_med,0.8143848776817322,323,261,348,334,335,297
frame_185,Rack_2,7,2,anw_med,0.9016268253326416,297,261,322,334,309,297
frame_185,Rack_2,30,15,pepsi_med,0.8615416884422302,275,261,295,333,285,297
frame_185,Rack_2,8,15,pepsi_med,0.8857386708259583,252,260,274,334,263,297
frame_185,Rack_2,2,15,pepsi_med,0.9092055559158325,226,260,250,334,238,297
frame_185,Rack_2,16,15,pepsi_med,0.8991404175758362,205,260,226,334,215,297
frame_185,Rack_2,31,15,pepsi_med,0.912956714630127,179,262,204,334,191,298
frame_185,Rack_2,44,15,pepsi_med,0.8856629729270935,158,261,179,333,168,297
frame_185,Rack_2,55,13,kick_med,0.8379170298576355,134,261,157,333,145,297
frame_185,Rack_2,53,13,kick_med,0.8817245960235596,114,261,134,334,124,297
frame_185,Rack_2,52,13,kick_med,0.8598864674568176,90,261,114,334,102,297
frame_185,Rack_2,56,13,kick_med,0.745049238204956,68,264,89,334,78,299
frame_185,Rack_2,65,13,kick_med,0.6713529229164124,50,265,68,333,59,299
frame_185,Rack_2,69,13,kick_med,0.6710959672927856,29,267,50,335,39,301
frame_185,Rack_3,6,9,empty,0.8862031698226929,563,355,637,484,600,419
frame_185,Rack_3,13,7,coke_z_big,0.9134843349456787,526,355,566,476,546,415
frame_185,Rack_3,1,7,coke_z_big,0.9251119494438171,485,355,526,476,505,415
frame_185,Rack_3,39,5,coke_v_big,0.8625301122665405,447,356,484,484,465,420
frame_185,Rack_3,4,5,coke_v_big,0.931995153427124,407,355,446,485,426,420
frame_185,Rack_3,33,5,coke_v_big,0.8762848973274231,371,356,407,470,389,413
frame_185,Rack_3,18,5,coke_v_big,0.9054476022720337,335,357,371,469,353,413
frame_185,Rack_3,10,5,coke_v_big,0.8929965496063232,300,358,334,481,317,419
frame_185,Rack_3,9,14,pepsi_big,0.9176232218742371,266,354,298,482,282,418
frame_185,Rack_3,11,14,pepsi_big,0.9146453738212585,233,353,265,479,249,416
frame_185,Rack_3,54,14,pepsi_big,0.78403240442276,201,354,233,479,217,416
frame_185,Rack_3,19,10,fanta_grape_big,0.9305388927459717,164,354,200,478,182,416
frame_185,Rack_3,51,10,fanta_grape_big,0.8535807728767395,137,354,163,473,150,413
frame_185,Rack_3,23,12,fanta_straw_big,0.8822742700576782,74,354,111,462,92,408
frame_185,Rack_3,64,12,fanta_straw_big,0.7064942717552185,45,354,74,462,59,408
frame_185,Rack_3,71,11,fanta_lychee_big,0.9060363173484802,14,355,43,465,28,410
frame_186,Rack_1,48,1,a&w_small,0.7666037678718567,600,150,623,209,611,179
frame_186,Rack_1,37,1,a&w_small,0.7929850816726685,573,152,598,211,585,181
frame_186,Rack_1,27,1,a&w_small,0.84622722864151,547,151,572,212,559,181
frame_186,Rack_1,36,1,a&w_small,0.7761999368667603,522,152,545,213,533,182
frame_186,Rack_1,49,4,coke_small,0.857569694519043,496,153,520,215,508,184
frame_186,Rack_1,34,4,coke_small,0.8691443800926208,472,152,496,216,484,184
frame_186,Rack_1,12,4,coke_small,0.8695254921913147,451,153,471,217,461,185
frame_186,Rack_1,40,4,coke_small,0.8999311923980713,429,153,451,218,440,185
frame_186,Rack_1,38,4,coke_small,0.8614092469215393,406,153,428,219,417,186
frame_186,Rack_1,5,4,coke_small,0.8998088240623474,383,153,405,219,394,186
frame_186,Rack_1,21,17,sprite_small,0.8248381614685059,362,152,383,220,372,186
frame_186,Rack_1,14,17,sprite_small,0.815767228603363,340,152,361,222,350,187
frame_186,Rack_1,25,17,sprite_small,0.8876158595085144,320,153,339,221,329,187
frame_186,Rack_1,15,17,sprite_small,0.9068949818611145,298,152,319,221,308,186
frame_186,Rack_1,28,9,empty,0.8520987629890442,153,156,303,233,228,194
frame_186,Rack_1,62,8,dew_med,0.5955513715744019,65,172,86,249,75,210
frame_186,Rack_1,67,8,dew_med,0.5550423860549927,22,174,43,253,32,213
frame_186,Rack_2,22,3,coke_med,0.8101008534431458,601,230,630,331,615,280
frame_186,Rack_2,24,3,coke_med,0.8644339442253113,572,231,604,332,588,281
frame_186,Rack_2,3,3,coke_med,0.8904399871826172,544,236,576,333,560,284
frame_186,Rack_2,61,6,coke_v_med,0.7410905361175537,515,232,545,333,530,282
frame_186,Rack_2,26,2,anw_med,0.8103475570678711,429,259,455,334,442,296
frame_186,Rack_2,17,2,anw_med,0.808636486530304,402,259,428,334,415,296
frame_186,Rack_2,43,2,anw_med,0.8239361643791199,376,259,401,335,388,297
frame_186,Rack_2,42,2,anw_med,0.8485164046287537,350,261,374,335,362,298
frame_186,Rack_2,46,2,anw_med,0.7962841391563416,324,261,348,334,336,297
frame_186,Rack_2,7,2,anw_med,0.8999511003494263,298,261,323,334,310,297
frame_186,Rack_2,30,15,pepsi_med,0.8526836633682251,275,261,296,333,285,297
frame_186,Rack_2,8,15,pepsi_med,0.8734976053237915,252,260,275,334,263,297
frame_186,Rack_2,2,15,pepsi_med,0.9009435772895813,227,261,251,334,239,297
frame_186,Rack_2,16,15,pepsi_med,0.9149553775787354,206,260,226,334,216,297
frame_186,Rack_2,31,15,pepsi_med,0.8776116371154785,180,261,205,334,192,297
frame_186,Rack_2,44,15,pepsi_med,0.851905882358551,159,261,179,333,169,297
frame_186,Rack_2,55,13,kick_med,0.8354964852333069,135,261,158,333,146,297
frame_186,Rack_2,53,13,kick_med,0.9160211086273193,114,261,135,334,124,297
frame_186,Rack_2,52,13,kick_med,0.8649861216545105,90,261,115,334,102,297
frame_186,Rack_2,56,13,kick_med,0.8348103761672974,68,264,90,334,79,299
frame_186,Rack_2,65,13,kick_med,0.700452983379364,51,265,68,333,59,299
frame_186,Rack_2,69,13,kick_med,0.7146461606025696,30,268,51,335,40,301
frame_186,Rack_2,80,13,kick_med,0.621474027633667,3,266,28,338,15,302
frame_186,Rack_3,6,9,empty,0.8768277168273926,564,355,637,484,600,419
frame_186,Rack_3,13,7,coke_z_big,0.9109083414077759,527,354,567,476,547,415
frame_186,Rack_3,1,7,coke_z_big,0.9193185567855835,486,355,527,476,506,415
frame_186,Rack_3,39,5,coke_v_big,0.8529316186904907,448,355,485,484,466,419
frame_186,Rack_3,4,5,coke_v_big,0.9259531497955322,408,355,447,485,427,420
frame_186,Rack_3,33,5,coke_v_big,0.8659242987632751,372,356,408,470,390,413
frame_186,Rack_3,18,5,coke_v_big,0.8991276025772095,336,357,372,469,354,413
frame_186,Rack_3,10,5,coke_v_big,0.9010258316993713,301,358,335,481,318,419
frame_186,Rack_3,9,14,pepsi_big,0.9194598197937012,266,354,298,482,282,418
frame_186,Rack_3,11,14,pepsi_big,0.9233970642089844,234,353,266,479,250,416
frame_186,Rack_3,54,14,pepsi_big,0.8858487010002136,201,354,233,479,217,416
frame_186,Rack_3,19,10,fanta_grape_big,0.9247921109199524,164,354,200,478,182,416
frame_186,Rack_3,51,10,fanta_grape_big,0.8487468361854553,137,355,163,474,150,414
frame_186,Rack_3,23,12,fanta_straw_big,0.8972691893577576,74,354,112,462,93,408
frame_186,Rack_3,79,12,fanta_straw_big,0.6927767395973206,46,354,74,461,60,407
frame_186,Rack_3,64,12,fanta_straw_big,0.7683616876602173,45,355,74,462,59,408
frame_186,Rack_3,71,11,fanta_lychee_big,0.8847057223320007,15,355,44,466,29,410
frame_187,Rack_1,48,1,a&w_small,0.7529004216194153,602,150,627,210,614,180
frame_187,Rack_1,37,1,a&w_small,0.8159272074699402,574,152,599,211,586,181
frame_187,Rack_1,27,1,a&w_small,0.8467898964881897,548,152,573,212,560,182
frame_187,Rack_1,36,1,a&w_small,0.7902266383171082,523,153,546,213,534,183
frame_187,Rack_1,49,4,coke_small,0.8123763799667358,497,153,521,215,509,184
frame_187,Rack_1,34,4,coke_small,0.827778160572052,473,153,496,216,484,184
frame_187,Rack_1,12,4,coke_small,0.8765884041786194,451,153,472,218,461,185
frame_187,Rack_1,40,4,coke_small,0.8971995711326599,430,153,451,218,440,185
frame_187,Rack_1,38,4,coke_small,0.8623705506324768,407,153,429,218,418,185
frame_187,Rack_1,5,4,coke_small,0.8956496715545654,384,152,406,218,395,185
frame_187,Rack_1,21,17,sprite_small,0.8773896098136902,363,152,383,219,373,185
frame_187,Rack_1,14,17,sprite_small,0.8226918578147888,341,152,362,222,351,187
frame_187,Rack_1,25,17,sprite_small,0.8805034160614014,321,153,340,221,330,187
frame_187,Rack_1,15,17,sprite_small,0.8932158350944519,299,152,320,220,309,186
frame_187,Rack_1,28,9,empty,0.8393586874008179,150,157,307,239,228,198
frame_187,Rack_1,58,0,7up_med,0.5145165324211121,88,171,109,248,98,209
frame_187,Rack_1,62,8,dew_med,0.5463226437568665,65,172,87,250,76,211
frame_187,Rack_1,67,8,dew_med,0.7228104472160339,23,175,44,253,33,214
frame_187,Rack_2,22,3,coke_med,0.7671778202056885,603,230,632,331,617,280
frame_187,Rack_2,24,3,coke_med,0.8091738820075989,574,238,604,332,589,285
frame_187,Rack_2,3,3,coke_med,0.8540202379226685,547,251,574,333,560,292
frame_187,Rack_2,61,6,coke_v_med,0.6782684922218323,516,232,546,333,531,282
frame_187,Rack_2,26,2,anw_med,0.834557056427002,430,260,456,334,443,297
frame_187,Rack_2,17,2,anw_med,0.8355219960212708,403,261,428,334,415,297
frame_187,Rack_2,43,2,anw_med,0.8337388634681702,377,260,402,335,389,297
frame_187,Rack_2,42,2,anw_med,0.8607116937637329,351,261,375,335,363,298
frame_187,Rack_2,46,2,anw_med,0.7954676151275635,325,261,349,334,337,297
frame_187,Rack_2,7,2,anw_med,0.8948028087615967,298,261,324,334,311,297
frame_187,Rack_2,30,15,pepsi_med,0.8639110326766968,276,261,297,333,286,297
frame_187,Rack_2,8,15,pepsi_med,0.8831474781036377,253,261,276,334,264,297
frame_187,Rack_2,2,15,pepsi_med,0.9179624319076538,228,261,251,334,239,297
frame_187,Rack_2,16,15,pepsi_med,0.9272680282592773,207,261,227,334,217,297
frame_187,Rack_2,31,15,pepsi_med,0.9130999445915222,181,261,206,335,193,298
frame_187,Rack_2,44,15,pepsi_med,0.8609352707862854,159,261,180,334,169,297
frame_187,Rack_2,55,13,kick_med,0.7631207704544067,136,261,158,333,147,297
frame_187,Rack_2,53,13,kick_med,0.8741442561149597,115,261,135,333,125,297
frame_187,Rack_2,52,13,kick_med,0.8307726383209229,91,261,115,334,103,297
frame_187,Rack_2,56,13,kick_med,0.8300704956054688,69,263,91,334,80,298
frame_187,Rack_2,65,13,kick_med,0.764843761920929,52,264,69,334,60,299
frame_187,Rack_2,69,13,kick_med,0.8466537594795227,30,267,52,335,41,301
frame_187,Rack_2,80,13,kick_med,0.7114647626876831,6,266,30,338,18,302
frame_187,Rack_3,6,9,empty,0.8619591593742371,565,355,637,484,601,419
frame_187,Rack_3,13,7,coke_z_big,0.9096710681915283,528,355,568,476,548,415
frame_187,Rack_3,1,7,coke_z_big,0.9092165231704712,487,356,527,476,507,416
frame_187,Rack_3,39,5,coke_v_big,0.8656256794929504,449,355,486,485,467,420
frame_187,Rack_3,4,5,coke_v_big,0.9286778569221497,409,355,448,486,428,420
frame_187,Rack_3,33,5,coke_v_big,0.8855550289154053,373,357,408,471,390,414
frame_187,Rack_3,18,5,coke_v_big,0.9059689044952393,337,357,373,469,355,413
frame_187,Rack_3,10,5,coke_v_big,0.9105893969535828,301,358,336,481,318,419
frame_187,Rack_3,9,14,pepsi_big,0.9258561134338379,267,354,299,482,283,418
frame_187,Rack_3,11,14,pepsi_big,0.9248775839805603,234,353,266,479,250,416
frame_187,Rack_3,54,14,pepsi_big,0.8917134404182434,202,354,234,479,218,416
frame_187,Rack_3,19,10,fanta_grape_big,0.938439130783081,165,354,201,478,183,416
frame_187,Rack_3,51,10,fanta_grape_big,0.8721479177474976,138,354,164,474,151,414
frame_187,Rack_3,59,10,fanta_grape_big,0.5405752658843994,112,354,137,466,124,410
frame_187,Rack_3,23,12,fanta_straw_big,0.8737005591392517,74,354,112,463,93,408
frame_187,Rack_3,64,12,fanta_straw_big,0.8099192976951599,46,354,75,462,60,408
frame_187,Rack_3,79,12,fanta_straw_big,0.5975101590156555,46,354,75,462,60,408
frame_187,Rack_3,71,11,fanta_lychee_big,0.8836888074874878,15,355,45,466,30,410
frame_188,Rack_1,48,1,a&w_small,0.7588309645652771,602,149,627,211,614,180
frame_188,Rack_1,37,1,a&w_small,0.8141141533851624,575,152,600,212,587,182
frame_188,Rack_1,27,1,a&w_small,0.8409183621406555,548,152,574,214,561,183
frame_188,Rack_1,36,1,a&w_small,0.830107569694519,524,154,547,214,535,184
frame_188,Rack_1,49,4,coke_small,0.7763623595237732,498,154,521,215,509,184
frame_188,Rack_1,34,4,coke_small,0.8243901133537292,474,153,497,216,485,184
frame_188,Rack_1,12,4,coke_small,0.8902339935302734,452,153,473,218,462,185
frame_188,Rack_1,40,4,coke_small,0.8793794512748718,430,153,452,218,441,185
frame_188,Rack_1,38,4,coke_small,0.8375488519668579,408,153,430,218,419,185
frame_188,Rack_1,5,4,coke_small,0.9042361974716187,385,152,407,218,396,185
frame_188,Rack_1,21,17,sprite_small,0.8624169230461121,363,152,384,219,373,185
frame_188,Rack_1,14,17,sprite_small,0.8306124806404114,342,152,363,222,352,187
frame_188,Rack_1,25,17,sprite_small,0.850558876991272,321,152,341,221,331,186
frame_188,Rack_1,15,17,sprite_small,0.8689665198326111,300,152,321,220,310,186
frame_188,Rack_1,28,9,empty,0.8454676866531372,151,157,309,241,230,199
frame_188,Rack_1,58,0,7up_med,0.5328553318977356,88,172,110,249,99,210
frame_188,Rack_1,62,8,dew_med,0.5013198852539062,66,172,88,250,77,211
frame_188,Rack_1,67,8,dew_med,0.792651891708374,24,175,45,253,34,214
frame_188,Rack_2,22,3,coke_med,0.8364442586898804,606,249,630,332,618,290
frame_188,Rack_2,24,3,coke_med,0.8577643632888794,577,252,603,332,590,292
frame_188,Rack_2,3,3,coke_med,0.8115118145942688,549,259,574,333,561,296
frame_188,Rack_2,61,6,coke_v_med,0.7233397960662842,519,244,545,334,532,289
frame_188,Rack_2,26,2,anw_med,0.8440271019935608,431,260,457,334,444,297
frame_188,Rack_2,17,2,anw_med,0.8361184000968933,404,261,429,334,416,297
frame_188,Rack_2,43,2,anw_med,0.8219924569129944,378,259,403,334,390,296
frame_188,Rack_2,42,2,anw_med,0.8556904196739197,352,261,376,335,364,298
frame_188,Rack_2,46,2,anw_med,0.8196440935134888,326,262,350,334,338,298
frame_188,Rack_2,7,2,anw_med,0.8982782959938049,299,261,324,334,311,297
frame_188,Rack_2,30,15,pepsi_med,0.9035604000091553,277,261,297,332,287,296
frame_188,Rack_2,8,15,pepsi_med,0.9005307555198669,254,261,276,334,265,297
frame_188,Rack_2,2,15,pepsi_med,0.9296937584877014,228,261,252,334,240,297
frame_188,Rack_2,16,15,pepsi_med,0.9235793352127075,208,261,228,334,218,297
frame_188,Rack_2,31,15,pepsi_med,0.906139075756073,181,261,207,335,194,298
frame_188,Rack_2,44,15,pepsi_med,0.8895037174224854,160,261,181,334,170,297
frame_188,Rack_2,55,13,kick_med,0.7940813899040222,136,261,159,333,147,297
frame_188,Rack_2,53,13,kick_med,0.8586114645004272,116,261,136,334,126,297
frame_188,Rack_2,52,13,kick_med,0.8503729701042175,92,261,116,334,104,297
frame_188,Rack_2,56,13,kick_med,0.817026674747467,70,262,92,334,81,298
frame_188,Rack_2,65,13,kick_med,0.719314455986023,52,264,70,334,61,299
frame_188,Rack_2,69,13,kick_med,0.8568699955940247,31,267,53,335,42,301
frame_188,Rack_2,80,13,kick_med,0.5487209558486938,8,267,32,335,20,301
frame_188,Rack_3,6,9,empty,0.8727108240127563,567,356,637,485,602,420
frame_188,Rack_3,13,7,coke_z_big,0.902535617351532,529,356,569,477,549,416
frame_188,Rack_3,1,7,coke_z_big,0.9036977887153625,488,357,528,477,508,417
frame_188,Rack_3,39,5,coke_v_big,0.8848873376846313,450,355,487,485,468,420
frame_188,Rack_3,4,5,coke_v_big,0.9304633140563965,410,356,448,486,429,421
frame_188,Rack_3,33,5,coke_v_big,0.8933649063110352,373,357,409,471,391,414
frame_188,Rack_3,18,5,coke_v_big,0.9115874171257019,338,358,373,470,355,414
frame_188,Rack_3,10,5,coke_v_big,0.9192683696746826,302,358,337,481,319,419
frame_188,Rack_3,9,14,pepsi_big,0.9299530386924744,268,356,300,483,284,419
frame_188,Rack_3,11,14,pepsi_big,0.9245538115501404,235,355,267,480,251,417
frame_188,Rack_3,54,14,pepsi_big,0.8946342468261719,202,356,234,479,218,417
frame_188,Rack_3,19,10,fanta_grape_big,0.9477431178092957,166,355,201,478,183,416
frame_188,Rack_3,51,10,fanta_grape_big,0.8678343296051025,139,355,164,474,151,414
frame_188,Rack_3,59,10,fanta_grape_big,0.7299172282218933,112,355,138,467,125,411
frame_188,Rack_3,23,12,fanta_straw_big,0.8845189809799194,75,355,112,463,93,409
frame_188,Rack_3,64,12,fanta_straw_big,0.6562920212745667,47,355,76,462,61,408
frame_188,Rack_3,71,11,fanta_lychee_big,0.8767022490501404,16,356,46,466,31,411
frame_189,Rack_1,48,1,a&w_small,0.7446258664131165,602,150,628,211,615,180
frame_189,Rack_1,37,1,a&w_small,0.800723135471344,576,152,601,212,588,182
frame_189,Rack_1,27,1,a&w_small,0.8379090428352356,550,153,575,213,562,183
frame_189,Rack_1,36,1,a&w_small,0.8075058460235596,525,154,548,214,536,184
frame_189,Rack_1,49,4,coke_small,0.7741988301277161,499,154,523,215,511,184
frame_189,Rack_1,34,4,coke_small,0.8333058953285217,475,153,498,217,486,185
frame_189,Rack_1,12,4,coke_small,0.9103750586509705,453,154,474,218,463,186
frame_189,Rack_1,40,4,coke_small,0.8906679153442383,431,154,452,218,441,186
frame_189,Rack_1,38,4,coke_small,0.8249014616012573,409,154,430,218,419,186
frame_189,Rack_1,5,4,coke_small,0.9116128087043762,386,153,408,218,397,185
frame_189,Rack_1,21,17,sprite_small,0.8572417497634888,364,153,384,220,374,186
frame_189,Rack_1,14,17,sprite_small,0.8452447056770325,342,152,363,222,352,187
frame_189,Rack_1,25,17,sprite_small,0.8723191022872925,322,153,342,221,332,187
frame_189,Rack_1,15,17,sprite_small,0.8812453746795654,301,153,321,220,311,186
frame_189,Rack_1,28,9,empty,0.7918847799301147,153,158,308,242,230,200
frame_189,Rack_1,58,0,7up_med,0.5598660707473755,89,172,111,249,100,210
frame_189,Rack_1,62,8,dew_med,0.5141942501068115,67,173,89,251,78,212
frame_189,Rack_1,67,8,dew_med,0.7870760560035706,25,175,46,253,35,214
frame_189,Rack_2,22,3,coke_med,0.8090132474899292,606,246,631,332,618,289
frame_189,Rack_2,24,3,coke_med,0.7716869115829468,576,239,606,333,591,286
frame_189,Rack_2,3,3,coke_med,0.8108549118041992,547,241,578,333,562,287
frame_189,Rack_2,47,3,coke_med,0.8126212358474731,517,232,548,334,532,283
frame_189,Rack_2,26,2,anw_med,0.7959607243537903,431,259,458,334,444,296
frame_189,Rack_2,17,2,anw_med,0.8424251079559326,405,260,430,334,417,297
frame_189,Rack_2,43,2,anw_med,0.8008876442909241,378,259,404,334,391,296
frame_189,Rack_2,42,2,anw_med,0.8365867733955383,352,260,377,335,364,297
frame_189,Rack_2,46,2,anw_med,0.8298048377037048,327,260,351,335,339,297
frame_189,Rack_2,7,2,anw_med,0.8886342644691467,300,260,325,335,312,297
frame_189,Rack_2,30,15,pepsi_med,0.9180827140808105,278,261,298,332,288,296
frame_189,Rack_2,8,15,pepsi_med,0.9028566479682922,255,260,277,334,266,297
frame_189,Rack_2,2,15,pepsi_med,0.9173978567123413,229,261,252,334,240,297
frame_189,Rack_2,16,15,pepsi_med,0.8688176274299622,208,260,229,334,218,297
frame_189,Rack_2,31,15,pepsi_med,0.9176942110061646,182,260,208,334,195,297
frame_189,Rack_2,44,15,pepsi_med,0.8503363728523254,160,261,182,334,171,297
frame_189,Rack_2,55,13,kick_med,0.8169204592704773,137,261,160,334,148,297
frame_189,Rack_2,53,13,kick_med,0.8548896312713623,116,262,137,334,126,298
frame_189,Rack_2,52,13,kick_med,0.833878219127655,93,262,116,334,104,298
frame_189,Rack_2,56,13,kick_med,0.8050049543380737,70,263,92,334,81,298
frame_189,Rack_2,65,13,kick_med,0.7312402129173279,53,266,70,334,61,300
frame_189,Rack_2,69,13,kick_med,0.8749744892120361,32,267,53,334,42,300
frame_189,Rack_2,80,13,kick_med,0.6071739792823792,9,268,32,335,20,301
frame_189,Rack_3,6,9,empty,0.8774048686027527,568,357,637,486,602,421
frame_189,Rack_3,13,7,coke_z_big,0.8971904516220093,530,357,570,478,550,417
frame_189,Rack_3,1,7,coke_z_big,0.8923765420913696,488,358,529,477,508,417
frame_189,Rack_3,39,5,coke_v_big,0.8899535536766052,450,356,488,486,469,421
frame_189,Rack_3,4,5,coke_v_big,0.9279343485832214,410,357,449,487,429,422
frame_189,Rack_3,33,5,coke_v_big,0.8849539756774902,374,357,410,472,392,414
frame_189,Rack_3,18,5,coke_v_big,0.9037232995033264,338,358,374,470,356,414
frame_189,Rack_3,10,5,coke_v_big,0.936066210269928,302,358,338,482,320,420
frame_189,Rack_3,9,14,pepsi_big,0.9317375421524048,269,356,301,484,285,420
frame_189,Rack_3,11,14,pepsi_big,0.91718590259552,236,356,268,481,252,418
frame_189,Rack_3,54,14,pepsi_big,0.8931117057800293,203,356,235,480,219,418
frame_189,Rack_3,19,10,fanta_grape_big,0.9376595616340637,166,355,202,479,184,417
frame_189,Rack_3,51,10,fanta_grape_big,0.8702889084815979,139,356,165,475,152,415
frame_189,Rack_3,59,10,fanta_grape_big,0.7551283836364746,113,356,139,467,126,411
frame_189,Rack_3,23,12,fanta_straw_big,0.8954412937164307,76,356,113,463,94,409
frame_189,Rack_3,64,12,fanta_straw_big,0.7229493260383606,48,356,77,462,62,409
frame_189,Rack_3,71,11,fanta_lychee_big,0.8893468976020813,17,357,47,467,32,412
frame_190,Rack_1,48,1,a&w_small,0.8187333941459656,603,150,628,212,615,181
frame_190,Rack_1,37,1,a&w_small,0.8529974222183228,577,152,602,212,589,182
frame_190,Rack_1,27,1,a&w_small,0.8659136891365051,550,153,575,214,562,183
frame_190,Rack_1,36,1,a&w_small,0.8255705237388611,525,154,549,215,537,184
frame_190,Rack_1,49,4,coke_small,0.7418400645256042,500,153,524,215,512,184
frame_190,Rack_1,34,4,coke_small,0.8369908928871155,475,153,499,217,487,185
frame_190,Rack_1,12,4,coke_small,0.8844177722930908,454,154,474,218,464,186
frame_190,Rack_1,40,4,coke_small,0.8756527304649353,432,154,453,218,442,186
frame_190,Rack_1,38,4,coke_small,0.8885746598243713,409,153,431,218,420,185
frame_190,Rack_1,5,4,coke_small,0.9039657711982727,387,154,408,218,397,186
frame_190,Rack_1,21,17,sprite_small,0.8209009766578674,364,153,385,220,374,186
frame_190,Rack_1,14,17,sprite_small,0.8032013773918152,343,152,364,222,353,187
frame_190,Rack_1,25,17,sprite_small,0.86799156665802,322,153,342,221,332,187
frame_190,Rack_1,15,17,sprite_small,0.8935744762420654,301,154,322,220,311,187
frame_190,Rack_1,28,9,empty,0.780911922454834,156,158,307,240,231,199
frame_190,Rack_1,58,0,7up_med,0.5348734855651855,90,172,112,249,101,210
frame_190,Rack_1,62,8,dew_med,0.6082464456558228,68,173,90,251,79,212
frame_190,Rack_1,66,8,dew_med,0.5546063780784607,47,174,68,252,57,213
frame_190,Rack_1,67,8,dew_med,0.7819023132324219,25,176,47,254,36,215
frame_190,Rack_2,22,3,coke_med,0.8285326957702637,608,254,631,332,619,293
frame_190,Rack_2,24,3,coke_med,0.7779515981674194,578,248,606,333,592,290
frame_190,Rack_2,3,3,coke_med,0.8780047297477722,549,250,577,333,563,291
frame_190,Rack_2,61,6,coke_v_med,0.8291077613830566,521,252,547,334,534,293
frame_190,Rack_2,41,6,coke_v_med,0.5086458921432495,490,254,518,334,504,294
frame_190,Rack_2,29,6,coke_v_med,0.5294334888458252,460,257,489,334,474,295
frame_190,Rack_2,26,2,anw_med,0.818093478679657,432,258,459,334,445,296
frame_190,Rack_2,17,2,anw_med,0.8663517236709595,405,258,432,334,418,296
frame_190,Rack_2,43,2,anw_med,0.8053333163261414,378,257,404,334,391,295
frame_190,Rack_2,42,2,anw_med,0.8520252108573914,352,257,377,335,364,296
frame_190,Rack_2,46,2,anw_med,0.8592950701713562,327,257,353,335,340,296
frame_190,Rack_2,7,2,anw_med,0.9087112545967102,300,258,327,334,313,296
frame_190,Rack_2,30,15,pepsi_med,0.8825075030326843,279,258,299,332,289,295
frame_190,Rack_2,8,15,pepsi_med,0.9051064252853394,255,257,278,334,266,295
frame_190,Rack_2,2,15,pepsi_med,0.8962400555610657,229,258,254,334,241,296
frame_190,Rack_2,16,15,pepsi_med,0.8636658191680908,209,258,230,335,219,296
frame_190,Rack_2,31,15,pepsi_med,0.9116062521934509,182,259,208,334,195,296
frame_190,Rack_2,44,15,pepsi_med,0.9080373644828796,161,260,182,334,171,297
frame_190,Rack_2,55,13,kick_med,0.8263814449310303,137,260,160,334,148,297
frame_190,Rack_2,53,13,kick_med,0.8174509406089783,117,262,137,334,127,298
frame_190,Rack_2,52,13,kick_med,0.7824833393096924,94,263,117,334,105,298
frame_190,Rack_2,56,13,kick_med,0.7402839660644531,71,264,93,335,82,299
frame_190,Rack_2,65,13,kick_med,0.5908746123313904,54,266,71,334,62,300
frame_190,Rack_2,69,13,kick_med,0.8542085289955139,33,267,54,334,43,300
frame_190,Rack_3,6,9,empty,0.885802686214447,569,357,637,486,603,421
frame_190,Rack_3,13,7,coke_z_big,0.8894577026367188,531,358,571,478,551,418
frame_190,Rack_3,1,7,coke_z_big,0.8961403965950012,489,358,530,478,509,418
frame_190,Rack_3,39,5,coke_v_big,0.882544755935669,451,357,489,487,470,422
frame_190,Rack_3,4,5,coke_v_big,0.9309177398681641,411,357,450,487,430,422
frame_190,Rack_3,33,5,coke_v_big,0.9073894619941711,375,358,410,472,392,415
frame_190,Rack_3,18,5,coke_v_big,0.9013673663139343,339,359,375,471,357,415
frame_190,Rack_3,10,5,coke_v_big,0.9361737966537476,303,358,338,483,320,420
frame_190,Rack_3,9,14,pepsi_big,0.931871235370636,269,357,301,484,285,420
frame_190,Rack_3,11,14,pepsi_big,0.9174553751945496,237,357,268,481,252,419
frame_190,Rack_3,54,14,pepsi_big,0.9088955521583557,204,357,235,480,219,418
frame_190,Rack_3,19,10,fanta_grape_big,0.9272778630256653,167,356,202,479,184,417
frame_190,Rack_3,51,10,fanta_grape_big,0.861879825592041,140,357,166,475,153,416
frame_190,Rack_3,59,10,fanta_grape_big,0.7510682344436646,113,356,139,468,126,412
frame_190,Rack_3,23,12,fanta_straw_big,0.9099708199501038,76,356,113,463,94,409
frame_190,Rack_3,79,12,fanta_straw_big,0.8265010714530945,49,356,77,462,63,409
frame_190,Rack_3,71,11,fanta_lychee_big,0.8960988521575928,17,357,48,467,32,412
frame_191,Rack_1,48,1,a&w_small,0.8249490261077881,605,151,630,212,617,181
frame_191,Rack_1,37,1,a&w_small,0.8251263499259949,578,154,602,212,590,183
frame_191,Rack_1,27,1,a&w_small,0.8590149879455566,552,155,576,214,564,184
frame_191,Rack_1,36,1,a&w_small,0.5851025581359863,526,155,550,215,538,185
frame_191,Rack_1,49,4,coke_small,0.8065130710601807,501,156,524,216,512,186
frame_191,Rack_1,34,4,coke_small,0.8304439187049866,476,155,499,218,487,186
frame_191,Rack_1,12,4,coke_small,0.8665418028831482,455,156,475,219,465,187
frame_191,Rack_1,40,4,coke_small,0.837239146232605,433,155,454,219,443,187
frame_191,Rack_1,38,4,coke_small,0.8794110417366028,410,155,432,219,421,187
frame_191,Rack_1,5,4,coke_small,0.921354353427887,387,155,409,219,398,187
frame_191,Rack_1,21,17,sprite_small,0.8155858516693115,365,155,386,221,375,188
frame_191,Rack_1,14,17,sprite_small,0.7977738380432129,344,154,364,222,354,188
frame_191,Rack_1,25,17,sprite_small,0.8838398456573486,323,155,343,222,333,188
frame_191,Rack_1,15,17,sprite_small,0.9123563766479492,302,155,322,221,312,188
frame_191,Rack_1,28,9,empty,0.7802454829216003,168,161,295,228,231,194
frame_191,Rack_1,58,0,7up_med,0.5764327645301819,91,172,113,249,102,210
frame_191,Rack_1,62,8,dew_med,0.6705926656723022,69,173,91,251,80,212
frame_191,Rack_1,66,8,dew_med,0.5062312483787537,48,175,69,253,58,214
frame_191,Rack_1,67,8,dew_med,0.7172925472259521,27,176,48,253,37,214
frame_191,Rack_2,82,3,coke_med,0.6796969175338745,632,240,640,333,636,286
frame_191,Rack_2,22,3,coke_med,0.7520495653152466,609,256,632,333,620,294
frame_191,Rack_2,24,3,coke_med,0.7253956198692322,580,254,606,333,593,293
frame_191,Rack_2,3,3,coke_med,0.9027239084243774,551,254,578,334,564,294
frame_191,Rack_2,61,6,coke_v_med,0.7190546989440918,522,255,547,335,534,295
frame_191,Rack_2,41,6,coke_v_med,0.6897700428962708,491,255,518,334,504,294
frame_191,Rack_2,29,6,coke_v_med,0.5746983289718628,461,255,490,334,475,294
frame_191,Rack_2,26,2,anw_med,0.8395606875419617,433,257,460,334,446,295
frame_191,Rack_2,17,2,anw_med,0.8534180521965027,405,256,432,335,418,295
frame_191,Rack_2,43,2,anw_med,0.8193599581718445,378,255,405,335,391,295
frame_191,Rack_2,42,2,anw_med,0.8580986857414246,353,255,378,335,365,295
frame_191,Rack_2,46,2,anw_med,0.8511424660682678,327,256,353,335,340,295
frame_191,Rack_2,7,2,anw_med,0.9083084464073181,301,257,327,335,314,296
frame_191,Rack_2,30,15,pepsi_med,0.8797493577003479,279,258,300,334,289,296
frame_191,Rack_2,8,15,pepsi_med,0.8964073657989502,256,258,279,334,267,296
frame_191,Rack_2,2,15,pepsi_med,0.9205907583236694,229,256,255,335,242,295
frame_191,Rack_2,16,15,pepsi_med,0.9228330850601196,209,258,230,335,219,296
frame_191,Rack_2,31,15,pepsi_med,0.9361634850502014,183,259,209,335,196,297
frame_191,Rack_2,44,15,pepsi_med,0.9209731221199036,162,260,183,335,172,297
frame_191,Rack_2,55,13,kick_med,0.7632638216018677,138,260,161,335,149,297
frame_191,Rack_2,53,13,kick_med,0.846820056438446,118,263,138,334,128,298
frame_191,Rack_2,52,13,kick_med,0.7803350687026978,94,263,118,335,106,299
frame_191,Rack_2,56,13,kick_med,0.7581708431243896,72,264,94,335,83,299
frame_191,Rack_2,65,13,kick_med,0.5878003239631653,54,266,72,334,63,300
frame_191,Rack_2,69,13,kick_med,0.8487815856933594,33,267,55,335,44,301
frame_191,Rack_3,6,9,empty,0.8838776350021362,569,357,636,486,602,421
frame_191,Rack_3,13,7,coke_z_big,0.8814694285392761,532,358,572,478,552,418
frame_191,Rack_3,1,7,coke_z_big,0.9098075032234192,490,358,530,478,510,418
frame_191,Rack_3,39,5,coke_v_big,0.8853253126144409,452,357,489,487,470,422
frame_191,Rack_3,4,5,coke_v_big,0.922112226486206,412,357,451,487,431,422
frame_191,Rack_3,33,5,coke_v_big,0.8902169466018677,375,358,411,472,393,415
frame_191,Rack_3,18,5,coke_v_big,0.8942974209785461,340,359,375,471,357,415
frame_191,Rack_3,10,5,coke_v_big,0.9303319454193115,304,359,339,483,321,421
frame_191,Rack_3,9,14,pepsi_big,0.940144419670105,270,357,302,484,286,420
frame_191,Rack_3,11,14,pepsi_big,0.8987082242965698,237,357,269,481,253,419
frame_191,Rack_3,54,14,pepsi_big,0.9016461372375488,204,357,236,480,220,418
frame_191,Rack_3,19,10,fanta_grape_big,0.9326193332672119,168,357,203,479,185,418
frame_191,Rack_3,51,10,fanta_grape_big,0.8813343048095703,141,357,166,476,153,416
frame_191,Rack_3,59,10,fanta_grape_big,0.81057208776474,114,356,140,468,127,412
frame_191,Rack_3,23,12,fanta_straw_big,0.8574890494346619,77,356,114,463,95,409
frame_191,Rack_3,79,12,fanta_straw_big,0.7120298147201538,50,356,77,462,63,409
frame_191,Rack_3,71,11,fanta_lychee_big,0.8757670521736145,18,357,48,467,33,412
frame_192,Rack_1,48,1,a&w_small,0.6806749105453491,605,152,630,211,617,181
frame_192,Rack_1,37,1,a&w_small,0.79177325963974,579,155,603,212,591,183
frame_192,Rack_1,27,1,a&w_small,0.8360771536827087,552,156,577,214,564,185
frame_192,Rack_1,36,1,a&w_small,0.5788037180900574,527,156,550,216,538,186
frame_192,Rack_1,49,4,coke_small,0.8198665380477905,502,157,525,216,513,186
frame_192,Rack_1,34,4,coke_small,0.8399849534034729,477,156,500,218,488,187
frame_192,Rack_1,12,4,coke_small,0.860998272895813,455,156,476,219,465,187
frame_192,Rack_1,40,4,coke_small,0.8810855746269226,433,156,455,220,444,188
frame_192,Rack_1,38,4,coke_small,0.8914827108383179,411,155,433,220,422,187
frame_192,Rack_1,5,4,coke_small,0.9390329718589783,388,156,410,220,399,188
frame_192,Rack_1,21,17,sprite_small,0.8847699165344238,366,156,387,222,376,189
frame_192,Rack_1,14,17,sprite_small,0.8613038063049316,345,155,365,222,355,188
frame_192,Rack_1,25,17,sprite_small,0.8883209824562073,324,155,343,222,333,188
frame_192,Rack_1,15,17,sprite_small,0.9304358959197998,303,156,323,221,313,188
frame_192,Rack_1,28,9,empty,0.8297119140625,174,161,292,224,233,192
frame_192,Rack_1,57,0,7up_med,0.5232388377189636,114,171,139,248,126,209
frame_192,Rack_1,58,0,7up_med,0.6392796039581299,92,172,114,250,103,211
frame_192,Rack_1,62,8,dew_med,0.6655972003936768,70,172,91,252,80,212
frame_192,Rack_1,66,8,dew_med,0.5179142355918884,49,175,70,254,59,214
frame_192,Rack_2,82,3,coke_med,0.6520735621452332,632,232,640,333,636,282
frame_192,Rack_2,22,3,coke_med,0.7917396426200867,607,241,634,333,620,287
frame_192,Rack_2,24,3,coke_med,0.7618367671966553,578,239,609,334,593,286
frame_192,Rack_2,3,3,coke_med,0.9202570915222168,549,239,581,334,565,286
frame_192,Rack_2,47,3,coke_med,0.8764986395835876,521,238,550,334,535,286
frame_192,Rack_2,26,2,anw_med,0.8247065544128418,433,258,460,335,446,296
frame_192,Rack_2,17,2,anw_med,0.8216122984886169,406,258,433,335,419,296
frame_192,Rack_2,43,2,anw_med,0.8168413639068604,379,258,406,335,392,296
frame_192,Rack_2,42,2,anw_med,0.8457822799682617,353,257,379,335,366,296
frame_192,Rack_2,46,2,anw_med,0.8095259070396423,328,258,354,335,341,296
frame_192,Rack_2,7,2,anw_med,0.8751608729362488,302,259,328,335,315,297
frame_192,Rack_2,30,15,pepsi_med,0.8920751214027405,280,259,301,334,290,296
frame_192,Rack_2,8,15,pepsi_med,0.9400513172149658,256,259,279,335,267,297
frame_192,Rack_2,2,15,pepsi_med,0.8977694511413574,231,258,255,335,243,296
frame_192,Rack_2,16,15,pepsi_med,0.9476787447929382,210,259,231,336,220,297
frame_192,Rack_2,31,15,pepsi_med,0.9283720254898071,184,260,210,335,197,297
frame_192,Rack_2,44,15,pepsi_med,0.9074887037277222,162,260,184,335,173,297
frame_192,Rack_2,55,13,kick_med,0.790008544921875,139,261,162,335,150,298
frame_192,Rack_2,53,13,kick_med,0.868353545665741,118,263,138,335,128,299
frame_192,Rack_2,52,13,kick_med,0.7348932027816772,95,264,118,335,106,299
frame_192,Rack_2,56,13,kick_med,0.7375022768974304,73,265,94,335,83,300
frame_192,Rack_2,65,13,kick_med,0.6066450476646423,55,267,73,334,64,300
frame_192,Rack_2,69,13,kick_med,0.8568836450576782,34,267,55,335,44,301
frame_192,Rack_3,6,9,empty,0.8704637885093689,570,358,636,486,603,422
frame_192,Rack_3,13,7,coke_z_big,0.8947355151176453,533,359,573,478,553,418
frame_192,Rack_3,1,7,coke_z_big,0.9233832359313965,491,359,531,479,511,419
frame_192,Rack_3,39,5,coke_v_big,0.8260989785194397,452,358,490,487,471,422
frame_192,Rack_3,4,5,coke_v_big,0.9166733622550964,412,358,452,487,432,422
frame_192,Rack_3,33,5,coke_v_big,0.8834458589553833,376,358,412,472,394,415
frame_192,Rack_3,18,5,coke_v_big,0.9042762517929077,340,359,376,471,358,415
frame_192,Rack_3,10,5,coke_v_big,0.9341047406196594,305,359,340,483,322,421
frame_192,Rack_3,9,14,pepsi_big,0.9419426918029785,271,357,303,485,287,421
frame_192,Rack_3,11,14,pepsi_big,0.8882023096084595,238,358,269,481,253,419
frame_192,Rack_3,54,14,pepsi_big,0.8911223411560059,205,357,237,480,221,418
frame_192,Rack_3,19,10,fanta_grape_big,0.9268496036529541,168,357,204,479,186,418
frame_192,Rack_3,51,10,fanta_grape_big,0.8910308480262756,142,357,167,476,154,416
frame_192,Rack_3,59,10,fanta_grape_big,0.8505420684814453,114,356,140,468,127,412
frame_192,Rack_3,23,12,fanta_straw_big,0.8699865937232971,78,356,114,463,96,409
frame_192,Rack_3,79,12,fanta_straw_big,0.7375316023826599,50,356,78,462,64,409
frame_192,Rack_3,71,11,fanta_lychee_big,0.86738520860672,18,357,48,467,33,412
frame_193,Rack_1,48,1,a&w_small,0.7179591059684753,607,153,631,211,619,182
frame_193,Rack_1,37,1,a&w_small,0.8186331987380981,580,155,604,212,592,183
frame_193,Rack_1,27,1,a&w_small,0.8658047318458557,553,156,577,214,565,185
frame_193,Rack_1,36,1,a&w_small,0.6936187148094177,528,156,551,216,539,186
frame_193,Rack_1,49,4,coke_small,0.8223423957824707,503,157,526,216,514,186
frame_193,Rack_1,34,4,coke_small,0.8611485362052917,478,157,501,218,489,187
frame_193,Rack_1,12,4,coke_small,0.8600577116012573,456,156,476,219,466,187
frame_193,Rack_1,40,4,coke_small,0.9143378138542175,434,156,455,220,444,188
frame_193,Rack_1,38,4,coke_small,0.8668937087059021,411,156,434,221,422,188
frame_193,Rack_1,5,4,coke_small,0.9268901348114014,389,156,411,221,400,188
frame_193,Rack_1,21,17,sprite_small,0.8517343997955322,367,157,387,222,377,189
frame_193,Rack_1,14,17,sprite_small,0.8506447672843933,345,155,366,222,355,188
frame_193,Rack_1,25,17,sprite_small,0.868125319480896,324,155,344,223,334,189
frame_193,Rack_1,15,17,sprite_small,0.9201379418373108,303,156,324,222,313,189
frame_193,Rack_1,28,9,empty,0.761347770690918,175,162,293,223,234,192
frame_193,Rack_2,82,3,coke_med,0.5354782342910767,632,229,640,333,636,281
frame_193,Rack_2,22,3,coke_med,0.6816082000732422,609,249,634,333,621,291
frame_193,Rack_2,24,3,coke_med,0.8126738667488098,580,244,609,334,594,289
frame_193,Rack_2,3,3,coke_med,0.9146838784217834,550,239,581,334,565,286
frame_193,Rack_2,61,3,coke_med,0.8435994386672974,523,252,550,335,536,293
frame_193,Rack_2,41,6,coke_v_med,0.6149135231971741,493,258,520,335,506,296
frame_193,Rack_2,29,6,coke_v_med,0.5270681381225586,462,257,491,335,476,296
frame_193,Rack_2,26,2,anw_med,0.8652215003967285,434,256,462,334,448,295
frame_193,Rack_2,17,2,anw_med,0.8144319653511047,407,257,434,335,420,296
frame_193,Rack_2,43,2,anw_med,0.8585736751556396,380,257,407,335,393,296
frame_193,Rack_2,42,2,anw_med,0.864558219909668,354,256,379,335,366,295
frame_193,Rack_2,46,2,anw_med,0.8231971859931946,329,257,354,335,341,296
frame_193,Rack_2,7,2,anw_med,0.9021456837654114,302,258,329,335,315,296
frame_193,Rack_2,30,15,pepsi_med,0.8688775897026062,280,258,302,333,291,295
frame_193,Rack_2,8,15,pepsi_med,0.9347538352012634,257,257,280,335,268,296
frame_193,Rack_2,2,15,pepsi_med,0.9089359641075134,231,257,256,335,243,296
frame_193,Rack_2,16,15,pepsi_med,0.9439650774002075,210,258,232,336,221,297
frame_193,Rack_2,31,15,pepsi_med,0.9092560410499573,184,259,210,336,197,297
frame_193,Rack_2,44,15,pepsi_med,0.8978772163391113,163,260,185,335,174,297
frame_193,Rack_2,55,13,kick_med,0.8670428395271301,140,261,163,335,151,298
frame_193,Rack_2,53,13,kick_med,0.8849319219589233,119,264,139,335,129,299
frame_193,Rack_2,52,13,kick_med,0.8362051844596863,96,263,119,335,107,299
frame_193,Rack_2,56,13,kick_med,0.7967277765274048,73,264,95,336,84,300
frame_193,Rack_2,65,13,kick_med,0.7147923707962036,56,267,73,335,64,301
frame_193,Rack_2,69,13,kick_med,0.8598746061325073,35,267,56,335,45,301
frame_193,Rack_2,80,13,kick_med,0.5749959349632263,15,268,37,335,26,301
frame_193,Rack_3,6,9,empty,0.8802956938743591,571,357,636,486,603,421
frame_193,Rack_3,13,7,coke_z_big,0.8936212062835693,534,359,574,478,554,418
frame_193,Rack_3,1,7,coke_z_big,0.925176739692688,491,359,532,480,511,419
frame_193,Rack_3,39,5,coke_v_big,0.8287904262542725,453,358,491,487,472,422
frame_193,Rack_3,4,5,coke_v_big,0.9069550633430481,413,357,452,487,432,422
frame_193,Rack_3,33,5,coke_v_big,0.8806874752044678,377,358,412,472,394,415
frame_193,Rack_3,18,5,coke_v_big,0.9205923676490784,341,359,376,472,358,415
frame_193,Rack_3,10,5,coke_v_big,0.9369864463806152,305,359,340,484,322,421
frame_193,Rack_3,9,14,pepsi_big,0.9419723153114319,272,357,304,485,288,421
frame_193,Rack_3,11,14,pepsi_big,0.9074751734733582,239,358,270,481,254,419
frame_193,Rack_3,54,14,pepsi_big,0.8907117247581482,206,358,237,480,221,419
frame_193,Rack_3,19,10,fanta_grape_big,0.9257793426513672,169,357,205,480,187,418
frame_193,Rack_3,51,10,fanta_grape_big,0.8895650506019592,142,357,168,475,155,416
frame_193,Rack_3,59,10,fanta_grape_big,0.8379585146903992,115,356,141,467,128,411
frame_193,Rack_3,23,12,fanta_straw_big,0.8681827783584595,79,356,115,463,97,409
frame_193,Rack_3,64,12,fanta_straw_big,0.7182596921920776,51,356,79,463,65,409
frame_193,Rack_3,71,11,fanta_lychee_big,0.8672634959220886,18,357,49,467,33,412
frame_194,Rack_1,48,1,a&w_small,0.7862433791160583,608,153,632,211,620,182
frame_194,Rack_1,37,1,a&w_small,0.8264575004577637,581,155,605,212,593,183
frame_194,Rack_1,27,1,a&w_small,0.8722526431083679,554,155,579,214,566,184
frame_194,Rack_1,36,1,a&w_small,0.7941626310348511,529,155,552,216,540,185
frame_194,Rack_1,49,4,coke_small,0.7621445059776306,504,156,528,216,516,186
frame_194,Rack_1,34,4,coke_small,0.8623968958854675,479,155,502,217,490,186
frame_194,Rack_1,12,4,coke_small,0.8482977151870728,457,155,478,218,467,186
frame_194,Rack_1,40,4,coke_small,0.8874512314796448,435,155,456,220,445,187
frame_194,Rack_1,38,4,coke_small,0.8356107473373413,412,155,435,221,423,188
frame_194,Rack_1,5,4,coke_small,0.9216545224189758,389,155,412,221,400,188
frame_194,Rack_1,21,17,sprite_small,0.7939091920852661,367,155,388,222,377,188
frame_194,Rack_1,14,17,sprite_small,0.789786159992218,346,154,367,223,356,188
frame_194,Rack_1,25,17,sprite_small,0.8331201076507568,325,154,345,223,335,188
frame_194,Rack_1,15,17,sprite_small,0.9039514660835266,304,155,325,222,314,188
frame_194,Rack_1,28,9,empty,0.8251259326934814,174,159,296,223,235,191
frame_194,Rack_1,67,8,dew_med,0.6373257637023926,29,176,51,254,40,215
frame_194,Rack_1,83,8,dew_med,0.5658130645751953,3,177,29,254,16,215
frame_194,Rack_2,22,3,coke_med,0.5997541546821594,611,251,635,332,623,291
frame_194,Rack_2,24,3,coke_med,0.8597074747085571,582,246,610,333,596,289
frame_194,Rack_2,3,3,coke_med,0.9088645577430725,552,244,582,334,567,289
frame_194,Rack_2,61,3,coke_med,0.8302307724952698,525,256,551,335,538,295
frame_194,Rack_2,26,2,anw_med,0.8717440366744995,435,254,463,334,449,294
frame_194,Rack_2,17,2,anw_med,0.8323740363121033,408,257,435,335,421,296
frame_194,Rack_2,43,2,anw_med,0.8450796008110046,381,256,408,335,394,295
frame_194,Rack_2,42,2,anw_med,0.8524155616760254,355,256,380,335,367,295
frame_194,Rack_2,46,2,anw_med,0.8367606401443481,329,257,355,335,342,296
frame_194,Rack_2,7,2,anw_med,0.8917471170425415,303,258,329,335,316,296
frame_194,Rack_2,30,15,pepsi_med,0.8814777135848999,281,258,303,334,292,296
frame_194,Rack_2,8,15,pepsi_med,0.9230208396911621,257,256,281,334,269,295
frame_194,Rack_2,2,15,pepsi_med,0.9282059073448181,232,257,257,336,244,296
frame_194,Rack_2,16,15,pepsi_med,0.9104655385017395,211,258,232,336,221,297
frame_194,Rack_2,31,15,pepsi_med,0.9040362238883972,185,259,211,335,198,297
frame_194,Rack_2,44,15,pepsi_med,0.8930351734161377,164,260,185,335,174,297
frame_194,Rack_2,55,13,kick_med,0.8969545960426331,141,261,164,335,152,298
frame_194,Rack_2,53,13,kick_med,0.8951341509819031,120,264,140,335,130,299
frame_194,Rack_2,52,13,kick_med,0.9020566344261169,96,263,120,335,108,299
frame_194,Rack_2,56,13,kick_med,0.810215950012207,74,264,96,335,85,299
frame_194,Rack_2,65,13,kick_med,0.787052571773529,57,266,74,335,65,300
frame_194,Rack_2,69,13,kick_med,0.8383219838142395,35,268,57,335,46,301
frame_194,Rack_2,80,13,kick_med,0.5599671602249146,17,268,38,334,27,301
frame_194,Rack_3,6,9,empty,0.8841455578804016,572,357,637,486,604,421
frame_194,Rack_3,13,7,coke_z_big,0.8890776038169861,535,359,575,478,555,418
frame_194,Rack_3,1,7,coke_z_big,0.9105724692344666,492,358,534,479,513,418
frame_194,Rack_3,39,5,coke_v_big,0.8860933184623718,454,358,492,487,473,422
frame_194,Rack_3,4,5,coke_v_big,0.9092477560043335,414,357,453,487,433,422
frame_194,Rack_3,33,5,coke_v_big,0.8955555558204651,377,359,413,473,395,416
frame_194,Rack_3,18,5,coke_v_big,0.9309643507003784,341,359,377,472,359,415
frame_194,Rack_3,10,5,coke_v_big,0.9368528127670288,306,359,341,484,323,421
frame_194,Rack_3,9,14,pepsi_big,0.9320234656333923,272,357,304,485,288,421
frame_194,Rack_3,11,14,pepsi_big,0.9229300618171692,240,357,271,481,255,419
frame_194,Rack_3,54,14,pepsi_big,0.8951449990272522,206,357,238,480,222,418
frame_194,Rack_3,19,10,fanta_grape_big,0.9187663793563843,169,357,205,479,187,418
frame_194,Rack_3,51,10,fanta_grape_big,0.8826479315757751,143,357,169,475,156,416
frame_194,Rack_3,59,10,fanta_grape_big,0.8086497187614441,116,356,142,467,129,411
frame_194,Rack_3,23,12,fanta_straw_big,0.8978185653686523,80,356,116,463,98,409
frame_194,Rack_3,64,12,fanta_straw_big,0.7798846960067749,52,356,80,462,66,409
frame_194,Rack_3,71,11,fanta_lychee_big,0.8931623101234436,20,357,50,467,35,412
frame_195,Rack_1,48,1,a&w_small,0.8026220202445984,608,152,633,211,620,181
frame_195,Rack_1,37,1,a&w_small,0.8144091367721558,582,154,607,212,594,183
frame_195,Rack_1,27,1,a&w_small,0.8554633855819702,555,154,580,213,567,183
frame_195,Rack_1,36,1,a&w_small,0.7872229218482971,530,155,553,215,541,185
frame_195,Rack_1,49,4,coke_small,0.7842370867729187,504,155,529,216,516,185
frame_195,Rack_1,34,4,coke_small,0.8947473168373108,480,154,503,217,491,185
frame_195,Rack_1,12,4,coke_small,0.8712581992149353,458,154,479,218,468,186
frame_195,Rack_1,40,4,coke_small,0.8736203908920288,436,154,457,219,446,186
frame_195,Rack_1,38,4,coke_small,0.8240314722061157,414,154,436,220,425,187
frame_195,Rack_1,5,4,coke_small,0.938712477684021,390,154,413,220,401,187
frame_195,Rack_1,21,17,sprite_small,0.7131864428520203,368,155,389,221,378,188
frame_195,Rack_1,14,17,sprite_small,0.6513622403144836,347,153,368,222,357,187
frame_195,Rack_1,25,17,sprite_small,0.7994726896286011,326,154,346,221,336,187
frame_195,Rack_1,15,17,sprite_small,0.8907075524330139,305,154,326,220,315,187
frame_195,Rack_1,28,9,empty,0.7898955941200256,176,158,297,221,236,189
frame_195,Rack_1,67,8,dew_med,0.557317852973938,30,176,52,254,41,215
frame_195,Rack_1,83,8,dew_med,0.5484968423843384,4,177,30,254,17,215
frame_195,Rack_2,22,3,coke_med,0.612637460231781,613,255,635,333,624,294
frame_195,Rack_2,24,3,coke_med,0.8811914920806885,583,247,611,333,597,290
frame_195,Rack_2,3,3,coke_med,0.918773889541626,554,247,582,334,568,290
frame_195,Rack_2,61,3,coke_med,0.8200307488441467,526,257,552,335,539,296
frame_195,Rack_2,41,6,coke_v_med,0.5095515251159668,495,257,522,335,508,296
frame_195,Rack_2,26,2,anw_med,0.8575775027275085,436,254,464,334,450,294
frame_195,Rack_2,17,2,anw_med,0.7971366047859192,409,256,436,334,422,295
frame_195,Rack_2,43,2,anw_med,0.7837887406349182,382,256,409,335,395,295
frame_195,Rack_2,42,2,anw_med,0.8616577386856079,356,256,381,335,368,295
frame_195,Rack_2,46,2,anw_med,0.8349870443344116,330,256,355,335,342,295
frame_195,Rack_2,7,2,anw_med,0.8915432691574097,304,257,330,335,317,296
frame_195,Rack_2,30,15,pepsi_med,0.8864531517028809,282,258,303,335,292,296
frame_195,Rack_2,8,15,pepsi_med,0.9167650938034058,258,257,281,335,269,296
frame_195,Rack_2,2,15,pepsi_med,0.9165723919868469,233,257,257,335,245,296
frame_195,Rack_2,16,15,pepsi_med,0.8977099061012268,212,257,233,335,222,296
frame_195,Rack_2,31,15,pepsi_med,0.9041891694068909,186,259,212,335,199,297
frame_195,Rack_2,44,15,pepsi_med,0.8942115306854248,165,260,186,334,175,297
frame_195,Rack_2,55,13,kick_med,0.8957721590995789,141,261,164,335,152,298
frame_195,Rack_2,53,13,kick_med,0.8330990076065063,121,264,141,335,131,299
frame_195,Rack_2,52,13,kick_med,0.8706808090209961,97,263,121,335,109,299
frame_195,Rack_2,56,13,kick_med,0.7818962931632996,75,264,97,335,86,299
frame_195,Rack_2,65,13,kick_med,0.8028073906898499,58,266,75,335,66,300
frame_195,Rack_2,69,13,kick_med,0.7826876044273376,36,268,57,334,46,301
frame_195,Rack_3,6,9,empty,0.88697350025177,574,357,637,487,605,422
frame_195,Rack_3,13,7,coke_z_big,0.8783984780311584,536,359,576,479,556,419
frame_195,Rack_3,1,7,coke_z_big,0.9160895347595215,493,358,534,479,513,418
frame_195,Rack_3,39,5,coke_v_big,0.8812696933746338,455,358,492,487,473,422
frame_195,Rack_3,4,5,coke_v_big,0.910307765007019,415,357,454,488,434,422
frame_195,Rack_3,33,5,coke_v_big,0.8967397212982178,378,359,414,473,396,416
frame_195,Rack_3,18,5,coke_v_big,0.9346897602081299,342,359,378,472,360,415
frame_195,Rack_3,10,5,coke_v_big,0.9335963726043701,306,359,342,485,324,422
frame_195,Rack_3,9,14,pepsi_big,0.9159834980964661,273,357,305,484,289,420
frame_195,Rack_3,11,14,pepsi_big,0.9294818639755249,240,357,272,481,256,419
frame_195,Rack_3,54,14,pepsi_big,0.9079049825668335,207,357,239,480,223,418
frame_195,Rack_3,19,10,fanta_grape_big,0.925800085067749,170,356,206,479,188,417
frame_195,Rack_3,51,10,fanta_grape_big,0.890131413936615,144,357,169,475,156,416
frame_195,Rack_3,59,10,fanta_grape_big,0.7645090818405151,117,356,143,467,130,411
frame_195,Rack_3,23,12,fanta_straw_big,0.8885806202888489,81,356,117,463,99,409
frame_195,Rack_3,64,12,fanta_straw_big,0.7296875715255737,53,356,81,462,67,409
frame_195,Rack_3,71,11,fanta_lychee_big,0.8964589834213257,21,356,52,467,36,411
frame_195,Rack_3,84,11,fanta_lychee_big,0.7506735920906067,2,356,20,466,11,411
frame_196,Rack_1,48,1,a&w_small,0.6783995628356934,607,150,633,213,620,181
frame_196,Rack_1,37,1,a&w_small,0.8126229047775269,583,156,607,212,595,184
frame_196,Rack_1,27,1,a&w_small,0.8176232576370239,556,156,581,213,568,184
frame_196,Rack_1,36,1,a&w_small,0.8256814479827881,531,156,554,215,542,185
frame_196,Rack_1,49,4,coke_small,0.7948035001754761,506,157,529,216,517,186
frame_196,Rack_1,34,4,coke_small,0.9066673517227173,481,156,504,218,492,187
frame_196,Rack_1,12,4,coke_small,0.8761017918586731,459,155,479,218,469,186
frame_196,Rack_1,40,4,coke_small,0.8557321429252625,437,155,458,219,447,187
frame_196,Rack_1,38,4,coke_small,0.8331170678138733,415,155,436,219,425,187
frame_196,Rack_1,5,4,coke_small,0.9399810433387756,391,155,413,219,402,187
frame_196,Rack_1,21,17,sprite_small,0.7435116767883301,370,156,390,220,380,188
frame_196,Rack_1,14,17,sprite_small,0.6822268962860107,348,154,369,222,358,188
frame_196,Rack_1,25,17,sprite_small,0.8363198637962341,327,155,346,221,336,188
frame_196,Rack_1,15,17,sprite_small,0.8627379536628723,306,155,326,220,316,187
frame_196,Rack_1,28,9,empty,0.7935104966163635,176,161,297,222,236,191
frame_196,Rack_1,67,8,dew_med,0.6180453896522522,31,176,53,253,42,214
frame_196,Rack_2,22,3,coke_med,0.5388365387916565,614,255,636,333,625,294
frame_196,Rack_2,24,3,coke_med,0.7517045736312866,585,251,612,333,598,292
frame_196,Rack_2,3,3,coke_med,0.9156503677368164,556,251,583,334,569,292
frame_196,Rack_2,61,3,coke_med,0.7787436842918396,527,258,553,334,540,296
frame_196,Rack_2,26,2,anw_med,0.8518480062484741,436,254,465,334,450,294
frame_196,Rack_2,17,2,anw_med,0.8221213221549988,410,256,436,334,423,295
frame_196,Rack_2,43,2,anw_med,0.816471517086029,383,256,409,335,396,295
frame_196,Rack_2,42,2,anw_med,0.8902597427368164,357,256,382,335,369,295
frame_196,Rack_2,46,2,anw_med,0.8267666697502136,331,256,356,334,343,295
frame_196,Rack_2,7,2,anw_med,0.8988139629364014,305,257,331,334,318,295
frame_196,Rack_2,30,15,pepsi_med,0.8836364150047302,283,258,304,334,293,296
frame_196,Rack_2,8,15,pepsi_med,0.901755154132843,259,257,282,334,270,295
frame_196,Rack_2,2,15,pepsi_med,0.9041449427604675,233,257,258,335,245,296
frame_196,Rack_2,16,15,pepsi_med,0.9131895899772644,213,257,234,335,223,296
frame_196,Rack_2,31,15,pepsi_med,0.8984014391899109,187,258,213,335,200,296
frame_196,Rack_2,44,15,pepsi_med,0.8940207362174988,166,260,187,333,176,296
frame_196,Rack_2,55,13,kick_med,0.8662498593330383,142,261,165,334,153,297
frame_196,Rack_2,53,13,kick_med,0.9010880589485168,122,263,142,334,132,298
frame_196,Rack_2,52,13,kick_med,0.829571008682251,98,263,121,334,109,298
frame_196,Rack_2,56,13,kick_med,0.8133845329284668,77,264,98,334,87,299
frame_196,Rack_2,65,13,kick_med,0.8400908708572388,59,266,76,334,67,300
frame_196,Rack_2,69,13,kick_med,0.8419498205184937,37,267,58,334,47,300
frame_196,Rack_2,80,13,kick_med,0.6003457903862,19,268,40,334,29,301
frame_196,Rack_3,6,9,empty,0.8697200417518616,575,357,637,487,606,422
frame_196,Rack_3,13,7,coke_z_big,0.8740116953849792,537,359,577,479,557,419
frame_196,Rack_3,1,7,coke_z_big,0.9172114729881287,494,358,535,479,514,418
frame_196,Rack_3,39,5,coke_v_big,0.8834434151649475,456,357,493,487,474,422
frame_196,Rack_3,4,5,coke_v_big,0.9041747450828552,416,357,455,488,435,422
frame_196,Rack_3,33,5,coke_v_big,0.9043023586273193,379,359,415,472,397,415
frame_196,Rack_3,18,5,coke_v_big,0.928942084312439,343,359,378,471,360,415
frame_196,Rack_3,10,5,coke_v_big,0.9371882677078247,307,359,342,485,324,422
frame_196,Rack_3,9,14,pepsi_big,0.9029579758644104,274,357,306,484,290,420
frame_196,Rack_3,11,14,pepsi_big,0.9288046360015869,241,357,273,481,257,419
frame_196,Rack_3,54,14,pepsi_big,0.9015979766845703,208,357,240,480,224,418
frame_196,Rack_3,19,10,fanta_grape_big,0.9261237978935242,171,357,207,479,189,418
frame_196,Rack_3,51,10,fanta_grape_big,0.865361750125885,145,357,170,475,157,416
frame_196,Rack_3,59,10,fanta_grape_big,0.7344687581062317,117,356,143,468,130,412
frame_196,Rack_3,23,12,fanta_straw_big,0.9124817252159119,82,357,118,463,100,410
frame_196,Rack_3,64,12,fanta_straw_big,0.7198907732963562,54,356,82,462,68,409
frame_196,Rack_3,71,11,fanta_lychee_big,0.90228670835495,22,357,53,466,37,411
frame_196,Rack_3,84,11,fanta_lychee_big,0.6204687356948853,3,356,21,466,12,411
frame_197,Rack_1,48,1,a&w_small,0.6879167556762695,607,150,632,214,619,182
frame_197,Rack_1,37,1,a&w_small,0.8243761658668518,584,155,609,211,596,183
frame_197,Rack_1,27,1,a&w_small,0.8481709957122803,558,157,582,213,570,185
frame_197,Rack_1,36,1,a&w_small,0.7725703716278076,533,156,556,215,544,185
frame_197,Rack_1,49,4,coke_small,0.6344106197357178,507,158,531,215,519,186
frame_197,Rack_1,34,4,coke_small,0.8671953678131104,482,157,505,217,493,187
frame_197,Rack_1,12,4,coke_small,0.8918973803520203,460,156,480,218,470,187
frame_197,Rack_1,40,4,coke_small,0.8578618168830872,438,156,459,219,448,187
frame_197,Rack_1,38,4,coke_small,0.8544303774833679,415,156,437,219,426,187
frame_197,Rack_1,5,4,coke_small,0.9030505418777466,392,155,414,219,403,187
frame_197,Rack_1,21,17,sprite_small,0.7675178647041321,371,155,391,220,381,187
frame_197,Rack_1,14,17,sprite_small,0.7517836093902588,349,155,370,221,359,188
frame_197,Rack_1,25,17,sprite_small,0.8478114008903503,328,155,347,221,337,188
frame_197,Rack_1,15,17,sprite_small,0.8648266792297363,307,156,327,220,317,188
frame_197,Rack_1,28,9,empty,0.6684489250183105,177,162,299,223,238,192
frame_197,Rack_1,67,8,dew_med,0.6136524677276611,32,176,54,253,43,214
frame_197,Rack_2,22,3,coke_med,0.5378875732421875,614,257,636,333,625,295
frame_197,Rack_2,24,3,coke_med,0.7268190979957581,587,256,613,333,600,294
frame_197,Rack_2,3,3,coke_med,0.8980057835578918,557,255,584,334,570,294
frame_197,Rack_2,61,6,coke_v_med,0.8877171874046326,528,259,554,334,541,296
frame_197,Rack_2,41,6,coke_v_med,0.5795119404792786,497,258,524,334,510,296
frame_197,Rack_2,26,2,anw_med,0.8277790546417236,438,254,465,334,451,294
frame_197,Rack_2,17,2,anw_med,0.803959846496582,411,257,437,334,424,295
frame_197,Rack_2,43,2,anw_med,0.7746573686599731,384,256,410,334,397,295
frame_197,Rack_2,42,2,anw_med,0.8720550537109375,358,256,383,335,370,295
frame_197,Rack_2,46,2,anw_med,0.799462616443634,332,256,357,334,344,295
frame_197,Rack_2,7,2,anw_med,0.8979436159133911,306,258,331,335,318,296
frame_197,Rack_2,30,15,pepsi_med,0.8555325865745544,283,258,304,333,293,295
frame_197,Rack_2,8,15,pepsi_med,0.8936946988105774,260,258,283,334,271,296
frame_197,Rack_2,2,15,pepsi_med,0.9037497639656067,234,257,259,334,246,295
frame_197,Rack_2,16,15,pepsi_med,0.924593985080719,214,257,235,335,224,296
frame_197,Rack_2,31,15,pepsi_med,0.8895145654678345,188,258,214,334,201,296
frame_197,Rack_2,44,15,pepsi_med,0.878261148929596,166,259,188,334,177,296
frame_197,Rack_2,55,13,kick_med,0.7835865020751953,143,260,166,333,154,296
frame_197,Rack_2,53,13,kick_med,0.8865818381309509,123,261,143,334,133,297
frame_197,Rack_2,52,13,kick_med,0.8109858632087708,99,262,123,334,111,298
frame_197,Rack_2,56,13,kick_med,0.7446434497833252,78,264,99,334,88,299
frame_197,Rack_2,65,13,kick_med,0.7189556956291199,60,266,77,333,68,299
frame_197,Rack_2,69,13,kick_med,0.8568012118339539,39,268,60,333,49,300
frame_197,Rack_2,80,13,kick_med,0.5907105207443237,21,269,41,333,31,301
frame_197,Rack_3,6,9,empty,0.8705246448516846,576,358,636,487,606,422
frame_197,Rack_3,13,7,coke_z_big,0.8973743915557861,537,359,578,479,557,419
frame_197,Rack_3,1,7,coke_z_big,0.9228694438934326,495,359,536,479,515,419
frame_197,Rack_3,39,5,coke_v_big,0.8901705741882324,457,357,494,487,475,422
frame_197,Rack_3,4,5,coke_v_big,0.9200025200843811,416,358,456,488,436,423
frame_197,Rack_3,33,5,coke_v_big,0.9009884595870972,380,359,415,472,397,415
frame_197,Rack_3,18,5,coke_v_big,0.9167853593826294,344,359,379,471,361,415
frame_197,Rack_3,10,5,coke_v_big,0.9368057250976562,308,359,343,485,325,422
frame_197,Rack_3,9,14,pepsi_big,0.8989214301109314,275,358,306,484,290,421
frame_197,Rack_3,11,14,pepsi_big,0.9331680536270142,242,357,274,480,258,418
frame_197,Rack_3,54,14,pepsi_big,0.9114857912063599,209,357,241,479,225,418
frame_197,Rack_3,19,10,fanta_grape_big,0.9320790767669678,173,357,208,479,190,418
frame_197,Rack_3,51,10,fanta_grape_big,0.8776710629463196,146,357,172,475,159,416
frame_197,Rack_3,59,10,fanta_grape_big,0.7664273381233215,118,357,145,469,131,413
frame_197,Rack_3,23,12,fanta_straw_big,0.8755709528923035,83,357,119,462,101,409
frame_197,Rack_3,71,11,fanta_lychee_big,0.9044384956359863,24,358,54,466,39,412
frame_198,Rack_1,48,1,a&w_small,0.6495773196220398,609,151,633,213,621,182
frame_198,Rack_1,37,1,a&w_small,0.8396214842796326,586,155,610,211,598,183
frame_198,Rack_1,27,1,a&w_small,0.8677300810813904,559,156,584,213,571,184
frame_198,Rack_1,36,1,a&w_small,0.712358832359314,534,156,557,214,545,185
frame_198,Rack_1,49,4,coke_small,0.6576391458511353,509,158,532,215,520,186
frame_198,Rack_1,34,4,coke_small,0.7627149820327759,483,157,507,217,495,187
frame_198,Rack_1,12,4,coke_small,0.8874613642692566,461,156,482,218,471,187
frame_198,Rack_1,40,4,coke_small,0.848936140537262,439,156,460,219,449,187
frame_198,Rack_1,38,4,coke_small,0.8587043285369873,416,156,438,219,427,187
frame_198,Rack_1,5,4,coke_small,0.9140548706054688,393,155,415,219,404,187
frame_198,Rack_1,21,17,sprite_small,0.7832232713699341,371,156,392,220,381,188
frame_198,Rack_1,14,17,sprite_small,0.7456954121589661,350,155,370,221,360,188
frame_198,Rack_1,25,17,sprite_small,0.8467873334884644,329,155,348,221,338,188
frame_198,Rack_1,15,17,sprite_small,0.8254488110542297,308,156,328,220,318,188
frame_198,Rack_1,28,9,empty,0.743280291557312,174,162,301,226,237,194
frame_198,Rack_1,58,0,7up_med,0.5616976022720337,97,172,119,249,108,210
frame_198,Rack_1,67,8,dew_med,0.6741464734077454,33,176,55,253,44,214
frame_198,Rack_2,22,3,coke_med,0.547474205493927,615,258,636,333,625,295
frame_198,Rack_2,24,3,coke_med,0.8186360001564026,588,258,613,333,600,295
frame_198,Rack_2,3,3,coke_med,0.874357283115387,559,257,585,334,572,295
frame_198,Rack_2,61,3,coke_med,0.8820856213569641,529,259,555,334,542,296
frame_198,Rack_2,26,2,anw_med,0.8277871012687683,439,256,466,334,452,295
frame_198,Rack_2,17,2,anw_med,0.8469100594520569,412,257,438,334,425,295
frame_198,Rack_2,43,2,anw_med,0.7759867906570435,385,257,411,334,398,295
frame_198,Rack_2,42,2,anw_med,0.8580461144447327,358,256,384,335,371,295
frame_198,Rack_2,46,2,anw_med,0.7780415415763855,332,256,358,334,345,295
frame_198,Rack_2,7,2,anw_med,0.8943855166435242,306,258,332,335,319,296
frame_198,Rack_2,30,15,pepsi_med,0.8463024497032166,284,258,305,333,294,295
frame_198,Rack_2,8,15,pepsi_med,0.8851019144058228,261,259,284,334,272,296
frame_198,Rack_2,2,15,pepsi_med,0.8895993828773499,235,257,260,335,247,296
frame_198,Rack_2,16,15,pepsi_med,0.9219611287117004,215,257,236,335,225,296
frame_198,Rack_2,31,15,pepsi_med,0.8947626352310181,189,258,215,334,202,296
frame_198,Rack_2,44,15,pepsi_med,0.8845592737197876,167,259,189,334,178,296
frame_198,Rack_2,55,13,kick_med,0.7885103225708008,144,260,167,333,155,296
frame_198,Rack_2,53,13,kick_med,0.8456283807754517,124,261,144,333,134,297
frame_198,Rack_2,52,13,kick_med,0.8067318797111511,100,262,123,334,111,298
frame_198,Rack_2,56,13,kick_med,0.6809608936309814,78,263,100,334,89,298
frame_198,Rack_2,65,13,kick_med,0.5769737958908081,61,266,78,333,69,299
frame_198,Rack_2,69,13,kick_med,0.8432163596153259,40,268,61,333,50,300
frame_198,Rack_2,80,13,kick_med,0.5218412280082703,22,269,42,333,32,301
frame_198,Rack_2,85,13,kick_med,0.7465286254882812,3,268,24,334,13,301
frame_198,Rack_3,6,9,empty,0.8479396104812622,577,358,637,487,607,422
frame_198,Rack_3,13,7,coke_z_big,0.9031572937965393,538,359,579,480,558,419
frame_198,Rack_3,1,7,coke_z_big,0.9250260591506958,496,359,537,479,516,419
frame_198,Rack_3,39,5,coke_v_big,0.8945869207382202,458,357,495,487,476,422
frame_198,Rack_3,4,5,coke_v_big,0.9264670610427856,417,358,457,488,437,423
frame_198,Rack_3,33,5,coke_v_big,0.8979652523994446,380,359,416,472,398,415
frame_198,Rack_3,18,5,coke_v_big,0.894102931022644,344,359,380,471,362,415
frame_198,Rack_3,10,5,coke_v_big,0.9380202293395996,309,359,344,485,326,422
frame_198,Rack_3,9,14,pepsi_big,0.8990922570228577,276,358,307,485,291,421
frame_198,Rack_3,11,14,pepsi_big,0.9346105456352234,243,358,275,480,259,419
frame_198,Rack_3,54,14,pepsi_big,0.9081606268882751,210,357,242,479,226,418
frame_198,Rack_3,19,10,fanta_grape_big,0.9349321126937866,173,357,208,478,190,417
frame_198,Rack_3,51,10,fanta_grape_big,0.876558244228363,147,357,172,474,159,415
frame_198,Rack_3,59,10,fanta_grape_big,0.8017747402191162,119,357,146,469,132,413
frame_198,Rack_3,23,12,fanta_straw_big,0.8891469240188599,84,357,120,462,102,409
frame_198,Rack_3,64,12,fanta_straw_big,0.5014724731445312,57,357,84,461,70,409
frame_198,Rack_3,71,11,fanta_lychee_big,0.9102112650871277,25,358,55,466,40,412
frame_199,Rack_1,48,1,a&w_small,0.7810238003730774,612,152,634,211,623,181
frame_199,Rack_1,37,1,a&w_small,0.832159161567688,586,154,611,211,598,182
frame_199,Rack_1,27,1,a&w_small,0.8562418818473816,560,155,585,212,572,183
frame_199,Rack_1,36,1,a&w_small,0.8106124997138977,535,155,558,214,546,184
frame_199,Rack_1,49,4,coke_small,0.7813368439674377,509,155,533,215,521,185
frame_199,Rack_1,34,4,coke_small,0.8674389123916626,484,155,508,217,496,186
frame_199,Rack_1,12,4,coke_small,0.8695154786109924,462,155,483,218,472,186
frame_199,Rack_1,40,4,coke_small,0.8707732558250427,440,155,462,219,451,187
frame_199,Rack_1,38,4,coke_small,0.8745111227035522,417,155,439,220,428,187
frame_199,Rack_1,5,4,coke_small,0.9390618801116943,394,155,416,220,405,187
frame_199,Rack_1,21,17,sprite_small,0.8013381361961365,371,154,393,221,382,187
frame_199,Rack_1,14,17,sprite_small,0.7673430442810059,350,154,371,222,360,188
frame_199,Rack_1,25,17,sprite_small,0.8583176732063293,330,154,349,222,339,188
frame_199,Rack_1,15,17,sprite_small,0.8236613869667053,308,155,329,221,318,188
frame_199,Rack_1,28,9,empty,0.8369274139404297,175,160,302,223,238,191
frame_199,Rack_1,58,0,7up_med,0.803252637386322,98,172,119,249,108,210
frame_199,Rack_1,62,17,sprite_small,0.6777005195617676,76,173,98,251,87,212
frame_199,Rack_1,66,8,dew_med,0.5784860849380493,55,175,76,252,65,213
frame_199,Rack_1,67,8,dew_med,0.50526362657547,33,177,55,254,44,215
frame_199,Rack_2,22,3,coke_med,0.5955755114555359,614,243,638,333,626,288
frame_199,Rack_2,24,3,coke_med,0.842379093170166,589,256,615,333,602,294
frame_199,Rack_2,3,3,coke_med,0.8939040899276733,559,256,586,334,572,295
frame_199,Rack_2,47,3,coke_med,0.8051435351371765,528,240,558,334,543,287
frame_199,Rack_2,26,2,anw_med,0.8029926419258118,440,256,467,334,453,295
frame_199,Rack_2,17,2,anw_med,0.8568122982978821,412,256,439,335,425,295
frame_199,Rack_2,43,2,anw_med,0.8100998401641846,385,256,412,334,398,295
frame_199,Rack_2,42,2,anw_med,0.8649763464927673,359,256,385,335,372,295
frame_199,Rack_2,46,2,anw_med,0.8494575023651123,333,256,359,335,346,295
frame_199,Rack_2,7,2,anw_med,0.8912849426269531,307,257,333,335,320,296
frame_199,Rack_2,30,15,pepsi_med,0.8200038075447083,285,258,306,333,295,295
frame_199,Rack_2,8,15,pepsi_med,0.8852072358131409,262,258,285,334,273,296
frame_199,Rack_2,2,15,pepsi_med,0.8964987397193909,236,257,260,335,248,296
frame_199,Rack_2,16,15,pepsi_med,0.9064385294914246,215,257,236,335,225,296
frame_199,Rack_2,31,15,pepsi_med,0.904427170753479,190,258,216,335,203,296
frame_199,Rack_2,44,15,pepsi_med,0.9023738503456116,168,259,189,334,178,296
frame_199,Rack_2,55,13,kick_med,0.816185474395752,145,260,168,334,156,297
frame_199,Rack_2,53,13,kick_med,0.809609591960907,124,261,145,334,134,297
frame_199,Rack_2,52,13,kick_med,0.7711186408996582,101,262,124,335,112,298
frame_199,Rack_2,56,13,kick_med,0.695877194404602,79,264,101,334,90,299
frame_199,Rack_2,65,13,kick_med,0.5582816004753113,62,265,79,334,70,299
frame_199,Rack_2,69,13,kick_med,0.847945511341095,41,267,62,334,51,300
frame_199,Rack_2,85,13,kick_med,0.7000199556350708,3,268,24,335,13,301
frame_199,Rack_3,6,9,empty,0.8539385199546814,577,358,634,485,605,421
frame_199,Rack_3,13,7,coke_z_big,0.9006824493408203,539,359,580,480,559,419
frame_199,Rack_3,1,7,coke_z_big,0.9244763851165771,497,359,538,479,517,419
frame_199,Rack_3,39,5,coke_v_big,0.8756446242332458,459,357,495,484,477,420
frame_199,Rack_3,4,5,coke_v_big,0.8812981247901917,419,359,457,485,438,422
frame_199,Rack_3,33,5,coke_v_big,0.9026368856430054,381,359,417,472,399,415
frame_199,Rack_3,18,5,coke_v_big,0.890760600566864,345,359,380,470,362,414
frame_199,Rack_3,10,5,coke_v_big,0.9400629997253418,310,359,344,482,327,420
frame_199,Rack_3,9,14,pepsi_big,0.9071797728538513,277,358,308,484,292,421
frame_199,Rack_3,11,14,pepsi_big,0.926983654499054,244,357,275,480,259,418
frame_199,Rack_3,54,14,pepsi_big,0.9070526361465454,210,357,242,479,226,418
frame_199,Rack_3,19,10,fanta_grape_big,0.9431691765785217,174,357,209,478,191,417
frame_199,Rack_3,51,10,fanta_grape_big,0.8991127610206604,148,357,173,474,160,415
frame_199,Rack_3,59,10,fanta_grape_big,0.7714154720306396,120,357,147,469,133,413
frame_199,Rack_3,23,12,fanta_straw_big,0.846924364566803,85,357,121,462,103,409
frame_199,Rack_3,71,11,fanta_lychee_big,0.8863705992698669,25,358,56,466,40,412
frame_200,Rack_1,48,1,a&w_small,0.8185582756996155,613,153,635,210,624,181
frame_200,Rack_1,37,1,a&w_small,0.8418771624565125,587,153,613,212,600,182
frame_200,Rack_1,27,1,a&w_small,0.8474998474121094,561,154,586,212,573,183
frame_200,Rack_1,36,1,a&w_small,0.7908579111099243,535,154,559,214,547,184
frame_200,Rack_1,49,4,coke_small,0.8062964081764221,510,155,534,215,522,185
frame_200,Rack_1,34,4,coke_small,0.8767788410186768,484,154,509,216,496,185
frame_200,Rack_1,12,4,coke_small,0.8778449296951294,463,154,484,218,473,186
frame_200,Rack_1,40,4,coke_small,0.8912656903266907,440,154,462,219,451,186
frame_200,Rack_1,38,4,coke_small,0.8987722396850586,417,154,440,220,428,187
frame_200,Rack_1,5,4,coke_small,0.9285102486610413,394,154,417,220,405,187
frame_200,Rack_1,21,17,sprite_small,0.8040810227394104,372,154,394,221,383,187
frame_200,Rack_1,14,17,sprite_small,0.7435857653617859,350,153,372,223,361,188
frame_200,Rack_1,25,17,sprite_small,0.8412055969238281,330,154,350,222,340,188
frame_200,Rack_1,15,17,sprite_small,0.8314622640609741,309,155,330,222,319,188
frame_200,Rack_1,28,9,empty,0.8284680843353271,176,159,303,222,239,190
frame_200,Rack_1,58,17,sprite_small,0.8080466389656067,98,172,120,250,109,211
frame_200,Rack_1,62,17,sprite_small,0.6784270405769348,77,173,99,251,88,212
frame_200,Rack_1,66,8,dew_med,0.5630427002906799,56,175,77,252,66,213
frame_200,Rack_1,67,8,dew_med,0.5784530639648438,34,176,56,254,45,215
frame_200,Rack_2,22,3,coke_med,0.6236412525177002,615,251,637,332,626,291
frame_200,Rack_2,24,3,coke_med,0.8568925857543945,590,258,615,333,602,295
frame_200,Rack_2,3,3,coke_med,0.9062421917915344,561,258,587,334,574,296
frame_200,Rack_2,47,3,coke_med,0.8370650410652161,529,245,558,334,543,289
frame_200,Rack_2,26,2,anw_med,0.8606332540512085,440,256,468,334,454,295
frame_200,Rack_2,17,2,anw_med,0.837406575679779,413,257,440,335,426,296
frame_200,Rack_2,43,2,anw_med,0.8344300389289856,386,257,412,335,399,296
frame_200,Rack_2,42,2,anw_med,0.856548547744751,360,256,385,335,372,295
frame_200,Rack_2,46,2,anw_med,0.8447619080543518,334,256,360,335,347,295
frame_200,Rack_2,7,2,anw_med,0.8870276212692261,308,257,334,335,321,296
frame_200,Rack_2,30,15,pepsi_med,0.8356112837791443,286,258,306,333,296,295
frame_200,Rack_2,8,15,pepsi_med,0.8987823724746704,262,257,285,334,273,295
frame_200,Rack_2,2,15,pepsi_med,0.9027917981147766,237,257,260,335,248,296
frame_200,Rack_2,16,15,pepsi_med,0.858433187007904,216,257,237,335,226,296
frame_200,Rack_2,31,15,pepsi_med,0.9100380539894104,190,258,216,335,203,296
frame_200,Rack_2,44,15,pepsi_med,0.9083242416381836,169,259,190,334,179,296
frame_200,Rack_2,55,13,kick_med,0.811197817325592,145,259,168,335,156,297
frame_200,Rack_2,53,13,kick_med,0.8083785176277161,125,261,145,335,135,298
frame_200,Rack_2,52,13,kick_med,0.785161554813385,101,261,125,335,113,298
frame_200,Rack_2,56,13,kick_med,0.7320308089256287,80,264,101,334,90,299
frame_200,Rack_2,65,13,kick_med,0.5958740711212158,63,265,80,334,71,299
frame_200,Rack_2,69,13,kick_med,0.8342564702033997,42,267,63,334,52,300
frame_200,Rack_2,80,13,kick_med,0.6863051652908325,24,268,43,334,33,301
frame_200,Rack_2,85,13,kick_med,0.6943680644035339,3,268,25,336,14,302
frame_200,Rack_3,6,9,empty,0.8349417448043823,578,357,635,485,606,421
frame_200,Rack_3,13,7,coke_z_big,0.9048649072647095,540,358,580,479,560,418
frame_200,Rack_3,1,7,coke_z_big,0.9308134317398071,498,358,539,479,518,418
frame_200,Rack_3,39,5,coke_v_big,0.9061449766159058,460,357,496,484,478,420
frame_200,Rack_3,4,5,coke_v_big,0.8836274743080139,419,359,458,485,438,422
frame_200,Rack_3,33,5,coke_v_big,0.8983401656150818,382,359,418,472,400,415
frame_200,Rack_3,18,5,coke_v_big,0.8930543661117554,346,359,381,471,363,415
frame_200,Rack_3,10,5,coke_v_big,0.9407479166984558,310,359,345,482,327,420
frame_200,Rack_3,9,14,pepsi_big,0.8990813493728638,277,358,309,483,293,420
frame_200,Rack_3,11,14,pepsi_big,0.917049765586853,245,357,276,479,260,418
frame_200,Rack_3,54,14,pepsi_big,0.8927499651908875,211,357,243,478,227,417
frame_200,Rack_3,19,10,fanta_grape_big,0.9450197815895081,175,357,210,478,192,417
frame_200,Rack_3,51,10,fanta_grape_big,0.8930366635322571,148,357,174,473,161,415
frame_200,Rack_3,59,10,fanta_grape_big,0.7036940455436707,121,357,147,469,134,413
frame_200,Rack_3,23,12,fanta_straw_big,0.8845452666282654,86,357,122,462,104,409
frame_200,Rack_3,71,11,fanta_lychee_big,0.9166776537895203,26,357,57,465,41,411
frame_201,Rack_1,48,1,a&w_small,0.7910273671150208,614,153,636,210,625,181
frame_201,Rack_1,37,1,a&w_small,0.8328225016593933,588,153,614,212,601,182
frame_201,Rack_1,27,1,a&w_small,0.835139274597168,562,154,587,212,574,183
frame_201,Rack_1,36,1,a&w_small,0.8386794924736023,536,154,559,214,547,184
frame_201,Rack_1,49,4,coke_small,0.8070628643035889,510,154,534,215,522,184
frame_201,Rack_1,34,4,coke_small,0.8832302093505859,485,154,509,216,497,185
frame_201,Rack_1,12,4,coke_small,0.8901075720787048,463,154,484,218,473,186
frame_201,Rack_1,40,4,coke_small,0.8961389660835266,441,154,463,219,452,186
frame_201,Rack_1,38,4,coke_small,0.8848731517791748,418,154,440,220,429,187
frame_201,Rack_1,5,4,coke_small,0.9232736825942993,395,154,418,220,406,187
frame_201,Rack_1,21,17,sprite_small,0.7499725818634033,373,154,394,221,383,187
frame_201,Rack_1,14,17,sprite_small,0.6837514042854309,351,153,373,223,362,188
frame_201,Rack_1,25,17,sprite_small,0.8570820093154907,330,154,351,222,340,188
frame_201,Rack_1,15,17,sprite_small,0.8576850295066833,309,155,330,222,319,188
frame_201,Rack_1,28,9,empty,0.8292955160140991,176,159,303,222,239,190
frame_201,Rack_1,58,17,sprite_small,0.7809470295906067,99,171,121,249,110,210
frame_201,Rack_1,62,17,sprite_small,0.6794772744178772,77,172,99,251,88,211
frame_201,Rack_1,66,8,dew_med,0.5814841389656067,56,175,77,252,66,213
frame_201,Rack_1,67,8,dew_med,0.5899055600166321,34,176,56,254,45,215
frame_201,Rack_1,83,8,dew_med,0.5356540083885193,8,177,34,254,21,215
frame_201,Rack_2,22,3,coke_med,0.6295686364173889,616,256,637,332,626,294
frame_201,Rack_2,24,3,coke_med,0.8654459118843079,590,260,616,333,603,296
frame_201,Rack_2,3,3,coke_med,0.9053160548210144,561,259,588,334,574,296
frame_201,Rack_2,47,3,coke_med,0.8305507898330688,530,250,558,334,544,292
frame_201,Rack_2,29,6,coke_v_med,0.5079274773597717,469,256,499,334,484,295
frame_201,Rack_2,26,2,anw_med,0.8352727890014648,441,257,469,334,455,295
frame_201,Rack_2,17,2,anw_med,0.8157925009727478,414,257,441,335,427,296
frame_201,Rack_2,43,2,anw_med,0.8207993507385254,386,257,413,335,399,296
frame_201,Rack_2,42,2,anw_med,0.8602550029754639,360,257,386,335,373,296
frame_201,Rack_2,46,2,anw_med,0.8390567898750305,335,256,360,336,347,296
frame_201,Rack_2,7,2,anw_med,0.8931664824485779,308,257,334,335,321,296
frame_201,Rack_2,30,15,pepsi_med,0.8193033933639526,286,258,307,333,296,295
frame_201,Rack_2,8,15,pepsi_med,0.9061768651008606,263,257,286,334,274,295
frame_201,Rack_2,2,15,pepsi_med,0.8948145508766174,237,258,261,335,249,296
frame_201,Rack_2,16,15,pepsi_med,0.8729385137557983,217,257,237,335,227,296
frame_201,Rack_2,31,15,pepsi_med,0.9155288338661194,191,258,217,335,204,296
frame_201,Rack_2,44,15,pepsi_med,0.9127275943756104,169,259,191,334,180,296
frame_201,Rack_2,55,13,kick_med,0.7664225697517395,146,259,169,335,157,297
frame_201,Rack_2,53,13,kick_med,0.8145695924758911,126,261,146,335,136,298
frame_201,Rack_2,52,13,kick_med,0.7592127323150635,102,261,126,335,114,298
frame_201,Rack_2,56,13,kick_med,0.7594216465950012,80,263,102,335,91,299
frame_201,Rack_2,65,13,kick_med,0.5855500102043152,63,265,80,334,71,299
frame_201,Rack_2,69,13,kick_med,0.8287518620491028,42,267,63,334,52,300
frame_201,Rack_2,80,13,kick_med,0.6166285872459412,24,268,43,334,33,301
frame_201,Rack_2,85,13,kick_med,0.6812411546707153,3,268,25,336,14,302
frame_201,Rack_3,6,9,empty,0.6850552558898926,578,356,635,486,606,421
frame_201,Rack_3,13,7,coke_z_big,0.9123105406761169,541,358,581,479,561,418
frame_201,Rack_3,1,7,coke_z_big,0.9267891645431519,498,358,539,479,518,418
frame_201,Rack_3,39,5,coke_v_big,0.9173818826675415,460,357,497,486,478,421
frame_201,Rack_3,4,5,coke_v_big,0.9047877192497253,420,359,459,487,439,423
frame_201,Rack_3,33,5,coke_v_big,0.8913623094558716,382,359,418,472,400,415
frame_201,Rack_3,18,5,coke_v_big,0.8928906917572021,346,359,381,471,363,415
frame_201,Rack_3,10,5,coke_v_big,0.9392291903495789,311,358,346,483,328,420
frame_201,Rack_3,9,14,pepsi_big,0.8870128989219666,278,358,309,484,293,421
frame_201,Rack_3,11,14,pepsi_big,0.9110156297683716,245,357,277,479,261,418
frame_201,Rack_3,54,14,pepsi_big,0.8952661752700806,212,357,243,478,227,417
frame_201,Rack_3,19,10,fanta_grape_big,0.9422909021377563,175,357,210,478,192,417
frame_201,Rack_3,51,10,fanta_grape_big,0.9009271860122681,149,357,174,473,161,415
frame_201,Rack_3,59,10,fanta_grape_big,0.7505292296409607,122,356,148,469,135,412
frame_201,Rack_3,23,12,fanta_straw_big,0.8618204593658447,86,356,122,462,104,409
frame_201,Rack_3,71,11,fanta_lychee_big,0.9125424027442932,26,357,58,465,42,411
frame_201,Rack_3,84,11,fanta_lychee_big,0.5101466178894043,6,356,24,464,15,410
frame_202,Rack_1,48,1,a&w_small,0.783838152885437,614,153,636,210,625,181
frame_202,Rack_1,37,1,a&w_small,0.8222322463989258,589,154,614,212,601,183
frame_202,Rack_1,27,1,a&w_small,0.8115075826644897,562,154,587,212,574,183
frame_202,Rack_1,36,1,a&w_small,0.8303621411323547,536,154,560,214,548,184
frame_202,Rack_1,49,4,coke_small,0.8352197408676147,511,154,535,215,523,184
frame_202,Rack_1,34,4,coke_small,0.8801681399345398,485,154,510,216,497,185
frame_202,Rack_1,12,4,coke_small,0.902514636516571,463,154,484,218,473,186
frame_202,Rack_1,40,4,coke_small,0.9082992076873779,442,154,463,219,452,186
frame_202,Rack_1,38,4,coke_small,0.9007729887962341,418,154,441,219,429,186
frame_202,Rack_1,5,4,coke_small,0.9139773845672607,395,153,418,219,406,186
frame_202,Rack_1,21,17,sprite_small,0.6343245506286621,373,154,395,220,384,187
frame_202,Rack_1,14,17,sprite_small,0.5138292908668518,352,153,373,222,362,187
frame_202,Rack_1,25,17,sprite_small,0.8021417260169983,331,154,351,221,341,187
frame_202,Rack_1,15,17,sprite_small,0.8335720300674438,310,155,330,220,320,187
frame_202,Rack_1,28,9,empty,0.7787322998046875,176,158,304,221,240,189
frame_202,Rack_1,58,17,sprite_small,0.575654149055481,99,171,121,249,110,210
frame_202,Rack_1,62,17,sprite_small,0.5210546851158142,78,172,100,251,89,211
frame_202,Rack_1,67,8,dew_med,0.5790187120437622,35,176,57,254,46,215
frame_202,Rack_1,83,8,dew_med,0.6402449607849121,8,176,34,254,21,215
frame_202,Rack_2,22,3,coke_med,0.5964726209640503,614,237,639,333,626,285
frame_202,Rack_2,24,3,coke_med,0.8564350008964539,589,249,618,333,603,291
frame_202,Rack_2,3,3,coke_med,0.8990574479103088,561,255,589,334,575,294
frame_202,Rack_2,47,3,coke_med,0.7484137415885925,529,241,560,334,544,287
frame_202,Rack_2,29,6,coke_v_med,0.5960164070129395,469,256,499,334,484,295
frame_202,Rack_2,26,2,anw_med,0.7868001461029053,441,256,469,334,455,295
frame_202,Rack_2,17,2,anw_med,0.794267475605011,414,256,441,335,427,295
frame_202,Rack_2,43,2,anw_med,0.8135106563568115,387,256,413,335,400,295
frame_202,Rack_2,42,2,anw_med,0.8472757935523987,361,256,386,335,373,295
frame_202,Rack_2,46,2,anw_med,0.842797577381134,335,256,361,336,348,296
frame_202,Rack_2,7,2,anw_med,0.8930167555809021,309,257,335,335,322,296
frame_202,Rack_2,30,15,pepsi_med,0.8172374367713928,286,258,308,334,297,296
frame_202,Rack_2,8,15,pepsi_med,0.9103583693504333,263,256,286,334,274,295
frame_202,Rack_2,2,15,pepsi_med,0.9081719517707825,237,256,262,335,249,295
frame_202,Rack_2,16,15,pepsi_med,0.8854483366012573,217,257,237,335,227,296
frame_202,Rack_2,31,15,pepsi_med,0.9228427410125732,191,257,217,335,204,296
frame_202,Rack_2,44,15,pepsi_med,0.9090815186500549,170,259,191,335,180,297
frame_202,Rack_2,55,13,kick_med,0.629109263420105,146,259,169,335,157,297
frame_202,Rack_2,53,13,kick_med,0.8238505125045776,126,262,146,334,136,298
frame_202,Rack_2,52,13,kick_med,0.7375762462615967,103,261,126,335,114,298
frame_202,Rack_2,56,13,kick_med,0.7153279185295105,81,263,102,335,91,299
frame_202,Rack_2,65,13,kick_med,0.6787639856338501,63,265,81,334,72,299
frame_202,Rack_2,69,13,kick_med,0.8721408843994141,42,266,64,334,53,300
frame_202,Rack_2,80,13,kick_med,0.8657519221305847,25,267,44,334,34,300
frame_202,Rack_2,85,13,kick_med,0.7469823956489563,3,267,25,336,14,301
frame_202,Rack_3,6,9,empty,0.8203179240226746,580,357,635,484,607,420
frame_202,Rack_3,13,7,coke_z_big,0.9179173707962036,541,358,582,480,561,419
frame_202,Rack_3,1,7,coke_z_big,0.9269670844078064,499,358,540,479,519,418
frame_202,Rack_3,39,5,coke_v_big,0.8791548609733582,460,357,497,484,478,420
frame_202,Rack_3,4,5,coke_v_big,0.9011275172233582,420,359,459,484,439,421
frame_202,Rack_3,33,5,coke_v_big,0.8930615782737732,382,359,418,472,400,415
frame_202,Rack_3,18,5,coke_v_big,0.8996304869651794,347,359,382,470,364,414
frame_202,Rack_3,10,5,coke_v_big,0.9384486079216003,311,358,346,482,328,420
frame_202,Rack_3,9,14,pepsi_big,0.8966633081436157,278,358,309,483,293,420
frame_202,Rack_3,11,14,pepsi_big,0.9040482044219971,245,357,277,479,261,418
frame_202,Rack_3,54,14,pepsi_big,0.8908147215843201,212,357,244,478,228,417
frame_202,Rack_3,19,10,fanta_grape_big,0.9482340812683105,176,356,211,477,193,416
frame_202,Rack_3,51,10,fanta_grape_big,0.8964106440544128,149,357,175,473,162,415
frame_202,Rack_3,59,10,fanta_grape_big,0.6778789758682251,122,356,148,469,135,412
frame_202,Rack_3,23,12,fanta_straw_big,0.8419113755226135,86,356,122,461,104,408
frame_202,Rack_3,71,11,fanta_lychee_big,0.9027923941612244,27,357,58,465,42,411
frame_202,Rack_3,84,11,fanta_lychee_big,0.5089523792266846,7,356,25,465,16,410
frame_203,Rack_1,48,1,a&w_small,0.7054892778396606,614,153,636,210,625,181
frame_203,Rack_1,37,1,a&w_small,0.8112337589263916,589,154,615,211,602,182
frame_203,Rack_1,27,1,a&w_small,0.8146360516548157,563,154,588,212,575,183
frame_203,Rack_1,36,1,a&w_small,0.8568081259727478,537,154,561,214,549,184
frame_203,Rack_1,49,4,coke_small,0.8707820773124695,512,154,536,215,524,184
frame_203,Rack_1,34,4,coke_small,0.8910155892372131,486,154,510,216,498,185
frame_203,Rack_1,12,4,coke_small,0.8836408257484436,464,154,485,218,474,186
frame_203,Rack_1,40,4,coke_small,0.9001746773719788,442,154,464,219,453,186
frame_203,Rack_1,38,4,coke_small,0.9065134525299072,419,154,441,219,430,186
frame_203,Rack_1,5,4,coke_small,0.9072234630584717,396,154,418,219,407,186
frame_203,Rack_1,21,17,sprite_small,0.6439940333366394,374,154,395,220,384,187
frame_203,Rack_1,25,17,sprite_small,0.776417076587677,331,154,351,221,341,187
frame_203,Rack_1,15,17,sprite_small,0.8348392248153687,310,154,331,220,320,187
frame_203,Rack_1,28,9,empty,0.7722991108894348,176,158,305,222,240,190
frame_203,Rack_1,58,17,sprite_small,0.5818124413490295,100,171,122,249,111,210
frame_203,Rack_1,62,17,sprite_small,0.5073277354240417,78,172,100,251,89,211
frame_203,Rack_1,67,8,dew_med,0.5285637974739075,36,176,57,254,46,215
frame_203,Rack_1,83,8,dew_med,0.5602547526359558,9,176,35,254,22,215
frame_203,Rack_1,86,8,dew_med,0.5056838989257812,0,148,9,252,4,200
frame_203,Rack_2,24,3,coke_med,0.7849333882331848,590,253,618,333,604,293
frame_203,Rack_2,3,3,coke_med,0.8860373497009277,561,253,590,334,575,293
frame_203,Rack_2,47,3,coke_med,0.7251031994819641,530,237,561,334,545,285
frame_203,Rack_2,29,6,coke_v_med,0.6468578577041626,470,255,499,334,484,294
frame_203,Rack_2,26,2,anw_med,0.8214350938796997,442,256,469,334,455,295
frame_203,Rack_2,17,2,anw_med,0.7986243963241577,414,257,441,334,427,295
frame_203,Rack_2,43,2,anw_med,0.8181007504463196,387,256,413,334,400,295
frame_203,Rack_2,42,2,anw_med,0.8527480363845825,361,256,386,334,373,295
frame_203,Rack_2,46,2,anw_med,0.8466253876686096,336,256,361,335,348,295
frame_203,Rack_2,7,2,anw_med,0.8975581526756287,309,257,335,334,322,295
frame_203,Rack_2,30,15,pepsi_med,0.8242016434669495,287,257,308,333,297,295
frame_203,Rack_2,8,15,pepsi_med,0.9093533158302307,263,256,287,334,275,295
frame_203,Rack_2,2,15,pepsi_med,0.9063438773155212,238,256,262,335,250,295
frame_203,Rack_2,16,15,pepsi_med,0.8965168595314026,217,257,238,334,227,295
frame_203,Rack_2,31,15,pepsi_med,0.9230526089668274,191,257,217,335,204,296
frame_203,Rack_2,44,15,pepsi_med,0.9116758108139038,170,259,191,334,180,296
frame_203,Rack_2,55,13,kick_med,0.5177304148674011,147,259,169,334,158,296
frame_203,Rack_2,53,13,kick_med,0.8404181599617004,127,262,146,333,136,297
frame_203,Rack_2,52,13,kick_med,0.7254214882850647,103,261,126,334,114,297
frame_203,Rack_2,56,13,kick_med,0.6262114644050598,82,263,103,334,92,298
frame_203,Rack_2,65,13,kick_med,0.7021578550338745,64,265,81,333,72,299
frame_203,Rack_2,69,13,kick_med,0.8660224676132202,43,266,64,333,53,299
frame_203,Rack_2,80,13,kick_med,0.8844541311264038,26,267,45,334,35,300
frame_203,Rack_2,85,13,kick_med,0.8092862367630005,3,266,25,336,14,301
frame_203,Rack_3,6,9,empty,0.5999544858932495,579,356,634,485,606,420
frame_203,Rack_3,13,7,coke_z_big,0.9136790633201599,541,358,583,480,562,419
frame_203,Rack_3,1,7,coke_z_big,0.9229955077171326,499,357,541,479,520,418
frame_203,Rack_3,39,5,coke_v_big,0.9101564288139343,461,357,498,485,479,421
frame_203,Rack_3,4,5,coke_v_big,0.90715092420578,420,358,459,485,439,421
frame_203,Rack_3,33,5,coke_v_big,0.9003146290779114,383,358,419,472,401,415
frame_203,Rack_3,18,5,coke_v_big,0.9064422249794006,347,359,382,470,364,414
frame_203,Rack_3,10,5,coke_v_big,0.9387404322624207,311,358,346,481,328,419
frame_203,Rack_3,9,14,pepsi_big,0.8924290537834167,278,357,310,483,294,420
frame_203,Rack_3,11,14,pepsi_big,0.9127717614173889,245,356,277,479,261,417
frame_203,Rack_3,54,14,pepsi_big,0.8926187753677368,212,356,244,478,228,417
frame_203,Rack_3,19,10,fanta_grape_big,0.9430859684944153,176,356,211,477,193,416
frame_203,Rack_3,51,10,fanta_grape_big,0.9018651247024536,149,356,175,473,162,414
frame_203,Rack_3,59,10,fanta_grape_big,0.6857781410217285,122,355,148,469,135,412
frame_203,Rack_3,23,12,fanta_straw_big,0.8491604328155518,87,355,123,461,105,408
frame_203,Rack_3,79,12,fanta_straw_big,0.5719391703605652,59,355,87,460,73,407
frame_203,Rack_3,71,11,fanta_lychee_big,0.9235552549362183,27,356,58,465,42,410
frame_203,Rack_3,84,11,fanta_lychee_big,0.6783030033111572,7,356,26,464,16,410
