frame_id,rack_id,track_id,class_id,class_name,cx
frame_0,Rack_1,50,1,a&w_small,584
frame_0,Rack_1,35,1,a&w_small,560
frame_0,Rack_1,32,1,a&w_small,538
frame_0,Rack_1,48,1,a&w_small,514
frame_0,Rack_1,37,1,a&w_small,491
frame_0,Rack_1,27,1,a&w_small,468
frame_0,Rack_1,36,1,a&w_small,445
frame_0,Rack_1,49,4,coke_small,423
frame_0,Rack_1,34,4,coke_small,402
frame_0,Rack_1,12,4,coke_small,381
frame_0,Rack_1,40,4,coke_small,361
frame_0,Rack_1,38,4,coke_small,340
frame_0,Rack_1,5,4,coke_small,320
frame_0,Rack_1,21,17,sprite_small,298
frame_0,Rack_1,14,17,sprite_small,278
frame_0,Rack_1,25,17,sprite_small,259
frame_0,Rack_1,15,17,sprite_small,239
frame_0,Rack_1,28,9,empty,163
frame_1,Rack_1,50,1,a&w_small,584
frame_1,Rack_1,35,1,a&w_small,560
frame_1,Rack_1,32,1,a&w_small,538
frame_1,Rack_1,48,1,a&w_small,514
frame_1,Rack_1,37,1,a&w_small,491
frame_1,Rack_1,27,1,a&w_small,468
frame_1,Rack_1,36,1,a&w_small,446
frame_1,Rack_1,49,4,coke_small,424
frame_1,Rack_1,34,4,coke_small,402
frame_1,Rack_1,12,4,coke_small,381
frame_1,Rack_1,40,4,coke_small,361
frame_1,Rack_1,38,4,coke_small,340
frame_1,Rack_1,5,4,coke_small,320
frame_1,Rack_1,21,17,sprite_small,298
frame_1,Rack_1,14,17,sprite_small,278
frame_1,Rack_1,25,17,sprite_small,259
frame_1,Rack_1,15,17,sprite_small,239
frame_1,Rack_1,28,9,empty,163
frame_10,Rack_1,50,1,a&w_small,585
frame_10,Rack_1,35,1,a&w_small,560
frame_10,Rack_1,32,1,a&w_small,539
frame_10,Rack_1,48,1,a&w_small,515
frame_10,Rack_1,37,1,a&w_small,491
frame_10,Rack_1,27,1,a&w_small,468
frame_10,Rack_1,36,1,a&w_small,446
frame_10,Rack_1,49,4,coke_small,424
frame_10,Rack_1,34,4,coke_small,402
frame_10,Rack_1,12,4,coke_small,381
frame_10,Rack_1,40,4,coke_small,361
frame_10,Rack_1,38,4,coke_small,340
frame_10,Rack_1,5,4,coke_small,320
frame_10,Rack_1,21,17,sprite_small,299
frame_10,Rack_1,14,17,sprite_small,278
frame_10,Rack_1,25,17,sprite_small,260
frame_10,Rack_1,15,17,sprite_small,240
frame_10,Rack_1,28,9,empty,163
frame_10,Rack_1,57,0,7up_med,59
frame_10,Rack_1,58,0,7up_med,35
frame_100,Rack_1,50,1,a&w_small,605
frame_100,Rack_1,35,1,a&w_small,579
frame_100,Rack_1,32,1,a&w_small,557
frame_100,Rack_1,48,1,a&w_small,533
frame_100,Rack_1,37,1,a&w_small,509
frame_100,Rack_1,27,1,a&w_small,485
frame_100,Rack_1,36,1,a&w_small,462
frame_100,Rack_1,49,4,coke_small,439
frame_100,Rack_1,34,4,coke_small,417
frame_100,Rack_1,12,4,coke_small,396
frame_100,Rack_1,40,4,coke_small,375
frame_100,Rack_1,38,4,coke_small,354
frame_100,Rack_1,5,4,coke_small,333
frame_100,Rack_1,21,17,sprite_small,311
frame_100,Rack_1,14,17,sprite_small,291
frame_100,Rack_1,25,17,sprite_small,271
frame_100,Rack_1,15,17,sprite_small,250
frame_100,Rack_1,28,9,empty,174
frame_100,Rack_1,60,0,7up_med,94
frame_100,Rack_1,57,0,7up_med,66
frame_100,Rack_1,58,0,7up_med,42
frame_101,Rack_1,50,1,a&w_small,605
frame_101,Rack_1,35,1,a&w_small,579
frame_101,Rack_1,32,1,a&w_small,557
frame_101,Rack_1,48,1,a&w_small,533
frame_101,Rack_1,37,1,a&w_small,509
frame_101,Rack_1,27,1,a&w_small,485
frame_101,Rack_1,36,1,a&w_small,462
frame_101,Rack_1,49,4,coke_small,440
frame_101,Rack_1,34,4,coke_small,417
frame_101,Rack_1,12,4,coke_small,396
frame_101,Rack_1,40,4,coke_small,376
frame_101,Rack_1,38,4,coke_small,354
frame_101,Rack_1,5,4,coke_small,333
frame_101,Rack_1,21,17,sprite_small,311
frame_101,Rack_1,14,17,sprite_small,291
frame_101,Rack_1,25,17,sprite_small,271
frame_101,Rack_1,15,17,sprite_small,251
frame_101,Rack_1,28,9,empty,174
frame_101,Rack_1,60,0,7up_med,94
frame_101,Rack_1,57,0,7up_med,67
frame_101,Rack_1,58,0,7up_med,42
frame_101,Rack_1,62,0,7up_med,19
frame_102,Rack_1,50,1,a&w_small,605
frame_102,Rack_1,35,1,a&w_small,579
frame_102,Rack_1,32,1,a&w_small,557
frame_102,Rack_1,48,1,a&w_small,533
frame_102,Rack_1,37,1,a&w_small,509
frame_102,Rack_1,27,1,a&w_small,485
frame_102,Rack_1,36,1,a&w_small,462
frame_102,Rack_1,49,4,coke_small,440
frame_102,Rack_1,34,4,coke_small,417
frame_102,Rack_1,12,4,coke_small,396
frame_102,Rack_1,40,4,coke_small,376
frame_102,Rack_1,38,4,coke_small,355
frame_102,Rack_1,5,4,coke_small,333
frame_102,Rack_1,21,17,sprite_small,312
frame_102,Rack_1,14,17,sprite_small,291
frame_102,Rack_1,25,17,sprite_small,271
frame_102,Rack_1,15,17,sprite_small,251
frame_102,Rack_1,28,9,empty,174
frame_102,Rack_1,60,0,7up_med,94
frame_102,Rack_1,57,0,7up_med,67
frame_102,Rack_1,58,0,7up_med,42
frame_102,Rack_1,62,0,7up_med,19
frame_103,Rack_1,50,1,a&w_small,606
frame_103,Rack_1,35,1,a&w_small,579
frame_103,Rack_1,32,1,a&w_small,557
frame_103,Rack_1,48,1,a&w_small,534
frame_103,Rack_1,37,1,a&w_small,509
frame_103,Rack_1,27,1,a&w_small,486
frame_103,Rack_1,36,1,a&w_small,463
frame_103,Rack_1,49,4,coke_small,440
frame_103,Rack_1,34,4,coke_small,417
frame_103,Rack_1,12,4,coke_small,396
frame_103,Rack_1,40,4,coke_small,376
frame_103,Rack_1,38,4,coke_small,355
frame_103,Rack_1,5,4,coke_small,333
frame_103,Rack_1,21,17,sprite_small,312
frame_103,Rack_1,14,17,sprite_small,291
frame_103,Rack_1,25,17,sprite_small,271
frame_103,Rack_1,15,17,sprite_small,251
frame_103,Rack_1,28,9,empty,174
frame_103,Rack_1,60,0,7up_med,94
frame_103,Rack_1,57,0,7up_med,67
frame_103,Rack_1,58,0,7up_med,43
frame_103,Rack_1,62,0,7up_med,19
frame_104,Rack_1,50,1,a&w_small,606
frame_104,Rack_1,35,1,a&w_small,580
frame_104,Rack_1,32,1,a&w_small,557
frame_104,Rack_1,48,1,a&w_small,534
frame_104,Rack_1,37,1,a&w_small,510
frame_104,Rack_1,27,1,a&w_small,486
frame_104,Rack_1,36,1,a&w_small,463
frame_104,Rack_1,49,4,coke_small,440
frame_104,Rack_1,34,4,coke_small,417
frame_104,Rack_1,12,4,coke_small,397
frame_104,Rack_1,40,4,coke_small,376
frame_104,Rack_1,38,4,coke_small,355
frame_104,Rack_1,5,4,coke_small,334
frame_104,Rack_1,21,17,sprite_small,312
frame_104,Rack_1,14,17,sprite_small,291
frame_104,Rack_1,25,17,sprite_small,272
frame_104,Rack_1,15,17,sprite_small,251
frame_104,Rack_1,28,9,empty,174
frame_104,Rack_1,60,0,7up_med,94
frame_104,Rack_1,57,0,7up_med,67
frame_104,Rack_1,58,0,7up_med,43
frame_104,Rack_1,62,0,7up_med,19
frame_105,Rack_1,50,1,a&w_small,606
frame_105,Rack_1,35,1,a&w_small,580
frame_105,Rack_1,32,1,a&w_small,558
frame_105,Rack_1,48,1,a&w_small,534
frame_105,Rack_1,37,1,a&w_small,510
frame_105,Rack_1,27,1,a&w_small,486
frame_105,Rack_1,36,1,a&w_small,463
frame_105,Rack_1,49,4,coke_small,441
frame_105,Rack_1,34,4,coke_small,418
frame_105,Rack_1,12,4,coke_small,397
frame_105,Rack_1,40,4,coke_small,376
frame_105,Rack_1,38,4,coke_small,355
frame_105,Rack_1,5,4,coke_small,334
frame_105,Rack_1,21,17,sprite_small,312
frame_105,Rack_1,14,17,sprite_small,292
frame_105,Rack_1,25,17,sprite_small,272
frame_105,Rack_1,15,17,sprite_small,251
frame_105,Rack_1,28,9,empty,174
frame_105,Rack_1,60,0,7up_med,94
frame_105,Rack_1,57,0,7up_med,67
frame_105,Rack_1,58,0,7up_med,43
frame_105,Rack_1,62,0,7up_med,20
frame_106,Rack_1,50,1,a&w_small,606
frame_106,Rack_1,35,1,a&w_small,581
frame_106,Rack_1,32,1,a&w_small,558
frame_106,Rack_1,48,1,a&w_small,534
frame_106,Rack_1,37,1,a&w_small,510
frame_106,Rack_1,27,1,a&w_small,487
frame_106,Rack_1,36,1,a&w_small,463
frame_106,Rack_1,49,4,coke_small,441
frame_106,Rack_1,34,4,coke_small,418
frame_106,Rack_1,12,4,coke_small,397
frame_106,Rack_1,40,4,coke_small,377
frame_106,Rack_1,38,4,coke_small,355
frame_106,Rack_1,5,4,coke_small,334
frame_106,Rack_1,21,17,sprite_small,313
frame_106,Rack_1,14,17,sprite_small,292
frame_106,Rack_1,25,17,sprite_small,272
frame_106,Rack_1,15,17,sprite_small,252
frame_106,Rack_1,28,9,empty,174
frame_106,Rack_1,57,0,7up_med,67
frame_106,Rack_1,58,0,7up_med,43
frame_107,Rack_1,50,1,a&w_small,607
frame_107,Rack_1,35,1,a&w_small,581
frame_107,Rack_1,32,1,a&w_small,559
frame_107,Rack_1,48,1,a&w_small,535
frame_107,Rack_1,37,1,a&w_small,511
frame_107,Rack_1,27,1,a&w_small,487
frame_107,Rack_1,36,1,a&w_small,464
frame_107,Rack_1,49,4,coke_small,441
frame_107,Rack_1,34,4,coke_small,419
frame_107,Rack_1,12,4,coke_small,397
frame_107,Rack_1,40,4,coke_small,377
frame_107,Rack_1,38,4,coke_small,356
frame_107,Rack_1,5,4,coke_small,334
frame_107,Rack_1,21,17,sprite_small,313
frame_107,Rack_1,14,17,sprite_small,292
frame_107,Rack_1,25,17,sprite_small,272
frame_107,Rack_1,15,17,sprite_small,252
frame_107,Rack_1,28,9,empty,174
frame_107,Rack_1,57,0,7up_med,68
frame_107,Rack_1,58,0,7up_med,44
frame_108,Rack_1,50,1,a&w_small,608
frame_108,Rack_1,35,1,a&w_small,582
frame_108,Rack_1,32,1,a&w_small,560
frame_108,Rack_1,48,1,a&w_small,536
frame_108,Rack_1,37,1,a&w_small,511
frame_108,Rack_1,27,1,a&w_small,488
frame_108,Rack_1,36,1,a&w_small,464
frame_108,Rack_1,49,4,coke_small,442
frame_108,Rack_1,34,4,coke_small,419
frame_108,Rack_1,12,4,coke_small,397
frame_108,Rack_1,40,4,coke_small,377
frame_108,Rack_1,38,4,coke_small,356
frame_108,Rack_1,5,4,coke_small,335
frame_108,Rack_1,21,17,sprite_small,313
frame_108,Rack_1,14,17,sprite_small,293
frame_108,Rack_1,25,17,sprite_small,272
frame_108,Rack_1,15,17,sprite_small,252
frame_108,Rack_1,28,9,empty,175
frame_108,Rack_1,57,0,7up_med,68
frame_108,Rack_1,58,0,7up_med,44
frame_109,Rack_1,50,1,a&w_small,608
frame_109,Rack_1,35,1,a&w_small,583
frame_109,Rack_1,32,1,a&w_small,561
frame_109,Rack_1,48,1,a&w_small,536
frame_109,Rack_1,37,1,a&w_small,512
frame_109,Rack_1,27,1,a&w_small,488
frame_109,Rack_1,36,1,a&w_small,465
frame_109,Rack_1,49,4,coke_small,442
frame_109,Rack_1,34,4,coke_small,420
frame_109,Rack_1,12,4,coke_small,398
frame_109,Rack_1,40,4,coke_small,377
frame_109,Rack_1,38,4,coke_small,356
frame_109,Rack_1,5,4,coke_small,335
frame_109,Rack_1,21,17,sprite_small,313
frame_109,Rack_1,14,17,sprite_small,293
frame_109,Rack_1,25,17,sprite_small,273
frame_109,Rack_1,15,17,sprite_small,252
frame_109,Rack_1,28,9,empty,175
frame_109,Rack_1,57,0,7up_med,68
frame_109,Rack_1,58,0,7up_med,44
frame_11,Rack_1,50,1,a&w_small,585
frame_11,Rack_1,35,1,a&w_small,560
frame_11,Rack_1,32,1,a&w_small,539
frame_11,Rack_1,48,1,a&w_small,515
frame_11,Rack_1,37,1,a&w_small,491
frame_11,Rack_1,27,1,a&w_small,468
frame_11,Rack_1,36,1,a&w_small,446
frame_11,Rack_1,49,4,coke_small,424
frame_11,Rack_1,34,4,coke_small,402
frame_11,Rack_1,12,4,coke_small,381
frame_11,Rack_1,40,4,coke_small,361
frame_11,Rack_1,38,4,coke_small,340
frame_11,Rack_1,5,4,coke_small,320
frame_11,Rack_1,21,17,sprite_small,299
frame_11,Rack_1,14,17,sprite_small,278
frame_11,Rack_1,25,17,sprite_small,260
frame_11,Rack_1,15,17,sprite_small,239
frame_11,Rack_1,28,9,empty,163
frame_11,Rack_1,57,0,7up_med,59
frame_11,Rack_1,58,0,7up_med,35
frame_110,Rack_1,50,1,a&w_small,609
frame_110,Rack_1,35,1,a&w_small,583
frame_110,Rack_1,32,1,a&w_small,561
frame_110,Rack_1,48,1,a&w_small,537
frame_110,Rack_1,37,1,a&w_small,513
frame_110,Rack_1,27,1,a&w_small,489
frame_110,Rack_1,36,1,a&w_small,465
frame_110,Rack_1,49,4,coke_small,443
frame_110,Rack_1,34,4,coke_small,420
frame_110,Rack_1,12,4,coke_small,399
frame_110,Rack_1,40,4,coke_small,378
frame_110,Rack_1,38,4,coke_small,357
frame_110,Rack_1,5,4,coke_small,335
frame_110,Rack_1,21,17,sprite_small,314
frame_110,Rack_1,14,17,sprite_small,293
frame_110,Rack_1,25,17,sprite_small,273
frame_110,Rack_1,15,17,sprite_small,253
frame_110,Rack_1,28,9,empty,175
frame_110,Rack_1,57,0,7up_med,68
frame_110,Rack_1,58,0,7up_med,44
frame_111,Rack_1,50,1,a&w_small,609
frame_111,Rack_1,35,1,a&w_small,584
frame_111,Rack_1,32,1,a&w_small,562
frame_111,Rack_1,48,1,a&w_small,537
frame_111,Rack_1,37,1,a&w_small,513
frame_111,Rack_1,27,1,a&w_small,489
frame_111,Rack_1,36,1,a&w_small,465
frame_111,Rack_1,49,4,coke_small,443
frame_111,Rack_1,34,4,coke_small,421
frame_111,Rack_1,12,4,coke_small,399
frame_111,Rack_1,40,4,coke_small,378
frame_111,Rack_1,38,4,coke_small,357
frame_111,Rack_1,5,4,coke_small,336
frame_111,Rack_1,21,17,sprite_small,314
frame_111,Rack_1,14,17,sprite_small,294
frame_111,Rack_1,25,17,sprite_small,273
frame_111,Rack_1,15,17,sprite_small,253
frame_111,Rack_1,28,9,empty,176
frame_111,Rack_1,57,0,7up_med,69
frame_111,Rack_1,58,0,7up_med,45
frame_112,Rack_1,50,1,a&w_small,610
frame_112,Rack_1,35,1,a&w_small,584
frame_112,Rack_1,32,1,a&w_small,562
frame_112,Rack_1,48,1,a&w_small,538
frame_112,Rack_1,37,1,a&w_small,514
frame_112,Rack_1,27,1,a&w_small,489
frame_112,Rack_1,36,1,a&w_small,466
frame_112,Rack_1,49,4,coke_small,443
frame_112,Rack_1,34,4,coke_small,421
frame_112,Rack_1,12,4,coke_small,400
frame_112,Rack_1,40,4,coke_small,379
frame_112,Rack_1,38,4,coke_small,358
frame_112,Rack_1,5,4,coke_small,336
frame_112,Rack_1,21,17,sprite_small,315
frame_112,Rack_1,14,17,sprite_small,294
frame_112,Rack_1,25,17,sprite_small,274
frame_112,Rack_1,15,17,sprite_small,253
frame_112,Rack_1,28,9,empty,176
frame_112,Rack_1,57,0,7up_med,69
frame_113,Rack_1,50,1,a&w_small,611
frame_113,Rack_1,35,1,a&w_small,585
frame_113,Rack_1,32,1,a&w_small,562
frame_113,Rack_1,48,1,a&w_small,538
frame_113,Rack_1,37,1,a&w_small,514
frame_113,Rack_1,27,1,a&w_small,490
frame_113,Rack_1,36,1,a&w_small,466
frame_113,Rack_1,49,4,coke_small,444
frame_113,Rack_1,34,4,coke_small,422
frame_113,Rack_1,12,4,coke_small,400
frame_113,Rack_1,40,4,coke_small,379
frame_113,Rack_1,38,4,coke_small,358
frame_113,Rack_1,5,4,coke_small,337
frame_113,Rack_1,21,17,sprite_small,315
frame_113,Rack_1,14,17,sprite_small,294
frame_113,Rack_1,25,17,sprite_small,274
frame_113,Rack_1,15,17,sprite_small,254
frame_113,Rack_1,28,9,empty,176
frame_113,Rack_1,60,0,7up_med,97
frame_113,Rack_1,57,0,7up_med,70
frame_113,Rack_1,58,0,7up_med,46
frame_113,Rack_1,62,0,7up_med,22
frame_114,Rack_1,50,1,a&w_small,611
frame_114,Rack_1,35,1,a&w_small,586
frame_114,Rack_1,32,1,a&w_small,563
frame_114,Rack_1,48,1,a&w_small,539
frame_114,Rack_1,37,1,a&w_small,514
frame_114,Rack_1,27,1,a&w_small,490
frame_114,Rack_1,36,1,a&w_small,467
frame_114,Rack_1,49,4,coke_small,444
frame_114,Rack_1,34,4,coke_small,422
frame_114,Rack_1,12,4,coke_small,400
frame_114,Rack_1,40,4,coke_small,379
frame_114,Rack_1,38,4,coke_small,359
frame_114,Rack_1,5,4,coke_small,337
frame_114,Rack_1,21,17,sprite_small,315
frame_114,Rack_1,14,17,sprite_small,295
frame_114,Rack_1,25,17,sprite_small,275
frame_114,Rack_1,15,17,sprite_small,254
frame_114,Rack_1,28,9,empty,177
frame_114,Rack_1,60,0,7up_med,97
frame_114,Rack_1,57,0,7up_med,70
frame_114,Rack_1,58,0,7up_med,46
frame_114,Rack_1,62,0,7up_med,23
frame_115,Rack_1,50,1,a&w_small,612
frame_115,Rack_1,35,1,a&w_small,587
frame_115,Rack_1,32,1,a&w_small,564
frame_115,Rack_1,48,1,a&w_small,539
frame_115,Rack_1,37,1,a&w_small,515
frame_115,Rack_1,27,1,a&w_small,491
frame_115,Rack_1,36,1,a&w_small,468
frame_115,Rack_1,49,4,coke_small,445
frame_115,Rack_1,34,4,coke_small,423
frame_115,Rack_1,12,4,coke_small,401
frame_115,Rack_1,40,4,coke_small,380
frame_115,Rack_1,38,4,coke_small,359
frame_115,Rack_1,5,4,coke_small,338
frame_115,Rack_1,21,17,sprite_small,316
frame_115,Rack_1,14,17,sprite_small,295
frame_115,Rack_1,25,17,sprite_small,275
frame_115,Rack_1,15,17,sprite_small,255
frame_115,Rack_1,28,9,empty,178
frame_115,Rack_1,60,0,7up_med,98
frame_115,Rack_1,57,0,7up_med,71
frame_115,Rack_1,58,0,7up_med,47
frame_115,Rack_1,62,0,7up_med,24
frame_116,Rack_1,50,1,a&w_small,612
frame_116,Rack_1,35,1,a&w_small,587
frame_116,Rack_1,32,1,a&w_small,565
frame_116,Rack_1,48,1,a&w_small,540
frame_116,Rack_1,37,1,a&w_small,516
frame_116,Rack_1,27,1,a&w_small,492
frame_116,Rack_1,36,1,a&w_small,468
frame_116,Rack_1,49,4,coke_small,445
frame_116,Rack_1,34,4,coke_small,423
frame_116,Rack_1,12,4,coke_small,402
frame_116,Rack_1,40,4,coke_small,381
frame_116,Rack_1,38,4,coke_small,359
frame_116,Rack_1,5,4,coke_small,338
frame_116,Rack_1,21,17,sprite_small,316
frame_116,Rack_1,14,17,sprite_small,296
frame_116,Rack_1,25,17,sprite_small,276
frame_116,Rack_1,15,17,sprite_small,255
frame_116,Rack_1,28,9,empty,178
frame_116,Rack_1,57,0,7up_med,72
frame_116,Rack_1,58,0,7up_med,47
frame_116,Rack_1,62,0,7up_med,24
frame_117,Rack_1,50,1,a&w_small,613
frame_117,Rack_1,35,1,a&w_small,588
frame_117,Rack_1,32,1,a&w_small,565
frame_117,Rack_1,48,1,a&w_small,541
frame_117,Rack_1,37,1,a&w_small,517
frame_117,Rack_1,27,1,a&w_small,492
frame_117,Rack_1,36,1,a&w_small,469
frame_117,Rack_1,49,4,coke_small,446
frame_117,Rack_1,34,4,coke_small,424
frame_117,Rack_1,12,4,coke_small,402
frame_117,Rack_1,40,4,coke_small,381
frame_117,Rack_1,38,4,coke_small,360
frame_117,Rack_1,5,4,coke_small,339
frame_117,Rack_1,21,17,sprite_small,317
frame_117,Rack_1,14,17,sprite_small,297
frame_117,Rack_1,25,17,sprite_small,277
frame_117,Rack_1,15,17,sprite_small,256
frame_117,Rack_1,28,9,empty,179
frame_117,Rack_1,60,0,7up_med,99
frame_117,Rack_1,57,0,7up_med,72
frame_117,Rack_1,58,0,7up_med,47
frame_117,Rack_1,62,0,7up_med,24
frame_118,Rack_1,50,1,a&w_small,614
frame_118,Rack_1,35,1,a&w_small,588
frame_118,Rack_1,32,1,a&w_small,566
frame_118,Rack_1,48,1,a&w_small,542
frame_118,Rack_1,37,1,a&w_small,517
frame_118,Rack_1,27,1,a&w_small,493
frame_118,Rack_1,36,1,a&w_small,470
frame_118,Rack_1,49,4,coke_small,447
frame_118,Rack_1,34,4,coke_small,424
frame_118,Rack_1,12,4,coke_small,403
frame_118,Rack_1,40,4,coke_small,382
frame_118,Rack_1,38,4,coke_small,361
frame_118,Rack_1,5,4,coke_small,339
frame_118,Rack_1,21,17,sprite_small,318
frame_118,Rack_1,14,17,sprite_small,297
frame_118,Rack_1,25,17,sprite_small,278
frame_118,Rack_1,15,17,sprite_small,257
frame_118,Rack_1,28,9,empty,179
frame_118,Rack_1,60,0,7up_med,100
frame_118,Rack_1,57,0,7up_med,73
frame_118,Rack_1,58,0,7up_med,48
frame_118,Rack_1,62,0,7up_med,25
frame_119,Rack_1,50,1,a&w_small,616
frame_119,Rack_1,35,1,a&w_small,590
frame_119,Rack_1,32,1,a&w_small,567
frame_119,Rack_1,48,1,a&w_small,543
frame_119,Rack_1,37,1,a&w_small,518
frame_119,Rack_1,27,1,a&w_small,494
frame_119,Rack_1,36,1,a&w_small,471
frame_119,Rack_1,49,4,coke_small,448
frame_119,Rack_1,34,4,coke_small,425
frame_119,Rack_1,12,4,coke_small,404
frame_119,Rack_1,40,4,coke_small,383
frame_119,Rack_1,38,4,coke_small,362
frame_119,Rack_1,5,4,coke_small,340
frame_119,Rack_1,21,17,sprite_small,318
frame_119,Rack_1,14,17,sprite_small,298
frame_119,Rack_1,25,17,sprite_small,278
frame_119,Rack_1,15,17,sprite_small,257
frame_119,Rack_1,28,9,empty,179
frame_119,Rack_1,60,0,7up_med,100
frame_119,Rack_1,57,0,7up_med,74
frame_119,Rack_1,58,0,7up_med,49
frame_119,Rack_1,62,0,7up_med,26
frame_12,Rack_1,50,1,a&w_small,585
frame_12,Rack_1,35,1,a&w_small,560
frame_12,Rack_1,32,1,a&w_small,538
frame_12,Rack_1,48,1,a&w_small,515
frame_12,Rack_1,37,1,a&w_small,491
frame_12,Rack_1,27,1,a&w_small,468
frame_12,Rack_1,36,1,a&w_small,446
frame_12,Rack_1,49,4,coke_small,424
frame_12,Rack_1,34,4,coke_small,402
frame_12,Rack_1,12,4,coke_small,381
frame_12,Rack_1,40,4,coke_small,361
frame_12,Rack_1,38,4,coke_small,340
frame_12,Rack_1,5,4,coke_small,320
frame_12,Rack_1,21,17,sprite_small,299
frame_12,Rack_1,14,17,sprite_small,278
frame_12,Rack_1,25,17,sprite_small,259
frame_12,Rack_1,15,17,sprite_small,239
frame_12,Rack_1,28,9,empty,163
frame_12,Rack_1,57,0,7up_med,59
frame_120,Rack_1,50,1,a&w_small,616
frame_120,Rack_1,35,1,a&w_small,591
frame_120,Rack_1,32,1,a&w_small,569
frame_120,Rack_1,48,1,a&w_small,544
frame_120,Rack_1,37,1,a&w_small,519
frame_120,Rack_1,27,1,a&w_small,494
frame_120,Rack_1,36,1,a&w_small,472
frame_120,Rack_1,49,4,coke_small,449
frame_120,Rack_1,34,4,coke_small,426
frame_120,Rack_1,12,4,coke_small,404
frame_120,Rack_1,40,4,coke_small,383
frame_120,Rack_1,38,4,coke_small,362
frame_120,Rack_1,5,4,coke_small,341
frame_120,Rack_1,21,17,sprite_small,319
frame_120,Rack_1,14,17,sprite_small,299
frame_120,Rack_1,25,17,sprite_small,279
frame_120,Rack_1,15,17,sprite_small,258
frame_120,Rack_1,28,9,empty,180
frame_120,Rack_1,57,0,7up_med,74
frame_120,Rack_1,58,0,7up_med,49
frame_121,Rack_1,50,1,a&w_small,618
frame_121,Rack_1,35,1,a&w_small,592
frame_121,Rack_1,32,1,a&w_small,570
frame_121,Rack_1,48,1,a&w_small,545
frame_121,Rack_1,37,1,a&w_small,520
frame_121,Rack_1,27,1,a&w_small,496
frame_121,Rack_1,36,1,a&w_small,473
frame_121,Rack_1,49,4,coke_small,450
frame_121,Rack_1,34,4,coke_small,427
frame_121,Rack_1,12,4,coke_small,405
frame_121,Rack_1,40,4,coke_small,384
frame_121,Rack_1,38,4,coke_small,363
frame_121,Rack_1,5,4,coke_small,342
frame_121,Rack_1,21,17,sprite_small,320
frame_121,Rack_1,14,17,sprite_small,299
frame_121,Rack_1,25,17,sprite_small,279
frame_121,Rack_1,15,17,sprite_small,259
frame_121,Rack_1,28,9,empty,180
frame_121,Rack_1,57,0,7up_med,75
frame_121,Rack_1,58,0,7up_med,50
frame_122,Rack_1,50,1,a&w_small,619
frame_122,Rack_1,35,1,a&w_small,592
frame_122,Rack_1,32,1,a&w_small,570
frame_122,Rack_1,48,1,a&w_small,546
frame_122,Rack_1,37,1,a&w_small,521
frame_122,Rack_1,27,1,a&w_small,497
frame_122,Rack_1,36,1,a&w_small,474
frame_122,Rack_1,49,4,coke_small,450
frame_122,Rack_1,34,4,coke_small,427
frame_122,Rack_1,12,4,coke_small,406
frame_122,Rack_1,40,4,coke_small,385
frame_122,Rack_1,38,4,coke_small,364
frame_122,Rack_1,5,4,coke_small,343
frame_122,Rack_1,21,17,sprite_small,321
frame_122,Rack_1,14,17,sprite_small,300
frame_122,Rack_1,25,17,sprite_small,280
frame_122,Rack_1,15,17,sprite_small,259
frame_122,Rack_1,28,9,empty,181
frame_122,Rack_1,57,0,7up_med,76
frame_122,Rack_1,58,0,7up_med,51
frame_123,Rack_1,50,1,a&w_small,619
frame_123,Rack_1,35,1,a&w_small,594
frame_123,Rack_1,32,1,a&w_small,571
frame_123,Rack_1,48,1,a&w_small,547
frame_123,Rack_1,37,1,a&w_small,522
frame_123,Rack_1,27,1,a&w_small,498
frame_123,Rack_1,36,1,a&w_small,475
frame_123,Rack_1,49,4,coke_small,451
frame_123,Rack_1,34,4,coke_small,428
frame_123,Rack_1,12,4,coke_small,407
frame_123,Rack_1,40,4,coke_small,386
frame_123,Rack_1,38,4,coke_small,364
frame_123,Rack_1,5,4,coke_small,344
frame_123,Rack_1,21,17,sprite_small,321
frame_123,Rack_1,14,17,sprite_small,301
frame_123,Rack_1,25,17,sprite_small,281
frame_123,Rack_1,15,17,sprite_small,260
frame_123,Rack_1,28,9,empty,182
frame_123,Rack_1,60,0,7up_med,104
frame_123,Rack_1,57,0,7up_med,77
frame_123,Rack_1,58,0,7up_med,52
frame_123,Rack_1,62,0,7up_med,29
frame_124,Rack_1,50,1,a&w_small,620
frame_124,Rack_1,35,1,a&w_small,595
frame_124,Rack_1,32,1,a&w_small,572
frame_124,Rack_1,48,1,a&w_small,548
frame_124,Rack_1,37,1,a&w_small,523
frame_124,Rack_1,27,1,a&w_small,498
frame_124,Rack_1,36,1,a&w_small,475
frame_124,Rack_1,49,4,coke_small,452
frame_124,Rack_1,34,4,coke_small,429
frame_124,Rack_1,12,4,coke_small,408
frame_124,Rack_1,40,4,coke_small,387
frame_124,Rack_1,38,4,coke_small,365
frame_124,Rack_1,5,4,coke_small,344
frame_124,Rack_1,21,17,sprite_small,322
frame_124,Rack_1,14,17,sprite_small,302
frame_124,Rack_1,25,17,sprite_small,282
frame_124,Rack_1,15,17,sprite_small,261
frame_124,Rack_1,28,9,empty,183
frame_124,Rack_1,57,0,7up_med,77
frame_124,Rack_1,58,0,7up_med,52
frame_125,Rack_1,50,1,a&w_small,621
frame_125,Rack_1,35,1,a&w_small,596
frame_125,Rack_1,32,1,a&w_small,573
frame_125,Rack_1,48,1,a&w_small,549
frame_125,Rack_1,37,1,a&w_small,524
frame_125,Rack_1,27,1,a&w_small,499
frame_125,Rack_1,36,1,a&w_small,476
frame_125,Rack_1,49,4,coke_small,453
frame_125,Rack_1,34,4,coke_small,430
frame_125,Rack_1,12,4,coke_small,409
frame_125,Rack_1,40,4,coke_small,388
frame_125,Rack_1,38,4,coke_small,366
frame_125,Rack_1,5,4,coke_small,345
frame_125,Rack_1,21,17,sprite_small,323
frame_125,Rack_1,14,17,sprite_small,302
frame_125,Rack_1,25,17,sprite_small,283
frame_125,Rack_1,15,17,sprite_small,262
frame_125,Rack_1,28,9,empty,184
frame_125,Rack_1,57,0,7up_med,78
frame_125,Rack_1,58,0,7up_med,53
frame_125,Rack_1,62,0,7up_med,30
frame_126,Rack_1,50,1,a&w_small,621
frame_126,Rack_1,35,1,a&w_small,596
frame_126,Rack_1,32,1,a&w_small,574
frame_126,Rack_1,48,1,a&w_small,550
frame_126,Rack_1,37,1,a&w_small,525
frame_126,Rack_1,27,1,a&w_small,500
frame_126,Rack_1,36,1,a&w_small,477
frame_126,Rack_1,49,4,coke_small,454
frame_126,Rack_1,34,4,coke_small,431
frame_126,Rack_1,12,4,coke_small,409
frame_126,Rack_1,40,4,coke_small,389
frame_126,Rack_1,38,4,coke_small,367
frame_126,Rack_1,5,4,coke_small,346
frame_126,Rack_1,21,17,sprite_small,324
frame_126,Rack_1,14,17,sprite_small,303
frame_126,Rack_1,25,17,sprite_small,284
frame_126,Rack_1,15,17,sprite_small,263
frame_126,Rack_1,28,9,empty,184
frame_126,Rack_1,57,0,7up_med,79
frame_126,Rack_1,58,0,7up_med,54
frame_126,Rack_1,62,0,7up_med,31
frame_127,Rack_1,50,1,a&w_small,622
frame_127,Rack_1,35,1,a&w_small,598
frame_127,Rack_1,32,1,a&w_small,575
frame_127,Rack_1,48,1,a&w_small,551
frame_127,Rack_1,37,1,a&w_small,526
frame_127,Rack_1,27,1,a&w_small,501
frame_127,Rack_1,36,1,a&w_small,478
frame_127,Rack_1,49,4,coke_small,455
frame_127,Rack_1,34,4,coke_small,432
frame_127,Rack_1,12,4,coke_small,410
frame_127,Rack_1,40,4,coke_small,389
frame_127,Rack_1,38,4,coke_small,368
frame_127,Rack_1,5,4,coke_small,346
frame_127,Rack_1,21,17,sprite_small,325
frame_127,Rack_1,14,17,sprite_small,304
frame_127,Rack_1,25,17,sprite_small,284
frame_127,Rack_1,15,17,sprite_small,263
frame_127,Rack_1,28,9,empty,185
frame_127,Rack_1,57,0,7up_med,79
frame_127,Rack_1,58,0,7up_med,55
frame_127,Rack_1,62,0,7up_med,32
frame_128,Rack_1,50,1,a&w_small,622
frame_128,Rack_1,35,1,a&w_small,599
frame_128,Rack_1,32,1,a&w_small,577
frame_128,Rack_1,48,1,a&w_small,552
frame_128,Rack_1,37,1,a&w_small,527
frame_128,Rack_1,27,1,a&w_small,502
frame_128,Rack_1,36,1,a&w_small,479
frame_128,Rack_1,49,4,coke_small,456
frame_128,Rack_1,34,4,coke_small,433
frame_128,Rack_1,12,4,coke_small,411
frame_128,Rack_1,40,4,coke_small,391
frame_128,Rack_1,38,4,coke_small,369
frame_128,Rack_1,5,4,coke_small,347
frame_128,Rack_1,21,17,sprite_small,326
frame_128,Rack_1,14,17,sprite_small,305
frame_128,Rack_1,25,17,sprite_small,285
frame_128,Rack_1,15,17,sprite_small,264
frame_128,Rack_1,28,9,empty,186
frame_128,Rack_1,57,0,7up_med,80
frame_128,Rack_1,58,0,7up_med,56
frame_128,Rack_1,62,0,7up_med,32
frame_129,Rack_1,35,1,a&w_small,601
frame_129,Rack_1,32,1,a&w_small,578
frame_129,Rack_1,48,1,a&w_small,553
frame_129,Rack_1,37,1,a&w_small,529
frame_129,Rack_1,27,1,a&w_small,504
frame_129,Rack_1,36,1,a&w_small,480
frame_129,Rack_1,49,4,coke_small,458
frame_129,Rack_1,34,4,coke_small,434
frame_129,Rack_1,12,4,coke_small,412
frame_129,Rack_1,40,4,coke_small,392
frame_129,Rack_1,38,4,coke_small,370
frame_129,Rack_1,5,4,coke_small,348
frame_129,Rack_1,21,17,sprite_small,327
frame_129,Rack_1,14,17,sprite_small,306
frame_129,Rack_1,25,17,sprite_small,286
frame_129,Rack_1,15,17,sprite_small,265
frame_129,Rack_1,28,9,empty,187
frame_129,Rack_1,57,0,7up_med,81
frame_129,Rack_1,58,0,7up_med,56
frame_129,Rack_1,62,0,7up_med,33
frame_13,Rack_1,50,1,a&w_small,585
frame_13,Rack_1,35,1,a&w_small,560
frame_13,Rack_1,32,1,a&w_small,538
frame_13,Rack_1,48,1,a&w_small,515
frame_13,Rack_1,37,1,a&w_small,491
frame_13,Rack_1,27,1,a&w_small,468
frame_13,Rack_1,36,1,a&w_small,446
frame_13,Rack_1,49,4,coke_small,424
frame_13,Rack_1,34,4,coke_small,402
frame_13,Rack_1,12,4,coke_small,381
frame_13,Rack_1,40,4,coke_small,361
frame_13,Rack_1,38,4,coke_small,340
frame_13,Rack_1,5,4,coke_small,320
frame_13,Rack_1,21,17,sprite_small,299
frame_13,Rack_1,14,17,sprite_small,278
frame_13,Rack_1,25,17,sprite_small,259
frame_13,Rack_1,15,17,sprite_small,239
frame_13,Rack_1,28,9,empty,162
frame_13,Rack_1,57,0,7up_med,59
frame_130,Rack_1,35,1,a&w_small,602
frame_130,Rack_1,32,1,a&w_small,579
frame_130,Rack_1,48,1,a&w_small,554
frame_130,Rack_1,37,1,a&w_small,530
frame_130,Rack_1,27,1,a&w_small,505
frame_130,Rack_1,36,1,a&w_small,481
frame_130,Rack_1,49,4,coke_small,459
frame_130,Rack_1,34,4,coke_small,435
frame_130,Rack_1,12,4,coke_small,413
frame_130,Rack_1,40,4,coke_small,393
frame_130,Rack_1,38,4,coke_small,371
frame_130,Rack_1,5,4,coke_small,349
frame_130,Rack_1,21,17,sprite_small,328
frame_130,Rack_1,14,17,sprite_small,307
frame_130,Rack_1,25,17,sprite_small,287
frame_130,Rack_1,15,17,sprite_small,266
frame_130,Rack_1,28,9,empty,188
frame_130,Rack_1,57,0,7up_med,82
frame_130,Rack_1,58,0,7up_med,57
frame_131,Rack_1,35,1,a&w_small,604
frame_131,Rack_1,32,1,a&w_small,581
frame_131,Rack_1,48,1,a&w_small,556
frame_131,Rack_1,37,1,a&w_small,531
frame_131,Rack_1,27,1,a&w_small,506
frame_131,Rack_1,36,1,a&w_small,482
frame_131,Rack_1,49,4,coke_small,460
frame_131,Rack_1,34,4,coke_small,436
frame_131,Rack_1,12,4,coke_small,414
frame_131,Rack_1,40,4,coke_small,394
frame_131,Rack_1,38,4,coke_small,372
frame_131,Rack_1,5,4,coke_small,350
frame_131,Rack_1,21,17,sprite_small,329
frame_131,Rack_1,14,17,sprite_small,308
frame_131,Rack_1,25,17,sprite_small,287
frame_131,Rack_1,15,17,sprite_small,267
frame_131,Rack_1,28,9,empty,189
frame_131,Rack_1,57,0,7up_med,83
frame_131,Rack_1,62,0,7up_med,35
frame_132,Rack_1,35,1,a&w_small,607
frame_132,Rack_1,32,1,a&w_small,582
frame_132,Rack_1,48,1,a&w_small,557
frame_132,Rack_1,37,1,a&w_small,532
frame_132,Rack_1,27,1,a&w_small,507
frame_132,Rack_1,36,1,a&w_small,483
frame_132,Rack_1,49,4,coke_small,461
frame_132,Rack_1,34,4,coke_small,437
frame_132,Rack_1,12,4,coke_small,415
frame_132,Rack_1,40,4,coke_small,395
frame_132,Rack_1,38,4,coke_small,373
frame_132,Rack_1,5,4,coke_small,351
frame_132,Rack_1,21,17,sprite_small,330
frame_132,Rack_1,14,17,sprite_small,309
frame_132,Rack_1,25,17,sprite_small,288
frame_132,Rack_1,15,17,sprite_small,268
frame_132,Rack_1,28,9,empty,190
frame_132,Rack_1,57,0,7up_med,83
frame_133,Rack_1,35,1,a&w_small,609
frame_133,Rack_1,32,1,a&w_small,583
frame_133,Rack_1,48,1,a&w_small,558
frame_133,Rack_1,37,1,a&w_small,533
frame_133,Rack_1,27,1,a&w_small,508
frame_133,Rack_1,36,1,a&w_small,484
frame_133,Rack_1,49,4,coke_small,461
frame_133,Rack_1,34,4,coke_small,438
frame_133,Rack_1,12,4,coke_small,416
frame_133,Rack_1,40,4,coke_small,396
frame_133,Rack_1,38,4,coke_small,374
frame_133,Rack_1,5,4,coke_small,352
frame_133,Rack_1,21,17,sprite_small,330
frame_133,Rack_1,14,17,sprite_small,310
frame_133,Rack_1,25,17,sprite_small,289
frame_133,Rack_1,15,17,sprite_small,269
frame_133,Rack_1,28,9,empty,190
frame_133,Rack_1,57,0,7up_med,84
frame_133,Rack_1,58,0,7up_med,60
frame_134,Rack_1,35,1,a&w_small,608
frame_134,Rack_1,32,1,a&w_small,585
frame_134,Rack_1,48,1,a&w_small,559
frame_134,Rack_1,37,1,a&w_small,534
frame_134,Rack_1,27,1,a&w_small,509
frame_134,Rack_1,36,1,a&w_small,485
frame_134,Rack_1,49,4,coke_small,462
frame_134,Rack_1,34,4,coke_small,439
frame_134,Rack_1,12,4,coke_small,417
frame_134,Rack_1,40,4,coke_small,396
frame_134,Rack_1,38,4,coke_small,375
frame_134,Rack_1,5,4,coke_small,353
frame_134,Rack_1,21,17,sprite_small,331
frame_134,Rack_1,14,17,sprite_small,311
frame_134,Rack_1,25,17,sprite_small,290
frame_134,Rack_1,15,17,sprite_small,269
frame_134,Rack_1,28,9,empty,191
frame_135,Rack_1,35,1,a&w_small,611
frame_135,Rack_1,32,1,a&w_small,586
frame_135,Rack_1,48,1,a&w_small,561
frame_135,Rack_1,37,1,a&w_small,535
frame_135,Rack_1,27,1,a&w_small,510
frame_135,Rack_1,36,1,a&w_small,486
frame_135,Rack_1,49,4,coke_small,463
frame_135,Rack_1,34,4,coke_small,440
frame_135,Rack_1,12,4,coke_small,418
frame_135,Rack_1,40,4,coke_small,397
frame_135,Rack_1,38,4,coke_small,376
frame_135,Rack_1,5,4,coke_small,354
frame_135,Rack_1,21,17,sprite_small,332
frame_135,Rack_1,14,17,sprite_small,312
frame_135,Rack_1,25,17,sprite_small,291
frame_135,Rack_1,15,17,sprite_small,270
frame_135,Rack_1,28,9,empty,192
frame_135,Rack_1,57,0,7up_med,85
frame_135,Rack_1,62,0,7up_med,39
frame_136,Rack_1,35,1,a&w_small,612
frame_136,Rack_1,32,1,a&w_small,587
frame_136,Rack_1,48,1,a&w_small,562
frame_136,Rack_1,37,1,a&w_small,536
frame_136,Rack_1,27,1,a&w_small,511
frame_136,Rack_1,36,1,a&w_small,487
frame_136,Rack_1,49,4,coke_small,464
frame_136,Rack_1,34,4,coke_small,441
frame_136,Rack_1,12,4,coke_small,419
frame_136,Rack_1,40,4,coke_small,398
frame_136,Rack_1,38,4,coke_small,377
frame_136,Rack_1,5,4,coke_small,355
frame_136,Rack_1,21,17,sprite_small,333
frame_136,Rack_1,14,17,sprite_small,312
frame_136,Rack_1,25,17,sprite_small,292
frame_136,Rack_1,15,17,sprite_small,271
frame_136,Rack_1,28,9,empty,192
frame_137,Rack_1,35,1,a&w_small,613
frame_137,Rack_1,32,1,a&w_small,588
frame_137,Rack_1,48,1,a&w_small,562
frame_137,Rack_1,37,1,a&w_small,537
frame_137,Rack_1,27,1,a&w_small,512
frame_137,Rack_1,36,1,a&w_small,488
frame_137,Rack_1,49,4,coke_small,465
frame_137,Rack_1,34,4,coke_small,442
frame_137,Rack_1,12,4,coke_small,420
frame_137,Rack_1,40,4,coke_small,399
frame_137,Rack_1,38,4,coke_small,377
frame_137,Rack_1,5,4,coke_small,355
frame_137,Rack_1,21,17,sprite_small,333
frame_137,Rack_1,14,17,sprite_small,313
frame_137,Rack_1,25,17,sprite_small,292
frame_137,Rack_1,15,17,sprite_small,271
frame_137,Rack_1,28,9,empty,192
frame_138,Rack_1,35,1,a&w_small,612
frame_138,Rack_1,32,1,a&w_small,589
frame_138,Rack_1,48,1,a&w_small,563
frame_138,Rack_1,37,1,a&w_small,538
frame_138,Rack_1,27,1,a&w_small,513
frame_138,Rack_1,36,1,a&w_small,489
frame_138,Rack_1,49,4,coke_small,466
frame_138,Rack_1,34,4,coke_small,442
frame_138,Rack_1,12,4,coke_small,421
frame_138,Rack_1,40,4,coke_small,400
frame_138,Rack_1,38,4,coke_small,378
frame_138,Rack_1,5,4,coke_small,356
frame_138,Rack_1,21,17,sprite_small,334
frame_138,Rack_1,14,17,sprite_small,313
frame_138,Rack_1,25,17,sprite_small,293
frame_138,Rack_1,15,17,sprite_small,272
frame_138,Rack_1,28,9,empty,193
frame_138,Rack_1,62,0,7up_med,40
frame_139,Rack_1,35,1,a&w_small,613
frame_139,Rack_1,32,1,a&w_small,589
frame_139,Rack_1,48,1,a&w_small,564
frame_139,Rack_1,37,1,a&w_small,539
frame_139,Rack_1,27,1,a&w_small,514
frame_139,Rack_1,36,1,a&w_small,490
frame_139,Rack_1,49,4,coke_small,467
frame_139,Rack_1,34,4,coke_small,443
frame_139,Rack_1,12,4,coke_small,421
frame_139,Rack_1,40,4,coke_small,400
frame_139,Rack_1,38,4,coke_small,379
frame_139,Rack_1,5,4,coke_small,357
frame_139,Rack_1,21,17,sprite_small,335
frame_139,Rack_1,14,17,sprite_small,314
frame_139,Rack_1,25,17,sprite_small,294
frame_139,Rack_1,15,17,sprite_small,273
frame_139,Rack_1,28,9,empty,193
frame_139,Rack_1,62,0,7up_med,41
frame_139,Rack_1,66,8,dew_med,18
frame_14,Rack_1,50,1,a&w_small,584
frame_14,Rack_1,35,1,a&w_small,560
frame_14,Rack_1,32,1,a&w_small,538
frame_14,Rack_1,48,1,a&w_small,515
frame_14,Rack_1,37,1,a&w_small,491
frame_14,Rack_1,27,1,a&w_small,468
frame_14,Rack_1,36,1,a&w_small,446
frame_14,Rack_1,49,4,coke_small,424
frame_14,Rack_1,34,4,coke_small,402
frame_14,Rack_1,12,4,coke_small,381
frame_14,Rack_1,40,4,coke_small,361
frame_14,Rack_1,38,4,coke_small,340
frame_14,Rack_1,5,4,coke_small,320
frame_14,Rack_1,21,17,sprite_small,299
frame_14,Rack_1,14,17,sprite_small,278
frame_14,Rack_1,25,17,sprite_small,259
frame_14,Rack_1,15,17,sprite_small,239
frame_14,Rack_1,28,9,empty,162
frame_14,Rack_1,57,0,7up_med,59
frame_14,Rack_1,58,0,7up_med,34
frame_140,Rack_1,35,1,a&w_small,612
frame_140,Rack_1,32,1,a&w_small,590
frame_140,Rack_1,48,1,a&w_small,565
frame_140,Rack_1,37,1,a&w_small,539
frame_140,Rack_1,27,1,a&w_small,514
frame_140,Rack_1,36,1,a&w_small,491
frame_140,Rack_1,49,4,coke_small,467
frame_140,Rack_1,34,4,coke_small,444
frame_140,Rack_1,12,4,coke_small,422
frame_140,Rack_1,40,4,coke_small,401
frame_140,Rack_1,38,4,coke_small,379
frame_140,Rack_1,5,4,coke_small,358
frame_140,Rack_1,21,17,sprite_small,335
frame_140,Rack_1,14,17,sprite_small,314
frame_140,Rack_1,25,17,sprite_small,294
frame_140,Rack_1,15,17,sprite_small,273
frame_140,Rack_1,28,9,empty,194
frame_140,Rack_1,62,0,7up_med,41
frame_140,Rack_1,66,8,dew_med,19
frame_141,Rack_1,35,1,a&w_small,612
frame_141,Rack_1,32,1,a&w_small,590
frame_141,Rack_1,48,1,a&w_small,565
frame_141,Rack_1,37,1,a&w_small,540
frame_141,Rack_1,27,1,a&w_small,515
frame_141,Rack_1,36,1,a&w_small,491
frame_141,Rack_1,49,4,coke_small,468
frame_141,Rack_1,34,4,coke_small,444
frame_141,Rack_1,12,4,coke_small,423
frame_141,Rack_1,40,4,coke_small,401
frame_141,Rack_1,38,4,coke_small,380
frame_141,Rack_1,5,4,coke_small,358
frame_141,Rack_1,21,17,sprite_small,336
frame_141,Rack_1,14,17,sprite_small,315
frame_141,Rack_1,25,17,sprite_small,295
frame_141,Rack_1,15,17,sprite_small,274
frame_141,Rack_1,28,9,empty,194
frame_141,Rack_1,62,0,7up_med,41
frame_141,Rack_1,66,8,dew_med,19
frame_141,Rack_1,67,8,dew_med,3
frame_142,Rack_1,35,1,a&w_small,613
frame_142,Rack_1,32,1,a&w_small,591
frame_142,Rack_1,48,1,a&w_small,566
frame_142,Rack_1,37,1,a&w_small,541
frame_142,Rack_1,27,1,a&w_small,516
frame_142,Rack_1,36,1,a&w_small,492
frame_142,Rack_1,49,4,coke_small,468
frame_142,Rack_1,34,4,coke_small,445
frame_142,Rack_1,12,4,coke_small,423
frame_142,Rack_1,40,4,coke_small,402
frame_142,Rack_1,38,4,coke_small,380
frame_142,Rack_1,5,4,coke_small,359
frame_142,Rack_1,21,17,sprite_small,336
frame_142,Rack_1,14,17,sprite_small,316
frame_142,Rack_1,25,17,sprite_small,295
frame_142,Rack_1,15,17,sprite_small,274
frame_142,Rack_1,28,9,empty,195
frame_142,Rack_1,62,0,7up_med,42
frame_142,Rack_1,66,8,dew_med,20
frame_142,Rack_1,67,8,dew_med,3
frame_143,Rack_1,35,1,a&w_small,614
frame_143,Rack_1,32,1,a&w_small,592
frame_143,Rack_1,48,1,a&w_small,566
frame_143,Rack_1,37,1,a&w_small,542
frame_143,Rack_1,27,1,a&w_small,516
frame_143,Rack_1,36,1,a&w_small,493
frame_143,Rack_1,49,4,coke_small,469
frame_143,Rack_1,34,4,coke_small,445
frame_143,Rack_1,12,4,coke_small,424
frame_143,Rack_1,40,4,coke_small,402
frame_143,Rack_1,38,4,coke_small,381
frame_143,Rack_1,5,4,coke_small,359
frame_143,Rack_1,21,17,sprite_small,337
frame_143,Rack_1,14,17,sprite_small,316
frame_143,Rack_1,25,17,sprite_small,295
frame_143,Rack_1,15,17,sprite_small,275
frame_143,Rack_1,28,9,empty,195
frame_144,Rack_1,35,1,a&w_small,614
frame_144,Rack_1,32,1,a&w_small,592
frame_144,Rack_1,48,1,a&w_small,567
frame_144,Rack_1,37,1,a&w_small,542
frame_144,Rack_1,27,1,a&w_small,516
frame_144,Rack_1,36,1,a&w_small,493
frame_144,Rack_1,49,4,coke_small,469
frame_144,Rack_1,34,4,coke_small,445
frame_144,Rack_1,12,4,coke_small,424
frame_144,Rack_1,40,4,coke_small,403
frame_144,Rack_1,38,4,coke_small,381
frame_144,Rack_1,5,4,coke_small,360
frame_144,Rack_1,21,17,sprite_small,337
frame_144,Rack_1,14,17,sprite_small,316
frame_144,Rack_1,25,17,sprite_small,296
frame_144,Rack_1,15,17,sprite_small,275
frame_144,Rack_1,28,9,empty,196
frame_145,Rack_1,35,1,a&w_small,614
frame_145,Rack_1,32,1,a&w_small,593
frame_145,Rack_1,48,1,a&w_small,568
frame_145,Rack_1,37,1,a&w_small,542
frame_145,Rack_1,27,1,a&w_small,517
frame_145,Rack_1,36,1,a&w_small,493
frame_145,Rack_1,49,4,coke_small,469
frame_145,Rack_1,34,4,coke_small,446
frame_145,Rack_1,12,4,coke_small,424
frame_145,Rack_1,40,4,coke_small,404
frame_145,Rack_1,38,4,coke_small,382
frame_145,Rack_1,5,4,coke_small,360
frame_145,Rack_1,21,17,sprite_small,337
frame_145,Rack_1,14,17,sprite_small,316
frame_145,Rack_1,25,17,sprite_small,297
frame_145,Rack_1,15,17,sprite_small,276
frame_145,Rack_1,28,9,empty,196
frame_145,Rack_1,62,0,7up_med,43
frame_145,Rack_1,66,8,dew_med,21
frame_146,Rack_1,35,1,a&w_small,615
frame_146,Rack_1,32,1,a&w_small,593
frame_146,Rack_1,48,1,a&w_small,568
frame_146,Rack_1,37,1,a&w_small,543
frame_146,Rack_1,27,1,a&w_small,517
frame_146,Rack_1,36,1,a&w_small,494
frame_146,Rack_1,49,4,coke_small,470
frame_146,Rack_1,34,4,coke_small,446
frame_146,Rack_1,12,4,coke_small,425
frame_146,Rack_1,40,4,coke_small,404
frame_146,Rack_1,38,4,coke_small,382
frame_146,Rack_1,5,4,coke_small,360
frame_146,Rack_1,21,17,sprite_small,338
frame_146,Rack_1,14,17,sprite_small,317
frame_146,Rack_1,25,17,sprite_small,297
frame_146,Rack_1,15,17,sprite_small,276
frame_146,Rack_1,28,9,empty,196
frame_146,Rack_1,62,0,7up_med,43
frame_146,Rack_1,66,8,dew_med,21
frame_147,Rack_1,35,1,a&w_small,615
frame_147,Rack_1,32,1,a&w_small,593
frame_147,Rack_1,48,1,a&w_small,569
frame_147,Rack_1,37,1,a&w_small,543
frame_147,Rack_1,27,1,a&w_small,518
frame_147,Rack_1,36,1,a&w_small,494
frame_147,Rack_1,49,4,coke_small,470
frame_147,Rack_1,34,4,coke_small,447
frame_147,Rack_1,12,4,coke_small,425
frame_147,Rack_1,40,4,coke_small,404
frame_147,Rack_1,38,4,coke_small,383
frame_147,Rack_1,5,4,coke_small,361
frame_147,Rack_1,21,17,sprite_small,338
frame_147,Rack_1,14,17,sprite_small,317
frame_147,Rack_1,25,17,sprite_small,297
frame_147,Rack_1,15,17,sprite_small,276
frame_147,Rack_1,28,9,empty,197
frame_147,Rack_1,62,0,7up_med,44
frame_147,Rack_1,66,8,dew_med,22
frame_148,Rack_1,35,1,a&w_small,616
frame_148,Rack_1,32,1,a&w_small,594
frame_148,Rack_1,48,1,a&w_small,570
frame_148,Rack_1,37,1,a&w_small,544
frame_148,Rack_1,27,1,a&w_small,518
frame_148,Rack_1,36,1,a&w_small,495
frame_148,Rack_1,49,4,coke_small,471
frame_148,Rack_1,34,4,coke_small,447
frame_148,Rack_1,12,4,coke_small,426
frame_148,Rack_1,40,4,coke_small,405
frame_148,Rack_1,38,4,coke_small,383
frame_148,Rack_1,5,4,coke_small,361
frame_148,Rack_1,21,17,sprite_small,339
frame_148,Rack_1,14,17,sprite_small,318
frame_148,Rack_1,25,17,sprite_small,298
frame_148,Rack_1,15,17,sprite_small,277
frame_148,Rack_1,28,9,empty,198
frame_148,Rack_1,66,8,dew_med,22
frame_149,Rack_1,35,1,a&w_small,617
frame_149,Rack_1,32,1,a&w_small,594
frame_149,Rack_1,48,1,a&w_small,570
frame_149,Rack_1,37,1,a&w_small,545
frame_149,Rack_1,27,1,a&w_small,519
frame_149,Rack_1,36,1,a&w_small,495
frame_149,Rack_1,49,4,coke_small,471
frame_149,Rack_1,34,4,coke_small,448
frame_149,Rack_1,12,4,coke_small,426
frame_149,Rack_1,40,4,coke_small,405
frame_149,Rack_1,38,4,coke_small,384
frame_149,Rack_1,5,4,coke_small,362
frame_149,Rack_1,21,17,sprite_small,340
frame_149,Rack_1,14,17,sprite_small,318
frame_149,Rack_1,25,17,sprite_small,299
frame_149,Rack_1,15,17,sprite_small,277
frame_149,Rack_1,28,9,empty,198
frame_149,Rack_1,62,0,7up_med,45
frame_149,Rack_1,66,8,dew_med,23
frame_15,Rack_1,50,1,a&w_small,584
frame_15,Rack_1,35,1,a&w_small,560
frame_15,Rack_1,32,1,a&w_small,538
frame_15,Rack_1,48,1,a&w_small,515
frame_15,Rack_1,37,1,a&w_small,491
frame_15,Rack_1,27,1,a&w_small,468
frame_15,Rack_1,36,1,a&w_small,445
frame_15,Rack_1,49,4,coke_small,424
frame_15,Rack_1,34,4,coke_small,402
frame_15,Rack_1,12,4,coke_small,381
frame_15,Rack_1,40,4,coke_small,361
frame_15,Rack_1,38,4,coke_small,340
frame_15,Rack_1,5,4,coke_small,320
frame_15,Rack_1,21,17,sprite_small,298
frame_15,Rack_1,14,17,sprite_small,278
frame_15,Rack_1,25,17,sprite_small,259
frame_15,Rack_1,15,17,sprite_small,239
frame_15,Rack_1,28,9,empty,163
frame_150,Rack_1,35,1,a&w_small,618
frame_150,Rack_1,32,1,a&w_small,595
frame_150,Rack_1,48,1,a&w_small,570
frame_150,Rack_1,37,1,a&w_small,545
frame_150,Rack_1,27,1,a&w_small,520
frame_150,Rack_1,36,1,a&w_small,496
frame_150,Rack_1,49,4,coke_small,472
frame_150,Rack_1,34,4,coke_small,449
frame_150,Rack_1,12,4,coke_small,427
frame_150,Rack_1,40,4,coke_small,406
frame_150,Rack_1,38,4,coke_small,385
frame_150,Rack_1,5,4,coke_small,362
frame_150,Rack_1,21,17,sprite_small,340
frame_150,Rack_1,14,17,sprite_small,319
frame_150,Rack_1,25,17,sprite_small,299
frame_150,Rack_1,15,17,sprite_small,278
frame_150,Rack_1,28,9,empty,199
frame_150,Rack_1,62,0,7up_med,46
frame_150,Rack_1,66,8,dew_med,24
frame_151,Rack_1,35,1,a&w_small,620
frame_151,Rack_1,32,1,a&w_small,596
frame_151,Rack_1,48,1,a&w_small,571
frame_151,Rack_1,37,1,a&w_small,546
frame_151,Rack_1,27,1,a&w_small,521
frame_151,Rack_1,36,1,a&w_small,497
frame_151,Rack_1,49,4,coke_small,473
frame_151,Rack_1,34,4,coke_small,449
frame_151,Rack_1,12,4,coke_small,428
frame_151,Rack_1,40,4,coke_small,407
frame_151,Rack_1,38,4,coke_small,385
frame_151,Rack_1,5,4,coke_small,363
frame_151,Rack_1,21,17,sprite_small,341
frame_151,Rack_1,14,17,sprite_small,320
frame_151,Rack_1,25,17,sprite_small,300
frame_151,Rack_1,15,17,sprite_small,278
frame_151,Rack_1,28,9,empty,199
frame_151,Rack_1,66,8,dew_med,24
frame_152,Rack_1,35,1,a&w_small,621
frame_152,Rack_1,32,1,a&w_small,597
frame_152,Rack_1,48,1,a&w_small,572
frame_152,Rack_1,37,1,a&w_small,547
frame_152,Rack_1,27,1,a&w_small,522
frame_152,Rack_1,36,1,a&w_small,498
frame_152,Rack_1,49,4,coke_small,474
frame_152,Rack_1,34,4,coke_small,450
frame_152,Rack_1,12,4,coke_small,428
frame_152,Rack_1,40,4,coke_small,407
frame_152,Rack_1,38,4,coke_small,386
frame_152,Rack_1,5,4,coke_small,363
frame_152,Rack_1,21,17,sprite_small,341
frame_152,Rack_1,14,17,sprite_small,321
frame_152,Rack_1,25,17,sprite_small,301
frame_152,Rack_1,15,17,sprite_small,279
frame_152,Rack_1,28,9,empty,200
frame_153,Rack_1,35,1,a&w_small,621
frame_153,Rack_1,32,1,a&w_small,597
frame_153,Rack_1,48,1,a&w_small,572
frame_153,Rack_1,37,1,a&w_small,548
frame_153,Rack_1,27,1,a&w_small,523
frame_153,Rack_1,36,1,a&w_small,498
frame_153,Rack_1,49,4,coke_small,474
frame_153,Rack_1,34,4,coke_small,451
frame_153,Rack_1,12,4,coke_small,429
frame_153,Rack_1,40,4,coke_small,408
frame_153,Rack_1,38,4,coke_small,386
frame_153,Rack_1,5,4,coke_small,364
frame_153,Rack_1,21,17,sprite_small,342
frame_153,Rack_1,14,17,sprite_small,321
frame_153,Rack_1,25,17,sprite_small,301
frame_153,Rack_1,15,17,sprite_small,280
frame_153,Rack_1,28,9,empty,201
frame_153,Rack_1,66,8,dew_med,25
frame_154,Rack_1,35,1,a&w_small,622
frame_154,Rack_1,32,1,a&w_small,598
frame_154,Rack_1,48,1,a&w_small,573
frame_154,Rack_1,37,1,a&w_small,549
frame_154,Rack_1,27,1,a&w_small,524
frame_154,Rack_1,36,1,a&w_small,499
frame_154,Rack_1,49,4,coke_small,475
frame_154,Rack_1,34,4,coke_small,451
frame_154,Rack_1,12,4,coke_small,429
frame_154,Rack_1,40,4,coke_small,408
frame_154,Rack_1,38,4,coke_small,387
frame_154,Rack_1,5,4,coke_small,365
frame_154,Rack_1,21,17,sprite_small,343
frame_154,Rack_1,14,17,sprite_small,322
frame_154,Rack_1,25,17,sprite_small,302
frame_154,Rack_1,15,17,sprite_small,280
frame_154,Rack_1,28,9,empty,202
frame_154,Rack_1,66,8,dew_med,26
frame_155,Rack_1,35,1,a&w_small,623
frame_155,Rack_1,32,1,a&w_small,600
frame_155,Rack_1,48,1,a&w_small,574
frame_155,Rack_1,37,1,a&w_small,550
frame_155,Rack_1,27,1,a&w_small,524
frame_155,Rack_1,36,1,a&w_small,500
frame_155,Rack_1,49,4,coke_small,476
frame_155,Rack_1,34,4,coke_small,452
frame_155,Rack_1,12,4,coke_small,431
frame_155,Rack_1,40,4,coke_small,409
frame_155,Rack_1,38,4,coke_small,388
frame_155,Rack_1,5,4,coke_small,366
frame_155,Rack_1,21,17,sprite_small,344
frame_155,Rack_1,14,17,sprite_small,323
frame_155,Rack_1,25,17,sprite_small,303
frame_155,Rack_1,15,17,sprite_small,281
frame_155,Rack_1,28,9,empty,203
frame_155,Rack_1,66,8,dew_med,27
frame_156,Rack_1,35,1,a&w_small,622
frame_156,Rack_1,32,1,a&w_small,601
frame_156,Rack_1,48,1,a&w_small,576
frame_156,Rack_1,37,1,a&w_small,550
frame_156,Rack_1,27,1,a&w_small,525
frame_156,Rack_1,36,1,a&w_small,501
frame_156,Rack_1,49,4,coke_small,477
frame_156,Rack_1,34,4,coke_small,453
frame_156,Rack_1,12,4,coke_small,432
frame_156,Rack_1,40,4,coke_small,410
frame_156,Rack_1,38,4,coke_small,389
frame_156,Rack_1,5,4,coke_small,367
frame_156,Rack_1,21,17,sprite_small,345
frame_156,Rack_1,14,17,sprite_small,324
frame_156,Rack_1,25,17,sprite_small,304
frame_156,Rack_1,15,17,sprite_small,282
frame_156,Rack_1,28,9,empty,203
frame_156,Rack_1,66,8,dew_med,28
frame_157,Rack_1,35,1,a&w_small,623
frame_157,Rack_1,32,1,a&w_small,602
frame_157,Rack_1,48,1,a&w_small,577
frame_157,Rack_1,37,1,a&w_small,551
frame_157,Rack_1,27,1,a&w_small,526
frame_157,Rack_1,36,1,a&w_small,502
frame_157,Rack_1,49,4,coke_small,478
frame_157,Rack_1,34,4,coke_small,455
frame_157,Rack_1,12,4,coke_small,433
frame_157,Rack_1,40,4,coke_small,412
frame_157,Rack_1,38,4,coke_small,390
frame_157,Rack_1,5,4,coke_small,367
frame_157,Rack_1,21,17,sprite_small,345
frame_157,Rack_1,14,17,sprite_small,325
frame_157,Rack_1,25,17,sprite_small,304
frame_157,Rack_1,15,17,sprite_small,283
frame_157,Rack_1,28,9,empty,204
frame_158,Rack_1,35,1,a&w_small,624
frame_158,Rack_1,32,1,a&w_small,604
frame_158,Rack_1,48,1,a&w_small,578
frame_158,Rack_1,37,1,a&w_small,553
frame_158,Rack_1,27,1,a&w_small,527
frame_158,Rack_1,36,1,a&w_small,503
frame_158,Rack_1,49,4,coke_small,479
frame_158,Rack_1,34,4,coke_small,456
frame_158,Rack_1,12,4,coke_small,434
frame_158,Rack_1,40,4,coke_small,412
frame_158,Rack_1,38,4,coke_small,391
frame_158,Rack_1,5,4,coke_small,368
frame_158,Rack_1,21,17,sprite_small,346
frame_158,Rack_1,14,17,sprite_small,326
frame_158,Rack_1,25,17,sprite_small,305
frame_158,Rack_1,15,17,sprite_small,284
frame_158,Rack_1,28,9,empty,205
frame_159,Rack_1,35,1,a&w_small,626
frame_159,Rack_1,32,1,a&w_small,605
frame_159,Rack_1,48,1,a&w_small,579
frame_159,Rack_1,37,1,a&w_small,554
frame_159,Rack_1,27,1,a&w_small,529
frame_159,Rack_1,36,1,a&w_small,504
frame_159,Rack_1,49,4,coke_small,480
frame_159,Rack_1,34,4,coke_small,456
frame_159,Rack_1,12,4,coke_small,434
frame_159,Rack_1,40,4,coke_small,413
frame_159,Rack_1,38,4,coke_small,392
frame_159,Rack_1,5,4,coke_small,370
frame_159,Rack_1,21,17,sprite_small,347
frame_159,Rack_1,14,17,sprite_small,327
frame_159,Rack_1,25,17,sprite_small,307
frame_159,Rack_1,15,17,sprite_small,285
frame_159,Rack_1,28,9,empty,206
frame_159,Rack_1,66,8,dew_med,31
frame_16,Rack_1,50,1,a&w_small,584
frame_16,Rack_1,35,1,a&w_small,560
frame_16,Rack_1,32,1,a&w_small,538
frame_16,Rack_1,48,1,a&w_small,515
frame_16,Rack_1,37,1,a&w_small,491
frame_16,Rack_1,27,1,a&w_small,468
frame_16,Rack_1,36,1,a&w_small,445
frame_16,Rack_1,49,4,coke_small,424
frame_16,Rack_1,34,4,coke_small,402
frame_16,Rack_1,12,4,coke_small,381
frame_16,Rack_1,40,4,coke_small,361
frame_16,Rack_1,38,4,coke_small,340
frame_16,Rack_1,5,4,coke_small,320
frame_16,Rack_1,21,17,sprite_small,298
frame_16,Rack_1,14,17,sprite_small,278
frame_16,Rack_1,25,17,sprite_small,259
frame_16,Rack_1,15,17,sprite_small,239
frame_16,Rack_1,28,9,empty,163
frame_160,Rack_1,35,1,a&w_small,627
frame_160,Rack_1,32,1,a&w_small,606
frame_160,Rack_1,48,1,a&w_small,580
frame_160,Rack_1,37,1,a&w_small,555
frame_160,Rack_1,27,1,a&w_small,530
frame_160,Rack_1,36,1,a&w_small,505
frame_160,Rack_1,49,4,coke_small,481
frame_160,Rack_1,34,4,coke_small,457
frame_160,Rack_1,12,4,coke_small,436
frame_160,Rack_1,40,4,coke_small,414
frame_160,Rack_1,38,4,coke_small,393
frame_160,Rack_1,5,4,coke_small,370
frame_160,Rack_1,21,17,sprite_small,348
frame_160,Rack_1,14,17,sprite_small,328
frame_160,Rack_1,25,17,sprite_small,308
frame_160,Rack_1,15,17,sprite_small,286
frame_160,Rack_1,28,9,empty,207
frame_160,Rack_1,58,0,7up_med,76
frame_160,Rack_1,62,0,7up_med,54
frame_160,Rack_1,66,8,dew_med,32
frame_160,Rack_1,67,8,dew_med,11
frame_161,Rack_1,35,1,a&w_small,627
frame_161,Rack_1,32,1,a&w_small,607
frame_161,Rack_1,48,1,a&w_small,581
frame_161,Rack_1,37,1,a&w_small,556
frame_161,Rack_1,27,1,a&w_small,531
frame_161,Rack_1,36,1,a&w_small,506
frame_161,Rack_1,49,4,coke_small,482
frame_161,Rack_1,34,4,coke_small,459
frame_161,Rack_1,12,4,coke_small,436
frame_161,Rack_1,40,4,coke_small,415
frame_161,Rack_1,38,4,coke_small,394
frame_161,Rack_1,5,4,coke_small,372
frame_161,Rack_1,21,17,sprite_small,349
frame_161,Rack_1,14,17,sprite_small,329
frame_161,Rack_1,25,17,sprite_small,308
frame_161,Rack_1,15,17,sprite_small,287
frame_161,Rack_1,28,9,empty,207
frame_161,Rack_1,62,0,7up_med,55
frame_161,Rack_1,66,8,dew_med,33
frame_161,Rack_1,67,8,dew_med,11
frame_162,Rack_1,35,1,a&w_small,628
frame_162,Rack_1,32,1,a&w_small,609
frame_162,Rack_1,48,1,a&w_small,583
frame_162,Rack_1,37,1,a&w_small,557
frame_162,Rack_1,27,1,a&w_small,532
frame_162,Rack_1,36,1,a&w_small,507
frame_162,Rack_1,49,4,coke_small,484
frame_162,Rack_1,34,4,coke_small,459
frame_162,Rack_1,12,4,coke_small,437
frame_162,Rack_1,40,4,coke_small,416
frame_162,Rack_1,38,4,coke_small,395
frame_162,Rack_1,5,4,coke_small,373
frame_162,Rack_1,21,17,sprite_small,350
frame_162,Rack_1,14,17,sprite_small,329
frame_162,Rack_1,25,17,sprite_small,309
frame_162,Rack_1,15,17,sprite_small,288
frame_162,Rack_1,28,9,empty,208
frame_162,Rack_1,62,0,7up_med,56
frame_162,Rack_1,66,8,dew_med,34
frame_162,Rack_1,67,8,dew_med,13
frame_163,Rack_1,35,1,a&w_small,628
frame_163,Rack_1,32,1,a&w_small,610
frame_163,Rack_1,48,1,a&w_small,584
frame_163,Rack_1,37,1,a&w_small,559
frame_163,Rack_1,27,1,a&w_small,533
frame_163,Rack_1,36,1,a&w_small,509
frame_163,Rack_1,49,4,coke_small,484
frame_163,Rack_1,34,4,coke_small,460
frame_163,Rack_1,12,4,coke_small,438
frame_163,Rack_1,40,4,coke_small,417
frame_163,Rack_1,38,4,coke_small,396
frame_163,Rack_1,5,4,coke_small,374
frame_163,Rack_1,21,17,sprite_small,351
frame_163,Rack_1,14,17,sprite_small,331
frame_163,Rack_1,25,17,sprite_small,310
frame_163,Rack_1,15,17,sprite_small,289
frame_163,Rack_1,28,9,empty,209
frame_163,Rack_1,66,8,dew_med,35
frame_164,Rack_1,35,1,a&w_small,629
frame_164,Rack_1,32,1,a&w_small,611
frame_164,Rack_1,48,1,a&w_small,585
frame_164,Rack_1,37,1,a&w_small,560
frame_164,Rack_1,27,1,a&w_small,534
frame_164,Rack_1,36,1,a&w_small,510
frame_164,Rack_1,49,4,coke_small,485
frame_164,Rack_1,34,4,coke_small,462
frame_164,Rack_1,12,4,coke_small,440
frame_164,Rack_1,40,4,coke_small,418
frame_164,Rack_1,38,4,coke_small,397
frame_164,Rack_1,5,4,coke_small,375
frame_164,Rack_1,21,17,sprite_small,352
frame_164,Rack_1,14,17,sprite_small,331
frame_164,Rack_1,25,17,sprite_small,311
frame_164,Rack_1,15,17,sprite_small,289
frame_164,Rack_1,28,9,empty,210
frame_164,Rack_1,62,0,7up_med,57
frame_164,Rack_1,66,8,dew_med,36
frame_164,Rack_1,67,8,dew_med,14
frame_165,Rack_1,32,1,a&w_small,612
frame_165,Rack_1,48,1,a&w_small,587
frame_165,Rack_1,37,1,a&w_small,561
frame_165,Rack_1,27,1,a&w_small,536
frame_165,Rack_1,36,1,a&w_small,511
frame_165,Rack_1,49,4,coke_small,487
frame_165,Rack_1,34,4,coke_small,463
frame_165,Rack_1,12,4,coke_small,441
frame_165,Rack_1,40,4,coke_small,419
frame_165,Rack_1,38,4,coke_small,398
frame_165,Rack_1,5,4,coke_small,376
frame_165,Rack_1,21,17,sprite_small,353
frame_165,Rack_1,14,17,sprite_small,332
frame_165,Rack_1,25,17,sprite_small,312
frame_165,Rack_1,15,17,sprite_small,290
frame_165,Rack_1,28,9,empty,211
frame_165,Rack_1,66,8,dew_med,37
frame_165,Rack_1,67,8,dew_med,15
frame_166,Rack_1,32,1,a&w_small,613
frame_166,Rack_1,48,1,a&w_small,588
frame_166,Rack_1,37,1,a&w_small,562
frame_166,Rack_1,27,1,a&w_small,537
frame_166,Rack_1,36,1,a&w_small,512
frame_166,Rack_1,49,4,coke_small,488
frame_166,Rack_1,34,4,coke_small,464
frame_166,Rack_1,12,4,coke_small,441
frame_166,Rack_1,40,4,coke_small,420
frame_166,Rack_1,38,4,coke_small,399
frame_166,Rack_1,5,4,coke_small,376
frame_166,Rack_1,21,17,sprite_small,354
frame_166,Rack_1,14,17,sprite_small,333
frame_166,Rack_1,25,17,sprite_small,312
frame_166,Rack_1,15,17,sprite_small,291
frame_166,Rack_1,28,9,empty,213
frame_166,Rack_1,66,8,dew_med,37
frame_166,Rack_1,67,8,dew_med,16
frame_167,Rack_1,32,1,a&w_small,614
frame_167,Rack_1,48,1,a&w_small,589
frame_167,Rack_1,37,1,a&w_small,563
frame_167,Rack_1,27,1,a&w_small,538
frame_167,Rack_1,36,1,a&w_small,513
frame_167,Rack_1,49,4,coke_small,489
frame_167,Rack_1,34,4,coke_small,465
frame_167,Rack_1,12,4,coke_small,442
frame_167,Rack_1,40,4,coke_small,421
frame_167,Rack_1,38,4,coke_small,399
frame_167,Rack_1,5,4,coke_small,377
frame_167,Rack_1,21,17,sprite_small,355
frame_167,Rack_1,14,17,sprite_small,334
frame_167,Rack_1,25,17,sprite_small,313
frame_167,Rack_1,15,17,sprite_small,292
frame_167,Rack_1,28,9,empty,213
frame_167,Rack_1,66,8,dew_med,38
frame_167,Rack_1,67,8,dew_med,16
frame_168,Rack_1,32,1,a&w_small,616
frame_168,Rack_1,48,1,a&w_small,590
frame_168,Rack_1,37,1,a&w_small,565
frame_168,Rack_1,27,1,a&w_small,539
frame_168,Rack_1,36,1,a&w_small,514
frame_168,Rack_1,49,4,coke_small,490
frame_168,Rack_1,34,4,coke_small,466
frame_168,Rack_1,12,4,coke_small,443
frame_168,Rack_1,40,4,coke_small,422
frame_168,Rack_1,38,4,coke_small,400
frame_168,Rack_1,5,4,coke_small,378
frame_168,Rack_1,21,17,sprite_small,356
frame_168,Rack_1,14,17,sprite_small,335
frame_168,Rack_1,25,17,sprite_small,314
frame_168,Rack_1,15,17,sprite_small,293
frame_168,Rack_1,28,9,empty,214
frame_168,Rack_1,66,8,dew_med,39
frame_169,Rack_1,35,1,a&w_small,632
frame_169,Rack_1,48,1,a&w_small,591
frame_169,Rack_1,37,1,a&w_small,566
frame_169,Rack_1,27,1,a&w_small,540
frame_169,Rack_1,36,1,a&w_small,515
frame_169,Rack_1,49,4,coke_small,491
frame_169,Rack_1,34,4,coke_small,466
frame_169,Rack_1,12,4,coke_small,444
frame_169,Rack_1,40,4,coke_small,423
frame_169,Rack_1,38,4,coke_small,401
frame_169,Rack_1,5,4,coke_small,378
frame_169,Rack_1,21,17,sprite_small,357
frame_169,Rack_1,14,17,sprite_small,335
frame_169,Rack_1,25,17,sprite_small,314
frame_169,Rack_1,15,17,sprite_small,294
frame_169,Rack_1,28,9,empty,215
frame_169,Rack_1,57,0,7up_med,108
frame_169,Rack_1,66,8,dew_med,40
frame_17,Rack_1,50,1,a&w_small,584
frame_17,Rack_1,35,1,a&w_small,560
frame_17,Rack_1,32,1,a&w_small,538
frame_17,Rack_1,48,1,a&w_small,515
frame_17,Rack_1,37,1,a&w_small,491
frame_17,Rack_1,27,1,a&w_small,468
frame_17,Rack_1,36,1,a&w_small,445
frame_17,Rack_1,49,4,coke_small,424
frame_17,Rack_1,34,4,coke_small,402
frame_17,Rack_1,12,4,coke_small,381
frame_17,Rack_1,40,4,coke_small,361
frame_17,Rack_1,38,4,coke_small,340
frame_17,Rack_1,5,4,coke_small,320
frame_17,Rack_1,21,17,sprite_small,298
frame_17,Rack_1,14,17,sprite_small,278
frame_17,Rack_1,25,17,sprite_small,259
frame_17,Rack_1,15,17,sprite_small,239
frame_17,Rack_1,28,9,empty,163
frame_170,Rack_1,35,1,a&w_small,632
frame_170,Rack_1,32,1,a&w_small,614
frame_170,Rack_1,48,1,a&w_small,591
frame_170,Rack_1,37,1,a&w_small,566
frame_170,Rack_1,27,1,a&w_small,541
frame_170,Rack_1,36,1,a&w_small,515
frame_170,Rack_1,49,4,coke_small,492
frame_170,Rack_1,34,4,coke_small,467
frame_170,Rack_1,12,4,coke_small,444
frame_170,Rack_1,40,4,coke_small,424
frame_170,Rack_1,38,4,coke_small,401
frame_170,Rack_1,5,4,coke_small,379
frame_170,Rack_1,21,17,sprite_small,357
frame_170,Rack_1,14,17,sprite_small,336
frame_170,Rack_1,25,17,sprite_small,315
frame_170,Rack_1,15,17,sprite_small,295
frame_170,Rack_1,28,9,empty,215
frame_170,Rack_1,66,8,dew_med,41
frame_171,Rack_1,32,1,a&w_small,615
frame_171,Rack_1,48,1,a&w_small,592
frame_171,Rack_1,37,1,a&w_small,567
frame_171,Rack_1,27,1,a&w_small,541
frame_171,Rack_1,36,1,a&w_small,516
frame_171,Rack_1,49,4,coke_small,492
frame_171,Rack_1,34,4,coke_small,468
frame_171,Rack_1,12,4,coke_small,445
frame_171,Rack_1,40,4,coke_small,424
frame_171,Rack_1,38,4,coke_small,402
frame_171,Rack_1,5,4,coke_small,380
frame_171,Rack_1,21,17,sprite_small,358
frame_171,Rack_1,14,17,sprite_small,337
frame_171,Rack_1,25,17,sprite_small,316
frame_171,Rack_1,15,17,sprite_small,295
frame_171,Rack_1,28,9,empty,216
frame_172,Rack_1,32,1,a&w_small,617
frame_172,Rack_1,48,1,a&w_small,593
frame_172,Rack_1,37,1,a&w_small,568
frame_172,Rack_1,27,1,a&w_small,542
frame_172,Rack_1,36,1,a&w_small,517
frame_172,Rack_1,49,4,coke_small,493
frame_172,Rack_1,34,4,coke_small,468
frame_172,Rack_1,12,4,coke_small,446
frame_172,Rack_1,40,4,coke_small,425
frame_172,Rack_1,38,4,coke_small,403
frame_172,Rack_1,5,4,coke_small,381
frame_172,Rack_1,21,17,sprite_small,358
frame_172,Rack_1,14,17,sprite_small,337
frame_172,Rack_1,25,17,sprite_small,317
frame_172,Rack_1,15,17,sprite_small,296
frame_172,Rack_1,28,9,empty,216
frame_173,Rack_1,32,1,a&w_small,620
frame_173,Rack_1,48,1,a&w_small,594
frame_173,Rack_1,37,1,a&w_small,569
frame_173,Rack_1,27,1,a&w_small,543
frame_173,Rack_1,36,1,a&w_small,518
frame_173,Rack_1,49,4,coke_small,493
frame_173,Rack_1,34,4,coke_small,469
frame_173,Rack_1,12,4,coke_small,447
frame_173,Rack_1,40,4,coke_small,426
frame_173,Rack_1,38,4,coke_small,404
frame_173,Rack_1,5,4,coke_small,382
frame_173,Rack_1,21,17,sprite_small,359
frame_173,Rack_1,14,17,sprite_small,338
frame_173,Rack_1,25,17,sprite_small,317
frame_173,Rack_1,15,17,sprite_small,296
frame_173,Rack_1,28,9,empty,216
frame_174,Rack_1,32,1,a&w_small,621
frame_174,Rack_1,48,1,a&w_small,595
frame_174,Rack_1,37,1,a&w_small,570
frame_174,Rack_1,27,1,a&w_small,544
frame_174,Rack_1,36,1,a&w_small,519
frame_174,Rack_1,49,4,coke_small,494
frame_174,Rack_1,34,4,coke_small,470
frame_174,Rack_1,12,4,coke_small,448
frame_174,Rack_1,40,4,coke_small,427
frame_174,Rack_1,38,4,coke_small,405
frame_174,Rack_1,5,4,coke_small,383
frame_174,Rack_1,21,17,sprite_small,360
frame_174,Rack_1,14,17,sprite_small,339
frame_174,Rack_1,25,17,sprite_small,318
frame_174,Rack_1,15,17,sprite_small,297
frame_174,Rack_1,28,9,empty,218
frame_175,Rack_1,32,1,a&w_small,622
frame_175,Rack_1,48,1,a&w_small,596
frame_175,Rack_1,37,1,a&w_small,571
frame_175,Rack_1,27,1,a&w_small,545
frame_175,Rack_1,36,1,a&w_small,520
frame_175,Rack_1,49,4,coke_small,496
frame_175,Rack_1,34,4,coke_small,471
frame_175,Rack_1,12,4,coke_small,449
frame_175,Rack_1,40,4,coke_small,428
frame_175,Rack_1,38,4,coke_small,406
frame_175,Rack_1,5,4,coke_small,383
frame_175,Rack_1,21,17,sprite_small,361
frame_175,Rack_1,14,17,sprite_small,340
frame_175,Rack_1,25,17,sprite_small,319
frame_175,Rack_1,15,17,sprite_small,298
frame_175,Rack_1,28,9,empty,219
frame_176,Rack_1,32,1,a&w_small,624
frame_176,Rack_1,48,1,a&w_small,597
frame_176,Rack_1,37,1,a&w_small,572
frame_176,Rack_1,27,1,a&w_small,547
frame_176,Rack_1,36,1,a&w_small,521
frame_176,Rack_1,49,4,coke_small,497
frame_176,Rack_1,34,4,coke_small,472
frame_176,Rack_1,12,4,coke_small,449
frame_176,Rack_1,40,4,coke_small,429
frame_176,Rack_1,38,4,coke_small,407
frame_176,Rack_1,5,4,coke_small,384
frame_176,Rack_1,21,17,sprite_small,362
frame_176,Rack_1,14,17,sprite_small,340
frame_176,Rack_1,25,17,sprite_small,320
frame_176,Rack_1,15,17,sprite_small,299
frame_176,Rack_1,28,9,empty,221
frame_177,Rack_1,32,1,a&w_small,625
frame_177,Rack_1,48,1,a&w_small,599
frame_177,Rack_1,37,1,a&w_small,574
frame_177,Rack_1,27,1,a&w_small,548
frame_177,Rack_1,36,1,a&w_small,522
frame_177,Rack_1,49,4,coke_small,498
frame_177,Rack_1,34,4,coke_small,473
frame_177,Rack_1,12,4,coke_small,451
frame_177,Rack_1,40,4,coke_small,430
frame_177,Rack_1,38,4,coke_small,407
frame_177,Rack_1,5,4,coke_small,385
frame_177,Rack_1,21,17,sprite_small,363
frame_177,Rack_1,14,17,sprite_small,341
frame_177,Rack_1,25,17,sprite_small,321
frame_177,Rack_1,15,17,sprite_small,300
frame_177,Rack_1,28,9,empty,222
frame_178,Rack_1,32,1,a&w_small,625
frame_178,Rack_1,48,1,a&w_small,600
frame_178,Rack_1,37,1,a&w_small,575
frame_178,Rack_1,27,1,a&w_small,549
frame_178,Rack_1,36,1,a&w_small,523
frame_178,Rack_1,49,4,coke_small,499
frame_178,Rack_1,34,4,coke_small,474
frame_178,Rack_1,12,4,coke_small,452
frame_178,Rack_1,40,4,coke_small,431
frame_178,Rack_1,38,4,coke_small,409
frame_178,Rack_1,5,4,coke_small,386
frame_178,Rack_1,21,17,sprite_small,364
frame_178,Rack_1,14,17,sprite_small,343
frame_178,Rack_1,25,17,sprite_small,322
frame_178,Rack_1,15,17,sprite_small,301
frame_178,Rack_1,28,9,empty,223
frame_179,Rack_1,32,1,a&w_small,626
frame_179,Rack_1,48,1,a&w_small,602
frame_179,Rack_1,37,1,a&w_small,577
frame_179,Rack_1,27,1,a&w_small,550
frame_179,Rack_1,36,1,a&w_small,525
frame_179,Rack_1,49,4,coke_small,500
frame_179,Rack_1,34,4,coke_small,475
frame_179,Rack_1,12,4,coke_small,453
frame_179,Rack_1,40,4,coke_small,432
frame_179,Rack_1,38,4,coke_small,410
frame_179,Rack_1,5,4,coke_small,387
frame_179,Rack_1,21,17,sprite_small,365
frame_179,Rack_1,14,17,sprite_small,344
frame_179,Rack_1,25,17,sprite_small,323
frame_179,Rack_1,15,17,sprite_small,302
frame_179,Rack_1,28,9,empty,224
frame_179,Rack_1,67,8,dew_med,26
frame_18,Rack_1,50,1,a&w_small,584
frame_18,Rack_1,35,1,a&w_small,560
frame_18,Rack_1,32,1,a&w_small,538
frame_18,Rack_1,48,1,a&w_small,515
frame_18,Rack_1,37,1,a&w_small,491
frame_18,Rack_1,27,1,a&w_small,468
frame_18,Rack_1,36,1,a&w_small,445
frame_18,Rack_1,49,4,coke_small,424
frame_18,Rack_1,34,4,coke_small,402
frame_18,Rack_1,12,4,coke_small,381
frame_18,Rack_1,40,4,coke_small,361
frame_18,Rack_1,38,4,coke_small,340
frame_18,Rack_1,5,4,coke_small,320
frame_18,Rack_1,21,17,sprite_small,298
frame_18,Rack_1,14,17,sprite_small,278
frame_18,Rack_1,25,17,sprite_small,259
frame_18,Rack_1,15,17,sprite_small,239
frame_18,Rack_1,28,9,empty,163
frame_180,Rack_1,32,1,a&w_small,626
frame_180,Rack_1,48,1,a&w_small,603
frame_180,Rack_1,37,1,a&w_small,578
frame_180,Rack_1,27,1,a&w_small,552
frame_180,Rack_1,36,1,a&w_small,526
frame_180,Rack_1,49,4,coke_small,501
frame_180,Rack_1,34,4,coke_small,476
frame_180,Rack_1,12,4,coke_small,454
frame_180,Rack_1,40,4,coke_small,433
frame_180,Rack_1,38,4,coke_small,411
frame_180,Rack_1,5,4,coke_small,388
frame_180,Rack_1,21,17,sprite_small,366
frame_180,Rack_1,14,17,sprite_small,345
frame_180,Rack_1,25,17,sprite_small,324
frame_180,Rack_1,15,17,sprite_small,303
frame_180,Rack_1,28,9,empty,224
frame_180,Rack_1,58,0,7up_med,92
frame_180,Rack_1,62,0,7up_med,70
frame_180,Rack_1,66,8,dew_med,49
frame_180,Rack_1,67,8,dew_med,27
frame_181,Rack_1,32,1,a&w_small,627
frame_181,Rack_1,48,1,a&w_small,605
frame_181,Rack_1,37,1,a&w_small,580
frame_181,Rack_1,27,1,a&w_small,553
frame_181,Rack_1,36,1,a&w_small,527
frame_181,Rack_1,49,4,coke_small,503
frame_181,Rack_1,34,4,coke_small,478
frame_181,Rack_1,12,4,coke_small,456
frame_181,Rack_1,40,4,coke_small,435
frame_181,Rack_1,38,4,coke_small,412
frame_181,Rack_1,5,4,coke_small,390
frame_181,Rack_1,21,17,sprite_small,367
frame_181,Rack_1,14,17,sprite_small,346
frame_181,Rack_1,25,17,sprite_small,325
frame_181,Rack_1,15,17,sprite_small,304
frame_181,Rack_1,28,9,empty,225
frame_181,Rack_1,58,0,7up_med,94
frame_181,Rack_1,62,0,7up_med,71
frame_182,Rack_1,32,1,a&w_small,628
frame_182,Rack_1,48,1,a&w_small,607
frame_182,Rack_1,37,1,a&w_small,581
frame_182,Rack_1,27,1,a&w_small,554
frame_182,Rack_1,36,1,a&w_small,529
frame_182,Rack_1,49,4,coke_small,504
frame_182,Rack_1,34,4,coke_small,479
frame_182,Rack_1,12,4,coke_small,457
frame_182,Rack_1,40,4,coke_small,436
frame_182,Rack_1,38,4,coke_small,413
frame_182,Rack_1,5,4,coke_small,391
frame_182,Rack_1,21,17,sprite_small,369
frame_182,Rack_1,14,17,sprite_small,347
frame_182,Rack_1,25,17,sprite_small,326
frame_182,Rack_1,15,17,sprite_small,305
frame_182,Rack_1,28,9,empty,226
frame_182,Rack_1,58,0,7up_med,94
frame_182,Rack_1,62,0,7up_med,72
frame_183,Rack_1,48,1,a&w_small,608
frame_183,Rack_1,37,1,a&w_small,582
frame_183,Rack_1,27,1,a&w_small,556
frame_183,Rack_1,36,1,a&w_small,530
frame_183,Rack_1,49,4,coke_small,506
frame_183,Rack_1,34,4,coke_small,481
frame_183,Rack_1,12,4,coke_small,458
frame_183,Rack_1,40,4,coke_small,437
frame_183,Rack_1,38,4,coke_small,414
frame_183,Rack_1,5,4,coke_small,392
frame_183,Rack_1,21,17,sprite_small,369
frame_183,Rack_1,14,17,sprite_small,348
frame_183,Rack_1,25,17,sprite_small,327
frame_183,Rack_1,15,17,sprite_small,306
frame_183,Rack_1,28,9,empty,226
frame_183,Rack_1,58,0,7up_med,95
frame_183,Rack_1,62,0,7up_med,73
frame_183,Rack_1,66,8,dew_med,52
frame_184,Rack_1,48,1,a&w_small,608
frame_184,Rack_1,37,1,a&w_small,583
frame_184,Rack_1,27,1,a&w_small,557
frame_184,Rack_1,36,1,a&w_small,531
frame_184,Rack_1,49,4,coke_small,506
frame_184,Rack_1,34,4,coke_small,482
frame_184,Rack_1,12,4,coke_small,459
frame_184,Rack_1,40,4,coke_small,438
frame_184,Rack_1,38,4,coke_small,415
frame_184,Rack_1,5,4,coke_small,393
frame_184,Rack_1,21,17,sprite_small,370
frame_184,Rack_1,14,17,sprite_small,349
frame_184,Rack_1,25,17,sprite_small,328
frame_184,Rack_1,15,17,sprite_small,307
frame_184,Rack_1,28,9,empty,226
frame_184,Rack_1,58,0,7up_med,96
frame_184,Rack_1,62,8,dew_med,74
frame_184,Rack_1,66,8,dew_med,53
frame_185,Rack_1,48,1,a&w_small,609
frame_185,Rack_1,37,1,a&w_small,584
frame_185,Rack_1,27,1,a&w_small,558
frame_185,Rack_1,36,1,a&w_small,532
frame_185,Rack_1,49,4,coke_small,507
frame_185,Rack_1,34,4,coke_small,483
frame_185,Rack_1,12,4,coke_small,460
frame_185,Rack_1,40,4,coke_small,439
frame_185,Rack_1,38,4,coke_small,416
frame_185,Rack_1,5,4,coke_small,393
frame_185,Rack_1,21,17,sprite_small,371
frame_185,Rack_1,14,17,sprite_small,349
frame_185,Rack_1,25,17,sprite_small,329
frame_185,Rack_1,15,17,sprite_small,308
frame_185,Rack_1,28,9,empty,227
frame_185,Rack_1,58,0,7up_med,97
frame_185,Rack_1,62,8,dew_med,75
frame_185,Rack_1,66,8,dew_med,53
frame_186,Rack_1,48,1,a&w_small,611
frame_186,Rack_1,37,1,a&w_small,585
frame_186,Rack_1,27,1,a&w_small,559
frame_186,Rack_1,36,1,a&w_small,533
frame_186,Rack_1,49,4,coke_small,508
frame_186,Rack_1,34,4,coke_small,484
frame_186,Rack_1,12,4,coke_small,461
frame_186,Rack_1,40,4,coke_small,440
frame_186,Rack_1,38,4,coke_small,417
frame_186,Rack_1,5,4,coke_small,394
frame_186,Rack_1,21,17,sprite_small,372
frame_186,Rack_1,14,17,sprite_small,350
frame_186,Rack_1,25,17,sprite_small,329
frame_186,Rack_1,15,17,sprite_small,308
frame_186,Rack_1,28,9,empty,228
frame_186,Rack_1,62,8,dew_med,75
frame_186,Rack_1,67,8,dew_med,32
frame_187,Rack_1,48,1,a&w_small,614
frame_187,Rack_1,37,1,a&w_small,586
frame_187,Rack_1,27,1,a&w_small,560
frame_187,Rack_1,36,1,a&w_small,534
frame_187,Rack_1,49,4,coke_small,509
frame_187,Rack_1,34,4,coke_small,484
frame_187,Rack_1,12,4,coke_small,461
frame_187,Rack_1,40,4,coke_small,440
frame_187,Rack_1,38,4,coke_small,418
frame_187,Rack_1,5,4,coke_small,395
frame_187,Rack_1,21,17,sprite_small,373
frame_187,Rack_1,14,17,sprite_small,351
frame_187,Rack_1,25,17,sprite_small,330
frame_187,Rack_1,15,17,sprite_small,309
frame_187,Rack_1,28,9,empty,228
frame_187,Rack_1,58,0,7up_med,98
frame_187,Rack_1,62,8,dew_med,76
frame_187,Rack_1,67,8,dew_med,33
frame_188,Rack_1,48,1,a&w_small,614
frame_188,Rack_1,37,1,a&w_small,587
frame_188,Rack_1,27,1,a&w_small,561
frame_188,Rack_1,36,1,a&w_small,535
frame_188,Rack_1,49,4,coke_small,509
frame_188,Rack_1,34,4,coke_small,485
frame_188,Rack_1,12,4,coke_small,462
frame_188,Rack_1,40,4,coke_small,441
frame_188,Rack_1,38,4,coke_small,419
frame_188,Rack_1,5,4,coke_small,396
frame_188,Rack_1,21,17,sprite_small,373
frame_188,Rack_1,14,17,sprite_small,352
frame_188,Rack_1,25,17,sprite_small,331
frame_188,Rack_1,15,17,sprite_small,310
frame_188,Rack_1,28,9,empty,230
frame_188,Rack_1,58,0,7up_med,99
frame_188,Rack_1,62,8,dew_med,77
frame_188,Rack_1,67,8,dew_med,34
frame_189,Rack_1,48,1,a&w_small,615
frame_189,Rack_1,37,1,a&w_small,588
frame_189,Rack_1,27,1,a&w_small,562
frame_189,Rack_1,36,1,a&w_small,536
frame_189,Rack_1,49,4,coke_small,511
frame_189,Rack_1,34,4,coke_small,486
frame_189,Rack_1,12,4,coke_small,463
frame_189,Rack_1,40,4,coke_small,441
frame_189,Rack_1,38,4,coke_small,419
frame_189,Rack_1,5,4,coke_small,397
frame_189,Rack_1,21,17,sprite_small,374
frame_189,Rack_1,14,17,sprite_small,352
frame_189,Rack_1,25,17,sprite_small,332
frame_189,Rack_1,15,17,sprite_small,311
frame_189,Rack_1,28,9,empty,230
frame_189,Rack_1,58,0,7up_med,100
frame_189,Rack_1,62,8,dew_med,78
frame_189,Rack_1,67,8,dew_med,35
frame_19,Rack_1,50,1,a&w_small,584
frame_19,Rack_1,35,1,a&w_small,560
frame_19,Rack_1,32,1,a&w_small,538
frame_19,Rack_1,48,1,a&w_small,515
frame_19,Rack_1,37,1,a&w_small,491
frame_19,Rack_1,27,1,a&w_small,468
frame_19,Rack_1,36,1,a&w_small,445
frame_19,Rack_1,49,4,coke_small,423
frame_19,Rack_1,34,4,coke_small,402
frame_19,Rack_1,12,4,coke_small,381
frame_19,Rack_1,40,4,coke_small,361
frame_19,Rack_1,38,4,coke_small,340
frame_19,Rack_1,5,4,coke_small,320
frame_19,Rack_1,21,17,sprite_small,298
frame_19,Rack_1,14,17,sprite_small,278
frame_19,Rack_1,25,17,sprite_small,259
frame_19,Rack_1,15,17,sprite_small,239
frame_19,Rack_1,28,9,empty,163
frame_190,Rack_1,48,1,a&w_small,615
frame_190,Rack_1,37,1,a&w_small,589
frame_190,Rack_1,27,1,a&w_small,562
frame_190,Rack_1,36,1,a&w_small,537
frame_190,Rack_1,49,4,coke_small,512
frame_190,Rack_1,34,4,coke_small,487
frame_190,Rack_1,12,4,coke_small,464
frame_190,Rack_1,40,4,coke_small,442
frame_190,Rack_1,38,4,coke_small,420
frame_190,Rack_1,5,4,coke_small,397
frame_190,Rack_1,21,17,sprite_small,374
frame_190,Rack_1,14,17,sprite_small,353
frame_190,Rack_1,25,17,sprite_small,332
frame_190,Rack_1,15,17,sprite_small,311
frame_190,Rack_1,28,9,empty,231
frame_190,Rack_1,58,0,7up_med,101
frame_190,Rack_1,62,8,dew_med,79
frame_190,Rack_1,66,8,dew_med,57
frame_190,Rack_1,67,8,dew_med,36
frame_191,Rack_1,48,1,a&w_small,617
frame_191,Rack_1,37,1,a&w_small,590
frame_191,Rack_1,27,1,a&w_small,564
frame_191,Rack_1,36,1,a&w_small,538
frame_191,Rack_1,49,4,coke_small,512
frame_191,Rack_1,34,4,coke_small,487
frame_191,Rack_1,12,4,coke_small,465
frame_191,Rack_1,40,4,coke_small,443
frame_191,Rack_1,38,4,coke_small,421
frame_191,Rack_1,5,4,coke_small,398
frame_191,Rack_1,21,17,sprite_small,375
frame_191,Rack_1,14,17,sprite_small,354
frame_191,Rack_1,25,17,sprite_small,333
frame_191,Rack_1,15,17,sprite_small,312
frame_191,Rack_1,28,9,empty,231
frame_191,Rack_1,58,0,7up_med,102
frame_191,Rack_1,62,8,dew_med,80
frame_191,Rack_1,66,8,dew_med,58
frame_191,Rack_1,67,8,dew_med,37
frame_192,Rack_1,48,1,a&w_small,617
frame_192,Rack_1,37,1,a&w_small,591
frame_192,Rack_1,27,1,a&w_small,564
frame_192,Rack_1,36,1,a&w_small,538
frame_192,Rack_1,49,4,coke_small,513
frame_192,Rack_1,34,4,coke_small,488
frame_192,Rack_1,12,4,coke_small,465
frame_192,Rack_1,40,4,coke_small,444
frame_192,Rack_1,38,4,coke_small,422
frame_192,Rack_1,5,4,coke_small,399
frame_192,Rack_1,21,17,sprite_small,376
frame_192,Rack_1,14,17,sprite_small,355
frame_192,Rack_1,25,17,sprite_small,333
frame_192,Rack_1,15,17,sprite_small,313
frame_192,Rack_1,28,9,empty,233
frame_192,Rack_1,57,0,7up_med,126
frame_192,Rack_1,58,0,7up_med,103
frame_192,Rack_1,62,8,dew_med,80
frame_192,Rack_1,66,8,dew_med,59
frame_193,Rack_1,48,1,a&w_small,619
frame_193,Rack_1,37,1,a&w_small,592
frame_193,Rack_1,27,1,a&w_small,565
frame_193,Rack_1,36,1,a&w_small,539
frame_193,Rack_1,49,4,coke_small,514
frame_193,Rack_1,34,4,coke_small,489
frame_193,Rack_1,12,4,coke_small,466
frame_193,Rack_1,40,4,coke_small,444
frame_193,Rack_1,38,4,coke_small,422
frame_193,Rack_1,5,4,coke_small,400
frame_193,Rack_1,21,17,sprite_small,377
frame_193,Rack_1,14,17,sprite_small,355
frame_193,Rack_1,25,17,sprite_small,334
frame_193,Rack_1,15,17,sprite_small,313
frame_193,Rack_1,28,9,empty,234
frame_194,Rack_1,48,1,a&w_small,620
frame_194,Rack_1,37,1,a&w_small,593
frame_194,Rack_1,27,1,a&w_small,566
frame_194,Rack_1,36,1,a&w_small,540
frame_194,Rack_1,49,4,coke_small,516
frame_194,Rack_1,34,4,coke_small,490
frame_194,Rack_1,12,4,coke_small,467
frame_194,Rack_1,40,4,coke_small,445
frame_194,Rack_1,38,4,coke_small,423
frame_194,Rack_1,5,4,coke_small,400
frame_194,Rack_1,21,17,sprite_small,377
frame_194,Rack_1,14,17,sprite_small,356
frame_194,Rack_1,25,17,sprite_small,335
frame_194,Rack_1,15,17,sprite_small,314
frame_194,Rack_1,28,9,empty,235
frame_194,Rack_1,67,8,dew_med,40
frame_194,Rack_1,83,8,dew_med,16
frame_195,Rack_1,48,1,a&w_small,620
frame_195,Rack_1,37,1,a&w_small,594
frame_195,Rack_1,27,1,a&w_small,567
frame_195,Rack_1,36,1,a&w_small,541
frame_195,Rack_1,49,4,coke_small,516
frame_195,Rack_1,34,4,coke_small,491
frame_195,Rack_1,12,4,coke_small,468
frame_195,Rack_1,40,4,coke_small,446
frame_195,Rack_1,38,4,coke_small,425
frame_195,Rack_1,5,4,coke_small,401
frame_195,Rack_1,21,17,sprite_small,378
frame_195,Rack_1,14,17,sprite_small,357
frame_195,Rack_1,25,17,sprite_small,336
frame_195,Rack_1,15,17,sprite_small,315
frame_195,Rack_1,28,9,empty,236
frame_195,Rack_1,67,8,dew_med,41
frame_195,Rack_1,83,8,dew_med,17
frame_196,Rack_1,48,1,a&w_small,620
frame_196,Rack_1,37,1,a&w_small,595
frame_196,Rack_1,27,1,a&w_small,568
frame_196,Rack_1,36,1,a&w_small,542
frame_196,Rack_1,49,4,coke_small,517
frame_196,Rack_1,34,4,coke_small,492
frame_196,Rack_1,12,4,coke_small,469
frame_196,Rack_1,40,4,coke_small,447
frame_196,Rack_1,38,4,coke_small,425
frame_196,Rack_1,5,4,coke_small,402
frame_196,Rack_1,21,17,sprite_small,380
frame_196,Rack_1,14,17,sprite_small,358
frame_196,Rack_1,25,17,sprite_small,336
frame_196,Rack_1,15,17,sprite_small,316
frame_196,Rack_1,28,9,empty,236
frame_196,Rack_1,67,8,dew_med,42
frame_197,Rack_1,48,1,a&w_small,619
frame_197,Rack_1,37,1,a&w_small,596
frame_197,Rack_1,27,1,a&w_small,570
frame_197,Rack_1,36,1,a&w_small,544
frame_197,Rack_1,49,4,coke_small,519
frame_197,Rack_1,34,4,coke_small,493
frame_197,Rack_1,12,4,coke_small,470
frame_197,Rack_1,40,4,coke_small,448
frame_197,Rack_1,38,4,coke_small,426
frame_197,Rack_1,5,4,coke_small,403
frame_197,Rack_1,21,17,sprite_small,381
frame_197,Rack_1,14,17,sprite_small,359
frame_197,Rack_1,25,17,sprite_small,337
frame_197,Rack_1,15,17,sprite_small,317
frame_197,Rack_1,28,9,empty,238
frame_197,Rack_1,67,8,dew_med,43
frame_198,Rack_1,48,1,a&w_small,621
frame_198,Rack_1,37,1,a&w_small,598
frame_198,Rack_1,27,1,a&w_small,571
frame_198,Rack_1,36,1,a&w_small,545
frame_198,Rack_1,49,4,coke_small,520
frame_198,Rack_1,34,4,coke_small,495
frame_198,Rack_1,12,4,coke_small,471
frame_198,Rack_1,40,4,coke_small,449
frame_198,Rack_1,38,4,coke_small,427
frame_198,Rack_1,5,4,coke_small,404
frame_198,Rack_1,21,17,sprite_small,381
frame_198,Rack_1,14,17,sprite_small,360
frame_198,Rack_1,25,17,sprite_small,338
frame_198,Rack_1,15,17,sprite_small,318
frame_198,Rack_1,28,9,empty,237
frame_198,Rack_1,58,0,7up_med,108
frame_198,Rack_1,67,8,dew_med,44
frame_199,Rack_1,48,1,a&w_small,623
frame_199,Rack_1,37,1,a&w_small,598
frame_199,Rack_1,27,1,a&w_small,572
frame_199,Rack_1,36,1,a&w_small,546
frame_199,Rack_1,49,4,coke_small,521
frame_199,Rack_1,34,4,coke_small,496
frame_199,Rack_1,12,4,coke_small,472
frame_199,Rack_1,40,4,coke_small,451
frame_199,Rack_1,38,4,coke_small,428
frame_199,Rack_1,5,4,coke_small,405
frame_199,Rack_1,21,17,sprite_small,382
frame_199,Rack_1,14,17,sprite_small,360
frame_199,Rack_1,25,17,sprite_small,339
frame_199,Rack_1,15,17,sprite_small,318
frame_199,Rack_1,28,9,empty,238
frame_199,Rack_1,58,0,7up_med,108
frame_199,Rack_1,62,17,sprite_small,87
frame_199,Rack_1,66,8,dew_med,65
frame_199,Rack_1,67,8,dew_med,44
frame_2,Rack_1,50,1,a&w_small,585
frame_2,Rack_1,35,1,a&w_small,560
frame_2,Rack_1,32,1,a&w_small,538
frame_2,Rack_1,48,1,a&w_small,514
frame_2,Rack_1,37,1,a&w_small,491
frame_2,Rack_1,27,1,a&w_small,468
frame_2,Rack_1,36,1,a&w_small,446
frame_2,Rack_1,49,4,coke_small,424
frame_2,Rack_1,34,4,coke_small,402
frame_2,Rack_1,12,4,coke_small,381
frame_2,Rack_1,40,4,coke_small,361
frame_2,Rack_1,38,4,coke_small,340
frame_2,Rack_1,5,4,coke_small,320
frame_2,Rack_1,21,17,sprite_small,299
frame_2,Rack_1,14,17,sprite_small,278
frame_2,Rack_1,25,17,sprite_small,259
frame_2,Rack_1,15,17,sprite_small,239
frame_2,Rack_1,28,9,empty,163
frame_2,Rack_1,57,0,7up_med,59
frame_2,Rack_1,58,0,7up_med,35
frame_20,Rack_1,50,1,a&w_small,584
frame_20,Rack_1,35,1,a&w_small,559
frame_20,Rack_1,32,1,a&w_small,538
frame_20,Rack_1,48,1,a&w_small,515
frame_20,Rack_1,37,1,a&w_small,491
frame_20,Rack_1,27,1,a&w_small,468
frame_20,Rack_1,36,1,a&w_small,445
frame_20,Rack_1,49,4,coke_small,423
frame_20,Rack_1,34,4,coke_small,402
frame_20,Rack_1,12,4,coke_small,381
frame_20,Rack_1,40,4,coke_small,361
frame_20,Rack_1,38,4,coke_small,340
frame_20,Rack_1,5,4,coke_small,320
frame_20,Rack_1,21,17,sprite_small,298
frame_20,Rack_1,14,17,sprite_small,278
frame_20,Rack_1,25,17,sprite_small,259
frame_20,Rack_1,15,17,sprite_small,239
frame_20,Rack_1,28,9,empty,163
frame_200,Rack_1,48,1,a&w_small,624
frame_200,Rack_1,37,1,a&w_small,600
frame_200,Rack_1,27,1,a&w_small,573
frame_200,Rack_1,36,1,a&w_small,547
frame_200,Rack_1,49,4,coke_small,522
frame_200,Rack_1,34,4,coke_small,496
frame_200,Rack_1,12,4,coke_small,473
frame_200,Rack_1,40,4,coke_small,451
frame_200,Rack_1,38,4,coke_small,428
frame_200,Rack_1,5,4,coke_small,405
frame_200,Rack_1,21,17,sprite_small,383
frame_200,Rack_1,14,17,sprite_small,361
frame_200,Rack_1,25,17,sprite_small,340
frame_200,Rack_1,15,17,sprite_small,319
frame_200,Rack_1,28,9,empty,239
frame_200,Rack_1,58,17,sprite_small,109
frame_200,Rack_1,62,17,sprite_small,88
frame_200,Rack_1,66,8,dew_med,66
frame_200,Rack_1,67,8,dew_med,45
frame_201,Rack_1,48,1,a&w_small,625
frame_201,Rack_1,37,1,a&w_small,601
frame_201,Rack_1,27,1,a&w_small,574
frame_201,Rack_1,36,1,a&w_small,547
frame_201,Rack_1,49,4,coke_small,522
frame_201,Rack_1,34,4,coke_small,497
frame_201,Rack_1,12,4,coke_small,473
frame_201,Rack_1,40,4,coke_small,452
frame_201,Rack_1,38,4,coke_small,429
frame_201,Rack_1,5,4,coke_small,406
frame_201,Rack_1,21,17,sprite_small,383
frame_201,Rack_1,14,17,sprite_small,362
frame_201,Rack_1,25,17,sprite_small,340
frame_201,Rack_1,15,17,sprite_small,319
frame_201,Rack_1,28,9,empty,239
frame_201,Rack_1,58,17,sprite_small,110
frame_201,Rack_1,62,17,sprite_small,88
frame_201,Rack_1,66,8,dew_med,66
frame_201,Rack_1,67,8,dew_med,45
frame_201,Rack_1,83,8,dew_med,21
frame_202,Rack_1,48,1,a&w_small,625
frame_202,Rack_1,37,1,a&w_small,601
frame_202,Rack_1,27,1,a&w_small,574
frame_202,Rack_1,36,1,a&w_small,548
frame_202,Rack_1,49,4,coke_small,523
frame_202,Rack_1,34,4,coke_small,497
frame_202,Rack_1,12,4,coke_small,473
frame_202,Rack_1,40,4,coke_small,452
frame_202,Rack_1,38,4,coke_small,429
frame_202,Rack_1,5,4,coke_small,406
frame_202,Rack_1,21,17,sprite_small,384
frame_202,Rack_1,14,17,sprite_small,362
frame_202,Rack_1,25,17,sprite_small,341
frame_202,Rack_1,15,17,sprite_small,320
frame_202,Rack_1,28,9,empty,240
frame_202,Rack_1,58,17,sprite_small,110
frame_202,Rack_1,62,17,sprite_small,89
frame_202,Rack_1,67,8,dew_med,46
frame_202,Rack_1,83,8,dew_med,21
frame_203,Rack_1,48,1,a&w_small,625
frame_203,Rack_1,37,1,a&w_small,602
frame_203,Rack_1,27,1,a&w_small,575
frame_203,Rack_1,36,1,a&w_small,549
frame_203,Rack_1,49,4,coke_small,524
frame_203,Rack_1,34,4,coke_small,498
frame_203,Rack_1,12,4,coke_small,474
frame_203,Rack_1,40,4,coke_small,453
frame_203,Rack_1,38,4,coke_small,430
frame_203,Rack_1,5,4,coke_small,407
frame_203,Rack_1,21,17,sprite_small,384
frame_203,Rack_1,25,17,sprite_small,341
frame_203,Rack_1,15,17,sprite_small,320
frame_203,Rack_1,28,9,empty,240
frame_203,Rack_1,58,17,sprite_small,111
frame_203,Rack_1,62,17,sprite_small,89
frame_203,Rack_1,67,8,dew_med,46
frame_203,Rack_1,83,8,dew_med,22
frame_203,Rack_1,86,8,dew_med,4
frame_21,Rack_1,50,1,a&w_small,584
frame_21,Rack_1,35,1,a&w_small,560
frame_21,Rack_1,32,1,a&w_small,538
frame_21,Rack_1,48,1,a&w_small,515
frame_21,Rack_1,37,1,a&w_small,491
frame_21,Rack_1,27,1,a&w_small,468
frame_21,Rack_1,36,1,a&w_small,445
frame_21,Rack_1,49,4,coke_small,424
frame_21,Rack_1,34,4,coke_small,402
frame_21,Rack_1,12,4,coke_small,381
frame_21,Rack_1,40,4,coke_small,361
frame_21,Rack_1,38,4,coke_small,340
frame_21,Rack_1,5,4,coke_small,320
frame_21,Rack_1,21,17,sprite_small,298
frame_21,Rack_1,14,17,sprite_small,278
frame_21,Rack_1,25,17,sprite_small,259
frame_21,Rack_1,15,17,sprite_small,239
frame_21,Rack_1,28,9,empty,163
frame_22,Rack_1,50,1,a&w_small,584
frame_22,Rack_1,35,1,a&w_small,560
frame_22,Rack_1,32,1,a&w_small,538
frame_22,Rack_1,48,1,a&w_small,515
frame_22,Rack_1,37,1,a&w_small,491
frame_22,Rack_1,27,1,a&w_small,468
frame_22,Rack_1,36,1,a&w_small,445
frame_22,Rack_1,49,4,coke_small,424
frame_22,Rack_1,34,4,coke_small,402
frame_22,Rack_1,12,4,coke_small,381
frame_22,Rack_1,40,4,coke_small,361
frame_22,Rack_1,38,4,coke_small,340
frame_22,Rack_1,5,4,coke_small,320
frame_22,Rack_1,21,17,sprite_small,298
frame_22,Rack_1,14,17,sprite_small,278
frame_22,Rack_1,25,17,sprite_small,259
frame_22,Rack_1,15,17,sprite_small,239
frame_22,Rack_1,28,9,empty,163
frame_23,Rack_1,50,1,a&w_small,584
frame_23,Rack_1,35,1,a&w_small,560
frame_23,Rack_1,32,1,a&w_small,538
frame_23,Rack_1,48,1,a&w_small,515
frame_23,Rack_1,37,1,a&w_small,491
frame_23,Rack_1,27,1,a&w_small,468
frame_23,Rack_1,36,1,a&w_small,445
frame_23,Rack_1,49,4,coke_small,424
frame_23,Rack_1,34,4,coke_small,402
frame_23,Rack_1,12,4,coke_small,381
frame_23,Rack_1,40,4,coke_small,361
frame_23,Rack_1,38,4,coke_small,341
frame_23,Rack_1,5,4,coke_small,320
frame_23,Rack_1,21,17,sprite_small,299
frame_23,Rack_1,14,17,sprite_small,278
frame_23,Rack_1,25,17,sprite_small,259
frame_23,Rack_1,15,17,sprite_small,239
frame_23,Rack_1,28,9,empty,163
frame_23,Rack_1,57,0,7up_med,59
frame_23,Rack_1,58,0,7up_med,34
frame_24,Rack_1,50,1,a&w_small,584
frame_24,Rack_1,35,1,a&w_small,560
frame_24,Rack_1,32,1,a&w_small,538
frame_24,Rack_1,48,1,a&w_small,515
frame_24,Rack_1,37,1,a&w_small,491
frame_24,Rack_1,27,1,a&w_small,468
frame_24,Rack_1,36,1,a&w_small,446
frame_24,Rack_1,49,4,coke_small,424
frame_24,Rack_1,34,4,coke_small,402
frame_24,Rack_1,12,4,coke_small,381
frame_24,Rack_1,40,4,coke_small,361
frame_24,Rack_1,38,4,coke_small,341
frame_24,Rack_1,5,4,coke_small,320
frame_24,Rack_1,21,17,sprite_small,299
frame_24,Rack_1,14,17,sprite_small,278
frame_24,Rack_1,25,17,sprite_small,259
frame_24,Rack_1,15,17,sprite_small,239
frame_24,Rack_1,28,9,empty,163
frame_25,Rack_1,50,1,a&w_small,585
frame_25,Rack_1,35,1,a&w_small,560
frame_25,Rack_1,32,1,a&w_small,539
frame_25,Rack_1,48,1,a&w_small,515
frame_25,Rack_1,37,1,a&w_small,492
frame_25,Rack_1,27,1,a&w_small,469
frame_25,Rack_1,36,1,a&w_small,446
frame_25,Rack_1,49,4,coke_small,424
frame_25,Rack_1,34,4,coke_small,402
frame_25,Rack_1,12,4,coke_small,381
frame_25,Rack_1,40,4,coke_small,361
frame_25,Rack_1,38,4,coke_small,341
frame_25,Rack_1,5,4,coke_small,320
frame_25,Rack_1,21,17,sprite_small,299
frame_25,Rack_1,14,17,sprite_small,279
frame_25,Rack_1,25,17,sprite_small,260
frame_25,Rack_1,15,17,sprite_small,239
frame_25,Rack_1,28,9,empty,163
frame_25,Rack_1,60,0,7up_med,86
frame_25,Rack_1,57,0,7up_med,59
frame_25,Rack_1,58,0,7up_med,34
frame_26,Rack_1,50,1,a&w_small,585
frame_26,Rack_1,35,1,a&w_small,560
frame_26,Rack_1,32,1,a&w_small,539
frame_26,Rack_1,48,1,a&w_small,516
frame_26,Rack_1,37,1,a&w_small,492
frame_26,Rack_1,27,1,a&w_small,469
frame_26,Rack_1,36,1,a&w_small,446
frame_26,Rack_1,49,4,coke_small,424
frame_26,Rack_1,34,4,coke_small,402
frame_26,Rack_1,12,4,coke_small,381
frame_26,Rack_1,40,4,coke_small,362
frame_26,Rack_1,38,4,coke_small,341
frame_26,Rack_1,5,4,coke_small,320
frame_26,Rack_1,21,17,sprite_small,299
frame_26,Rack_1,14,17,sprite_small,279
frame_26,Rack_1,25,17,sprite_small,260
frame_26,Rack_1,15,17,sprite_small,240
frame_26,Rack_1,28,9,empty,163
frame_26,Rack_1,57,0,7up_med,59
frame_27,Rack_1,50,1,a&w_small,585
frame_27,Rack_1,35,1,a&w_small,561
frame_27,Rack_1,32,1,a&w_small,540
frame_27,Rack_1,48,1,a&w_small,516
frame_27,Rack_1,37,1,a&w_small,492
frame_27,Rack_1,27,1,a&w_small,469
frame_27,Rack_1,36,1,a&w_small,446
frame_27,Rack_1,49,4,coke_small,425
frame_27,Rack_1,34,4,coke_small,403
frame_27,Rack_1,12,4,coke_small,381
frame_27,Rack_1,40,4,coke_small,362
frame_27,Rack_1,38,4,coke_small,341
frame_27,Rack_1,5,4,coke_small,320
frame_27,Rack_1,21,17,sprite_small,299
frame_27,Rack_1,14,17,sprite_small,279
frame_27,Rack_1,25,17,sprite_small,260
frame_27,Rack_1,15,17,sprite_small,240
frame_27,Rack_1,28,9,empty,163
frame_27,Rack_1,60,0,7up_med,86
frame_27,Rack_1,57,0,7up_med,59
frame_27,Rack_1,58,0,7up_med,34
frame_28,Rack_1,50,1,a&w_small,585
frame_28,Rack_1,35,1,a&w_small,561
frame_28,Rack_1,32,1,a&w_small,540
frame_28,Rack_1,48,1,a&w_small,516
frame_28,Rack_1,37,1,a&w_small,492
frame_28,Rack_1,27,1,a&w_small,469
frame_28,Rack_1,36,1,a&w_small,446
frame_28,Rack_1,49,4,coke_small,425
frame_28,Rack_1,34,4,coke_small,403
frame_28,Rack_1,12,4,coke_small,381
frame_28,Rack_1,40,4,coke_small,362
frame_28,Rack_1,38,4,coke_small,341
frame_28,Rack_1,5,4,coke_small,320
frame_28,Rack_1,21,17,sprite_small,299
frame_28,Rack_1,14,17,sprite_small,279
frame_28,Rack_1,25,17,sprite_small,260
frame_28,Rack_1,15,17,sprite_small,240
frame_28,Rack_1,28,9,empty,163
frame_29,Rack_1,50,1,a&w_small,585
frame_29,Rack_1,35,1,a&w_small,561
frame_29,Rack_1,32,1,a&w_small,540
frame_29,Rack_1,48,1,a&w_small,516
frame_29,Rack_1,37,1,a&w_small,492
frame_29,Rack_1,27,1,a&w_small,469
frame_29,Rack_1,36,1,a&w_small,446
frame_29,Rack_1,49,4,coke_small,425
frame_29,Rack_1,34,4,coke_small,403
frame_29,Rack_1,12,4,coke_small,382
frame_29,Rack_1,40,4,coke_small,362
frame_29,Rack_1,38,4,coke_small,341
frame_29,Rack_1,5,4,coke_small,320
frame_29,Rack_1,21,17,sprite_small,299
frame_29,Rack_1,14,17,sprite_small,279
frame_29,Rack_1,25,17,sprite_small,260
frame_29,Rack_1,15,17,sprite_small,240
frame_29,Rack_1,28,9,empty,163
frame_29,Rack_1,60,0,7up_med,87
frame_29,Rack_1,57,0,7up_med,59
frame_29,Rack_1,58,0,7up_med,34
frame_3,Rack_1,50,1,a&w_small,585
frame_3,Rack_1,35,1,a&w_small,560
frame_3,Rack_1,32,1,a&w_small,539
frame_3,Rack_1,48,1,a&w_small,514
frame_3,Rack_1,37,1,a&w_small,491
frame_3,Rack_1,27,1,a&w_small,468
frame_3,Rack_1,36,1,a&w_small,446
frame_3,Rack_1,49,4,coke_small,424
frame_3,Rack_1,34,4,coke_small,402
frame_3,Rack_1,12,4,coke_small,381
frame_3,Rack_1,40,4,coke_small,361
frame_3,Rack_1,38,4,coke_small,340
frame_3,Rack_1,5,4,coke_small,320
frame_3,Rack_1,21,17,sprite_small,299
frame_3,Rack_1,14,17,sprite_small,278
frame_3,Rack_1,25,17,sprite_small,259
frame_3,Rack_1,15,17,sprite_small,239
frame_3,Rack_1,28,9,empty,163
frame_3,Rack_1,57,0,7up_med,59
frame_3,Rack_1,58,0,7up_med,35
frame_30,Rack_1,50,1,a&w_small,585
frame_30,Rack_1,35,1,a&w_small,561
frame_30,Rack_1,32,1,a&w_small,540
frame_30,Rack_1,48,1,a&w_small,516
frame_30,Rack_1,37,1,a&w_small,492
frame_30,Rack_1,27,1,a&w_small,469
frame_30,Rack_1,36,1,a&w_small,447
frame_30,Rack_1,49,4,coke_small,425
frame_30,Rack_1,34,4,coke_small,403
frame_30,Rack_1,12,4,coke_small,382
frame_30,Rack_1,40,4,coke_small,362
frame_30,Rack_1,38,4,coke_small,341
frame_30,Rack_1,5,4,coke_small,321
frame_30,Rack_1,21,17,sprite_small,299
frame_30,Rack_1,14,17,sprite_small,279
frame_30,Rack_1,25,17,sprite_small,260
frame_30,Rack_1,15,17,sprite_small,240
frame_30,Rack_1,28,9,empty,163
frame_31,Rack_1,50,1,a&w_small,586
frame_31,Rack_1,35,1,a&w_small,561
frame_31,Rack_1,32,1,a&w_small,540
frame_31,Rack_1,48,1,a&w_small,516
frame_31,Rack_1,37,1,a&w_small,492
frame_31,Rack_1,27,1,a&w_small,469
frame_31,Rack_1,36,1,a&w_small,447
frame_31,Rack_1,49,4,coke_small,425
frame_31,Rack_1,34,4,coke_small,403
frame_31,Rack_1,12,4,coke_small,382
frame_31,Rack_1,40,4,coke_small,362
frame_31,Rack_1,38,4,coke_small,341
frame_31,Rack_1,5,4,coke_small,321
frame_31,Rack_1,21,17,sprite_small,300
frame_31,Rack_1,14,17,sprite_small,279
frame_31,Rack_1,25,17,sprite_small,260
frame_31,Rack_1,15,17,sprite_small,240
frame_31,Rack_1,28,9,empty,163
frame_32,Rack_1,50,1,a&w_small,586
frame_32,Rack_1,35,1,a&w_small,561
frame_32,Rack_1,32,1,a&w_small,540
frame_32,Rack_1,48,1,a&w_small,516
frame_32,Rack_1,37,1,a&w_small,493
frame_32,Rack_1,27,1,a&w_small,469
frame_32,Rack_1,36,1,a&w_small,447
frame_32,Rack_1,49,4,coke_small,425
frame_32,Rack_1,34,4,coke_small,403
frame_32,Rack_1,12,4,coke_small,382
frame_32,Rack_1,40,4,coke_small,362
frame_32,Rack_1,38,4,coke_small,341
frame_32,Rack_1,5,4,coke_small,321
frame_32,Rack_1,21,17,sprite_small,300
frame_32,Rack_1,14,17,sprite_small,279
frame_32,Rack_1,25,17,sprite_small,260
frame_32,Rack_1,15,17,sprite_small,240
frame_32,Rack_1,28,9,empty,163
frame_33,Rack_1,50,1,a&w_small,586
frame_33,Rack_1,35,1,a&w_small,561
frame_33,Rack_1,32,1,a&w_small,540
frame_33,Rack_1,48,1,a&w_small,516
frame_33,Rack_1,37,1,a&w_small,493
frame_33,Rack_1,27,1,a&w_small,469
frame_33,Rack_1,36,1,a&w_small,447
frame_33,Rack_1,49,4,coke_small,425
frame_33,Rack_1,34,4,coke_small,403
frame_33,Rack_1,12,4,coke_small,382
frame_33,Rack_1,40,4,coke_small,362
frame_33,Rack_1,38,4,coke_small,342
frame_33,Rack_1,5,4,coke_small,321
frame_33,Rack_1,21,17,sprite_small,300
frame_33,Rack_1,14,17,sprite_small,279
frame_33,Rack_1,25,17,sprite_small,260
frame_33,Rack_1,15,17,sprite_small,240
frame_33,Rack_1,28,9,empty,163
frame_34,Rack_1,50,1,a&w_small,586
frame_34,Rack_1,35,1,a&w_small,562
frame_34,Rack_1,32,1,a&w_small,540
frame_34,Rack_1,48,1,a&w_small,517
frame_34,Rack_1,37,1,a&w_small,493
frame_34,Rack_1,27,1,a&w_small,469
frame_34,Rack_1,36,1,a&w_small,447
frame_34,Rack_1,49,4,coke_small,425
frame_34,Rack_1,34,4,coke_small,403
frame_34,Rack_1,12,4,coke_small,383
frame_34,Rack_1,40,4,coke_small,362
frame_34,Rack_1,38,4,coke_small,342
frame_34,Rack_1,5,4,coke_small,321
frame_34,Rack_1,21,17,sprite_small,300
frame_34,Rack_1,14,17,sprite_small,279
frame_34,Rack_1,25,17,sprite_small,260
frame_34,Rack_1,15,17,sprite_small,240
frame_34,Rack_1,28,9,empty,163
frame_35,Rack_1,50,1,a&w_small,586
frame_35,Rack_1,35,1,a&w_small,562
frame_35,Rack_1,32,1,a&w_small,540
frame_35,Rack_1,48,1,a&w_small,517
frame_35,Rack_1,37,1,a&w_small,493
frame_35,Rack_1,27,1,a&w_small,470
frame_35,Rack_1,36,1,a&w_small,447
frame_35,Rack_1,49,4,coke_small,425
frame_35,Rack_1,34,4,coke_small,404
frame_35,Rack_1,12,4,coke_small,383
frame_35,Rack_1,40,4,coke_small,362
frame_35,Rack_1,38,4,coke_small,342
frame_35,Rack_1,5,4,coke_small,321
frame_35,Rack_1,21,17,sprite_small,300
frame_35,Rack_1,14,17,sprite_small,279
frame_35,Rack_1,25,17,sprite_small,260
frame_35,Rack_1,15,17,sprite_small,240
frame_35,Rack_1,28,9,empty,163
frame_36,Rack_1,50,1,a&w_small,587
frame_36,Rack_1,35,1,a&w_small,562
frame_36,Rack_1,32,1,a&w_small,540
frame_36,Rack_1,48,1,a&w_small,517
frame_36,Rack_1,37,1,a&w_small,493
frame_36,Rack_1,27,1,a&w_small,470
frame_36,Rack_1,36,1,a&w_small,447
frame_36,Rack_1,49,4,coke_small,426
frame_36,Rack_1,34,4,coke_small,404
frame_36,Rack_1,12,4,coke_small,383
frame_36,Rack_1,40,4,coke_small,362
frame_36,Rack_1,38,4,coke_small,342
frame_36,Rack_1,5,4,coke_small,321
frame_36,Rack_1,21,17,sprite_small,300
frame_36,Rack_1,14,17,sprite_small,279
frame_36,Rack_1,25,17,sprite_small,260
frame_36,Rack_1,15,17,sprite_small,240
frame_36,Rack_1,28,9,empty,163
frame_37,Rack_1,50,1,a&w_small,587
frame_37,Rack_1,35,1,a&w_small,562
frame_37,Rack_1,32,1,a&w_small,540
frame_37,Rack_1,48,1,a&w_small,517
frame_37,Rack_1,37,1,a&w_small,493
frame_37,Rack_1,27,1,a&w_small,470
frame_37,Rack_1,36,1,a&w_small,448
frame_37,Rack_1,49,4,coke_small,426
frame_37,Rack_1,34,4,coke_small,404
frame_37,Rack_1,12,4,coke_small,383
frame_37,Rack_1,40,4,coke_small,363
frame_37,Rack_1,38,4,coke_small,342
frame_37,Rack_1,5,4,coke_small,321
frame_37,Rack_1,21,17,sprite_small,300
frame_37,Rack_1,14,17,sprite_small,280
frame_37,Rack_1,25,17,sprite_small,260
frame_37,Rack_1,15,17,sprite_small,240
frame_37,Rack_1,28,9,empty,163
frame_38,Rack_1,50,1,a&w_small,587
frame_38,Rack_1,35,1,a&w_small,562
frame_38,Rack_1,32,1,a&w_small,540
frame_38,Rack_1,48,1,a&w_small,517
frame_38,Rack_1,37,1,a&w_small,493
frame_38,Rack_1,27,1,a&w_small,470
frame_38,Rack_1,36,1,a&w_small,448
frame_38,Rack_1,49,4,coke_small,426
frame_38,Rack_1,34,4,coke_small,404
frame_38,Rack_1,12,4,coke_small,383
frame_38,Rack_1,40,4,coke_small,363
frame_38,Rack_1,38,4,coke_small,342
frame_38,Rack_1,5,4,coke_small,321
frame_38,Rack_1,21,17,sprite_small,300
frame_38,Rack_1,14,17,sprite_small,280
frame_38,Rack_1,25,17,sprite_small,260
frame_38,Rack_1,15,17,sprite_small,240
frame_38,Rack_1,28,9,empty,164
frame_39,Rack_1,50,1,a&w_small,587
frame_39,Rack_1,35,1,a&w_small,562
frame_39,Rack_1,32,1,a&w_small,541
frame_39,Rack_1,48,1,a&w_small,517
frame_39,Rack_1,37,1,a&w_small,493
frame_39,Rack_1,27,1,a&w_small,470
frame_39,Rack_1,36,1,a&w_small,448
frame_39,Rack_1,49,4,coke_small,426
frame_39,Rack_1,34,4,coke_small,405
frame_39,Rack_1,12,4,coke_small,383
frame_39,Rack_1,40,4,coke_small,363
frame_39,Rack_1,38,4,coke_small,342
frame_39,Rack_1,5,4,coke_small,321
frame_39,Rack_1,21,17,sprite_small,300
frame_39,Rack_1,14,17,sprite_small,280
frame_39,Rack_1,25,17,sprite_small,260
frame_39,Rack_1,15,17,sprite_small,240
frame_39,Rack_1,28,9,empty,164
frame_4,Rack_1,50,1,a&w_small,585
frame_4,Rack_1,35,1,a&w_small,560
frame_4,Rack_1,32,1,a&w_small,539
frame_4,Rack_1,48,1,a&w_small,515
frame_4,Rack_1,37,1,a&w_small,491
frame_4,Rack_1,27,1,a&w_small,468
frame_4,Rack_1,36,1,a&w_small,446
frame_4,Rack_1,49,4,coke_small,424
frame_4,Rack_1,34,4,coke_small,402
frame_4,Rack_1,12,4,coke_small,381
frame_4,Rack_1,40,4,coke_small,361
frame_4,Rack_1,38,4,coke_small,340
frame_4,Rack_1,5,4,coke_small,320
frame_4,Rack_1,21,17,sprite_small,299
frame_4,Rack_1,14,17,sprite_small,279
frame_4,Rack_1,25,17,sprite_small,259
frame_4,Rack_1,15,17,sprite_small,239
frame_4,Rack_1,28,9,empty,163
frame_4,Rack_1,57,0,7up_med,59
frame_4,Rack_1,58,0,7up_med,35
frame_40,Rack_1,50,1,a&w_small,587
frame_40,Rack_1,35,1,a&w_small,562
frame_40,Rack_1,32,1,a&w_small,541
frame_40,Rack_1,48,1,a&w_small,517
frame_40,Rack_1,37,1,a&w_small,493
frame_40,Rack_1,27,1,a&w_small,470
frame_40,Rack_1,36,1,a&w_small,448
frame_40,Rack_1,49,4,coke_small,426
frame_40,Rack_1,34,4,coke_small,405
frame_40,Rack_1,12,4,coke_small,384
frame_40,Rack_1,40,4,coke_small,363
frame_40,Rack_1,38,4,coke_small,343
frame_40,Rack_1,5,4,coke_small,322
frame_40,Rack_1,21,17,sprite_small,300
frame_40,Rack_1,14,17,sprite_small,280
frame_40,Rack_1,25,17,sprite_small,260
frame_40,Rack_1,15,17,sprite_small,240
frame_40,Rack_1,28,9,empty,164
frame_41,Rack_1,50,1,a&w_small,587
frame_41,Rack_1,35,1,a&w_small,563
frame_41,Rack_1,32,1,a&w_small,541
frame_41,Rack_1,48,1,a&w_small,517
frame_41,Rack_1,37,1,a&w_small,493
frame_41,Rack_1,27,1,a&w_small,470
frame_41,Rack_1,36,1,a&w_small,448
frame_41,Rack_1,49,4,coke_small,426
frame_41,Rack_1,34,4,coke_small,405
frame_41,Rack_1,12,4,coke_small,384
frame_41,Rack_1,40,4,coke_small,363
frame_41,Rack_1,38,4,coke_small,343
frame_41,Rack_1,5,4,coke_small,322
frame_41,Rack_1,21,17,sprite_small,300
frame_41,Rack_1,14,17,sprite_small,280
frame_41,Rack_1,25,17,sprite_small,261
frame_41,Rack_1,15,17,sprite_small,240
frame_41,Rack_1,28,9,empty,164
frame_42,Rack_1,50,1,a&w_small,587
frame_42,Rack_1,35,1,a&w_small,563
frame_42,Rack_1,32,1,a&w_small,541
frame_42,Rack_1,48,1,a&w_small,518
frame_42,Rack_1,37,1,a&w_small,494
frame_42,Rack_1,27,1,a&w_small,471
frame_42,Rack_1,36,1,a&w_small,449
frame_42,Rack_1,49,4,coke_small,426
frame_42,Rack_1,34,4,coke_small,405
frame_42,Rack_1,12,4,coke_small,384
frame_42,Rack_1,40,4,coke_small,364
frame_42,Rack_1,38,4,coke_small,343
frame_42,Rack_1,5,4,coke_small,322
frame_42,Rack_1,21,17,sprite_small,300
frame_42,Rack_1,14,17,sprite_small,280
frame_42,Rack_1,25,17,sprite_small,261
frame_42,Rack_1,15,17,sprite_small,240
frame_42,Rack_1,28,9,empty,164
frame_43,Rack_1,50,1,a&w_small,587
frame_43,Rack_1,35,1,a&w_small,563
frame_43,Rack_1,32,1,a&w_small,542
frame_43,Rack_1,48,1,a&w_small,518
frame_43,Rack_1,37,1,a&w_small,494
frame_43,Rack_1,27,1,a&w_small,471
frame_43,Rack_1,36,1,a&w_small,449
frame_43,Rack_1,49,4,coke_small,426
frame_43,Rack_1,34,4,coke_small,405
frame_43,Rack_1,12,4,coke_small,384
frame_43,Rack_1,40,4,coke_small,364
frame_43,Rack_1,38,4,coke_small,343
frame_43,Rack_1,5,4,coke_small,322
frame_43,Rack_1,21,17,sprite_small,301
frame_43,Rack_1,14,17,sprite_small,280
frame_43,Rack_1,25,17,sprite_small,261
frame_43,Rack_1,15,17,sprite_small,241
frame_43,Rack_1,28,9,empty,164
frame_44,Rack_1,50,1,a&w_small,588
frame_44,Rack_1,35,1,a&w_small,564
frame_44,Rack_1,32,1,a&w_small,542
frame_44,Rack_1,48,1,a&w_small,518
frame_44,Rack_1,37,1,a&w_small,494
frame_44,Rack_1,27,1,a&w_small,472
frame_44,Rack_1,36,1,a&w_small,449
frame_44,Rack_1,49,4,coke_small,427
frame_44,Rack_1,34,4,coke_small,405
frame_44,Rack_1,12,4,coke_small,384
frame_44,Rack_1,40,4,coke_small,364
frame_44,Rack_1,38,4,coke_small,343
frame_44,Rack_1,5,4,coke_small,322
frame_44,Rack_1,21,17,sprite_small,301
frame_44,Rack_1,14,17,sprite_small,281
frame_44,Rack_1,25,17,sprite_small,261
frame_44,Rack_1,15,17,sprite_small,241
frame_44,Rack_1,28,9,empty,164
frame_44,Rack_1,57,0,7up_med,59
frame_45,Rack_1,50,1,a&w_small,588
frame_45,Rack_1,35,1,a&w_small,564
frame_45,Rack_1,32,1,a&w_small,542
frame_45,Rack_1,48,1,a&w_small,518
frame_45,Rack_1,37,1,a&w_small,495
frame_45,Rack_1,27,1,a&w_small,472
frame_45,Rack_1,36,1,a&w_small,449
frame_45,Rack_1,49,4,coke_small,427
frame_45,Rack_1,34,4,coke_small,405
frame_45,Rack_1,12,4,coke_small,384
frame_45,Rack_1,40,4,coke_small,364
frame_45,Rack_1,38,4,coke_small,344
frame_45,Rack_1,5,4,coke_small,322
frame_45,Rack_1,21,17,sprite_small,301
frame_45,Rack_1,14,17,sprite_small,281
frame_45,Rack_1,25,17,sprite_small,262
frame_45,Rack_1,15,17,sprite_small,241
frame_45,Rack_1,28,9,empty,164
frame_46,Rack_1,50,1,a&w_small,588
frame_46,Rack_1,35,1,a&w_small,564
frame_46,Rack_1,32,1,a&w_small,542
frame_46,Rack_1,48,1,a&w_small,518
frame_46,Rack_1,37,1,a&w_small,495
frame_46,Rack_1,27,1,a&w_small,472
frame_46,Rack_1,36,1,a&w_small,449
frame_46,Rack_1,49,4,coke_small,427
frame_46,Rack_1,34,4,coke_small,405
frame_46,Rack_1,12,4,coke_small,384
frame_46,Rack_1,40,4,coke_small,364
frame_46,Rack_1,38,4,coke_small,344
frame_46,Rack_1,5,4,coke_small,323
frame_46,Rack_1,21,17,sprite_small,301
frame_46,Rack_1,14,17,sprite_small,281
frame_46,Rack_1,25,17,sprite_small,262
frame_46,Rack_1,15,17,sprite_small,241
frame_46,Rack_1,28,9,empty,164
frame_47,Rack_1,50,1,a&w_small,589
frame_47,Rack_1,35,1,a&w_small,564
frame_47,Rack_1,32,1,a&w_small,543
frame_47,Rack_1,48,1,a&w_small,519
frame_47,Rack_1,37,1,a&w_small,496
frame_47,Rack_1,27,1,a&w_small,473
frame_47,Rack_1,36,1,a&w_small,449
frame_47,Rack_1,49,4,coke_small,427
frame_47,Rack_1,34,4,coke_small,405
frame_47,Rack_1,12,4,coke_small,385
frame_47,Rack_1,40,4,coke_small,365
frame_47,Rack_1,38,4,coke_small,344
frame_47,Rack_1,5,4,coke_small,323
frame_47,Rack_1,21,17,sprite_small,301
frame_47,Rack_1,14,17,sprite_small,281
frame_47,Rack_1,25,17,sprite_small,262
frame_47,Rack_1,15,17,sprite_small,241
frame_47,Rack_1,28,9,empty,164
frame_48,Rack_1,50,1,a&w_small,589
frame_48,Rack_1,35,1,a&w_small,565
frame_48,Rack_1,32,1,a&w_small,543
frame_48,Rack_1,48,1,a&w_small,519
frame_48,Rack_1,37,1,a&w_small,496
frame_48,Rack_1,27,1,a&w_small,473
frame_48,Rack_1,36,1,a&w_small,450
frame_48,Rack_1,49,4,coke_small,428
frame_48,Rack_1,34,4,coke_small,406
frame_48,Rack_1,12,4,coke_small,385
frame_48,Rack_1,40,4,coke_small,365
frame_48,Rack_1,38,4,coke_small,344
frame_48,Rack_1,5,4,coke_small,323
frame_48,Rack_1,21,17,sprite_small,301
frame_48,Rack_1,14,17,sprite_small,282
frame_48,Rack_1,25,17,sprite_small,262
frame_48,Rack_1,15,17,sprite_small,242
frame_48,Rack_1,28,9,empty,164
frame_48,Rack_1,57,0,7up_med,60
frame_49,Rack_1,50,1,a&w_small,589
frame_49,Rack_1,35,1,a&w_small,565
frame_49,Rack_1,32,1,a&w_small,543
frame_49,Rack_1,48,1,a&w_small,520
frame_49,Rack_1,37,1,a&w_small,497
frame_49,Rack_1,27,1,a&w_small,474
frame_49,Rack_1,36,1,a&w_small,450
frame_49,Rack_1,49,4,coke_small,428
frame_49,Rack_1,34,4,coke_small,406
frame_49,Rack_1,12,4,coke_small,385
frame_49,Rack_1,40,4,coke_small,365
frame_49,Rack_1,38,4,coke_small,345
frame_49,Rack_1,5,4,coke_small,324
frame_49,Rack_1,21,17,sprite_small,302
frame_49,Rack_1,14,17,sprite_small,282
frame_49,Rack_1,25,17,sprite_small,263
frame_49,Rack_1,15,17,sprite_small,242
frame_49,Rack_1,28,9,empty,165
frame_5,Rack_1,50,1,a&w_small,585
frame_5,Rack_1,35,1,a&w_small,560
frame_5,Rack_1,32,1,a&w_small,539
frame_5,Rack_1,48,1,a&w_small,515
frame_5,Rack_1,37,1,a&w_small,491
frame_5,Rack_1,27,1,a&w_small,468
frame_5,Rack_1,36,1,a&w_small,446
frame_5,Rack_1,49,4,coke_small,424
frame_5,Rack_1,34,4,coke_small,402
frame_5,Rack_1,12,4,coke_small,381
frame_5,Rack_1,40,4,coke_small,361
frame_5,Rack_1,38,4,coke_small,340
frame_5,Rack_1,5,4,coke_small,320
frame_5,Rack_1,21,17,sprite_small,299
frame_5,Rack_1,14,17,sprite_small,279
frame_5,Rack_1,25,17,sprite_small,259
frame_5,Rack_1,15,17,sprite_small,240
frame_5,Rack_1,28,9,empty,163
frame_5,Rack_1,57,0,7up_med,60
frame_5,Rack_1,58,0,7up_med,35
frame_50,Rack_1,50,1,a&w_small,590
frame_50,Rack_1,35,1,a&w_small,565
frame_50,Rack_1,32,1,a&w_small,544
frame_50,Rack_1,48,1,a&w_small,521
frame_50,Rack_1,37,1,a&w_small,497
frame_50,Rack_1,27,1,a&w_small,474
frame_50,Rack_1,36,1,a&w_small,451
frame_50,Rack_1,49,4,coke_small,429
frame_50,Rack_1,34,4,coke_small,407
frame_50,Rack_1,12,4,coke_small,386
frame_50,Rack_1,40,4,coke_small,366
frame_50,Rack_1,38,4,coke_small,345
frame_50,Rack_1,5,4,coke_small,324
frame_50,Rack_1,21,17,sprite_small,302
frame_50,Rack_1,14,17,sprite_small,282
frame_50,Rack_1,25,17,sprite_small,263
frame_50,Rack_1,15,17,sprite_small,242
frame_50,Rack_1,28,9,empty,165
frame_51,Rack_1,50,1,a&w_small,591
frame_51,Rack_1,35,1,a&w_small,566
frame_51,Rack_1,32,1,a&w_small,544
frame_51,Rack_1,48,1,a&w_small,521
frame_51,Rack_1,37,1,a&w_small,497
frame_51,Rack_1,27,1,a&w_small,474
frame_51,Rack_1,36,1,a&w_small,451
frame_51,Rack_1,49,4,coke_small,429
frame_51,Rack_1,34,4,coke_small,407
frame_51,Rack_1,12,4,coke_small,386
frame_51,Rack_1,40,4,coke_small,366
frame_51,Rack_1,38,4,coke_small,345
frame_51,Rack_1,5,4,coke_small,324
frame_51,Rack_1,21,17,sprite_small,303
frame_51,Rack_1,14,17,sprite_small,282
frame_51,Rack_1,25,17,sprite_small,263
frame_51,Rack_1,15,17,sprite_small,243
frame_51,Rack_1,28,9,empty,165
frame_52,Rack_1,50,1,a&w_small,591
frame_52,Rack_1,35,1,a&w_small,566
frame_52,Rack_1,32,1,a&w_small,545
frame_52,Rack_1,48,1,a&w_small,522
frame_52,Rack_1,37,1,a&w_small,497
frame_52,Rack_1,27,1,a&w_small,474
frame_52,Rack_1,36,1,a&w_small,451
frame_52,Rack_1,49,4,coke_small,429
frame_52,Rack_1,34,4,coke_small,407
frame_52,Rack_1,12,4,coke_small,386
frame_52,Rack_1,40,4,coke_small,366
frame_52,Rack_1,38,4,coke_small,345
frame_52,Rack_1,5,4,coke_small,325
frame_52,Rack_1,21,17,sprite_small,303
frame_52,Rack_1,14,17,sprite_small,283
frame_52,Rack_1,25,17,sprite_small,263
frame_52,Rack_1,15,17,sprite_small,243
frame_52,Rack_1,28,9,empty,165
frame_53,Rack_1,50,1,a&w_small,591
frame_53,Rack_1,35,1,a&w_small,566
frame_53,Rack_1,32,1,a&w_small,545
frame_53,Rack_1,48,1,a&w_small,522
frame_53,Rack_1,37,1,a&w_small,497
frame_53,Rack_1,27,1,a&w_small,474
frame_53,Rack_1,36,1,a&w_small,451
frame_53,Rack_1,49,4,coke_small,429
frame_53,Rack_1,34,4,coke_small,407
frame_53,Rack_1,12,4,coke_small,386
frame_53,Rack_1,40,4,coke_small,366
frame_53,Rack_1,38,4,coke_small,346
frame_53,Rack_1,5,4,coke_small,325
frame_53,Rack_1,21,17,sprite_small,303
frame_53,Rack_1,14,17,sprite_small,283
frame_53,Rack_1,25,17,sprite_small,264
frame_53,Rack_1,15,17,sprite_small,243
frame_53,Rack_1,28,9,empty,165
frame_54,Rack_1,50,1,a&w_small,592
frame_54,Rack_1,35,1,a&w_small,566
frame_54,Rack_1,32,1,a&w_small,545
frame_54,Rack_1,48,1,a&w_small,522
frame_54,Rack_1,37,1,a&w_small,498
frame_54,Rack_1,27,1,a&w_small,474
frame_54,Rack_1,36,1,a&w_small,451
frame_54,Rack_1,49,4,coke_small,429
frame_54,Rack_1,34,4,coke_small,407
frame_54,Rack_1,12,4,coke_small,386
frame_54,Rack_1,40,4,coke_small,367
frame_54,Rack_1,38,4,coke_small,346
frame_54,Rack_1,5,4,coke_small,325
frame_54,Rack_1,21,17,sprite_small,303
frame_54,Rack_1,14,17,sprite_small,283
frame_54,Rack_1,25,17,sprite_small,264
frame_54,Rack_1,15,17,sprite_small,243
frame_54,Rack_1,28,9,empty,165
frame_55,Rack_1,50,1,a&w_small,592
frame_55,Rack_1,35,1,a&w_small,567
frame_55,Rack_1,32,1,a&w_small,545
frame_55,Rack_1,48,1,a&w_small,522
frame_55,Rack_1,37,1,a&w_small,498
frame_55,Rack_1,27,1,a&w_small,474
frame_55,Rack_1,36,1,a&w_small,451
frame_55,Rack_1,49,4,coke_small,430
frame_55,Rack_1,34,4,coke_small,408
frame_55,Rack_1,12,4,coke_small,386
frame_55,Rack_1,40,4,coke_small,367
frame_55,Rack_1,38,4,coke_small,346
frame_55,Rack_1,5,4,coke_small,325
frame_55,Rack_1,21,17,sprite_small,304
frame_55,Rack_1,14,17,sprite_small,283
frame_55,Rack_1,25,17,sprite_small,264
frame_55,Rack_1,15,17,sprite_small,244
frame_55,Rack_1,28,9,empty,166
frame_56,Rack_1,50,1,a&w_small,592
frame_56,Rack_1,35,1,a&w_small,567
frame_56,Rack_1,32,1,a&w_small,545
frame_56,Rack_1,48,1,a&w_small,522
frame_56,Rack_1,37,1,a&w_small,498
frame_56,Rack_1,27,1,a&w_small,474
frame_56,Rack_1,36,1,a&w_small,452
frame_56,Rack_1,49,4,coke_small,430
frame_56,Rack_1,34,4,coke_small,408
frame_56,Rack_1,12,4,coke_small,387
frame_56,Rack_1,40,4,coke_small,367
frame_56,Rack_1,38,4,coke_small,346
frame_56,Rack_1,5,4,coke_small,325
frame_56,Rack_1,21,17,sprite_small,304
frame_56,Rack_1,14,17,sprite_small,283
frame_56,Rack_1,25,17,sprite_small,264
frame_56,Rack_1,15,17,sprite_small,244
frame_56,Rack_1,28,9,empty,166
frame_57,Rack_1,50,1,a&w_small,592
frame_57,Rack_1,35,1,a&w_small,567
frame_57,Rack_1,32,1,a&w_small,546
frame_57,Rack_1,48,1,a&w_small,522
frame_57,Rack_1,37,1,a&w_small,498
frame_57,Rack_1,27,1,a&w_small,475
frame_57,Rack_1,36,1,a&w_small,452
frame_57,Rack_1,49,4,coke_small,430
frame_57,Rack_1,34,4,coke_small,408
frame_57,Rack_1,12,4,coke_small,387
frame_57,Rack_1,40,4,coke_small,367
frame_57,Rack_1,38,4,coke_small,346
frame_57,Rack_1,5,4,coke_small,326
frame_57,Rack_1,21,17,sprite_small,304
frame_57,Rack_1,14,17,sprite_small,284
frame_57,Rack_1,25,17,sprite_small,264
frame_57,Rack_1,15,17,sprite_small,244
frame_57,Rack_1,28,9,empty,166
frame_58,Rack_1,50,1,a&w_small,592
frame_58,Rack_1,35,1,a&w_small,567
frame_58,Rack_1,32,1,a&w_small,546
frame_58,Rack_1,48,1,a&w_small,522
frame_58,Rack_1,37,1,a&w_small,498
frame_58,Rack_1,27,1,a&w_small,475
frame_58,Rack_1,36,1,a&w_small,452
frame_58,Rack_1,49,4,coke_small,430
frame_58,Rack_1,34,4,coke_small,408
frame_58,Rack_1,12,4,coke_small,387
frame_58,Rack_1,40,4,coke_small,367
frame_58,Rack_1,38,4,coke_small,347
frame_58,Rack_1,5,4,coke_small,326
frame_58,Rack_1,21,17,sprite_small,304
frame_58,Rack_1,14,17,sprite_small,284
frame_58,Rack_1,25,17,sprite_small,265
frame_58,Rack_1,15,17,sprite_small,244
frame_58,Rack_1,28,9,empty,166
frame_59,Rack_1,50,1,a&w_small,592
frame_59,Rack_1,35,1,a&w_small,567
frame_59,Rack_1,32,1,a&w_small,546
frame_59,Rack_1,48,1,a&w_small,522
frame_59,Rack_1,37,1,a&w_small,498
frame_59,Rack_1,27,1,a&w_small,475
frame_59,Rack_1,36,1,a&w_small,452
frame_59,Rack_1,49,4,coke_small,430
frame_59,Rack_1,34,4,coke_small,408
frame_59,Rack_1,12,4,coke_small,387
frame_59,Rack_1,40,4,coke_small,367
frame_59,Rack_1,38,4,coke_small,347
frame_59,Rack_1,5,4,coke_small,326
frame_59,Rack_1,21,17,sprite_small,304
frame_59,Rack_1,14,17,sprite_small,284
frame_59,Rack_1,25,17,sprite_small,265
frame_59,Rack_1,15,17,sprite_small,244
frame_59,Rack_1,28,9,empty,166
frame_6,Rack_1,50,1,a&w_small,585
frame_6,Rack_1,35,1,a&w_small,560
frame_6,Rack_1,32,1,a&w_small,539
frame_6,Rack_1,48,1,a&w_small,515
frame_6,Rack_1,37,1,a&w_small,491
frame_6,Rack_1,27,1,a&w_small,468
frame_6,Rack_1,36,1,a&w_small,446
frame_6,Rack_1,49,4,coke_small,424
frame_6,Rack_1,34,4,coke_small,402
frame_6,Rack_1,12,4,coke_small,381
frame_6,Rack_1,40,4,coke_small,361
frame_6,Rack_1,38,4,coke_small,340
frame_6,Rack_1,5,4,coke_small,320
frame_6,Rack_1,21,17,sprite_small,299
frame_6,Rack_1,14,17,sprite_small,279
frame_6,Rack_1,25,17,sprite_small,259
frame_6,Rack_1,15,17,sprite_small,240
frame_6,Rack_1,28,9,empty,163
frame_6,Rack_1,57,0,7up_med,60
frame_6,Rack_1,58,0,7up_med,35
frame_60,Rack_1,50,1,a&w_small,593
frame_60,Rack_1,35,1,a&w_small,568
frame_60,Rack_1,32,1,a&w_small,546
frame_60,Rack_1,48,1,a&w_small,522
frame_60,Rack_1,37,1,a&w_small,499
frame_60,Rack_1,27,1,a&w_small,476
frame_60,Rack_1,36,1,a&w_small,453
frame_60,Rack_1,49,4,coke_small,430
frame_60,Rack_1,34,4,coke_small,409
frame_60,Rack_1,12,4,coke_small,387
frame_60,Rack_1,40,4,coke_small,368
frame_60,Rack_1,38,4,coke_small,347
frame_60,Rack_1,5,4,coke_small,326
frame_60,Rack_1,21,17,sprite_small,304
frame_60,Rack_1,14,17,sprite_small,284
frame_60,Rack_1,25,17,sprite_small,265
frame_60,Rack_1,15,17,sprite_small,244
frame_60,Rack_1,28,9,empty,167
frame_61,Rack_1,50,1,a&w_small,593
frame_61,Rack_1,35,1,a&w_small,568
frame_61,Rack_1,32,1,a&w_small,546
frame_61,Rack_1,48,1,a&w_small,522
frame_61,Rack_1,37,1,a&w_small,499
frame_61,Rack_1,27,1,a&w_small,476
frame_61,Rack_1,36,1,a&w_small,453
frame_61,Rack_1,49,4,coke_small,431
frame_61,Rack_1,34,4,coke_small,409
frame_61,Rack_1,12,4,coke_small,388
frame_61,Rack_1,40,4,coke_small,368
frame_61,Rack_1,38,4,coke_small,347
frame_61,Rack_1,5,4,coke_small,326
frame_61,Rack_1,21,17,sprite_small,304
frame_61,Rack_1,14,17,sprite_small,284
frame_61,Rack_1,25,17,sprite_small,265
frame_61,Rack_1,15,17,sprite_small,244
frame_61,Rack_1,28,9,empty,166
frame_62,Rack_1,50,1,a&w_small,593
frame_62,Rack_1,35,1,a&w_small,568
frame_62,Rack_1,32,1,a&w_small,546
frame_62,Rack_1,48,1,a&w_small,522
frame_62,Rack_1,37,1,a&w_small,499
frame_62,Rack_1,27,1,a&w_small,476
frame_62,Rack_1,36,1,a&w_small,453
frame_62,Rack_1,49,4,coke_small,431
frame_62,Rack_1,34,4,coke_small,409
frame_62,Rack_1,12,4,coke_small,388
frame_62,Rack_1,40,4,coke_small,368
frame_62,Rack_1,38,4,coke_small,347
frame_62,Rack_1,5,4,coke_small,326
frame_62,Rack_1,21,17,sprite_small,304
frame_62,Rack_1,14,17,sprite_small,284
frame_62,Rack_1,25,17,sprite_small,265
frame_62,Rack_1,15,17,sprite_small,244
frame_62,Rack_1,28,9,empty,167
frame_62,Rack_1,57,0,7up_med,61
frame_63,Rack_1,50,1,a&w_small,594
frame_63,Rack_1,35,1,a&w_small,568
frame_63,Rack_1,32,1,a&w_small,546
frame_63,Rack_1,48,1,a&w_small,523
frame_63,Rack_1,37,1,a&w_small,499
frame_63,Rack_1,27,1,a&w_small,476
frame_63,Rack_1,36,1,a&w_small,453
frame_63,Rack_1,49,4,coke_small,431
frame_63,Rack_1,34,4,coke_small,409
frame_63,Rack_1,12,4,coke_small,388
frame_63,Rack_1,40,4,coke_small,368
frame_63,Rack_1,38,4,coke_small,347
frame_63,Rack_1,5,4,coke_small,326
frame_63,Rack_1,21,17,sprite_small,304
frame_63,Rack_1,14,17,sprite_small,284
frame_63,Rack_1,25,17,sprite_small,265
frame_63,Rack_1,15,17,sprite_small,245
frame_63,Rack_1,28,9,empty,167
frame_64,Rack_1,50,1,a&w_small,594
frame_64,Rack_1,35,1,a&w_small,569
frame_64,Rack_1,32,1,a&w_small,547
frame_64,Rack_1,48,1,a&w_small,523
frame_64,Rack_1,37,1,a&w_small,500
frame_64,Rack_1,27,1,a&w_small,476
frame_64,Rack_1,36,1,a&w_small,453
frame_64,Rack_1,49,4,coke_small,431
frame_64,Rack_1,34,4,coke_small,409
frame_64,Rack_1,12,4,coke_small,388
frame_64,Rack_1,40,4,coke_small,368
frame_64,Rack_1,38,4,coke_small,347
frame_64,Rack_1,5,4,coke_small,326
frame_64,Rack_1,21,17,sprite_small,305
frame_64,Rack_1,14,17,sprite_small,285
frame_64,Rack_1,25,17,sprite_small,265
frame_64,Rack_1,15,17,sprite_small,245
frame_64,Rack_1,28,9,empty,167
frame_65,Rack_1,50,1,a&w_small,594
frame_65,Rack_1,35,1,a&w_small,569
frame_65,Rack_1,32,1,a&w_small,547
frame_65,Rack_1,48,1,a&w_small,523
frame_65,Rack_1,37,1,a&w_small,500
frame_65,Rack_1,27,1,a&w_small,476
frame_65,Rack_1,36,1,a&w_small,454
frame_65,Rack_1,49,4,coke_small,431
frame_65,Rack_1,34,4,coke_small,410
frame_65,Rack_1,12,4,coke_small,389
frame_65,Rack_1,40,4,coke_small,368
frame_65,Rack_1,38,4,coke_small,347
frame_65,Rack_1,5,4,coke_small,326
frame_65,Rack_1,21,17,sprite_small,305
frame_65,Rack_1,14,17,sprite_small,285
frame_65,Rack_1,25,17,sprite_small,265
frame_65,Rack_1,15,17,sprite_small,245
frame_65,Rack_1,28,9,empty,167
frame_66,Rack_1,50,1,a&w_small,594
frame_66,Rack_1,35,1,a&w_small,569
frame_66,Rack_1,32,1,a&w_small,548
frame_66,Rack_1,48,1,a&w_small,524
frame_66,Rack_1,37,1,a&w_small,500
frame_66,Rack_1,27,1,a&w_small,477
frame_66,Rack_1,36,1,a&w_small,454
frame_66,Rack_1,49,4,coke_small,432
frame_66,Rack_1,34,4,coke_small,410
frame_66,Rack_1,12,4,coke_small,389
frame_66,Rack_1,40,4,coke_small,368
frame_66,Rack_1,38,4,coke_small,348
frame_66,Rack_1,5,4,coke_small,327
frame_66,Rack_1,21,17,sprite_small,305
frame_66,Rack_1,14,17,sprite_small,285
frame_66,Rack_1,25,17,sprite_small,266
frame_66,Rack_1,15,17,sprite_small,245
frame_66,Rack_1,28,9,empty,167
frame_67,Rack_1,50,1,a&w_small,595
frame_67,Rack_1,35,1,a&w_small,570
frame_67,Rack_1,32,1,a&w_small,548
frame_67,Rack_1,48,1,a&w_small,524
frame_67,Rack_1,37,1,a&w_small,501
frame_67,Rack_1,27,1,a&w_small,477
frame_67,Rack_1,36,1,a&w_small,454
frame_67,Rack_1,49,4,coke_small,432
frame_67,Rack_1,34,4,coke_small,410
frame_67,Rack_1,12,4,coke_small,389
frame_67,Rack_1,40,4,coke_small,369
frame_67,Rack_1,38,4,coke_small,348
frame_67,Rack_1,5,4,coke_small,327
frame_67,Rack_1,21,17,sprite_small,305
frame_67,Rack_1,14,17,sprite_small,285
frame_67,Rack_1,25,17,sprite_small,266
frame_67,Rack_1,15,17,sprite_small,245
frame_67,Rack_1,28,9,empty,168
frame_68,Rack_1,50,1,a&w_small,595
frame_68,Rack_1,35,1,a&w_small,570
frame_68,Rack_1,32,1,a&w_small,548
frame_68,Rack_1,48,1,a&w_small,524
frame_68,Rack_1,37,1,a&w_small,501
frame_68,Rack_1,27,1,a&w_small,477
frame_68,Rack_1,36,1,a&w_small,455
frame_68,Rack_1,49,4,coke_small,432
frame_68,Rack_1,34,4,coke_small,410
frame_68,Rack_1,12,4,coke_small,389
frame_68,Rack_1,40,4,coke_small,369
frame_68,Rack_1,38,4,coke_small,348
frame_68,Rack_1,5,4,coke_small,327
frame_68,Rack_1,21,17,sprite_small,306
frame_68,Rack_1,14,17,sprite_small,285
frame_68,Rack_1,25,17,sprite_small,266
frame_68,Rack_1,15,17,sprite_small,245
frame_68,Rack_1,28,9,empty,167
frame_69,Rack_1,50,1,a&w_small,595
frame_69,Rack_1,35,1,a&w_small,570
frame_69,Rack_1,32,1,a&w_small,548
frame_69,Rack_1,48,1,a&w_small,524
frame_69,Rack_1,37,1,a&w_small,501
frame_69,Rack_1,27,1,a&w_small,478
frame_69,Rack_1,36,1,a&w_small,455
frame_69,Rack_1,49,4,coke_small,433
frame_69,Rack_1,34,4,coke_small,411
frame_69,Rack_1,12,4,coke_small,389
frame_69,Rack_1,40,4,coke_small,369
frame_69,Rack_1,38,4,coke_small,348
frame_69,Rack_1,5,4,coke_small,328
frame_69,Rack_1,21,17,sprite_small,306
frame_69,Rack_1,14,17,sprite_small,286
frame_69,Rack_1,25,17,sprite_small,266
frame_69,Rack_1,15,17,sprite_small,245
frame_69,Rack_1,28,9,empty,168
frame_7,Rack_1,50,1,a&w_small,585
frame_7,Rack_1,35,1,a&w_small,560
frame_7,Rack_1,32,1,a&w_small,539
frame_7,Rack_1,48,1,a&w_small,515
frame_7,Rack_1,37,1,a&w_small,491
frame_7,Rack_1,27,1,a&w_small,468
frame_7,Rack_1,36,1,a&w_small,446
frame_7,Rack_1,49,4,coke_small,424
frame_7,Rack_1,34,4,coke_small,402
frame_7,Rack_1,12,4,coke_small,381
frame_7,Rack_1,40,4,coke_small,361
frame_7,Rack_1,38,4,coke_small,340
frame_7,Rack_1,5,4,coke_small,320
frame_7,Rack_1,21,17,sprite_small,299
frame_7,Rack_1,14,17,sprite_small,279
frame_7,Rack_1,25,17,sprite_small,260
frame_7,Rack_1,15,17,sprite_small,240
frame_7,Rack_1,28,9,empty,163
frame_7,Rack_1,57,0,7up_med,59
frame_7,Rack_1,58,0,7up_med,35
frame_70,Rack_1,50,1,a&w_small,596
frame_70,Rack_1,35,1,a&w_small,571
frame_70,Rack_1,32,1,a&w_small,548
frame_70,Rack_1,48,1,a&w_small,525
frame_70,Rack_1,37,1,a&w_small,501
frame_70,Rack_1,27,1,a&w_small,478
frame_70,Rack_1,36,1,a&w_small,455
frame_70,Rack_1,49,4,coke_small,433
frame_70,Rack_1,34,4,coke_small,411
frame_70,Rack_1,12,4,coke_small,390
frame_70,Rack_1,40,4,coke_small,369
frame_70,Rack_1,38,4,coke_small,349
frame_70,Rack_1,5,4,coke_small,328
frame_70,Rack_1,21,17,sprite_small,306
frame_70,Rack_1,14,17,sprite_small,286
frame_70,Rack_1,25,17,sprite_small,266
frame_70,Rack_1,15,17,sprite_small,246
frame_70,Rack_1,28,9,empty,168
frame_71,Rack_1,50,1,a&w_small,596
frame_71,Rack_1,35,1,a&w_small,571
frame_71,Rack_1,32,1,a&w_small,549
frame_71,Rack_1,48,1,a&w_small,525
frame_71,Rack_1,37,1,a&w_small,502
frame_71,Rack_1,27,1,a&w_small,478
frame_71,Rack_1,36,1,a&w_small,455
frame_71,Rack_1,49,4,coke_small,433
frame_71,Rack_1,34,4,coke_small,411
frame_71,Rack_1,12,4,coke_small,390
frame_71,Rack_1,40,4,coke_small,370
frame_71,Rack_1,38,4,coke_small,349
frame_71,Rack_1,5,4,coke_small,328
frame_71,Rack_1,21,17,sprite_small,306
frame_71,Rack_1,14,17,sprite_small,286
frame_71,Rack_1,25,17,sprite_small,267
frame_71,Rack_1,15,17,sprite_small,246
frame_71,Rack_1,28,9,empty,169
frame_72,Rack_1,50,1,a&w_small,596
frame_72,Rack_1,35,1,a&w_small,571
frame_72,Rack_1,32,1,a&w_small,549
frame_72,Rack_1,48,1,a&w_small,525
frame_72,Rack_1,37,1,a&w_small,502
frame_72,Rack_1,27,1,a&w_small,479
frame_72,Rack_1,36,1,a&w_small,456
frame_72,Rack_1,49,4,coke_small,434
frame_72,Rack_1,34,4,coke_small,411
frame_72,Rack_1,12,4,coke_small,390
frame_72,Rack_1,40,4,coke_small,370
frame_72,Rack_1,38,4,coke_small,349
frame_72,Rack_1,5,4,coke_small,328
frame_72,Rack_1,21,17,sprite_small,307
frame_72,Rack_1,14,17,sprite_small,286
frame_72,Rack_1,25,17,sprite_small,267
frame_72,Rack_1,15,17,sprite_small,246
frame_72,Rack_1,28,9,empty,169
frame_72,Rack_1,60,0,7up_med,91
frame_72,Rack_1,57,0,7up_med,63
frame_72,Rack_1,58,0,7up_med,39
frame_73,Rack_1,50,1,a&w_small,596
frame_73,Rack_1,35,1,a&w_small,572
frame_73,Rack_1,32,1,a&w_small,550
frame_73,Rack_1,48,1,a&w_small,526
frame_73,Rack_1,37,1,a&w_small,502
frame_73,Rack_1,27,1,a&w_small,479
frame_73,Rack_1,36,1,a&w_small,456
frame_73,Rack_1,49,4,coke_small,434
frame_73,Rack_1,34,4,coke_small,412
frame_73,Rack_1,12,4,coke_small,391
frame_73,Rack_1,40,4,coke_small,370
frame_73,Rack_1,38,4,coke_small,350
frame_73,Rack_1,5,4,coke_small,329
frame_73,Rack_1,21,17,sprite_small,307
frame_73,Rack_1,14,17,sprite_small,287
frame_73,Rack_1,25,17,sprite_small,267
frame_73,Rack_1,15,17,sprite_small,247
frame_73,Rack_1,28,9,empty,169
frame_73,Rack_1,60,0,7up_med,92
frame_73,Rack_1,57,0,7up_med,64
frame_74,Rack_1,50,1,a&w_small,597
frame_74,Rack_1,35,1,a&w_small,572
frame_74,Rack_1,32,1,a&w_small,550
frame_74,Rack_1,48,1,a&w_small,526
frame_74,Rack_1,37,1,a&w_small,502
frame_74,Rack_1,27,1,a&w_small,479
frame_74,Rack_1,36,1,a&w_small,456
frame_74,Rack_1,49,4,coke_small,434
frame_74,Rack_1,34,4,coke_small,412
frame_74,Rack_1,12,4,coke_small,391
frame_74,Rack_1,40,4,coke_small,371
frame_74,Rack_1,38,4,coke_small,350
frame_74,Rack_1,5,4,coke_small,329
frame_74,Rack_1,21,17,sprite_small,307
frame_74,Rack_1,14,17,sprite_small,287
frame_74,Rack_1,25,17,sprite_small,267
frame_74,Rack_1,15,17,sprite_small,247
frame_74,Rack_1,28,9,empty,170
frame_74,Rack_1,57,0,7up_med,64
frame_75,Rack_1,50,1,a&w_small,597
frame_75,Rack_1,35,1,a&w_small,572
frame_75,Rack_1,32,1,a&w_small,550
frame_75,Rack_1,48,1,a&w_small,527
frame_75,Rack_1,37,1,a&w_small,503
frame_75,Rack_1,27,1,a&w_small,480
frame_75,Rack_1,36,1,a&w_small,457
frame_75,Rack_1,49,4,coke_small,434
frame_75,Rack_1,34,4,coke_small,412
frame_75,Rack_1,12,4,coke_small,391
frame_75,Rack_1,40,4,coke_small,371
frame_75,Rack_1,38,4,coke_small,351
frame_75,Rack_1,5,4,coke_small,329
frame_75,Rack_1,21,17,sprite_small,308
frame_75,Rack_1,14,17,sprite_small,287
frame_75,Rack_1,25,17,sprite_small,267
frame_75,Rack_1,15,17,sprite_small,247
frame_75,Rack_1,28,9,empty,170
frame_76,Rack_1,50,1,a&w_small,597
frame_76,Rack_1,35,1,a&w_small,573
frame_76,Rack_1,32,1,a&w_small,551
frame_76,Rack_1,48,1,a&w_small,527
frame_76,Rack_1,37,1,a&w_small,503
frame_76,Rack_1,27,1,a&w_small,480
frame_76,Rack_1,36,1,a&w_small,457
frame_76,Rack_1,49,4,coke_small,435
frame_76,Rack_1,34,4,coke_small,413
frame_76,Rack_1,12,4,coke_small,392
frame_76,Rack_1,40,4,coke_small,372
frame_76,Rack_1,38,4,coke_small,351
frame_76,Rack_1,5,4,coke_small,330
frame_76,Rack_1,21,17,sprite_small,308
frame_76,Rack_1,14,17,sprite_small,288
frame_76,Rack_1,25,17,sprite_small,268
frame_76,Rack_1,15,17,sprite_small,248
frame_76,Rack_1,28,9,empty,170
frame_76,Rack_1,60,0,7up_med,93
frame_76,Rack_1,57,0,7up_med,65
frame_77,Rack_1,50,1,a&w_small,598
frame_77,Rack_1,35,1,a&w_small,574
frame_77,Rack_1,32,1,a&w_small,552
frame_77,Rack_1,48,1,a&w_small,528
frame_77,Rack_1,37,1,a&w_small,504
frame_77,Rack_1,27,1,a&w_small,481
frame_77,Rack_1,36,1,a&w_small,457
frame_77,Rack_1,49,4,coke_small,435
frame_77,Rack_1,34,4,coke_small,413
frame_77,Rack_1,12,4,coke_small,392
frame_77,Rack_1,40,4,coke_small,372
frame_77,Rack_1,38,4,coke_small,351
frame_77,Rack_1,5,4,coke_small,330
frame_77,Rack_1,21,17,sprite_small,308
frame_77,Rack_1,14,17,sprite_small,288
frame_77,Rack_1,25,17,sprite_small,268
frame_77,Rack_1,15,17,sprite_small,248
frame_77,Rack_1,28,9,empty,171
frame_77,Rack_1,60,0,7up_med,93
frame_77,Rack_1,57,0,7up_med,65
frame_78,Rack_1,50,1,a&w_small,599
frame_78,Rack_1,35,1,a&w_small,574
frame_78,Rack_1,32,1,a&w_small,552
frame_78,Rack_1,48,1,a&w_small,528
frame_78,Rack_1,37,1,a&w_small,505
frame_78,Rack_1,27,1,a&w_small,481
frame_78,Rack_1,36,1,a&w_small,458
frame_78,Rack_1,49,4,coke_small,435
frame_78,Rack_1,34,4,coke_small,413
frame_78,Rack_1,12,4,coke_small,393
frame_78,Rack_1,40,4,coke_small,372
frame_78,Rack_1,38,4,coke_small,351
frame_78,Rack_1,5,4,coke_small,330
frame_78,Rack_1,21,17,sprite_small,309
frame_78,Rack_1,14,17,sprite_small,288
frame_78,Rack_1,25,17,sprite_small,268
frame_78,Rack_1,15,17,sprite_small,248
frame_78,Rack_1,28,9,empty,171
frame_79,Rack_1,50,1,a&w_small,599
frame_79,Rack_1,35,1,a&w_small,575
frame_79,Rack_1,32,1,a&w_small,553
frame_79,Rack_1,48,1,a&w_small,529
frame_79,Rack_1,37,1,a&w_small,505
frame_79,Rack_1,27,1,a&w_small,482
frame_79,Rack_1,36,1,a&w_small,458
frame_79,Rack_1,49,4,coke_small,435
frame_79,Rack_1,34,4,coke_small,413
frame_79,Rack_1,12,4,coke_small,393
frame_79,Rack_1,40,4,coke_small,373
frame_79,Rack_1,38,4,coke_small,352
frame_79,Rack_1,5,4,coke_small,330
frame_79,Rack_1,21,17,sprite_small,309
frame_79,Rack_1,14,17,sprite_small,288
frame_79,Rack_1,25,17,sprite_small,268
frame_79,Rack_1,15,17,sprite_small,248
frame_79,Rack_1,28,9,empty,171
frame_8,Rack_1,50,1,a&w_small,585
frame_8,Rack_1,35,1,a&w_small,560
frame_8,Rack_1,32,1,a&w_small,539
frame_8,Rack_1,48,1,a&w_small,515
frame_8,Rack_1,37,1,a&w_small,492
frame_8,Rack_1,27,1,a&w_small,468
frame_8,Rack_1,36,1,a&w_small,446
frame_8,Rack_1,49,4,coke_small,424
frame_8,Rack_1,34,4,coke_small,402
frame_8,Rack_1,12,4,coke_small,381
frame_8,Rack_1,40,4,coke_small,361
frame_8,Rack_1,38,4,coke_small,340
frame_8,Rack_1,5,4,coke_small,320
frame_8,Rack_1,21,17,sprite_small,299
frame_8,Rack_1,14,17,sprite_small,279
frame_8,Rack_1,25,17,sprite_small,260
frame_8,Rack_1,15,17,sprite_small,240
frame_8,Rack_1,28,9,empty,163
frame_8,Rack_1,57,0,7up_med,59
frame_8,Rack_1,58,0,7up_med,35
frame_80,Rack_1,50,1,a&w_small,599
frame_80,Rack_1,35,1,a&w_small,575
frame_80,Rack_1,32,1,a&w_small,553
frame_80,Rack_1,48,1,a&w_small,529
frame_80,Rack_1,37,1,a&w_small,505
frame_80,Rack_1,27,1,a&w_small,482
frame_80,Rack_1,36,1,a&w_small,458
frame_80,Rack_1,49,4,coke_small,435
frame_80,Rack_1,34,4,coke_small,413
frame_80,Rack_1,12,4,coke_small,393
frame_80,Rack_1,40,4,coke_small,373
frame_80,Rack_1,38,4,coke_small,352
frame_80,Rack_1,5,4,coke_small,331
frame_80,Rack_1,21,17,sprite_small,309
frame_80,Rack_1,14,17,sprite_small,289
frame_80,Rack_1,25,17,sprite_small,269
frame_80,Rack_1,15,17,sprite_small,248
frame_80,Rack_1,28,9,empty,171
frame_81,Rack_1,50,1,a&w_small,600
frame_81,Rack_1,35,1,a&w_small,575
frame_81,Rack_1,32,1,a&w_small,554
frame_81,Rack_1,48,1,a&w_small,529
frame_81,Rack_1,37,1,a&w_small,505
frame_81,Rack_1,27,1,a&w_small,482
frame_81,Rack_1,36,1,a&w_small,459
frame_81,Rack_1,49,4,coke_small,436
frame_81,Rack_1,34,4,coke_small,413
frame_81,Rack_1,12,4,coke_small,393
frame_81,Rack_1,40,4,coke_small,373
frame_81,Rack_1,38,4,coke_small,352
frame_81,Rack_1,5,4,coke_small,331
frame_81,Rack_1,21,17,sprite_small,309
frame_81,Rack_1,14,17,sprite_small,289
frame_81,Rack_1,25,17,sprite_small,269
frame_81,Rack_1,15,17,sprite_small,248
frame_81,Rack_1,28,9,empty,171
frame_82,Rack_1,50,1,a&w_small,600
frame_82,Rack_1,35,1,a&w_small,575
frame_82,Rack_1,32,1,a&w_small,554
frame_82,Rack_1,48,1,a&w_small,529
frame_82,Rack_1,37,1,a&w_small,505
frame_82,Rack_1,27,1,a&w_small,482
frame_82,Rack_1,36,1,a&w_small,459
frame_82,Rack_1,49,4,coke_small,436
frame_82,Rack_1,34,4,coke_small,414
frame_82,Rack_1,12,4,coke_small,393
frame_82,Rack_1,40,4,coke_small,373
frame_82,Rack_1,38,4,coke_small,352
frame_82,Rack_1,5,4,coke_small,331
frame_82,Rack_1,21,17,sprite_small,309
frame_82,Rack_1,14,17,sprite_small,289
frame_82,Rack_1,25,17,sprite_small,269
frame_82,Rack_1,15,17,sprite_small,249
frame_82,Rack_1,28,9,empty,171
frame_83,Rack_1,50,1,a&w_small,600
frame_83,Rack_1,35,1,a&w_small,575
frame_83,Rack_1,32,1,a&w_small,554
frame_83,Rack_1,48,1,a&w_small,529
frame_83,Rack_1,37,1,a&w_small,505
frame_83,Rack_1,27,1,a&w_small,482
frame_83,Rack_1,36,1,a&w_small,459
frame_83,Rack_1,49,4,coke_small,436
frame_83,Rack_1,34,4,coke_small,414
frame_83,Rack_1,12,4,coke_small,393
frame_83,Rack_1,40,4,coke_small,373
frame_83,Rack_1,38,4,coke_small,352
frame_83,Rack_1,5,4,coke_small,331
frame_83,Rack_1,21,17,sprite_small,309
frame_83,Rack_1,14,17,sprite_small,289
frame_83,Rack_1,25,17,sprite_small,269
frame_83,Rack_1,15,17,sprite_small,249
frame_83,Rack_1,28,9,empty,172
frame_84,Rack_1,50,1,a&w_small,601
frame_84,Rack_1,35,1,a&w_small,576
frame_84,Rack_1,32,1,a&w_small,554
frame_84,Rack_1,48,1,a&w_small,529
frame_84,Rack_1,37,1,a&w_small,506
frame_84,Rack_1,27,1,a&w_small,482
frame_84,Rack_1,36,1,a&w_small,459
frame_84,Rack_1,49,4,coke_small,437
frame_84,Rack_1,34,4,coke_small,414
frame_84,Rack_1,12,4,coke_small,394
frame_84,Rack_1,40,4,coke_small,373
frame_84,Rack_1,38,4,coke_small,352
frame_84,Rack_1,5,4,coke_small,331
frame_84,Rack_1,21,17,sprite_small,309
frame_84,Rack_1,14,17,sprite_small,289
frame_84,Rack_1,25,17,sprite_small,269
frame_84,Rack_1,15,17,sprite_small,249
frame_84,Rack_1,28,9,empty,172
frame_85,Rack_1,50,1,a&w_small,601
frame_85,Rack_1,35,1,a&w_small,576
frame_85,Rack_1,32,1,a&w_small,554
frame_85,Rack_1,48,1,a&w_small,529
frame_85,Rack_1,37,1,a&w_small,506
frame_85,Rack_1,27,1,a&w_small,482
frame_85,Rack_1,36,1,a&w_small,459
frame_85,Rack_1,49,4,coke_small,437
frame_85,Rack_1,34,4,coke_small,414
frame_85,Rack_1,12,4,coke_small,394
frame_85,Rack_1,40,4,coke_small,373
frame_85,Rack_1,38,4,coke_small,352
frame_85,Rack_1,5,4,coke_small,331
frame_85,Rack_1,21,17,sprite_small,309
frame_85,Rack_1,14,17,sprite_small,289
frame_85,Rack_1,25,17,sprite_small,269
frame_85,Rack_1,15,17,sprite_small,249
frame_85,Rack_1,28,9,empty,172
frame_86,Rack_1,50,1,a&w_small,601
frame_86,Rack_1,35,1,a&w_small,576
frame_86,Rack_1,32,1,a&w_small,554
frame_86,Rack_1,48,1,a&w_small,529
frame_86,Rack_1,37,1,a&w_small,506
frame_86,Rack_1,27,1,a&w_small,482
frame_86,Rack_1,36,1,a&w_small,459
frame_86,Rack_1,49,4,coke_small,437
frame_86,Rack_1,34,4,coke_small,415
frame_86,Rack_1,12,4,coke_small,394
frame_86,Rack_1,40,4,coke_small,373
frame_86,Rack_1,38,4,coke_small,352
frame_86,Rack_1,5,4,coke_small,331
frame_86,Rack_1,21,17,sprite_small,309
frame_86,Rack_1,14,17,sprite_small,289
frame_86,Rack_1,25,17,sprite_small,269
frame_86,Rack_1,15,17,sprite_small,249
frame_86,Rack_1,28,9,empty,172
frame_86,Rack_1,57,0,7up_med,66
frame_86,Rack_1,58,0,7up_med,41
frame_87,Rack_1,50,1,a&w_small,602
frame_87,Rack_1,35,1,a&w_small,576
frame_87,Rack_1,32,1,a&w_small,554
frame_87,Rack_1,48,1,a&w_small,530
frame_87,Rack_1,37,1,a&w_small,506
frame_87,Rack_1,27,1,a&w_small,483
frame_87,Rack_1,36,1,a&w_small,459
frame_87,Rack_1,49,4,coke_small,437
frame_87,Rack_1,34,4,coke_small,415
frame_87,Rack_1,12,4,coke_small,394
frame_87,Rack_1,40,4,coke_small,373
frame_87,Rack_1,38,4,coke_small,353
frame_87,Rack_1,5,4,coke_small,331
frame_87,Rack_1,21,17,sprite_small,309
frame_87,Rack_1,14,17,sprite_small,289
frame_87,Rack_1,25,17,sprite_small,270
frame_87,Rack_1,15,17,sprite_small,249
frame_87,Rack_1,28,9,empty,172
frame_87,Rack_1,57,0,7up_med,66
frame_88,Rack_1,50,1,a&w_small,602
frame_88,Rack_1,35,1,a&w_small,576
frame_88,Rack_1,32,1,a&w_small,554
frame_88,Rack_1,48,1,a&w_small,530
frame_88,Rack_1,37,1,a&w_small,506
frame_88,Rack_1,27,1,a&w_small,482
frame_88,Rack_1,36,1,a&w_small,460
frame_88,Rack_1,49,4,coke_small,437
frame_88,Rack_1,34,4,coke_small,415
frame_88,Rack_1,12,4,coke_small,394
frame_88,Rack_1,40,4,coke_small,373
frame_88,Rack_1,38,4,coke_small,352
frame_88,Rack_1,5,4,coke_small,331
frame_88,Rack_1,21,17,sprite_small,310
frame_88,Rack_1,14,17,sprite_small,289
frame_88,Rack_1,25,17,sprite_small,270
frame_88,Rack_1,15,17,sprite_small,250
frame_88,Rack_1,28,9,empty,172
frame_88,Rack_1,57,0,7up_med,66
frame_88,Rack_1,58,0,7up_med,41
frame_89,Rack_1,50,1,a&w_small,603
frame_89,Rack_1,35,1,a&w_small,576
frame_89,Rack_1,32,1,a&w_small,554
frame_89,Rack_1,48,1,a&w_small,530
frame_89,Rack_1,37,1,a&w_small,506
frame_89,Rack_1,27,1,a&w_small,483
frame_89,Rack_1,36,1,a&w_small,460
frame_89,Rack_1,49,4,coke_small,438
frame_89,Rack_1,34,4,coke_small,415
frame_89,Rack_1,12,4,coke_small,394
frame_89,Rack_1,40,4,coke_small,374
frame_89,Rack_1,38,4,coke_small,352
frame_89,Rack_1,5,4,coke_small,331
frame_89,Rack_1,21,17,sprite_small,310
frame_89,Rack_1,14,17,sprite_small,289
frame_89,Rack_1,25,17,sprite_small,270
frame_89,Rack_1,15,17,sprite_small,250
frame_89,Rack_1,28,9,empty,173
frame_89,Rack_1,57,0,7up_med,66
frame_89,Rack_1,58,0,7up_med,41
frame_9,Rack_1,50,1,a&w_small,585
frame_9,Rack_1,35,1,a&w_small,560
frame_9,Rack_1,32,1,a&w_small,539
frame_9,Rack_1,48,1,a&w_small,515
frame_9,Rack_1,37,1,a&w_small,491
frame_9,Rack_1,27,1,a&w_small,468
frame_9,Rack_1,36,1,a&w_small,446
frame_9,Rack_1,49,4,coke_small,424
frame_9,Rack_1,34,4,coke_small,402
frame_9,Rack_1,12,4,coke_small,381
frame_9,Rack_1,40,4,coke_small,361
frame_9,Rack_1,38,4,coke_small,340
frame_9,Rack_1,5,4,coke_small,320
frame_9,Rack_1,21,17,sprite_small,299
frame_9,Rack_1,14,17,sprite_small,279
frame_9,Rack_1,25,17,sprite_small,260
frame_9,Rack_1,15,17,sprite_small,240
frame_9,Rack_1,28,9,empty,163
frame_9,Rack_1,57,0,7up_med,59
frame_9,Rack_1,58,0,7up_med,35
frame_90,Rack_1,50,1,a&w_small,603
frame_90,Rack_1,35,1,a&w_small,577
frame_90,Rack_1,32,1,a&w_small,554
frame_90,Rack_1,48,1,a&w_small,530
frame_90,Rack_1,37,1,a&w_small,506
frame_90,Rack_1,27,1,a&w_small,483
frame_90,Rack_1,36,1,a&w_small,460
frame_90,Rack_1,49,4,coke_small,438
frame_90,Rack_1,34,4,coke_small,415
frame_90,Rack_1,12,4,coke_small,394
frame_90,Rack_1,40,4,coke_small,374
frame_90,Rack_1,38,4,coke_small,353
frame_90,Rack_1,5,4,coke_small,332
frame_90,Rack_1,21,17,sprite_small,310
frame_90,Rack_1,14,17,sprite_small,289
frame_90,Rack_1,25,17,sprite_small,270
frame_90,Rack_1,15,17,sprite_small,250
frame_90,Rack_1,28,9,empty,173
frame_90,Rack_1,57,0,7up_med,66
frame_90,Rack_1,58,0,7up_med,41
frame_91,Rack_1,50,1,a&w_small,603
frame_91,Rack_1,35,1,a&w_small,577
frame_91,Rack_1,32,1,a&w_small,555
frame_91,Rack_1,48,1,a&w_small,531
frame_91,Rack_1,37,1,a&w_small,506
frame_91,Rack_1,27,1,a&w_small,483
frame_91,Rack_1,36,1,a&w_small,460
frame_91,Rack_1,49,4,coke_small,438
frame_91,Rack_1,34,4,coke_small,415
frame_91,Rack_1,12,4,coke_small,394
frame_91,Rack_1,40,4,coke_small,374
frame_91,Rack_1,38,4,coke_small,353
frame_91,Rack_1,5,4,coke_small,332
frame_91,Rack_1,21,17,sprite_small,310
frame_91,Rack_1,14,17,sprite_small,290
frame_91,Rack_1,25,17,sprite_small,270
frame_91,Rack_1,15,17,sprite_small,250
frame_91,Rack_1,28,9,empty,173
frame_92,Rack_1,50,1,a&w_small,603
frame_92,Rack_1,35,1,a&w_small,577
frame_92,Rack_1,32,1,a&w_small,555
frame_92,Rack_1,48,1,a&w_small,531
frame_92,Rack_1,37,1,a&w_small,507
frame_92,Rack_1,27,1,a&w_small,483
frame_92,Rack_1,36,1,a&w_small,460
frame_92,Rack_1,49,4,coke_small,438
frame_92,Rack_1,34,4,coke_small,416
frame_92,Rack_1,12,4,coke_small,394
frame_92,Rack_1,40,4,coke_small,374
frame_92,Rack_1,38,4,coke_small,353
frame_92,Rack_1,5,4,coke_small,332
frame_92,Rack_1,21,17,sprite_small,310
frame_92,Rack_1,14,17,sprite_small,290
frame_92,Rack_1,25,17,sprite_small,270
frame_92,Rack_1,15,17,sprite_small,250
frame_92,Rack_1,28,9,empty,173
frame_93,Rack_1,50,1,a&w_small,603
frame_93,Rack_1,35,1,a&w_small,577
frame_93,Rack_1,32,1,a&w_small,555
frame_93,Rack_1,48,1,a&w_small,531
frame_93,Rack_1,37,1,a&w_small,507
frame_93,Rack_1,27,1,a&w_small,484
frame_93,Rack_1,36,1,a&w_small,461
frame_93,Rack_1,49,4,coke_small,438
frame_93,Rack_1,34,4,coke_small,416
frame_93,Rack_1,12,4,coke_small,394
frame_93,Rack_1,40,4,coke_small,374
frame_93,Rack_1,38,4,coke_small,353
frame_93,Rack_1,5,4,coke_small,332
frame_93,Rack_1,21,17,sprite_small,310
frame_93,Rack_1,14,17,sprite_small,290
frame_93,Rack_1,25,17,sprite_small,271
frame_93,Rack_1,15,17,sprite_small,250
frame_93,Rack_1,28,9,empty,173
frame_93,Rack_1,57,0,7up_med,66
frame_94,Rack_1,50,1,a&w_small,603
frame_94,Rack_1,35,1,a&w_small,577
frame_94,Rack_1,32,1,a&w_small,555
frame_94,Rack_1,48,1,a&w_small,531
frame_94,Rack_1,37,1,a&w_small,507
frame_94,Rack_1,27,1,a&w_small,484
frame_94,Rack_1,36,1,a&w_small,461
frame_94,Rack_1,49,4,coke_small,438
frame_94,Rack_1,34,4,coke_small,416
frame_94,Rack_1,12,4,coke_small,395
frame_94,Rack_1,40,4,coke_small,374
frame_94,Rack_1,38,4,coke_small,353
frame_94,Rack_1,5,4,coke_small,332
frame_94,Rack_1,21,17,sprite_small,311
frame_94,Rack_1,14,17,sprite_small,290
frame_94,Rack_1,25,17,sprite_small,271
frame_94,Rack_1,15,17,sprite_small,250
frame_94,Rack_1,28,9,empty,173
frame_94,Rack_1,57,0,7up_med,66
frame_95,Rack_1,50,1,a&w_small,603
frame_95,Rack_1,35,1,a&w_small,577
frame_95,Rack_1,32,1,a&w_small,555
frame_95,Rack_1,48,1,a&w_small,532
frame_95,Rack_1,37,1,a&w_small,507
frame_95,Rack_1,27,1,a&w_small,484
frame_95,Rack_1,36,1,a&w_small,461
frame_95,Rack_1,49,4,coke_small,438
frame_95,Rack_1,34,4,coke_small,416
frame_95,Rack_1,12,4,coke_small,395
frame_95,Rack_1,40,4,coke_small,374
frame_95,Rack_1,38,4,coke_small,353
frame_95,Rack_1,5,4,coke_small,332
frame_95,Rack_1,21,17,sprite_small,311
frame_95,Rack_1,14,17,sprite_small,290
frame_95,Rack_1,25,17,sprite_small,271
frame_95,Rack_1,15,17,sprite_small,250
frame_95,Rack_1,28,9,empty,173
frame_95,Rack_1,57,0,7up_med,66
frame_95,Rack_1,58,0,7up_med,41
frame_96,Rack_1,50,1,a&w_small,603
frame_96,Rack_1,35,1,a&w_small,578
frame_96,Rack_1,32,1,a&w_small,556
frame_96,Rack_1,48,1,a&w_small,532
frame_96,Rack_1,37,1,a&w_small,507
frame_96,Rack_1,27,1,a&w_small,484
frame_96,Rack_1,36,1,a&w_small,461
frame_96,Rack_1,49,4,coke_small,438
frame_96,Rack_1,34,4,coke_small,416
frame_96,Rack_1,12,4,coke_small,395
frame_96,Rack_1,40,4,coke_small,374
frame_96,Rack_1,38,4,coke_small,353
frame_96,Rack_1,5,4,coke_small,332
frame_96,Rack_1,21,17,sprite_small,311
frame_96,Rack_1,14,17,sprite_small,290
frame_96,Rack_1,25,17,sprite_small,271
frame_96,Rack_1,15,17,sprite_small,250
frame_96,Rack_1,28,9,empty,173
frame_96,Rack_1,57,0,7up_med,67
frame_96,Rack_1,58,0,7up_med,42
frame_97,Rack_1,50,1,a&w_small,604
frame_97,Rack_1,35,1,a&w_small,578
frame_97,Rack_1,32,1,a&w_small,556
frame_97,Rack_1,48,1,a&w_small,532
frame_97,Rack_1,37,1,a&w_small,508
frame_97,Rack_1,27,1,a&w_small,484
frame_97,Rack_1,36,1,a&w_small,461
frame_97,Rack_1,49,4,coke_small,439
frame_97,Rack_1,34,4,coke_small,416
frame_97,Rack_1,12,4,coke_small,395
frame_97,Rack_1,40,4,coke_small,375
frame_97,Rack_1,38,4,coke_small,353
frame_97,Rack_1,5,4,coke_small,332
frame_97,Rack_1,21,17,sprite_small,311
frame_97,Rack_1,14,17,sprite_small,290
frame_97,Rack_1,25,17,sprite_small,271
frame_97,Rack_1,15,17,sprite_small,250
frame_97,Rack_1,28,9,empty,173
frame_98,Rack_1,50,1,a&w_small,604
frame_98,Rack_1,35,1,a&w_small,578
frame_98,Rack_1,32,1,a&w_small,556
frame_98,Rack_1,48,1,a&w_small,533
frame_98,Rack_1,37,1,a&w_small,508
frame_98,Rack_1,27,1,a&w_small,484
frame_98,Rack_1,36,1,a&w_small,462
frame_98,Rack_1,49,4,coke_small,439
frame_98,Rack_1,34,4,coke_small,416
frame_98,Rack_1,12,4,coke_small,395
frame_98,Rack_1,40,4,coke_small,375
frame_98,Rack_1,38,4,coke_small,354
frame_98,Rack_1,5,4,coke_small,332
frame_98,Rack_1,21,17,sprite_small,311
frame_98,Rack_1,14,17,sprite_small,291
frame_98,Rack_1,25,17,sprite_small,271
frame_98,Rack_1,15,17,sprite_small,250
frame_98,Rack_1,28,9,empty,173
frame_98,Rack_1,57,0,7up_med,66
frame_98,Rack_1,58,0,7up_med,42
frame_99,Rack_1,50,1,a&w_small,605
frame_99,Rack_1,35,1,a&w_small,579
frame_99,Rack_1,32,1,a&w_small,556
frame_99,Rack_1,48,1,a&w_small,533
frame_99,Rack_1,37,1,a&w_small,508
frame_99,Rack_1,27,1,a&w_small,485
frame_99,Rack_1,36,1,a&w_small,462
frame_99,Rack_1,49,4,coke_small,439
frame_99,Rack_1,34,4,coke_small,417
frame_99,Rack_1,12,4,coke_small,395
frame_99,Rack_1,40,4,coke_small,375
frame_99,Rack_1,38,4,coke_small,354
frame_99,Rack_1,5,4,coke_small,332
frame_99,Rack_1,21,17,sprite_small,311
frame_99,Rack_1,14,17,sprite_small,291
frame_99,Rack_1,25,17,sprite_small,271
frame_99,Rack_1,15,17,sprite_small,250
frame_99,Rack_1,28,9,empty,173
frame_99,Rack_1,57,0,7up_med,66
frame_99,Rack_1,58,0,7up_med,42
frame_0,Rack_2,45,3,coke_med,580
frame_0,Rack_2,20,3,coke_med,548
frame_0,Rack_2,22,3,coke_med,519
frame_0,Rack_2,24,3,coke_med,494
frame_0,Rack_2,3,3,coke_med,468
frame_0,Rack_2,47,6,coke_v_med,441
frame_0,Rack_2,41,6,coke_v_med,415
frame_0,Rack_2,29,6,coke_v_med,388
frame_0,Rack_2,26,2,anw_med,363
frame_0,Rack_2,17,2,anw_med,338
frame_0,Rack_2,43,2,anw_med,314
frame_0,Rack_2,42,2,anw_med,289
frame_0,Rack_2,46,2,anw_med,265
frame_0,Rack_2,7,2,anw_med,239
frame_0,Rack_2,30,15,pepsi_med,216
frame_0,Rack_2,8,15,pepsi_med,196
frame_0,Rack_2,2,15,pepsi_med,172
frame_0,Rack_2,16,15,pepsi_med,150
frame_0,Rack_2,31,15,pepsi_med,127
frame_0,Rack_2,44,15,pepsi_med,103
frame_0,Rack_2,55,13,kick_med,81
frame_0,Rack_2,53,13,kick_med,59
frame_0,Rack_2,52,13,kick_med,36
frame_0,Rack_2,56,13,kick_med,13
frame_1,Rack_2,45,3,coke_med,579
frame_1,Rack_2,20,3,coke_med,548
frame_1,Rack_2,22,3,coke_med,519
frame_1,Rack_2,24,3,coke_med,494
frame_1,Rack_2,3,3,coke_med,468
frame_1,Rack_2,47,6,coke_v_med,441
frame_1,Rack_2,41,6,coke_v_med,415
frame_1,Rack_2,29,6,coke_v_med,388
frame_1,Rack_2,26,2,anw_med,363
frame_1,Rack_2,17,2,anw_med,338
frame_1,Rack_2,43,2,anw_med,314
frame_1,Rack_2,42,2,anw_med,289
frame_1,Rack_2,46,2,anw_med,265
frame_1,Rack_2,7,2,anw_med,239
frame_1,Rack_2,30,15,pepsi_med,216
frame_1,Rack_2,8,15,pepsi_med,196
frame_1,Rack_2,2,15,pepsi_med,172
frame_1,Rack_2,16,15,pepsi_med,150
frame_1,Rack_2,31,15,pepsi_med,127
frame_1,Rack_2,44,15,pepsi_med,103
frame_1,Rack_2,55,13,kick_med,81
frame_1,Rack_2,53,13,kick_med,59
frame_1,Rack_2,52,13,kick_med,36
frame_1,Rack_2,56,13,kick_med,13
frame_10,Rack_2,45,3,coke_med,580
frame_10,Rack_2,20,3,coke_med,548
frame_10,Rack_2,22,3,coke_med,520
frame_10,Rack_2,24,3,coke_med,495
frame_10,Rack_2,3,3,coke_med,468
frame_10,Rack_2,47,6,coke_v_med,442
frame_10,Rack_2,41,6,coke_v_med,415
frame_10,Rack_2,29,6,coke_v_med,389
frame_10,Rack_2,26,2,anw_med,363
frame_10,Rack_2,17,2,anw_med,339
frame_10,Rack_2,43,2,anw_med,314
frame_10,Rack_2,42,2,anw_med,290
frame_10,Rack_2,46,2,anw_med,266
frame_10,Rack_2,7,2,anw_med,240
frame_10,Rack_2,30,15,pepsi_med,217
frame_10,Rack_2,8,15,pepsi_med,196
frame_10,Rack_2,2,15,pepsi_med,172
frame_10,Rack_2,16,15,pepsi_med,150
frame_10,Rack_2,31,15,pepsi_med,127
frame_10,Rack_2,44,15,pepsi_med,103
frame_10,Rack_2,55,13,kick_med,81
frame_10,Rack_2,53,13,kick_med,59
frame_10,Rack_2,52,13,kick_med,36
frame_10,Rack_2,56,13,kick_med,13
frame_100,Rack_2,45,3,coke_med,597
frame_100,Rack_2,20,3,coke_med,565
frame_100,Rack_2,22,3,coke_med,536
frame_100,Rack_2,24,3,coke_med,511
frame_100,Rack_2,3,3,coke_med,484
frame_100,Rack_2,61,6,coke_v_med,457
frame_100,Rack_2,41,6,coke_v_med,430
frame_100,Rack_2,29,6,coke_v_med,403
frame_100,Rack_2,26,2,anw_med,376
frame_100,Rack_2,17,2,anw_med,351
frame_100,Rack_2,43,2,anw_med,327
frame_100,Rack_2,42,2,anw_med,302
frame_100,Rack_2,46,2,anw_med,277
frame_100,Rack_2,7,2,anw_med,252
frame_100,Rack_2,30,15,pepsi_med,229
frame_100,Rack_2,8,15,pepsi_med,206
frame_100,Rack_2,2,15,pepsi_med,182
frame_100,Rack_2,16,15,pepsi_med,160
frame_100,Rack_2,31,15,pepsi_med,137
frame_100,Rack_2,44,15,pepsi_med,113
frame_100,Rack_2,55,13,kick_med,90
frame_100,Rack_2,53,13,kick_med,68
frame_100,Rack_2,52,13,kick_med,45
frame_100,Rack_2,56,13,kick_med,19
frame_101,Rack_2,45,3,coke_med,598
frame_101,Rack_2,20,3,coke_med,565
frame_101,Rack_2,22,3,coke_med,536
frame_101,Rack_2,24,3,coke_med,511
frame_101,Rack_2,3,3,coke_med,484
frame_101,Rack_2,61,6,coke_v_med,457
frame_101,Rack_2,41,6,coke_v_med,430
frame_101,Rack_2,29,6,coke_v_med,403
frame_101,Rack_2,26,2,anw_med,376
frame_101,Rack_2,17,2,anw_med,352
frame_101,Rack_2,43,2,anw_med,327
frame_101,Rack_2,42,2,anw_med,302
frame_101,Rack_2,46,2,anw_med,278
frame_101,Rack_2,7,2,anw_med,252
frame_101,Rack_2,30,15,pepsi_med,229
frame_101,Rack_2,8,15,pepsi_med,207
frame_101,Rack_2,2,15,pepsi_med,182
frame_101,Rack_2,16,15,pepsi_med,160
frame_101,Rack_2,31,15,pepsi_med,137
frame_101,Rack_2,44,15,pepsi_med,113
frame_101,Rack_2,55,13,kick_med,90
frame_101,Rack_2,53,13,kick_med,68
frame_101,Rack_2,52,13,kick_med,45
frame_101,Rack_2,56,13,kick_med,20
frame_102,Rack_2,45,3,coke_med,598
frame_102,Rack_2,20,3,coke_med,566
frame_102,Rack_2,22,3,coke_med,537
frame_102,Rack_2,24,3,coke_med,511
frame_102,Rack_2,3,3,coke_med,484
frame_102,Rack_2,61,6,coke_v_med,458
frame_102,Rack_2,41,6,coke_v_med,430
frame_102,Rack_2,29,6,coke_v_med,403
frame_102,Rack_2,26,2,anw_med,377
frame_102,Rack_2,17,2,anw_med,352
frame_102,Rack_2,43,2,anw_med,327
frame_102,Rack_2,42,2,anw_med,303
frame_102,Rack_2,46,2,anw_med,278
frame_102,Rack_2,7,2,anw_med,252
frame_102,Rack_2,30,15,pepsi_med,229
frame_102,Rack_2,8,15,pepsi_med,207
frame_102,Rack_2,2,15,pepsi_med,182
frame_102,Rack_2,16,15,pepsi_med,160
frame_102,Rack_2,31,15,pepsi_med,137
frame_102,Rack_2,44,15,pepsi_med,113
frame_102,Rack_2,55,13,kick_med,90
frame_102,Rack_2,53,13,kick_med,68
frame_102,Rack_2,52,13,kick_med,45
frame_102,Rack_2,56,13,kick_med,20
frame_102,Rack_2,63,13,kick_med,3
frame_103,Rack_2,45,3,coke_med,598
frame_103,Rack_2,20,3,coke_med,566
frame_103,Rack_2,22,3,coke_med,537
frame_103,Rack_2,24,3,coke_med,512
frame_103,Rack_2,3,3,coke_med,484
frame_103,Rack_2,61,6,coke_v_med,458
frame_103,Rack_2,41,6,coke_v_med,431
frame_103,Rack_2,29,6,coke_v_med,404
frame_103,Rack_2,26,2,anw_med,377
frame_103,Rack_2,17,2,anw_med,352
frame_103,Rack_2,43,2,anw_med,328
frame_103,Rack_2,42,2,anw_med,303
frame_103,Rack_2,46,2,anw_med,278
frame_103,Rack_2,7,2,anw_med,252
frame_103,Rack_2,30,15,pepsi_med,229
frame_103,Rack_2,8,15,pepsi_med,207
frame_103,Rack_2,2,15,pepsi_med,183
frame_103,Rack_2,16,15,pepsi_med,161
frame_103,Rack_2,31,15,pepsi_med,137
frame_103,Rack_2,44,15,pepsi_med,113
frame_103,Rack_2,55,13,kick_med,90
frame_103,Rack_2,53,13,kick_med,69
frame_103,Rack_2,52,13,kick_med,46
frame_103,Rack_2,56,13,kick_med,20
frame_103,Rack_2,63,13,kick_med,3
frame_104,Rack_2,45,3,coke_med,599
frame_104,Rack_2,20,3,coke_med,566
frame_104,Rack_2,22,3,coke_med,537
frame_104,Rack_2,24,3,coke_med,512
frame_104,Rack_2,3,3,coke_med,485
frame_104,Rack_2,61,6,coke_v_med,458
frame_104,Rack_2,41,6,coke_v_med,431
frame_104,Rack_2,29,6,coke_v_med,404
frame_104,Rack_2,26,2,anw_med,378
frame_104,Rack_2,17,2,anw_med,353
frame_104,Rack_2,43,2,anw_med,328
frame_104,Rack_2,42,2,anw_med,303
frame_104,Rack_2,46,2,anw_med,278
frame_104,Rack_2,7,2,anw_med,253
frame_104,Rack_2,30,15,pepsi_med,229
frame_104,Rack_2,8,15,pepsi_med,207
frame_104,Rack_2,2,15,pepsi_med,183
frame_104,Rack_2,16,15,pepsi_med,161
frame_104,Rack_2,31,15,pepsi_med,138
frame_104,Rack_2,44,15,pepsi_med,113
frame_104,Rack_2,55,13,kick_med,91
frame_104,Rack_2,53,13,kick_med,69
frame_104,Rack_2,52,13,kick_med,46
frame_104,Rack_2,56,13,kick_med,21
frame_104,Rack_2,63,13,kick_med,4
frame_105,Rack_2,45,3,coke_med,600
frame_105,Rack_2,20,3,coke_med,567
frame_105,Rack_2,22,3,coke_med,538
frame_105,Rack_2,24,3,coke_med,512
frame_105,Rack_2,3,3,coke_med,485
frame_105,Rack_2,61,6,coke_v_med,459
frame_105,Rack_2,47,3,coke_med,458
frame_105,Rack_2,41,6,coke_v_med,431
frame_105,Rack_2,29,6,coke_v_med,404
frame_105,Rack_2,26,2,anw_med,378
frame_105,Rack_2,17,2,anw_med,353
frame_105,Rack_2,43,2,anw_med,328
frame_105,Rack_2,42,2,anw_med,304
frame_105,Rack_2,46,2,anw_med,279
frame_105,Rack_2,7,2,anw_med,253
frame_105,Rack_2,30,15,pepsi_med,229
frame_105,Rack_2,8,15,pepsi_med,207
frame_105,Rack_2,2,15,pepsi_med,183
frame_105,Rack_2,16,15,pepsi_med,161
frame_105,Rack_2,31,15,pepsi_med,138
frame_105,Rack_2,44,15,pepsi_med,113
frame_105,Rack_2,55,13,kick_med,91
frame_105,Rack_2,53,13,kick_med,69
frame_105,Rack_2,52,13,kick_med,46
frame_105,Rack_2,56,13,kick_med,22
frame_105,Rack_2,63,13,kick_med,4
frame_106,Rack_2,45,3,coke_med,601
frame_106,Rack_2,20,3,coke_med,567
frame_106,Rack_2,22,3,coke_med,538
frame_106,Rack_2,24,3,coke_med,513
frame_106,Rack_2,3,3,coke_med,485
frame_106,Rack_2,47,3,coke_med,459
frame_106,Rack_2,61,6,coke_v_med,459
frame_106,Rack_2,41,6,coke_v_med,432
frame_106,Rack_2,29,6,coke_v_med,405
frame_106,Rack_2,26,2,anw_med,378
frame_106,Rack_2,17,2,anw_med,354
frame_106,Rack_2,43,2,anw_med,328
frame_106,Rack_2,42,2,anw_med,304
frame_106,Rack_2,46,2,anw_med,279
frame_106,Rack_2,7,2,anw_med,253
frame_106,Rack_2,30,15,pepsi_med,230
frame_106,Rack_2,8,15,pepsi_med,208
frame_106,Rack_2,2,15,pepsi_med,183
frame_106,Rack_2,16,15,pepsi_med,161
frame_106,Rack_2,31,15,pepsi_med,138
frame_106,Rack_2,44,15,pepsi_med,114
frame_106,Rack_2,55,13,kick_med,91
frame_106,Rack_2,53,13,kick_med,69
frame_106,Rack_2,52,13,kick_med,47
frame_106,Rack_2,56,13,kick_med,21
frame_106,Rack_2,63,13,kick_med,3
frame_107,Rack_2,45,3,coke_med,601
frame_107,Rack_2,20,3,coke_med,567
frame_107,Rack_2,22,3,coke_med,539
frame_107,Rack_2,24,3,coke_med,513
frame_107,Rack_2,3,3,coke_med,486
frame_107,Rack_2,47,3,coke_med,459
frame_107,Rack_2,61,6,coke_v_med,459
frame_107,Rack_2,41,6,coke_v_med,432
frame_107,Rack_2,29,6,coke_v_med,405
frame_107,Rack_2,26,2,anw_med,379
frame_107,Rack_2,17,2,anw_med,354
frame_107,Rack_2,43,2,anw_med,329
frame_107,Rack_2,42,2,anw_med,304
frame_107,Rack_2,46,2,anw_med,280
frame_107,Rack_2,7,2,anw_med,253
frame_107,Rack_2,30,15,pepsi_med,230
frame_107,Rack_2,8,15,pepsi_med,208
frame_107,Rack_2,2,15,pepsi_med,184
frame_107,Rack_2,16,15,pepsi_med,161
frame_107,Rack_2,31,15,pepsi_med,139
frame_107,Rack_2,44,15,pepsi_med,114
frame_107,Rack_2,55,13,kick_med,92
frame_107,Rack_2,53,13,kick_med,70
frame_107,Rack_2,52,13,kick_med,47
frame_107,Rack_2,56,13,kick_med,21
frame_107,Rack_2,63,13,kick_med,3
frame_108,Rack_2,45,3,coke_med,602
frame_108,Rack_2,20,3,coke_med,568
frame_108,Rack_2,22,3,coke_med,539
frame_108,Rack_2,24,3,coke_med,514
frame_108,Rack_2,3,3,coke_med,486
frame_108,Rack_2,47,3,coke_med,459
frame_108,Rack_2,61,6,coke_v_med,459
frame_108,Rack_2,41,6,coke_v_med,433
frame_108,Rack_2,29,6,coke_v_med,405
frame_108,Rack_2,26,2,anw_med,379
frame_108,Rack_2,17,2,anw_med,354
frame_108,Rack_2,43,2,anw_med,329
frame_108,Rack_2,42,2,anw_med,304
frame_108,Rack_2,46,2,anw_med,280
frame_108,Rack_2,7,2,anw_med,254
frame_108,Rack_2,30,15,pepsi_med,230
frame_108,Rack_2,8,15,pepsi_med,208
frame_108,Rack_2,2,15,pepsi_med,184
frame_108,Rack_2,16,15,pepsi_med,162
frame_108,Rack_2,31,15,pepsi_med,139
frame_108,Rack_2,44,15,pepsi_med,115
frame_108,Rack_2,55,13,kick_med,92
frame_108,Rack_2,53,13,kick_med,70
frame_108,Rack_2,52,13,kick_med,47
frame_108,Rack_2,56,13,kick_med,22
frame_108,Rack_2,63,13,kick_med,3
frame_109,Rack_2,45,3,coke_med,602
frame_109,Rack_2,20,3,coke_med,568
frame_109,Rack_2,22,3,coke_med,540
frame_109,Rack_2,24,3,coke_med,514
frame_109,Rack_2,3,3,coke_med,487
frame_109,Rack_2,47,3,coke_med,460
frame_109,Rack_2,61,6,coke_v_med,460
frame_109,Rack_2,41,6,coke_v_med,433
frame_109,Rack_2,29,6,coke_v_med,406
frame_109,Rack_2,26,2,anw_med,379
frame_109,Rack_2,17,2,anw_med,355
frame_109,Rack_2,43,2,anw_med,329
frame_109,Rack_2,42,2,anw_med,305
frame_109,Rack_2,46,2,anw_med,280
frame_109,Rack_2,7,2,anw_med,254
frame_109,Rack_2,30,15,pepsi_med,231
frame_109,Rack_2,8,15,pepsi_med,209
frame_109,Rack_2,2,15,pepsi_med,184
frame_109,Rack_2,16,15,pepsi_med,162
frame_109,Rack_2,31,15,pepsi_med,139
frame_109,Rack_2,44,15,pepsi_med,115
frame_109,Rack_2,55,13,kick_med,92
frame_109,Rack_2,53,13,kick_med,70
frame_109,Rack_2,52,13,kick_med,48
frame_109,Rack_2,56,13,kick_med,22
frame_11,Rack_2,45,3,coke_med,580
frame_11,Rack_2,20,3,coke_med,548
frame_11,Rack_2,22,3,coke_med,520
frame_11,Rack_2,24,3,coke_med,495
frame_11,Rack_2,3,3,coke_med,468
frame_11,Rack_2,47,6,coke_v_med,442
frame_11,Rack_2,41,6,coke_v_med,415
frame_11,Rack_2,29,6,coke_v_med,389
frame_11,Rack_2,26,2,anw_med,363
frame_11,Rack_2,17,2,anw_med,339
frame_11,Rack_2,43,2,anw_med,314
frame_11,Rack_2,42,2,anw_med,290
frame_11,Rack_2,46,2,anw_med,266
frame_11,Rack_2,7,2,anw_med,240
frame_11,Rack_2,30,15,pepsi_med,217
frame_11,Rack_2,8,15,pepsi_med,196
frame_11,Rack_2,2,15,pepsi_med,172
frame_11,Rack_2,16,15,pepsi_med,150
frame_11,Rack_2,31,15,pepsi_med,127
frame_11,Rack_2,44,15,pepsi_med,103
frame_11,Rack_2,55,13,kick_med,81
frame_11,Rack_2,53,13,kick_med,59
frame_11,Rack_2,52,13,kick_med,36
frame_11,Rack_2,56,13,kick_med,13
frame_110,Rack_2,45,3,coke_med,603
frame_110,Rack_2,20,3,coke_med,569
frame_110,Rack_2,22,3,coke_med,540
frame_110,Rack_2,24,3,coke_med,515
frame_110,Rack_2,3,3,coke_med,487
frame_110,Rack_2,61,6,coke_v_med,460
frame_110,Rack_2,41,6,coke_v_med,433
frame_110,Rack_2,29,6,coke_v_med,406
frame_110,Rack_2,26,2,anw_med,380
frame_110,Rack_2,17,2,anw_med,355
frame_110,Rack_2,43,2,anw_med,330
frame_110,Rack_2,42,2,anw_med,305
frame_110,Rack_2,46,2,anw_med,280
frame_110,Rack_2,7,2,anw_med,254
frame_110,Rack_2,30,15,pepsi_med,231
frame_110,Rack_2,8,15,pepsi_med,209
frame_110,Rack_2,2,15,pepsi_med,185
frame_110,Rack_2,16,15,pepsi_med,162
frame_110,Rack_2,31,15,pepsi_med,139
frame_110,Rack_2,44,15,pepsi_med,115
frame_110,Rack_2,55,13,kick_med,92
frame_110,Rack_2,53,13,kick_med,71
frame_110,Rack_2,52,13,kick_med,48
frame_110,Rack_2,56,13,kick_med,22
frame_110,Rack_2,63,13,kick_med,3
frame_111,Rack_2,45,3,coke_med,604
frame_111,Rack_2,20,3,coke_med,569
frame_111,Rack_2,22,3,coke_med,540
frame_111,Rack_2,24,3,coke_med,515
frame_111,Rack_2,3,3,coke_med,488
frame_111,Rack_2,47,3,coke_med,461
frame_111,Rack_2,61,6,coke_v_med,461
frame_111,Rack_2,41,6,coke_v_med,434
frame_111,Rack_2,29,6,coke_v_med,407
frame_111,Rack_2,26,2,anw_med,380
frame_111,Rack_2,17,2,anw_med,355
frame_111,Rack_2,43,2,anw_med,330
frame_111,Rack_2,42,2,anw_med,305
frame_111,Rack_2,46,2,anw_med,281
frame_111,Rack_2,7,2,anw_med,255
frame_111,Rack_2,30,15,pepsi_med,231
frame_111,Rack_2,8,15,pepsi_med,210
frame_111,Rack_2,2,15,pepsi_med,185
frame_111,Rack_2,16,15,pepsi_med,163
frame_111,Rack_2,31,15,pepsi_med,139
frame_111,Rack_2,44,15,pepsi_med,115
frame_111,Rack_2,55,13,kick_med,93
frame_111,Rack_2,53,13,kick_med,71
frame_111,Rack_2,52,13,kick_med,48
frame_111,Rack_2,56,13,kick_med,22
frame_111,Rack_2,63,13,kick_med,3
frame_112,Rack_2,45,3,coke_med,605
frame_112,Rack_2,20,3,coke_med,570
frame_112,Rack_2,22,3,coke_med,541
frame_112,Rack_2,24,3,coke_med,516
frame_112,Rack_2,3,3,coke_med,488
frame_112,Rack_2,47,3,coke_med,461
frame_112,Rack_2,61,6,coke_v_med,461
frame_112,Rack_2,41,6,coke_v_med,434
frame_112,Rack_2,26,2,anw_med,380
frame_112,Rack_2,17,2,anw_med,355
frame_112,Rack_2,43,2,anw_med,331
frame_112,Rack_2,42,2,anw_med,306
frame_112,Rack_2,46,2,anw_med,281
frame_112,Rack_2,7,2,anw_med,255
frame_112,Rack_2,30,15,pepsi_med,232
frame_112,Rack_2,8,15,pepsi_med,210
frame_112,Rack_2,2,15,pepsi_med,186
frame_112,Rack_2,16,15,pepsi_med,163
frame_112,Rack_2,31,15,pepsi_med,140
frame_112,Rack_2,44,15,pepsi_med,116
frame_112,Rack_2,55,13,kick_med,93
frame_112,Rack_2,53,13,kick_med,71
frame_112,Rack_2,52,13,kick_med,48
frame_112,Rack_2,56,13,kick_med,23
frame_113,Rack_2,45,3,coke_med,605
frame_113,Rack_2,20,3,coke_med,571
frame_113,Rack_2,22,3,coke_med,542
frame_113,Rack_2,24,3,coke_med,516
frame_113,Rack_2,3,3,coke_med,489
frame_113,Rack_2,47,3,coke_med,462
frame_113,Rack_2,61,6,coke_v_med,462
frame_113,Rack_2,41,6,coke_v_med,434
frame_113,Rack_2,26,2,anw_med,381
frame_113,Rack_2,17,2,anw_med,356
frame_113,Rack_2,43,2,anw_med,331
frame_113,Rack_2,42,2,anw_med,306
frame_113,Rack_2,46,2,anw_med,281
frame_113,Rack_2,7,2,anw_med,255
frame_113,Rack_2,30,15,pepsi_med,232
frame_113,Rack_2,8,15,pepsi_med,211
frame_113,Rack_2,2,15,pepsi_med,186
frame_113,Rack_2,16,15,pepsi_med,163
frame_113,Rack_2,31,15,pepsi_med,140
frame_113,Rack_2,44,15,pepsi_med,116
frame_113,Rack_2,55,13,kick_med,93
frame_113,Rack_2,53,13,kick_med,72
frame_113,Rack_2,52,13,kick_med,49
frame_113,Rack_2,56,13,kick_med,24
frame_113,Rack_2,63,13,kick_med,3
frame_114,Rack_2,45,3,coke_med,606
frame_114,Rack_2,20,3,coke_med,572
frame_114,Rack_2,22,3,coke_med,542
frame_114,Rack_2,24,3,coke_med,517
frame_114,Rack_2,3,3,coke_med,489
frame_114,Rack_2,47,3,coke_med,463
frame_114,Rack_2,61,6,coke_v_med,463
frame_114,Rack_2,41,6,coke_v_med,435
frame_114,Rack_2,29,6,coke_v_med,408
frame_114,Rack_2,26,2,anw_med,381
frame_114,Rack_2,17,2,anw_med,356
frame_114,Rack_2,43,2,anw_med,331
frame_114,Rack_2,42,2,anw_med,307
frame_114,Rack_2,46,2,anw_med,282
frame_114,Rack_2,7,2,anw_med,256
frame_114,Rack_2,30,15,pepsi_med,232
frame_114,Rack_2,8,15,pepsi_med,211
frame_114,Rack_2,2,15,pepsi_med,187
frame_114,Rack_2,16,15,pepsi_med,164
frame_114,Rack_2,31,15,pepsi_med,141
frame_114,Rack_2,44,15,pepsi_med,117
frame_114,Rack_2,55,13,kick_med,94
frame_114,Rack_2,53,13,kick_med,72
frame_114,Rack_2,52,13,kick_med,49
frame_114,Rack_2,56,13,kick_med,24
frame_115,Rack_2,45,3,coke_med,606
frame_115,Rack_2,20,3,coke_med,572
frame_115,Rack_2,22,3,coke_med,543
frame_115,Rack_2,24,3,coke_med,517
frame_115,Rack_2,3,3,coke_med,490
frame_115,Rack_2,47,3,coke_med,463
frame_115,Rack_2,61,6,coke_v_med,463
frame_115,Rack_2,41,6,coke_v_med,435
frame_115,Rack_2,29,6,coke_v_med,409
frame_115,Rack_2,26,2,anw_med,382
frame_115,Rack_2,17,2,anw_med,357
frame_115,Rack_2,43,2,anw_med,332
frame_115,Rack_2,42,2,anw_med,307
frame_115,Rack_2,46,2,anw_med,283
frame_115,Rack_2,7,2,anw_med,256
frame_115,Rack_2,30,15,pepsi_med,233
frame_115,Rack_2,8,15,pepsi_med,212
frame_115,Rack_2,2,15,pepsi_med,187
frame_115,Rack_2,16,15,pepsi_med,165
frame_115,Rack_2,31,15,pepsi_med,141
frame_115,Rack_2,44,15,pepsi_med,117
frame_115,Rack_2,55,13,kick_med,94
frame_115,Rack_2,53,13,kick_med,73
frame_115,Rack_2,52,13,kick_med,50
frame_115,Rack_2,56,13,kick_med,25
frame_115,Rack_2,63,13,kick_med,2
frame_116,Rack_2,45,3,coke_med,607
frame_116,Rack_2,20,3,coke_med,573
frame_116,Rack_2,22,3,coke_med,544
frame_116,Rack_2,24,3,coke_med,518
frame_116,Rack_2,3,3,coke_med,491
frame_116,Rack_2,61,6,coke_v_med,464
frame_116,Rack_2,41,6,coke_v_med,436
frame_116,Rack_2,29,6,coke_v_med,409
frame_116,Rack_2,26,2,anw_med,382
frame_116,Rack_2,17,2,anw_med,357
frame_116,Rack_2,43,2,anw_med,332
frame_116,Rack_2,42,2,anw_med,308
frame_116,Rack_2,46,2,anw_med,283
frame_116,Rack_2,7,2,anw_med,257
frame_116,Rack_2,30,15,pepsi_med,234
frame_116,Rack_2,8,15,pepsi_med,212
frame_116,Rack_2,2,15,pepsi_med,188
frame_116,Rack_2,16,15,pepsi_med,165
frame_116,Rack_2,31,15,pepsi_med,142
frame_116,Rack_2,44,15,pepsi_med,118
frame_116,Rack_2,55,13,kick_med,95
frame_116,Rack_2,53,13,kick_med,73
frame_116,Rack_2,52,13,kick_med,50
frame_116,Rack_2,56,13,kick_med,26
frame_116,Rack_2,63,13,kick_med,2
frame_117,Rack_2,45,3,coke_med,608
frame_117,Rack_2,20,3,coke_med,574
frame_117,Rack_2,22,3,coke_med,544
frame_117,Rack_2,24,3,coke_med,519
frame_117,Rack_2,3,3,coke_med,492
frame_117,Rack_2,61,6,coke_v_med,465
frame_117,Rack_2,41,6,coke_v_med,437
frame_117,Rack_2,29,6,coke_v_med,410
frame_117,Rack_2,26,2,anw_med,383
frame_117,Rack_2,17,2,anw_med,358
frame_117,Rack_2,43,2,anw_med,333
frame_117,Rack_2,42,2,anw_med,308
frame_117,Rack_2,46,2,anw_med,284
frame_117,Rack_2,7,2,anw_med,258
frame_117,Rack_2,30,15,pepsi_med,234
frame_117,Rack_2,8,15,pepsi_med,213
frame_117,Rack_2,2,15,pepsi_med,188
frame_117,Rack_2,16,15,pepsi_med,166
frame_117,Rack_2,31,15,pepsi_med,142
frame_117,Rack_2,44,15,pepsi_med,119
frame_117,Rack_2,55,13,kick_med,96
frame_117,Rack_2,53,13,kick_med,74
frame_117,Rack_2,52,13,kick_med,51
frame_117,Rack_2,56,13,kick_med,25
frame_117,Rack_2,63,13,kick_med,2
frame_118,Rack_2,45,3,coke_med,609
frame_118,Rack_2,20,3,coke_med,575
frame_118,Rack_2,22,3,coke_med,545
frame_118,Rack_2,24,3,coke_med,519
frame_118,Rack_2,3,3,coke_med,493
frame_118,Rack_2,61,6,coke_v_med,466
frame_118,Rack_2,41,6,coke_v_med,438
frame_118,Rack_2,29,6,coke_v_med,411
frame_118,Rack_2,26,2,anw_med,384
frame_118,Rack_2,17,2,anw_med,358
frame_118,Rack_2,43,2,anw_med,333
frame_118,Rack_2,42,2,anw_med,309
frame_118,Rack_2,46,2,anw_med,284
frame_118,Rack_2,7,2,anw_med,259
frame_118,Rack_2,30,15,pepsi_med,235
frame_118,Rack_2,8,15,pepsi_med,213
frame_118,Rack_2,2,15,pepsi_med,189
frame_118,Rack_2,16,15,pepsi_med,167
frame_118,Rack_2,31,15,pepsi_med,143
frame_118,Rack_2,44,15,pepsi_med,119
frame_118,Rack_2,55,13,kick_med,97
frame_118,Rack_2,53,13,kick_med,75
frame_118,Rack_2,52,13,kick_med,52
frame_118,Rack_2,56,13,kick_med,27
frame_119,Rack_2,45,3,coke_med,609
frame_119,Rack_2,20,3,coke_med,576
frame_119,Rack_2,22,3,coke_med,546
frame_119,Rack_2,24,3,coke_med,520
frame_119,Rack_2,3,3,coke_med,493
frame_119,Rack_2,61,6,coke_v_med,466
frame_119,Rack_2,41,6,coke_v_med,439
frame_119,Rack_2,29,6,coke_v_med,411
frame_119,Rack_2,26,2,anw_med,385
frame_119,Rack_2,17,2,anw_med,359
frame_119,Rack_2,43,2,anw_med,334
frame_119,Rack_2,42,2,anw_med,309
frame_119,Rack_2,46,2,anw_med,285
frame_119,Rack_2,7,2,anw_med,259
frame_119,Rack_2,30,15,pepsi_med,236
frame_119,Rack_2,8,15,pepsi_med,214
frame_119,Rack_2,2,15,pepsi_med,189
frame_119,Rack_2,16,15,pepsi_med,167
frame_119,Rack_2,31,15,pepsi_med,144
frame_119,Rack_2,44,15,pepsi_med,120
frame_119,Rack_2,55,13,kick_med,98
frame_119,Rack_2,53,13,kick_med,75
frame_119,Rack_2,52,13,kick_med,52
frame_119,Rack_2,56,13,kick_med,28
frame_119,Rack_2,63,13,kick_med,4
frame_12,Rack_2,45,3,coke_med,580
frame_12,Rack_2,20,3,coke_med,548
frame_12,Rack_2,22,3,coke_med,520
frame_12,Rack_2,24,3,coke_med,495
frame_12,Rack_2,3,3,coke_med,468
frame_12,Rack_2,47,6,coke_v_med,442
frame_12,Rack_2,41,6,coke_v_med,415
frame_12,Rack_2,29,6,coke_v_med,389
frame_12,Rack_2,26,2,anw_med,363
frame_12,Rack_2,17,2,anw_med,339
frame_12,Rack_2,43,2,anw_med,314
frame_12,Rack_2,42,2,anw_med,290
frame_12,Rack_2,46,2,anw_med,265
frame_12,Rack_2,7,2,anw_med,240
frame_12,Rack_2,30,15,pepsi_med,217
frame_12,Rack_2,8,15,pepsi_med,196
frame_12,Rack_2,2,15,pepsi_med,172
frame_12,Rack_2,16,15,pepsi_med,150
frame_12,Rack_2,31,15,pepsi_med,127
frame_12,Rack_2,44,15,pepsi_med,103
frame_12,Rack_2,55,13,kick_med,81
frame_12,Rack_2,53,13,kick_med,59
frame_12,Rack_2,52,13,kick_med,36
frame_120,Rack_2,45,3,coke_med,610
frame_120,Rack_2,20,3,coke_med,576
frame_120,Rack_2,22,3,coke_med,547
frame_120,Rack_2,24,3,coke_med,521
frame_120,Rack_2,3,3,coke_med,495
frame_120,Rack_2,61,6,coke_v_med,467
frame_120,Rack_2,41,6,coke_v_med,440
frame_120,Rack_2,26,2,anw_med,386
frame_120,Rack_2,17,2,anw_med,360
frame_120,Rack_2,43,2,anw_med,335
frame_120,Rack_2,42,2,anw_med,310
frame_120,Rack_2,46,2,anw_med,286
frame_120,Rack_2,7,2,anw_med,260
frame_120,Rack_2,30,15,pepsi_med,236
frame_120,Rack_2,8,15,pepsi_med,215
frame_120,Rack_2,2,15,pepsi_med,190
frame_120,Rack_2,16,15,pepsi_med,168
frame_120,Rack_2,31,15,pepsi_med,144
frame_120,Rack_2,44,15,pepsi_med,120
frame_120,Rack_2,55,13,kick_med,98
frame_120,Rack_2,53,13,kick_med,76
frame_120,Rack_2,52,13,kick_med,53
frame_120,Rack_2,56,13,kick_med,29
frame_121,Rack_2,45,3,coke_med,612
frame_121,Rack_2,20,3,coke_med,577
frame_121,Rack_2,22,3,coke_med,548
frame_121,Rack_2,24,3,coke_med,523
frame_121,Rack_2,3,3,coke_med,496
frame_121,Rack_2,47,3,coke_med,468
frame_121,Rack_2,61,6,coke_v_med,468
frame_121,Rack_2,41,6,coke_v_med,440
frame_121,Rack_2,26,2,anw_med,386
frame_121,Rack_2,17,2,anw_med,361
frame_121,Rack_2,43,2,anw_med,336
frame_121,Rack_2,42,2,anw_med,310
frame_121,Rack_2,46,2,anw_med,286
frame_121,Rack_2,7,2,anw_med,260
frame_121,Rack_2,30,15,pepsi_med,237
frame_121,Rack_2,8,15,pepsi_med,215
frame_121,Rack_2,2,15,pepsi_med,191
frame_121,Rack_2,16,15,pepsi_med,169
frame_121,Rack_2,31,15,pepsi_med,145
frame_121,Rack_2,44,15,pepsi_med,121
frame_121,Rack_2,55,13,kick_med,99
frame_121,Rack_2,53,13,kick_med,77
frame_121,Rack_2,52,13,kick_med,54
frame_121,Rack_2,56,13,kick_med,30
frame_121,Rack_2,63,13,kick_med,3
frame_122,Rack_2,45,3,coke_med,613
frame_122,Rack_2,20,3,coke_med,578
frame_122,Rack_2,22,3,coke_med,548
frame_122,Rack_2,24,3,coke_med,524
frame_122,Rack_2,3,3,coke_med,497
frame_122,Rack_2,47,3,coke_med,469
frame_122,Rack_2,61,6,coke_v_med,469
frame_122,Rack_2,41,6,coke_v_med,441
frame_122,Rack_2,29,6,coke_v_med,414
frame_122,Rack_2,26,2,anw_med,387
frame_122,Rack_2,17,2,anw_med,362
frame_122,Rack_2,43,2,anw_med,336
frame_122,Rack_2,42,2,anw_med,311
frame_122,Rack_2,46,2,anw_med,287
frame_122,Rack_2,7,2,anw_med,261
frame_122,Rack_2,30,15,pepsi_med,238
frame_122,Rack_2,8,15,pepsi_med,216
frame_122,Rack_2,2,15,pepsi_med,192
frame_122,Rack_2,16,15,pepsi_med,169
frame_122,Rack_2,31,15,pepsi_med,146
frame_122,Rack_2,44,15,pepsi_med,122
frame_122,Rack_2,55,13,kick_med,99
frame_122,Rack_2,53,13,kick_med,78
frame_122,Rack_2,52,13,kick_med,55
frame_122,Rack_2,56,13,kick_med,31
frame_123,Rack_2,45,3,coke_med,613
frame_123,Rack_2,20,3,coke_med,579
frame_123,Rack_2,22,3,coke_med,549
frame_123,Rack_2,24,3,coke_med,525
frame_123,Rack_2,3,3,coke_med,498
frame_123,Rack_2,47,3,coke_med,470
frame_123,Rack_2,61,6,coke_v_med,470
frame_123,Rack_2,41,6,coke_v_med,442
frame_123,Rack_2,29,6,coke_v_med,414
frame_123,Rack_2,26,2,anw_med,388
frame_123,Rack_2,17,2,anw_med,362
frame_123,Rack_2,43,2,anw_med,337
frame_123,Rack_2,42,2,anw_med,312
frame_123,Rack_2,46,2,anw_med,288
frame_123,Rack_2,7,2,anw_med,262
frame_123,Rack_2,30,15,pepsi_med,239
frame_123,Rack_2,8,15,pepsi_med,217
frame_123,Rack_2,2,15,pepsi_med,192
frame_123,Rack_2,16,15,pepsi_med,170
frame_123,Rack_2,31,15,pepsi_med,146
frame_123,Rack_2,44,15,pepsi_med,123
frame_123,Rack_2,55,13,kick_med,100
frame_123,Rack_2,53,13,kick_med,78
frame_123,Rack_2,52,13,kick_med,56
frame_123,Rack_2,56,13,kick_med,32
frame_123,Rack_2,63,13,kick_med,2
frame_124,Rack_2,45,3,coke_med,614
frame_124,Rack_2,20,3,coke_med,580
frame_124,Rack_2,22,3,coke_med,550
frame_124,Rack_2,24,3,coke_med,525
frame_124,Rack_2,3,3,coke_med,499
frame_124,Rack_2,47,3,coke_med,471
frame_124,Rack_2,61,6,coke_v_med,471
frame_124,Rack_2,41,6,coke_v_med,443
frame_124,Rack_2,29,6,coke_v_med,415
frame_124,Rack_2,26,2,anw_med,389
frame_124,Rack_2,17,2,anw_med,363
frame_124,Rack_2,43,2,anw_med,338
frame_124,Rack_2,42,2,anw_med,313
frame_124,Rack_2,46,2,anw_med,289
frame_124,Rack_2,7,2,anw_med,263
frame_124,Rack_2,30,15,pepsi_med,240
frame_124,Rack_2,8,15,pepsi_med,218
frame_124,Rack_2,2,15,pepsi_med,193
frame_124,Rack_2,16,15,pepsi_med,171
frame_124,Rack_2,31,15,pepsi_med,147
frame_124,Rack_2,44,15,pepsi_med,124
frame_124,Rack_2,55,13,kick_med,101
frame_124,Rack_2,53,13,kick_med,79
frame_124,Rack_2,52,13,kick_med,57
frame_124,Rack_2,56,13,kick_med,33
frame_124,Rack_2,65,13,kick_med,14
frame_124,Rack_2,63,13,kick_med,2
frame_125,Rack_2,45,3,coke_med,615
frame_125,Rack_2,20,3,coke_med,581
frame_125,Rack_2,22,3,coke_med,552
frame_125,Rack_2,24,3,coke_med,526
frame_125,Rack_2,3,3,coke_med,499
frame_125,Rack_2,47,3,coke_med,472
frame_125,Rack_2,61,6,coke_v_med,472
frame_125,Rack_2,41,6,coke_v_med,444
frame_125,Rack_2,29,6,coke_v_med,416
frame_125,Rack_2,26,2,anw_med,389
frame_125,Rack_2,17,2,anw_med,364
frame_125,Rack_2,43,2,anw_med,339
frame_125,Rack_2,42,2,anw_med,314
frame_125,Rack_2,46,2,anw_med,290
frame_125,Rack_2,7,2,anw_med,263
frame_125,Rack_2,30,15,pepsi_med,240
frame_125,Rack_2,8,15,pepsi_med,219
frame_125,Rack_2,2,15,pepsi_med,194
frame_125,Rack_2,16,15,pepsi_med,171
frame_125,Rack_2,31,15,pepsi_med,148
frame_125,Rack_2,44,15,pepsi_med,124
frame_125,Rack_2,55,13,kick_med,102
frame_125,Rack_2,53,13,kick_med,80
frame_125,Rack_2,52,13,kick_med,57
frame_125,Rack_2,56,13,kick_med,34
frame_125,Rack_2,65,13,kick_med,14
frame_125,Rack_2,63,13,kick_med,2
frame_126,Rack_2,45,3,coke_med,616
frame_126,Rack_2,20,3,coke_med,582
frame_126,Rack_2,22,3,coke_med,553
frame_126,Rack_2,24,3,coke_med,527
frame_126,Rack_2,3,3,coke_med,500
frame_126,Rack_2,61,6,coke_v_med,473
frame_126,Rack_2,41,6,coke_v_med,445
frame_126,Rack_2,29,6,coke_v_med,417
frame_126,Rack_2,26,2,anw_med,390
frame_126,Rack_2,17,2,anw_med,365
frame_126,Rack_2,43,2,anw_med,340
frame_126,Rack_2,42,2,anw_med,315
frame_126,Rack_2,46,2,anw_med,291
frame_126,Rack_2,7,2,anw_med,264
frame_126,Rack_2,30,15,pepsi_med,241
frame_126,Rack_2,8,15,pepsi_med,220
frame_126,Rack_2,2,15,pepsi_med,195
frame_126,Rack_2,16,15,pepsi_med,172
frame_126,Rack_2,31,15,pepsi_med,148
frame_126,Rack_2,44,15,pepsi_med,125
frame_126,Rack_2,55,13,kick_med,102
frame_126,Rack_2,53,13,kick_med,81
frame_126,Rack_2,52,13,kick_med,58
frame_126,Rack_2,56,13,kick_med,35
frame_126,Rack_2,65,13,kick_med,15
frame_126,Rack_2,63,13,kick_med,2
frame_127,Rack_2,45,3,coke_med,616
frame_127,Rack_2,20,3,coke_med,583
frame_127,Rack_2,22,3,coke_med,554
frame_127,Rack_2,24,3,coke_med,528
frame_127,Rack_2,3,3,coke_med,501
frame_127,Rack_2,61,6,coke_v_med,474
frame_127,Rack_2,41,6,coke_v_med,446
frame_127,Rack_2,29,6,coke_v_med,418
frame_127,Rack_2,26,2,anw_med,391
frame_127,Rack_2,17,2,anw_med,366
frame_127,Rack_2,43,2,anw_med,340
frame_127,Rack_2,42,2,anw_med,316
frame_127,Rack_2,46,2,anw_med,291
frame_127,Rack_2,7,2,anw_med,265
frame_127,Rack_2,30,15,pepsi_med,242
frame_127,Rack_2,8,15,pepsi_med,220
frame_127,Rack_2,2,15,pepsi_med,196
frame_127,Rack_2,16,15,pepsi_med,173
frame_127,Rack_2,31,15,pepsi_med,149
frame_127,Rack_2,44,15,pepsi_med,126
frame_127,Rack_2,55,13,kick_med,103
frame_127,Rack_2,53,13,kick_med,81
frame_127,Rack_2,52,13,kick_med,59
frame_127,Rack_2,56,13,kick_med,35
frame_127,Rack_2,65,13,kick_med,15
frame_128,Rack_2,45,3,coke_med,618
frame_128,Rack_2,20,3,coke_med,584
frame_128,Rack_2,22,3,coke_med,555
frame_128,Rack_2,24,3,coke_med,529
frame_128,Rack_2,3,3,coke_med,502
frame_128,Rack_2,47,3,coke_med,475
frame_128,Rack_2,61,6,coke_v_med,475
frame_128,Rack_2,41,6,coke_v_med,447
frame_128,Rack_2,29,6,coke_v_med,419
frame_128,Rack_2,26,2,anw_med,392
frame_128,Rack_2,17,2,anw_med,367
frame_128,Rack_2,43,2,anw_med,341
frame_128,Rack_2,42,2,anw_med,316
frame_128,Rack_2,46,2,anw_med,292
frame_128,Rack_2,7,2,anw_med,266
frame_128,Rack_2,30,15,pepsi_med,243
frame_128,Rack_2,8,15,pepsi_med,221
frame_128,Rack_2,2,15,pepsi_med,197
frame_128,Rack_2,16,15,pepsi_med,174
frame_128,Rack_2,31,15,pepsi_med,150
frame_128,Rack_2,44,15,pepsi_med,127
frame_128,Rack_2,55,13,kick_med,104
frame_128,Rack_2,53,13,kick_med,82
frame_128,Rack_2,52,13,kick_med,60
frame_128,Rack_2,56,13,kick_med,37
frame_128,Rack_2,65,13,kick_med,16
frame_128,Rack_2,63,13,kick_med,3
frame_129,Rack_2,45,3,coke_med,617
frame_129,Rack_2,20,3,coke_med,586
frame_129,Rack_2,22,3,coke_med,556
frame_129,Rack_2,24,3,coke_med,531
frame_129,Rack_2,3,3,coke_med,503
frame_129,Rack_2,47,3,coke_med,476
frame_129,Rack_2,61,6,coke_v_med,476
frame_129,Rack_2,41,6,coke_v_med,448
frame_129,Rack_2,29,6,coke_v_med,420
frame_129,Rack_2,26,2,anw_med,393
frame_129,Rack_2,17,2,anw_med,368
frame_129,Rack_2,43,2,anw_med,342
frame_129,Rack_2,42,2,anw_med,317
frame_129,Rack_2,46,2,anw_med,293
frame_129,Rack_2,7,2,anw_med,267
frame_129,Rack_2,30,15,pepsi_med,244
frame_129,Rack_2,8,15,pepsi_med,222
frame_129,Rack_2,2,15,pepsi_med,197
frame_129,Rack_2,16,15,pepsi_med,175
frame_129,Rack_2,31,15,pepsi_med,151
frame_129,Rack_2,44,15,pepsi_med,128
frame_129,Rack_2,55,13,kick_med,105
frame_129,Rack_2,53,13,kick_med,83
frame_129,Rack_2,52,13,kick_med,60
frame_129,Rack_2,56,13,kick_med,38
frame_129,Rack_2,65,13,kick_med,17
frame_129,Rack_2,63,13,kick_med,3
frame_13,Rack_2,45,3,coke_med,580
frame_13,Rack_2,20,3,coke_med,548
frame_13,Rack_2,22,3,coke_med,520
frame_13,Rack_2,24,3,coke_med,494
frame_13,Rack_2,3,3,coke_med,468
frame_13,Rack_2,47,6,coke_v_med,442
frame_13,Rack_2,41,6,coke_v_med,415
frame_13,Rack_2,29,6,coke_v_med,389
frame_13,Rack_2,26,2,anw_med,363
frame_13,Rack_2,17,2,anw_med,339
frame_13,Rack_2,43,2,anw_med,314
frame_13,Rack_2,42,2,anw_med,290
frame_13,Rack_2,46,2,anw_med,265
frame_13,Rack_2,7,2,anw_med,240
frame_13,Rack_2,30,15,pepsi_med,217
frame_13,Rack_2,8,15,pepsi_med,196
frame_13,Rack_2,2,15,pepsi_med,172
frame_13,Rack_2,16,15,pepsi_med,150
frame_13,Rack_2,31,15,pepsi_med,127
frame_13,Rack_2,44,15,pepsi_med,103
frame_13,Rack_2,55,13,kick_med,81
frame_13,Rack_2,53,13,kick_med,59
frame_13,Rack_2,52,13,kick_med,36
frame_130,Rack_2,45,3,coke_med,619
frame_130,Rack_2,20,3,coke_med,588
frame_130,Rack_2,22,3,coke_med,557
frame_130,Rack_2,24,3,coke_med,532
frame_130,Rack_2,3,3,coke_med,504
frame_130,Rack_2,47,3,coke_med,477
frame_130,Rack_2,61,6,coke_v_med,477
frame_130,Rack_2,41,6,coke_v_med,449
frame_130,Rack_2,29,6,coke_v_med,421
frame_130,Rack_2,26,2,anw_med,394
frame_130,Rack_2,17,2,anw_med,368
frame_130,Rack_2,43,2,anw_med,343
frame_130,Rack_2,42,2,anw_med,318
frame_130,Rack_2,46,2,anw_med,294
frame_130,Rack_2,7,2,anw_med,268
frame_130,Rack_2,30,15,pepsi_med,245
frame_130,Rack_2,8,15,pepsi_med,222
frame_130,Rack_2,2,15,pepsi_med,198
frame_130,Rack_2,16,15,pepsi_med,176
frame_130,Rack_2,31,15,pepsi_med,152
frame_130,Rack_2,44,15,pepsi_med,129
frame_130,Rack_2,55,13,kick_med,106
frame_130,Rack_2,53,13,kick_med,84
frame_130,Rack_2,52,13,kick_med,61
frame_130,Rack_2,56,13,kick_med,39
frame_130,Rack_2,65,13,kick_med,17
frame_130,Rack_2,63,13,kick_med,3
frame_131,Rack_2,45,3,coke_med,619
frame_131,Rack_2,20,3,coke_med,589
frame_131,Rack_2,22,3,coke_med,559
frame_131,Rack_2,24,3,coke_med,533
frame_131,Rack_2,3,3,coke_med,505
frame_131,Rack_2,47,3,coke_med,478
frame_131,Rack_2,61,6,coke_v_med,478
frame_131,Rack_2,41,6,coke_v_med,450
frame_131,Rack_2,29,6,coke_v_med,422
frame_131,Rack_2,26,2,anw_med,395
frame_131,Rack_2,17,2,anw_med,370
frame_131,Rack_2,43,2,anw_med,344
frame_131,Rack_2,42,2,anw_med,319
frame_131,Rack_2,46,2,anw_med,295
frame_131,Rack_2,7,2,anw_med,269
frame_131,Rack_2,30,15,pepsi_med,246
frame_131,Rack_2,8,15,pepsi_med,224
frame_131,Rack_2,2,15,pepsi_med,199
frame_131,Rack_2,16,15,pepsi_med,177
frame_131,Rack_2,31,15,pepsi_med,153
frame_131,Rack_2,44,15,pepsi_med,130
frame_131,Rack_2,55,13,kick_med,107
frame_131,Rack_2,53,13,kick_med,85
frame_131,Rack_2,52,13,kick_med,63
frame_131,Rack_2,56,13,kick_med,40
frame_131,Rack_2,65,13,kick_med,18
frame_131,Rack_2,63,13,kick_med,3
frame_132,Rack_2,45,3,coke_med,620
frame_132,Rack_2,20,3,coke_med,590
frame_132,Rack_2,22,3,coke_med,560
frame_132,Rack_2,24,3,coke_med,534
frame_132,Rack_2,3,3,coke_med,507
frame_132,Rack_2,47,3,coke_med,479
frame_132,Rack_2,61,6,coke_v_med,479
frame_132,Rack_2,41,6,coke_v_med,451
frame_132,Rack_2,29,6,coke_v_med,423
frame_132,Rack_2,26,2,anw_med,396
frame_132,Rack_2,17,2,anw_med,370
frame_132,Rack_2,43,2,anw_med,345
frame_132,Rack_2,42,2,anw_med,320
frame_132,Rack_2,46,2,anw_med,296
frame_132,Rack_2,7,2,anw_med,270
frame_132,Rack_2,30,15,pepsi_med,247
frame_132,Rack_2,8,15,pepsi_med,225
frame_132,Rack_2,2,15,pepsi_med,200
frame_132,Rack_2,16,15,pepsi_med,178
frame_132,Rack_2,31,15,pepsi_med,154
frame_132,Rack_2,44,15,pepsi_med,131
frame_132,Rack_2,55,13,kick_med,108
frame_132,Rack_2,53,13,kick_med,86
frame_132,Rack_2,52,13,kick_med,63
frame_132,Rack_2,56,13,kick_med,41
frame_132,Rack_2,65,13,kick_med,18
frame_132,Rack_2,63,13,kick_med,2
frame_133,Rack_2,45,3,coke_med,619
frame_133,Rack_2,20,3,coke_med,591
frame_133,Rack_2,22,3,coke_med,561
frame_133,Rack_2,24,3,coke_med,535
frame_133,Rack_2,3,3,coke_med,507
frame_133,Rack_2,47,3,coke_med,480
frame_133,Rack_2,61,6,coke_v_med,480
frame_133,Rack_2,41,6,coke_v_med,452
frame_133,Rack_2,29,6,coke_v_med,425
frame_133,Rack_2,26,2,anw_med,397
frame_133,Rack_2,17,2,anw_med,371
frame_133,Rack_2,43,2,anw_med,346
frame_133,Rack_2,42,2,anw_med,321
frame_133,Rack_2,46,2,anw_med,296
frame_133,Rack_2,7,2,anw_med,271
frame_133,Rack_2,30,15,pepsi_med,247
frame_133,Rack_2,8,15,pepsi_med,226
frame_133,Rack_2,2,15,pepsi_med,201
frame_133,Rack_2,16,15,pepsi_med,178
frame_133,Rack_2,31,15,pepsi_med,155
frame_133,Rack_2,44,15,pepsi_med,132
frame_133,Rack_2,55,13,kick_med,109
frame_133,Rack_2,53,13,kick_med,87
frame_133,Rack_2,52,13,kick_med,64
frame_133,Rack_2,56,13,kick_med,41
frame_133,Rack_2,65,13,kick_med,18
frame_133,Rack_2,63,13,kick_med,2
frame_134,Rack_2,45,3,coke_med,621
frame_134,Rack_2,20,3,coke_med,592
frame_134,Rack_2,22,3,coke_med,562
frame_134,Rack_2,24,3,coke_med,536
frame_134,Rack_2,3,3,coke_med,509
frame_134,Rack_2,47,3,coke_med,481
frame_134,Rack_2,61,6,coke_v_med,481
frame_134,Rack_2,41,6,coke_v_med,453
frame_134,Rack_2,29,6,coke_v_med,426
frame_134,Rack_2,26,2,anw_med,398
frame_134,Rack_2,17,2,anw_med,372
frame_134,Rack_2,43,2,anw_med,347
frame_134,Rack_2,42,2,anw_med,322
frame_134,Rack_2,46,2,anw_med,297
frame_134,Rack_2,7,2,anw_med,271
frame_134,Rack_2,30,15,pepsi_med,248
frame_134,Rack_2,8,15,pepsi_med,226
frame_134,Rack_2,2,15,pepsi_med,202
frame_134,Rack_2,16,15,pepsi_med,179
frame_134,Rack_2,31,15,pepsi_med,156
frame_134,Rack_2,44,15,pepsi_med,132
frame_134,Rack_2,55,13,kick_med,110
frame_134,Rack_2,53,13,kick_med,88
frame_134,Rack_2,52,13,kick_med,65
frame_134,Rack_2,56,13,kick_med,42
frame_134,Rack_2,65,13,kick_med,21
frame_135,Rack_2,45,3,coke_med,622
frame_135,Rack_2,20,3,coke_med,593
frame_135,Rack_2,22,3,coke_med,563
frame_135,Rack_2,24,3,coke_med,537
frame_135,Rack_2,3,3,coke_med,510
frame_135,Rack_2,61,6,coke_v_med,482
frame_135,Rack_2,41,6,coke_v_med,455
frame_135,Rack_2,29,6,coke_v_med,426
frame_135,Rack_2,26,2,anw_med,399
frame_135,Rack_2,17,2,anw_med,373
frame_135,Rack_2,43,2,anw_med,348
frame_135,Rack_2,42,2,anw_med,323
frame_135,Rack_2,46,2,anw_med,298
frame_135,Rack_2,7,2,anw_med,272
frame_135,Rack_2,30,15,pepsi_med,249
frame_135,Rack_2,8,15,pepsi_med,227
frame_135,Rack_2,2,15,pepsi_med,202
frame_135,Rack_2,16,15,pepsi_med,180
frame_135,Rack_2,31,15,pepsi_med,156
frame_135,Rack_2,44,15,pepsi_med,133
frame_135,Rack_2,55,13,kick_med,110
frame_135,Rack_2,53,13,kick_med,88
frame_135,Rack_2,52,13,kick_med,66
frame_135,Rack_2,56,13,kick_med,43
frame_135,Rack_2,65,13,kick_med,22
frame_136,Rack_2,45,3,coke_med,623
frame_136,Rack_2,20,3,coke_med,594
frame_136,Rack_2,22,3,coke_med,564
frame_136,Rack_2,24,3,coke_med,538
frame_136,Rack_2,3,3,coke_med,511
frame_136,Rack_2,47,3,coke_med,483
frame_136,Rack_2,61,6,coke_v_med,483
frame_136,Rack_2,41,6,coke_v_med,455
frame_136,Rack_2,29,6,coke_v_med,427
frame_136,Rack_2,26,2,anw_med,400
frame_136,Rack_2,17,2,anw_med,374
frame_136,Rack_2,43,2,anw_med,348
frame_136,Rack_2,42,2,anw_med,324
frame_136,Rack_2,46,2,anw_med,299
frame_136,Rack_2,7,2,anw_med,273
frame_136,Rack_2,30,15,pepsi_med,249
frame_136,Rack_2,8,15,pepsi_med,228
frame_136,Rack_2,2,15,pepsi_med,203
frame_136,Rack_2,16,15,pepsi_med,181
frame_136,Rack_2,31,15,pepsi_med,157
frame_136,Rack_2,44,15,pepsi_med,134
frame_136,Rack_2,55,13,kick_med,111
frame_136,Rack_2,53,13,kick_med,89
frame_136,Rack_2,52,13,kick_med,66
frame_136,Rack_2,56,13,kick_med,43
frame_136,Rack_2,65,13,kick_med,22
frame_137,Rack_2,45,3,coke_med,623
frame_137,Rack_2,20,3,coke_med,596
frame_137,Rack_2,22,3,coke_med,565
frame_137,Rack_2,24,3,coke_med,539
frame_137,Rack_2,3,3,coke_med,512
frame_137,Rack_2,61,6,coke_v_med,484
frame_137,Rack_2,41,6,coke_v_med,456
frame_137,Rack_2,29,6,coke_v_med,428
frame_137,Rack_2,26,2,anw_med,401
frame_137,Rack_2,17,2,anw_med,374
frame_137,Rack_2,43,2,anw_med,349
frame_137,Rack_2,42,2,anw_med,324
frame_137,Rack_2,46,2,anw_med,300
frame_137,Rack_2,7,2,anw_med,274
frame_137,Rack_2,30,15,pepsi_med,250
frame_137,Rack_2,8,15,pepsi_med,229
frame_137,Rack_2,2,15,pepsi_med,204
frame_137,Rack_2,16,15,pepsi_med,181
frame_137,Rack_2,31,15,pepsi_med,157
frame_137,Rack_2,44,15,pepsi_med,134
frame_137,Rack_2,55,13,kick_med,112
frame_137,Rack_2,53,13,kick_med,90
frame_137,Rack_2,52,13,kick_med,67
frame_137,Rack_2,56,13,kick_med,44
frame_137,Rack_2,65,13,kick_med,23
frame_138,Rack_2,45,3,coke_med,624
frame_138,Rack_2,20,3,coke_med,597
frame_138,Rack_2,22,3,coke_med,566
frame_138,Rack_2,24,3,coke_med,539
frame_138,Rack_2,3,3,coke_med,512
frame_138,Rack_2,47,3,coke_med,485
frame_138,Rack_2,61,6,coke_v_med,485
frame_138,Rack_2,41,6,coke_v_med,457
frame_138,Rack_2,29,6,coke_v_med,429
frame_138,Rack_2,26,2,anw_med,402
frame_138,Rack_2,17,2,anw_med,375
frame_138,Rack_2,43,2,anw_med,349
frame_138,Rack_2,42,2,anw_med,325
frame_138,Rack_2,46,2,anw_med,300
frame_138,Rack_2,7,2,anw_med,274
frame_138,Rack_2,30,15,pepsi_med,251
frame_138,Rack_2,8,15,pepsi_med,229
frame_138,Rack_2,2,15,pepsi_med,204
frame_138,Rack_2,16,15,pepsi_med,182
frame_138,Rack_2,31,15,pepsi_med,158
frame_138,Rack_2,44,15,pepsi_med,135
frame_138,Rack_2,55,13,kick_med,112
frame_138,Rack_2,53,13,kick_med,90
frame_138,Rack_2,52,13,kick_med,68
frame_138,Rack_2,56,13,kick_med,44
frame_138,Rack_2,65,13,kick_med,23
frame_139,Rack_2,45,3,coke_med,624
frame_139,Rack_2,20,3,coke_med,598
frame_139,Rack_2,22,3,coke_med,567
frame_139,Rack_2,24,3,coke_med,540
frame_139,Rack_2,3,3,coke_med,513
frame_139,Rack_2,47,3,coke_med,486
frame_139,Rack_2,61,6,coke_v_med,485
frame_139,Rack_2,41,6,coke_v_med,458
frame_139,Rack_2,29,6,coke_v_med,430
frame_139,Rack_2,26,2,anw_med,403
frame_139,Rack_2,17,2,anw_med,376
frame_139,Rack_2,43,2,anw_med,350
frame_139,Rack_2,42,2,anw_med,326
frame_139,Rack_2,46,2,anw_med,301
frame_139,Rack_2,7,2,anw_med,275
frame_139,Rack_2,30,15,pepsi_med,251
frame_139,Rack_2,8,15,pepsi_med,229
frame_139,Rack_2,2,15,pepsi_med,205
frame_139,Rack_2,16,15,pepsi_med,183
frame_139,Rack_2,31,15,pepsi_med,159
frame_139,Rack_2,44,15,pepsi_med,135
frame_139,Rack_2,55,13,kick_med,113
frame_139,Rack_2,53,13,kick_med,91
frame_139,Rack_2,52,13,kick_med,68
frame_139,Rack_2,56,13,kick_med,45
frame_139,Rack_2,65,13,kick_med,24
frame_14,Rack_2,45,3,coke_med,580
frame_14,Rack_2,20,3,coke_med,548
frame_14,Rack_2,22,3,coke_med,520
frame_14,Rack_2,24,3,coke_med,494
frame_14,Rack_2,3,3,coke_med,468
frame_14,Rack_2,47,6,coke_v_med,442
frame_14,Rack_2,41,6,coke_v_med,415
frame_14,Rack_2,29,6,coke_v_med,389
frame_14,Rack_2,26,2,anw_med,363
frame_14,Rack_2,17,2,anw_med,339
frame_14,Rack_2,43,2,anw_med,314
frame_14,Rack_2,42,2,anw_med,290
frame_14,Rack_2,46,2,anw_med,265
frame_14,Rack_2,7,2,anw_med,240
frame_14,Rack_2,30,15,pepsi_med,217
frame_14,Rack_2,8,15,pepsi_med,196
frame_14,Rack_2,2,15,pepsi_med,172
frame_14,Rack_2,16,15,pepsi_med,150
frame_14,Rack_2,31,15,pepsi_med,127
frame_14,Rack_2,44,15,pepsi_med,103
frame_14,Rack_2,55,13,kick_med,81
frame_14,Rack_2,53,13,kick_med,59
frame_14,Rack_2,52,13,kick_med,36
frame_140,Rack_2,45,3,coke_med,624
frame_140,Rack_2,20,3,coke_med,598
frame_140,Rack_2,22,3,coke_med,568
frame_140,Rack_2,24,3,coke_med,541
frame_140,Rack_2,3,3,coke_med,514
frame_140,Rack_2,47,3,coke_med,487
frame_140,Rack_2,61,6,coke_v_med,486
frame_140,Rack_2,41,6,coke_v_med,458
frame_140,Rack_2,29,6,coke_v_med,431
frame_140,Rack_2,26,2,anw_med,403
frame_140,Rack_2,17,2,anw_med,376
frame_140,Rack_2,43,2,anw_med,351
frame_140,Rack_2,42,2,anw_med,326
frame_140,Rack_2,46,2,anw_med,301
frame_140,Rack_2,7,2,anw_med,276
frame_140,Rack_2,30,15,pepsi_med,252
frame_140,Rack_2,8,15,pepsi_med,230
frame_140,Rack_2,2,15,pepsi_med,206
frame_140,Rack_2,16,15,pepsi_med,183
frame_140,Rack_2,31,15,pepsi_med,159
frame_140,Rack_2,44,15,pepsi_med,136
frame_140,Rack_2,55,13,kick_med,113
frame_140,Rack_2,53,13,kick_med,91
frame_140,Rack_2,52,13,kick_med,69
frame_140,Rack_2,56,13,kick_med,45
frame_140,Rack_2,65,13,kick_med,25
frame_141,Rack_2,45,3,coke_med,625
frame_141,Rack_2,20,3,coke_med,598
frame_141,Rack_2,22,3,coke_med,569
frame_141,Rack_2,24,3,coke_med,542
frame_141,Rack_2,3,3,coke_med,515
frame_141,Rack_2,47,3,coke_med,487
frame_141,Rack_2,61,6,coke_v_med,487
frame_141,Rack_2,41,6,coke_v_med,459
frame_141,Rack_2,29,6,coke_v_med,431
frame_141,Rack_2,26,2,anw_med,403
frame_141,Rack_2,17,2,anw_med,377
frame_141,Rack_2,43,2,anw_med,351
frame_141,Rack_2,42,2,anw_med,326
frame_141,Rack_2,46,2,anw_med,302
frame_141,Rack_2,7,2,anw_med,276
frame_141,Rack_2,30,15,pepsi_med,252
frame_141,Rack_2,8,15,pepsi_med,231
frame_141,Rack_2,2,15,pepsi_med,206
frame_141,Rack_2,16,15,pepsi_med,184
frame_141,Rack_2,31,15,pepsi_med,160
frame_141,Rack_2,44,15,pepsi_med,136
frame_141,Rack_2,55,13,kick_med,114
frame_141,Rack_2,53,13,kick_med,92
frame_141,Rack_2,52,13,kick_med,69
frame_141,Rack_2,56,13,kick_med,46
frame_141,Rack_2,65,13,kick_med,25
frame_141,Rack_2,63,13,kick_med,2
frame_142,Rack_2,45,3,coke_med,625
frame_142,Rack_2,20,3,coke_med,599
frame_142,Rack_2,22,3,coke_med,569
frame_142,Rack_2,24,3,coke_med,543
frame_142,Rack_2,3,3,coke_med,515
frame_142,Rack_2,47,3,coke_med,488
frame_142,Rack_2,61,6,coke_v_med,488
frame_142,Rack_2,41,6,coke_v_med,459
frame_142,Rack_2,29,6,coke_v_med,431
frame_142,Rack_2,26,2,anw_med,404
frame_142,Rack_2,17,2,anw_med,378
frame_142,Rack_2,43,2,anw_med,352
frame_142,Rack_2,42,2,anw_med,327
frame_142,Rack_2,46,2,anw_med,303
frame_142,Rack_2,7,2,anw_med,277
frame_142,Rack_2,30,15,pepsi_med,253
frame_142,Rack_2,8,15,pepsi_med,231
frame_142,Rack_2,2,15,pepsi_med,207
frame_142,Rack_2,16,15,pepsi_med,184
frame_142,Rack_2,31,15,pepsi_med,160
frame_142,Rack_2,44,15,pepsi_med,137
frame_142,Rack_2,55,13,kick_med,114
frame_142,Rack_2,53,13,kick_med,92
frame_142,Rack_2,52,13,kick_med,69
frame_142,Rack_2,56,13,kick_med,46
frame_142,Rack_2,65,13,kick_med,26
frame_142,Rack_2,63,13,kick_med,2
frame_143,Rack_2,20,3,coke_med,600
frame_143,Rack_2,22,3,coke_med,570
frame_143,Rack_2,24,3,coke_med,543
frame_143,Rack_2,3,3,coke_med,516
frame_143,Rack_2,47,3,coke_med,489
frame_143,Rack_2,61,6,coke_v_med,489
frame_143,Rack_2,41,6,coke_v_med,460
frame_143,Rack_2,29,6,coke_v_med,432
frame_143,Rack_2,26,2,anw_med,404
frame_143,Rack_2,17,2,anw_med,378
frame_143,Rack_2,43,2,anw_med,352
frame_143,Rack_2,42,2,anw_med,327
frame_143,Rack_2,46,2,anw_med,303
frame_143,Rack_2,7,2,anw_med,277
frame_143,Rack_2,30,15,pepsi_med,253
frame_143,Rack_2,8,15,pepsi_med,232
frame_143,Rack_2,2,15,pepsi_med,207
frame_143,Rack_2,16,15,pepsi_med,185
frame_143,Rack_2,31,15,pepsi_med,161
frame_143,Rack_2,44,15,pepsi_med,137
frame_143,Rack_2,55,13,kick_med,115
frame_143,Rack_2,53,13,kick_med,93
frame_143,Rack_2,52,13,kick_med,70
frame_143,Rack_2,56,13,kick_med,47
frame_143,Rack_2,65,13,kick_med,25
frame_143,Rack_2,63,13,kick_med,2
frame_144,Rack_2,20,3,coke_med,602
frame_144,Rack_2,22,3,coke_med,570
frame_144,Rack_2,24,3,coke_med,543
frame_144,Rack_2,3,3,coke_med,516
frame_144,Rack_2,47,3,coke_med,489
frame_144,Rack_2,61,6,coke_v_med,489
frame_144,Rack_2,41,6,coke_v_med,461
frame_144,Rack_2,29,6,coke_v_med,432
frame_144,Rack_2,26,2,anw_med,405
frame_144,Rack_2,17,2,anw_med,379
frame_144,Rack_2,43,2,anw_med,353
frame_144,Rack_2,42,2,anw_med,328
frame_144,Rack_2,46,2,anw_med,303
frame_144,Rack_2,7,2,anw_med,277
frame_144,Rack_2,30,15,pepsi_med,254
frame_144,Rack_2,8,15,pepsi_med,232
frame_144,Rack_2,2,15,pepsi_med,207
frame_144,Rack_2,16,15,pepsi_med,185
frame_144,Rack_2,31,15,pepsi_med,161
frame_144,Rack_2,44,15,pepsi_med,138
frame_144,Rack_2,55,13,kick_med,115
frame_144,Rack_2,53,13,kick_med,93
frame_144,Rack_2,52,13,kick_med,70
frame_144,Rack_2,56,13,kick_med,47
frame_144,Rack_2,65,13,kick_med,25
frame_144,Rack_2,63,13,kick_med,2
frame_145,Rack_2,20,3,coke_med,601
frame_145,Rack_2,22,3,coke_med,571
frame_145,Rack_2,24,3,coke_med,544
frame_145,Rack_2,3,3,coke_med,517
frame_145,Rack_2,47,3,coke_med,489
frame_145,Rack_2,41,6,coke_v_med,461
frame_145,Rack_2,29,6,coke_v_med,433
frame_145,Rack_2,26,2,anw_med,405
frame_145,Rack_2,17,2,anw_med,379
frame_145,Rack_2,43,2,anw_med,354
frame_145,Rack_2,42,2,anw_med,328
frame_145,Rack_2,46,2,anw_med,304
frame_145,Rack_2,7,2,anw_med,278
frame_145,Rack_2,30,15,pepsi_med,254
frame_145,Rack_2,8,15,pepsi_med,232
frame_145,Rack_2,2,15,pepsi_med,208
frame_145,Rack_2,16,15,pepsi_med,185
frame_145,Rack_2,31,15,pepsi_med,161
frame_145,Rack_2,44,15,pepsi_med,138
frame_145,Rack_2,55,13,kick_med,115
frame_145,Rack_2,53,13,kick_med,93
frame_145,Rack_2,52,13,kick_med,71
frame_145,Rack_2,56,13,kick_med,47
frame_145,Rack_2,65,13,kick_med,26
frame_146,Rack_2,20,3,coke_med,601
frame_146,Rack_2,22,3,coke_med,571
frame_146,Rack_2,24,3,coke_med,545
frame_146,Rack_2,3,3,coke_med,517
frame_146,Rack_2,47,3,coke_med,490
frame_146,Rack_2,41,6,coke_v_med,461
frame_146,Rack_2,29,6,coke_v_med,433
frame_146,Rack_2,26,2,anw_med,406
frame_146,Rack_2,17,2,anw_med,380
frame_146,Rack_2,43,2,anw_med,354
frame_146,Rack_2,42,2,anw_med,328
frame_146,Rack_2,46,2,anw_med,304
frame_146,Rack_2,7,2,anw_med,278
frame_146,Rack_2,30,15,pepsi_med,255
frame_146,Rack_2,8,15,pepsi_med,232
frame_146,Rack_2,2,15,pepsi_med,208
frame_146,Rack_2,16,15,pepsi_med,185
frame_146,Rack_2,31,15,pepsi_med,162
frame_146,Rack_2,44,15,pepsi_med,138
frame_146,Rack_2,55,13,kick_med,116
frame_146,Rack_2,53,13,kick_med,94
frame_146,Rack_2,52,13,kick_med,71
frame_146,Rack_2,56,13,kick_med,48
frame_146,Rack_2,65,13,kick_med,27
frame_146,Rack_2,63,13,kick_med,2
frame_147,Rack_2,20,3,coke_med,603
frame_147,Rack_2,22,3,coke_med,572
frame_147,Rack_2,24,3,coke_med,545
frame_147,Rack_2,3,3,coke_med,518
frame_147,Rack_2,47,3,coke_med,490
frame_147,Rack_2,41,6,coke_v_med,462
frame_147,Rack_2,29,6,coke_v_med,434
frame_147,Rack_2,26,2,anw_med,406
frame_147,Rack_2,17,2,anw_med,380
frame_147,Rack_2,43,2,anw_med,355
frame_147,Rack_2,42,2,anw_med,329
frame_147,Rack_2,46,2,anw_med,305
frame_147,Rack_2,7,2,anw_med,279
frame_147,Rack_2,30,15,pepsi_med,255
frame_147,Rack_2,8,15,pepsi_med,233
frame_147,Rack_2,2,15,pepsi_med,208
frame_147,Rack_2,16,15,pepsi_med,186
frame_147,Rack_2,31,15,pepsi_med,162
frame_147,Rack_2,44,15,pepsi_med,138
frame_147,Rack_2,55,13,kick_med,116
frame_147,Rack_2,53,13,kick_med,94
frame_147,Rack_2,52,13,kick_med,71
frame_147,Rack_2,56,13,kick_med,48
frame_147,Rack_2,65,13,kick_med,27
frame_147,Rack_2,63,13,kick_med,2
frame_148,Rack_2,20,3,coke_med,606
frame_148,Rack_2,22,3,coke_med,572
frame_148,Rack_2,24,3,coke_med,546
frame_148,Rack_2,3,3,coke_med,518
frame_148,Rack_2,47,3,coke_med,491
frame_148,Rack_2,61,6,coke_v_med,491
frame_148,Rack_2,41,6,coke_v_med,463
frame_148,Rack_2,29,6,coke_v_med,434
frame_148,Rack_2,26,2,anw_med,407
frame_148,Rack_2,17,2,anw_med,381
frame_148,Rack_2,43,2,anw_med,355
frame_148,Rack_2,42,2,anw_med,330
frame_148,Rack_2,46,2,anw_med,305
frame_148,Rack_2,7,2,anw_med,279
frame_148,Rack_2,30,15,pepsi_med,256
frame_148,Rack_2,8,15,pepsi_med,233
frame_148,Rack_2,2,15,pepsi_med,208
frame_148,Rack_2,16,15,pepsi_med,186
frame_148,Rack_2,31,15,pepsi_med,162
frame_148,Rack_2,44,15,pepsi_med,139
frame_148,Rack_2,55,13,kick_med,116
frame_148,Rack_2,53,13,kick_med,94
frame_148,Rack_2,52,13,kick_med,72
frame_148,Rack_2,56,13,kick_med,48
frame_148,Rack_2,65,13,kick_med,28
frame_149,Rack_2,20,3,coke_med,606
frame_149,Rack_2,22,3,coke_med,573
frame_149,Rack_2,24,3,coke_med,547
frame_149,Rack_2,3,3,coke_med,519
frame_149,Rack_2,47,3,coke_med,491
frame_149,Rack_2,61,6,coke_v_med,491
frame_149,Rack_2,41,6,coke_v_med,463
frame_149,Rack_2,29,6,coke_v_med,435
frame_149,Rack_2,26,2,anw_med,407
frame_149,Rack_2,17,2,anw_med,381
frame_149,Rack_2,43,2,anw_med,355
frame_149,Rack_2,42,2,anw_med,330
frame_149,Rack_2,46,2,anw_med,306
frame_149,Rack_2,7,2,anw_med,280
frame_149,Rack_2,30,15,pepsi_med,256
frame_149,Rack_2,8,15,pepsi_med,234
frame_149,Rack_2,2,15,pepsi_med,209
frame_149,Rack_2,16,15,pepsi_med,187
frame_149,Rack_2,31,15,pepsi_med,163
frame_149,Rack_2,44,15,pepsi_med,140
frame_149,Rack_2,55,13,kick_med,116
frame_149,Rack_2,53,13,kick_med,95
frame_149,Rack_2,52,13,kick_med,72
frame_149,Rack_2,56,13,kick_med,49
frame_149,Rack_2,65,13,kick_med,29
frame_149,Rack_2,63,13,kick_med,2
frame_15,Rack_2,45,3,coke_med,580
frame_15,Rack_2,20,3,coke_med,548
frame_15,Rack_2,22,3,coke_med,520
frame_15,Rack_2,24,3,coke_med,494
frame_15,Rack_2,3,3,coke_med,468
frame_15,Rack_2,47,6,coke_v_med,442
frame_15,Rack_2,41,6,coke_v_med,415
frame_15,Rack_2,29,6,coke_v_med,389
frame_15,Rack_2,26,2,anw_med,363
frame_15,Rack_2,17,2,anw_med,339
frame_15,Rack_2,43,2,anw_med,314
frame_15,Rack_2,42,2,anw_med,290
frame_15,Rack_2,46,2,anw_med,265
frame_15,Rack_2,7,2,anw_med,239
frame_15,Rack_2,30,15,pepsi_med,217
frame_15,Rack_2,8,15,pepsi_med,196
frame_15,Rack_2,2,15,pepsi_med,172
frame_15,Rack_2,16,15,pepsi_med,150
frame_15,Rack_2,31,15,pepsi_med,127
frame_15,Rack_2,44,15,pepsi_med,103
frame_15,Rack_2,55,13,kick_med,80
frame_15,Rack_2,53,13,kick_med,59
frame_15,Rack_2,52,13,kick_med,36
frame_150,Rack_2,20,3,coke_med,608
frame_150,Rack_2,22,3,coke_med,574
frame_150,Rack_2,24,3,coke_med,547
frame_150,Rack_2,3,3,coke_med,520
frame_150,Rack_2,47,3,coke_med,492
frame_150,Rack_2,61,6,coke_v_med,492
frame_150,Rack_2,41,6,coke_v_med,464
frame_150,Rack_2,29,6,coke_v_med,435
frame_150,Rack_2,26,2,anw_med,408
frame_150,Rack_2,17,2,anw_med,382
frame_150,Rack_2,43,2,anw_med,356
frame_150,Rack_2,42,2,anw_med,331
frame_150,Rack_2,46,2,anw_med,306
frame_150,Rack_2,7,2,anw_med,281
frame_150,Rack_2,30,15,pepsi_med,257
frame_150,Rack_2,8,15,pepsi_med,235
frame_150,Rack_2,2,15,pepsi_med,210
frame_150,Rack_2,16,15,pepsi_med,187
frame_150,Rack_2,31,15,pepsi_med,163
frame_150,Rack_2,44,15,pepsi_med,140
frame_150,Rack_2,55,13,kick_med,117
frame_150,Rack_2,53,13,kick_med,95
frame_150,Rack_2,52,13,kick_med,73
frame_150,Rack_2,56,13,kick_med,49
frame_150,Rack_2,65,13,kick_med,29
frame_150,Rack_2,63,13,kick_med,2
frame_151,Rack_2,20,3,coke_med,607
frame_151,Rack_2,22,3,coke_med,575
frame_151,Rack_2,24,3,coke_med,548
frame_151,Rack_2,3,3,coke_med,521
frame_151,Rack_2,47,3,coke_med,493
frame_151,Rack_2,41,6,coke_v_med,465
frame_151,Rack_2,29,6,coke_v_med,436
frame_151,Rack_2,26,2,anw_med,409
frame_151,Rack_2,17,2,anw_med,383
frame_151,Rack_2,43,2,anw_med,357
frame_151,Rack_2,42,2,anw_med,332
frame_151,Rack_2,46,2,anw_med,307
frame_151,Rack_2,7,2,anw_med,281
frame_151,Rack_2,30,15,pepsi_med,258
frame_151,Rack_2,8,15,pepsi_med,235
frame_151,Rack_2,2,15,pepsi_med,211
frame_151,Rack_2,16,15,pepsi_med,188
frame_151,Rack_2,31,15,pepsi_med,164
frame_151,Rack_2,44,15,pepsi_med,141
frame_151,Rack_2,55,13,kick_med,118
frame_151,Rack_2,53,13,kick_med,96
frame_151,Rack_2,52,13,kick_med,73
frame_151,Rack_2,56,13,kick_med,50
frame_151,Rack_2,65,13,kick_med,30
frame_152,Rack_2,20,3,coke_med,608
frame_152,Rack_2,22,3,coke_med,576
frame_152,Rack_2,24,3,coke_med,549
frame_152,Rack_2,3,3,coke_med,521
frame_152,Rack_2,47,3,coke_med,494
frame_152,Rack_2,61,6,coke_v_med,494
frame_152,Rack_2,41,6,coke_v_med,465
frame_152,Rack_2,29,6,coke_v_med,437
frame_152,Rack_2,26,2,anw_med,409
frame_152,Rack_2,17,2,anw_med,383
frame_152,Rack_2,43,2,anw_med,357
frame_152,Rack_2,42,2,anw_med,332
frame_152,Rack_2,46,2,anw_med,308
frame_152,Rack_2,7,2,anw_med,282
frame_152,Rack_2,30,15,pepsi_med,258
frame_152,Rack_2,8,15,pepsi_med,236
frame_152,Rack_2,2,15,pepsi_med,211
frame_152,Rack_2,16,15,pepsi_med,189
frame_152,Rack_2,31,15,pepsi_med,164
frame_152,Rack_2,44,15,pepsi_med,141
frame_152,Rack_2,55,13,kick_med,119
frame_152,Rack_2,53,13,kick_med,97
frame_152,Rack_2,52,13,kick_med,74
frame_152,Rack_2,56,13,kick_med,50
frame_152,Rack_2,65,13,kick_med,30
frame_153,Rack_2,20,3,coke_med,607
frame_153,Rack_2,22,3,coke_med,577
frame_153,Rack_2,24,3,coke_med,549
frame_153,Rack_2,3,3,coke_med,522
frame_153,Rack_2,47,3,coke_med,495
frame_153,Rack_2,41,6,coke_v_med,466
frame_153,Rack_2,29,6,coke_v_med,438
frame_153,Rack_2,26,2,anw_med,410
frame_153,Rack_2,17,2,anw_med,384
frame_153,Rack_2,43,2,anw_med,358
frame_153,Rack_2,42,2,anw_med,333
frame_153,Rack_2,46,2,anw_med,308
frame_153,Rack_2,7,2,anw_med,282
frame_153,Rack_2,30,15,pepsi_med,259
frame_153,Rack_2,8,15,pepsi_med,237
frame_153,Rack_2,2,15,pepsi_med,212
frame_153,Rack_2,16,15,pepsi_med,189
frame_153,Rack_2,31,15,pepsi_med,165
frame_153,Rack_2,44,15,pepsi_med,142
frame_153,Rack_2,55,13,kick_med,119
frame_153,Rack_2,53,13,kick_med,98
frame_153,Rack_2,52,13,kick_med,75
frame_153,Rack_2,56,13,kick_med,51
frame_153,Rack_2,65,13,kick_med,31
frame_153,Rack_2,69,13,kick_med,13
frame_154,Rack_2,20,3,coke_med,607
frame_154,Rack_2,22,3,coke_med,578
frame_154,Rack_2,24,3,coke_med,550
frame_154,Rack_2,3,3,coke_med,523
frame_154,Rack_2,47,3,coke_med,495
frame_154,Rack_2,41,6,coke_v_med,467
frame_154,Rack_2,29,6,coke_v_med,439
frame_154,Rack_2,26,2,anw_med,411
frame_154,Rack_2,17,2,anw_med,385
frame_154,Rack_2,43,2,anw_med,359
frame_154,Rack_2,42,2,anw_med,334
frame_154,Rack_2,46,2,anw_med,309
frame_154,Rack_2,7,2,anw_med,283
frame_154,Rack_2,30,15,pepsi_med,260
frame_154,Rack_2,8,15,pepsi_med,237
frame_154,Rack_2,2,15,pepsi_med,213
frame_154,Rack_2,16,15,pepsi_med,190
frame_154,Rack_2,31,15,pepsi_med,166
frame_154,Rack_2,44,15,pepsi_med,143
frame_154,Rack_2,55,13,kick_med,120
frame_154,Rack_2,53,13,kick_med,98
frame_154,Rack_2,52,13,kick_med,76
frame_154,Rack_2,56,13,kick_med,52
frame_154,Rack_2,65,13,kick_med,32
frame_154,Rack_2,69,13,kick_med,14
frame_155,Rack_2,20,3,coke_med,610
frame_155,Rack_2,22,3,coke_med,578
frame_155,Rack_2,24,3,coke_med,551
frame_155,Rack_2,3,3,coke_med,524
frame_155,Rack_2,61,6,coke_v_med,497
frame_155,Rack_2,47,3,coke_med,496
frame_155,Rack_2,41,6,coke_v_med,467
frame_155,Rack_2,29,6,coke_v_med,439
frame_155,Rack_2,26,2,anw_med,412
frame_155,Rack_2,17,2,anw_med,386
frame_155,Rack_2,43,2,anw_med,359
frame_155,Rack_2,42,2,anw_med,334
frame_155,Rack_2,46,2,anw_med,310
frame_155,Rack_2,7,2,anw_med,284
frame_155,Rack_2,30,15,pepsi_med,260
frame_155,Rack_2,8,15,pepsi_med,238
frame_155,Rack_2,2,15,pepsi_med,213
frame_155,Rack_2,16,15,pepsi_med,191
frame_155,Rack_2,31,15,pepsi_med,167
frame_155,Rack_2,44,15,pepsi_med,143
frame_155,Rack_2,55,13,kick_med,121
frame_155,Rack_2,53,13,kick_med,99
frame_155,Rack_2,52,13,kick_med,76
frame_155,Rack_2,56,13,kick_med,53
frame_155,Rack_2,65,13,kick_med,33
frame_155,Rack_2,69,13,kick_med,14
frame_156,Rack_2,20,3,coke_med,609
frame_156,Rack_2,22,3,coke_med,579
frame_156,Rack_2,24,3,coke_med,552
frame_156,Rack_2,3,3,coke_med,525
frame_156,Rack_2,61,6,coke_v_med,497
frame_156,Rack_2,41,6,coke_v_med,468
frame_156,Rack_2,29,6,coke_v_med,441
frame_156,Rack_2,26,2,anw_med,413
frame_156,Rack_2,17,2,anw_med,387
frame_156,Rack_2,43,2,anw_med,361
frame_156,Rack_2,42,2,anw_med,335
frame_156,Rack_2,46,2,anw_med,311
frame_156,Rack_2,7,2,anw_med,285
frame_156,Rack_2,30,15,pepsi_med,261
frame_156,Rack_2,8,15,pepsi_med,239
frame_156,Rack_2,2,15,pepsi_med,214
frame_156,Rack_2,16,15,pepsi_med,192
frame_156,Rack_2,31,15,pepsi_med,168
frame_156,Rack_2,44,15,pepsi_med,144
frame_156,Rack_2,55,13,kick_med,122
frame_156,Rack_2,53,13,kick_med,100
frame_156,Rack_2,52,13,kick_med,77
frame_156,Rack_2,56,13,kick_med,54
frame_156,Rack_2,65,13,kick_med,33
frame_156,Rack_2,63,13,kick_med,4
frame_157,Rack_2,20,3,coke_med,609
frame_157,Rack_2,22,3,coke_med,580
frame_157,Rack_2,24,3,coke_med,553
frame_157,Rack_2,3,3,coke_med,526
frame_157,Rack_2,61,6,coke_v_med,498
frame_157,Rack_2,41,6,coke_v_med,470
frame_157,Rack_2,29,6,coke_v_med,442
frame_157,Rack_2,26,2,anw_med,413
frame_157,Rack_2,17,2,anw_med,388
frame_157,Rack_2,43,2,anw_med,362
frame_157,Rack_2,42,2,anw_med,336
frame_157,Rack_2,46,2,anw_med,311
frame_157,Rack_2,7,2,anw_med,286
frame_157,Rack_2,30,15,pepsi_med,262
frame_157,Rack_2,8,15,pepsi_med,240
frame_157,Rack_2,2,15,pepsi_med,215
frame_157,Rack_2,16,15,pepsi_med,193
frame_157,Rack_2,31,15,pepsi_med,169
frame_157,Rack_2,44,15,pepsi_med,145
frame_157,Rack_2,55,13,kick_med,123
frame_157,Rack_2,53,13,kick_med,101
frame_157,Rack_2,52,13,kick_med,78
frame_157,Rack_2,56,13,kick_med,55
frame_157,Rack_2,65,13,kick_med,31
frame_157,Rack_2,63,13,kick_med,5
frame_158,Rack_2,20,3,coke_med,609
frame_158,Rack_2,22,3,coke_med,581
frame_158,Rack_2,24,3,coke_med,554
frame_158,Rack_2,3,3,coke_med,527
frame_158,Rack_2,47,3,coke_med,499
frame_158,Rack_2,41,6,coke_v_med,471
frame_158,Rack_2,26,2,anw_med,415
frame_158,Rack_2,17,2,anw_med,389
frame_158,Rack_2,43,2,anw_med,363
frame_158,Rack_2,42,2,anw_med,337
frame_158,Rack_2,46,2,anw_med,312
frame_158,Rack_2,7,2,anw_med,287
frame_158,Rack_2,30,15,pepsi_med,262
frame_158,Rack_2,8,15,pepsi_med,241
frame_158,Rack_2,2,15,pepsi_med,216
frame_158,Rack_2,16,15,pepsi_med,193
frame_158,Rack_2,31,15,pepsi_med,170
frame_158,Rack_2,44,15,pepsi_med,146
frame_158,Rack_2,55,13,kick_med,124
frame_158,Rack_2,53,13,kick_med,102
frame_158,Rack_2,52,13,kick_med,79
frame_158,Rack_2,56,13,kick_med,56
frame_158,Rack_2,65,13,kick_med,32
frame_158,Rack_2,63,13,kick_med,6
frame_159,Rack_2,20,3,coke_med,610
frame_159,Rack_2,22,3,coke_med,582
frame_159,Rack_2,24,3,coke_med,555
frame_159,Rack_2,3,3,coke_med,528
frame_159,Rack_2,47,3,coke_med,501
frame_159,Rack_2,61,6,coke_v_med,501
frame_159,Rack_2,41,6,coke_v_med,472
frame_159,Rack_2,26,2,anw_med,416
frame_159,Rack_2,17,2,anw_med,390
frame_159,Rack_2,43,2,anw_med,363
frame_159,Rack_2,42,2,anw_med,338
frame_159,Rack_2,46,2,anw_med,313
frame_159,Rack_2,7,2,anw_med,288
frame_159,Rack_2,30,15,pepsi_med,263
frame_159,Rack_2,8,15,pepsi_med,241
frame_159,Rack_2,2,15,pepsi_med,217
frame_159,Rack_2,16,15,pepsi_med,194
frame_159,Rack_2,31,15,pepsi_med,171
frame_159,Rack_2,44,15,pepsi_med,147
frame_159,Rack_2,55,13,kick_med,124
frame_159,Rack_2,53,13,kick_med,103
frame_159,Rack_2,52,13,kick_med,80
frame_159,Rack_2,56,13,kick_med,57
frame_159,Rack_2,65,13,kick_med,35
frame_159,Rack_2,63,13,kick_med,5
frame_16,Rack_2,45,3,coke_med,580
frame_16,Rack_2,20,3,coke_med,548
frame_16,Rack_2,22,3,coke_med,520
frame_16,Rack_2,24,3,coke_med,495
frame_16,Rack_2,3,3,coke_med,468
frame_16,Rack_2,47,6,coke_v_med,442
frame_16,Rack_2,41,6,coke_v_med,415
frame_16,Rack_2,29,6,coke_v_med,389
frame_16,Rack_2,26,2,anw_med,363
frame_16,Rack_2,17,2,anw_med,339
frame_16,Rack_2,43,2,anw_med,314
frame_16,Rack_2,42,2,anw_med,290
frame_16,Rack_2,46,2,anw_med,265
frame_16,Rack_2,7,2,anw_med,239
frame_16,Rack_2,30,15,pepsi_med,217
frame_16,Rack_2,8,15,pepsi_med,196
frame_16,Rack_2,2,15,pepsi_med,172
frame_16,Rack_2,16,15,pepsi_med,149
frame_16,Rack_2,31,15,pepsi_med,126
frame_16,Rack_2,44,15,pepsi_med,103
frame_16,Rack_2,55,13,kick_med,80
frame_16,Rack_2,53,13,kick_med,58
frame_16,Rack_2,52,13,kick_med,36
frame_160,Rack_2,20,3,coke_med,614
frame_160,Rack_2,22,3,coke_med,584
frame_160,Rack_2,24,3,coke_med,557
frame_160,Rack_2,3,3,coke_med,530
frame_160,Rack_2,47,6,coke_v_med,502
frame_160,Rack_2,41,6,coke_v_med,473
frame_160,Rack_2,29,6,coke_v_med,444
frame_160,Rack_2,26,2,anw_med,417
frame_160,Rack_2,17,2,anw_med,390
frame_160,Rack_2,43,2,anw_med,364
frame_160,Rack_2,42,2,anw_med,339
frame_160,Rack_2,46,2,anw_med,314
frame_160,Rack_2,7,2,anw_med,288
frame_160,Rack_2,30,15,pepsi_med,265
frame_160,Rack_2,8,15,pepsi_med,243
frame_160,Rack_2,2,15,pepsi_med,218
frame_160,Rack_2,16,15,pepsi_med,195
frame_160,Rack_2,31,15,pepsi_med,171
frame_160,Rack_2,44,15,pepsi_med,148
frame_160,Rack_2,55,13,kick_med,125
frame_160,Rack_2,53,13,kick_med,103
frame_160,Rack_2,52,13,kick_med,81
frame_160,Rack_2,56,13,kick_med,58
frame_160,Rack_2,65,13,kick_med,37
frame_160,Rack_2,69,13,kick_med,18
frame_161,Rack_2,20,3,coke_med,616
frame_161,Rack_2,22,3,coke_med,585
frame_161,Rack_2,24,3,coke_med,559
frame_161,Rack_2,3,3,coke_med,531
frame_161,Rack_2,47,6,coke_v_med,503
frame_161,Rack_2,41,6,coke_v_med,474
frame_161,Rack_2,26,2,anw_med,418
frame_161,Rack_2,17,2,anw_med,391
frame_161,Rack_2,43,2,anw_med,365
frame_161,Rack_2,42,2,anw_med,340
frame_161,Rack_2,46,2,anw_med,315
frame_161,Rack_2,7,2,anw_med,289
frame_161,Rack_2,30,15,pepsi_med,265
frame_161,Rack_2,8,15,pepsi_med,243
frame_161,Rack_2,2,15,pepsi_med,219
frame_161,Rack_2,16,15,pepsi_med,196
frame_161,Rack_2,31,15,pepsi_med,172
frame_161,Rack_2,44,15,pepsi_med,149
frame_161,Rack_2,55,13,kick_med,126
frame_161,Rack_2,53,13,kick_med,104
frame_161,Rack_2,52,13,kick_med,82
frame_161,Rack_2,56,13,kick_med,59
frame_161,Rack_2,65,13,kick_med,39
frame_161,Rack_2,69,13,kick_med,17
frame_162,Rack_2,20,3,coke_med,617
frame_162,Rack_2,22,3,coke_med,586
frame_162,Rack_2,24,3,coke_med,560
frame_162,Rack_2,3,3,coke_med,532
frame_162,Rack_2,47,6,coke_v_med,504
frame_162,Rack_2,61,6,coke_v_med,504
frame_162,Rack_2,41,6,coke_v_med,475
frame_162,Rack_2,29,6,coke_v_med,447
frame_162,Rack_2,26,2,anw_med,419
frame_162,Rack_2,17,2,anw_med,393
frame_162,Rack_2,43,2,anw_med,366
frame_162,Rack_2,42,2,anw_med,341
frame_162,Rack_2,46,2,anw_med,316
frame_162,Rack_2,7,2,anw_med,290
frame_162,Rack_2,30,15,pepsi_med,266
frame_162,Rack_2,8,15,pepsi_med,244
frame_162,Rack_2,2,15,pepsi_med,220
frame_162,Rack_2,16,15,pepsi_med,197
frame_162,Rack_2,31,15,pepsi_med,173
frame_162,Rack_2,44,15,pepsi_med,150
frame_162,Rack_2,55,13,kick_med,127
frame_162,Rack_2,53,13,kick_med,106
frame_162,Rack_2,52,13,kick_med,83
frame_162,Rack_2,56,13,kick_med,60
frame_162,Rack_2,65,13,kick_med,40
frame_162,Rack_2,69,13,kick_med,18
frame_163,Rack_2,20,3,coke_med,618
frame_163,Rack_2,22,3,coke_med,587
frame_163,Rack_2,24,3,coke_med,561
frame_163,Rack_2,3,3,coke_med,533
frame_163,Rack_2,47,6,coke_v_med,505
frame_163,Rack_2,61,6,coke_v_med,505
frame_163,Rack_2,26,2,anw_med,420
frame_163,Rack_2,17,2,anw_med,394
frame_163,Rack_2,43,2,anw_med,367
frame_163,Rack_2,42,2,anw_med,342
frame_163,Rack_2,46,2,anw_med,317
frame_163,Rack_2,7,2,anw_med,291
frame_163,Rack_2,30,15,pepsi_med,267
frame_163,Rack_2,8,15,pepsi_med,245
frame_163,Rack_2,2,15,pepsi_med,221
frame_163,Rack_2,16,15,pepsi_med,198
frame_163,Rack_2,31,15,pepsi_med,174
frame_163,Rack_2,44,15,pepsi_med,151
frame_163,Rack_2,55,13,kick_med,128
frame_163,Rack_2,53,13,kick_med,107
frame_163,Rack_2,52,13,kick_med,84
frame_163,Rack_2,56,13,kick_med,61
frame_163,Rack_2,65,13,kick_med,41
frame_163,Rack_2,69,13,kick_med,19
frame_164,Rack_2,20,3,coke_med,619
frame_164,Rack_2,22,3,coke_med,589
frame_164,Rack_2,24,3,coke_med,562
frame_164,Rack_2,3,3,coke_med,534
frame_164,Rack_2,61,6,coke_v_med,506
frame_164,Rack_2,41,6,coke_v_med,478
frame_164,Rack_2,29,6,coke_v_med,449
frame_164,Rack_2,26,2,anw_med,421
frame_164,Rack_2,17,2,anw_med,395
frame_164,Rack_2,43,2,anw_med,368
frame_164,Rack_2,42,2,anw_med,343
frame_164,Rack_2,46,2,anw_med,318
frame_164,Rack_2,7,2,anw_med,292
frame_164,Rack_2,30,15,pepsi_med,268
frame_164,Rack_2,8,15,pepsi_med,246
frame_164,Rack_2,2,15,pepsi_med,221
frame_164,Rack_2,16,15,pepsi_med,199
frame_164,Rack_2,31,15,pepsi_med,175
frame_164,Rack_2,44,15,pepsi_med,152
frame_164,Rack_2,55,13,kick_med,129
frame_164,Rack_2,53,13,kick_med,107
frame_164,Rack_2,52,13,kick_med,84
frame_164,Rack_2,56,13,kick_med,61
frame_164,Rack_2,65,13,kick_med,42
frame_164,Rack_2,69,13,kick_med,20
frame_165,Rack_2,20,3,coke_med,620
frame_165,Rack_2,22,3,coke_med,590
frame_165,Rack_2,24,3,coke_med,564
frame_165,Rack_2,3,3,coke_med,535
frame_165,Rack_2,47,6,coke_v_med,508
frame_165,Rack_2,61,6,coke_v_med,507
frame_165,Rack_2,41,6,coke_v_med,479
frame_165,Rack_2,29,6,coke_v_med,450
frame_165,Rack_2,26,2,anw_med,422
frame_165,Rack_2,17,2,anw_med,396
frame_165,Rack_2,43,2,anw_med,369
frame_165,Rack_2,42,2,anw_med,343
frame_165,Rack_2,46,2,anw_med,319
frame_165,Rack_2,7,2,anw_med,293
frame_165,Rack_2,30,15,pepsi_med,269
frame_165,Rack_2,8,15,pepsi_med,246
frame_165,Rack_2,2,15,pepsi_med,222
frame_165,Rack_2,16,15,pepsi_med,200
frame_165,Rack_2,31,15,pepsi_med,176
frame_165,Rack_2,44,15,pepsi_med,152
frame_165,Rack_2,55,13,kick_med,130
frame_165,Rack_2,53,13,kick_med,108
frame_165,Rack_2,52,13,kick_med,85
frame_165,Rack_2,56,13,kick_med,62
frame_165,Rack_2,65,13,kick_med,43
frame_165,Rack_2,69,13,kick_med,20
frame_166,Rack_2,20,3,coke_med,620
frame_166,Rack_2,22,3,coke_med,591
frame_166,Rack_2,24,3,coke_med,564
frame_166,Rack_2,3,3,coke_med,536
frame_166,Rack_2,47,6,coke_v_med,509
frame_166,Rack_2,61,6,coke_v_med,508
frame_166,Rack_2,41,6,coke_v_med,479
frame_166,Rack_2,29,6,coke_v_med,451
frame_166,Rack_2,26,2,anw_med,423
frame_166,Rack_2,17,2,anw_med,396
frame_166,Rack_2,43,2,anw_med,370
frame_166,Rack_2,42,2,anw_med,344
frame_166,Rack_2,46,2,anw_med,319
frame_166,Rack_2,7,2,anw_med,294
frame_166,Rack_2,30,15,pepsi_med,270
frame_166,Rack_2,8,15,pepsi_med,247
frame_166,Rack_2,2,15,pepsi_med,223
frame_166,Rack_2,16,15,pepsi_med,201
frame_166,Rack_2,31,15,pepsi_med,177
frame_166,Rack_2,44,15,pepsi_med,153
frame_166,Rack_2,55,13,kick_med,131
frame_166,Rack_2,53,13,kick_med,109
frame_166,Rack_2,52,13,kick_med,86
frame_166,Rack_2,56,13,kick_med,63
frame_166,Rack_2,65,13,kick_med,43
frame_166,Rack_2,69,13,kick_med,21
frame_167,Rack_2,20,3,coke_med,620
frame_167,Rack_2,22,3,coke_med,593
frame_167,Rack_2,24,3,coke_med,565
frame_167,Rack_2,3,3,coke_med,537
frame_167,Rack_2,47,6,coke_v_med,510
frame_167,Rack_2,61,6,coke_v_med,509
frame_167,Rack_2,41,6,coke_v_med,480
frame_167,Rack_2,29,6,coke_v_med,452
frame_167,Rack_2,26,2,anw_med,424
frame_167,Rack_2,17,2,anw_med,397
frame_167,Rack_2,43,2,anw_med,371
frame_167,Rack_2,42,2,anw_med,345
frame_167,Rack_2,46,2,anw_med,320
frame_167,Rack_2,7,2,anw_med,294
frame_167,Rack_2,30,15,pepsi_med,270
frame_167,Rack_2,8,15,pepsi_med,248
frame_167,Rack_2,2,15,pepsi_med,223
frame_167,Rack_2,16,15,pepsi_med,201
frame_167,Rack_2,31,15,pepsi_med,177
frame_167,Rack_2,44,15,pepsi_med,154
frame_167,Rack_2,55,13,kick_med,131
frame_167,Rack_2,53,13,kick_med,109
frame_167,Rack_2,52,13,kick_med,87
frame_167,Rack_2,56,13,kick_med,64
frame_167,Rack_2,65,13,kick_med,44
frame_167,Rack_2,69,13,kick_med,24
frame_168,Rack_2,20,3,coke_med,620
frame_168,Rack_2,22,3,coke_med,594
frame_168,Rack_2,24,3,coke_med,566
frame_168,Rack_2,3,3,coke_med,538
frame_168,Rack_2,47,6,coke_v_med,510
frame_168,Rack_2,61,6,coke_v_med,510
frame_168,Rack_2,41,6,coke_v_med,481
frame_168,Rack_2,29,6,coke_v_med,453
frame_168,Rack_2,26,2,anw_med,425
frame_168,Rack_2,17,2,anw_med,398
frame_168,Rack_2,43,2,anw_med,371
frame_168,Rack_2,42,2,anw_med,346
frame_168,Rack_2,46,2,anw_med,321
frame_168,Rack_2,7,2,anw_med,295
frame_168,Rack_2,30,15,pepsi_med,271
frame_168,Rack_2,8,15,pepsi_med,249
frame_168,Rack_2,2,15,pepsi_med,224
frame_168,Rack_2,16,15,pepsi_med,202
frame_168,Rack_2,31,15,pepsi_med,178
frame_168,Rack_2,44,15,pepsi_med,154
frame_168,Rack_2,55,13,kick_med,132
frame_168,Rack_2,53,13,kick_med,110
frame_168,Rack_2,52,13,kick_med,88
frame_168,Rack_2,56,13,kick_med,64
frame_168,Rack_2,65,13,kick_med,45
frame_168,Rack_2,69,13,kick_med,24
frame_169,Rack_2,20,3,coke_med,620
frame_169,Rack_2,22,3,coke_med,594
frame_169,Rack_2,24,3,coke_med,567
frame_169,Rack_2,3,3,coke_med,539
frame_169,Rack_2,47,6,coke_v_med,511
frame_169,Rack_2,61,6,coke_v_med,511
frame_169,Rack_2,41,6,coke_v_med,482
frame_169,Rack_2,29,6,coke_v_med,454
frame_169,Rack_2,26,2,anw_med,426
frame_169,Rack_2,17,2,anw_med,399
frame_169,Rack_2,43,2,anw_med,372
frame_169,Rack_2,42,2,anw_med,347
frame_169,Rack_2,46,2,anw_med,322
frame_169,Rack_2,7,2,anw_med,296
frame_169,Rack_2,30,15,pepsi_med,272
frame_169,Rack_2,8,15,pepsi_med,250
frame_169,Rack_2,2,15,pepsi_med,225
frame_169,Rack_2,16,15,pepsi_med,203
frame_169,Rack_2,31,15,pepsi_med,179
frame_169,Rack_2,44,15,pepsi_med,155
frame_169,Rack_2,55,13,kick_med,133
frame_169,Rack_2,53,13,kick_med,111
frame_169,Rack_2,52,13,kick_med,88
frame_169,Rack_2,56,13,kick_med,65
frame_169,Rack_2,65,13,kick_med,45
frame_169,Rack_2,69,13,kick_med,25
frame_17,Rack_2,45,3,coke_med,580
frame_17,Rack_2,20,3,coke_med,548
frame_17,Rack_2,22,3,coke_med,519
frame_17,Rack_2,24,3,coke_med,494
frame_17,Rack_2,3,3,coke_med,468
frame_17,Rack_2,47,6,coke_v_med,442
frame_17,Rack_2,41,6,coke_v_med,415
frame_17,Rack_2,29,6,coke_v_med,388
frame_17,Rack_2,26,2,anw_med,363
frame_17,Rack_2,17,2,anw_med,339
frame_17,Rack_2,43,2,anw_med,314
frame_17,Rack_2,42,2,anw_med,290
frame_17,Rack_2,46,2,anw_med,265
frame_17,Rack_2,7,2,anw_med,239
frame_17,Rack_2,30,15,pepsi_med,217
frame_17,Rack_2,8,15,pepsi_med,196
frame_17,Rack_2,2,15,pepsi_med,172
frame_17,Rack_2,16,15,pepsi_med,149
frame_17,Rack_2,31,15,pepsi_med,126
frame_17,Rack_2,44,15,pepsi_med,103
frame_17,Rack_2,55,13,kick_med,80
frame_17,Rack_2,53,13,kick_med,58
frame_17,Rack_2,52,13,kick_med,36
frame_170,Rack_2,20,3,coke_med,621
frame_170,Rack_2,22,3,coke_med,595
frame_170,Rack_2,24,3,coke_med,568
frame_170,Rack_2,3,3,coke_med,540
frame_170,Rack_2,61,6,coke_v_med,512
frame_170,Rack_2,41,6,coke_v_med,483
frame_170,Rack_2,29,6,coke_v_med,455
frame_170,Rack_2,26,2,anw_med,426
frame_170,Rack_2,17,2,anw_med,399
frame_170,Rack_2,43,2,anw_med,373
frame_170,Rack_2,42,2,anw_med,348
frame_170,Rack_2,46,2,anw_med,323
frame_170,Rack_2,7,2,anw_med,297
frame_170,Rack_2,30,15,pepsi_med,273
frame_170,Rack_2,8,15,pepsi_med,251
frame_170,Rack_2,2,15,pepsi_med,226
frame_170,Rack_2,16,15,pepsi_med,203
frame_170,Rack_2,31,15,pepsi_med,180
frame_170,Rack_2,44,15,pepsi_med,156
frame_170,Rack_2,55,13,kick_med,133
frame_170,Rack_2,53,13,kick_med,112
frame_170,Rack_2,52,13,kick_med,89
frame_170,Rack_2,56,13,kick_med,66
frame_170,Rack_2,65,13,kick_med,46
frame_170,Rack_2,69,13,kick_med,25
frame_171,Rack_2,20,3,coke_med,620
frame_171,Rack_2,22,3,coke_med,595
frame_171,Rack_2,24,3,coke_med,569
frame_171,Rack_2,3,3,coke_med,541
frame_171,Rack_2,61,6,coke_v_med,513
frame_171,Rack_2,26,2,anw_med,427
frame_171,Rack_2,17,2,anw_med,401
frame_171,Rack_2,43,2,anw_med,374
frame_171,Rack_2,42,2,anw_med,348
frame_171,Rack_2,46,2,anw_med,324
frame_171,Rack_2,7,2,anw_med,298
frame_171,Rack_2,30,15,pepsi_med,274
frame_171,Rack_2,8,15,pepsi_med,251
frame_171,Rack_2,2,15,pepsi_med,227
frame_171,Rack_2,16,15,pepsi_med,204
frame_171,Rack_2,31,15,pepsi_med,180
frame_171,Rack_2,44,15,pepsi_med,157
frame_171,Rack_2,55,13,kick_med,134
frame_171,Rack_2,53,13,kick_med,112
frame_171,Rack_2,52,13,kick_med,90
frame_171,Rack_2,56,13,kick_med,67
frame_171,Rack_2,65,13,kick_med,47
frame_171,Rack_2,69,13,kick_med,25
frame_171,Rack_2,63,13,kick_med,4
frame_172,Rack_2,22,3,coke_med,596
frame_172,Rack_2,24,3,coke_med,570
frame_172,Rack_2,3,3,coke_med,542
frame_172,Rack_2,47,6,coke_v_med,514
frame_172,Rack_2,61,6,coke_v_med,514
frame_172,Rack_2,26,2,anw_med,428
frame_172,Rack_2,17,2,anw_med,401
frame_172,Rack_2,43,2,anw_med,375
frame_172,Rack_2,42,2,anw_med,349
frame_172,Rack_2,46,2,anw_med,324
frame_172,Rack_2,7,2,anw_med,299
frame_172,Rack_2,30,15,pepsi_med,274
frame_172,Rack_2,8,15,pepsi_med,252
frame_172,Rack_2,2,15,pepsi_med,227
frame_172,Rack_2,16,15,pepsi_med,205
frame_172,Rack_2,31,15,pepsi_med,181
frame_172,Rack_2,44,15,pepsi_med,157
frame_172,Rack_2,55,13,kick_med,135
frame_172,Rack_2,53,13,kick_med,113
frame_172,Rack_2,52,13,kick_med,91
frame_172,Rack_2,56,13,kick_med,67
frame_172,Rack_2,65,13,kick_med,48
frame_172,Rack_2,69,13,kick_med,26
frame_172,Rack_2,63,13,kick_med,4
frame_173,Rack_2,20,3,coke_med,620
frame_173,Rack_2,22,3,coke_med,597
frame_173,Rack_2,24,3,coke_med,571
frame_173,Rack_2,3,3,coke_med,543
frame_173,Rack_2,47,6,coke_v_med,515
frame_173,Rack_2,29,6,coke_v_med,457
frame_173,Rack_2,26,2,anw_med,428
frame_173,Rack_2,17,2,anw_med,402
frame_173,Rack_2,43,2,anw_med,375
frame_173,Rack_2,42,2,anw_med,349
frame_173,Rack_2,46,2,anw_med,325
frame_173,Rack_2,7,2,anw_med,299
frame_173,Rack_2,30,15,pepsi_med,275
frame_173,Rack_2,8,15,pepsi_med,253
frame_173,Rack_2,2,15,pepsi_med,228
frame_173,Rack_2,16,15,pepsi_med,205
frame_173,Rack_2,31,15,pepsi_med,181
frame_173,Rack_2,44,15,pepsi_med,158
frame_173,Rack_2,55,13,kick_med,135
frame_173,Rack_2,53,13,kick_med,114
frame_173,Rack_2,52,13,kick_med,91
frame_173,Rack_2,56,13,kick_med,68
frame_173,Rack_2,65,13,kick_med,48
frame_173,Rack_2,69,13,kick_med,26
frame_173,Rack_2,63,13,kick_med,4
frame_174,Rack_2,20,3,coke_med,621
frame_174,Rack_2,22,3,coke_med,599
frame_174,Rack_2,24,3,coke_med,572
frame_174,Rack_2,3,3,coke_med,544
frame_174,Rack_2,47,6,coke_v_med,516
frame_174,Rack_2,41,6,coke_v_med,487
frame_174,Rack_2,29,6,coke_v_med,458
frame_174,Rack_2,26,2,anw_med,430
frame_174,Rack_2,17,2,anw_med,403
frame_174,Rack_2,43,2,anw_med,376
frame_174,Rack_2,42,2,anw_med,350
frame_174,Rack_2,46,2,anw_med,325
frame_174,Rack_2,7,2,anw_med,300
frame_174,Rack_2,30,15,pepsi_med,275
frame_174,Rack_2,8,15,pepsi_med,253
frame_174,Rack_2,2,15,pepsi_med,228
frame_174,Rack_2,16,15,pepsi_med,206
frame_174,Rack_2,31,15,pepsi_med,182
frame_174,Rack_2,44,15,pepsi_med,159
frame_174,Rack_2,55,13,kick_med,136
frame_174,Rack_2,53,13,kick_med,114
frame_174,Rack_2,52,13,kick_med,92
frame_174,Rack_2,56,13,kick_med,69
frame_174,Rack_2,65,13,kick_med,49
frame_174,Rack_2,69,13,kick_med,28
frame_174,Rack_2,63,13,kick_med,3
frame_175,Rack_2,20,3,coke_med,623
frame_175,Rack_2,22,3,coke_med,600
frame_175,Rack_2,24,3,coke_med,573
frame_175,Rack_2,3,3,coke_med,545
frame_175,Rack_2,47,3,coke_med,517
frame_175,Rack_2,29,6,coke_v_med,458
frame_175,Rack_2,26,2,anw_med,430
frame_175,Rack_2,17,2,anw_med,403
frame_175,Rack_2,43,2,anw_med,377
frame_175,Rack_2,42,2,anw_med,351
frame_175,Rack_2,46,2,anw_med,326
frame_175,Rack_2,7,2,anw_med,300
frame_175,Rack_2,30,15,pepsi_med,276
frame_175,Rack_2,8,15,pepsi_med,254
frame_175,Rack_2,2,15,pepsi_med,229
frame_175,Rack_2,16,15,pepsi_med,207
frame_175,Rack_2,31,15,pepsi_med,183
frame_175,Rack_2,44,15,pepsi_med,159
frame_175,Rack_2,55,13,kick_med,137
frame_175,Rack_2,53,13,kick_med,115
frame_175,Rack_2,52,13,kick_med,93
frame_175,Rack_2,56,13,kick_med,70
frame_175,Rack_2,65,13,kick_med,49
frame_175,Rack_2,69,13,kick_med,29
frame_176,Rack_2,20,3,coke_med,624
frame_176,Rack_2,22,3,coke_med,601
frame_176,Rack_2,24,3,coke_med,574
frame_176,Rack_2,3,3,coke_med,546
frame_176,Rack_2,47,3,coke_med,518
frame_176,Rack_2,26,2,anw_med,431
frame_176,Rack_2,17,2,anw_med,404
frame_176,Rack_2,43,2,anw_med,378
frame_176,Rack_2,42,2,anw_med,352
frame_176,Rack_2,46,2,anw_med,327
frame_176,Rack_2,7,2,anw_med,301
frame_176,Rack_2,30,15,pepsi_med,277
frame_176,Rack_2,8,15,pepsi_med,255
frame_176,Rack_2,2,15,pepsi_med,230
frame_176,Rack_2,16,15,pepsi_med,208
frame_176,Rack_2,31,15,pepsi_med,184
frame_176,Rack_2,44,15,pepsi_med,160
frame_176,Rack_2,55,13,kick_med,138
frame_176,Rack_2,53,13,kick_med,116
frame_176,Rack_2,52,13,kick_med,94
frame_176,Rack_2,56,13,kick_med,71
frame_176,Rack_2,65,13,kick_med,50
frame_176,Rack_2,69,13,kick_med,30
frame_177,Rack_2,20,3,coke_med,624
frame_177,Rack_2,22,3,coke_med,603
frame_177,Rack_2,24,3,coke_med,576
frame_177,Rack_2,3,3,coke_med,548
frame_177,Rack_2,47,3,coke_med,519
frame_177,Rack_2,41,6,coke_v_med,490
frame_177,Rack_2,29,6,coke_v_med,461
frame_177,Rack_2,26,2,anw_med,433
frame_177,Rack_2,17,2,anw_med,405
frame_177,Rack_2,43,2,anw_med,379
frame_177,Rack_2,42,2,anw_med,353
frame_177,Rack_2,46,2,anw_med,328
frame_177,Rack_2,7,2,anw_med,302
frame_177,Rack_2,30,15,pepsi_med,278
frame_177,Rack_2,8,15,pepsi_med,256
frame_177,Rack_2,2,15,pepsi_med,231
frame_177,Rack_2,16,15,pepsi_med,208
frame_177,Rack_2,31,15,pepsi_med,185
frame_177,Rack_2,44,15,pepsi_med,161
frame_177,Rack_2,55,13,kick_med,138
frame_177,Rack_2,53,13,kick_med,117
frame_177,Rack_2,52,13,kick_med,94
frame_177,Rack_2,56,13,kick_med,71
frame_177,Rack_2,65,13,kick_med,51
frame_177,Rack_2,69,13,kick_med,31
frame_178,Rack_2,20,3,coke_med,625
frame_178,Rack_2,22,3,coke_med,604
frame_178,Rack_2,24,3,coke_med,578
frame_178,Rack_2,3,3,coke_med,549
frame_178,Rack_2,61,6,coke_v_med,520
frame_178,Rack_2,41,6,coke_v_med,491
frame_178,Rack_2,26,2,anw_med,434
frame_178,Rack_2,17,2,anw_med,406
frame_178,Rack_2,43,2,anw_med,380
frame_178,Rack_2,42,2,anw_med,354
frame_178,Rack_2,46,2,anw_med,329
frame_178,Rack_2,7,2,anw_med,303
frame_178,Rack_2,30,15,pepsi_med,279
frame_178,Rack_2,8,15,pepsi_med,257
frame_178,Rack_2,2,15,pepsi_med,232
frame_178,Rack_2,16,15,pepsi_med,209
frame_178,Rack_2,31,15,pepsi_med,185
frame_178,Rack_2,44,15,pepsi_med,162
frame_178,Rack_2,55,13,kick_med,139
frame_178,Rack_2,53,13,kick_med,117
frame_178,Rack_2,52,13,kick_med,95
frame_178,Rack_2,56,13,kick_med,72
frame_178,Rack_2,65,13,kick_med,52
frame_178,Rack_2,69,13,kick_med,32
frame_179,Rack_2,20,3,coke_med,627
frame_179,Rack_2,22,3,coke_med,606
frame_179,Rack_2,24,3,coke_med,579
frame_179,Rack_2,3,3,coke_med,550
frame_179,Rack_2,61,6,coke_v_med,522
frame_179,Rack_2,26,2,anw_med,435
frame_179,Rack_2,17,2,anw_med,408
frame_179,Rack_2,43,2,anw_med,381
frame_179,Rack_2,42,2,anw_med,356
frame_179,Rack_2,46,2,anw_med,330
frame_179,Rack_2,7,2,anw_med,304
frame_179,Rack_2,30,15,pepsi_med,280
frame_179,Rack_2,8,15,pepsi_med,258
frame_179,Rack_2,2,15,pepsi_med,233
frame_179,Rack_2,16,15,pepsi_med,210
frame_179,Rack_2,31,15,pepsi_med,187
frame_179,Rack_2,44,15,pepsi_med,163
frame_179,Rack_2,55,13,kick_med,140
frame_179,Rack_2,53,13,kick_med,119
frame_179,Rack_2,52,13,kick_med,96
frame_179,Rack_2,56,13,kick_med,73
frame_179,Rack_2,65,13,kick_med,53
frame_179,Rack_2,69,13,kick_med,33
frame_18,Rack_2,45,3,coke_med,580
frame_18,Rack_2,20,3,coke_med,548
frame_18,Rack_2,22,3,coke_med,519
frame_18,Rack_2,24,3,coke_med,494
frame_18,Rack_2,3,3,coke_med,468
frame_18,Rack_2,47,6,coke_v_med,442
frame_18,Rack_2,41,6,coke_v_med,414
frame_18,Rack_2,29,6,coke_v_med,388
frame_18,Rack_2,26,2,anw_med,363
frame_18,Rack_2,17,2,anw_med,338
frame_18,Rack_2,43,2,anw_med,314
frame_18,Rack_2,42,2,anw_med,290
frame_18,Rack_2,46,2,anw_med,265
frame_18,Rack_2,7,2,anw_med,239
frame_18,Rack_2,30,15,pepsi_med,216
frame_18,Rack_2,8,15,pepsi_med,196
frame_18,Rack_2,2,15,pepsi_med,172
frame_18,Rack_2,16,15,pepsi_med,149
frame_18,Rack_2,31,15,pepsi_med,126
frame_18,Rack_2,44,15,pepsi_med,103
frame_18,Rack_2,55,13,kick_med,80
frame_18,Rack_2,53,13,kick_med,58
frame_18,Rack_2,52,13,kick_med,35
frame_180,Rack_2,20,3,coke_med,628
frame_180,Rack_2,22,3,coke_med,608
frame_180,Rack_2,24,3,coke_med,581
frame_180,Rack_2,3,3,coke_med,552
frame_180,Rack_2,47,3,coke_med,523
frame_180,Rack_2,26,2,anw_med,436
frame_180,Rack_2,17,2,anw_med,409
frame_180,Rack_2,43,2,anw_med,382
frame_180,Rack_2,42,2,anw_med,357
frame_180,Rack_2,46,2,anw_med,331
frame_180,Rack_2,7,2,anw_med,305
frame_180,Rack_2,30,15,pepsi_med,280
frame_180,Rack_2,8,15,pepsi_med,259
frame_180,Rack_2,2,15,pepsi_med,234
frame_180,Rack_2,16,15,pepsi_med,211
frame_180,Rack_2,31,15,pepsi_med,188
frame_180,Rack_2,44,15,pepsi_med,164
frame_180,Rack_2,55,13,kick_med,141
frame_180,Rack_2,53,13,kick_med,119
frame_180,Rack_2,52,13,kick_med,97
frame_180,Rack_2,56,13,kick_med,74
frame_180,Rack_2,65,13,kick_med,54
frame_180,Rack_2,69,13,kick_med,35
frame_181,Rack_2,22,3,coke_med,609
frame_181,Rack_2,24,3,coke_med,582
frame_181,Rack_2,3,3,coke_med,553
frame_181,Rack_2,47,3,coke_med,524
frame_181,Rack_2,26,2,anw_med,437
frame_181,Rack_2,17,2,anw_med,410
frame_181,Rack_2,43,2,anw_med,384
frame_181,Rack_2,42,2,anw_med,358
frame_181,Rack_2,46,2,anw_med,332
frame_181,Rack_2,7,2,anw_med,306
frame_181,Rack_2,30,15,pepsi_med,281
frame_181,Rack_2,8,15,pepsi_med,259
frame_181,Rack_2,2,15,pepsi_med,235
frame_181,Rack_2,16,15,pepsi_med,212
frame_181,Rack_2,31,15,pepsi_med,189
frame_181,Rack_2,44,15,pepsi_med,165
frame_181,Rack_2,55,13,kick_med,142
frame_181,Rack_2,53,13,kick_med,120
frame_181,Rack_2,52,13,kick_med,98
frame_181,Rack_2,56,13,kick_med,75
frame_181,Rack_2,69,13,kick_med,36
frame_182,Rack_2,22,3,coke_med,610
frame_182,Rack_2,24,3,coke_med,583
frame_182,Rack_2,3,3,coke_med,555
frame_182,Rack_2,47,3,coke_med,526
frame_182,Rack_2,26,2,anw_med,438
frame_182,Rack_2,17,2,anw_med,411
frame_182,Rack_2,43,2,anw_med,385
frame_182,Rack_2,42,2,anw_med,358
frame_182,Rack_2,46,2,anw_med,333
frame_182,Rack_2,7,2,anw_med,307
frame_182,Rack_2,30,15,pepsi_med,282
frame_182,Rack_2,8,15,pepsi_med,260
frame_182,Rack_2,2,15,pepsi_med,236
frame_182,Rack_2,16,15,pepsi_med,213
frame_182,Rack_2,31,15,pepsi_med,189
frame_182,Rack_2,44,15,pepsi_med,166
frame_182,Rack_2,55,13,kick_med,143
frame_182,Rack_2,53,13,kick_med,121
frame_182,Rack_2,52,13,kick_med,99
frame_182,Rack_2,56,13,kick_med,76
frame_182,Rack_2,65,13,kick_med,56
frame_182,Rack_2,69,13,kick_med,37
frame_183,Rack_2,22,3,coke_med,611
frame_183,Rack_2,24,3,coke_med,585
frame_183,Rack_2,3,3,coke_med,556
frame_183,Rack_2,61,6,coke_v_med,527
frame_183,Rack_2,47,3,coke_med,527
frame_183,Rack_2,41,6,coke_v_med,497
frame_183,Rack_2,29,6,coke_v_med,467
frame_183,Rack_2,26,2,anw_med,439
frame_183,Rack_2,17,2,anw_med,412
frame_183,Rack_2,43,2,anw_med,386
frame_183,Rack_2,42,2,anw_med,359
frame_183,Rack_2,46,2,anw_med,334
frame_183,Rack_2,7,2,anw_med,308
frame_183,Rack_2,30,15,pepsi_med,283
frame_183,Rack_2,8,15,pepsi_med,261
frame_183,Rack_2,2,15,pepsi_med,237
frame_183,Rack_2,16,15,pepsi_med,214
frame_183,Rack_2,31,15,pepsi_med,190
frame_183,Rack_2,44,15,pepsi_med,167
frame_183,Rack_2,55,13,kick_med,144
frame_183,Rack_2,53,13,kick_med,122
frame_183,Rack_2,52,13,kick_med,100
frame_183,Rack_2,56,13,kick_med,77
frame_183,Rack_2,65,13,kick_med,57
frame_183,Rack_2,69,13,kick_med,38
frame_184,Rack_2,22,3,coke_med,612
frame_184,Rack_2,24,3,coke_med,586
frame_184,Rack_2,3,3,coke_med,558
frame_184,Rack_2,61,6,coke_v_med,528
frame_184,Rack_2,47,3,coke_med,528
frame_184,Rack_2,26,2,anw_med,440
frame_184,Rack_2,17,2,anw_med,413
frame_184,Rack_2,43,2,anw_med,387
frame_184,Rack_2,42,2,anw_med,360
frame_184,Rack_2,46,2,anw_med,335
frame_184,Rack_2,7,2,anw_med,308
frame_184,Rack_2,30,15,pepsi_med,284
frame_184,Rack_2,8,15,pepsi_med,262
frame_184,Rack_2,2,15,pepsi_med,237
frame_184,Rack_2,16,15,pepsi_med,215
frame_184,Rack_2,31,15,pepsi_med,191
frame_184,Rack_2,44,15,pepsi_med,167
frame_184,Rack_2,55,13,kick_med,145
frame_184,Rack_2,53,13,kick_med,123
frame_184,Rack_2,52,13,kick_med,101
frame_184,Rack_2,56,13,kick_med,78
frame_184,Rack_2,65,13,kick_med,58
frame_184,Rack_2,69,13,kick_med,39
frame_185,Rack_2,22,3,coke_med,614
frame_185,Rack_2,24,3,coke_med,587
frame_185,Rack_2,3,3,coke_med,558
frame_185,Rack_2,61,6,coke_v_med,529
frame_185,Rack_2,41,6,coke_v_med,498
frame_185,Rack_2,26,2,anw_med,441
frame_185,Rack_2,17,2,anw_med,414
frame_185,Rack_2,43,2,anw_med,388
frame_185,Rack_2,42,2,anw_med,361
frame_185,Rack_2,46,2,anw_med,335
frame_185,Rack_2,7,2,anw_med,309
frame_185,Rack_2,30,15,pepsi_med,285
frame_185,Rack_2,8,15,pepsi_med,263
frame_185,Rack_2,2,15,pepsi_med,238
frame_185,Rack_2,16,15,pepsi_med,215
frame_185,Rack_2,31,15,pepsi_med,191
frame_185,Rack_2,44,15,pepsi_med,168
frame_185,Rack_2,55,13,kick_med,145
frame_185,Rack_2,53,13,kick_med,124
frame_185,Rack_2,52,13,kick_med,102
frame_185,Rack_2,56,13,kick_med,78
frame_185,Rack_2,65,13,kick_med,59
frame_185,Rack_2,69,13,kick_med,39
frame_186,Rack_2,22,3,coke_med,615
frame_186,Rack_2,24,3,coke_med,588
frame_186,Rack_2,3,3,coke_med,560
frame_186,Rack_2,61,6,coke_v_med,530
frame_186,Rack_2,26,2,anw_med,442
frame_186,Rack_2,17,2,anw_med,415
frame_186,Rack_2,43,2,anw_med,388
frame_186,Rack_2,42,2,anw_med,362
frame_186,Rack_2,46,2,anw_med,336
frame_186,Rack_2,7,2,anw_med,310
frame_186,Rack_2,30,15,pepsi_med,285
frame_186,Rack_2,8,15,pepsi_med,263
frame_186,Rack_2,2,15,pepsi_med,239
frame_186,Rack_2,16,15,pepsi_med,216
frame_186,Rack_2,31,15,pepsi_med,192
frame_186,Rack_2,44,15,pepsi_med,169
frame_186,Rack_2,55,13,kick_med,146
frame_186,Rack_2,53,13,kick_med,124
frame_186,Rack_2,52,13,kick_med,102
frame_186,Rack_2,56,13,kick_med,79
frame_186,Rack_2,65,13,kick_med,59
frame_186,Rack_2,69,13,kick_med,40
frame_186,Rack_2,80,13,kick_med,15
frame_187,Rack_2,22,3,coke_med,617
frame_187,Rack_2,24,3,coke_med,589
frame_187,Rack_2,3,3,coke_med,560
frame_187,Rack_2,61,6,coke_v_med,531
frame_187,Rack_2,26,2,anw_med,443
frame_187,Rack_2,17,2,anw_med,415
frame_187,Rack_2,43,2,anw_med,389
frame_187,Rack_2,42,2,anw_med,363
frame_187,Rack_2,46,2,anw_med,337
frame_187,Rack_2,7,2,anw_med,311
frame_187,Rack_2,30,15,pepsi_med,286
frame_187,Rack_2,8,15,pepsi_med,264
frame_187,Rack_2,2,15,pepsi_med,239
frame_187,Rack_2,16,15,pepsi_med,217
frame_187,Rack_2,31,15,pepsi_med,193
frame_187,Rack_2,44,15,pepsi_med,169
frame_187,Rack_2,55,13,kick_med,147
frame_187,Rack_2,53,13,kick_med,125
frame_187,Rack_2,52,13,kick_med,103
frame_187,Rack_2,56,13,kick_med,80
frame_187,Rack_2,65,13,kick_med,60
frame_187,Rack_2,69,13,kick_med,41
frame_187,Rack_2,80,13,kick_med,18
frame_188,Rack_2,22,3,coke_med,618
frame_188,Rack_2,24,3,coke_med,590
frame_188,Rack_2,3,3,coke_med,561
frame_188,Rack_2,61,6,coke_v_med,532
frame_188,Rack_2,26,2,anw_med,444
frame_188,Rack_2,17,2,anw_med,416
frame_188,Rack_2,43,2,anw_med,390
frame_188,Rack_2,42,2,anw_med,364
frame_188,Rack_2,46,2,anw_med,338
frame_188,Rack_2,7,2,anw_med,311
frame_188,Rack_2,30,15,pepsi_med,287
frame_188,Rack_2,8,15,pepsi_med,265
frame_188,Rack_2,2,15,pepsi_med,240
frame_188,Rack_2,16,15,pepsi_med,218
frame_188,Rack_2,31,15,pepsi_med,194
frame_188,Rack_2,44,15,pepsi_med,170
frame_188,Rack_2,55,13,kick_med,147
frame_188,Rack_2,53,13,kick_med,126
frame_188,Rack_2,52,13,kick_med,104
frame_188,Rack_2,56,13,kick_med,81
frame_188,Rack_2,65,13,kick_med,61
frame_188,Rack_2,69,13,kick_med,42
frame_188,Rack_2,80,13,kick_med,20
frame_189,Rack_2,22,3,coke_med,618
frame_189,Rack_2,24,3,coke_med,591
frame_189,Rack_2,3,3,coke_med,562
frame_189,Rack_2,47,3,coke_med,532
frame_189,Rack_2,26,2,anw_med,444
frame_189,Rack_2,17,2,anw_med,417
frame_189,Rack_2,43,2,anw_med,391
frame_189,Rack_2,42,2,anw_med,364
frame_189,Rack_2,46,2,anw_med,339
frame_189,Rack_2,7,2,anw_med,312
frame_189,Rack_2,30,15,pepsi_med,288
frame_189,Rack_2,8,15,pepsi_med,266
frame_189,Rack_2,2,15,pepsi_med,240
frame_189,Rack_2,16,15,pepsi_med,218
frame_189,Rack_2,31,15,pepsi_med,195
frame_189,Rack_2,44,15,pepsi_med,171
frame_189,Rack_2,55,13,kick_med,148
frame_189,Rack_2,53,13,kick_med,126
frame_189,Rack_2,52,13,kick_med,104
frame_189,Rack_2,56,13,kick_med,81
frame_189,Rack_2,65,13,kick_med,61
frame_189,Rack_2,69,13,kick_med,42
frame_189,Rack_2,80,13,kick_med,20
frame_19,Rack_2,45,3,coke_med,580
frame_19,Rack_2,20,3,coke_med,548
frame_19,Rack_2,22,3,coke_med,519
frame_19,Rack_2,24,3,coke_med,494
frame_19,Rack_2,3,3,coke_med,468
frame_19,Rack_2,47,6,coke_v_med,441
frame_19,Rack_2,41,6,coke_v_med,414
frame_19,Rack_2,29,6,coke_v_med,388
frame_19,Rack_2,26,2,anw_med,363
frame_19,Rack_2,17,2,anw_med,338
frame_19,Rack_2,43,2,anw_med,314
frame_19,Rack_2,42,2,anw_med,290
frame_19,Rack_2,46,2,anw_med,265
frame_19,Rack_2,7,2,anw_med,239
frame_19,Rack_2,30,15,pepsi_med,216
frame_19,Rack_2,8,15,pepsi_med,196
frame_19,Rack_2,2,15,pepsi_med,172
frame_19,Rack_2,16,15,pepsi_med,149
frame_19,Rack_2,31,15,pepsi_med,126
frame_19,Rack_2,44,15,pepsi_med,103
frame_19,Rack_2,55,13,kick_med,80
frame_19,Rack_2,53,13,kick_med,58
frame_19,Rack_2,52,13,kick_med,35
frame_190,Rack_2,22,3,coke_med,619
frame_190,Rack_2,24,3,coke_med,592
frame_190,Rack_2,3,3,coke_med,563
frame_190,Rack_2,61,6,coke_v_med,534
frame_190,Rack_2,41,6,coke_v_med,504
frame_190,Rack_2,29,6,coke_v_med,474
frame_190,Rack_2,26,2,anw_med,445
frame_190,Rack_2,17,2,anw_med,418
frame_190,Rack_2,43,2,anw_med,391
frame_190,Rack_2,42,2,anw_med,364
frame_190,Rack_2,46,2,anw_med,340
frame_190,Rack_2,7,2,anw_med,313
frame_190,Rack_2,30,15,pepsi_med,289
frame_190,Rack_2,8,15,pepsi_med,266
frame_190,Rack_2,2,15,pepsi_med,241
frame_190,Rack_2,16,15,pepsi_med,219
frame_190,Rack_2,31,15,pepsi_med,195
frame_190,Rack_2,44,15,pepsi_med,171
frame_190,Rack_2,55,13,kick_med,148
frame_190,Rack_2,53,13,kick_med,127
frame_190,Rack_2,52,13,kick_med,105
frame_190,Rack_2,56,13,kick_med,82
frame_190,Rack_2,65,13,kick_med,62
frame_190,Rack_2,69,13,kick_med,43
frame_191,Rack_2,82,3,coke_med,636
frame_191,Rack_2,22,3,coke_med,620
frame_191,Rack_2,24,3,coke_med,593
frame_191,Rack_2,3,3,coke_med,564
frame_191,Rack_2,61,6,coke_v_med,534
frame_191,Rack_2,41,6,coke_v_med,504
frame_191,Rack_2,29,6,coke_v_med,475
frame_191,Rack_2,26,2,anw_med,446
frame_191,Rack_2,17,2,anw_med,418
frame_191,Rack_2,43,2,anw_med,391
frame_191,Rack_2,42,2,anw_med,365
frame_191,Rack_2,46,2,anw_med,340
frame_191,Rack_2,7,2,anw_med,314
frame_191,Rack_2,30,15,pepsi_med,289
frame_191,Rack_2,8,15,pepsi_med,267
frame_191,Rack_2,2,15,pepsi_med,242
frame_191,Rack_2,16,15,pepsi_med,219
frame_191,Rack_2,31,15,pepsi_med,196
frame_191,Rack_2,44,15,pepsi_med,172
frame_191,Rack_2,55,13,kick_med,149
frame_191,Rack_2,53,13,kick_med,128
frame_191,Rack_2,52,13,kick_med,106
frame_191,Rack_2,56,13,kick_med,83
frame_191,Rack_2,65,13,kick_med,63
frame_191,Rack_2,69,13,kick_med,44
frame_192,Rack_2,82,3,coke_med,636
frame_192,Rack_2,22,3,coke_med,620
frame_192,Rack_2,24,3,coke_med,593
frame_192,Rack_2,3,3,coke_med,565
frame_192,Rack_2,47,3,coke_med,535
frame_192,Rack_2,26,2,anw_med,446
frame_192,Rack_2,17,2,anw_med,419
frame_192,Rack_2,43,2,anw_med,392
frame_192,Rack_2,42,2,anw_med,366
frame_192,Rack_2,46,2,anw_med,341
frame_192,Rack_2,7,2,anw_med,315
frame_192,Rack_2,30,15,pepsi_med,290
frame_192,Rack_2,8,15,pepsi_med,267
frame_192,Rack_2,2,15,pepsi_med,243
frame_192,Rack_2,16,15,pepsi_med,220
frame_192,Rack_2,31,15,pepsi_med,197
frame_192,Rack_2,44,15,pepsi_med,173
frame_192,Rack_2,55,13,kick_med,150
frame_192,Rack_2,53,13,kick_med,128
frame_192,Rack_2,52,13,kick_med,106
frame_192,Rack_2,56,13,kick_med,83
frame_192,Rack_2,65,13,kick_med,64
frame_192,Rack_2,69,13,kick_med,44
frame_193,Rack_2,82,3,coke_med,636
frame_193,Rack_2,22,3,coke_med,621
frame_193,Rack_2,24,3,coke_med,594
frame_193,Rack_2,3,3,coke_med,565
frame_193,Rack_2,61,3,coke_med,536
frame_193,Rack_2,41,6,coke_v_med,506
frame_193,Rack_2,29,6,coke_v_med,476
frame_193,Rack_2,26,2,anw_med,448
frame_193,Rack_2,17,2,anw_med,420
frame_193,Rack_2,43,2,anw_med,393
frame_193,Rack_2,42,2,anw_med,366
frame_193,Rack_2,46,2,anw_med,341
frame_193,Rack_2,7,2,anw_med,315
frame_193,Rack_2,30,15,pepsi_med,291
frame_193,Rack_2,8,15,pepsi_med,268
frame_193,Rack_2,2,15,pepsi_med,243
frame_193,Rack_2,16,15,pepsi_med,221
frame_193,Rack_2,31,15,pepsi_med,197
frame_193,Rack_2,44,15,pepsi_med,174
frame_193,Rack_2,55,13,kick_med,151
frame_193,Rack_2,53,13,kick_med,129
frame_193,Rack_2,52,13,kick_med,107
frame_193,Rack_2,56,13,kick_med,84
frame_193,Rack_2,65,13,kick_med,64
frame_193,Rack_2,69,13,kick_med,45
frame_193,Rack_2,80,13,kick_med,26
frame_194,Rack_2,22,3,coke_med,623
frame_194,Rack_2,24,3,coke_med,596
frame_194,Rack_2,3,3,coke_med,567
frame_194,Rack_2,61,3,coke_med,538
frame_194,Rack_2,26,2,anw_med,449
frame_194,Rack_2,17,2,anw_med,421
frame_194,Rack_2,43,2,anw_med,394
frame_194,Rack_2,42,2,anw_med,367
frame_194,Rack_2,46,2,anw_med,342
frame_194,Rack_2,7,2,anw_med,316
frame_194,Rack_2,30,15,pepsi_med,292
frame_194,Rack_2,8,15,pepsi_med,269
frame_194,Rack_2,2,15,pepsi_med,244
frame_194,Rack_2,16,15,pepsi_med,221
frame_194,Rack_2,31,15,pepsi_med,198
frame_194,Rack_2,44,15,pepsi_med,174
frame_194,Rack_2,55,13,kick_med,152
frame_194,Rack_2,53,13,kick_med,130
frame_194,Rack_2,52,13,kick_med,108
frame_194,Rack_2,56,13,kick_med,85
frame_194,Rack_2,65,13,kick_med,65
frame_194,Rack_2,69,13,kick_med,46
frame_194,Rack_2,80,13,kick_med,27
frame_195,Rack_2,22,3,coke_med,624
frame_195,Rack_2,24,3,coke_med,597
frame_195,Rack_2,3,3,coke_med,568
frame_195,Rack_2,61,3,coke_med,539
frame_195,Rack_2,41,6,coke_v_med,508
frame_195,Rack_2,26,2,anw_med,450
frame_195,Rack_2,17,2,anw_med,422
frame_195,Rack_2,43,2,anw_med,395
frame_195,Rack_2,42,2,anw_med,368
frame_195,Rack_2,46,2,anw_med,342
frame_195,Rack_2,7,2,anw_med,317
frame_195,Rack_2,30,15,pepsi_med,292
frame_195,Rack_2,8,15,pepsi_med,269
frame_195,Rack_2,2,15,pepsi_med,245
frame_195,Rack_2,16,15,pepsi_med,222
frame_195,Rack_2,31,15,pepsi_med,199
frame_195,Rack_2,44,15,pepsi_med,175
frame_195,Rack_2,55,13,kick_med,152
frame_195,Rack_2,53,13,kick_med,131
frame_195,Rack_2,52,13,kick_med,109
frame_195,Rack_2,56,13,kick_med,86
frame_195,Rack_2,65,13,kick_med,66
frame_195,Rack_2,69,13,kick_med,46
frame_196,Rack_2,22,3,coke_med,625
frame_196,Rack_2,24,3,coke_med,598
frame_196,Rack_2,3,3,coke_med,569
frame_196,Rack_2,61,3,coke_med,540
frame_196,Rack_2,26,2,anw_med,450
frame_196,Rack_2,17,2,anw_med,423
frame_196,Rack_2,43,2,anw_med,396
frame_196,Rack_2,42,2,anw_med,369
frame_196,Rack_2,46,2,anw_med,343
frame_196,Rack_2,7,2,anw_med,318
frame_196,Rack_2,30,15,pepsi_med,293
frame_196,Rack_2,8,15,pepsi_med,270
frame_196,Rack_2,2,15,pepsi_med,245
frame_196,Rack_2,16,15,pepsi_med,223
frame_196,Rack_2,31,15,pepsi_med,200
frame_196,Rack_2,44,15,pepsi_med,176
frame_196,Rack_2,55,13,kick_med,153
frame_196,Rack_2,53,13,kick_med,132
frame_196,Rack_2,52,13,kick_med,109
frame_196,Rack_2,56,13,kick_med,87
frame_196,Rack_2,65,13,kick_med,67
frame_196,Rack_2,69,13,kick_med,47
frame_196,Rack_2,80,13,kick_med,29
frame_197,Rack_2,22,3,coke_med,625
frame_197,Rack_2,24,3,coke_med,600
frame_197,Rack_2,3,3,coke_med,570
frame_197,Rack_2,61,6,coke_v_med,541
frame_197,Rack_2,41,6,coke_v_med,510
frame_197,Rack_2,26,2,anw_med,451
frame_197,Rack_2,17,2,anw_med,424
frame_197,Rack_2,43,2,anw_med,397
frame_197,Rack_2,42,2,anw_med,370
frame_197,Rack_2,46,2,anw_med,344
frame_197,Rack_2,7,2,anw_med,318
frame_197,Rack_2,30,15,pepsi_med,293
frame_197,Rack_2,8,15,pepsi_med,271
frame_197,Rack_2,2,15,pepsi_med,246
frame_197,Rack_2,16,15,pepsi_med,224
frame_197,Rack_2,31,15,pepsi_med,201
frame_197,Rack_2,44,15,pepsi_med,177
frame_197,Rack_2,55,13,kick_med,154
frame_197,Rack_2,53,13,kick_med,133
frame_197,Rack_2,52,13,kick_med,111
frame_197,Rack_2,56,13,kick_med,88
frame_197,Rack_2,65,13,kick_med,68
frame_197,Rack_2,69,13,kick_med,49
frame_197,Rack_2,80,13,kick_med,31
frame_198,Rack_2,22,3,coke_med,625
frame_198,Rack_2,24,3,coke_med,600
frame_198,Rack_2,3,3,coke_med,572
frame_198,Rack_2,61,3,coke_med,542
frame_198,Rack_2,26,2,anw_med,452
frame_198,Rack_2,17,2,anw_med,425
frame_198,Rack_2,43,2,anw_med,398
frame_198,Rack_2,42,2,anw_med,371
frame_198,Rack_2,46,2,anw_med,345
frame_198,Rack_2,7,2,anw_med,319
frame_198,Rack_2,30,15,pepsi_med,294
frame_198,Rack_2,8,15,pepsi_med,272
frame_198,Rack_2,2,15,pepsi_med,247
frame_198,Rack_2,16,15,pepsi_med,225
frame_198,Rack_2,31,15,pepsi_med,202
frame_198,Rack_2,44,15,pepsi_med,178
frame_198,Rack_2,55,13,kick_med,155
frame_198,Rack_2,53,13,kick_med,134
frame_198,Rack_2,52,13,kick_med,111
frame_198,Rack_2,56,13,kick_med,89
frame_198,Rack_2,65,13,kick_med,69
frame_198,Rack_2,69,13,kick_med,50
frame_198,Rack_2,80,13,kick_med,32
frame_198,Rack_2,85,13,kick_med,13
frame_199,Rack_2,22,3,coke_med,626
frame_199,Rack_2,24,3,coke_med,602
frame_199,Rack_2,3,3,coke_med,572
frame_199,Rack_2,47,3,coke_med,543
frame_199,Rack_2,26,2,anw_med,453
frame_199,Rack_2,17,2,anw_med,425
frame_199,Rack_2,43,2,anw_med,398
frame_199,Rack_2,42,2,anw_med,372
frame_199,Rack_2,46,2,anw_med,346
frame_199,Rack_2,7,2,anw_med,320
frame_199,Rack_2,30,15,pepsi_med,295
frame_199,Rack_2,8,15,pepsi_med,273
frame_199,Rack_2,2,15,pepsi_med,248
frame_199,Rack_2,16,15,pepsi_med,225
frame_199,Rack_2,31,15,pepsi_med,203
frame_199,Rack_2,44,15,pepsi_med,178
frame_199,Rack_2,55,13,kick_med,156
frame_199,Rack_2,53,13,kick_med,134
frame_199,Rack_2,52,13,kick_med,112
frame_199,Rack_2,56,13,kick_med,90
frame_199,Rack_2,65,13,kick_med,70
frame_199,Rack_2,69,13,kick_med,51
frame_199,Rack_2,85,13,kick_med,13
frame_2,Rack_2,45,3,coke_med,580
frame_2,Rack_2,20,3,coke_med,548
frame_2,Rack_2,22,3,coke_med,519
frame_2,Rack_2,24,3,coke_med,494
frame_2,Rack_2,3,3,coke_med,468
frame_2,Rack_2,47,6,coke_v_med,441
frame_2,Rack_2,41,6,coke_v_med,415
frame_2,Rack_2,29,6,coke_v_med,388
frame_2,Rack_2,26,2,anw_med,363
frame_2,Rack_2,17,2,anw_med,338
frame_2,Rack_2,43,2,anw_med,314
frame_2,Rack_2,42,2,anw_med,289
frame_2,Rack_2,46,2,anw_med,265
frame_2,Rack_2,7,2,anw_med,239
frame_2,Rack_2,30,15,pepsi_med,216
frame_2,Rack_2,8,15,pepsi_med,196
frame_2,Rack_2,2,15,pepsi_med,172
frame_2,Rack_2,16,15,pepsi_med,150
frame_2,Rack_2,31,15,pepsi_med,127
frame_2,Rack_2,44,15,pepsi_med,103
frame_2,Rack_2,55,13,kick_med,81
frame_2,Rack_2,53,13,kick_med,59
frame_2,Rack_2,52,13,kick_med,36
frame_20,Rack_2,45,3,coke_med,580
frame_20,Rack_2,20,3,coke_med,548
frame_20,Rack_2,22,3,coke_med,519
frame_20,Rack_2,24,3,coke_med,494
frame_20,Rack_2,3,3,coke_med,468
frame_20,Rack_2,47,6,coke_v_med,442
frame_20,Rack_2,41,6,coke_v_med,415
frame_20,Rack_2,29,6,coke_v_med,388
frame_20,Rack_2,26,2,anw_med,363
frame_20,Rack_2,17,2,anw_med,338
frame_20,Rack_2,43,2,anw_med,314
frame_20,Rack_2,42,2,anw_med,290
frame_20,Rack_2,46,2,anw_med,265
frame_20,Rack_2,7,2,anw_med,239
frame_20,Rack_2,30,15,pepsi_med,216
frame_20,Rack_2,8,15,pepsi_med,196
frame_20,Rack_2,2,15,pepsi_med,172
frame_20,Rack_2,16,15,pepsi_med,149
frame_20,Rack_2,31,15,pepsi_med,126
frame_20,Rack_2,44,15,pepsi_med,103
frame_20,Rack_2,55,13,kick_med,80
frame_20,Rack_2,53,13,kick_med,58
frame_20,Rack_2,52,13,kick_med,36
frame_200,Rack_2,22,3,coke_med,626
frame_200,Rack_2,24,3,coke_med,602
frame_200,Rack_2,3,3,coke_med,574
frame_200,Rack_2,47,3,coke_med,543
frame_200,Rack_2,26,2,anw_med,454
frame_200,Rack_2,17,2,anw_med,426
frame_200,Rack_2,43,2,anw_med,399
frame_200,Rack_2,42,2,anw_med,372
frame_200,Rack_2,46,2,anw_med,347
frame_200,Rack_2,7,2,anw_med,321
frame_200,Rack_2,30,15,pepsi_med,296
frame_200,Rack_2,8,15,pepsi_med,273
frame_200,Rack_2,2,15,pepsi_med,248
frame_200,Rack_2,16,15,pepsi_med,226
frame_200,Rack_2,31,15,pepsi_med,203
frame_200,Rack_2,44,15,pepsi_med,179
frame_200,Rack_2,55,13,kick_med,156
frame_200,Rack_2,53,13,kick_med,135
frame_200,Rack_2,52,13,kick_med,113
frame_200,Rack_2,56,13,kick_med,90
frame_200,Rack_2,65,13,kick_med,71
frame_200,Rack_2,69,13,kick_med,52
frame_200,Rack_2,80,13,kick_med,33
frame_200,Rack_2,85,13,kick_med,14
frame_201,Rack_2,22,3,coke_med,626
frame_201,Rack_2,24,3,coke_med,603
frame_201,Rack_2,3,3,coke_med,574
frame_201,Rack_2,47,3,coke_med,544
frame_201,Rack_2,29,6,coke_v_med,484
frame_201,Rack_2,26,2,anw_med,455
frame_201,Rack_2,17,2,anw_med,427
frame_201,Rack_2,43,2,anw_med,399
frame_201,Rack_2,42,2,anw_med,373
frame_201,Rack_2,46,2,anw_med,347
frame_201,Rack_2,7,2,anw_med,321
frame_201,Rack_2,30,15,pepsi_med,296
frame_201,Rack_2,8,15,pepsi_med,274
frame_201,Rack_2,2,15,pepsi_med,249
frame_201,Rack_2,16,15,pepsi_med,227
frame_201,Rack_2,31,15,pepsi_med,204
frame_201,Rack_2,44,15,pepsi_med,180
frame_201,Rack_2,55,13,kick_med,157
frame_201,Rack_2,53,13,kick_med,136
frame_201,Rack_2,52,13,kick_med,114
frame_201,Rack_2,56,13,kick_med,91
frame_201,Rack_2,65,13,kick_med,71
frame_201,Rack_2,69,13,kick_med,52
frame_201,Rack_2,80,13,kick_med,33
frame_201,Rack_2,85,13,kick_med,14
frame_202,Rack_2,22,3,coke_med,626
frame_202,Rack_2,24,3,coke_med,603
frame_202,Rack_2,3,3,coke_med,575
frame_202,Rack_2,47,3,coke_med,544
frame_202,Rack_2,29,6,coke_v_med,484
frame_202,Rack_2,26,2,anw_med,455
frame_202,Rack_2,17,2,anw_med,427
frame_202,Rack_2,43,2,anw_med,400
frame_202,Rack_2,42,2,anw_med,373
frame_202,Rack_2,46,2,anw_med,348
frame_202,Rack_2,7,2,anw_med,322
frame_202,Rack_2,30,15,pepsi_med,297
frame_202,Rack_2,8,15,pepsi_med,274
frame_202,Rack_2,2,15,pepsi_med,249
frame_202,Rack_2,16,15,pepsi_med,227
frame_202,Rack_2,31,15,pepsi_med,204
frame_202,Rack_2,44,15,pepsi_med,180
frame_202,Rack_2,55,13,kick_med,157
frame_202,Rack_2,53,13,kick_med,136
frame_202,Rack_2,52,13,kick_med,114
frame_202,Rack_2,56,13,kick_med,91
frame_202,Rack_2,65,13,kick_med,72
frame_202,Rack_2,69,13,kick_med,53
frame_202,Rack_2,80,13,kick_med,34
frame_202,Rack_2,85,13,kick_med,14
frame_203,Rack_2,24,3,coke_med,604
frame_203,Rack_2,3,3,coke_med,575
frame_203,Rack_2,47,3,coke_med,545
frame_203,Rack_2,29,6,coke_v_med,484
frame_203,Rack_2,26,2,anw_med,455
frame_203,Rack_2,17,2,anw_med,427
frame_203,Rack_2,43,2,anw_med,400
frame_203,Rack_2,42,2,anw_med,373
frame_203,Rack_2,46,2,anw_med,348
frame_203,Rack_2,7,2,anw_med,322
frame_203,Rack_2,30,15,pepsi_med,297
frame_203,Rack_2,8,15,pepsi_med,275
frame_203,Rack_2,2,15,pepsi_med,250
frame_203,Rack_2,16,15,pepsi_med,227
frame_203,Rack_2,31,15,pepsi_med,204
frame_203,Rack_2,44,15,pepsi_med,180
frame_203,Rack_2,55,13,kick_med,158
frame_203,Rack_2,53,13,kick_med,136
frame_203,Rack_2,52,13,kick_med,114
frame_203,Rack_2,56,13,kick_med,92
frame_203,Rack_2,65,13,kick_med,72
frame_203,Rack_2,69,13,kick_med,53
frame_203,Rack_2,80,13,kick_med,35
frame_203,Rack_2,85,13,kick_med,14
frame_21,Rack_2,45,3,coke_med,580
frame_21,Rack_2,20,3,coke_med,548
frame_21,Rack_2,22,3,coke_med,519
frame_21,Rack_2,24,3,coke_med,494
frame_21,Rack_2,3,3,coke_med,468
frame_21,Rack_2,47,6,coke_v_med,442
frame_21,Rack_2,41,6,coke_v_med,415
frame_21,Rack_2,29,6,coke_v_med,389
frame_21,Rack_2,26,2,anw_med,363
frame_21,Rack_2,17,2,anw_med,339
frame_21,Rack_2,43,2,anw_med,314
frame_21,Rack_2,42,2,anw_med,290
frame_21,Rack_2,46,2,anw_med,265
frame_21,Rack_2,7,2,anw_med,239
frame_21,Rack_2,30,15,pepsi_med,217
frame_21,Rack_2,8,15,pepsi_med,196
frame_21,Rack_2,2,15,pepsi_med,172
frame_21,Rack_2,16,15,pepsi_med,149
frame_21,Rack_2,31,15,pepsi_med,127
frame_21,Rack_2,44,15,pepsi_med,103
frame_21,Rack_2,55,13,kick_med,80
frame_21,Rack_2,53,13,kick_med,58
frame_21,Rack_2,52,13,kick_med,36
frame_22,Rack_2,45,3,coke_med,580
frame_22,Rack_2,20,3,coke_med,548
frame_22,Rack_2,22,3,coke_med,520
frame_22,Rack_2,24,3,coke_med,495
frame_22,Rack_2,3,3,coke_med,468
frame_22,Rack_2,47,6,coke_v_med,442
frame_22,Rack_2,41,6,coke_v_med,415
frame_22,Rack_2,29,6,coke_v_med,389
frame_22,Rack_2,26,2,anw_med,363
frame_22,Rack_2,17,2,anw_med,339
frame_22,Rack_2,43,2,anw_med,314
frame_22,Rack_2,42,2,anw_med,290
frame_22,Rack_2,46,2,anw_med,266
frame_22,Rack_2,7,2,anw_med,239
frame_22,Rack_2,30,15,pepsi_med,217
frame_22,Rack_2,8,15,pepsi_med,196
frame_22,Rack_2,2,15,pepsi_med,172
frame_22,Rack_2,16,15,pepsi_med,150
frame_22,Rack_2,31,15,pepsi_med,127
frame_22,Rack_2,44,15,pepsi_med,103
frame_22,Rack_2,55,13,kick_med,80
frame_22,Rack_2,53,13,kick_med,59
frame_22,Rack_2,52,13,kick_med,36
frame_23,Rack_2,45,3,coke_med,580
frame_23,Rack_2,20,3,coke_med,548
frame_23,Rack_2,22,3,coke_med,520
frame_23,Rack_2,24,3,coke_med,495
frame_23,Rack_2,3,3,coke_med,468
frame_23,Rack_2,47,6,coke_v_med,442
frame_23,Rack_2,41,6,coke_v_med,415
frame_23,Rack_2,29,6,coke_v_med,389
frame_23,Rack_2,26,2,anw_med,364
frame_23,Rack_2,17,2,anw_med,339
frame_23,Rack_2,43,2,anw_med,314
frame_23,Rack_2,42,2,anw_med,290
frame_23,Rack_2,46,2,anw_med,266
frame_23,Rack_2,7,2,anw_med,240
frame_23,Rack_2,30,15,pepsi_med,217
frame_23,Rack_2,8,15,pepsi_med,196
frame_23,Rack_2,2,15,pepsi_med,172
frame_23,Rack_2,16,15,pepsi_med,150
frame_23,Rack_2,31,15,pepsi_med,127
frame_23,Rack_2,44,15,pepsi_med,103
frame_23,Rack_2,55,13,kick_med,81
frame_23,Rack_2,53,13,kick_med,59
frame_23,Rack_2,52,13,kick_med,36
frame_24,Rack_2,45,3,coke_med,580
frame_24,Rack_2,20,3,coke_med,549
frame_24,Rack_2,22,3,coke_med,520
frame_24,Rack_2,24,3,coke_med,495
frame_24,Rack_2,3,3,coke_med,469
frame_24,Rack_2,47,6,coke_v_med,442
frame_24,Rack_2,41,6,coke_v_med,415
frame_24,Rack_2,29,6,coke_v_med,389
frame_24,Rack_2,26,2,anw_med,364
frame_24,Rack_2,17,2,anw_med,339
frame_24,Rack_2,43,2,anw_med,315
frame_24,Rack_2,42,2,anw_med,291
frame_24,Rack_2,46,2,anw_med,266
frame_24,Rack_2,7,2,anw_med,240
frame_24,Rack_2,30,15,pepsi_med,217
frame_24,Rack_2,8,15,pepsi_med,196
frame_24,Rack_2,2,15,pepsi_med,172
frame_24,Rack_2,16,15,pepsi_med,150
frame_24,Rack_2,31,15,pepsi_med,127
frame_24,Rack_2,44,15,pepsi_med,103
frame_24,Rack_2,55,13,kick_med,81
frame_24,Rack_2,53,13,kick_med,59
frame_24,Rack_2,52,13,kick_med,36
frame_25,Rack_2,45,3,coke_med,581
frame_25,Rack_2,20,3,coke_med,549
frame_25,Rack_2,22,3,coke_med,520
frame_25,Rack_2,24,3,coke_med,495
frame_25,Rack_2,3,3,coke_med,469
frame_25,Rack_2,47,6,coke_v_med,442
frame_25,Rack_2,41,6,coke_v_med,416
frame_25,Rack_2,29,6,coke_v_med,389
frame_25,Rack_2,26,2,anw_med,364
frame_25,Rack_2,17,2,anw_med,339
frame_25,Rack_2,43,2,anw_med,315
frame_25,Rack_2,42,2,anw_med,291
frame_25,Rack_2,46,2,anw_med,266
frame_25,Rack_2,7,2,anw_med,240
frame_25,Rack_2,30,15,pepsi_med,217
frame_25,Rack_2,8,15,pepsi_med,196
frame_25,Rack_2,2,15,pepsi_med,172
frame_25,Rack_2,16,15,pepsi_med,150
frame_25,Rack_2,31,15,pepsi_med,127
frame_25,Rack_2,44,15,pepsi_med,103
frame_25,Rack_2,55,13,kick_med,81
frame_25,Rack_2,53,13,kick_med,59
frame_25,Rack_2,52,13,kick_med,36
frame_26,Rack_2,45,3,coke_med,581
frame_26,Rack_2,20,3,coke_med,549
frame_26,Rack_2,22,3,coke_med,520
frame_26,Rack_2,24,3,coke_med,495
frame_26,Rack_2,3,3,coke_med,469
frame_26,Rack_2,47,6,coke_v_med,443
frame_26,Rack_2,41,6,coke_v_med,416
frame_26,Rack_2,29,6,coke_v_med,390
frame_26,Rack_2,26,2,anw_med,364
frame_26,Rack_2,17,2,anw_med,339
frame_26,Rack_2,43,2,anw_med,315
frame_26,Rack_2,42,2,anw_med,291
frame_26,Rack_2,46,2,anw_med,266
frame_26,Rack_2,7,2,anw_med,240
frame_26,Rack_2,30,15,pepsi_med,217
frame_26,Rack_2,8,15,pepsi_med,197
frame_26,Rack_2,2,15,pepsi_med,173
frame_26,Rack_2,16,15,pepsi_med,150
frame_26,Rack_2,31,15,pepsi_med,127
frame_26,Rack_2,44,15,pepsi_med,104
frame_26,Rack_2,55,13,kick_med,81
frame_26,Rack_2,53,13,kick_med,59
frame_26,Rack_2,52,13,kick_med,36
frame_26,Rack_2,56,13,kick_med,13
frame_27,Rack_2,45,3,coke_med,581
frame_27,Rack_2,20,3,coke_med,549
frame_27,Rack_2,22,3,coke_med,520
frame_27,Rack_2,24,3,coke_med,495
frame_27,Rack_2,3,3,coke_med,469
frame_27,Rack_2,47,6,coke_v_med,443
frame_27,Rack_2,41,6,coke_v_med,416
frame_27,Rack_2,29,6,coke_v_med,390
frame_27,Rack_2,26,2,anw_med,364
frame_27,Rack_2,17,2,anw_med,340
frame_27,Rack_2,43,2,anw_med,315
frame_27,Rack_2,42,2,anw_med,291
frame_27,Rack_2,46,2,anw_med,266
frame_27,Rack_2,7,2,anw_med,240
frame_27,Rack_2,30,15,pepsi_med,217
frame_27,Rack_2,8,15,pepsi_med,197
frame_27,Rack_2,2,15,pepsi_med,173
frame_27,Rack_2,16,15,pepsi_med,150
frame_27,Rack_2,31,15,pepsi_med,127
frame_27,Rack_2,44,15,pepsi_med,104
frame_27,Rack_2,55,13,kick_med,81
frame_27,Rack_2,53,13,kick_med,59
frame_27,Rack_2,52,13,kick_med,36
frame_28,Rack_2,45,3,coke_med,581
frame_28,Rack_2,20,3,coke_med,549
frame_28,Rack_2,22,3,coke_med,520
frame_28,Rack_2,24,3,coke_med,496
frame_28,Rack_2,3,3,coke_med,469
frame_28,Rack_2,47,6,coke_v_med,443
frame_28,Rack_2,61,3,coke_med,443
frame_28,Rack_2,41,6,coke_v_med,416
frame_28,Rack_2,29,6,coke_v_med,390
frame_28,Rack_2,26,2,anw_med,364
frame_28,Rack_2,17,2,anw_med,340
frame_28,Rack_2,43,2,anw_med,315
frame_28,Rack_2,42,2,anw_med,291
frame_28,Rack_2,46,2,anw_med,267
frame_28,Rack_2,7,2,anw_med,240
frame_28,Rack_2,30,15,pepsi_med,217
frame_28,Rack_2,8,15,pepsi_med,197
frame_28,Rack_2,2,15,pepsi_med,173
frame_28,Rack_2,16,15,pepsi_med,150
frame_28,Rack_2,31,15,pepsi_med,127
frame_28,Rack_2,44,15,pepsi_med,104
frame_28,Rack_2,55,13,kick_med,81
frame_28,Rack_2,53,13,kick_med,59
frame_28,Rack_2,52,13,kick_med,36
frame_29,Rack_2,45,3,coke_med,581
frame_29,Rack_2,20,3,coke_med,549
frame_29,Rack_2,22,3,coke_med,521
frame_29,Rack_2,24,3,coke_med,496
frame_29,Rack_2,3,3,coke_med,470
frame_29,Rack_2,47,6,coke_v_med,443
frame_29,Rack_2,61,3,coke_med,443
frame_29,Rack_2,41,6,coke_v_med,416
frame_29,Rack_2,29,6,coke_v_med,390
frame_29,Rack_2,26,2,anw_med,364
frame_29,Rack_2,17,2,anw_med,340
frame_29,Rack_2,43,2,anw_med,315
frame_29,Rack_2,42,2,anw_med,291
frame_29,Rack_2,46,2,anw_med,267
frame_29,Rack_2,7,2,anw_med,241
frame_29,Rack_2,30,15,pepsi_med,218
frame_29,Rack_2,8,15,pepsi_med,197
frame_29,Rack_2,2,15,pepsi_med,173
frame_29,Rack_2,16,15,pepsi_med,150
frame_29,Rack_2,31,15,pepsi_med,127
frame_29,Rack_2,44,15,pepsi_med,104
frame_29,Rack_2,55,13,kick_med,81
frame_29,Rack_2,53,13,kick_med,59
frame_29,Rack_2,52,13,kick_med,36
frame_3,Rack_2,45,3,coke_med,580
frame_3,Rack_2,20,3,coke_med,548
frame_3,Rack_2,22,3,coke_med,520
frame_3,Rack_2,24,3,coke_med,494
frame_3,Rack_2,3,3,coke_med,468
frame_3,Rack_2,47,6,coke_v_med,442
frame_3,Rack_2,41,6,coke_v_med,415
frame_3,Rack_2,29,6,coke_v_med,389
frame_3,Rack_2,26,2,anw_med,363
frame_3,Rack_2,17,2,anw_med,338
frame_3,Rack_2,43,2,anw_med,314
frame_3,Rack_2,42,2,anw_med,289
frame_3,Rack_2,46,2,anw_med,265
frame_3,Rack_2,7,2,anw_med,240
frame_3,Rack_2,30,15,pepsi_med,217
frame_3,Rack_2,8,15,pepsi_med,196
frame_3,Rack_2,2,15,pepsi_med,172
frame_3,Rack_2,16,15,pepsi_med,150
frame_3,Rack_2,31,15,pepsi_med,127
frame_3,Rack_2,44,15,pepsi_med,103
frame_3,Rack_2,55,13,kick_med,81
frame_3,Rack_2,53,13,kick_med,59
frame_3,Rack_2,52,13,kick_med,36
frame_3,Rack_2,56,13,kick_med,13
frame_30,Rack_2,45,3,coke_med,581
frame_30,Rack_2,20,3,coke_med,549
frame_30,Rack_2,22,3,coke_med,521
frame_30,Rack_2,24,3,coke_med,496
frame_30,Rack_2,3,3,coke_med,470
frame_30,Rack_2,47,6,coke_v_med,443
frame_30,Rack_2,61,3,coke_med,443
frame_30,Rack_2,41,6,coke_v_med,416
frame_30,Rack_2,29,6,coke_v_med,390
frame_30,Rack_2,26,2,anw_med,364
frame_30,Rack_2,17,2,anw_med,340
frame_30,Rack_2,43,2,anw_med,315
frame_30,Rack_2,42,2,anw_med,291
frame_30,Rack_2,46,2,anw_med,267
frame_30,Rack_2,7,2,anw_med,241
frame_30,Rack_2,30,15,pepsi_med,217
frame_30,Rack_2,8,15,pepsi_med,197
frame_30,Rack_2,2,15,pepsi_med,173
frame_30,Rack_2,16,15,pepsi_med,150
frame_30,Rack_2,31,15,pepsi_med,127
frame_30,Rack_2,44,15,pepsi_med,104
frame_30,Rack_2,55,13,kick_med,81
frame_30,Rack_2,53,13,kick_med,59
frame_30,Rack_2,52,13,kick_med,36
frame_31,Rack_2,45,3,coke_med,581
frame_31,Rack_2,20,3,coke_med,549
frame_31,Rack_2,22,3,coke_med,521
frame_31,Rack_2,24,3,coke_med,496
frame_31,Rack_2,3,3,coke_med,469
frame_31,Rack_2,47,6,coke_v_med,443
frame_31,Rack_2,41,6,coke_v_med,417
frame_31,Rack_2,29,6,coke_v_med,390
frame_31,Rack_2,26,2,anw_med,364
frame_31,Rack_2,17,2,anw_med,340
frame_31,Rack_2,43,2,anw_med,315
frame_31,Rack_2,42,2,anw_med,291
frame_31,Rack_2,46,2,anw_med,267
frame_31,Rack_2,7,2,anw_med,241
frame_31,Rack_2,30,15,pepsi_med,217
frame_31,Rack_2,8,15,pepsi_med,197
frame_31,Rack_2,2,15,pepsi_med,173
frame_31,Rack_2,16,15,pepsi_med,150
frame_31,Rack_2,31,15,pepsi_med,127
frame_31,Rack_2,44,15,pepsi_med,104
frame_31,Rack_2,55,13,kick_med,81
frame_31,Rack_2,53,13,kick_med,59
frame_31,Rack_2,52,13,kick_med,36
frame_32,Rack_2,45,3,coke_med,581
frame_32,Rack_2,20,3,coke_med,549
frame_32,Rack_2,22,3,coke_med,521
frame_32,Rack_2,24,3,coke_med,496
frame_32,Rack_2,3,3,coke_med,469
frame_32,Rack_2,47,6,coke_v_med,443
frame_32,Rack_2,41,6,coke_v_med,417
frame_32,Rack_2,29,6,coke_v_med,390
frame_32,Rack_2,26,2,anw_med,364
frame_32,Rack_2,17,2,anw_med,340
frame_32,Rack_2,43,2,anw_med,315
frame_32,Rack_2,42,2,anw_med,291
frame_32,Rack_2,46,2,anw_med,266
frame_32,Rack_2,7,2,anw_med,241
frame_32,Rack_2,30,15,pepsi_med,217
frame_32,Rack_2,8,15,pepsi_med,197
frame_32,Rack_2,2,15,pepsi_med,173
frame_32,Rack_2,16,15,pepsi_med,150
frame_32,Rack_2,31,15,pepsi_med,127
frame_32,Rack_2,44,15,pepsi_med,103
frame_32,Rack_2,55,13,kick_med,81
frame_32,Rack_2,53,13,kick_med,59
frame_32,Rack_2,52,13,kick_med,36
frame_33,Rack_2,45,3,coke_med,581
frame_33,Rack_2,20,3,coke_med,549
frame_33,Rack_2,22,3,coke_med,521
frame_33,Rack_2,24,3,coke_med,496
frame_33,Rack_2,3,3,coke_med,469
frame_33,Rack_2,47,6,coke_v_med,443
frame_33,Rack_2,61,3,coke_med,443
frame_33,Rack_2,41,6,coke_v_med,417
frame_33,Rack_2,29,6,coke_v_med,390
frame_33,Rack_2,26,2,anw_med,364
frame_33,Rack_2,17,2,anw_med,340
frame_33,Rack_2,43,2,anw_med,315
frame_33,Rack_2,42,2,anw_med,291
frame_33,Rack_2,46,2,anw_med,266
frame_33,Rack_2,7,2,anw_med,241
frame_33,Rack_2,30,15,pepsi_med,217
frame_33,Rack_2,8,15,pepsi_med,197
frame_33,Rack_2,2,15,pepsi_med,173
frame_33,Rack_2,16,15,pepsi_med,150
frame_33,Rack_2,31,15,pepsi_med,127
frame_33,Rack_2,44,15,pepsi_med,104
frame_33,Rack_2,55,13,kick_med,81
frame_33,Rack_2,53,13,kick_med,59
frame_33,Rack_2,52,13,kick_med,36
frame_34,Rack_2,45,3,coke_med,582
frame_34,Rack_2,20,3,coke_med,550
frame_34,Rack_2,22,3,coke_med,521
frame_34,Rack_2,24,3,coke_med,496
frame_34,Rack_2,3,3,coke_med,470
frame_34,Rack_2,47,6,coke_v_med,443
frame_34,Rack_2,61,3,coke_med,443
frame_34,Rack_2,41,6,coke_v_med,417
frame_34,Rack_2,29,6,coke_v_med,391
frame_34,Rack_2,26,2,anw_med,364
frame_34,Rack_2,17,2,anw_med,340
frame_34,Rack_2,43,2,anw_med,315
frame_34,Rack_2,42,2,anw_med,291
frame_34,Rack_2,46,2,anw_med,267
frame_34,Rack_2,7,2,anw_med,241
frame_34,Rack_2,30,15,pepsi_med,217
frame_34,Rack_2,8,15,pepsi_med,197
frame_34,Rack_2,2,15,pepsi_med,173
frame_34,Rack_2,16,15,pepsi_med,150
frame_34,Rack_2,31,15,pepsi_med,127
frame_34,Rack_2,44,15,pepsi_med,104
frame_34,Rack_2,55,13,kick_med,81
frame_34,Rack_2,53,13,kick_med,59
frame_34,Rack_2,52,13,kick_med,35
frame_35,Rack_2,45,3,coke_med,582
frame_35,Rack_2,20,3,coke_med,550
frame_35,Rack_2,22,3,coke_med,521
frame_35,Rack_2,24,3,coke_med,496
frame_35,Rack_2,3,3,coke_med,470
frame_35,Rack_2,47,6,coke_v_med,444
frame_35,Rack_2,61,3,coke_med,443
frame_35,Rack_2,41,6,coke_v_med,417
frame_35,Rack_2,29,6,coke_v_med,391
frame_35,Rack_2,26,2,anw_med,364
frame_35,Rack_2,17,2,anw_med,340
frame_35,Rack_2,43,2,anw_med,315
frame_35,Rack_2,42,2,anw_med,292
frame_35,Rack_2,46,2,anw_med,267
frame_35,Rack_2,7,2,anw_med,241
frame_35,Rack_2,30,15,pepsi_med,218
frame_35,Rack_2,8,15,pepsi_med,197
frame_35,Rack_2,2,15,pepsi_med,173
frame_35,Rack_2,16,15,pepsi_med,150
frame_35,Rack_2,31,15,pepsi_med,127
frame_35,Rack_2,44,15,pepsi_med,103
frame_35,Rack_2,55,13,kick_med,81
frame_35,Rack_2,53,13,kick_med,59
frame_35,Rack_2,52,13,kick_med,35
frame_36,Rack_2,45,3,coke_med,582
frame_36,Rack_2,20,3,coke_med,550
frame_36,Rack_2,22,3,coke_med,521
frame_36,Rack_2,24,3,coke_med,497
frame_36,Rack_2,3,3,coke_med,470
frame_36,Rack_2,47,6,coke_v_med,444
frame_36,Rack_2,61,3,coke_med,443
frame_36,Rack_2,41,6,coke_v_med,417
frame_36,Rack_2,29,6,coke_v_med,391
frame_36,Rack_2,26,2,anw_med,365
frame_36,Rack_2,17,2,anw_med,340
frame_36,Rack_2,43,2,anw_med,316
frame_36,Rack_2,42,2,anw_med,292
frame_36,Rack_2,46,2,anw_med,267
frame_36,Rack_2,7,2,anw_med,241
frame_36,Rack_2,30,15,pepsi_med,218
frame_36,Rack_2,8,15,pepsi_med,197
frame_36,Rack_2,2,15,pepsi_med,173
frame_36,Rack_2,16,15,pepsi_med,150
frame_36,Rack_2,31,15,pepsi_med,127
frame_36,Rack_2,44,15,pepsi_med,103
frame_36,Rack_2,55,13,kick_med,81
frame_36,Rack_2,53,13,kick_med,59
frame_36,Rack_2,52,13,kick_med,35
frame_37,Rack_2,45,3,coke_med,582
frame_37,Rack_2,20,3,coke_med,550
frame_37,Rack_2,22,3,coke_med,521
frame_37,Rack_2,24,3,coke_med,497
frame_37,Rack_2,3,3,coke_med,470
frame_37,Rack_2,47,6,coke_v_med,444
frame_37,Rack_2,61,3,coke_med,444
frame_37,Rack_2,41,6,coke_v_med,417
frame_37,Rack_2,29,6,coke_v_med,391
frame_37,Rack_2,26,2,anw_med,365
frame_37,Rack_2,17,2,anw_med,340
frame_37,Rack_2,43,2,anw_med,316
frame_37,Rack_2,42,2,anw_med,292
frame_37,Rack_2,46,2,anw_med,267
frame_37,Rack_2,7,2,anw_med,241
frame_37,Rack_2,30,15,pepsi_med,218
frame_37,Rack_2,8,15,pepsi_med,197
frame_37,Rack_2,2,15,pepsi_med,173
frame_37,Rack_2,16,15,pepsi_med,151
frame_37,Rack_2,31,15,pepsi_med,127
frame_37,Rack_2,44,15,pepsi_med,103
frame_37,Rack_2,55,13,kick_med,81
frame_37,Rack_2,53,13,kick_med,59
frame_37,Rack_2,52,13,kick_med,35
frame_38,Rack_2,45,3,coke_med,582
frame_38,Rack_2,20,3,coke_med,550
frame_38,Rack_2,22,3,coke_med,522
frame_38,Rack_2,24,3,coke_med,497
frame_38,Rack_2,3,3,coke_med,470
frame_38,Rack_2,47,6,coke_v_med,444
frame_38,Rack_2,61,3,coke_med,444
frame_38,Rack_2,41,6,coke_v_med,417
frame_38,Rack_2,29,6,coke_v_med,391
frame_38,Rack_2,26,2,anw_med,365
frame_38,Rack_2,17,2,anw_med,340
frame_38,Rack_2,43,2,anw_med,316
frame_38,Rack_2,42,2,anw_med,292
frame_38,Rack_2,46,2,anw_med,267
frame_38,Rack_2,7,2,anw_med,242
frame_38,Rack_2,30,15,pepsi_med,218
frame_38,Rack_2,8,15,pepsi_med,197
frame_38,Rack_2,2,15,pepsi_med,173
frame_38,Rack_2,16,15,pepsi_med,151
frame_38,Rack_2,31,15,pepsi_med,127
frame_38,Rack_2,44,15,pepsi_med,103
frame_38,Rack_2,55,13,kick_med,81
frame_38,Rack_2,53,13,kick_med,59
frame_38,Rack_2,52,13,kick_med,35
frame_39,Rack_2,45,3,coke_med,582
frame_39,Rack_2,20,3,coke_med,550
frame_39,Rack_2,22,3,coke_med,522
frame_39,Rack_2,24,3,coke_med,497
frame_39,Rack_2,3,3,coke_med,470
frame_39,Rack_2,47,6,coke_v_med,444
frame_39,Rack_2,61,3,coke_med,444
frame_39,Rack_2,41,6,coke_v_med,417
frame_39,Rack_2,29,6,coke_v_med,391
frame_39,Rack_2,26,2,anw_med,365
frame_39,Rack_2,17,2,anw_med,340
frame_39,Rack_2,43,2,anw_med,316
frame_39,Rack_2,42,2,anw_med,292
frame_39,Rack_2,46,2,anw_med,267
frame_39,Rack_2,7,2,anw_med,242
frame_39,Rack_2,30,15,pepsi_med,218
frame_39,Rack_2,8,15,pepsi_med,197
frame_39,Rack_2,2,15,pepsi_med,173
frame_39,Rack_2,16,15,pepsi_med,151
frame_39,Rack_2,31,15,pepsi_med,127
frame_39,Rack_2,44,15,pepsi_med,104
frame_39,Rack_2,55,13,kick_med,81
frame_39,Rack_2,53,13,kick_med,59
frame_39,Rack_2,52,13,kick_med,35
frame_4,Rack_2,45,3,coke_med,580
frame_4,Rack_2,20,3,coke_med,548
frame_4,Rack_2,22,3,coke_med,520
frame_4,Rack_2,24,3,coke_med,495
frame_4,Rack_2,3,3,coke_med,468
frame_4,Rack_2,47,6,coke_v_med,442
frame_4,Rack_2,41,6,coke_v_med,415
frame_4,Rack_2,29,6,coke_v_med,389
frame_4,Rack_2,26,2,anw_med,363
frame_4,Rack_2,17,2,anw_med,338
frame_4,Rack_2,43,2,anw_med,314
frame_4,Rack_2,42,2,anw_med,290
frame_4,Rack_2,46,2,anw_med,266
frame_4,Rack_2,7,2,anw_med,240
frame_4,Rack_2,30,15,pepsi_med,217
frame_4,Rack_2,8,15,pepsi_med,196
frame_4,Rack_2,2,15,pepsi_med,172
frame_4,Rack_2,16,15,pepsi_med,150
frame_4,Rack_2,31,15,pepsi_med,127
frame_4,Rack_2,44,15,pepsi_med,103
frame_4,Rack_2,55,13,kick_med,81
frame_4,Rack_2,53,13,kick_med,59
frame_4,Rack_2,52,13,kick_med,36
frame_40,Rack_2,45,3,coke_med,582
frame_40,Rack_2,20,3,coke_med,550
frame_40,Rack_2,22,3,coke_med,522
frame_40,Rack_2,24,3,coke_med,497
frame_40,Rack_2,3,3,coke_med,470
frame_40,Rack_2,47,6,coke_v_med,444
frame_40,Rack_2,41,6,coke_v_med,418
frame_40,Rack_2,29,6,coke_v_med,391
frame_40,Rack_2,26,2,anw_med,365
frame_40,Rack_2,17,2,anw_med,341
frame_40,Rack_2,43,2,anw_med,316
frame_40,Rack_2,42,2,anw_med,292
frame_40,Rack_2,46,2,anw_med,267
frame_40,Rack_2,7,2,anw_med,242
frame_40,Rack_2,30,15,pepsi_med,218
frame_40,Rack_2,8,15,pepsi_med,197
frame_40,Rack_2,2,15,pepsi_med,173
frame_40,Rack_2,16,15,pepsi_med,151
frame_40,Rack_2,31,15,pepsi_med,128
frame_40,Rack_2,44,15,pepsi_med,103
frame_40,Rack_2,55,13,kick_med,81
frame_40,Rack_2,53,13,kick_med,59
frame_40,Rack_2,52,13,kick_med,36
frame_41,Rack_2,45,3,coke_med,583
frame_41,Rack_2,20,3,coke_med,550
frame_41,Rack_2,22,3,coke_med,522
frame_41,Rack_2,24,3,coke_med,497
frame_41,Rack_2,3,3,coke_med,471
frame_41,Rack_2,61,3,coke_med,444
frame_41,Rack_2,41,6,coke_v_med,418
frame_41,Rack_2,29,6,coke_v_med,392
frame_41,Rack_2,26,2,anw_med,365
frame_41,Rack_2,17,2,anw_med,341
frame_41,Rack_2,43,2,anw_med,316
frame_41,Rack_2,42,2,anw_med,292
frame_41,Rack_2,46,2,anw_med,268
frame_41,Rack_2,7,2,anw_med,242
frame_41,Rack_2,30,15,pepsi_med,218
frame_41,Rack_2,8,15,pepsi_med,197
frame_41,Rack_2,2,15,pepsi_med,173
frame_41,Rack_2,16,15,pepsi_med,151
frame_41,Rack_2,31,15,pepsi_med,128
frame_41,Rack_2,44,15,pepsi_med,104
frame_41,Rack_2,55,13,kick_med,81
frame_41,Rack_2,53,13,kick_med,59
frame_41,Rack_2,52,13,kick_med,36
frame_42,Rack_2,45,3,coke_med,583
frame_42,Rack_2,20,3,coke_med,550
frame_42,Rack_2,22,3,coke_med,522
frame_42,Rack_2,24,3,coke_med,498
frame_42,Rack_2,3,3,coke_med,471
frame_42,Rack_2,61,3,coke_med,444
frame_42,Rack_2,41,6,coke_v_med,418
frame_42,Rack_2,29,6,coke_v_med,392
frame_42,Rack_2,26,2,anw_med,365
frame_42,Rack_2,17,2,anw_med,341
frame_42,Rack_2,43,2,anw_med,316
frame_42,Rack_2,42,2,anw_med,292
frame_42,Rack_2,46,2,anw_med,268
frame_42,Rack_2,7,2,anw_med,242
frame_42,Rack_2,30,15,pepsi_med,218
frame_42,Rack_2,8,15,pepsi_med,197
frame_42,Rack_2,2,15,pepsi_med,173
frame_42,Rack_2,16,15,pepsi_med,151
frame_42,Rack_2,31,15,pepsi_med,128
frame_42,Rack_2,44,15,pepsi_med,104
frame_42,Rack_2,55,13,kick_med,81
frame_42,Rack_2,53,13,kick_med,59
frame_42,Rack_2,52,13,kick_med,36
frame_43,Rack_2,45,3,coke_med,583
frame_43,Rack_2,20,3,coke_med,551
frame_43,Rack_2,22,3,coke_med,523
frame_43,Rack_2,24,3,coke_med,498
frame_43,Rack_2,3,3,coke_med,471
frame_43,Rack_2,47,6,coke_v_med,445
frame_43,Rack_2,41,6,coke_v_med,418
frame_43,Rack_2,29,6,coke_v_med,392
frame_43,Rack_2,26,2,anw_med,366
frame_43,Rack_2,17,2,anw_med,341
frame_43,Rack_2,43,2,anw_med,317
frame_43,Rack_2,42,2,anw_med,292
frame_43,Rack_2,46,2,anw_med,268
frame_43,Rack_2,7,2,anw_med,242
frame_43,Rack_2,30,15,pepsi_med,219
frame_43,Rack_2,8,15,pepsi_med,197
frame_43,Rack_2,2,15,pepsi_med,173
frame_43,Rack_2,16,15,pepsi_med,151
frame_43,Rack_2,31,15,pepsi_med,128
frame_43,Rack_2,44,15,pepsi_med,104
frame_43,Rack_2,55,13,kick_med,81
frame_43,Rack_2,53,13,kick_med,59
frame_43,Rack_2,52,13,kick_med,36
frame_44,Rack_2,45,3,coke_med,583
frame_44,Rack_2,20,3,coke_med,551
frame_44,Rack_2,22,3,coke_med,523
frame_44,Rack_2,24,3,coke_med,498
frame_44,Rack_2,3,3,coke_med,471
frame_44,Rack_2,47,6,coke_v_med,445
frame_44,Rack_2,41,6,coke_v_med,418
frame_44,Rack_2,29,6,coke_v_med,392
frame_44,Rack_2,26,2,anw_med,366
frame_44,Rack_2,17,2,anw_med,341
frame_44,Rack_2,43,2,anw_med,317
frame_44,Rack_2,42,2,anw_med,292
frame_44,Rack_2,46,2,anw_med,268
frame_44,Rack_2,7,2,anw_med,242
frame_44,Rack_2,30,15,pepsi_med,219
frame_44,Rack_2,8,15,pepsi_med,198
frame_44,Rack_2,2,15,pepsi_med,173
frame_44,Rack_2,16,15,pepsi_med,151
frame_44,Rack_2,31,15,pepsi_med,128
frame_44,Rack_2,44,15,pepsi_med,104
frame_44,Rack_2,55,13,kick_med,81
frame_44,Rack_2,53,13,kick_med,60
frame_44,Rack_2,52,13,kick_med,36
frame_45,Rack_2,45,3,coke_med,583
frame_45,Rack_2,20,3,coke_med,551
frame_45,Rack_2,22,3,coke_med,523
frame_45,Rack_2,24,3,coke_med,498
frame_45,Rack_2,3,3,coke_med,472
frame_45,Rack_2,47,6,coke_v_med,445
frame_45,Rack_2,61,3,coke_med,445
frame_45,Rack_2,41,6,coke_v_med,418
frame_45,Rack_2,29,6,coke_v_med,392
frame_45,Rack_2,26,2,anw_med,366
frame_45,Rack_2,17,2,anw_med,341
frame_45,Rack_2,43,2,anw_med,317
frame_45,Rack_2,42,2,anw_med,292
frame_45,Rack_2,46,2,anw_med,268
frame_45,Rack_2,7,2,anw_med,242
frame_45,Rack_2,30,15,pepsi_med,219
frame_45,Rack_2,8,15,pepsi_med,198
frame_45,Rack_2,2,15,pepsi_med,173
frame_45,Rack_2,16,15,pepsi_med,151
frame_45,Rack_2,31,15,pepsi_med,128
frame_45,Rack_2,44,15,pepsi_med,104
frame_45,Rack_2,55,13,kick_med,81
frame_45,Rack_2,53,13,kick_med,60
frame_45,Rack_2,52,13,kick_med,36
frame_45,Rack_2,56,13,kick_med,13
frame_46,Rack_2,45,3,coke_med,583
frame_46,Rack_2,20,3,coke_med,551
frame_46,Rack_2,22,3,coke_med,523
frame_46,Rack_2,24,3,coke_med,498
frame_46,Rack_2,3,3,coke_med,472
frame_46,Rack_2,47,6,coke_v_med,446
frame_46,Rack_2,61,3,coke_med,446
frame_46,Rack_2,41,6,coke_v_med,419
frame_46,Rack_2,29,6,coke_v_med,392
frame_46,Rack_2,26,2,anw_med,366
frame_46,Rack_2,17,2,anw_med,342
frame_46,Rack_2,43,2,anw_med,317
frame_46,Rack_2,42,2,anw_med,293
frame_46,Rack_2,46,2,anw_med,268
frame_46,Rack_2,7,2,anw_med,243
frame_46,Rack_2,30,15,pepsi_med,219
frame_46,Rack_2,8,15,pepsi_med,198
frame_46,Rack_2,2,15,pepsi_med,173
frame_46,Rack_2,16,15,pepsi_med,151
frame_46,Rack_2,31,15,pepsi_med,128
frame_46,Rack_2,44,15,pepsi_med,104
frame_46,Rack_2,55,13,kick_med,82
frame_46,Rack_2,53,13,kick_med,60
frame_46,Rack_2,52,13,kick_med,36
frame_47,Rack_2,45,3,coke_med,583
frame_47,Rack_2,20,3,coke_med,552
frame_47,Rack_2,22,3,coke_med,524
frame_47,Rack_2,24,3,coke_med,499
frame_47,Rack_2,3,3,coke_med,472
frame_47,Rack_2,47,6,coke_v_med,446
frame_47,Rack_2,61,3,coke_med,446
frame_47,Rack_2,41,6,coke_v_med,419
frame_47,Rack_2,29,6,coke_v_med,393
frame_47,Rack_2,26,2,anw_med,366
frame_47,Rack_2,17,2,anw_med,342
frame_47,Rack_2,43,2,anw_med,317
frame_47,Rack_2,42,2,anw_med,293
frame_47,Rack_2,46,2,anw_med,269
frame_47,Rack_2,7,2,anw_med,243
frame_47,Rack_2,30,15,pepsi_med,219
frame_47,Rack_2,8,15,pepsi_med,198
frame_47,Rack_2,2,15,pepsi_med,173
frame_47,Rack_2,16,15,pepsi_med,152
frame_47,Rack_2,31,15,pepsi_med,128
frame_47,Rack_2,44,15,pepsi_med,105
frame_47,Rack_2,55,13,kick_med,82
frame_47,Rack_2,53,13,kick_med,60
frame_47,Rack_2,52,13,kick_med,37
frame_47,Rack_2,56,13,kick_med,13
frame_48,Rack_2,45,3,coke_med,584
frame_48,Rack_2,20,3,coke_med,552
frame_48,Rack_2,22,3,coke_med,524
frame_48,Rack_2,24,3,coke_med,499
frame_48,Rack_2,3,3,coke_med,473
frame_48,Rack_2,47,6,coke_v_med,446
frame_48,Rack_2,61,3,coke_med,446
frame_48,Rack_2,41,6,coke_v_med,419
frame_48,Rack_2,29,6,coke_v_med,393
frame_48,Rack_2,26,2,anw_med,367
frame_48,Rack_2,17,2,anw_med,342
frame_48,Rack_2,43,2,anw_med,318
frame_48,Rack_2,42,2,anw_med,293
frame_48,Rack_2,46,2,anw_med,269
frame_48,Rack_2,7,2,anw_med,243
frame_48,Rack_2,30,15,pepsi_med,220
frame_48,Rack_2,8,15,pepsi_med,199
frame_48,Rack_2,2,15,pepsi_med,174
frame_48,Rack_2,16,15,pepsi_med,152
frame_48,Rack_2,31,15,pepsi_med,129
frame_48,Rack_2,44,15,pepsi_med,105
frame_48,Rack_2,55,13,kick_med,82
frame_48,Rack_2,53,13,kick_med,60
frame_48,Rack_2,52,13,kick_med,37
frame_48,Rack_2,56,13,kick_med,13
frame_49,Rack_2,45,3,coke_med,584
frame_49,Rack_2,20,3,coke_med,552
frame_49,Rack_2,22,3,coke_med,524
frame_49,Rack_2,24,3,coke_med,499
frame_49,Rack_2,3,3,coke_med,473
frame_49,Rack_2,47,6,coke_v_med,446
frame_49,Rack_2,61,3,coke_med,446
frame_49,Rack_2,41,6,coke_v_med,419
frame_49,Rack_2,29,6,coke_v_med,393
frame_49,Rack_2,26,2,anw_med,367
frame_49,Rack_2,17,2,anw_med,343
frame_49,Rack_2,43,2,anw_med,318
frame_49,Rack_2,42,2,anw_med,293
frame_49,Rack_2,46,2,anw_med,269
frame_49,Rack_2,7,2,anw_med,244
frame_49,Rack_2,30,15,pepsi_med,220
frame_49,Rack_2,8,15,pepsi_med,199
frame_49,Rack_2,2,15,pepsi_med,174
frame_49,Rack_2,16,15,pepsi_med,152
frame_49,Rack_2,31,15,pepsi_med,129
frame_49,Rack_2,44,15,pepsi_med,105
frame_49,Rack_2,55,13,kick_med,82
frame_49,Rack_2,53,13,kick_med,61
frame_49,Rack_2,52,13,kick_med,37
frame_49,Rack_2,56,13,kick_med,13
frame_5,Rack_2,45,3,coke_med,580
frame_5,Rack_2,20,3,coke_med,548
frame_5,Rack_2,22,3,coke_med,520
frame_5,Rack_2,24,3,coke_med,495
frame_5,Rack_2,3,3,coke_med,468
frame_5,Rack_2,47,6,coke_v_med,442
frame_5,Rack_2,41,6,coke_v_med,415
frame_5,Rack_2,29,6,coke_v_med,389
frame_5,Rack_2,26,2,anw_med,363
frame_5,Rack_2,17,2,anw_med,338
frame_5,Rack_2,43,2,anw_med,314
frame_5,Rack_2,42,2,anw_med,290
frame_5,Rack_2,46,2,anw_med,266
frame_5,Rack_2,7,2,anw_med,240
frame_5,Rack_2,30,15,pepsi_med,217
frame_5,Rack_2,8,15,pepsi_med,196
frame_5,Rack_2,2,15,pepsi_med,172
frame_5,Rack_2,16,15,pepsi_med,150
frame_5,Rack_2,31,15,pepsi_med,127
frame_5,Rack_2,44,15,pepsi_med,103
frame_5,Rack_2,55,13,kick_med,81
frame_5,Rack_2,53,13,kick_med,59
frame_5,Rack_2,52,13,kick_med,36
frame_5,Rack_2,56,13,kick_med,13
frame_50,Rack_2,45,3,coke_med,585
frame_50,Rack_2,20,3,coke_med,553
frame_50,Rack_2,22,3,coke_med,524
frame_50,Rack_2,24,3,coke_med,499
frame_50,Rack_2,3,3,coke_med,473
frame_50,Rack_2,47,6,coke_v_med,447
frame_50,Rack_2,61,3,coke_med,447
frame_50,Rack_2,41,6,coke_v_med,420
frame_50,Rack_2,29,6,coke_v_med,394
frame_50,Rack_2,26,2,anw_med,367
frame_50,Rack_2,17,2,anw_med,343
frame_50,Rack_2,43,2,anw_med,318
frame_50,Rack_2,42,2,anw_med,293
frame_50,Rack_2,46,2,anw_med,269
frame_50,Rack_2,7,2,anw_med,244
frame_50,Rack_2,30,15,pepsi_med,220
frame_50,Rack_2,8,15,pepsi_med,199
frame_50,Rack_2,2,15,pepsi_med,174
frame_50,Rack_2,16,15,pepsi_med,152
frame_50,Rack_2,31,15,pepsi_med,129
frame_50,Rack_2,44,15,pepsi_med,105
frame_50,Rack_2,55,13,kick_med,82
frame_50,Rack_2,53,13,kick_med,61
frame_50,Rack_2,52,13,kick_med,37
frame_50,Rack_2,56,13,kick_med,14
frame_51,Rack_2,45,3,coke_med,585
frame_51,Rack_2,20,3,coke_med,553
frame_51,Rack_2,22,3,coke_med,525
frame_51,Rack_2,24,3,coke_med,500
frame_51,Rack_2,3,3,coke_med,474
frame_51,Rack_2,47,6,coke_v_med,447
frame_51,Rack_2,61,3,coke_med,447
frame_51,Rack_2,41,6,coke_v_med,420
frame_51,Rack_2,29,6,coke_v_med,394
frame_51,Rack_2,26,2,anw_med,367
frame_51,Rack_2,17,2,anw_med,343
frame_51,Rack_2,43,2,anw_med,318
frame_51,Rack_2,42,2,anw_med,294
frame_51,Rack_2,46,2,anw_med,269
frame_51,Rack_2,7,2,anw_med,244
frame_51,Rack_2,30,15,pepsi_med,220
frame_51,Rack_2,8,15,pepsi_med,199
frame_51,Rack_2,2,15,pepsi_med,175
frame_51,Rack_2,16,15,pepsi_med,153
frame_51,Rack_2,31,15,pepsi_med,129
frame_51,Rack_2,44,15,pepsi_med,105
frame_51,Rack_2,55,13,kick_med,83
frame_51,Rack_2,53,13,kick_med,61
frame_51,Rack_2,52,13,kick_med,38
frame_51,Rack_2,56,13,kick_med,14
frame_52,Rack_2,45,3,coke_med,586
frame_52,Rack_2,20,3,coke_med,553
frame_52,Rack_2,22,3,coke_med,525
frame_52,Rack_2,24,3,coke_med,500
frame_52,Rack_2,3,3,coke_med,474
frame_52,Rack_2,47,6,coke_v_med,447
frame_52,Rack_2,61,3,coke_med,447
frame_52,Rack_2,41,6,coke_v_med,420
frame_52,Rack_2,29,6,coke_v_med,394
frame_52,Rack_2,26,2,anw_med,368
frame_52,Rack_2,17,2,anw_med,343
frame_52,Rack_2,43,2,anw_med,319
frame_52,Rack_2,42,2,anw_med,294
frame_52,Rack_2,46,2,anw_med,270
frame_52,Rack_2,7,2,anw_med,244
frame_52,Rack_2,30,15,pepsi_med,220
frame_52,Rack_2,8,15,pepsi_med,200
frame_52,Rack_2,2,15,pepsi_med,175
frame_52,Rack_2,16,15,pepsi_med,153
frame_52,Rack_2,31,15,pepsi_med,130
frame_52,Rack_2,44,15,pepsi_med,106
frame_52,Rack_2,55,13,kick_med,83
frame_52,Rack_2,53,13,kick_med,61
frame_52,Rack_2,52,13,kick_med,38
frame_52,Rack_2,56,13,kick_med,14
frame_53,Rack_2,45,3,coke_med,586
frame_53,Rack_2,20,3,coke_med,553
frame_53,Rack_2,22,3,coke_med,525
frame_53,Rack_2,24,3,coke_med,500
frame_53,Rack_2,3,3,coke_med,474
frame_53,Rack_2,47,6,coke_v_med,447
frame_53,Rack_2,61,3,coke_med,447
frame_53,Rack_2,41,6,coke_v_med,420
frame_53,Rack_2,29,6,coke_v_med,394
frame_53,Rack_2,26,2,anw_med,368
frame_53,Rack_2,17,2,anw_med,343
frame_53,Rack_2,43,2,anw_med,319
frame_53,Rack_2,42,2,anw_med,294
frame_53,Rack_2,46,2,anw_med,270
frame_53,Rack_2,7,2,anw_med,244
frame_53,Rack_2,30,15,pepsi_med,221
frame_53,Rack_2,8,15,pepsi_med,200
frame_53,Rack_2,2,15,pepsi_med,175
frame_53,Rack_2,16,15,pepsi_med,153
frame_53,Rack_2,31,15,pepsi_med,129
frame_53,Rack_2,44,15,pepsi_med,106
frame_53,Rack_2,55,13,kick_med,83
frame_53,Rack_2,53,13,kick_med,61
frame_53,Rack_2,52,13,kick_med,38
frame_53,Rack_2,56,13,kick_med,14
frame_54,Rack_2,45,3,coke_med,586
frame_54,Rack_2,20,3,coke_med,554
frame_54,Rack_2,22,3,coke_med,525
frame_54,Rack_2,24,3,coke_med,500
frame_54,Rack_2,3,3,coke_med,474
frame_54,Rack_2,47,6,coke_v_med,448
frame_54,Rack_2,61,3,coke_med,447
frame_54,Rack_2,41,6,coke_v_med,421
frame_54,Rack_2,29,6,coke_v_med,394
frame_54,Rack_2,26,2,anw_med,368
frame_54,Rack_2,17,2,anw_med,343
frame_54,Rack_2,43,2,anw_med,319
frame_54,Rack_2,42,2,anw_med,294
frame_54,Rack_2,46,2,anw_med,270
frame_54,Rack_2,7,2,anw_med,244
frame_54,Rack_2,30,15,pepsi_med,221
frame_54,Rack_2,8,15,pepsi_med,200
frame_54,Rack_2,2,15,pepsi_med,175
frame_54,Rack_2,16,15,pepsi_med,153
frame_54,Rack_2,31,15,pepsi_med,129
frame_54,Rack_2,44,15,pepsi_med,106
frame_54,Rack_2,55,13,kick_med,83
frame_54,Rack_2,53,13,kick_med,61
frame_54,Rack_2,52,13,kick_med,38
frame_54,Rack_2,56,13,kick_med,14
frame_55,Rack_2,45,3,coke_med,586
frame_55,Rack_2,20,3,coke_med,554
frame_55,Rack_2,22,3,coke_med,525
frame_55,Rack_2,24,3,coke_med,500
frame_55,Rack_2,3,3,coke_med,474
frame_55,Rack_2,47,6,coke_v_med,448
frame_55,Rack_2,61,3,coke_med,448
frame_55,Rack_2,41,6,coke_v_med,421
frame_55,Rack_2,29,6,coke_v_med,395
frame_55,Rack_2,26,2,anw_med,368
frame_55,Rack_2,17,2,anw_med,344
frame_55,Rack_2,43,2,anw_med,319
frame_55,Rack_2,42,2,anw_med,294
frame_55,Rack_2,46,2,anw_med,270
frame_55,Rack_2,7,2,anw_med,244
frame_55,Rack_2,30,15,pepsi_med,221
frame_55,Rack_2,8,15,pepsi_med,200
frame_55,Rack_2,2,15,pepsi_med,175
frame_55,Rack_2,16,15,pepsi_med,153
frame_55,Rack_2,31,15,pepsi_med,130
frame_55,Rack_2,44,15,pepsi_med,106
frame_55,Rack_2,55,13,kick_med,83
frame_55,Rack_2,53,13,kick_med,61
frame_55,Rack_2,52,13,kick_med,38
frame_55,Rack_2,56,13,kick_med,14
frame_56,Rack_2,45,3,coke_med,586
frame_56,Rack_2,20,3,coke_med,554
frame_56,Rack_2,22,3,coke_med,526
frame_56,Rack_2,24,3,coke_med,501
frame_56,Rack_2,3,3,coke_med,474
frame_56,Rack_2,47,6,coke_v_med,448
frame_56,Rack_2,61,3,coke_med,448
frame_56,Rack_2,41,6,coke_v_med,421
frame_56,Rack_2,29,6,coke_v_med,395
frame_56,Rack_2,26,2,anw_med,368
frame_56,Rack_2,17,2,anw_med,344
frame_56,Rack_2,43,2,anw_med,319
frame_56,Rack_2,42,2,anw_med,294
frame_56,Rack_2,46,2,anw_med,270
frame_56,Rack_2,7,2,anw_med,245
frame_56,Rack_2,30,15,pepsi_med,221
frame_56,Rack_2,8,15,pepsi_med,200
frame_56,Rack_2,2,15,pepsi_med,175
frame_56,Rack_2,16,15,pepsi_med,154
frame_56,Rack_2,31,15,pepsi_med,130
frame_56,Rack_2,44,15,pepsi_med,106
frame_56,Rack_2,55,13,kick_med,83
frame_56,Rack_2,53,13,kick_med,62
frame_56,Rack_2,52,13,kick_med,38
frame_56,Rack_2,56,13,kick_med,14
frame_57,Rack_2,45,3,coke_med,586
frame_57,Rack_2,20,3,coke_med,554
frame_57,Rack_2,22,3,coke_med,526
frame_57,Rack_2,24,3,coke_med,501
frame_57,Rack_2,3,3,coke_med,474
frame_57,Rack_2,47,6,coke_v_med,448
frame_57,Rack_2,61,3,coke_med,448
frame_57,Rack_2,41,6,coke_v_med,421
frame_57,Rack_2,29,6,coke_v_med,395
frame_57,Rack_2,26,2,anw_med,369
frame_57,Rack_2,17,2,anw_med,344
frame_57,Rack_2,43,2,anw_med,319
frame_57,Rack_2,42,2,anw_med,294
frame_57,Rack_2,46,2,anw_med,270
frame_57,Rack_2,7,2,anw_med,245
frame_57,Rack_2,30,15,pepsi_med,221
frame_57,Rack_2,8,15,pepsi_med,200
frame_57,Rack_2,2,15,pepsi_med,175
frame_57,Rack_2,16,15,pepsi_med,154
frame_57,Rack_2,31,15,pepsi_med,130
frame_57,Rack_2,44,15,pepsi_med,106
frame_57,Rack_2,55,13,kick_med,83
frame_57,Rack_2,53,13,kick_med,62
frame_57,Rack_2,52,13,kick_med,39
frame_57,Rack_2,56,13,kick_med,14
frame_58,Rack_2,45,3,coke_med,587
frame_58,Rack_2,20,3,coke_med,554
frame_58,Rack_2,22,3,coke_med,526
frame_58,Rack_2,24,3,coke_med,501
frame_58,Rack_2,3,3,coke_med,475
frame_58,Rack_2,47,6,coke_v_med,448
frame_58,Rack_2,61,3,coke_med,448
frame_58,Rack_2,41,6,coke_v_med,421
frame_58,Rack_2,29,6,coke_v_med,395
frame_58,Rack_2,26,2,anw_med,369
frame_58,Rack_2,17,2,anw_med,344
frame_58,Rack_2,43,2,anw_med,319
frame_58,Rack_2,42,2,anw_med,294
frame_58,Rack_2,46,2,anw_med,270
frame_58,Rack_2,7,2,anw_med,245
frame_58,Rack_2,30,15,pepsi_med,221
frame_58,Rack_2,8,15,pepsi_med,200
frame_58,Rack_2,2,15,pepsi_med,176
frame_58,Rack_2,16,15,pepsi_med,154
frame_58,Rack_2,31,15,pepsi_med,130
frame_58,Rack_2,44,15,pepsi_med,106
frame_58,Rack_2,55,13,kick_med,83
frame_58,Rack_2,53,13,kick_med,62
frame_58,Rack_2,52,13,kick_med,39
frame_58,Rack_2,56,13,kick_med,15
frame_59,Rack_2,45,3,coke_med,587
frame_59,Rack_2,20,3,coke_med,555
frame_59,Rack_2,22,3,coke_med,526
frame_59,Rack_2,24,3,coke_med,501
frame_59,Rack_2,3,3,coke_med,475
frame_59,Rack_2,47,6,coke_v_med,448
frame_59,Rack_2,41,6,coke_v_med,422
frame_59,Rack_2,29,6,coke_v_med,395
frame_59,Rack_2,26,2,anw_med,369
frame_59,Rack_2,17,2,anw_med,344
frame_59,Rack_2,43,2,anw_med,319
frame_59,Rack_2,42,2,anw_med,295
frame_59,Rack_2,46,2,anw_med,270
frame_59,Rack_2,7,2,anw_med,245
frame_59,Rack_2,30,15,pepsi_med,222
frame_59,Rack_2,8,15,pepsi_med,200
frame_59,Rack_2,2,15,pepsi_med,176
frame_59,Rack_2,16,15,pepsi_med,154
frame_59,Rack_2,31,15,pepsi_med,130
frame_59,Rack_2,44,15,pepsi_med,106
frame_59,Rack_2,55,13,kick_med,84
frame_59,Rack_2,53,13,kick_med,62
frame_59,Rack_2,52,13,kick_med,39
frame_59,Rack_2,56,13,kick_med,15
frame_6,Rack_2,45,3,coke_med,580
frame_6,Rack_2,20,3,coke_med,548
frame_6,Rack_2,22,3,coke_med,520
frame_6,Rack_2,24,3,coke_med,495
frame_6,Rack_2,3,3,coke_med,468
frame_6,Rack_2,47,6,coke_v_med,442
frame_6,Rack_2,41,6,coke_v_med,415
frame_6,Rack_2,29,6,coke_v_med,389
frame_6,Rack_2,26,2,anw_med,363
frame_6,Rack_2,17,2,anw_med,339
frame_6,Rack_2,43,2,anw_med,314
frame_6,Rack_2,42,2,anw_med,290
frame_6,Rack_2,46,2,anw_med,266
frame_6,Rack_2,7,2,anw_med,240
frame_6,Rack_2,30,15,pepsi_med,217
frame_6,Rack_2,8,15,pepsi_med,196
frame_6,Rack_2,2,15,pepsi_med,172
frame_6,Rack_2,16,15,pepsi_med,150
frame_6,Rack_2,31,15,pepsi_med,127
frame_6,Rack_2,44,15,pepsi_med,103
frame_6,Rack_2,55,13,kick_med,81
frame_6,Rack_2,53,13,kick_med,59
frame_6,Rack_2,52,13,kick_med,36
frame_6,Rack_2,56,13,kick_med,13
frame_60,Rack_2,45,3,coke_med,587
frame_60,Rack_2,20,3,coke_med,555
frame_60,Rack_2,22,3,coke_med,526
frame_60,Rack_2,24,3,coke_med,501
frame_60,Rack_2,3,3,coke_med,475
frame_60,Rack_2,47,6,coke_v_med,449
frame_60,Rack_2,41,6,coke_v_med,422
frame_60,Rack_2,29,6,coke_v_med,395
frame_60,Rack_2,26,2,anw_med,369
frame_60,Rack_2,17,2,anw_med,344
frame_60,Rack_2,43,2,anw_med,319
frame_60,Rack_2,42,2,anw_med,295
frame_60,Rack_2,46,2,anw_med,271
frame_60,Rack_2,7,2,anw_med,245
frame_60,Rack_2,30,15,pepsi_med,222
frame_60,Rack_2,8,15,pepsi_med,201
frame_60,Rack_2,2,15,pepsi_med,176
frame_60,Rack_2,16,15,pepsi_med,154
frame_60,Rack_2,31,15,pepsi_med,130
frame_60,Rack_2,44,15,pepsi_med,106
frame_60,Rack_2,55,13,kick_med,84
frame_60,Rack_2,53,13,kick_med,62
frame_60,Rack_2,52,13,kick_med,39
frame_60,Rack_2,56,13,kick_med,15
frame_61,Rack_2,45,3,coke_med,588
frame_61,Rack_2,20,3,coke_med,555
frame_61,Rack_2,22,3,coke_med,526
frame_61,Rack_2,24,3,coke_med,501
frame_61,Rack_2,3,3,coke_med,475
frame_61,Rack_2,47,6,coke_v_med,449
frame_61,Rack_2,41,6,coke_v_med,422
frame_61,Rack_2,29,6,coke_v_med,395
frame_61,Rack_2,26,2,anw_med,369
frame_61,Rack_2,17,2,anw_med,344
frame_61,Rack_2,43,2,anw_med,319
frame_61,Rack_2,42,2,anw_med,295
frame_61,Rack_2,46,2,anw_med,270
frame_61,Rack_2,7,2,anw_med,245
frame_61,Rack_2,30,15,pepsi_med,222
frame_61,Rack_2,8,15,pepsi_med,201
frame_61,Rack_2,2,15,pepsi_med,176
frame_61,Rack_2,16,15,pepsi_med,154
frame_61,Rack_2,31,15,pepsi_med,130
frame_61,Rack_2,44,15,pepsi_med,106
frame_61,Rack_2,55,13,kick_med,84
frame_61,Rack_2,53,13,kick_med,62
frame_61,Rack_2,52,13,kick_med,39
frame_61,Rack_2,56,13,kick_med,14
frame_62,Rack_2,45,3,coke_med,588
frame_62,Rack_2,20,3,coke_med,555
frame_62,Rack_2,22,3,coke_med,527
frame_62,Rack_2,24,3,coke_med,502
frame_62,Rack_2,3,3,coke_med,475
frame_62,Rack_2,47,6,coke_v_med,449
frame_62,Rack_2,41,6,coke_v_med,422
frame_62,Rack_2,29,6,coke_v_med,395
frame_62,Rack_2,26,2,anw_med,370
frame_62,Rack_2,17,2,anw_med,344
frame_62,Rack_2,43,2,anw_med,319
frame_62,Rack_2,42,2,anw_med,295
frame_62,Rack_2,46,2,anw_med,270
frame_62,Rack_2,7,2,anw_med,245
frame_62,Rack_2,30,15,pepsi_med,222
frame_62,Rack_2,8,15,pepsi_med,201
frame_62,Rack_2,2,15,pepsi_med,176
frame_62,Rack_2,16,15,pepsi_med,154
frame_62,Rack_2,31,15,pepsi_med,130
frame_62,Rack_2,44,15,pepsi_med,106
frame_62,Rack_2,55,13,kick_med,84
frame_62,Rack_2,53,13,kick_med,62
frame_62,Rack_2,52,13,kick_med,39
frame_62,Rack_2,56,13,kick_med,15
frame_63,Rack_2,45,3,coke_med,588
frame_63,Rack_2,20,3,coke_med,555
frame_63,Rack_2,22,3,coke_med,527
frame_63,Rack_2,24,3,coke_med,502
frame_63,Rack_2,3,3,coke_med,476
frame_63,Rack_2,47,6,coke_v_med,449
frame_63,Rack_2,41,6,coke_v_med,423
frame_63,Rack_2,29,6,coke_v_med,396
frame_63,Rack_2,26,2,anw_med,370
frame_63,Rack_2,17,2,anw_med,345
frame_63,Rack_2,43,2,anw_med,319
frame_63,Rack_2,42,2,anw_med,295
frame_63,Rack_2,46,2,anw_med,271
frame_63,Rack_2,7,2,anw_med,245
frame_63,Rack_2,30,15,pepsi_med,222
frame_63,Rack_2,8,15,pepsi_med,201
frame_63,Rack_2,2,15,pepsi_med,176
frame_63,Rack_2,16,15,pepsi_med,154
frame_63,Rack_2,31,15,pepsi_med,130
frame_63,Rack_2,44,15,pepsi_med,106
frame_63,Rack_2,55,13,kick_med,84
frame_63,Rack_2,53,13,kick_med,62
frame_63,Rack_2,52,13,kick_med,39
frame_63,Rack_2,56,13,kick_med,15
frame_64,Rack_2,45,3,coke_med,588
frame_64,Rack_2,20,3,coke_med,556
frame_64,Rack_2,22,3,coke_med,527
frame_64,Rack_2,24,3,coke_med,502
frame_64,Rack_2,3,3,coke_med,476
frame_64,Rack_2,61,3,coke_med,449
frame_64,Rack_2,41,6,coke_v_med,423
frame_64,Rack_2,29,6,coke_v_med,396
frame_64,Rack_2,26,2,anw_med,370
frame_64,Rack_2,17,2,anw_med,345
frame_64,Rack_2,43,2,anw_med,320
frame_64,Rack_2,42,2,anw_med,295
frame_64,Rack_2,46,2,anw_med,271
frame_64,Rack_2,7,2,anw_med,245
frame_64,Rack_2,30,15,pepsi_med,222
frame_64,Rack_2,8,15,pepsi_med,201
frame_64,Rack_2,2,15,pepsi_med,176
frame_64,Rack_2,16,15,pepsi_med,154
frame_64,Rack_2,31,15,pepsi_med,130
frame_64,Rack_2,44,15,pepsi_med,107
frame_64,Rack_2,55,13,kick_med,84
frame_64,Rack_2,53,13,kick_med,62
frame_64,Rack_2,52,13,kick_med,40
frame_64,Rack_2,56,13,kick_med,15
frame_65,Rack_2,45,3,coke_med,588
frame_65,Rack_2,20,3,coke_med,556
frame_65,Rack_2,22,3,coke_med,527
frame_65,Rack_2,24,3,coke_med,502
frame_65,Rack_2,3,3,coke_med,476
frame_65,Rack_2,61,3,coke_med,450
frame_65,Rack_2,41,6,coke_v_med,423
frame_65,Rack_2,29,6,coke_v_med,396
frame_65,Rack_2,26,2,anw_med,370
frame_65,Rack_2,17,2,anw_med,345
frame_65,Rack_2,43,2,anw_med,320
frame_65,Rack_2,42,2,anw_med,296
frame_65,Rack_2,46,2,anw_med,271
frame_65,Rack_2,7,2,anw_med,246
frame_65,Rack_2,30,15,pepsi_med,223
frame_65,Rack_2,8,15,pepsi_med,201
frame_65,Rack_2,2,15,pepsi_med,177
frame_65,Rack_2,16,15,pepsi_med,154
frame_65,Rack_2,31,15,pepsi_med,131
frame_65,Rack_2,44,15,pepsi_med,107
frame_65,Rack_2,55,13,kick_med,84
frame_65,Rack_2,53,13,kick_med,62
frame_65,Rack_2,52,13,kick_med,40
frame_65,Rack_2,56,13,kick_med,15
frame_66,Rack_2,45,3,coke_med,588
frame_66,Rack_2,20,3,coke_med,556
frame_66,Rack_2,22,3,coke_med,528
frame_66,Rack_2,24,3,coke_med,502
frame_66,Rack_2,3,3,coke_med,476
frame_66,Rack_2,61,3,coke_med,450
frame_66,Rack_2,41,6,coke_v_med,423
frame_66,Rack_2,29,6,coke_v_med,397
frame_66,Rack_2,26,2,anw_med,370
frame_66,Rack_2,17,2,anw_med,345
frame_66,Rack_2,43,2,anw_med,320
frame_66,Rack_2,42,2,anw_med,296
frame_66,Rack_2,46,2,anw_med,271
frame_66,Rack_2,7,2,anw_med,246
frame_66,Rack_2,30,15,pepsi_med,223
frame_66,Rack_2,8,15,pepsi_med,201
frame_66,Rack_2,2,15,pepsi_med,177
frame_66,Rack_2,16,15,pepsi_med,154
frame_66,Rack_2,31,15,pepsi_med,131
frame_66,Rack_2,44,15,pepsi_med,107
frame_66,Rack_2,55,13,kick_med,85
frame_66,Rack_2,53,13,kick_med,62
frame_66,Rack_2,52,13,kick_med,40
frame_66,Rack_2,56,13,kick_med,15
frame_67,Rack_2,45,3,coke_med,589
frame_67,Rack_2,20,3,coke_med,556
frame_67,Rack_2,22,3,coke_med,528
frame_67,Rack_2,24,3,coke_med,503
frame_67,Rack_2,3,3,coke_med,477
frame_67,Rack_2,61,3,coke_med,450
frame_67,Rack_2,41,6,coke_v_med,423
frame_67,Rack_2,29,6,coke_v_med,397
frame_67,Rack_2,26,2,anw_med,371
frame_67,Rack_2,17,2,anw_med,346
frame_67,Rack_2,43,2,anw_med,321
frame_67,Rack_2,42,2,anw_med,296
frame_67,Rack_2,46,2,anw_med,272
frame_67,Rack_2,7,2,anw_med,246
frame_67,Rack_2,30,15,pepsi_med,223
frame_67,Rack_2,8,15,pepsi_med,201
frame_67,Rack_2,2,15,pepsi_med,177
frame_67,Rack_2,16,15,pepsi_med,154
frame_67,Rack_2,31,15,pepsi_med,131
frame_67,Rack_2,44,15,pepsi_med,107
frame_67,Rack_2,55,13,kick_med,85
frame_67,Rack_2,53,13,kick_med,62
frame_67,Rack_2,52,13,kick_med,40
frame_67,Rack_2,56,13,kick_med,15
frame_68,Rack_2,45,3,coke_med,589
frame_68,Rack_2,20,3,coke_med,556
frame_68,Rack_2,22,3,coke_med,528
frame_68,Rack_2,24,3,coke_med,503
frame_68,Rack_2,3,3,coke_med,477
frame_68,Rack_2,61,3,coke_med,450
frame_68,Rack_2,41,6,coke_v_med,423
frame_68,Rack_2,29,6,coke_v_med,397
frame_68,Rack_2,26,2,anw_med,371
frame_68,Rack_2,17,2,anw_med,346
frame_68,Rack_2,43,2,anw_med,321
frame_68,Rack_2,42,2,anw_med,296
frame_68,Rack_2,46,2,anw_med,272
frame_68,Rack_2,7,2,anw_med,246
frame_68,Rack_2,30,15,pepsi_med,223
frame_68,Rack_2,8,15,pepsi_med,202
frame_68,Rack_2,2,15,pepsi_med,177
frame_68,Rack_2,16,15,pepsi_med,155
frame_68,Rack_2,31,15,pepsi_med,131
frame_68,Rack_2,44,15,pepsi_med,107
frame_68,Rack_2,55,13,kick_med,85
frame_68,Rack_2,53,13,kick_med,62
frame_68,Rack_2,52,13,kick_med,40
frame_68,Rack_2,56,13,kick_med,16
frame_69,Rack_2,45,3,coke_med,589
frame_69,Rack_2,20,3,coke_med,557
frame_69,Rack_2,22,3,coke_med,529
frame_69,Rack_2,24,3,coke_med,503
frame_69,Rack_2,3,3,coke_med,477
frame_69,Rack_2,47,6,coke_v_med,450
frame_69,Rack_2,61,3,coke_med,450
frame_69,Rack_2,41,6,coke_v_med,424
frame_69,Rack_2,29,6,coke_v_med,397
frame_69,Rack_2,26,2,anw_med,371
frame_69,Rack_2,17,2,anw_med,346
frame_69,Rack_2,43,2,anw_med,321
frame_69,Rack_2,42,2,anw_med,296
frame_69,Rack_2,46,2,anw_med,272
frame_69,Rack_2,7,2,anw_med,247
frame_69,Rack_2,30,15,pepsi_med,223
frame_69,Rack_2,8,15,pepsi_med,202
frame_69,Rack_2,2,15,pepsi_med,177
frame_69,Rack_2,16,15,pepsi_med,155
frame_69,Rack_2,31,15,pepsi_med,131
frame_69,Rack_2,44,15,pepsi_med,107
frame_69,Rack_2,55,13,kick_med,85
frame_69,Rack_2,53,13,kick_med,63
frame_69,Rack_2,52,13,kick_med,40
frame_69,Rack_2,56,13,kick_med,16
frame_7,Rack_2,45,3,coke_med,580
frame_7,Rack_2,20,3,coke_med,548
frame_7,Rack_2,22,3,coke_med,520
frame_7,Rack_2,24,3,coke_med,495
frame_7,Rack_2,3,3,coke_med,468
frame_7,Rack_2,47,6,coke_v_med,442
frame_7,Rack_2,41,6,coke_v_med,415
frame_7,Rack_2,29,6,coke_v_med,389
frame_7,Rack_2,26,2,anw_med,363
frame_7,Rack_2,17,2,anw_med,339
frame_7,Rack_2,43,2,anw_med,314
frame_7,Rack_2,42,2,anw_med,290
frame_7,Rack_2,46,2,anw_med,266
frame_7,Rack_2,7,2,anw_med,240
frame_7,Rack_2,30,15,pepsi_med,217
frame_7,Rack_2,8,15,pepsi_med,196
frame_7,Rack_2,2,15,pepsi_med,172
frame_7,Rack_2,16,15,pepsi_med,150
frame_7,Rack_2,31,15,pepsi_med,127
frame_7,Rack_2,44,15,pepsi_med,103
frame_7,Rack_2,55,13,kick_med,81
frame_7,Rack_2,53,13,kick_med,59
frame_7,Rack_2,52,13,kick_med,36
frame_7,Rack_2,56,13,kick_med,13
frame_70,Rack_2,45,3,coke_med,589
frame_70,Rack_2,20,3,coke_med,557
frame_70,Rack_2,22,3,coke_med,529
frame_70,Rack_2,24,3,coke_med,504
frame_70,Rack_2,3,3,coke_med,477
frame_70,Rack_2,61,3,coke_med,451
frame_70,Rack_2,47,6,coke_v_med,450
frame_70,Rack_2,41,6,coke_v_med,424
frame_70,Rack_2,29,6,coke_v_med,397
frame_70,Rack_2,26,2,anw_med,371
frame_70,Rack_2,17,2,anw_med,346
frame_70,Rack_2,43,2,anw_med,322
frame_70,Rack_2,42,2,anw_med,296
frame_70,Rack_2,46,2,anw_med,272
frame_70,Rack_2,7,2,anw_med,247
frame_70,Rack_2,30,15,pepsi_med,224
frame_70,Rack_2,8,15,pepsi_med,202
frame_70,Rack_2,2,15,pepsi_med,177
frame_70,Rack_2,16,15,pepsi_med,155
frame_70,Rack_2,31,15,pepsi_med,131
frame_70,Rack_2,44,15,pepsi_med,108
frame_70,Rack_2,55,13,kick_med,85
frame_70,Rack_2,53,13,kick_med,63
frame_70,Rack_2,52,13,kick_med,40
frame_70,Rack_2,56,13,kick_med,16
frame_71,Rack_2,45,3,coke_med,590
frame_71,Rack_2,20,3,coke_med,557
frame_71,Rack_2,22,3,coke_med,529
frame_71,Rack_2,24,3,coke_med,504
frame_71,Rack_2,3,3,coke_med,478
frame_71,Rack_2,47,6,coke_v_med,451
frame_71,Rack_2,61,3,coke_med,451
frame_71,Rack_2,41,6,coke_v_med,424
frame_71,Rack_2,29,6,coke_v_med,398
frame_71,Rack_2,26,2,anw_med,371
frame_71,Rack_2,17,2,anw_med,347
frame_71,Rack_2,43,2,anw_med,322
frame_71,Rack_2,42,2,anw_med,297
frame_71,Rack_2,46,2,anw_med,273
frame_71,Rack_2,7,2,anw_med,247
frame_71,Rack_2,30,15,pepsi_med,224
frame_71,Rack_2,8,15,pepsi_med,202
frame_71,Rack_2,2,15,pepsi_med,177
frame_71,Rack_2,16,15,pepsi_med,155
frame_71,Rack_2,31,15,pepsi_med,132
frame_71,Rack_2,44,15,pepsi_med,108
frame_71,Rack_2,55,13,kick_med,85
frame_71,Rack_2,53,13,kick_med,63
frame_71,Rack_2,52,13,kick_med,41
frame_71,Rack_2,56,13,kick_med,16
frame_72,Rack_2,45,3,coke_med,590
frame_72,Rack_2,20,3,coke_med,557
frame_72,Rack_2,22,3,coke_med,529
frame_72,Rack_2,24,3,coke_med,505
frame_72,Rack_2,3,3,coke_med,478
frame_72,Rack_2,47,6,coke_v_med,451
frame_72,Rack_2,61,3,coke_med,451
frame_72,Rack_2,41,6,coke_v_med,424
frame_72,Rack_2,29,6,coke_v_med,398
frame_72,Rack_2,26,2,anw_med,372
frame_72,Rack_2,17,2,anw_med,347
frame_72,Rack_2,43,2,anw_med,322
frame_72,Rack_2,42,2,anw_med,297
frame_72,Rack_2,46,2,anw_med,273
frame_72,Rack_2,7,2,anw_med,247
frame_72,Rack_2,30,15,pepsi_med,224
frame_72,Rack_2,8,15,pepsi_med,202
frame_72,Rack_2,2,15,pepsi_med,178
frame_72,Rack_2,16,15,pepsi_med,156
frame_72,Rack_2,31,15,pepsi_med,132
frame_72,Rack_2,44,15,pepsi_med,108
frame_72,Rack_2,55,13,kick_med,85
frame_72,Rack_2,53,13,kick_med,63
frame_72,Rack_2,52,13,kick_med,41
frame_72,Rack_2,56,13,kick_med,16
frame_73,Rack_2,45,3,coke_med,590
frame_73,Rack_2,20,3,coke_med,558
frame_73,Rack_2,22,3,coke_med,530
frame_73,Rack_2,24,3,coke_med,505
frame_73,Rack_2,3,3,coke_med,478
frame_73,Rack_2,47,6,coke_v_med,452
frame_73,Rack_2,61,3,coke_med,452
frame_73,Rack_2,41,6,coke_v_med,425
frame_73,Rack_2,29,6,coke_v_med,398
frame_73,Rack_2,26,2,anw_med,372
frame_73,Rack_2,17,2,anw_med,347
frame_73,Rack_2,43,2,anw_med,323
frame_73,Rack_2,42,2,anw_med,297
frame_73,Rack_2,46,2,anw_med,273
frame_73,Rack_2,7,2,anw_med,248
frame_73,Rack_2,30,15,pepsi_med,224
frame_73,Rack_2,8,15,pepsi_med,202
frame_73,Rack_2,2,15,pepsi_med,178
frame_73,Rack_2,16,15,pepsi_med,156
frame_73,Rack_2,31,15,pepsi_med,132
frame_73,Rack_2,44,15,pepsi_med,108
frame_73,Rack_2,55,13,kick_med,86
frame_73,Rack_2,53,13,kick_med,64
frame_73,Rack_2,52,13,kick_med,41
frame_73,Rack_2,56,13,kick_med,16
frame_74,Rack_2,45,3,coke_med,591
frame_74,Rack_2,20,3,coke_med,558
frame_74,Rack_2,22,3,coke_med,530
frame_74,Rack_2,24,3,coke_med,505
frame_74,Rack_2,3,3,coke_med,479
frame_74,Rack_2,47,6,coke_v_med,452
frame_74,Rack_2,61,3,coke_med,452
frame_74,Rack_2,41,6,coke_v_med,425
frame_74,Rack_2,29,6,coke_v_med,398
frame_74,Rack_2,26,2,anw_med,372
frame_74,Rack_2,17,2,anw_med,347
frame_74,Rack_2,43,2,anw_med,323
frame_74,Rack_2,42,2,anw_med,298
frame_74,Rack_2,46,2,anw_med,274
frame_74,Rack_2,7,2,anw_med,248
frame_74,Rack_2,30,15,pepsi_med,225
frame_74,Rack_2,8,15,pepsi_med,203
frame_74,Rack_2,2,15,pepsi_med,178
frame_74,Rack_2,16,15,pepsi_med,156
frame_74,Rack_2,31,15,pepsi_med,133
frame_74,Rack_2,44,15,pepsi_med,109
frame_74,Rack_2,55,13,kick_med,86
frame_74,Rack_2,53,13,kick_med,64
frame_74,Rack_2,52,13,kick_med,41
frame_74,Rack_2,56,13,kick_med,17
frame_75,Rack_2,45,3,coke_med,592
frame_75,Rack_2,20,3,coke_med,558
frame_75,Rack_2,22,3,coke_med,530
frame_75,Rack_2,24,3,coke_med,506
frame_75,Rack_2,3,3,coke_med,479
frame_75,Rack_2,47,6,coke_v_med,453
frame_75,Rack_2,61,3,coke_med,453
frame_75,Rack_2,41,6,coke_v_med,425
frame_75,Rack_2,29,6,coke_v_med,399
frame_75,Rack_2,26,2,anw_med,372
frame_75,Rack_2,17,2,anw_med,348
frame_75,Rack_2,43,2,anw_med,323
frame_75,Rack_2,42,2,anw_med,299
frame_75,Rack_2,46,2,anw_med,274
frame_75,Rack_2,7,2,anw_med,248
frame_75,Rack_2,30,15,pepsi_med,225
frame_75,Rack_2,8,15,pepsi_med,203
frame_75,Rack_2,2,15,pepsi_med,179
frame_75,Rack_2,16,15,pepsi_med,157
frame_75,Rack_2,31,15,pepsi_med,133
frame_75,Rack_2,44,15,pepsi_med,109
frame_75,Rack_2,55,13,kick_med,86
frame_75,Rack_2,53,13,kick_med,65
frame_75,Rack_2,52,13,kick_med,42
frame_75,Rack_2,56,13,kick_med,17
frame_76,Rack_2,45,3,coke_med,592
frame_76,Rack_2,20,3,coke_med,559
frame_76,Rack_2,22,3,coke_med,531
frame_76,Rack_2,24,3,coke_med,506
frame_76,Rack_2,3,3,coke_med,480
frame_76,Rack_2,47,6,coke_v_med,453
frame_76,Rack_2,61,3,coke_med,453
frame_76,Rack_2,41,6,coke_v_med,426
frame_76,Rack_2,29,6,coke_v_med,399
frame_76,Rack_2,26,2,anw_med,373
frame_76,Rack_2,17,2,anw_med,348
frame_76,Rack_2,43,2,anw_med,324
frame_76,Rack_2,42,2,anw_med,299
frame_76,Rack_2,46,2,anw_med,275
frame_76,Rack_2,7,2,anw_med,248
frame_76,Rack_2,30,15,pepsi_med,225
frame_76,Rack_2,8,15,pepsi_med,204
frame_76,Rack_2,2,15,pepsi_med,179
frame_76,Rack_2,16,15,pepsi_med,157
frame_76,Rack_2,31,15,pepsi_med,133
frame_76,Rack_2,44,15,pepsi_med,109
frame_76,Rack_2,55,13,kick_med,87
frame_76,Rack_2,53,13,kick_med,65
frame_76,Rack_2,52,13,kick_med,42
frame_76,Rack_2,56,13,kick_med,17
frame_77,Rack_2,45,3,coke_med,593
frame_77,Rack_2,20,3,coke_med,559
frame_77,Rack_2,22,3,coke_med,531
frame_77,Rack_2,24,3,coke_med,506
frame_77,Rack_2,3,3,coke_med,480
frame_77,Rack_2,61,6,coke_v_med,454
frame_77,Rack_2,47,6,coke_v_med,453
frame_77,Rack_2,41,6,coke_v_med,426
frame_77,Rack_2,29,6,coke_v_med,399
frame_77,Rack_2,26,2,anw_med,373
frame_77,Rack_2,17,2,anw_med,348
frame_77,Rack_2,43,2,anw_med,324
frame_77,Rack_2,42,2,anw_med,300
frame_77,Rack_2,46,2,anw_med,275
frame_77,Rack_2,7,2,anw_med,249
frame_77,Rack_2,30,15,pepsi_med,226
frame_77,Rack_2,8,15,pepsi_med,204
frame_77,Rack_2,2,15,pepsi_med,179
frame_77,Rack_2,16,15,pepsi_med,157
frame_77,Rack_2,31,15,pepsi_med,133
frame_77,Rack_2,44,15,pepsi_med,110
frame_77,Rack_2,55,13,kick_med,87
frame_77,Rack_2,53,13,kick_med,65
frame_77,Rack_2,52,13,kick_med,42
frame_77,Rack_2,56,13,kick_med,17
frame_78,Rack_2,45,3,coke_med,593
frame_78,Rack_2,20,3,coke_med,560
frame_78,Rack_2,22,3,coke_med,531
frame_78,Rack_2,24,3,coke_med,506
frame_78,Rack_2,3,3,coke_med,480
frame_78,Rack_2,47,6,coke_v_med,454
frame_78,Rack_2,61,6,coke_v_med,454
frame_78,Rack_2,41,6,coke_v_med,426
frame_78,Rack_2,29,6,coke_v_med,400
frame_78,Rack_2,26,2,anw_med,373
frame_78,Rack_2,17,2,anw_med,349
frame_78,Rack_2,43,2,anw_med,324
frame_78,Rack_2,42,2,anw_med,300
frame_78,Rack_2,46,2,anw_med,275
frame_78,Rack_2,7,2,anw_med,250
frame_78,Rack_2,30,15,pepsi_med,226
frame_78,Rack_2,8,15,pepsi_med,204
frame_78,Rack_2,2,15,pepsi_med,179
frame_78,Rack_2,16,15,pepsi_med,157
frame_78,Rack_2,31,15,pepsi_med,134
frame_78,Rack_2,44,15,pepsi_med,110
frame_78,Rack_2,55,13,kick_med,87
frame_78,Rack_2,53,13,kick_med,66
frame_78,Rack_2,52,13,kick_med,43
frame_78,Rack_2,56,13,kick_med,17
frame_79,Rack_2,45,3,coke_med,593
frame_79,Rack_2,20,3,coke_med,560
frame_79,Rack_2,22,3,coke_med,532
frame_79,Rack_2,24,3,coke_med,507
frame_79,Rack_2,3,3,coke_med,481
frame_79,Rack_2,47,6,coke_v_med,454
frame_79,Rack_2,61,6,coke_v_med,454
frame_79,Rack_2,41,6,coke_v_med,427
frame_79,Rack_2,29,6,coke_v_med,400
frame_79,Rack_2,26,2,anw_med,374
frame_79,Rack_2,17,2,anw_med,349
frame_79,Rack_2,43,2,anw_med,324
frame_79,Rack_2,42,2,anw_med,300
frame_79,Rack_2,46,2,anw_med,275
frame_79,Rack_2,7,2,anw_med,250
frame_79,Rack_2,30,15,pepsi_med,226
frame_79,Rack_2,8,15,pepsi_med,204
frame_79,Rack_2,2,15,pepsi_med,180
frame_79,Rack_2,16,15,pepsi_med,158
frame_79,Rack_2,31,15,pepsi_med,134
frame_79,Rack_2,44,15,pepsi_med,110
frame_79,Rack_2,55,13,kick_med,88
frame_79,Rack_2,53,13,kick_med,66
frame_79,Rack_2,52,13,kick_med,43
frame_79,Rack_2,56,13,kick_med,17
frame_8,Rack_2,45,3,coke_med,580
frame_8,Rack_2,20,3,coke_med,548
frame_8,Rack_2,22,3,coke_med,520
frame_8,Rack_2,24,3,coke_med,495
frame_8,Rack_2,3,3,coke_med,468
frame_8,Rack_2,47,6,coke_v_med,442
frame_8,Rack_2,41,6,coke_v_med,415
frame_8,Rack_2,29,6,coke_v_med,389
frame_8,Rack_2,26,2,anw_med,363
frame_8,Rack_2,17,2,anw_med,339
frame_8,Rack_2,43,2,anw_med,314
frame_8,Rack_2,42,2,anw_med,290
frame_8,Rack_2,46,2,anw_med,266
frame_8,Rack_2,7,2,anw_med,240
frame_8,Rack_2,30,15,pepsi_med,217
frame_8,Rack_2,8,15,pepsi_med,196
frame_8,Rack_2,2,15,pepsi_med,172
frame_8,Rack_2,16,15,pepsi_med,150
frame_8,Rack_2,31,15,pepsi_med,127
frame_8,Rack_2,44,15,pepsi_med,103
frame_8,Rack_2,55,13,kick_med,81
frame_8,Rack_2,53,13,kick_med,59
frame_8,Rack_2,52,13,kick_med,36
frame_8,Rack_2,56,13,kick_med,13
frame_80,Rack_2,45,3,coke_med,594
frame_80,Rack_2,20,3,coke_med,560
frame_80,Rack_2,22,3,coke_med,532
frame_80,Rack_2,24,3,coke_med,507
frame_80,Rack_2,3,3,coke_med,481
frame_80,Rack_2,47,6,coke_v_med,454
frame_80,Rack_2,61,6,coke_v_med,454
frame_80,Rack_2,41,6,coke_v_med,427
frame_80,Rack_2,29,6,coke_v_med,400
frame_80,Rack_2,26,2,anw_med,374
frame_80,Rack_2,17,2,anw_med,349
frame_80,Rack_2,43,2,anw_med,324
frame_80,Rack_2,42,2,anw_med,300
frame_80,Rack_2,46,2,anw_med,276
frame_80,Rack_2,7,2,anw_med,250
frame_80,Rack_2,30,15,pepsi_med,226
frame_80,Rack_2,8,15,pepsi_med,204
frame_80,Rack_2,2,15,pepsi_med,180
frame_80,Rack_2,16,15,pepsi_med,158
frame_80,Rack_2,31,15,pepsi_med,134
frame_80,Rack_2,44,15,pepsi_med,110
frame_80,Rack_2,55,13,kick_med,88
frame_80,Rack_2,53,13,kick_med,66
frame_80,Rack_2,52,13,kick_med,43
frame_80,Rack_2,56,13,kick_med,17
frame_81,Rack_2,45,3,coke_med,594
frame_81,Rack_2,20,3,coke_med,561
frame_81,Rack_2,22,3,coke_med,532
frame_81,Rack_2,24,3,coke_med,507
frame_81,Rack_2,3,3,coke_med,481
frame_81,Rack_2,47,6,coke_v_med,454
frame_81,Rack_2,61,6,coke_v_med,454
frame_81,Rack_2,41,6,coke_v_med,427
frame_81,Rack_2,29,6,coke_v_med,400
frame_81,Rack_2,26,2,anw_med,374
frame_81,Rack_2,17,2,anw_med,349
frame_81,Rack_2,43,2,anw_med,325
frame_81,Rack_2,42,2,anw_med,300
frame_81,Rack_2,46,2,anw_med,276
frame_81,Rack_2,7,2,anw_med,250
frame_81,Rack_2,30,15,pepsi_med,227
frame_81,Rack_2,8,15,pepsi_med,204
frame_81,Rack_2,2,15,pepsi_med,180
frame_81,Rack_2,16,15,pepsi_med,158
frame_81,Rack_2,31,15,pepsi_med,135
frame_81,Rack_2,44,15,pepsi_med,111
frame_81,Rack_2,55,13,kick_med,88
frame_81,Rack_2,53,13,kick_med,66
frame_81,Rack_2,52,13,kick_med,43
frame_81,Rack_2,56,13,kick_med,17
frame_82,Rack_2,45,3,coke_med,594
frame_82,Rack_2,20,3,coke_med,561
frame_82,Rack_2,22,3,coke_med,532
frame_82,Rack_2,24,3,coke_med,508
frame_82,Rack_2,3,3,coke_med,481
frame_82,Rack_2,47,6,coke_v_med,454
frame_82,Rack_2,61,6,coke_v_med,454
frame_82,Rack_2,41,6,coke_v_med,427
frame_82,Rack_2,29,6,coke_v_med,401
frame_82,Rack_2,26,2,anw_med,374
frame_82,Rack_2,17,2,anw_med,349
frame_82,Rack_2,43,2,anw_med,325
frame_82,Rack_2,42,2,anw_med,300
frame_82,Rack_2,46,2,anw_med,276
frame_82,Rack_2,7,2,anw_med,250
frame_82,Rack_2,30,15,pepsi_med,227
frame_82,Rack_2,8,15,pepsi_med,205
frame_82,Rack_2,2,15,pepsi_med,180
frame_82,Rack_2,16,15,pepsi_med,158
frame_82,Rack_2,31,15,pepsi_med,135
frame_82,Rack_2,44,15,pepsi_med,111
frame_82,Rack_2,55,13,kick_med,88
frame_82,Rack_2,53,13,kick_med,66
frame_82,Rack_2,52,13,kick_med,43
frame_82,Rack_2,56,13,kick_med,18
frame_83,Rack_2,45,3,coke_med,594
frame_83,Rack_2,20,3,coke_med,561
frame_83,Rack_2,22,3,coke_med,532
frame_83,Rack_2,24,3,coke_med,508
frame_83,Rack_2,3,3,coke_med,481
frame_83,Rack_2,47,6,coke_v_med,454
frame_83,Rack_2,61,6,coke_v_med,454
frame_83,Rack_2,41,6,coke_v_med,427
frame_83,Rack_2,29,6,coke_v_med,401
frame_83,Rack_2,26,2,anw_med,374
frame_83,Rack_2,17,2,anw_med,349
frame_83,Rack_2,43,2,anw_med,325
frame_83,Rack_2,42,2,anw_med,300
frame_83,Rack_2,46,2,anw_med,276
frame_83,Rack_2,7,2,anw_med,251
frame_83,Rack_2,30,15,pepsi_med,227
frame_83,Rack_2,8,15,pepsi_med,205
frame_83,Rack_2,2,15,pepsi_med,180
frame_83,Rack_2,16,15,pepsi_med,158
frame_83,Rack_2,31,15,pepsi_med,135
frame_83,Rack_2,44,15,pepsi_med,111
frame_83,Rack_2,55,13,kick_med,88
frame_83,Rack_2,53,13,kick_med,66
frame_83,Rack_2,52,13,kick_med,43
frame_83,Rack_2,56,13,kick_med,18
frame_84,Rack_2,45,3,coke_med,594
frame_84,Rack_2,20,3,coke_med,561
frame_84,Rack_2,22,3,coke_med,533
frame_84,Rack_2,24,3,coke_med,508
frame_84,Rack_2,3,3,coke_med,481
frame_84,Rack_2,47,3,coke_med,455
frame_84,Rack_2,61,6,coke_v_med,455
frame_84,Rack_2,41,6,coke_v_med,427
frame_84,Rack_2,29,6,coke_v_med,401
frame_84,Rack_2,26,2,anw_med,374
frame_84,Rack_2,17,2,anw_med,349
frame_84,Rack_2,43,2,anw_med,325
frame_84,Rack_2,42,2,anw_med,300
frame_84,Rack_2,46,2,anw_med,276
frame_84,Rack_2,7,2,anw_med,251
frame_84,Rack_2,30,15,pepsi_med,227
frame_84,Rack_2,8,15,pepsi_med,205
frame_84,Rack_2,2,15,pepsi_med,180
frame_84,Rack_2,16,15,pepsi_med,158
frame_84,Rack_2,31,15,pepsi_med,135
frame_84,Rack_2,44,15,pepsi_med,111
frame_84,Rack_2,55,13,kick_med,89
frame_84,Rack_2,53,13,kick_med,66
frame_84,Rack_2,52,13,kick_med,43
frame_84,Rack_2,56,13,kick_med,18
frame_85,Rack_2,45,3,coke_med,594
frame_85,Rack_2,20,3,coke_med,561
frame_85,Rack_2,22,3,coke_med,533
frame_85,Rack_2,24,3,coke_med,508
frame_85,Rack_2,3,3,coke_med,482
frame_85,Rack_2,61,6,coke_v_med,455
frame_85,Rack_2,41,6,coke_v_med,428
frame_85,Rack_2,29,6,coke_v_med,401
frame_85,Rack_2,26,2,anw_med,374
frame_85,Rack_2,17,2,anw_med,349
frame_85,Rack_2,43,2,anw_med,325
frame_85,Rack_2,42,2,anw_med,300
frame_85,Rack_2,46,2,anw_med,276
frame_85,Rack_2,7,2,anw_med,251
frame_85,Rack_2,30,15,pepsi_med,227
frame_85,Rack_2,8,15,pepsi_med,205
frame_85,Rack_2,2,15,pepsi_med,180
frame_85,Rack_2,16,15,pepsi_med,159
frame_85,Rack_2,31,15,pepsi_med,135
frame_85,Rack_2,44,15,pepsi_med,111
frame_85,Rack_2,55,13,kick_med,89
frame_85,Rack_2,53,13,kick_med,66
frame_85,Rack_2,52,13,kick_med,43
frame_85,Rack_2,56,13,kick_med,18
frame_86,Rack_2,45,3,coke_med,595
frame_86,Rack_2,20,3,coke_med,561
frame_86,Rack_2,22,3,coke_med,533
frame_86,Rack_2,24,3,coke_med,508
frame_86,Rack_2,3,3,coke_med,482
frame_86,Rack_2,61,6,coke_v_med,455
frame_86,Rack_2,41,6,coke_v_med,428
frame_86,Rack_2,29,6,coke_v_med,401
frame_86,Rack_2,26,2,anw_med,375
frame_86,Rack_2,17,2,anw_med,350
frame_86,Rack_2,43,2,anw_med,325
frame_86,Rack_2,42,2,anw_med,300
frame_86,Rack_2,46,2,anw_med,276
frame_86,Rack_2,7,2,anw_med,251
frame_86,Rack_2,30,15,pepsi_med,227
frame_86,Rack_2,8,15,pepsi_med,205
frame_86,Rack_2,2,15,pepsi_med,180
frame_86,Rack_2,16,15,pepsi_med,159
frame_86,Rack_2,31,15,pepsi_med,135
frame_86,Rack_2,44,15,pepsi_med,111
frame_86,Rack_2,55,13,kick_med,89
frame_86,Rack_2,53,13,kick_med,66
frame_86,Rack_2,52,13,kick_med,44
frame_86,Rack_2,56,13,kick_med,18
frame_87,Rack_2,45,3,coke_med,595
frame_87,Rack_2,20,3,coke_med,562
frame_87,Rack_2,22,3,coke_med,533
frame_87,Rack_2,24,3,coke_med,508
frame_87,Rack_2,3,3,coke_med,482
frame_87,Rack_2,47,3,coke_med,455
frame_87,Rack_2,61,6,coke_v_med,455
frame_87,Rack_2,41,6,coke_v_med,428
frame_87,Rack_2,29,6,coke_v_med,401
frame_87,Rack_2,26,2,anw_med,375
frame_87,Rack_2,17,2,anw_med,350
frame_87,Rack_2,43,2,anw_med,325
frame_87,Rack_2,42,2,anw_med,301
frame_87,Rack_2,46,2,anw_med,276
frame_87,Rack_2,7,2,anw_med,251
frame_87,Rack_2,30,15,pepsi_med,227
frame_87,Rack_2,8,15,pepsi_med,205
frame_87,Rack_2,2,15,pepsi_med,181
frame_87,Rack_2,16,15,pepsi_med,159
frame_87,Rack_2,31,15,pepsi_med,135
frame_87,Rack_2,44,15,pepsi_med,111
frame_87,Rack_2,55,13,kick_med,89
frame_87,Rack_2,53,13,kick_med,66
frame_87,Rack_2,52,13,kick_med,44
frame_87,Rack_2,56,13,kick_med,18
frame_88,Rack_2,45,3,coke_med,595
frame_88,Rack_2,20,3,coke_med,562
frame_88,Rack_2,22,3,coke_med,534
frame_88,Rack_2,24,3,coke_med,509
frame_88,Rack_2,3,3,coke_med,482
frame_88,Rack_2,47,3,coke_med,455
frame_88,Rack_2,61,6,coke_v_med,455
frame_88,Rack_2,41,6,coke_v_med,428
frame_88,Rack_2,29,6,coke_v_med,401
frame_88,Rack_2,26,2,anw_med,375
frame_88,Rack_2,17,2,anw_med,350
frame_88,Rack_2,43,2,anw_med,325
frame_88,Rack_2,42,2,anw_med,301
frame_88,Rack_2,46,2,anw_med,276
frame_88,Rack_2,7,2,anw_med,251
frame_88,Rack_2,30,15,pepsi_med,227
frame_88,Rack_2,8,15,pepsi_med,205
frame_88,Rack_2,2,15,pepsi_med,181
frame_88,Rack_2,16,15,pepsi_med,159
frame_88,Rack_2,31,15,pepsi_med,135
frame_88,Rack_2,44,15,pepsi_med,111
frame_88,Rack_2,55,13,kick_med,89
frame_88,Rack_2,53,13,kick_med,66
frame_88,Rack_2,52,13,kick_med,44
frame_88,Rack_2,56,13,kick_med,18
frame_89,Rack_2,45,3,coke_med,596
frame_89,Rack_2,20,3,coke_med,563
frame_89,Rack_2,22,3,coke_med,534
frame_89,Rack_2,24,3,coke_med,509
frame_89,Rack_2,3,3,coke_med,482
frame_89,Rack_2,47,3,coke_med,456
frame_89,Rack_2,61,6,coke_v_med,456
frame_89,Rack_2,41,6,coke_v_med,428
frame_89,Rack_2,29,6,coke_v_med,401
frame_89,Rack_2,26,2,anw_med,375
frame_89,Rack_2,17,2,anw_med,350
frame_89,Rack_2,43,2,anw_med,325
frame_89,Rack_2,42,2,anw_med,301
frame_89,Rack_2,46,2,anw_med,276
frame_89,Rack_2,7,2,anw_med,251
frame_89,Rack_2,30,15,pepsi_med,228
frame_89,Rack_2,8,15,pepsi_med,205
frame_89,Rack_2,2,15,pepsi_med,181
frame_89,Rack_2,16,15,pepsi_med,159
frame_89,Rack_2,31,15,pepsi_med,135
frame_89,Rack_2,44,15,pepsi_med,111
frame_89,Rack_2,55,13,kick_med,89
frame_89,Rack_2,53,13,kick_med,66
frame_89,Rack_2,52,13,kick_med,44
frame_89,Rack_2,56,13,kick_med,18
frame_9,Rack_2,45,3,coke_med,580
frame_9,Rack_2,20,3,coke_med,548
frame_9,Rack_2,22,3,coke_med,520
frame_9,Rack_2,24,3,coke_med,495
frame_9,Rack_2,3,3,coke_med,468
frame_9,Rack_2,47,6,coke_v_med,442
frame_9,Rack_2,41,6,coke_v_med,415
frame_9,Rack_2,29,6,coke_v_med,389
frame_9,Rack_2,26,2,anw_med,363
frame_9,Rack_2,17,2,anw_med,339
frame_9,Rack_2,43,2,anw_med,314
frame_9,Rack_2,42,2,anw_med,290
frame_9,Rack_2,46,2,anw_med,266
frame_9,Rack_2,7,2,anw_med,240
frame_9,Rack_2,30,15,pepsi_med,217
frame_9,Rack_2,8,15,pepsi_med,196
frame_9,Rack_2,2,15,pepsi_med,172
frame_9,Rack_2,16,15,pepsi_med,150
frame_9,Rack_2,31,15,pepsi_med,127
frame_9,Rack_2,44,15,pepsi_med,103
frame_9,Rack_2,55,13,kick_med,81
frame_9,Rack_2,53,13,kick_med,59
frame_9,Rack_2,52,13,kick_med,36
frame_90,Rack_2,45,3,coke_med,596
frame_90,Rack_2,20,3,coke_med,563
frame_90,Rack_2,22,3,coke_med,534
frame_90,Rack_2,24,3,coke_med,509
frame_90,Rack_2,3,3,coke_med,482
frame_90,Rack_2,47,3,coke_med,456
frame_90,Rack_2,61,6,coke_v_med,456
frame_90,Rack_2,41,6,coke_v_med,428
frame_90,Rack_2,29,6,coke_v_med,402
frame_90,Rack_2,26,2,anw_med,375
frame_90,Rack_2,17,2,anw_med,350
frame_90,Rack_2,43,2,anw_med,326
frame_90,Rack_2,42,2,anw_med,301
frame_90,Rack_2,46,2,anw_med,277
frame_90,Rack_2,7,2,anw_med,251
frame_90,Rack_2,30,15,pepsi_med,228
frame_90,Rack_2,8,15,pepsi_med,205
frame_90,Rack_2,2,15,pepsi_med,181
frame_90,Rack_2,16,15,pepsi_med,159
frame_90,Rack_2,31,15,pepsi_med,136
frame_90,Rack_2,44,15,pepsi_med,112
frame_90,Rack_2,55,13,kick_med,89
frame_90,Rack_2,53,13,kick_med,67
frame_90,Rack_2,52,13,kick_med,44
frame_90,Rack_2,56,13,kick_med,18
frame_91,Rack_2,45,3,coke_med,596
frame_91,Rack_2,20,3,coke_med,563
frame_91,Rack_2,22,3,coke_med,534
frame_91,Rack_2,24,3,coke_med,509
frame_91,Rack_2,3,3,coke_med,483
frame_91,Rack_2,47,3,coke_med,456
frame_91,Rack_2,61,6,coke_v_med,456
frame_91,Rack_2,41,6,coke_v_med,428
frame_91,Rack_2,29,6,coke_v_med,402
frame_91,Rack_2,26,2,anw_med,375
frame_91,Rack_2,17,2,anw_med,350
frame_91,Rack_2,43,2,anw_med,325
frame_91,Rack_2,42,2,anw_med,301
frame_91,Rack_2,46,2,anw_med,276
frame_91,Rack_2,7,2,anw_med,251
frame_91,Rack_2,30,15,pepsi_med,228
frame_91,Rack_2,8,15,pepsi_med,205
frame_91,Rack_2,2,15,pepsi_med,181
frame_91,Rack_2,16,15,pepsi_med,159
frame_91,Rack_2,31,15,pepsi_med,136
frame_91,Rack_2,44,15,pepsi_med,112
frame_91,Rack_2,55,13,kick_med,89
frame_91,Rack_2,53,13,kick_med,67
frame_91,Rack_2,52,13,kick_med,44
frame_91,Rack_2,56,13,kick_med,18
frame_92,Rack_2,45,3,coke_med,596
frame_92,Rack_2,20,3,coke_med,563
frame_92,Rack_2,22,3,coke_med,534
frame_92,Rack_2,24,3,coke_med,509
frame_92,Rack_2,3,3,coke_med,483
frame_92,Rack_2,47,3,coke_med,456
frame_92,Rack_2,61,6,coke_v_med,456
frame_92,Rack_2,41,6,coke_v_med,428
frame_92,Rack_2,29,6,coke_v_med,402
frame_92,Rack_2,26,2,anw_med,375
frame_92,Rack_2,17,2,anw_med,350
frame_92,Rack_2,43,2,anw_med,325
frame_92,Rack_2,42,2,anw_med,301
frame_92,Rack_2,46,2,anw_med,277
frame_92,Rack_2,7,2,anw_med,251
frame_92,Rack_2,30,15,pepsi_med,228
frame_92,Rack_2,8,15,pepsi_med,206
frame_92,Rack_2,2,15,pepsi_med,181
frame_92,Rack_2,16,15,pepsi_med,160
frame_92,Rack_2,31,15,pepsi_med,136
frame_92,Rack_2,44,15,pepsi_med,112
frame_92,Rack_2,55,13,kick_med,89
frame_92,Rack_2,53,13,kick_med,67
frame_92,Rack_2,52,13,kick_med,44
frame_92,Rack_2,56,13,kick_med,18
frame_93,Rack_2,45,3,coke_med,596
frame_93,Rack_2,20,3,coke_med,564
frame_93,Rack_2,22,3,coke_med,534
frame_93,Rack_2,24,3,coke_med,509
frame_93,Rack_2,3,3,coke_med,483
frame_93,Rack_2,47,3,coke_med,456
frame_93,Rack_2,61,6,coke_v_med,456
frame_93,Rack_2,41,6,coke_v_med,428
frame_93,Rack_2,29,6,coke_v_med,402
frame_93,Rack_2,26,2,anw_med,375
frame_93,Rack_2,17,2,anw_med,350
frame_93,Rack_2,43,2,anw_med,326
frame_93,Rack_2,42,2,anw_med,301
frame_93,Rack_2,46,2,anw_med,277
frame_93,Rack_2,7,2,anw_med,251
frame_93,Rack_2,30,15,pepsi_med,228
frame_93,Rack_2,8,15,pepsi_med,206
frame_93,Rack_2,2,15,pepsi_med,181
frame_93,Rack_2,16,15,pepsi_med,160
frame_93,Rack_2,31,15,pepsi_med,136
frame_93,Rack_2,44,15,pepsi_med,112
frame_93,Rack_2,55,13,kick_med,89
frame_93,Rack_2,53,13,kick_med,67
frame_93,Rack_2,52,13,kick_med,44
frame_93,Rack_2,56,13,kick_med,18
frame_94,Rack_2,45,3,coke_med,596
frame_94,Rack_2,20,3,coke_med,564
frame_94,Rack_2,22,3,coke_med,534
frame_94,Rack_2,24,3,coke_med,509
frame_94,Rack_2,3,3,coke_med,483
frame_94,Rack_2,61,6,coke_v_med,456
frame_94,Rack_2,41,6,coke_v_med,429
frame_94,Rack_2,29,6,coke_v_med,402
frame_94,Rack_2,26,2,anw_med,375
frame_94,Rack_2,17,2,anw_med,350
frame_94,Rack_2,43,2,anw_med,326
frame_94,Rack_2,42,2,anw_med,301
frame_94,Rack_2,46,2,anw_med,277
frame_94,Rack_2,7,2,anw_med,251
frame_94,Rack_2,30,15,pepsi_med,228
frame_94,Rack_2,8,15,pepsi_med,206
frame_94,Rack_2,2,15,pepsi_med,181
frame_94,Rack_2,16,15,pepsi_med,160
frame_94,Rack_2,31,15,pepsi_med,136
frame_94,Rack_2,44,15,pepsi_med,112
frame_94,Rack_2,55,13,kick_med,89
frame_94,Rack_2,53,13,kick_med,67
frame_94,Rack_2,52,13,kick_med,44
frame_94,Rack_2,56,13,kick_med,18
frame_95,Rack_2,45,3,coke_med,596
frame_95,Rack_2,20,3,coke_med,564
frame_95,Rack_2,22,3,coke_med,535
frame_95,Rack_2,24,3,coke_med,510
frame_95,Rack_2,3,3,coke_med,483
frame_95,Rack_2,61,6,coke_v_med,456
frame_95,Rack_2,41,6,coke_v_med,429
frame_95,Rack_2,29,6,coke_v_med,402
frame_95,Rack_2,26,2,anw_med,375
frame_95,Rack_2,17,2,anw_med,350
frame_95,Rack_2,43,2,anw_med,326
frame_95,Rack_2,42,2,anw_med,301
frame_95,Rack_2,46,2,anw_med,277
frame_95,Rack_2,7,2,anw_med,251
frame_95,Rack_2,30,15,pepsi_med,228
frame_95,Rack_2,8,15,pepsi_med,206
frame_95,Rack_2,2,15,pepsi_med,182
frame_95,Rack_2,16,15,pepsi_med,160
frame_95,Rack_2,31,15,pepsi_med,136
frame_95,Rack_2,44,15,pepsi_med,112
frame_95,Rack_2,55,13,kick_med,89
frame_95,Rack_2,53,13,kick_med,67
frame_95,Rack_2,52,13,kick_med,44
frame_95,Rack_2,56,13,kick_med,19
frame_96,Rack_2,45,3,coke_med,596
frame_96,Rack_2,20,3,coke_med,564
frame_96,Rack_2,22,3,coke_med,535
frame_96,Rack_2,24,3,coke_med,510
frame_96,Rack_2,3,3,coke_med,483
frame_96,Rack_2,61,6,coke_v_med,457
frame_96,Rack_2,41,6,coke_v_med,429
frame_96,Rack_2,29,6,coke_v_med,402
frame_96,Rack_2,26,2,anw_med,376
frame_96,Rack_2,17,2,anw_med,351
frame_96,Rack_2,43,2,anw_med,326
frame_96,Rack_2,42,2,anw_med,301
frame_96,Rack_2,46,2,anw_med,277
frame_96,Rack_2,7,2,anw_med,251
frame_96,Rack_2,30,15,pepsi_med,228
frame_96,Rack_2,8,15,pepsi_med,206
frame_96,Rack_2,2,15,pepsi_med,182
frame_96,Rack_2,16,15,pepsi_med,160
frame_96,Rack_2,31,15,pepsi_med,136
frame_96,Rack_2,44,15,pepsi_med,112
frame_96,Rack_2,55,13,kick_med,89
frame_96,Rack_2,53,13,kick_med,67
frame_96,Rack_2,52,13,kick_med,44
frame_96,Rack_2,56,13,kick_med,19
frame_97,Rack_2,45,3,coke_med,597
frame_97,Rack_2,20,3,coke_med,564
frame_97,Rack_2,22,3,coke_med,535
frame_97,Rack_2,24,3,coke_med,510
frame_97,Rack_2,3,3,coke_med,483
frame_97,Rack_2,61,6,coke_v_med,457
frame_97,Rack_2,41,6,coke_v_med,429
frame_97,Rack_2,29,6,coke_v_med,402
frame_97,Rack_2,26,2,anw_med,376
frame_97,Rack_2,17,2,anw_med,351
frame_97,Rack_2,43,2,anw_med,326
frame_97,Rack_2,42,2,anw_med,301
frame_97,Rack_2,46,2,anw_med,277
frame_97,Rack_2,7,2,anw_med,252
frame_97,Rack_2,30,15,pepsi_med,228
frame_97,Rack_2,8,15,pepsi_med,206
frame_97,Rack_2,2,15,pepsi_med,182
frame_97,Rack_2,16,15,pepsi_med,160
frame_97,Rack_2,31,15,pepsi_med,136
frame_97,Rack_2,44,15,pepsi_med,112
frame_97,Rack_2,55,13,kick_med,89
frame_97,Rack_2,53,13,kick_med,67
frame_97,Rack_2,52,13,kick_med,44
frame_97,Rack_2,56,13,kick_med,19
frame_98,Rack_2,45,3,coke_med,597
frame_98,Rack_2,20,3,coke_med,564
frame_98,Rack_2,22,3,coke_med,535
frame_98,Rack_2,24,3,coke_med,510
frame_98,Rack_2,3,3,coke_med,483
frame_98,Rack_2,61,6,coke_v_med,457
frame_98,Rack_2,41,6,coke_v_med,429
frame_98,Rack_2,29,6,coke_v_med,402
frame_98,Rack_2,26,2,anw_med,376
frame_98,Rack_2,17,2,anw_med,351
frame_98,Rack_2,43,2,anw_med,326
frame_98,Rack_2,42,2,anw_med,302
frame_98,Rack_2,46,2,anw_med,277
frame_98,Rack_2,7,2,anw_med,252
frame_98,Rack_2,30,15,pepsi_med,228
frame_98,Rack_2,8,15,pepsi_med,206
frame_98,Rack_2,2,15,pepsi_med,182
frame_98,Rack_2,16,15,pepsi_med,160
frame_98,Rack_2,31,15,pepsi_med,136
frame_98,Rack_2,44,15,pepsi_med,112
frame_98,Rack_2,55,13,kick_med,89
frame_98,Rack_2,53,13,kick_med,68
frame_98,Rack_2,52,13,kick_med,44
frame_98,Rack_2,56,13,kick_med,19
frame_99,Rack_2,45,3,coke_med,597
frame_99,Rack_2,20,3,coke_med,564
frame_99,Rack_2,22,3,coke_med,535
frame_99,Rack_2,24,3,coke_med,510
frame_99,Rack_2,3,3,coke_med,483
frame_99,Rack_2,61,6,coke_v_med,457
frame_99,Rack_2,41,6,coke_v_med,429
frame_99,Rack_2,29,6,coke_v_med,403
frame_99,Rack_2,26,2,anw_med,376
frame_99,Rack_2,17,2,anw_med,351
frame_99,Rack_2,43,2,anw_med,326
frame_99,Rack_2,42,2,anw_med,302
frame_99,Rack_2,46,2,anw_med,277
frame_99,Rack_2,7,2,anw_med,252
frame_99,Rack_2,30,15,pepsi_med,228
frame_99,Rack_2,8,15,pepsi_med,206
frame_99,Rack_2,2,15,pepsi_med,182
frame_99,Rack_2,16,15,pepsi_med,160
frame_99,Rack_2,31,15,pepsi_med,136
frame_99,Rack_2,44,15,pepsi_med,112
frame_99,Rack_2,55,13,kick_med,90
frame_99,Rack_2,53,13,kick_med,68
frame_99,Rack_2,52,13,kick_med,45
frame_99,Rack_2,56,13,kick_med,19
frame_0,Rack_3,6,9,empty,535
frame_0,Rack_3,13,7,coke_z_big,457
frame_0,Rack_3,1,7,coke_z_big,421
frame_0,Rack_3,39,5,coke_v_big,384
frame_0,Rack_3,4,5,coke_v_big,348
frame_0,Rack_3,33,5,coke_v_big,314
frame_0,Rack_3,18,5,coke_v_big,280
frame_0,Rack_3,10,5,coke_v_big,245
frame_0,Rack_3,9,14,pepsi_big,211
frame_0,Rack_3,11,14,pepsi_big,178
frame_0,Rack_3,54,14,pepsi_big,147
frame_0,Rack_3,19,10,fanta_grape_big,112
frame_0,Rack_3,51,10,fanta_grape_big,81
frame_0,Rack_3,23,12,fanta_straw_big,22
frame_1,Rack_3,6,9,empty,535
frame_1,Rack_3,13,7,coke_z_big,457
frame_1,Rack_3,1,7,coke_z_big,421
frame_1,Rack_3,39,5,coke_v_big,384
frame_1,Rack_3,4,5,coke_v_big,349
frame_1,Rack_3,33,5,coke_v_big,314
frame_1,Rack_3,18,5,coke_v_big,280
frame_1,Rack_3,10,5,coke_v_big,245
frame_1,Rack_3,9,14,pepsi_big,211
frame_1,Rack_3,11,14,pepsi_big,178
frame_1,Rack_3,54,14,pepsi_big,147
frame_1,Rack_3,19,10,fanta_grape_big,112
frame_1,Rack_3,51,10,fanta_grape_big,81
frame_1,Rack_3,23,12,fanta_straw_big,22
frame_10,Rack_3,6,9,empty,535
frame_10,Rack_3,13,7,coke_z_big,458
frame_10,Rack_3,1,7,coke_z_big,421
frame_10,Rack_3,39,5,coke_v_big,385
frame_10,Rack_3,4,5,coke_v_big,349
frame_10,Rack_3,33,5,coke_v_big,315
frame_10,Rack_3,18,5,coke_v_big,281
frame_10,Rack_3,10,5,coke_v_big,246
frame_10,Rack_3,9,14,pepsi_big,212
frame_10,Rack_3,11,14,pepsi_big,179
frame_10,Rack_3,54,14,pepsi_big,147
frame_10,Rack_3,19,10,fanta_grape_big,112
frame_10,Rack_3,51,10,fanta_grape_big,81
frame_10,Rack_3,23,12,fanta_straw_big,23
frame_100,Rack_3,6,9,empty,554
frame_100,Rack_3,13,7,coke_z_big,472
frame_100,Rack_3,1,7,coke_z_big,435
frame_100,Rack_3,39,5,coke_v_big,398
frame_100,Rack_3,4,5,coke_v_big,362
frame_100,Rack_3,33,5,coke_v_big,327
frame_100,Rack_3,18,5,coke_v_big,293
frame_100,Rack_3,10,5,coke_v_big,258
frame_100,Rack_3,9,14,pepsi_big,223
frame_100,Rack_3,11,14,pepsi_big,191
frame_100,Rack_3,54,14,pepsi_big,159
frame_100,Rack_3,19,10,fanta_grape_big,123
frame_100,Rack_3,51,10,fanta_grape_big,92
frame_100,Rack_3,59,10,fanta_grape_big,66
frame_100,Rack_3,23,12,fanta_straw_big,33
frame_101,Rack_3,6,9,empty,555
frame_101,Rack_3,13,7,coke_z_big,472
frame_101,Rack_3,1,7,coke_z_big,435
frame_101,Rack_3,39,5,coke_v_big,398
frame_101,Rack_3,4,5,coke_v_big,362
frame_101,Rack_3,33,5,coke_v_big,327
frame_101,Rack_3,18,5,coke_v_big,294
frame_101,Rack_3,10,5,coke_v_big,258
frame_101,Rack_3,9,14,pepsi_big,224
frame_101,Rack_3,11,14,pepsi_big,191
frame_101,Rack_3,54,14,pepsi_big,159
frame_101,Rack_3,19,10,fanta_grape_big,123
frame_101,Rack_3,51,10,fanta_grape_big,93
frame_101,Rack_3,59,10,fanta_grape_big,66
frame_101,Rack_3,23,12,fanta_straw_big,33
frame_102,Rack_3,6,9,empty,555
frame_102,Rack_3,13,7,coke_z_big,473
frame_102,Rack_3,1,7,coke_z_big,435
frame_102,Rack_3,39,5,coke_v_big,398
frame_102,Rack_3,4,5,coke_v_big,362
frame_102,Rack_3,33,5,coke_v_big,327
frame_102,Rack_3,18,5,coke_v_big,294
frame_102,Rack_3,10,5,coke_v_big,258
frame_102,Rack_3,9,14,pepsi_big,224
frame_102,Rack_3,11,14,pepsi_big,192
frame_102,Rack_3,54,14,pepsi_big,160
frame_102,Rack_3,19,10,fanta_grape_big,123
frame_102,Rack_3,51,10,fanta_grape_big,93
frame_102,Rack_3,59,10,fanta_grape_big,67
frame_102,Rack_3,23,12,fanta_straw_big,34
frame_103,Rack_3,6,9,empty,555
frame_103,Rack_3,13,7,coke_z_big,473
frame_103,Rack_3,1,7,coke_z_big,435
frame_103,Rack_3,39,5,coke_v_big,398
frame_103,Rack_3,4,5,coke_v_big,363
frame_103,Rack_3,33,5,coke_v_big,328
frame_103,Rack_3,18,5,coke_v_big,294
frame_103,Rack_3,10,5,coke_v_big,259
frame_103,Rack_3,9,14,pepsi_big,224
frame_103,Rack_3,11,14,pepsi_big,192
frame_103,Rack_3,54,14,pepsi_big,160
frame_103,Rack_3,19,10,fanta_grape_big,124
frame_103,Rack_3,51,10,fanta_grape_big,93
frame_103,Rack_3,59,10,fanta_grape_big,67
frame_103,Rack_3,23,12,fanta_straw_big,34
frame_104,Rack_3,6,9,empty,556
frame_104,Rack_3,13,7,coke_z_big,473
frame_104,Rack_3,1,7,coke_z_big,436
frame_104,Rack_3,39,5,coke_v_big,399
frame_104,Rack_3,4,5,coke_v_big,363
frame_104,Rack_3,33,5,coke_v_big,328
frame_104,Rack_3,18,5,coke_v_big,294
frame_104,Rack_3,10,5,coke_v_big,259
frame_104,Rack_3,9,14,pepsi_big,224
frame_104,Rack_3,11,14,pepsi_big,192
frame_104,Rack_3,54,14,pepsi_big,160
frame_104,Rack_3,19,10,fanta_grape_big,124
frame_104,Rack_3,51,10,fanta_grape_big,93
frame_104,Rack_3,23,12,fanta_straw_big,35
frame_105,Rack_3,6,9,empty,558
frame_105,Rack_3,13,7,coke_z_big,473
frame_105,Rack_3,1,7,coke_z_big,436
frame_105,Rack_3,39,5,coke_v_big,399
frame_105,Rack_3,4,5,coke_v_big,363
frame_105,Rack_3,33,5,coke_v_big,328
frame_105,Rack_3,18,5,coke_v_big,294
frame_105,Rack_3,10,5,coke_v_big,259
frame_105,Rack_3,9,14,pepsi_big,224
frame_105,Rack_3,11,14,pepsi_big,192
frame_105,Rack_3,54,14,pepsi_big,161
frame_105,Rack_3,19,10,fanta_grape_big,125
frame_105,Rack_3,51,10,fanta_grape_big,94
frame_105,Rack_3,23,12,fanta_straw_big,35
frame_106,Rack_3,6,9,empty,559
frame_106,Rack_3,13,7,coke_z_big,474
frame_106,Rack_3,1,7,coke_z_big,436
frame_106,Rack_3,39,5,coke_v_big,399
frame_106,Rack_3,4,5,coke_v_big,364
frame_106,Rack_3,33,5,coke_v_big,328
frame_106,Rack_3,18,5,coke_v_big,295
frame_106,Rack_3,10,5,coke_v_big,259
frame_106,Rack_3,9,14,pepsi_big,225
frame_106,Rack_3,11,14,pepsi_big,193
frame_106,Rack_3,54,14,pepsi_big,161
frame_106,Rack_3,19,10,fanta_grape_big,125
frame_106,Rack_3,51,10,fanta_grape_big,94
frame_106,Rack_3,23,12,fanta_straw_big,36
frame_107,Rack_3,6,9,empty,557
frame_107,Rack_3,13,7,coke_z_big,474
frame_107,Rack_3,1,7,coke_z_big,436
frame_107,Rack_3,39,5,coke_v_big,400
frame_107,Rack_3,4,5,coke_v_big,364
frame_107,Rack_3,33,5,coke_v_big,329
frame_107,Rack_3,18,5,coke_v_big,295
frame_107,Rack_3,10,5,coke_v_big,260
frame_107,Rack_3,9,14,pepsi_big,225
frame_107,Rack_3,11,14,pepsi_big,193
frame_107,Rack_3,54,14,pepsi_big,161
frame_107,Rack_3,19,10,fanta_grape_big,125
frame_107,Rack_3,51,10,fanta_grape_big,94
frame_107,Rack_3,23,12,fanta_straw_big,37
frame_108,Rack_3,6,9,empty,557
frame_108,Rack_3,13,7,coke_z_big,474
frame_108,Rack_3,1,7,coke_z_big,437
frame_108,Rack_3,39,5,coke_v_big,400
frame_108,Rack_3,4,5,coke_v_big,364
frame_108,Rack_3,33,5,coke_v_big,329
frame_108,Rack_3,18,5,coke_v_big,295
frame_108,Rack_3,10,5,coke_v_big,260
frame_108,Rack_3,9,14,pepsi_big,225
frame_108,Rack_3,11,14,pepsi_big,193
frame_108,Rack_3,54,14,pepsi_big,162
frame_108,Rack_3,19,10,fanta_grape_big,126
frame_108,Rack_3,23,12,fanta_straw_big,37
frame_109,Rack_3,6,9,empty,558
frame_109,Rack_3,13,7,coke_z_big,475
frame_109,Rack_3,1,7,coke_z_big,437
frame_109,Rack_3,39,5,coke_v_big,400
frame_109,Rack_3,4,5,coke_v_big,365
frame_109,Rack_3,33,5,coke_v_big,329
frame_109,Rack_3,18,5,coke_v_big,296
frame_109,Rack_3,10,5,coke_v_big,261
frame_109,Rack_3,9,14,pepsi_big,226
frame_109,Rack_3,11,14,pepsi_big,194
frame_109,Rack_3,54,14,pepsi_big,162
frame_109,Rack_3,19,10,fanta_grape_big,126
frame_109,Rack_3,23,12,fanta_straw_big,38
frame_11,Rack_3,6,9,empty,536
frame_11,Rack_3,13,7,coke_z_big,458
frame_11,Rack_3,1,7,coke_z_big,421
frame_11,Rack_3,39,5,coke_v_big,385
frame_11,Rack_3,4,5,coke_v_big,349
frame_11,Rack_3,33,5,coke_v_big,315
frame_11,Rack_3,18,5,coke_v_big,281
frame_11,Rack_3,10,5,coke_v_big,246
frame_11,Rack_3,9,14,pepsi_big,211
frame_11,Rack_3,11,14,pepsi_big,179
frame_11,Rack_3,54,14,pepsi_big,147
frame_11,Rack_3,19,10,fanta_grape_big,113
frame_11,Rack_3,51,10,fanta_grape_big,81
frame_11,Rack_3,23,12,fanta_straw_big,23
frame_110,Rack_3,6,9,empty,559
frame_110,Rack_3,13,7,coke_z_big,475
frame_110,Rack_3,1,7,coke_z_big,438
frame_110,Rack_3,39,5,coke_v_big,401
frame_110,Rack_3,4,5,coke_v_big,365
frame_110,Rack_3,33,5,coke_v_big,330
frame_110,Rack_3,18,5,coke_v_big,296
frame_110,Rack_3,10,5,coke_v_big,261
frame_110,Rack_3,9,14,pepsi_big,226
frame_110,Rack_3,11,14,pepsi_big,194
frame_110,Rack_3,54,14,pepsi_big,162
frame_110,Rack_3,19,10,fanta_grape_big,126
frame_110,Rack_3,51,10,fanta_grape_big,95
frame_111,Rack_3,6,9,empty,559
frame_111,Rack_3,13,7,coke_z_big,475
frame_111,Rack_3,1,7,coke_z_big,438
frame_111,Rack_3,39,5,coke_v_big,401
frame_111,Rack_3,4,5,coke_v_big,366
frame_111,Rack_3,33,5,coke_v_big,330
frame_111,Rack_3,18,5,coke_v_big,296
frame_111,Rack_3,10,5,coke_v_big,261
frame_111,Rack_3,9,14,pepsi_big,226
frame_111,Rack_3,11,14,pepsi_big,194
frame_111,Rack_3,54,14,pepsi_big,162
frame_111,Rack_3,19,10,fanta_grape_big,127
frame_111,Rack_3,51,10,fanta_grape_big,95
frame_111,Rack_3,23,12,fanta_straw_big,39
frame_112,Rack_3,6,9,empty,560
frame_112,Rack_3,13,7,coke_z_big,476
frame_112,Rack_3,1,7,coke_z_big,439
frame_112,Rack_3,39,5,coke_v_big,402
frame_112,Rack_3,4,5,coke_v_big,366
frame_112,Rack_3,33,5,coke_v_big,331
frame_112,Rack_3,18,5,coke_v_big,297
frame_112,Rack_3,10,5,coke_v_big,262
frame_112,Rack_3,9,14,pepsi_big,227
frame_112,Rack_3,11,14,pepsi_big,195
frame_112,Rack_3,54,14,pepsi_big,162
frame_112,Rack_3,19,10,fanta_grape_big,127
frame_112,Rack_3,51,10,fanta_grape_big,96
frame_113,Rack_3,6,9,empty,560
frame_113,Rack_3,13,7,coke_z_big,477
frame_113,Rack_3,1,7,coke_z_big,439
frame_113,Rack_3,39,5,coke_v_big,402
frame_113,Rack_3,4,5,coke_v_big,366
frame_113,Rack_3,33,5,coke_v_big,331
frame_113,Rack_3,18,5,coke_v_big,297
frame_113,Rack_3,10,5,coke_v_big,262
frame_113,Rack_3,9,14,pepsi_big,227
frame_113,Rack_3,11,14,pepsi_big,195
frame_113,Rack_3,54,14,pepsi_big,163
frame_113,Rack_3,19,10,fanta_grape_big,128
frame_113,Rack_3,51,10,fanta_grape_big,96
frame_114,Rack_3,6,9,empty,562
frame_114,Rack_3,13,7,coke_z_big,477
frame_114,Rack_3,1,7,coke_z_big,440
frame_114,Rack_3,39,5,coke_v_big,403
frame_114,Rack_3,4,5,coke_v_big,367
frame_114,Rack_3,33,5,coke_v_big,332
frame_114,Rack_3,18,5,coke_v_big,297
frame_114,Rack_3,10,5,coke_v_big,263
frame_114,Rack_3,9,14,pepsi_big,228
frame_114,Rack_3,11,14,pepsi_big,196
frame_114,Rack_3,54,14,pepsi_big,164
frame_114,Rack_3,19,10,fanta_grape_big,128
frame_114,Rack_3,51,10,fanta_grape_big,97
frame_115,Rack_3,6,9,empty,561
frame_115,Rack_3,13,7,coke_z_big,478
frame_115,Rack_3,1,7,coke_z_big,440
frame_115,Rack_3,39,5,coke_v_big,403
frame_115,Rack_3,4,5,coke_v_big,367
frame_115,Rack_3,33,5,coke_v_big,332
frame_115,Rack_3,18,5,coke_v_big,298
frame_115,Rack_3,10,5,coke_v_big,263
frame_115,Rack_3,9,14,pepsi_big,229
frame_115,Rack_3,11,14,pepsi_big,196
frame_115,Rack_3,54,14,pepsi_big,164
frame_115,Rack_3,19,10,fanta_grape_big,129
frame_115,Rack_3,51,10,fanta_grape_big,98
frame_116,Rack_3,6,9,empty,562
frame_116,Rack_3,13,7,coke_z_big,479
frame_116,Rack_3,1,7,coke_z_big,441
frame_116,Rack_3,39,5,coke_v_big,404
frame_116,Rack_3,4,5,coke_v_big,368
frame_116,Rack_3,33,5,coke_v_big,333
frame_116,Rack_3,18,5,coke_v_big,299
frame_116,Rack_3,10,5,coke_v_big,264
frame_116,Rack_3,9,14,pepsi_big,230
frame_116,Rack_3,11,14,pepsi_big,197
frame_116,Rack_3,54,14,pepsi_big,165
frame_116,Rack_3,19,10,fanta_grape_big,130
frame_116,Rack_3,51,10,fanta_grape_big,98
frame_117,Rack_3,6,9,empty,562
frame_117,Rack_3,13,7,coke_z_big,479
frame_117,Rack_3,1,7,coke_z_big,442
frame_117,Rack_3,39,5,coke_v_big,405
frame_117,Rack_3,4,5,coke_v_big,369
frame_117,Rack_3,33,5,coke_v_big,334
frame_117,Rack_3,18,5,coke_v_big,299
frame_117,Rack_3,10,5,coke_v_big,264
frame_117,Rack_3,9,14,pepsi_big,230
frame_117,Rack_3,11,14,pepsi_big,198
frame_117,Rack_3,54,14,pepsi_big,166
frame_117,Rack_3,19,10,fanta_grape_big,130
frame_117,Rack_3,51,10,fanta_grape_big,99
frame_117,Rack_3,23,12,fanta_straw_big,41
frame_118,Rack_3,6,9,empty,562
frame_118,Rack_3,13,7,coke_z_big,480
frame_118,Rack_3,1,7,coke_z_big,442
frame_118,Rack_3,39,5,coke_v_big,405
frame_118,Rack_3,4,5,coke_v_big,370
frame_118,Rack_3,33,5,coke_v_big,334
frame_118,Rack_3,18,5,coke_v_big,300
frame_118,Rack_3,10,5,coke_v_big,265
frame_118,Rack_3,9,14,pepsi_big,231
frame_118,Rack_3,11,14,pepsi_big,198
frame_118,Rack_3,54,14,pepsi_big,166
frame_118,Rack_3,19,10,fanta_grape_big,131
frame_118,Rack_3,51,10,fanta_grape_big,100
frame_118,Rack_3,23,12,fanta_straw_big,42
frame_119,Rack_3,6,9,empty,562
frame_119,Rack_3,13,7,coke_z_big,481
frame_119,Rack_3,1,7,coke_z_big,443
frame_119,Rack_3,39,5,coke_v_big,406
frame_119,Rack_3,4,5,coke_v_big,370
frame_119,Rack_3,33,5,coke_v_big,335
frame_119,Rack_3,18,5,coke_v_big,301
frame_119,Rack_3,10,5,coke_v_big,266
frame_119,Rack_3,9,14,pepsi_big,232
frame_119,Rack_3,11,14,pepsi_big,199
frame_119,Rack_3,54,14,pepsi_big,167
frame_119,Rack_3,19,10,fanta_grape_big,132
frame_119,Rack_3,51,10,fanta_grape_big,101
frame_119,Rack_3,23,12,fanta_straw_big,43
frame_12,Rack_3,6,9,empty,537
frame_12,Rack_3,13,7,coke_z_big,458
frame_12,Rack_3,1,7,coke_z_big,421
frame_12,Rack_3,39,5,coke_v_big,385
frame_12,Rack_3,4,5,coke_v_big,349
frame_12,Rack_3,33,5,coke_v_big,315
frame_12,Rack_3,18,5,coke_v_big,281
frame_12,Rack_3,10,5,coke_v_big,246
frame_12,Rack_3,9,14,pepsi_big,211
frame_12,Rack_3,11,14,pepsi_big,179
frame_12,Rack_3,54,14,pepsi_big,147
frame_12,Rack_3,19,10,fanta_grape_big,113
frame_12,Rack_3,51,10,fanta_grape_big,82
frame_12,Rack_3,23,12,fanta_straw_big,23
frame_120,Rack_3,6,9,empty,564
frame_120,Rack_3,13,7,coke_z_big,481
frame_120,Rack_3,1,7,coke_z_big,444
frame_120,Rack_3,39,5,coke_v_big,407
frame_120,Rack_3,4,5,coke_v_big,371
frame_120,Rack_3,33,5,coke_v_big,336
frame_120,Rack_3,18,5,coke_v_big,301
frame_120,Rack_3,10,5,coke_v_big,266
frame_120,Rack_3,9,14,pepsi_big,232
frame_120,Rack_3,11,14,pepsi_big,200
frame_120,Rack_3,54,14,pepsi_big,168
frame_120,Rack_3,19,10,fanta_grape_big,132
frame_120,Rack_3,51,10,fanta_grape_big,101
frame_120,Rack_3,23,12,fanta_straw_big,44
frame_121,Rack_3,6,9,empty,564
frame_121,Rack_3,13,7,coke_z_big,482
frame_121,Rack_3,1,7,coke_z_big,445
frame_121,Rack_3,39,5,coke_v_big,408
frame_121,Rack_3,4,5,coke_v_big,372
frame_121,Rack_3,33,5,coke_v_big,337
frame_121,Rack_3,18,5,coke_v_big,302
frame_121,Rack_3,10,5,coke_v_big,267
frame_121,Rack_3,9,14,pepsi_big,233
frame_121,Rack_3,11,14,pepsi_big,200
frame_121,Rack_3,54,14,pepsi_big,168
frame_121,Rack_3,19,10,fanta_grape_big,133
frame_121,Rack_3,51,10,fanta_grape_big,102
frame_121,Rack_3,59,10,fanta_grape_big,76
frame_121,Rack_3,23,12,fanta_straw_big,44
frame_122,Rack_3,6,9,empty,565
frame_122,Rack_3,13,7,coke_z_big,483
frame_122,Rack_3,1,7,coke_z_big,446
frame_122,Rack_3,39,5,coke_v_big,409
frame_122,Rack_3,4,5,coke_v_big,373
frame_122,Rack_3,33,5,coke_v_big,337
frame_122,Rack_3,18,5,coke_v_big,303
frame_122,Rack_3,10,5,coke_v_big,268
frame_122,Rack_3,9,14,pepsi_big,233
frame_122,Rack_3,11,14,pepsi_big,201
frame_122,Rack_3,54,14,pepsi_big,169
frame_122,Rack_3,19,10,fanta_grape_big,134
frame_122,Rack_3,51,10,fanta_grape_big,103
frame_122,Rack_3,23,12,fanta_straw_big,45
frame_122,Rack_3,64,12,fanta_straw_big,15
frame_123,Rack_3,6,9,empty,566
frame_123,Rack_3,13,7,coke_z_big,485
frame_123,Rack_3,1,7,coke_z_big,447
frame_123,Rack_3,39,5,coke_v_big,409
frame_123,Rack_3,4,5,coke_v_big,374
frame_123,Rack_3,33,5,coke_v_big,338
frame_123,Rack_3,18,5,coke_v_big,304
frame_123,Rack_3,10,5,coke_v_big,268
frame_123,Rack_3,9,14,pepsi_big,234
frame_123,Rack_3,11,14,pepsi_big,202
frame_123,Rack_3,54,14,pepsi_big,170
frame_123,Rack_3,19,10,fanta_grape_big,135
frame_123,Rack_3,51,10,fanta_grape_big,104
frame_123,Rack_3,59,10,fanta_grape_big,78
frame_123,Rack_3,23,12,fanta_straw_big,46
frame_123,Rack_3,64,12,fanta_straw_big,15
frame_124,Rack_3,6,9,empty,566
frame_124,Rack_3,13,7,coke_z_big,486
frame_124,Rack_3,1,7,coke_z_big,448
frame_124,Rack_3,39,5,coke_v_big,410
frame_124,Rack_3,4,5,coke_v_big,374
frame_124,Rack_3,33,5,coke_v_big,339
frame_124,Rack_3,18,5,coke_v_big,305
frame_124,Rack_3,10,5,coke_v_big,269
frame_124,Rack_3,9,14,pepsi_big,235
frame_124,Rack_3,11,14,pepsi_big,203
frame_124,Rack_3,54,14,pepsi_big,171
frame_124,Rack_3,19,10,fanta_grape_big,135
frame_124,Rack_3,51,10,fanta_grape_big,105
frame_124,Rack_3,59,10,fanta_grape_big,79
frame_124,Rack_3,23,12,fanta_straw_big,46
frame_124,Rack_3,64,12,fanta_straw_big,15
frame_125,Rack_3,6,9,empty,568
frame_125,Rack_3,13,7,coke_z_big,487
frame_125,Rack_3,1,7,coke_z_big,449
frame_125,Rack_3,39,5,coke_v_big,411
frame_125,Rack_3,4,5,coke_v_big,375
frame_125,Rack_3,33,5,coke_v_big,340
frame_125,Rack_3,18,5,coke_v_big,305
frame_125,Rack_3,10,5,coke_v_big,270
frame_125,Rack_3,9,14,pepsi_big,236
frame_125,Rack_3,11,14,pepsi_big,204
frame_125,Rack_3,54,14,pepsi_big,172
frame_125,Rack_3,19,10,fanta_grape_big,136
frame_125,Rack_3,51,10,fanta_grape_big,105
frame_125,Rack_3,59,10,fanta_grape_big,79
frame_125,Rack_3,23,12,fanta_straw_big,47
frame_126,Rack_3,6,9,empty,569
frame_126,Rack_3,13,7,coke_z_big,488
frame_126,Rack_3,1,7,coke_z_big,450
frame_126,Rack_3,39,5,coke_v_big,412
frame_126,Rack_3,4,5,coke_v_big,376
frame_126,Rack_3,33,5,coke_v_big,341
frame_126,Rack_3,18,5,coke_v_big,306
frame_126,Rack_3,10,5,coke_v_big,271
frame_126,Rack_3,9,14,pepsi_big,237
frame_126,Rack_3,11,14,pepsi_big,205
frame_126,Rack_3,54,14,pepsi_big,172
frame_126,Rack_3,19,10,fanta_grape_big,137
frame_126,Rack_3,51,10,fanta_grape_big,106
frame_126,Rack_3,59,10,fanta_grape_big,80
frame_126,Rack_3,23,12,fanta_straw_big,47
frame_126,Rack_3,64,12,fanta_straw_big,16
frame_127,Rack_3,6,9,empty,569
frame_127,Rack_3,13,7,coke_z_big,489
frame_127,Rack_3,1,7,coke_z_big,450
frame_127,Rack_3,39,5,coke_v_big,413
frame_127,Rack_3,4,5,coke_v_big,377
frame_127,Rack_3,33,5,coke_v_big,341
frame_127,Rack_3,18,5,coke_v_big,307
frame_127,Rack_3,10,5,coke_v_big,272
frame_127,Rack_3,9,14,pepsi_big,238
frame_127,Rack_3,11,14,pepsi_big,205
frame_127,Rack_3,54,14,pepsi_big,173
frame_127,Rack_3,19,10,fanta_grape_big,138
frame_127,Rack_3,51,10,fanta_grape_big,107
frame_127,Rack_3,59,10,fanta_grape_big,81
frame_127,Rack_3,23,12,fanta_straw_big,48
frame_127,Rack_3,64,12,fanta_straw_big,16
frame_128,Rack_3,6,9,empty,569
frame_128,Rack_3,13,7,coke_z_big,489
frame_128,Rack_3,1,7,coke_z_big,451
frame_128,Rack_3,39,5,coke_v_big,414
frame_128,Rack_3,4,5,coke_v_big,378
frame_128,Rack_3,33,5,coke_v_big,342
frame_128,Rack_3,18,5,coke_v_big,308
frame_128,Rack_3,10,5,coke_v_big,273
frame_128,Rack_3,9,14,pepsi_big,238
frame_128,Rack_3,11,14,pepsi_big,206
frame_128,Rack_3,54,14,pepsi_big,174
frame_128,Rack_3,19,10,fanta_grape_big,139
frame_128,Rack_3,51,10,fanta_grape_big,108
frame_128,Rack_3,59,10,fanta_grape_big,82
frame_128,Rack_3,23,12,fanta_straw_big,50
frame_128,Rack_3,64,12,fanta_straw_big,17
frame_129,Rack_3,6,9,empty,570
frame_129,Rack_3,13,7,coke_z_big,490
frame_129,Rack_3,1,7,coke_z_big,452
frame_129,Rack_3,39,5,coke_v_big,415
frame_129,Rack_3,4,5,coke_v_big,379
frame_129,Rack_3,33,5,coke_v_big,343
frame_129,Rack_3,18,5,coke_v_big,309
frame_129,Rack_3,10,5,coke_v_big,274
frame_129,Rack_3,9,14,pepsi_big,239
frame_129,Rack_3,11,14,pepsi_big,207
frame_129,Rack_3,54,14,pepsi_big,175
frame_129,Rack_3,19,10,fanta_grape_big,140
frame_129,Rack_3,51,10,fanta_grape_big,109
frame_129,Rack_3,23,12,fanta_straw_big,50
frame_129,Rack_3,64,12,fanta_straw_big,17
frame_13,Rack_3,6,9,empty,537
frame_13,Rack_3,13,7,coke_z_big,458
frame_13,Rack_3,1,7,coke_z_big,421
frame_13,Rack_3,39,5,coke_v_big,385
frame_13,Rack_3,4,5,coke_v_big,349
frame_13,Rack_3,33,5,coke_v_big,315
frame_13,Rack_3,18,5,coke_v_big,281
frame_13,Rack_3,10,5,coke_v_big,246
frame_13,Rack_3,9,14,pepsi_big,211
frame_13,Rack_3,11,14,pepsi_big,179
frame_13,Rack_3,54,14,pepsi_big,147
frame_13,Rack_3,19,10,fanta_grape_big,113
frame_13,Rack_3,51,10,fanta_grape_big,81
frame_13,Rack_3,23,12,fanta_straw_big,22
frame_130,Rack_3,6,9,empty,571
frame_130,Rack_3,13,7,coke_z_big,492
frame_130,Rack_3,1,7,coke_z_big,453
frame_130,Rack_3,39,5,coke_v_big,416
frame_130,Rack_3,4,5,coke_v_big,380
frame_130,Rack_3,33,5,coke_v_big,344
frame_130,Rack_3,18,5,coke_v_big,310
frame_130,Rack_3,10,5,coke_v_big,275
frame_130,Rack_3,9,14,pepsi_big,241
frame_130,Rack_3,11,14,pepsi_big,208
frame_130,Rack_3,54,14,pepsi_big,176
frame_130,Rack_3,19,10,fanta_grape_big,141
frame_130,Rack_3,51,10,fanta_grape_big,110
frame_130,Rack_3,23,12,fanta_straw_big,52
frame_130,Rack_3,64,12,fanta_straw_big,18
frame_131,Rack_3,6,9,empty,571
frame_131,Rack_3,13,7,coke_z_big,493
frame_131,Rack_3,1,7,coke_z_big,455
frame_131,Rack_3,39,5,coke_v_big,417
frame_131,Rack_3,4,5,coke_v_big,381
frame_131,Rack_3,33,5,coke_v_big,345
frame_131,Rack_3,18,5,coke_v_big,311
frame_131,Rack_3,10,5,coke_v_big,276
frame_131,Rack_3,9,14,pepsi_big,242
frame_131,Rack_3,11,14,pepsi_big,209
frame_131,Rack_3,54,14,pepsi_big,177
frame_131,Rack_3,19,10,fanta_grape_big,142
frame_131,Rack_3,51,10,fanta_grape_big,111
frame_131,Rack_3,23,12,fanta_straw_big,53
frame_131,Rack_3,64,12,fanta_straw_big,19
frame_132,Rack_3,6,9,empty,572
frame_132,Rack_3,13,7,coke_z_big,494
frame_132,Rack_3,1,7,coke_z_big,456
frame_132,Rack_3,39,5,coke_v_big,418
frame_132,Rack_3,4,5,coke_v_big,382
frame_132,Rack_3,33,5,coke_v_big,346
frame_132,Rack_3,18,5,coke_v_big,312
frame_132,Rack_3,10,5,coke_v_big,277
frame_132,Rack_3,9,14,pepsi_big,243
frame_132,Rack_3,11,14,pepsi_big,210
frame_132,Rack_3,54,14,pepsi_big,178
frame_132,Rack_3,19,10,fanta_grape_big,143
frame_132,Rack_3,51,10,fanta_grape_big,112
frame_132,Rack_3,23,12,fanta_straw_big,54
frame_132,Rack_3,64,12,fanta_straw_big,19
frame_133,Rack_3,6,9,empty,571
frame_133,Rack_3,13,7,coke_z_big,495
frame_133,Rack_3,1,7,coke_z_big,457
frame_133,Rack_3,39,5,coke_v_big,419
frame_133,Rack_3,4,5,coke_v_big,383
frame_133,Rack_3,33,5,coke_v_big,347
frame_133,Rack_3,18,5,coke_v_big,313
frame_133,Rack_3,10,5,coke_v_big,278
frame_133,Rack_3,9,14,pepsi_big,244
frame_133,Rack_3,11,14,pepsi_big,212
frame_133,Rack_3,54,14,pepsi_big,179
frame_133,Rack_3,19,10,fanta_grape_big,144
frame_133,Rack_3,51,10,fanta_grape_big,113
frame_133,Rack_3,23,12,fanta_straw_big,55
frame_134,Rack_3,6,9,empty,572
frame_134,Rack_3,13,7,coke_z_big,496
frame_134,Rack_3,1,7,coke_z_big,458
frame_134,Rack_3,39,5,coke_v_big,420
frame_134,Rack_3,4,5,coke_v_big,384
frame_134,Rack_3,33,5,coke_v_big,348
frame_134,Rack_3,18,5,coke_v_big,314
frame_134,Rack_3,10,5,coke_v_big,279
frame_134,Rack_3,9,14,pepsi_big,245
frame_134,Rack_3,11,14,pepsi_big,212
frame_134,Rack_3,54,14,pepsi_big,180
frame_134,Rack_3,19,10,fanta_grape_big,145
frame_134,Rack_3,51,10,fanta_grape_big,114
frame_134,Rack_3,23,12,fanta_straw_big,56
frame_135,Rack_3,6,9,empty,573
frame_135,Rack_3,13,7,coke_z_big,497
frame_135,Rack_3,1,7,coke_z_big,459
frame_135,Rack_3,39,5,coke_v_big,421
frame_135,Rack_3,4,5,coke_v_big,385
frame_135,Rack_3,33,5,coke_v_big,349
frame_135,Rack_3,18,5,coke_v_big,314
frame_135,Rack_3,10,5,coke_v_big,280
frame_135,Rack_3,9,14,pepsi_big,246
frame_135,Rack_3,11,14,pepsi_big,213
frame_135,Rack_3,54,14,pepsi_big,181
frame_135,Rack_3,19,10,fanta_grape_big,146
frame_135,Rack_3,51,10,fanta_grape_big,114
frame_135,Rack_3,23,12,fanta_straw_big,56
frame_136,Rack_3,6,9,empty,574
frame_136,Rack_3,13,7,coke_z_big,498
frame_136,Rack_3,1,7,coke_z_big,459
frame_136,Rack_3,39,5,coke_v_big,422
frame_136,Rack_3,4,5,coke_v_big,386
frame_136,Rack_3,33,5,coke_v_big,350
frame_136,Rack_3,18,5,coke_v_big,315
frame_136,Rack_3,10,5,coke_v_big,281
frame_136,Rack_3,9,14,pepsi_big,246
frame_136,Rack_3,11,14,pepsi_big,214
frame_136,Rack_3,54,14,pepsi_big,181
frame_136,Rack_3,19,10,fanta_grape_big,147
frame_136,Rack_3,51,10,fanta_grape_big,115
frame_136,Rack_3,23,12,fanta_straw_big,57
frame_137,Rack_3,6,9,empty,575
frame_137,Rack_3,13,7,coke_z_big,498
frame_137,Rack_3,1,7,coke_z_big,460
frame_137,Rack_3,39,5,coke_v_big,422
frame_137,Rack_3,4,5,coke_v_big,386
frame_137,Rack_3,33,5,coke_v_big,351
frame_137,Rack_3,18,5,coke_v_big,316
frame_137,Rack_3,10,5,coke_v_big,281
frame_137,Rack_3,9,14,pepsi_big,247
frame_137,Rack_3,11,14,pepsi_big,214
frame_137,Rack_3,54,14,pepsi_big,182
frame_137,Rack_3,19,10,fanta_grape_big,147
frame_137,Rack_3,51,10,fanta_grape_big,116
frame_137,Rack_3,23,12,fanta_straw_big,58
frame_137,Rack_3,64,12,fanta_straw_big,21
frame_138,Rack_3,6,9,empty,575
frame_138,Rack_3,13,7,coke_z_big,499
frame_138,Rack_3,1,7,coke_z_big,461
frame_138,Rack_3,39,5,coke_v_big,423
frame_138,Rack_3,4,5,coke_v_big,387
frame_138,Rack_3,33,5,coke_v_big,351
frame_138,Rack_3,18,5,coke_v_big,316
frame_138,Rack_3,10,5,coke_v_big,282
frame_138,Rack_3,9,14,pepsi_big,247
frame_138,Rack_3,11,14,pepsi_big,215
frame_138,Rack_3,19,10,fanta_grape_big,148
frame_138,Rack_3,51,10,fanta_grape_big,116
frame_138,Rack_3,23,12,fanta_straw_big,58
frame_138,Rack_3,64,12,fanta_straw_big,22
frame_139,Rack_3,6,9,empty,575
frame_139,Rack_3,13,7,coke_z_big,500
frame_139,Rack_3,1,7,coke_z_big,462
frame_139,Rack_3,39,5,coke_v_big,424
frame_139,Rack_3,4,5,coke_v_big,388
frame_139,Rack_3,33,5,coke_v_big,352
frame_139,Rack_3,18,5,coke_v_big,317
frame_139,Rack_3,10,5,coke_v_big,282
frame_139,Rack_3,9,14,pepsi_big,248
frame_139,Rack_3,11,14,pepsi_big,215
frame_139,Rack_3,19,10,fanta_grape_big,149
frame_139,Rack_3,51,10,fanta_grape_big,117
frame_139,Rack_3,23,12,fanta_straw_big,59
frame_14,Rack_3,6,9,empty,536
frame_14,Rack_3,13,7,coke_z_big,458
frame_14,Rack_3,1,7,coke_z_big,421
frame_14,Rack_3,39,5,coke_v_big,385
frame_14,Rack_3,4,5,coke_v_big,349
frame_14,Rack_3,33,5,coke_v_big,315
frame_14,Rack_3,18,5,coke_v_big,281
frame_14,Rack_3,10,5,coke_v_big,246
frame_14,Rack_3,9,14,pepsi_big,211
frame_14,Rack_3,11,14,pepsi_big,179
frame_14,Rack_3,54,14,pepsi_big,147
frame_14,Rack_3,19,10,fanta_grape_big,113
frame_14,Rack_3,51,10,fanta_grape_big,82
frame_14,Rack_3,59,10,fanta_grape_big,56
frame_14,Rack_3,23,12,fanta_straw_big,23
frame_140,Rack_3,6,9,empty,574
frame_140,Rack_3,13,7,coke_z_big,501
frame_140,Rack_3,1,7,coke_z_big,462
frame_140,Rack_3,39,5,coke_v_big,425
frame_140,Rack_3,4,5,coke_v_big,389
frame_140,Rack_3,33,5,coke_v_big,353
frame_140,Rack_3,18,5,coke_v_big,318
frame_140,Rack_3,10,5,coke_v_big,283
frame_140,Rack_3,9,14,pepsi_big,248
frame_140,Rack_3,11,14,pepsi_big,216
frame_140,Rack_3,19,10,fanta_grape_big,149
frame_140,Rack_3,51,10,fanta_grape_big,117
frame_140,Rack_3,23,12,fanta_straw_big,60
frame_140,Rack_3,64,12,fanta_straw_big,24
frame_141,Rack_3,6,9,empty,575
frame_141,Rack_3,13,7,coke_z_big,502
frame_141,Rack_3,1,7,coke_z_big,463
frame_141,Rack_3,39,5,coke_v_big,425
frame_141,Rack_3,4,5,coke_v_big,389
frame_141,Rack_3,33,5,coke_v_big,353
frame_141,Rack_3,18,5,coke_v_big,318
frame_141,Rack_3,10,5,coke_v_big,283
frame_141,Rack_3,9,14,pepsi_big,249
frame_141,Rack_3,11,14,pepsi_big,216
frame_141,Rack_3,19,10,fanta_grape_big,149
frame_141,Rack_3,51,10,fanta_grape_big,118
frame_141,Rack_3,23,12,fanta_straw_big,60
frame_141,Rack_3,64,12,fanta_straw_big,26
frame_142,Rack_3,6,9,empty,575
frame_142,Rack_3,13,7,coke_z_big,503
frame_142,Rack_3,1,7,coke_z_big,464
frame_142,Rack_3,39,5,coke_v_big,426
frame_142,Rack_3,4,5,coke_v_big,390
frame_142,Rack_3,33,5,coke_v_big,354
frame_142,Rack_3,18,5,coke_v_big,319
frame_142,Rack_3,10,5,coke_v_big,284
frame_142,Rack_3,9,14,pepsi_big,249
frame_142,Rack_3,11,14,pepsi_big,217
frame_142,Rack_3,54,14,pepsi_big,185
frame_142,Rack_3,19,10,fanta_grape_big,150
frame_142,Rack_3,51,10,fanta_grape_big,118
frame_142,Rack_3,23,12,fanta_straw_big,60
frame_142,Rack_3,64,12,fanta_straw_big,26
frame_143,Rack_3,6,9,empty,575
frame_143,Rack_3,13,7,coke_z_big,503
frame_143,Rack_3,1,7,coke_z_big,464
frame_143,Rack_3,39,5,coke_v_big,426
frame_143,Rack_3,4,5,coke_v_big,390
frame_143,Rack_3,33,5,coke_v_big,354
frame_143,Rack_3,18,5,coke_v_big,319
frame_143,Rack_3,10,5,coke_v_big,284
frame_143,Rack_3,9,14,pepsi_big,249
frame_143,Rack_3,11,14,pepsi_big,217
frame_143,Rack_3,54,14,pepsi_big,185
frame_143,Rack_3,19,10,fanta_grape_big,150
frame_143,Rack_3,51,10,fanta_grape_big,118
frame_143,Rack_3,23,12,fanta_straw_big,61
frame_143,Rack_3,64,12,fanta_straw_big,27
frame_144,Rack_3,6,9,empty,576
frame_144,Rack_3,13,7,coke_z_big,504
frame_144,Rack_3,1,7,coke_z_big,465
frame_144,Rack_3,39,5,coke_v_big,427
frame_144,Rack_3,4,5,coke_v_big,391
frame_144,Rack_3,33,5,coke_v_big,355
frame_144,Rack_3,18,5,coke_v_big,320
frame_144,Rack_3,10,5,coke_v_big,285
frame_144,Rack_3,9,14,pepsi_big,250
frame_144,Rack_3,11,14,pepsi_big,218
frame_144,Rack_3,54,14,pepsi_big,185
frame_144,Rack_3,19,10,fanta_grape_big,150
frame_144,Rack_3,51,10,fanta_grape_big,119
frame_144,Rack_3,23,12,fanta_straw_big,61
frame_144,Rack_3,64,12,fanta_straw_big,28
frame_145,Rack_3,6,9,empty,576
frame_145,Rack_3,13,7,coke_z_big,505
frame_145,Rack_3,1,7,coke_z_big,466
frame_145,Rack_3,39,5,coke_v_big,427
frame_145,Rack_3,4,5,coke_v_big,391
frame_145,Rack_3,33,5,coke_v_big,355
frame_145,Rack_3,18,5,coke_v_big,320
frame_145,Rack_3,10,5,coke_v_big,285
frame_145,Rack_3,9,14,pepsi_big,250
frame_145,Rack_3,11,14,pepsi_big,218
frame_145,Rack_3,54,14,pepsi_big,186
frame_145,Rack_3,19,10,fanta_grape_big,150
frame_145,Rack_3,51,10,fanta_grape_big,119
frame_145,Rack_3,59,10,fanta_grape_big,93
frame_145,Rack_3,23,12,fanta_straw_big,62
frame_145,Rack_3,64,12,fanta_straw_big,28
frame_146,Rack_3,6,9,empty,577
frame_146,Rack_3,13,7,coke_z_big,505
frame_146,Rack_3,1,7,coke_z_big,466
frame_146,Rack_3,39,5,coke_v_big,428
frame_146,Rack_3,4,5,coke_v_big,392
frame_146,Rack_3,33,5,coke_v_big,356
frame_146,Rack_3,18,5,coke_v_big,321
frame_146,Rack_3,10,5,coke_v_big,286
frame_146,Rack_3,9,14,pepsi_big,251
frame_146,Rack_3,11,14,pepsi_big,218
frame_146,Rack_3,54,14,pepsi_big,186
frame_146,Rack_3,19,10,fanta_grape_big,151
frame_146,Rack_3,51,10,fanta_grape_big,119
frame_146,Rack_3,59,10,fanta_grape_big,94
frame_146,Rack_3,23,12,fanta_straw_big,62
frame_146,Rack_3,64,12,fanta_straw_big,28
frame_147,Rack_3,6,9,empty,577
frame_147,Rack_3,13,7,coke_z_big,505
frame_147,Rack_3,1,7,coke_z_big,467
frame_147,Rack_3,39,5,coke_v_big,429
frame_147,Rack_3,4,5,coke_v_big,392
frame_147,Rack_3,33,5,coke_v_big,356
frame_147,Rack_3,18,5,coke_v_big,321
frame_147,Rack_3,10,5,coke_v_big,286
frame_147,Rack_3,9,14,pepsi_big,251
frame_147,Rack_3,11,14,pepsi_big,219
frame_147,Rack_3,54,14,pepsi_big,186
frame_147,Rack_3,19,10,fanta_grape_big,152
frame_147,Rack_3,51,10,fanta_grape_big,120
frame_147,Rack_3,59,10,fanta_grape_big,94
frame_147,Rack_3,23,12,fanta_straw_big,62
frame_147,Rack_3,64,12,fanta_straw_big,28
frame_148,Rack_3,6,9,empty,577
frame_148,Rack_3,13,7,coke_z_big,506
frame_148,Rack_3,1,7,coke_z_big,467
frame_148,Rack_3,39,5,coke_v_big,429
frame_148,Rack_3,4,5,coke_v_big,393
frame_148,Rack_3,33,5,coke_v_big,357
frame_148,Rack_3,18,5,coke_v_big,322
frame_148,Rack_3,10,5,coke_v_big,287
frame_148,Rack_3,9,14,pepsi_big,252
frame_148,Rack_3,11,14,pepsi_big,219
frame_148,Rack_3,54,14,pepsi_big,187
frame_148,Rack_3,19,10,fanta_grape_big,152
frame_148,Rack_3,51,10,fanta_grape_big,121
frame_148,Rack_3,59,10,fanta_grape_big,95
frame_148,Rack_3,23,12,fanta_straw_big,62
frame_148,Rack_3,64,12,fanta_straw_big,29
frame_149,Rack_3,6,9,empty,578
frame_149,Rack_3,13,7,coke_z_big,506
frame_149,Rack_3,1,7,coke_z_big,468
frame_149,Rack_3,39,5,coke_v_big,430
frame_149,Rack_3,4,5,coke_v_big,393
frame_149,Rack_3,33,5,coke_v_big,357
frame_149,Rack_3,18,5,coke_v_big,322
frame_149,Rack_3,10,5,coke_v_big,288
frame_149,Rack_3,9,14,pepsi_big,252
frame_149,Rack_3,11,14,pepsi_big,220
frame_149,Rack_3,54,14,pepsi_big,188
frame_149,Rack_3,19,10,fanta_grape_big,153
frame_149,Rack_3,51,10,fanta_grape_big,121
frame_149,Rack_3,59,10,fanta_grape_big,95
frame_149,Rack_3,23,12,fanta_straw_big,63
frame_149,Rack_3,64,12,fanta_straw_big,29
frame_15,Rack_3,6,9,empty,537
frame_15,Rack_3,13,7,coke_z_big,458
frame_15,Rack_3,1,7,coke_z_big,421
frame_15,Rack_3,39,5,coke_v_big,385
frame_15,Rack_3,4,5,coke_v_big,349
frame_15,Rack_3,33,5,coke_v_big,315
frame_15,Rack_3,18,5,coke_v_big,281
frame_15,Rack_3,10,5,coke_v_big,246
frame_15,Rack_3,9,14,pepsi_big,211
frame_15,Rack_3,11,14,pepsi_big,179
frame_15,Rack_3,54,14,pepsi_big,147
frame_15,Rack_3,19,10,fanta_grape_big,113
frame_15,Rack_3,51,10,fanta_grape_big,81
frame_15,Rack_3,59,10,fanta_grape_big,56
frame_15,Rack_3,23,12,fanta_straw_big,23
frame_150,Rack_3,6,9,empty,578
frame_150,Rack_3,13,7,coke_z_big,507
frame_150,Rack_3,1,7,coke_z_big,468
frame_150,Rack_3,39,5,coke_v_big,431
frame_150,Rack_3,4,5,coke_v_big,394
frame_150,Rack_3,33,5,coke_v_big,358
frame_150,Rack_3,18,5,coke_v_big,323
frame_150,Rack_3,10,5,coke_v_big,288
frame_150,Rack_3,9,14,pepsi_big,253
frame_150,Rack_3,11,14,pepsi_big,221
frame_150,Rack_3,54,14,pepsi_big,188
frame_150,Rack_3,19,10,fanta_grape_big,153
frame_150,Rack_3,51,10,fanta_grape_big,122
frame_150,Rack_3,59,10,fanta_grape_big,96
frame_150,Rack_3,23,12,fanta_straw_big,63
frame_150,Rack_3,64,12,fanta_straw_big,30
frame_151,Rack_3,6,9,empty,578
frame_151,Rack_3,13,7,coke_z_big,508
frame_151,Rack_3,1,7,coke_z_big,469
frame_151,Rack_3,39,5,coke_v_big,431
frame_151,Rack_3,4,5,coke_v_big,395
frame_151,Rack_3,33,5,coke_v_big,358
frame_151,Rack_3,18,5,coke_v_big,324
frame_151,Rack_3,10,5,coke_v_big,289
frame_151,Rack_3,9,14,pepsi_big,254
frame_151,Rack_3,11,14,pepsi_big,221
frame_151,Rack_3,54,14,pepsi_big,189
frame_151,Rack_3,19,10,fanta_grape_big,154
frame_151,Rack_3,51,10,fanta_grape_big,122
frame_151,Rack_3,59,10,fanta_grape_big,96
frame_151,Rack_3,23,12,fanta_straw_big,63
frame_151,Rack_3,64,12,fanta_straw_big,31
frame_152,Rack_3,6,9,empty,578
frame_152,Rack_3,13,7,coke_z_big,509
frame_152,Rack_3,1,7,coke_z_big,470
frame_152,Rack_3,39,5,coke_v_big,432
frame_152,Rack_3,4,5,coke_v_big,395
frame_152,Rack_3,33,5,coke_v_big,359
frame_152,Rack_3,18,5,coke_v_big,324
frame_152,Rack_3,10,5,coke_v_big,290
frame_152,Rack_3,9,14,pepsi_big,255
frame_152,Rack_3,11,14,pepsi_big,222
frame_152,Rack_3,54,14,pepsi_big,190
frame_152,Rack_3,19,10,fanta_grape_big,154
frame_152,Rack_3,51,10,fanta_grape_big,123
frame_152,Rack_3,59,10,fanta_grape_big,96
frame_152,Rack_3,23,12,fanta_straw_big,64
frame_152,Rack_3,64,12,fanta_straw_big,32
frame_153,Rack_3,6,9,empty,580
frame_153,Rack_3,13,7,coke_z_big,510
frame_153,Rack_3,1,7,coke_z_big,471
frame_153,Rack_3,39,5,coke_v_big,433
frame_153,Rack_3,4,5,coke_v_big,396
frame_153,Rack_3,33,5,coke_v_big,360
frame_153,Rack_3,18,5,coke_v_big,325
frame_153,Rack_3,10,5,coke_v_big,291
frame_153,Rack_3,9,14,pepsi_big,256
frame_153,Rack_3,11,14,pepsi_big,223
frame_153,Rack_3,54,14,pepsi_big,190
frame_153,Rack_3,19,10,fanta_grape_big,155
frame_153,Rack_3,51,10,fanta_grape_big,124
frame_153,Rack_3,59,10,fanta_grape_big,97
frame_153,Rack_3,23,12,fanta_straw_big,65
frame_153,Rack_3,64,12,fanta_straw_big,32
frame_154,Rack_3,6,9,empty,580
frame_154,Rack_3,13,7,coke_z_big,511
frame_154,Rack_3,1,7,coke_z_big,472
frame_154,Rack_3,39,5,coke_v_big,434
frame_154,Rack_3,4,5,coke_v_big,397
frame_154,Rack_3,33,5,coke_v_big,361
frame_154,Rack_3,18,5,coke_v_big,326
frame_154,Rack_3,10,5,coke_v_big,291
frame_154,Rack_3,9,14,pepsi_big,256
frame_154,Rack_3,11,14,pepsi_big,224
frame_154,Rack_3,54,14,pepsi_big,192
frame_154,Rack_3,19,10,fanta_grape_big,156
frame_154,Rack_3,51,10,fanta_grape_big,124
frame_154,Rack_3,59,10,fanta_grape_big,98
frame_154,Rack_3,23,12,fanta_straw_big,66
frame_154,Rack_3,64,12,fanta_straw_big,33
frame_155,Rack_3,6,9,empty,580
frame_155,Rack_3,13,7,coke_z_big,512
frame_155,Rack_3,1,7,coke_z_big,473
frame_155,Rack_3,39,5,coke_v_big,435
frame_155,Rack_3,4,5,coke_v_big,398
frame_155,Rack_3,33,5,coke_v_big,361
frame_155,Rack_3,18,5,coke_v_big,327
frame_155,Rack_3,10,5,coke_v_big,292
frame_155,Rack_3,9,14,pepsi_big,257
frame_155,Rack_3,11,14,pepsi_big,225
frame_155,Rack_3,54,14,pepsi_big,193
frame_155,Rack_3,19,10,fanta_grape_big,157
frame_155,Rack_3,51,10,fanta_grape_big,125
frame_155,Rack_3,59,10,fanta_grape_big,99
frame_155,Rack_3,23,12,fanta_straw_big,67
frame_155,Rack_3,64,12,fanta_straw_big,34
frame_156,Rack_3,6,9,empty,582
frame_156,Rack_3,13,7,coke_z_big,513
frame_156,Rack_3,1,7,coke_z_big,474
frame_156,Rack_3,39,5,coke_v_big,436
frame_156,Rack_3,4,5,coke_v_big,399
frame_156,Rack_3,33,5,coke_v_big,362
frame_156,Rack_3,18,5,coke_v_big,328
frame_156,Rack_3,10,5,coke_v_big,293
frame_156,Rack_3,9,14,pepsi_big,258
frame_156,Rack_3,11,14,pepsi_big,226
frame_156,Rack_3,54,14,pepsi_big,194
frame_156,Rack_3,19,10,fanta_grape_big,158
frame_156,Rack_3,51,10,fanta_grape_big,126
frame_156,Rack_3,59,10,fanta_grape_big,99
frame_156,Rack_3,23,12,fanta_straw_big,68
frame_156,Rack_3,64,12,fanta_straw_big,35
frame_157,Rack_3,6,9,empty,582
frame_157,Rack_3,13,7,coke_z_big,514
frame_157,Rack_3,1,7,coke_z_big,475
frame_157,Rack_3,39,5,coke_v_big,437
frame_157,Rack_3,4,5,coke_v_big,400
frame_157,Rack_3,33,5,coke_v_big,363
frame_157,Rack_3,18,5,coke_v_big,329
frame_157,Rack_3,10,5,coke_v_big,294
frame_157,Rack_3,9,14,pepsi_big,259
frame_157,Rack_3,11,14,pepsi_big,227
frame_157,Rack_3,54,14,pepsi_big,194
frame_157,Rack_3,19,10,fanta_grape_big,159
frame_157,Rack_3,51,10,fanta_grape_big,127
frame_157,Rack_3,59,10,fanta_grape_big,100
frame_157,Rack_3,23,12,fanta_straw_big,69
frame_157,Rack_3,64,12,fanta_straw_big,36
frame_158,Rack_3,6,9,empty,582
frame_158,Rack_3,13,7,coke_z_big,515
frame_158,Rack_3,1,7,coke_z_big,476
frame_158,Rack_3,39,5,coke_v_big,438
frame_158,Rack_3,4,5,coke_v_big,401
frame_158,Rack_3,33,5,coke_v_big,364
frame_158,Rack_3,18,5,coke_v_big,329
frame_158,Rack_3,10,5,coke_v_big,294
frame_158,Rack_3,9,14,pepsi_big,260
frame_158,Rack_3,11,14,pepsi_big,228
frame_158,Rack_3,54,14,pepsi_big,195
frame_158,Rack_3,19,10,fanta_grape_big,160
frame_158,Rack_3,51,10,fanta_grape_big,128
frame_158,Rack_3,59,10,fanta_grape_big,101
frame_158,Rack_3,23,12,fanta_straw_big,70
frame_158,Rack_3,64,12,fanta_straw_big,37
frame_159,Rack_3,6,9,empty,583
frame_159,Rack_3,13,7,coke_z_big,516
frame_159,Rack_3,1,7,coke_z_big,477
frame_159,Rack_3,39,5,coke_v_big,439
frame_159,Rack_3,4,5,coke_v_big,402
frame_159,Rack_3,33,5,coke_v_big,365
frame_159,Rack_3,18,5,coke_v_big,330
frame_159,Rack_3,10,5,coke_v_big,295
frame_159,Rack_3,9,14,pepsi_big,261
frame_159,Rack_3,11,14,pepsi_big,228
frame_159,Rack_3,54,14,pepsi_big,196
frame_159,Rack_3,19,10,fanta_grape_big,161
frame_159,Rack_3,51,10,fanta_grape_big,129
frame_159,Rack_3,59,10,fanta_grape_big,102
frame_159,Rack_3,23,12,fanta_straw_big,70
frame_159,Rack_3,64,12,fanta_straw_big,37
frame_16,Rack_3,6,9,empty,538
frame_16,Rack_3,13,7,coke_z_big,458
frame_16,Rack_3,1,7,coke_z_big,421
frame_16,Rack_3,39,5,coke_v_big,385
frame_16,Rack_3,4,5,coke_v_big,349
frame_16,Rack_3,33,5,coke_v_big,315
frame_16,Rack_3,18,5,coke_v_big,281
frame_16,Rack_3,10,5,coke_v_big,246
frame_16,Rack_3,9,14,pepsi_big,211
frame_16,Rack_3,11,14,pepsi_big,179
frame_16,Rack_3,54,14,pepsi_big,147
frame_16,Rack_3,19,10,fanta_grape_big,112
frame_16,Rack_3,51,10,fanta_grape_big,81
frame_16,Rack_3,23,12,fanta_straw_big,23
frame_160,Rack_3,6,9,empty,584
frame_160,Rack_3,13,7,coke_z_big,518
frame_160,Rack_3,1,7,coke_z_big,478
frame_160,Rack_3,39,5,coke_v_big,440
frame_160,Rack_3,4,5,coke_v_big,403
frame_160,Rack_3,33,5,coke_v_big,366
frame_160,Rack_3,18,5,coke_v_big,331
frame_160,Rack_3,10,5,coke_v_big,296
frame_160,Rack_3,9,14,pepsi_big,262
frame_160,Rack_3,11,14,pepsi_big,229
frame_160,Rack_3,54,14,pepsi_big,197
frame_160,Rack_3,19,10,fanta_grape_big,162
frame_160,Rack_3,51,10,fanta_grape_big,130
frame_160,Rack_3,59,10,fanta_grape_big,103
frame_160,Rack_3,23,12,fanta_straw_big,71
frame_160,Rack_3,64,12,fanta_straw_big,38
frame_161,Rack_3,6,9,empty,584
frame_161,Rack_3,13,7,coke_z_big,519
frame_161,Rack_3,1,7,coke_z_big,479
frame_161,Rack_3,39,5,coke_v_big,441
frame_161,Rack_3,4,5,coke_v_big,404
frame_161,Rack_3,33,5,coke_v_big,367
frame_161,Rack_3,18,5,coke_v_big,332
frame_161,Rack_3,10,5,coke_v_big,297
frame_161,Rack_3,9,14,pepsi_big,262
frame_161,Rack_3,11,14,pepsi_big,230
frame_161,Rack_3,54,14,pepsi_big,198
frame_161,Rack_3,19,10,fanta_grape_big,163
frame_161,Rack_3,51,10,fanta_grape_big,131
frame_161,Rack_3,59,10,fanta_grape_big,104
frame_161,Rack_3,23,12,fanta_straw_big,73
frame_161,Rack_3,64,12,fanta_straw_big,40
frame_162,Rack_3,6,9,empty,584
frame_162,Rack_3,13,7,coke_z_big,520
frame_162,Rack_3,1,7,coke_z_big,481
frame_162,Rack_3,39,5,coke_v_big,442
frame_162,Rack_3,4,5,coke_v_big,405
frame_162,Rack_3,33,5,coke_v_big,368
frame_162,Rack_3,18,5,coke_v_big,333
frame_162,Rack_3,10,5,coke_v_big,298
frame_162,Rack_3,9,14,pepsi_big,263
frame_162,Rack_3,11,14,pepsi_big,231
frame_162,Rack_3,54,14,pepsi_big,199
frame_162,Rack_3,19,10,fanta_grape_big,164
frame_162,Rack_3,51,10,fanta_grape_big,132
frame_162,Rack_3,59,10,fanta_grape_big,106
frame_162,Rack_3,23,12,fanta_straw_big,74
frame_162,Rack_3,64,12,fanta_straw_big,41
frame_163,Rack_3,6,9,empty,585
frame_163,Rack_3,13,7,coke_z_big,521
frame_163,Rack_3,1,7,coke_z_big,482
frame_163,Rack_3,39,5,coke_v_big,443
frame_163,Rack_3,4,5,coke_v_big,406
frame_163,Rack_3,33,5,coke_v_big,369
frame_163,Rack_3,18,5,coke_v_big,334
frame_163,Rack_3,10,5,coke_v_big,299
frame_163,Rack_3,9,14,pepsi_big,264
frame_163,Rack_3,11,14,pepsi_big,232
frame_163,Rack_3,54,14,pepsi_big,199
frame_163,Rack_3,19,10,fanta_grape_big,165
frame_163,Rack_3,51,10,fanta_grape_big,133
frame_163,Rack_3,59,10,fanta_grape_big,107
frame_163,Rack_3,23,12,fanta_straw_big,75
frame_163,Rack_3,64,12,fanta_straw_big,42
frame_164,Rack_3,6,9,empty,586
frame_164,Rack_3,13,7,coke_z_big,522
frame_164,Rack_3,1,7,coke_z_big,483
frame_164,Rack_3,39,5,coke_v_big,444
frame_164,Rack_3,4,5,coke_v_big,407
frame_164,Rack_3,33,5,coke_v_big,370
frame_164,Rack_3,18,5,coke_v_big,335
frame_164,Rack_3,10,5,coke_v_big,300
frame_164,Rack_3,9,14,pepsi_big,265
frame_164,Rack_3,11,14,pepsi_big,233
frame_164,Rack_3,54,14,pepsi_big,200
frame_164,Rack_3,19,10,fanta_grape_big,165
frame_164,Rack_3,51,10,fanta_grape_big,134
frame_164,Rack_3,23,12,fanta_straw_big,75
frame_165,Rack_3,6,9,empty,586
frame_165,Rack_3,13,7,coke_z_big,523
frame_165,Rack_3,1,7,coke_z_big,484
frame_165,Rack_3,39,5,coke_v_big,445
frame_165,Rack_3,4,5,coke_v_big,408
frame_165,Rack_3,33,5,coke_v_big,371
frame_165,Rack_3,18,5,coke_v_big,336
frame_165,Rack_3,10,5,coke_v_big,301
frame_165,Rack_3,9,14,pepsi_big,265
frame_165,Rack_3,11,14,pepsi_big,234
frame_165,Rack_3,54,14,pepsi_big,201
frame_165,Rack_3,19,10,fanta_grape_big,166
frame_165,Rack_3,51,10,fanta_grape_big,134
frame_165,Rack_3,23,12,fanta_straw_big,76
frame_165,Rack_3,64,12,fanta_straw_big,44
frame_166,Rack_3,6,9,empty,587
frame_166,Rack_3,13,7,coke_z_big,524
frame_166,Rack_3,1,7,coke_z_big,485
frame_166,Rack_3,39,5,coke_v_big,446
frame_166,Rack_3,4,5,coke_v_big,409
frame_166,Rack_3,33,5,coke_v_big,372
frame_166,Rack_3,18,5,coke_v_big,337
frame_166,Rack_3,10,5,coke_v_big,302
frame_166,Rack_3,9,14,pepsi_big,266
frame_166,Rack_3,11,14,pepsi_big,234
frame_166,Rack_3,54,14,pepsi_big,201
frame_166,Rack_3,19,10,fanta_grape_big,167
frame_166,Rack_3,51,10,fanta_grape_big,135
frame_166,Rack_3,23,12,fanta_straw_big,77
frame_166,Rack_3,64,12,fanta_straw_big,45
frame_167,Rack_3,6,9,empty,587
frame_167,Rack_3,13,7,coke_z_big,525
frame_167,Rack_3,1,7,coke_z_big,486
frame_167,Rack_3,39,5,coke_v_big,447
frame_167,Rack_3,4,5,coke_v_big,410
frame_167,Rack_3,33,5,coke_v_big,373
frame_167,Rack_3,18,5,coke_v_big,337
frame_167,Rack_3,10,5,coke_v_big,303
frame_167,Rack_3,9,14,pepsi_big,267
frame_167,Rack_3,11,14,pepsi_big,235
frame_167,Rack_3,54,14,pepsi_big,202
frame_167,Rack_3,19,10,fanta_grape_big,168
frame_167,Rack_3,51,10,fanta_grape_big,136
frame_167,Rack_3,59,10,fanta_grape_big,109
frame_167,Rack_3,23,12,fanta_straw_big,78
frame_167,Rack_3,64,12,fanta_straw_big,46
frame_167,Rack_3,71,11,fanta_lychee_big,18
frame_168,Rack_3,6,9,empty,588
frame_168,Rack_3,13,7,coke_z_big,526
frame_168,Rack_3,1,7,coke_z_big,487
frame_168,Rack_3,39,5,coke_v_big,448
frame_168,Rack_3,4,5,coke_v_big,411
frame_168,Rack_3,33,5,coke_v_big,374
frame_168,Rack_3,18,5,coke_v_big,338
frame_168,Rack_3,10,5,coke_v_big,303
frame_168,Rack_3,9,14,pepsi_big,268
frame_168,Rack_3,11,14,pepsi_big,236
frame_168,Rack_3,54,14,pepsi_big,203
frame_168,Rack_3,19,10,fanta_grape_big,169
frame_168,Rack_3,51,10,fanta_grape_big,137
frame_168,Rack_3,59,10,fanta_grape_big,110
frame_168,Rack_3,23,12,fanta_straw_big,79
frame_168,Rack_3,64,12,fanta_straw_big,47
frame_169,Rack_3,6,9,empty,588
frame_169,Rack_3,13,7,coke_z_big,527
frame_169,Rack_3,1,7,coke_z_big,487
frame_169,Rack_3,39,5,coke_v_big,449
frame_169,Rack_3,4,5,coke_v_big,411
frame_169,Rack_3,33,5,coke_v_big,375
frame_169,Rack_3,18,5,coke_v_big,339
frame_169,Rack_3,10,5,coke_v_big,304
frame_169,Rack_3,9,14,pepsi_big,269
frame_169,Rack_3,11,14,pepsi_big,236
frame_169,Rack_3,54,14,pepsi_big,204
frame_169,Rack_3,19,10,fanta_grape_big,169
frame_169,Rack_3,51,10,fanta_grape_big,137
frame_169,Rack_3,59,10,fanta_grape_big,111
frame_169,Rack_3,23,12,fanta_straw_big,79
frame_169,Rack_3,64,12,fanta_straw_big,47
frame_17,Rack_3,6,9,empty,538
frame_17,Rack_3,13,7,coke_z_big,457
frame_17,Rack_3,1,7,coke_z_big,421
frame_17,Rack_3,39,5,coke_v_big,385
frame_17,Rack_3,4,5,coke_v_big,349
frame_17,Rack_3,33,5,coke_v_big,315
frame_17,Rack_3,18,5,coke_v_big,281
frame_17,Rack_3,10,5,coke_v_big,246
frame_17,Rack_3,9,14,pepsi_big,211
frame_17,Rack_3,11,14,pepsi_big,179
frame_17,Rack_3,54,14,pepsi_big,147
frame_17,Rack_3,19,10,fanta_grape_big,112
frame_17,Rack_3,51,10,fanta_grape_big,81
frame_17,Rack_3,23,12,fanta_straw_big,22
frame_170,Rack_3,6,9,empty,589
frame_170,Rack_3,13,7,coke_z_big,528
frame_170,Rack_3,1,7,coke_z_big,488
frame_170,Rack_3,39,5,coke_v_big,451
frame_170,Rack_3,4,5,coke_v_big,412
frame_170,Rack_3,33,5,coke_v_big,375
frame_170,Rack_3,18,5,coke_v_big,340
frame_170,Rack_3,10,5,coke_v_big,305
frame_170,Rack_3,9,14,pepsi_big,270
frame_170,Rack_3,11,14,pepsi_big,237
frame_170,Rack_3,54,14,pepsi_big,205
frame_170,Rack_3,19,10,fanta_grape_big,170
frame_170,Rack_3,51,10,fanta_grape_big,138
frame_170,Rack_3,59,10,fanta_grape_big,111
frame_170,Rack_3,23,12,fanta_straw_big,80
frame_170,Rack_3,64,12,fanta_straw_big,48
frame_171,Rack_3,6,9,empty,590
frame_171,Rack_3,13,7,coke_z_big,529
frame_171,Rack_3,1,7,coke_z_big,489
frame_171,Rack_3,39,5,coke_v_big,451
frame_171,Rack_3,4,5,coke_v_big,413
frame_171,Rack_3,33,5,coke_v_big,376
frame_171,Rack_3,18,5,coke_v_big,341
frame_171,Rack_3,10,5,coke_v_big,306
frame_171,Rack_3,9,14,pepsi_big,270
frame_171,Rack_3,11,14,pepsi_big,238
frame_171,Rack_3,54,14,pepsi_big,205
frame_171,Rack_3,19,10,fanta_grape_big,170
frame_171,Rack_3,51,10,fanta_grape_big,138
frame_171,Rack_3,59,10,fanta_grape_big,112
frame_171,Rack_3,23,12,fanta_straw_big,81
frame_171,Rack_3,64,12,fanta_straw_big,48
frame_171,Rack_3,71,11,fanta_lychee_big,21
frame_172,Rack_3,6,9,empty,589
frame_172,Rack_3,13,7,coke_z_big,530
frame_172,Rack_3,1,7,coke_z_big,490
frame_172,Rack_3,39,5,coke_v_big,452
frame_172,Rack_3,4,5,coke_v_big,413
frame_172,Rack_3,33,5,coke_v_big,377
frame_172,Rack_3,18,5,coke_v_big,341
frame_172,Rack_3,10,5,coke_v_big,306
frame_172,Rack_3,9,14,pepsi_big,271
frame_172,Rack_3,11,14,pepsi_big,238
frame_172,Rack_3,54,14,pepsi_big,205
frame_172,Rack_3,19,10,fanta_grape_big,171
frame_172,Rack_3,51,10,fanta_grape_big,139
frame_172,Rack_3,59,10,fanta_grape_big,112
frame_172,Rack_3,23,12,fanta_straw_big,81
frame_172,Rack_3,64,12,fanta_straw_big,49
frame_172,Rack_3,74,11,fanta_lychee_big,4
frame_173,Rack_3,6,9,empty,589
frame_173,Rack_3,13,7,coke_z_big,531
frame_173,Rack_3,1,7,coke_z_big,491
frame_173,Rack_3,39,5,coke_v_big,453
frame_173,Rack_3,4,5,coke_v_big,414
frame_173,Rack_3,33,5,coke_v_big,378
frame_173,Rack_3,18,5,coke_v_big,342
frame_173,Rack_3,10,5,coke_v_big,307
frame_173,Rack_3,9,14,pepsi_big,272
frame_173,Rack_3,11,14,pepsi_big,239
frame_173,Rack_3,54,14,pepsi_big,206
frame_173,Rack_3,19,10,fanta_grape_big,172
frame_173,Rack_3,51,10,fanta_grape_big,139
frame_173,Rack_3,59,10,fanta_grape_big,113
frame_173,Rack_3,23,12,fanta_straw_big,82
frame_173,Rack_3,64,12,fanta_straw_big,49
frame_173,Rack_3,71,11,fanta_lychee_big,22
frame_174,Rack_3,6,9,empty,590
frame_174,Rack_3,13,7,coke_z_big,532
frame_174,Rack_3,1,7,coke_z_big,492
frame_174,Rack_3,39,5,coke_v_big,454
frame_174,Rack_3,4,5,coke_v_big,415
frame_174,Rack_3,33,5,coke_v_big,379
frame_174,Rack_3,18,5,coke_v_big,343
frame_174,Rack_3,10,5,coke_v_big,308
frame_174,Rack_3,9,14,pepsi_big,273
frame_174,Rack_3,11,14,pepsi_big,240
frame_174,Rack_3,54,14,pepsi_big,207
frame_174,Rack_3,19,10,fanta_grape_big,172
frame_174,Rack_3,51,10,fanta_grape_big,140
frame_174,Rack_3,59,10,fanta_grape_big,114
frame_174,Rack_3,23,12,fanta_straw_big,83
frame_174,Rack_3,64,12,fanta_straw_big,50
frame_174,Rack_3,71,11,fanta_lychee_big,22
frame_175,Rack_3,6,9,empty,592
frame_175,Rack_3,13,7,coke_z_big,533
frame_175,Rack_3,1,7,coke_z_big,493
frame_175,Rack_3,39,5,coke_v_big,455
frame_175,Rack_3,4,5,coke_v_big,416
frame_175,Rack_3,33,5,coke_v_big,379
frame_175,Rack_3,18,5,coke_v_big,344
frame_175,Rack_3,10,5,coke_v_big,309
frame_175,Rack_3,9,14,pepsi_big,273
frame_175,Rack_3,11,14,pepsi_big,241
frame_175,Rack_3,54,14,pepsi_big,208
frame_175,Rack_3,19,10,fanta_grape_big,173
frame_175,Rack_3,51,10,fanta_grape_big,141
frame_175,Rack_3,23,12,fanta_straw_big,84
frame_175,Rack_3,64,12,fanta_straw_big,50
frame_175,Rack_3,71,11,fanta_lychee_big,22
frame_176,Rack_3,6,9,empty,592
frame_176,Rack_3,13,7,coke_z_big,534
frame_176,Rack_3,1,7,coke_z_big,494
frame_176,Rack_3,39,5,coke_v_big,455
frame_176,Rack_3,4,5,coke_v_big,417
frame_176,Rack_3,33,5,coke_v_big,380
frame_176,Rack_3,18,5,coke_v_big,344
frame_176,Rack_3,10,5,coke_v_big,309
frame_176,Rack_3,9,14,pepsi_big,274
frame_176,Rack_3,11,14,pepsi_big,242
frame_176,Rack_3,54,14,pepsi_big,209
frame_176,Rack_3,19,10,fanta_grape_big,174
frame_176,Rack_3,51,10,fanta_grape_big,142
frame_176,Rack_3,59,10,fanta_grape_big,116
frame_176,Rack_3,23,12,fanta_straw_big,84
frame_176,Rack_3,64,12,fanta_straw_big,51
frame_176,Rack_3,71,11,fanta_lychee_big,21
frame_177,Rack_3,6,9,empty,592
frame_177,Rack_3,13,7,coke_z_big,535
frame_177,Rack_3,1,7,coke_z_big,495
frame_177,Rack_3,39,5,coke_v_big,457
frame_177,Rack_3,4,5,coke_v_big,418
frame_177,Rack_3,33,5,coke_v_big,380
frame_177,Rack_3,18,5,coke_v_big,345
frame_177,Rack_3,10,5,coke_v_big,310
frame_177,Rack_3,9,14,pepsi_big,275
frame_177,Rack_3,11,14,pepsi_big,242
frame_177,Rack_3,54,14,pepsi_big,210
frame_177,Rack_3,19,10,fanta_grape_big,174
frame_177,Rack_3,51,10,fanta_grape_big,143
frame_177,Rack_3,59,10,fanta_grape_big,116
frame_177,Rack_3,23,12,fanta_straw_big,85
frame_177,Rack_3,71,11,fanta_lychee_big,21
frame_178,Rack_3,6,9,empty,594
frame_178,Rack_3,13,7,coke_z_big,537
frame_178,Rack_3,1,7,coke_z_big,496
frame_178,Rack_3,39,5,coke_v_big,458
frame_178,Rack_3,4,5,coke_v_big,420
frame_178,Rack_3,33,5,coke_v_big,381
frame_178,Rack_3,18,5,coke_v_big,346
frame_178,Rack_3,10,5,coke_v_big,311
frame_178,Rack_3,9,14,pepsi_big,276
frame_178,Rack_3,11,14,pepsi_big,243
frame_178,Rack_3,54,14,pepsi_big,211
frame_178,Rack_3,19,10,fanta_grape_big,175
frame_178,Rack_3,51,10,fanta_grape_big,144
frame_178,Rack_3,59,10,fanta_grape_big,117
frame_178,Rack_3,23,12,fanta_straw_big,86
frame_178,Rack_3,71,11,fanta_lychee_big,22
frame_179,Rack_3,6,9,empty,594
frame_179,Rack_3,13,7,coke_z_big,538
frame_179,Rack_3,1,7,coke_z_big,498
frame_179,Rack_3,39,5,coke_v_big,459
frame_179,Rack_3,4,5,coke_v_big,421
frame_179,Rack_3,33,5,coke_v_big,382
frame_179,Rack_3,18,5,coke_v_big,347
frame_179,Rack_3,10,5,coke_v_big,312
frame_179,Rack_3,9,14,pepsi_big,277
frame_179,Rack_3,11,14,pepsi_big,244
frame_179,Rack_3,54,14,pepsi_big,212
frame_179,Rack_3,19,10,fanta_grape_big,176
frame_179,Rack_3,51,10,fanta_grape_big,145
frame_179,Rack_3,59,10,fanta_grape_big,118
frame_179,Rack_3,23,12,fanta_straw_big,87
frame_179,Rack_3,71,11,fanta_lychee_big,23
frame_18,Rack_3,6,9,empty,538
frame_18,Rack_3,13,7,coke_z_big,458
frame_18,Rack_3,1,7,coke_z_big,421
frame_18,Rack_3,39,5,coke_v_big,385
frame_18,Rack_3,4,5,coke_v_big,349
frame_18,Rack_3,33,5,coke_v_big,315
frame_18,Rack_3,18,5,coke_v_big,281
frame_18,Rack_3,10,5,coke_v_big,246
frame_18,Rack_3,9,14,pepsi_big,211
frame_18,Rack_3,11,14,pepsi_big,179
frame_18,Rack_3,54,14,pepsi_big,147
frame_18,Rack_3,19,10,fanta_grape_big,112
frame_18,Rack_3,51,10,fanta_grape_big,81
frame_18,Rack_3,59,10,fanta_grape_big,55
frame_18,Rack_3,23,12,fanta_straw_big,22
frame_180,Rack_3,6,9,empty,597
frame_180,Rack_3,13,7,coke_z_big,539
frame_180,Rack_3,1,7,coke_z_big,499
frame_180,Rack_3,39,5,coke_v_big,460
frame_180,Rack_3,4,5,coke_v_big,422
frame_180,Rack_3,33,5,coke_v_big,384
frame_180,Rack_3,18,5,coke_v_big,348
frame_180,Rack_3,10,5,coke_v_big,313
frame_180,Rack_3,9,14,pepsi_big,278
frame_180,Rack_3,11,14,pepsi_big,246
frame_180,Rack_3,54,14,pepsi_big,213
frame_180,Rack_3,19,10,fanta_grape_big,178
frame_180,Rack_3,51,10,fanta_grape_big,146
frame_180,Rack_3,59,10,fanta_grape_big,119
frame_180,Rack_3,23,12,fanta_straw_big,88
frame_180,Rack_3,64,12,fanta_straw_big,55
frame_180,Rack_3,71,11,fanta_lychee_big,23
frame_181,Rack_3,6,9,empty,597
frame_181,Rack_3,13,7,coke_z_big,541
frame_181,Rack_3,1,7,coke_z_big,500
frame_181,Rack_3,39,5,coke_v_big,461
frame_181,Rack_3,4,5,coke_v_big,423
frame_181,Rack_3,33,5,coke_v_big,385
frame_181,Rack_3,18,5,coke_v_big,349
frame_181,Rack_3,10,5,coke_v_big,314
frame_181,Rack_3,9,14,pepsi_big,279
frame_181,Rack_3,11,14,pepsi_big,247
frame_181,Rack_3,54,14,pepsi_big,214
frame_181,Rack_3,19,10,fanta_grape_big,179
frame_181,Rack_3,51,10,fanta_grape_big,147
frame_181,Rack_3,59,10,fanta_grape_big,121
frame_181,Rack_3,23,12,fanta_straw_big,89
frame_181,Rack_3,64,12,fanta_straw_big,56
frame_181,Rack_3,71,11,fanta_lychee_big,24
frame_182,Rack_3,6,9,empty,598
frame_182,Rack_3,13,7,coke_z_big,542
frame_182,Rack_3,1,7,coke_z_big,502
frame_182,Rack_3,39,5,coke_v_big,462
frame_182,Rack_3,4,5,coke_v_big,424
frame_182,Rack_3,33,5,coke_v_big,386
frame_182,Rack_3,18,5,coke_v_big,350
frame_182,Rack_3,10,5,coke_v_big,315
frame_182,Rack_3,9,14,pepsi_big,280
frame_182,Rack_3,11,14,pepsi_big,247
frame_182,Rack_3,54,14,pepsi_big,215
frame_182,Rack_3,19,10,fanta_grape_big,179
frame_182,Rack_3,51,10,fanta_grape_big,148
frame_182,Rack_3,59,10,fanta_grape_big,122
frame_182,Rack_3,23,12,fanta_straw_big,91
frame_182,Rack_3,64,12,fanta_straw_big,57
frame_182,Rack_3,71,11,fanta_lychee_big,26
frame_183,Rack_3,6,9,empty,598
frame_183,Rack_3,13,7,coke_z_big,544
frame_183,Rack_3,1,7,coke_z_big,503
frame_183,Rack_3,39,5,coke_v_big,463
frame_183,Rack_3,4,5,coke_v_big,425
frame_183,Rack_3,33,5,coke_v_big,387
frame_183,Rack_3,18,5,coke_v_big,351
frame_183,Rack_3,10,5,coke_v_big,315
frame_183,Rack_3,9,14,pepsi_big,281
frame_183,Rack_3,11,14,pepsi_big,248
frame_183,Rack_3,54,14,pepsi_big,215
frame_183,Rack_3,19,10,fanta_grape_big,180
frame_183,Rack_3,51,10,fanta_grape_big,148
frame_183,Rack_3,23,12,fanta_straw_big,91
frame_183,Rack_3,64,12,fanta_straw_big,58
frame_183,Rack_3,71,11,fanta_lychee_big,27
frame_184,Rack_3,6,9,empty,599
frame_184,Rack_3,13,7,coke_z_big,545
frame_184,Rack_3,1,7,coke_z_big,504
frame_184,Rack_3,39,5,coke_v_big,464
frame_184,Rack_3,4,5,coke_v_big,426
frame_184,Rack_3,33,5,coke_v_big,388
frame_184,Rack_3,18,5,coke_v_big,352
frame_184,Rack_3,10,5,coke_v_big,316
frame_184,Rack_3,9,14,pepsi_big,281
frame_184,Rack_3,11,14,pepsi_big,249
frame_184,Rack_3,54,14,pepsi_big,216
frame_184,Rack_3,19,10,fanta_grape_big,181
frame_184,Rack_3,51,10,fanta_grape_big,149
frame_184,Rack_3,23,12,fanta_straw_big,92
frame_184,Rack_3,64,12,fanta_straw_big,58
frame_184,Rack_3,71,11,fanta_lychee_big,28
frame_185,Rack_3,6,9,empty,600
frame_185,Rack_3,13,7,coke_z_big,546
frame_185,Rack_3,1,7,coke_z_big,505
frame_185,Rack_3,39,5,coke_v_big,465
frame_185,Rack_3,4,5,coke_v_big,426
frame_185,Rack_3,33,5,coke_v_big,389
frame_185,Rack_3,18,5,coke_v_big,353
frame_185,Rack_3,10,5,coke_v_big,317
frame_185,Rack_3,9,14,pepsi_big,282
frame_185,Rack_3,11,14,pepsi_big,249
frame_185,Rack_3,54,14,pepsi_big,217
frame_185,Rack_3,19,10,fanta_grape_big,182
frame_185,Rack_3,51,10,fanta_grape_big,150
frame_185,Rack_3,23,12,fanta_straw_big,92
frame_185,Rack_3,64,12,fanta_straw_big,59
frame_185,Rack_3,71,11,fanta_lychee_big,28
frame_186,Rack_3,6,9,empty,600
frame_186,Rack_3,13,7,coke_z_big,547
frame_186,Rack_3,1,7,coke_z_big,506
frame_186,Rack_3,39,5,coke_v_big,466
frame_186,Rack_3,4,5,coke_v_big,427
frame_186,Rack_3,33,5,coke_v_big,390
frame_186,Rack_3,18,5,coke_v_big,354
frame_186,Rack_3,10,5,coke_v_big,318
frame_186,Rack_3,9,14,pepsi_big,282
frame_186,Rack_3,11,14,pepsi_big,250
frame_186,Rack_3,54,14,pepsi_big,217
frame_186,Rack_3,19,10,fanta_grape_big,182
frame_186,Rack_3,51,10,fanta_grape_big,150
frame_186,Rack_3,23,12,fanta_straw_big,93
frame_186,Rack_3,79,12,fanta_straw_big,60
frame_186,Rack_3,64,12,fanta_straw_big,59
frame_186,Rack_3,71,11,fanta_lychee_big,29
frame_187,Rack_3,6,9,empty,601
frame_187,Rack_3,13,7,coke_z_big,548
frame_187,Rack_3,1,7,coke_z_big,507
frame_187,Rack_3,39,5,coke_v_big,467
frame_187,Rack_3,4,5,coke_v_big,428
frame_187,Rack_3,33,5,coke_v_big,390
frame_187,Rack_3,18,5,coke_v_big,355
frame_187,Rack_3,10,5,coke_v_big,318
frame_187,Rack_3,9,14,pepsi_big,283
frame_187,Rack_3,11,14,pepsi_big,250
frame_187,Rack_3,54,14,pepsi_big,218
frame_187,Rack_3,19,10,fanta_grape_big,183
frame_187,Rack_3,51,10,fanta_grape_big,151
frame_187,Rack_3,59,10,fanta_grape_big,124
frame_187,Rack_3,23,12,fanta_straw_big,93
frame_187,Rack_3,64,12,fanta_straw_big,60
frame_187,Rack_3,79,12,fanta_straw_big,60
frame_187,Rack_3,71,11,fanta_lychee_big,30
frame_188,Rack_3,6,9,empty,602
frame_188,Rack_3,13,7,coke_z_big,549
frame_188,Rack_3,1,7,coke_z_big,508
frame_188,Rack_3,39,5,coke_v_big,468
frame_188,Rack_3,4,5,coke_v_big,429
frame_188,Rack_3,33,5,coke_v_big,391
frame_188,Rack_3,18,5,coke_v_big,355
frame_188,Rack_3,10,5,coke_v_big,319
frame_188,Rack_3,9,14,pepsi_big,284
frame_188,Rack_3,11,14,pepsi_big,251
frame_188,Rack_3,54,14,pepsi_big,218
frame_188,Rack_3,19,10,fanta_grape_big,183
frame_188,Rack_3,51,10,fanta_grape_big,151
frame_188,Rack_3,59,10,fanta_grape_big,125
frame_188,Rack_3,23,12,fanta_straw_big,93
frame_188,Rack_3,64,12,fanta_straw_big,61
frame_188,Rack_3,71,11,fanta_lychee_big,31
frame_189,Rack_3,6,9,empty,602
frame_189,Rack_3,13,7,coke_z_big,550
frame_189,Rack_3,1,7,coke_z_big,508
frame_189,Rack_3,39,5,coke_v_big,469
frame_189,Rack_3,4,5,coke_v_big,429
frame_189,Rack_3,33,5,coke_v_big,392
frame_189,Rack_3,18,5,coke_v_big,356
frame_189,Rack_3,10,5,coke_v_big,320
frame_189,Rack_3,9,14,pepsi_big,285
frame_189,Rack_3,11,14,pepsi_big,252
frame_189,Rack_3,54,14,pepsi_big,219
frame_189,Rack_3,19,10,fanta_grape_big,184
frame_189,Rack_3,51,10,fanta_grape_big,152
frame_189,Rack_3,59,10,fanta_grape_big,126
frame_189,Rack_3,23,12,fanta_straw_big,94
frame_189,Rack_3,64,12,fanta_straw_big,62
frame_189,Rack_3,71,11,fanta_lychee_big,32
frame_19,Rack_3,6,9,empty,538
frame_19,Rack_3,13,7,coke_z_big,458
frame_19,Rack_3,1,7,coke_z_big,421
frame_19,Rack_3,39,5,coke_v_big,385
frame_19,Rack_3,4,5,coke_v_big,349
frame_19,Rack_3,33,5,coke_v_big,315
frame_19,Rack_3,18,5,coke_v_big,281
frame_19,Rack_3,10,5,coke_v_big,246
frame_19,Rack_3,9,14,pepsi_big,211
frame_19,Rack_3,11,14,pepsi_big,179
frame_19,Rack_3,54,14,pepsi_big,147
frame_19,Rack_3,19,10,fanta_grape_big,112
frame_19,Rack_3,51,10,fanta_grape_big,81
frame_19,Rack_3,23,12,fanta_straw_big,22
frame_190,Rack_3,6,9,empty,603
frame_190,Rack_3,13,7,coke_z_big,551
frame_190,Rack_3,1,7,coke_z_big,509
frame_190,Rack_3,39,5,coke_v_big,470
frame_190,Rack_3,4,5,coke_v_big,430
frame_190,Rack_3,33,5,coke_v_big,392
frame_190,Rack_3,18,5,coke_v_big,357
frame_190,Rack_3,10,5,coke_v_big,320
frame_190,Rack_3,9,14,pepsi_big,285
frame_190,Rack_3,11,14,pepsi_big,252
frame_190,Rack_3,54,14,pepsi_big,219
frame_190,Rack_3,19,10,fanta_grape_big,184
frame_190,Rack_3,51,10,fanta_grape_big,153
frame_190,Rack_3,59,10,fanta_grape_big,126
frame_190,Rack_3,23,12,fanta_straw_big,94
frame_190,Rack_3,79,12,fanta_straw_big,63
frame_190,Rack_3,71,11,fanta_lychee_big,32
frame_191,Rack_3,6,9,empty,602
frame_191,Rack_3,13,7,coke_z_big,552
frame_191,Rack_3,1,7,coke_z_big,510
frame_191,Rack_3,39,5,coke_v_big,470
frame_191,Rack_3,4,5,coke_v_big,431
frame_191,Rack_3,33,5,coke_v_big,393
frame_191,Rack_3,18,5,coke_v_big,357
frame_191,Rack_3,10,5,coke_v_big,321
frame_191,Rack_3,9,14,pepsi_big,286
frame_191,Rack_3,11,14,pepsi_big,253
frame_191,Rack_3,54,14,pepsi_big,220
frame_191,Rack_3,19,10,fanta_grape_big,185
frame_191,Rack_3,51,10,fanta_grape_big,153
frame_191,Rack_3,59,10,fanta_grape_big,127
frame_191,Rack_3,23,12,fanta_straw_big,95
frame_191,Rack_3,79,12,fanta_straw_big,63
frame_191,Rack_3,71,11,fanta_lychee_big,33
frame_192,Rack_3,6,9,empty,603
frame_192,Rack_3,13,7,coke_z_big,553
frame_192,Rack_3,1,7,coke_z_big,511
frame_192,Rack_3,39,5,coke_v_big,471
frame_192,Rack_3,4,5,coke_v_big,432
frame_192,Rack_3,33,5,coke_v_big,394
frame_192,Rack_3,18,5,coke_v_big,358
frame_192,Rack_3,10,5,coke_v_big,322
frame_192,Rack_3,9,14,pepsi_big,287
frame_192,Rack_3,11,14,pepsi_big,253
frame_192,Rack_3,54,14,pepsi_big,221
frame_192,Rack_3,19,10,fanta_grape_big,186
frame_192,Rack_3,51,10,fanta_grape_big,154
frame_192,Rack_3,59,10,fanta_grape_big,127
frame_192,Rack_3,23,12,fanta_straw_big,96
frame_192,Rack_3,79,12,fanta_straw_big,64
frame_192,Rack_3,71,11,fanta_lychee_big,33
frame_193,Rack_3,6,9,empty,603
frame_193,Rack_3,13,7,coke_z_big,554
frame_193,Rack_3,1,7,coke_z_big,511
frame_193,Rack_3,39,5,coke_v_big,472
frame_193,Rack_3,4,5,coke_v_big,432
frame_193,Rack_3,33,5,coke_v_big,394
frame_193,Rack_3,18,5,coke_v_big,358
frame_193,Rack_3,10,5,coke_v_big,322
frame_193,Rack_3,9,14,pepsi_big,288
frame_193,Rack_3,11,14,pepsi_big,254
frame_193,Rack_3,54,14,pepsi_big,221
frame_193,Rack_3,19,10,fanta_grape_big,187
frame_193,Rack_3,51,10,fanta_grape_big,155
frame_193,Rack_3,59,10,fanta_grape_big,128
frame_193,Rack_3,23,12,fanta_straw_big,97
frame_193,Rack_3,64,12,fanta_straw_big,65
frame_193,Rack_3,71,11,fanta_lychee_big,33
frame_194,Rack_3,6,9,empty,604
frame_194,Rack_3,13,7,coke_z_big,555
frame_194,Rack_3,1,7,coke_z_big,513
frame_194,Rack_3,39,5,coke_v_big,473
frame_194,Rack_3,4,5,coke_v_big,433
frame_194,Rack_3,33,5,coke_v_big,395
frame_194,Rack_3,18,5,coke_v_big,359
frame_194,Rack_3,10,5,coke_v_big,323
frame_194,Rack_3,9,14,pepsi_big,288
frame_194,Rack_3,11,14,pepsi_big,255
frame_194,Rack_3,54,14,pepsi_big,222
frame_194,Rack_3,19,10,fanta_grape_big,187
frame_194,Rack_3,51,10,fanta_grape_big,156
frame_194,Rack_3,59,10,fanta_grape_big,129
frame_194,Rack_3,23,12,fanta_straw_big,98
frame_194,Rack_3,64,12,fanta_straw_big,66
frame_194,Rack_3,71,11,fanta_lychee_big,35
frame_195,Rack_3,6,9,empty,605
frame_195,Rack_3,13,7,coke_z_big,556
frame_195,Rack_3,1,7,coke_z_big,513
frame_195,Rack_3,39,5,coke_v_big,473
frame_195,Rack_3,4,5,coke_v_big,434
frame_195,Rack_3,33,5,coke_v_big,396
frame_195,Rack_3,18,5,coke_v_big,360
frame_195,Rack_3,10,5,coke_v_big,324
frame_195,Rack_3,9,14,pepsi_big,289
frame_195,Rack_3,11,14,pepsi_big,256
frame_195,Rack_3,54,14,pepsi_big,223
frame_195,Rack_3,19,10,fanta_grape_big,188
frame_195,Rack_3,51,10,fanta_grape_big,156
frame_195,Rack_3,59,10,fanta_grape_big,130
frame_195,Rack_3,23,12,fanta_straw_big,99
frame_195,Rack_3,64,12,fanta_straw_big,67
frame_195,Rack_3,71,11,fanta_lychee_big,36
frame_195,Rack_3,84,11,fanta_lychee_big,11
frame_196,Rack_3,6,9,empty,606
frame_196,Rack_3,13,7,coke_z_big,557
frame_196,Rack_3,1,7,coke_z_big,514
frame_196,Rack_3,39,5,coke_v_big,474
frame_196,Rack_3,4,5,coke_v_big,435
frame_196,Rack_3,33,5,coke_v_big,397
frame_196,Rack_3,18,5,coke_v_big,360
frame_196,Rack_3,10,5,coke_v_big,324
frame_196,Rack_3,9,14,pepsi_big,290
frame_196,Rack_3,11,14,pepsi_big,257
frame_196,Rack_3,54,14,pepsi_big,224
frame_196,Rack_3,19,10,fanta_grape_big,189
frame_196,Rack_3,51,10,fanta_grape_big,157
frame_196,Rack_3,59,10,fanta_grape_big,130
frame_196,Rack_3,23,12,fanta_straw_big,100
frame_196,Rack_3,64,12,fanta_straw_big,68
frame_196,Rack_3,71,11,fanta_lychee_big,37
frame_196,Rack_3,84,11,fanta_lychee_big,12
frame_197,Rack_3,6,9,empty,606
frame_197,Rack_3,13,7,coke_z_big,557
frame_197,Rack_3,1,7,coke_z_big,515
frame_197,Rack_3,39,5,coke_v_big,475
frame_197,Rack_3,4,5,coke_v_big,436
frame_197,Rack_3,33,5,coke_v_big,397
frame_197,Rack_3,18,5,coke_v_big,361
frame_197,Rack_3,10,5,coke_v_big,325
frame_197,Rack_3,9,14,pepsi_big,290
frame_197,Rack_3,11,14,pepsi_big,258
frame_197,Rack_3,54,14,pepsi_big,225
frame_197,Rack_3,19,10,fanta_grape_big,190
frame_197,Rack_3,51,10,fanta_grape_big,159
frame_197,Rack_3,59,10,fanta_grape_big,131
frame_197,Rack_3,23,12,fanta_straw_big,101
frame_197,Rack_3,71,11,fanta_lychee_big,39
frame_198,Rack_3,6,9,empty,607
frame_198,Rack_3,13,7,coke_z_big,558
frame_198,Rack_3,1,7,coke_z_big,516
frame_198,Rack_3,39,5,coke_v_big,476
frame_198,Rack_3,4,5,coke_v_big,437
frame_198,Rack_3,33,5,coke_v_big,398
frame_198,Rack_3,18,5,coke_v_big,362
frame_198,Rack_3,10,5,coke_v_big,326
frame_198,Rack_3,9,14,pepsi_big,291
frame_198,Rack_3,11,14,pepsi_big,259
frame_198,Rack_3,54,14,pepsi_big,226
frame_198,Rack_3,19,10,fanta_grape_big,190
frame_198,Rack_3,51,10,fanta_grape_big,159
frame_198,Rack_3,59,10,fanta_grape_big,132
frame_198,Rack_3,23,12,fanta_straw_big,102
frame_198,Rack_3,64,12,fanta_straw_big,70
frame_198,Rack_3,71,11,fanta_lychee_big,40
frame_199,Rack_3,6,9,empty,605
frame_199,Rack_3,13,7,coke_z_big,559
frame_199,Rack_3,1,7,coke_z_big,517
frame_199,Rack_3,39,5,coke_v_big,477
frame_199,Rack_3,4,5,coke_v_big,438
frame_199,Rack_3,33,5,coke_v_big,399
frame_199,Rack_3,18,5,coke_v_big,362
frame_199,Rack_3,10,5,coke_v_big,327
frame_199,Rack_3,9,14,pepsi_big,292
frame_199,Rack_3,11,14,pepsi_big,259
frame_199,Rack_3,54,14,pepsi_big,226
frame_199,Rack_3,19,10,fanta_grape_big,191
frame_199,Rack_3,51,10,fanta_grape_big,160
frame_199,Rack_3,59,10,fanta_grape_big,133
frame_199,Rack_3,23,12,fanta_straw_big,103
frame_199,Rack_3,71,11,fanta_lychee_big,40
frame_2,Rack_3,6,9,empty,535
frame_2,Rack_3,13,7,coke_z_big,457
frame_2,Rack_3,1,7,coke_z_big,421
frame_2,Rack_3,39,5,coke_v_big,384
frame_2,Rack_3,4,5,coke_v_big,349
frame_2,Rack_3,33,5,coke_v_big,314
frame_2,Rack_3,18,5,coke_v_big,280
frame_2,Rack_3,10,5,coke_v_big,246
frame_2,Rack_3,9,14,pepsi_big,211
frame_2,Rack_3,11,14,pepsi_big,178
frame_2,Rack_3,54,14,pepsi_big,147
frame_2,Rack_3,19,10,fanta_grape_big,112
frame_2,Rack_3,51,10,fanta_grape_big,81
frame_2,Rack_3,23,12,fanta_straw_big,22
frame_20,Rack_3,6,9,empty,538
frame_20,Rack_3,13,7,coke_z_big,458
frame_20,Rack_3,1,7,coke_z_big,421
frame_20,Rack_3,39,5,coke_v_big,385
frame_20,Rack_3,4,5,coke_v_big,349
frame_20,Rack_3,33,5,coke_v_big,315
frame_20,Rack_3,18,5,coke_v_big,281
frame_20,Rack_3,10,5,coke_v_big,246
frame_20,Rack_3,9,14,pepsi_big,211
frame_20,Rack_3,11,14,pepsi_big,179
frame_20,Rack_3,54,14,pepsi_big,147
frame_20,Rack_3,19,10,fanta_grape_big,112
frame_20,Rack_3,51,10,fanta_grape_big,81
frame_20,Rack_3,23,12,fanta_straw_big,23
frame_200,Rack_3,6,9,empty,606
frame_200,Rack_3,13,7,coke_z_big,560
frame_200,Rack_3,1,7,coke_z_big,518
frame_200,Rack_3,39,5,coke_v_big,478
frame_200,Rack_3,4,5,coke_v_big,438
frame_200,Rack_3,33,5,coke_v_big,400
frame_200,Rack_3,18,5,coke_v_big,363
frame_200,Rack_3,10,5,coke_v_big,327
frame_200,Rack_3,9,14,pepsi_big,293
frame_200,Rack_3,11,14,pepsi_big,260
frame_200,Rack_3,54,14,pepsi_big,227
frame_200,Rack_3,19,10,fanta_grape_big,192
frame_200,Rack_3,51,10,fanta_grape_big,161
frame_200,Rack_3,59,10,fanta_grape_big,134
frame_200,Rack_3,23,12,fanta_straw_big,104
frame_200,Rack_3,71,11,fanta_lychee_big,41
frame_201,Rack_3,6,9,empty,606
frame_201,Rack_3,13,7,coke_z_big,561
frame_201,Rack_3,1,7,coke_z_big,518
frame_201,Rack_3,39,5,coke_v_big,478
frame_201,Rack_3,4,5,coke_v_big,439
frame_201,Rack_3,33,5,coke_v_big,400
frame_201,Rack_3,18,5,coke_v_big,363
frame_201,Rack_3,10,5,coke_v_big,328
frame_201,Rack_3,9,14,pepsi_big,293
frame_201,Rack_3,11,14,pepsi_big,261
frame_201,Rack_3,54,14,pepsi_big,227
frame_201,Rack_3,19,10,fanta_grape_big,192
frame_201,Rack_3,51,10,fanta_grape_big,161
frame_201,Rack_3,59,10,fanta_grape_big,135
frame_201,Rack_3,23,12,fanta_straw_big,104
frame_201,Rack_3,71,11,fanta_lychee_big,42
frame_201,Rack_3,84,11,fanta_lychee_big,15
frame_202,Rack_3,6,9,empty,607
frame_202,Rack_3,13,7,coke_z_big,561
frame_202,Rack_3,1,7,coke_z_big,519
frame_202,Rack_3,39,5,coke_v_big,478
frame_202,Rack_3,4,5,coke_v_big,439
frame_202,Rack_3,33,5,coke_v_big,400
frame_202,Rack_3,18,5,coke_v_big,364
frame_202,Rack_3,10,5,coke_v_big,328
frame_202,Rack_3,9,14,pepsi_big,293
frame_202,Rack_3,11,14,pepsi_big,261
frame_202,Rack_3,54,14,pepsi_big,228
frame_202,Rack_3,19,10,fanta_grape_big,193
frame_202,Rack_3,51,10,fanta_grape_big,162
frame_202,Rack_3,59,10,fanta_grape_big,135
frame_202,Rack_3,23,12,fanta_straw_big,104
frame_202,Rack_3,71,11,fanta_lychee_big,42
frame_202,Rack_3,84,11,fanta_lychee_big,16
frame_203,Rack_3,6,9,empty,606
frame_203,Rack_3,13,7,coke_z_big,562
frame_203,Rack_3,1,7,coke_z_big,520
frame_203,Rack_3,39,5,coke_v_big,479
frame_203,Rack_3,4,5,coke_v_big,439
frame_203,Rack_3,33,5,coke_v_big,401
frame_203,Rack_3,18,5,coke_v_big,364
frame_203,Rack_3,10,5,coke_v_big,328
frame_203,Rack_3,9,14,pepsi_big,294
frame_203,Rack_3,11,14,pepsi_big,261
frame_203,Rack_3,54,14,pepsi_big,228
frame_203,Rack_3,19,10,fanta_grape_big,193
frame_203,Rack_3,51,10,fanta_grape_big,162
frame_203,Rack_3,59,10,fanta_grape_big,135
frame_203,Rack_3,23,12,fanta_straw_big,105
frame_203,Rack_3,79,12,fanta_straw_big,73
frame_203,Rack_3,71,11,fanta_lychee_big,42
frame_203,Rack_3,84,11,fanta_lychee_big,16
frame_21,Rack_3,6,9,empty,538
frame_21,Rack_3,13,7,coke_z_big,458
frame_21,Rack_3,1,7,coke_z_big,421
frame_21,Rack_3,39,5,coke_v_big,385
frame_21,Rack_3,4,5,coke_v_big,349
frame_21,Rack_3,33,5,coke_v_big,315
frame_21,Rack_3,18,5,coke_v_big,281
frame_21,Rack_3,10,5,coke_v_big,246
frame_21,Rack_3,9,14,pepsi_big,211
frame_21,Rack_3,11,14,pepsi_big,179
frame_21,Rack_3,54,14,pepsi_big,147
frame_21,Rack_3,19,10,fanta_grape_big,112
frame_21,Rack_3,51,10,fanta_grape_big,81
frame_21,Rack_3,23,12,fanta_straw_big,23
frame_22,Rack_3,6,9,empty,538
frame_22,Rack_3,13,7,coke_z_big,458
frame_22,Rack_3,1,7,coke_z_big,421
frame_22,Rack_3,39,5,coke_v_big,385
frame_22,Rack_3,4,5,coke_v_big,349
frame_22,Rack_3,33,5,coke_v_big,315
frame_22,Rack_3,18,5,coke_v_big,281
frame_22,Rack_3,10,5,coke_v_big,246
frame_22,Rack_3,9,14,pepsi_big,212
frame_22,Rack_3,11,14,pepsi_big,179
frame_22,Rack_3,54,14,pepsi_big,147
frame_22,Rack_3,19,10,fanta_grape_big,112
frame_22,Rack_3,51,10,fanta_grape_big,81
frame_22,Rack_3,23,12,fanta_straw_big,22
frame_23,Rack_3,6,9,empty,536
frame_23,Rack_3,13,7,coke_z_big,458
frame_23,Rack_3,1,7,coke_z_big,421
frame_23,Rack_3,39,5,coke_v_big,385
frame_23,Rack_3,4,5,coke_v_big,349
frame_23,Rack_3,33,5,coke_v_big,315
frame_23,Rack_3,18,5,coke_v_big,281
frame_23,Rack_3,10,5,coke_v_big,246
frame_23,Rack_3,9,14,pepsi_big,212
frame_23,Rack_3,11,14,pepsi_big,179
frame_23,Rack_3,54,14,pepsi_big,147
frame_23,Rack_3,19,10,fanta_grape_big,112
frame_23,Rack_3,51,10,fanta_grape_big,81
frame_23,Rack_3,23,12,fanta_straw_big,23
frame_24,Rack_3,6,9,empty,537
frame_24,Rack_3,13,7,coke_z_big,458
frame_24,Rack_3,1,7,coke_z_big,422
frame_24,Rack_3,39,5,coke_v_big,385
frame_24,Rack_3,4,5,coke_v_big,350
frame_24,Rack_3,33,5,coke_v_big,315
frame_24,Rack_3,18,5,coke_v_big,281
frame_24,Rack_3,10,5,coke_v_big,246
frame_24,Rack_3,9,14,pepsi_big,212
frame_24,Rack_3,11,14,pepsi_big,179
frame_24,Rack_3,54,14,pepsi_big,148
frame_24,Rack_3,19,10,fanta_grape_big,113
frame_24,Rack_3,51,10,fanta_grape_big,82
frame_24,Rack_3,59,10,fanta_grape_big,56
frame_24,Rack_3,23,12,fanta_straw_big,22
frame_25,Rack_3,6,9,empty,536
frame_25,Rack_3,13,7,coke_z_big,458
frame_25,Rack_3,1,7,coke_z_big,422
frame_25,Rack_3,39,5,coke_v_big,386
frame_25,Rack_3,4,5,coke_v_big,350
frame_25,Rack_3,33,5,coke_v_big,315
frame_25,Rack_3,18,5,coke_v_big,281
frame_25,Rack_3,10,5,coke_v_big,247
frame_25,Rack_3,9,14,pepsi_big,212
frame_25,Rack_3,11,14,pepsi_big,180
frame_25,Rack_3,54,14,pepsi_big,148
frame_25,Rack_3,19,10,fanta_grape_big,113
frame_25,Rack_3,51,10,fanta_grape_big,82
frame_25,Rack_3,23,12,fanta_straw_big,23
frame_26,Rack_3,6,9,empty,535
frame_26,Rack_3,13,7,coke_z_big,458
frame_26,Rack_3,1,7,coke_z_big,422
frame_26,Rack_3,39,5,coke_v_big,386
frame_26,Rack_3,4,5,coke_v_big,350
frame_26,Rack_3,33,5,coke_v_big,316
frame_26,Rack_3,18,5,coke_v_big,282
frame_26,Rack_3,10,5,coke_v_big,247
frame_26,Rack_3,9,14,pepsi_big,212
frame_26,Rack_3,11,14,pepsi_big,180
frame_26,Rack_3,54,14,pepsi_big,148
frame_26,Rack_3,19,10,fanta_grape_big,113
frame_26,Rack_3,51,10,fanta_grape_big,82
frame_26,Rack_3,23,12,fanta_straw_big,23
frame_27,Rack_3,6,9,empty,535
frame_27,Rack_3,13,7,coke_z_big,459
frame_27,Rack_3,1,7,coke_z_big,422
frame_27,Rack_3,39,5,coke_v_big,386
frame_27,Rack_3,4,5,coke_v_big,350
frame_27,Rack_3,33,5,coke_v_big,316
frame_27,Rack_3,18,5,coke_v_big,282
frame_27,Rack_3,10,5,coke_v_big,247
frame_27,Rack_3,9,14,pepsi_big,212
frame_27,Rack_3,11,14,pepsi_big,180
frame_27,Rack_3,54,14,pepsi_big,148
frame_27,Rack_3,19,10,fanta_grape_big,113
frame_27,Rack_3,51,10,fanta_grape_big,82
frame_27,Rack_3,59,10,fanta_grape_big,56
frame_27,Rack_3,23,12,fanta_straw_big,24
frame_28,Rack_3,6,9,empty,534
frame_28,Rack_3,13,7,coke_z_big,459
frame_28,Rack_3,1,7,coke_z_big,422
frame_28,Rack_3,39,5,coke_v_big,386
frame_28,Rack_3,4,5,coke_v_big,350
frame_28,Rack_3,33,5,coke_v_big,316
frame_28,Rack_3,18,5,coke_v_big,282
frame_28,Rack_3,10,5,coke_v_big,247
frame_28,Rack_3,9,14,pepsi_big,213
frame_28,Rack_3,11,14,pepsi_big,180
frame_28,Rack_3,54,14,pepsi_big,148
frame_28,Rack_3,19,10,fanta_grape_big,113
frame_28,Rack_3,51,10,fanta_grape_big,82
frame_28,Rack_3,59,10,fanta_grape_big,56
frame_28,Rack_3,23,12,fanta_straw_big,23
frame_29,Rack_3,6,9,empty,534
frame_29,Rack_3,13,7,coke_z_big,459
frame_29,Rack_3,1,7,coke_z_big,422
frame_29,Rack_3,39,5,coke_v_big,386
frame_29,Rack_3,4,5,coke_v_big,350
frame_29,Rack_3,33,5,coke_v_big,316
frame_29,Rack_3,18,5,coke_v_big,282
frame_29,Rack_3,10,5,coke_v_big,247
frame_29,Rack_3,9,14,pepsi_big,213
frame_29,Rack_3,11,14,pepsi_big,180
frame_29,Rack_3,54,14,pepsi_big,148
frame_29,Rack_3,19,10,fanta_grape_big,113
frame_29,Rack_3,51,10,fanta_grape_big,82
frame_29,Rack_3,59,10,fanta_grape_big,56
frame_29,Rack_3,23,12,fanta_straw_big,23
frame_3,Rack_3,6,9,empty,535
frame_3,Rack_3,13,7,coke_z_big,458
frame_3,Rack_3,1,7,coke_z_big,421
frame_3,Rack_3,39,5,coke_v_big,384
frame_3,Rack_3,4,5,coke_v_big,349
frame_3,Rack_3,33,5,coke_v_big,315
frame_3,Rack_3,18,5,coke_v_big,280
frame_3,Rack_3,10,5,coke_v_big,246
frame_3,Rack_3,9,14,pepsi_big,211
frame_3,Rack_3,11,14,pepsi_big,179
frame_3,Rack_3,54,14,pepsi_big,147
frame_3,Rack_3,19,10,fanta_grape_big,112
frame_3,Rack_3,51,10,fanta_grape_big,81
frame_3,Rack_3,23,12,fanta_straw_big,22
frame_30,Rack_3,6,9,empty,534
frame_30,Rack_3,13,7,coke_z_big,459
frame_30,Rack_3,1,7,coke_z_big,422
frame_30,Rack_3,39,5,coke_v_big,386
frame_30,Rack_3,4,5,coke_v_big,350
frame_30,Rack_3,33,5,coke_v_big,316
frame_30,Rack_3,18,5,coke_v_big,282
frame_30,Rack_3,10,5,coke_v_big,247
frame_30,Rack_3,9,14,pepsi_big,213
frame_30,Rack_3,11,14,pepsi_big,180
frame_30,Rack_3,54,14,pepsi_big,148
frame_30,Rack_3,19,10,fanta_grape_big,113
frame_30,Rack_3,51,10,fanta_grape_big,82
frame_30,Rack_3,23,12,fanta_straw_big,23
frame_31,Rack_3,6,9,empty,535
frame_31,Rack_3,13,7,coke_z_big,459
frame_31,Rack_3,1,7,coke_z_big,422
frame_31,Rack_3,39,5,coke_v_big,386
frame_31,Rack_3,4,5,coke_v_big,350
frame_31,Rack_3,33,5,coke_v_big,316
frame_31,Rack_3,18,5,coke_v_big,282
frame_31,Rack_3,10,5,coke_v_big,247
frame_31,Rack_3,9,14,pepsi_big,213
frame_31,Rack_3,11,14,pepsi_big,180
frame_31,Rack_3,54,14,pepsi_big,148
frame_31,Rack_3,19,10,fanta_grape_big,113
frame_31,Rack_3,51,10,fanta_grape_big,82
frame_31,Rack_3,23,12,fanta_straw_big,23
frame_32,Rack_3,6,9,empty,535
frame_32,Rack_3,13,7,coke_z_big,459
frame_32,Rack_3,1,7,coke_z_big,423
frame_32,Rack_3,39,5,coke_v_big,386
frame_32,Rack_3,4,5,coke_v_big,351
frame_32,Rack_3,33,5,coke_v_big,316
frame_32,Rack_3,18,5,coke_v_big,282
frame_32,Rack_3,10,5,coke_v_big,247
frame_32,Rack_3,9,14,pepsi_big,213
frame_32,Rack_3,11,14,pepsi_big,180
frame_32,Rack_3,54,14,pepsi_big,148
frame_32,Rack_3,19,10,fanta_grape_big,113
frame_32,Rack_3,51,10,fanta_grape_big,82
frame_32,Rack_3,59,10,fanta_grape_big,56
frame_32,Rack_3,23,12,fanta_straw_big,22
frame_33,Rack_3,6,9,empty,535
frame_33,Rack_3,13,7,coke_z_big,459
frame_33,Rack_3,1,7,coke_z_big,423
frame_33,Rack_3,39,5,coke_v_big,386
frame_33,Rack_3,4,5,coke_v_big,351
frame_33,Rack_3,33,5,coke_v_big,316
frame_33,Rack_3,18,5,coke_v_big,282
frame_33,Rack_3,10,5,coke_v_big,247
frame_33,Rack_3,9,14,pepsi_big,213
frame_33,Rack_3,11,14,pepsi_big,181
frame_33,Rack_3,54,14,pepsi_big,148
frame_33,Rack_3,19,10,fanta_grape_big,113
frame_33,Rack_3,51,10,fanta_grape_big,82
frame_33,Rack_3,59,10,fanta_grape_big,56
frame_33,Rack_3,23,12,fanta_straw_big,23
frame_34,Rack_3,6,9,empty,535
frame_34,Rack_3,13,7,coke_z_big,459
frame_34,Rack_3,1,7,coke_z_big,423
frame_34,Rack_3,39,5,coke_v_big,387
frame_34,Rack_3,4,5,coke_v_big,351
frame_34,Rack_3,33,5,coke_v_big,316
frame_34,Rack_3,18,5,coke_v_big,282
frame_34,Rack_3,10,5,coke_v_big,247
frame_34,Rack_3,9,14,pepsi_big,213
frame_34,Rack_3,11,14,pepsi_big,181
frame_34,Rack_3,54,14,pepsi_big,149
frame_34,Rack_3,19,10,fanta_grape_big,113
frame_34,Rack_3,51,10,fanta_grape_big,82
frame_34,Rack_3,59,10,fanta_grape_big,56
frame_34,Rack_3,23,12,fanta_straw_big,23
frame_35,Rack_3,6,9,empty,535
frame_35,Rack_3,13,7,coke_z_big,460
frame_35,Rack_3,1,7,coke_z_big,423
frame_35,Rack_3,39,5,coke_v_big,387
frame_35,Rack_3,4,5,coke_v_big,351
frame_35,Rack_3,33,5,coke_v_big,316
frame_35,Rack_3,18,5,coke_v_big,282
frame_35,Rack_3,10,5,coke_v_big,247
frame_35,Rack_3,9,14,pepsi_big,213
frame_35,Rack_3,11,14,pepsi_big,180
frame_35,Rack_3,54,14,pepsi_big,149
frame_35,Rack_3,19,10,fanta_grape_big,113
frame_35,Rack_3,51,10,fanta_grape_big,82
frame_35,Rack_3,59,10,fanta_grape_big,56
frame_35,Rack_3,23,12,fanta_straw_big,23
frame_36,Rack_3,6,9,empty,535
frame_36,Rack_3,13,7,coke_z_big,460
frame_36,Rack_3,1,7,coke_z_big,423
frame_36,Rack_3,39,5,coke_v_big,387
frame_36,Rack_3,4,5,coke_v_big,351
frame_36,Rack_3,33,5,coke_v_big,316
frame_36,Rack_3,18,5,coke_v_big,282
frame_36,Rack_3,10,5,coke_v_big,247
frame_36,Rack_3,9,14,pepsi_big,213
frame_36,Rack_3,11,14,pepsi_big,181
frame_36,Rack_3,54,14,pepsi_big,149
frame_36,Rack_3,19,10,fanta_grape_big,113
frame_36,Rack_3,51,10,fanta_grape_big,82
frame_36,Rack_3,59,10,fanta_grape_big,56
frame_36,Rack_3,23,12,fanta_straw_big,23
frame_37,Rack_3,6,9,empty,535
frame_37,Rack_3,13,7,coke_z_big,460
frame_37,Rack_3,1,7,coke_z_big,423
frame_37,Rack_3,39,5,coke_v_big,387
frame_37,Rack_3,4,5,coke_v_big,351
frame_37,Rack_3,33,5,coke_v_big,316
frame_37,Rack_3,18,5,coke_v_big,282
frame_37,Rack_3,10,5,coke_v_big,247
frame_37,Rack_3,9,14,pepsi_big,213
frame_37,Rack_3,11,14,pepsi_big,181
frame_37,Rack_3,54,14,pepsi_big,148
frame_37,Rack_3,19,10,fanta_grape_big,113
frame_37,Rack_3,51,10,fanta_grape_big,82
frame_37,Rack_3,59,10,fanta_grape_big,56
frame_37,Rack_3,23,12,fanta_straw_big,23
frame_38,Rack_3,6,9,empty,536
frame_38,Rack_3,13,7,coke_z_big,460
frame_38,Rack_3,1,7,coke_z_big,423
frame_38,Rack_3,39,5,coke_v_big,387
frame_38,Rack_3,4,5,coke_v_big,351
frame_38,Rack_3,33,5,coke_v_big,316
frame_38,Rack_3,18,5,coke_v_big,282
frame_38,Rack_3,10,5,coke_v_big,247
frame_38,Rack_3,9,14,pepsi_big,213
frame_38,Rack_3,11,14,pepsi_big,181
frame_38,Rack_3,54,14,pepsi_big,148
frame_38,Rack_3,19,10,fanta_grape_big,113
frame_38,Rack_3,51,10,fanta_grape_big,82
frame_38,Rack_3,59,10,fanta_grape_big,56
frame_38,Rack_3,23,12,fanta_straw_big,23
frame_39,Rack_3,6,9,empty,536
frame_39,Rack_3,13,7,coke_z_big,460
frame_39,Rack_3,1,7,coke_z_big,423
frame_39,Rack_3,39,5,coke_v_big,387
frame_39,Rack_3,4,5,coke_v_big,351
frame_39,Rack_3,33,5,coke_v_big,316
frame_39,Rack_3,18,5,coke_v_big,282
frame_39,Rack_3,10,5,coke_v_big,248
frame_39,Rack_3,9,14,pepsi_big,213
frame_39,Rack_3,11,14,pepsi_big,181
frame_39,Rack_3,54,14,pepsi_big,149
frame_39,Rack_3,19,10,fanta_grape_big,113
frame_39,Rack_3,51,10,fanta_grape_big,82
frame_39,Rack_3,59,10,fanta_grape_big,56
frame_39,Rack_3,23,12,fanta_straw_big,23
frame_4,Rack_3,6,9,empty,535
frame_4,Rack_3,13,7,coke_z_big,458
frame_4,Rack_3,1,7,coke_z_big,421
frame_4,Rack_3,39,5,coke_v_big,384
frame_4,Rack_3,4,5,coke_v_big,349
frame_4,Rack_3,33,5,coke_v_big,315
frame_4,Rack_3,18,5,coke_v_big,281
frame_4,Rack_3,10,5,coke_v_big,246
frame_4,Rack_3,9,14,pepsi_big,211
frame_4,Rack_3,11,14,pepsi_big,179
frame_4,Rack_3,54,14,pepsi_big,147
frame_4,Rack_3,19,10,fanta_grape_big,112
frame_4,Rack_3,51,10,fanta_grape_big,81
frame_4,Rack_3,23,12,fanta_straw_big,22
frame_40,Rack_3,6,9,empty,535
frame_40,Rack_3,13,7,coke_z_big,460
frame_40,Rack_3,1,7,coke_z_big,424
frame_40,Rack_3,39,5,coke_v_big,387
frame_40,Rack_3,4,5,coke_v_big,351
frame_40,Rack_3,33,5,coke_v_big,317
frame_40,Rack_3,18,5,coke_v_big,283
frame_40,Rack_3,10,5,coke_v_big,248
frame_40,Rack_3,9,14,pepsi_big,213
frame_40,Rack_3,11,14,pepsi_big,181
frame_40,Rack_3,54,14,pepsi_big,149
frame_40,Rack_3,19,10,fanta_grape_big,113
frame_40,Rack_3,51,10,fanta_grape_big,82
frame_40,Rack_3,59,10,fanta_grape_big,56
frame_40,Rack_3,23,12,fanta_straw_big,23
frame_41,Rack_3,6,9,empty,536
frame_41,Rack_3,13,7,coke_z_big,461
frame_41,Rack_3,1,7,coke_z_big,424
frame_41,Rack_3,39,5,coke_v_big,387
frame_41,Rack_3,4,5,coke_v_big,351
frame_41,Rack_3,33,5,coke_v_big,317
frame_41,Rack_3,18,5,coke_v_big,283
frame_41,Rack_3,10,5,coke_v_big,248
frame_41,Rack_3,9,14,pepsi_big,214
frame_41,Rack_3,11,14,pepsi_big,181
frame_41,Rack_3,54,14,pepsi_big,149
frame_41,Rack_3,19,10,fanta_grape_big,114
frame_41,Rack_3,51,10,fanta_grape_big,82
frame_41,Rack_3,59,10,fanta_grape_big,56
frame_41,Rack_3,23,12,fanta_straw_big,23
frame_42,Rack_3,6,9,empty,536
frame_42,Rack_3,13,7,coke_z_big,461
frame_42,Rack_3,1,7,coke_z_big,424
frame_42,Rack_3,39,5,coke_v_big,388
frame_42,Rack_3,4,5,coke_v_big,352
frame_42,Rack_3,33,5,coke_v_big,317
frame_42,Rack_3,18,5,coke_v_big,283
frame_42,Rack_3,10,5,coke_v_big,248
frame_42,Rack_3,9,14,pepsi_big,214
frame_42,Rack_3,11,14,pepsi_big,181
frame_42,Rack_3,54,14,pepsi_big,149
frame_42,Rack_3,19,10,fanta_grape_big,114
frame_42,Rack_3,51,10,fanta_grape_big,82
frame_42,Rack_3,59,10,fanta_grape_big,56
frame_42,Rack_3,23,12,fanta_straw_big,23
frame_43,Rack_3,6,9,empty,536
frame_43,Rack_3,13,7,coke_z_big,461
frame_43,Rack_3,1,7,coke_z_big,424
frame_43,Rack_3,39,5,coke_v_big,388
frame_43,Rack_3,4,5,coke_v_big,352
frame_43,Rack_3,33,5,coke_v_big,317
frame_43,Rack_3,18,5,coke_v_big,283
frame_43,Rack_3,10,5,coke_v_big,248
frame_43,Rack_3,9,14,pepsi_big,214
frame_43,Rack_3,11,14,pepsi_big,181
frame_43,Rack_3,54,14,pepsi_big,149
frame_43,Rack_3,19,10,fanta_grape_big,114
frame_43,Rack_3,51,10,fanta_grape_big,82
frame_43,Rack_3,59,10,fanta_grape_big,56
frame_43,Rack_3,23,12,fanta_straw_big,23
frame_44,Rack_3,6,9,empty,537
frame_44,Rack_3,13,7,coke_z_big,461
frame_44,Rack_3,1,7,coke_z_big,424
frame_44,Rack_3,39,5,coke_v_big,388
frame_44,Rack_3,4,5,coke_v_big,352
frame_44,Rack_3,33,5,coke_v_big,317
frame_44,Rack_3,18,5,coke_v_big,283
frame_44,Rack_3,10,5,coke_v_big,248
frame_44,Rack_3,9,14,pepsi_big,214
frame_44,Rack_3,11,14,pepsi_big,181
frame_44,Rack_3,54,14,pepsi_big,149
frame_44,Rack_3,19,10,fanta_grape_big,114
frame_44,Rack_3,51,10,fanta_grape_big,82
frame_44,Rack_3,59,10,fanta_grape_big,57
frame_44,Rack_3,23,12,fanta_straw_big,24
frame_45,Rack_3,6,9,empty,537
frame_45,Rack_3,13,7,coke_z_big,462
frame_45,Rack_3,1,7,coke_z_big,425
frame_45,Rack_3,39,5,coke_v_big,388
frame_45,Rack_3,4,5,coke_v_big,352
frame_45,Rack_3,33,5,coke_v_big,317
frame_45,Rack_3,18,5,coke_v_big,283
frame_45,Rack_3,10,5,coke_v_big,248
frame_45,Rack_3,9,14,pepsi_big,214
frame_45,Rack_3,11,14,pepsi_big,181
frame_45,Rack_3,54,14,pepsi_big,149
frame_45,Rack_3,19,10,fanta_grape_big,114
frame_45,Rack_3,51,10,fanta_grape_big,82
frame_45,Rack_3,23,12,fanta_straw_big,24
frame_46,Rack_3,6,9,empty,537
frame_46,Rack_3,13,7,coke_z_big,462
frame_46,Rack_3,1,7,coke_z_big,425
frame_46,Rack_3,39,5,coke_v_big,388
frame_46,Rack_3,4,5,coke_v_big,352
frame_46,Rack_3,33,5,coke_v_big,317
frame_46,Rack_3,18,5,coke_v_big,284
frame_46,Rack_3,10,5,coke_v_big,249
frame_46,Rack_3,9,14,pepsi_big,214
frame_46,Rack_3,11,14,pepsi_big,182
frame_46,Rack_3,54,14,pepsi_big,149
frame_46,Rack_3,19,10,fanta_grape_big,114
frame_46,Rack_3,51,10,fanta_grape_big,83
frame_46,Rack_3,23,12,fanta_straw_big,24
frame_47,Rack_3,6,9,empty,539
frame_47,Rack_3,13,7,coke_z_big,462
frame_47,Rack_3,1,7,coke_z_big,425
frame_47,Rack_3,39,5,coke_v_big,389
frame_47,Rack_3,4,5,coke_v_big,353
frame_47,Rack_3,33,5,coke_v_big,318
frame_47,Rack_3,18,5,coke_v_big,284
frame_47,Rack_3,10,5,coke_v_big,249
frame_47,Rack_3,9,14,pepsi_big,214
frame_47,Rack_3,11,14,pepsi_big,182
frame_47,Rack_3,54,14,pepsi_big,149
frame_47,Rack_3,19,10,fanta_grape_big,115
frame_47,Rack_3,51,10,fanta_grape_big,83
frame_47,Rack_3,23,12,fanta_straw_big,24
frame_48,Rack_3,6,9,empty,541
frame_48,Rack_3,13,7,coke_z_big,463
frame_48,Rack_3,1,7,coke_z_big,425
frame_48,Rack_3,39,5,coke_v_big,389
frame_48,Rack_3,4,5,coke_v_big,353
frame_48,Rack_3,33,5,coke_v_big,318
frame_48,Rack_3,18,5,coke_v_big,284
frame_48,Rack_3,10,5,coke_v_big,249
frame_48,Rack_3,9,14,pepsi_big,215
frame_48,Rack_3,11,14,pepsi_big,182
frame_48,Rack_3,54,14,pepsi_big,150
frame_48,Rack_3,19,10,fanta_grape_big,115
frame_48,Rack_3,51,10,fanta_grape_big,83
frame_48,Rack_3,59,10,fanta_grape_big,58
frame_48,Rack_3,23,12,fanta_straw_big,24
frame_49,Rack_3,6,9,empty,542
frame_49,Rack_3,13,7,coke_z_big,463
frame_49,Rack_3,1,7,coke_z_big,426
frame_49,Rack_3,39,5,coke_v_big,389
frame_49,Rack_3,4,5,coke_v_big,354
frame_49,Rack_3,33,5,coke_v_big,318
frame_49,Rack_3,18,5,coke_v_big,284
frame_49,Rack_3,10,5,coke_v_big,249
frame_49,Rack_3,9,14,pepsi_big,215
frame_49,Rack_3,11,14,pepsi_big,182
frame_49,Rack_3,54,14,pepsi_big,150
frame_49,Rack_3,19,10,fanta_grape_big,115
frame_49,Rack_3,51,10,fanta_grape_big,83
frame_49,Rack_3,59,10,fanta_grape_big,58
frame_49,Rack_3,23,12,fanta_straw_big,24
frame_5,Rack_3,6,9,empty,535
frame_5,Rack_3,13,7,coke_z_big,458
frame_5,Rack_3,1,7,coke_z_big,421
frame_5,Rack_3,39,5,coke_v_big,385
frame_5,Rack_3,4,5,coke_v_big,349
frame_5,Rack_3,33,5,coke_v_big,315
frame_5,Rack_3,18,5,coke_v_big,281
frame_5,Rack_3,10,5,coke_v_big,246
frame_5,Rack_3,9,14,pepsi_big,211
frame_5,Rack_3,11,14,pepsi_big,179
frame_5,Rack_3,54,14,pepsi_big,147
frame_5,Rack_3,19,10,fanta_grape_big,112
frame_5,Rack_3,51,10,fanta_grape_big,81
frame_5,Rack_3,23,12,fanta_straw_big,22
frame_50,Rack_3,6,9,empty,542
frame_50,Rack_3,13,7,coke_z_big,463
frame_50,Rack_3,1,7,coke_z_big,426
frame_50,Rack_3,39,5,coke_v_big,389
frame_50,Rack_3,4,5,coke_v_big,354
frame_50,Rack_3,33,5,coke_v_big,318
frame_50,Rack_3,18,5,coke_v_big,285
frame_50,Rack_3,10,5,coke_v_big,249
frame_50,Rack_3,9,14,pepsi_big,215
frame_50,Rack_3,11,14,pepsi_big,182
frame_50,Rack_3,54,14,pepsi_big,150
frame_50,Rack_3,19,10,fanta_grape_big,115
frame_50,Rack_3,51,10,fanta_grape_big,83
frame_50,Rack_3,59,10,fanta_grape_big,58
frame_50,Rack_3,23,12,fanta_straw_big,24
frame_51,Rack_3,6,9,empty,542
frame_51,Rack_3,13,7,coke_z_big,463
frame_51,Rack_3,1,7,coke_z_big,426
frame_51,Rack_3,39,5,coke_v_big,390
frame_51,Rack_3,4,5,coke_v_big,354
frame_51,Rack_3,33,5,coke_v_big,318
frame_51,Rack_3,18,5,coke_v_big,285
frame_51,Rack_3,10,5,coke_v_big,249
frame_51,Rack_3,9,14,pepsi_big,215
frame_51,Rack_3,11,14,pepsi_big,182
frame_51,Rack_3,54,14,pepsi_big,150
frame_51,Rack_3,19,10,fanta_grape_big,116
frame_51,Rack_3,51,10,fanta_grape_big,84
frame_51,Rack_3,59,10,fanta_grape_big,58
frame_51,Rack_3,23,12,fanta_straw_big,24
frame_52,Rack_3,6,9,empty,543
frame_52,Rack_3,13,7,coke_z_big,463
frame_52,Rack_3,1,7,coke_z_big,426
frame_52,Rack_3,39,5,coke_v_big,390
frame_52,Rack_3,4,5,coke_v_big,354
frame_52,Rack_3,33,5,coke_v_big,319
frame_52,Rack_3,18,5,coke_v_big,285
frame_52,Rack_3,10,5,coke_v_big,250
frame_52,Rack_3,9,14,pepsi_big,215
frame_52,Rack_3,11,14,pepsi_big,183
frame_52,Rack_3,54,14,pepsi_big,150
frame_52,Rack_3,19,10,fanta_grape_big,116
frame_52,Rack_3,51,10,fanta_grape_big,84
frame_52,Rack_3,59,10,fanta_grape_big,59
frame_52,Rack_3,23,12,fanta_straw_big,24
frame_53,Rack_3,6,9,empty,544
frame_53,Rack_3,13,7,coke_z_big,464
frame_53,Rack_3,1,7,coke_z_big,426
frame_53,Rack_3,39,5,coke_v_big,390
frame_53,Rack_3,4,5,coke_v_big,354
frame_53,Rack_3,33,5,coke_v_big,319
frame_53,Rack_3,18,5,coke_v_big,285
frame_53,Rack_3,10,5,coke_v_big,250
frame_53,Rack_3,9,14,pepsi_big,216
frame_53,Rack_3,11,14,pepsi_big,183
frame_53,Rack_3,54,14,pepsi_big,151
frame_53,Rack_3,19,10,fanta_grape_big,116
frame_53,Rack_3,51,10,fanta_grape_big,84
frame_53,Rack_3,23,12,fanta_straw_big,25
frame_54,Rack_3,6,9,empty,544
frame_54,Rack_3,13,7,coke_z_big,464
frame_54,Rack_3,1,7,coke_z_big,427
frame_54,Rack_3,39,5,coke_v_big,390
frame_54,Rack_3,4,5,coke_v_big,355
frame_54,Rack_3,33,5,coke_v_big,319
frame_54,Rack_3,18,5,coke_v_big,285
frame_54,Rack_3,10,5,coke_v_big,250
frame_54,Rack_3,9,14,pepsi_big,216
frame_54,Rack_3,11,14,pepsi_big,183
frame_54,Rack_3,54,14,pepsi_big,151
frame_54,Rack_3,19,10,fanta_grape_big,116
frame_54,Rack_3,51,10,fanta_grape_big,84
frame_54,Rack_3,23,12,fanta_straw_big,25
frame_55,Rack_3,6,9,empty,543
frame_55,Rack_3,13,7,coke_z_big,464
frame_55,Rack_3,1,7,coke_z_big,427
frame_55,Rack_3,39,5,coke_v_big,390
frame_55,Rack_3,4,5,coke_v_big,355
frame_55,Rack_3,33,5,coke_v_big,319
frame_55,Rack_3,18,5,coke_v_big,285
frame_55,Rack_3,10,5,coke_v_big,250
frame_55,Rack_3,9,14,pepsi_big,216
frame_55,Rack_3,11,14,pepsi_big,183
frame_55,Rack_3,54,14,pepsi_big,151
frame_55,Rack_3,19,10,fanta_grape_big,116
frame_55,Rack_3,51,10,fanta_grape_big,84
frame_55,Rack_3,23,12,fanta_straw_big,25
frame_56,Rack_3,6,9,empty,543
frame_56,Rack_3,13,7,coke_z_big,464
frame_56,Rack_3,1,7,coke_z_big,427
frame_56,Rack_3,39,5,coke_v_big,390
frame_56,Rack_3,4,5,coke_v_big,355
frame_56,Rack_3,33,5,coke_v_big,319
frame_56,Rack_3,18,5,coke_v_big,285
frame_56,Rack_3,10,5,coke_v_big,250
frame_56,Rack_3,9,14,pepsi_big,216
frame_56,Rack_3,11,14,pepsi_big,183
frame_56,Rack_3,54,14,pepsi_big,151
frame_56,Rack_3,19,10,fanta_grape_big,116
frame_56,Rack_3,51,10,fanta_grape_big,85
frame_56,Rack_3,23,12,fanta_straw_big,25
frame_57,Rack_3,6,9,empty,543
frame_57,Rack_3,13,7,coke_z_big,464
frame_57,Rack_3,1,7,coke_z_big,427
frame_57,Rack_3,39,5,coke_v_big,391
frame_57,Rack_3,4,5,coke_v_big,355
frame_57,Rack_3,33,5,coke_v_big,320
frame_57,Rack_3,18,5,coke_v_big,285
frame_57,Rack_3,10,5,coke_v_big,251
frame_57,Rack_3,9,14,pepsi_big,216
frame_57,Rack_3,11,14,pepsi_big,183
frame_57,Rack_3,54,14,pepsi_big,151
frame_57,Rack_3,19,10,fanta_grape_big,116
frame_57,Rack_3,51,10,fanta_grape_big,85
frame_57,Rack_3,23,12,fanta_straw_big,25
frame_58,Rack_3,6,9,empty,542
frame_58,Rack_3,13,7,coke_z_big,464
frame_58,Rack_3,1,7,coke_z_big,427
frame_58,Rack_3,39,5,coke_v_big,391
frame_58,Rack_3,4,5,coke_v_big,355
frame_58,Rack_3,33,5,coke_v_big,320
frame_58,Rack_3,18,5,coke_v_big,286
frame_58,Rack_3,10,5,coke_v_big,251
frame_58,Rack_3,9,14,pepsi_big,216
frame_58,Rack_3,11,14,pepsi_big,183
frame_58,Rack_3,54,14,pepsi_big,151
frame_58,Rack_3,19,10,fanta_grape_big,116
frame_58,Rack_3,51,10,fanta_grape_big,85
frame_58,Rack_3,59,10,fanta_grape_big,59
frame_58,Rack_3,23,12,fanta_straw_big,25
frame_59,Rack_3,6,9,empty,542
frame_59,Rack_3,13,7,coke_z_big,464
frame_59,Rack_3,1,7,coke_z_big,427
frame_59,Rack_3,39,5,coke_v_big,391
frame_59,Rack_3,4,5,coke_v_big,355
frame_59,Rack_3,33,5,coke_v_big,320
frame_59,Rack_3,18,5,coke_v_big,286
frame_59,Rack_3,10,5,coke_v_big,251
frame_59,Rack_3,9,14,pepsi_big,216
frame_59,Rack_3,11,14,pepsi_big,184
frame_59,Rack_3,54,14,pepsi_big,151
frame_59,Rack_3,19,10,fanta_grape_big,116
frame_59,Rack_3,51,10,fanta_grape_big,85
frame_59,Rack_3,23,12,fanta_straw_big,25
frame_6,Rack_3,6,9,empty,537
frame_6,Rack_3,13,7,coke_z_big,458
frame_6,Rack_3,1,7,coke_z_big,421
frame_6,Rack_3,39,5,coke_v_big,385
frame_6,Rack_3,4,5,coke_v_big,349
frame_6,Rack_3,33,5,coke_v_big,315
frame_6,Rack_3,18,5,coke_v_big,281
frame_6,Rack_3,10,5,coke_v_big,246
frame_6,Rack_3,9,14,pepsi_big,211
frame_6,Rack_3,11,14,pepsi_big,179
frame_6,Rack_3,54,14,pepsi_big,147
frame_6,Rack_3,19,10,fanta_grape_big,113
frame_6,Rack_3,51,10,fanta_grape_big,82
frame_6,Rack_3,23,12,fanta_straw_big,23
frame_60,Rack_3,6,9,empty,543
frame_60,Rack_3,13,7,coke_z_big,464
frame_60,Rack_3,1,7,coke_z_big,427
frame_60,Rack_3,39,5,coke_v_big,391
frame_60,Rack_3,4,5,coke_v_big,355
frame_60,Rack_3,33,5,coke_v_big,320
frame_60,Rack_3,18,5,coke_v_big,286
frame_60,Rack_3,10,5,coke_v_big,251
frame_60,Rack_3,9,14,pepsi_big,216
frame_60,Rack_3,11,14,pepsi_big,184
frame_60,Rack_3,19,10,fanta_grape_big,116
frame_60,Rack_3,51,10,fanta_grape_big,86
frame_60,Rack_3,23,12,fanta_straw_big,26
frame_61,Rack_3,6,9,empty,543
frame_61,Rack_3,13,7,coke_z_big,464
frame_61,Rack_3,1,7,coke_z_big,427
frame_61,Rack_3,39,5,coke_v_big,391
frame_61,Rack_3,4,5,coke_v_big,355
frame_61,Rack_3,33,5,coke_v_big,320
frame_61,Rack_3,18,5,coke_v_big,286
frame_61,Rack_3,10,5,coke_v_big,251
frame_61,Rack_3,9,14,pepsi_big,216
frame_61,Rack_3,11,14,pepsi_big,184
frame_61,Rack_3,54,14,pepsi_big,151
frame_61,Rack_3,19,10,fanta_grape_big,116
frame_61,Rack_3,51,10,fanta_grape_big,85
frame_61,Rack_3,23,12,fanta_straw_big,25
frame_62,Rack_3,6,9,empty,543
frame_62,Rack_3,13,7,coke_z_big,465
frame_62,Rack_3,1,7,coke_z_big,427
frame_62,Rack_3,39,5,coke_v_big,391
frame_62,Rack_3,4,5,coke_v_big,355
frame_62,Rack_3,33,5,coke_v_big,320
frame_62,Rack_3,18,5,coke_v_big,286
frame_62,Rack_3,10,5,coke_v_big,251
frame_62,Rack_3,9,14,pepsi_big,216
frame_62,Rack_3,11,14,pepsi_big,184
frame_62,Rack_3,19,10,fanta_grape_big,116
frame_62,Rack_3,51,10,fanta_grape_big,85
frame_62,Rack_3,23,12,fanta_straw_big,25
frame_63,Rack_3,6,9,empty,542
frame_63,Rack_3,13,7,coke_z_big,465
frame_63,Rack_3,1,7,coke_z_big,427
frame_63,Rack_3,39,5,coke_v_big,391
frame_63,Rack_3,4,5,coke_v_big,356
frame_63,Rack_3,33,5,coke_v_big,320
frame_63,Rack_3,18,5,coke_v_big,286
frame_63,Rack_3,10,5,coke_v_big,251
frame_63,Rack_3,9,14,pepsi_big,216
frame_63,Rack_3,11,14,pepsi_big,184
frame_63,Rack_3,54,14,pepsi_big,152
frame_63,Rack_3,19,10,fanta_grape_big,117
frame_63,Rack_3,51,10,fanta_grape_big,86
frame_63,Rack_3,23,12,fanta_straw_big,26
frame_64,Rack_3,6,9,empty,542
frame_64,Rack_3,13,7,coke_z_big,465
frame_64,Rack_3,1,7,coke_z_big,428
frame_64,Rack_3,39,5,coke_v_big,391
frame_64,Rack_3,4,5,coke_v_big,356
frame_64,Rack_3,33,5,coke_v_big,321
frame_64,Rack_3,18,5,coke_v_big,286
frame_64,Rack_3,10,5,coke_v_big,251
frame_64,Rack_3,9,14,pepsi_big,216
frame_64,Rack_3,11,14,pepsi_big,184
frame_64,Rack_3,54,14,pepsi_big,152
frame_64,Rack_3,19,10,fanta_grape_big,117
frame_64,Rack_3,51,10,fanta_grape_big,86
frame_64,Rack_3,23,12,fanta_straw_big,26
frame_65,Rack_3,6,9,empty,542
frame_65,Rack_3,13,7,coke_z_big,465
frame_65,Rack_3,1,7,coke_z_big,428
frame_65,Rack_3,39,5,coke_v_big,392
frame_65,Rack_3,4,5,coke_v_big,356
frame_65,Rack_3,33,5,coke_v_big,321
frame_65,Rack_3,18,5,coke_v_big,287
frame_65,Rack_3,10,5,coke_v_big,252
frame_65,Rack_3,9,14,pepsi_big,217
frame_65,Rack_3,11,14,pepsi_big,185
frame_65,Rack_3,54,14,pepsi_big,153
frame_65,Rack_3,19,10,fanta_grape_big,117
frame_65,Rack_3,51,10,fanta_grape_big,86
frame_65,Rack_3,59,10,fanta_grape_big,59
frame_65,Rack_3,23,12,fanta_straw_big,26
frame_66,Rack_3,6,9,empty,543
frame_66,Rack_3,13,7,coke_z_big,465
frame_66,Rack_3,1,7,coke_z_big,428
frame_66,Rack_3,39,5,coke_v_big,392
frame_66,Rack_3,4,5,coke_v_big,356
frame_66,Rack_3,33,5,coke_v_big,321
frame_66,Rack_3,18,5,coke_v_big,287
frame_66,Rack_3,10,5,coke_v_big,252
frame_66,Rack_3,9,14,pepsi_big,217
frame_66,Rack_3,11,14,pepsi_big,185
frame_66,Rack_3,54,14,pepsi_big,153
frame_66,Rack_3,19,10,fanta_grape_big,117
frame_66,Rack_3,51,10,fanta_grape_big,86
frame_66,Rack_3,59,10,fanta_grape_big,60
frame_66,Rack_3,23,12,fanta_straw_big,26
frame_67,Rack_3,6,9,empty,543
frame_67,Rack_3,13,7,coke_z_big,466
frame_67,Rack_3,1,7,coke_z_big,428
frame_67,Rack_3,39,5,coke_v_big,392
frame_67,Rack_3,4,5,coke_v_big,356
frame_67,Rack_3,33,5,coke_v_big,321
frame_67,Rack_3,18,5,coke_v_big,287
frame_67,Rack_3,10,5,coke_v_big,252
frame_67,Rack_3,9,14,pepsi_big,217
frame_67,Rack_3,11,14,pepsi_big,185
frame_67,Rack_3,54,14,pepsi_big,153
frame_67,Rack_3,19,10,fanta_grape_big,118
frame_67,Rack_3,51,10,fanta_grape_big,86
frame_67,Rack_3,23,12,fanta_straw_big,26
frame_68,Rack_3,6,9,empty,543
frame_68,Rack_3,13,7,coke_z_big,466
frame_68,Rack_3,1,7,coke_z_big,428
frame_68,Rack_3,39,5,coke_v_big,392
frame_68,Rack_3,4,5,coke_v_big,356
frame_68,Rack_3,33,5,coke_v_big,321
frame_68,Rack_3,18,5,coke_v_big,287
frame_68,Rack_3,10,5,coke_v_big,252
frame_68,Rack_3,9,14,pepsi_big,217
frame_68,Rack_3,11,14,pepsi_big,185
frame_68,Rack_3,54,14,pepsi_big,153
frame_68,Rack_3,19,10,fanta_grape_big,118
frame_68,Rack_3,51,10,fanta_grape_big,86
frame_68,Rack_3,59,10,fanta_grape_big,60
frame_68,Rack_3,23,12,fanta_straw_big,26
frame_69,Rack_3,6,9,empty,543
frame_69,Rack_3,13,7,coke_z_big,466
frame_69,Rack_3,1,7,coke_z_big,428
frame_69,Rack_3,39,5,coke_v_big,392
frame_69,Rack_3,4,5,coke_v_big,357
frame_69,Rack_3,33,5,coke_v_big,321
frame_69,Rack_3,18,5,coke_v_big,287
frame_69,Rack_3,10,5,coke_v_big,252
frame_69,Rack_3,9,14,pepsi_big,218
frame_69,Rack_3,11,14,pepsi_big,185
frame_69,Rack_3,54,14,pepsi_big,153
frame_69,Rack_3,19,10,fanta_grape_big,118
frame_69,Rack_3,51,10,fanta_grape_big,86
frame_69,Rack_3,59,10,fanta_grape_big,60
frame_69,Rack_3,23,12,fanta_straw_big,26
frame_7,Rack_3,6,9,empty,536
frame_7,Rack_3,13,7,coke_z_big,458
frame_7,Rack_3,1,7,coke_z_big,421
frame_7,Rack_3,39,5,coke_v_big,385
frame_7,Rack_3,4,5,coke_v_big,349
frame_7,Rack_3,33,5,coke_v_big,315
frame_7,Rack_3,18,5,coke_v_big,281
frame_7,Rack_3,10,5,coke_v_big,246
frame_7,Rack_3,9,14,pepsi_big,212
frame_7,Rack_3,11,14,pepsi_big,179
frame_7,Rack_3,54,14,pepsi_big,147
frame_7,Rack_3,19,10,fanta_grape_big,113
frame_7,Rack_3,51,10,fanta_grape_big,82
frame_7,Rack_3,23,12,fanta_straw_big,23
frame_70,Rack_3,6,9,empty,542
frame_70,Rack_3,13,7,coke_z_big,466
frame_70,Rack_3,1,7,coke_z_big,429
frame_70,Rack_3,39,5,coke_v_big,393
frame_70,Rack_3,4,5,coke_v_big,357
frame_70,Rack_3,33,5,coke_v_big,322
frame_70,Rack_3,18,5,coke_v_big,288
frame_70,Rack_3,10,5,coke_v_big,253
frame_70,Rack_3,9,14,pepsi_big,218
frame_70,Rack_3,11,14,pepsi_big,186
frame_70,Rack_3,54,14,pepsi_big,153
frame_70,Rack_3,19,10,fanta_grape_big,118
frame_70,Rack_3,51,10,fanta_grape_big,87
frame_70,Rack_3,59,10,fanta_grape_big,61
frame_70,Rack_3,23,12,fanta_straw_big,26
frame_71,Rack_3,6,9,empty,543
frame_71,Rack_3,13,7,coke_z_big,467
frame_71,Rack_3,1,7,coke_z_big,429
frame_71,Rack_3,39,5,coke_v_big,393
frame_71,Rack_3,4,5,coke_v_big,357
frame_71,Rack_3,33,5,coke_v_big,322
frame_71,Rack_3,18,5,coke_v_big,288
frame_71,Rack_3,10,5,coke_v_big,253
frame_71,Rack_3,9,14,pepsi_big,218
frame_71,Rack_3,11,14,pepsi_big,186
frame_71,Rack_3,54,14,pepsi_big,154
frame_71,Rack_3,19,10,fanta_grape_big,118
frame_71,Rack_3,51,10,fanta_grape_big,87
frame_71,Rack_3,59,10,fanta_grape_big,61
frame_71,Rack_3,23,12,fanta_straw_big,26
frame_72,Rack_3,6,9,empty,546
frame_72,Rack_3,13,7,coke_z_big,467
frame_72,Rack_3,1,7,coke_z_big,429
frame_72,Rack_3,39,5,coke_v_big,393
frame_72,Rack_3,4,5,coke_v_big,357
frame_72,Rack_3,33,5,coke_v_big,322
frame_72,Rack_3,18,5,coke_v_big,288
frame_72,Rack_3,10,5,coke_v_big,253
frame_72,Rack_3,9,14,pepsi_big,218
frame_72,Rack_3,11,14,pepsi_big,186
frame_72,Rack_3,54,14,pepsi_big,154
frame_72,Rack_3,19,10,fanta_grape_big,119
frame_72,Rack_3,51,10,fanta_grape_big,87
frame_72,Rack_3,59,10,fanta_grape_big,61
frame_72,Rack_3,23,12,fanta_straw_big,26
frame_73,Rack_3,6,9,empty,546
frame_73,Rack_3,13,7,coke_z_big,467
frame_73,Rack_3,1,7,coke_z_big,430
frame_73,Rack_3,39,5,coke_v_big,393
frame_73,Rack_3,4,5,coke_v_big,358
frame_73,Rack_3,33,5,coke_v_big,322
frame_73,Rack_3,18,5,coke_v_big,289
frame_73,Rack_3,10,5,coke_v_big,253
frame_73,Rack_3,9,14,pepsi_big,219
frame_73,Rack_3,11,14,pepsi_big,186
frame_73,Rack_3,54,14,pepsi_big,154
frame_73,Rack_3,19,10,fanta_grape_big,119
frame_73,Rack_3,51,10,fanta_grape_big,87
frame_73,Rack_3,59,10,fanta_grape_big,62
frame_73,Rack_3,23,12,fanta_straw_big,27
frame_74,Rack_3,6,9,empty,546
frame_74,Rack_3,13,7,coke_z_big,467
frame_74,Rack_3,1,7,coke_z_big,430
frame_74,Rack_3,39,5,coke_v_big,394
frame_74,Rack_3,4,5,coke_v_big,358
frame_74,Rack_3,33,5,coke_v_big,323
frame_74,Rack_3,18,5,coke_v_big,289
frame_74,Rack_3,10,5,coke_v_big,254
frame_74,Rack_3,9,14,pepsi_big,219
frame_74,Rack_3,11,14,pepsi_big,186
frame_74,Rack_3,54,14,pepsi_big,154
frame_74,Rack_3,19,10,fanta_grape_big,119
frame_74,Rack_3,51,10,fanta_grape_big,88
frame_74,Rack_3,59,10,fanta_grape_big,62
frame_74,Rack_3,23,12,fanta_straw_big,27
frame_75,Rack_3,6,9,empty,546
frame_75,Rack_3,13,7,coke_z_big,468
frame_75,Rack_3,1,7,coke_z_big,430
frame_75,Rack_3,39,5,coke_v_big,394
frame_75,Rack_3,4,5,coke_v_big,358
frame_75,Rack_3,33,5,coke_v_big,323
frame_75,Rack_3,18,5,coke_v_big,289
frame_75,Rack_3,10,5,coke_v_big,254
frame_75,Rack_3,9,14,pepsi_big,219
frame_75,Rack_3,11,14,pepsi_big,187
frame_75,Rack_3,54,14,pepsi_big,155
frame_75,Rack_3,19,10,fanta_grape_big,119
frame_75,Rack_3,51,10,fanta_grape_big,88
frame_75,Rack_3,59,10,fanta_grape_big,63
frame_75,Rack_3,23,12,fanta_straw_big,28
frame_76,Rack_3,6,9,empty,546
frame_76,Rack_3,13,7,coke_z_big,468
frame_76,Rack_3,1,7,coke_z_big,431
frame_76,Rack_3,39,5,coke_v_big,394
frame_76,Rack_3,4,5,coke_v_big,358
frame_76,Rack_3,33,5,coke_v_big,324
frame_76,Rack_3,18,5,coke_v_big,290
frame_76,Rack_3,10,5,coke_v_big,255
frame_76,Rack_3,9,14,pepsi_big,220
frame_76,Rack_3,11,14,pepsi_big,187
frame_76,Rack_3,54,14,pepsi_big,155
frame_76,Rack_3,19,10,fanta_grape_big,120
frame_76,Rack_3,51,10,fanta_grape_big,88
frame_76,Rack_3,59,10,fanta_grape_big,63
frame_76,Rack_3,23,12,fanta_straw_big,29
frame_77,Rack_3,6,9,empty,547
frame_77,Rack_3,13,7,coke_z_big,468
frame_77,Rack_3,1,7,coke_z_big,431
frame_77,Rack_3,39,5,coke_v_big,394
frame_77,Rack_3,4,5,coke_v_big,359
frame_77,Rack_3,33,5,coke_v_big,324
frame_77,Rack_3,18,5,coke_v_big,290
frame_77,Rack_3,10,5,coke_v_big,255
frame_77,Rack_3,9,14,pepsi_big,220
frame_77,Rack_3,11,14,pepsi_big,187
frame_77,Rack_3,54,14,pepsi_big,155
frame_77,Rack_3,19,10,fanta_grape_big,120
frame_77,Rack_3,51,10,fanta_grape_big,89
frame_77,Rack_3,59,10,fanta_grape_big,63
frame_77,Rack_3,23,12,fanta_straw_big,29
frame_78,Rack_3,6,9,empty,547
frame_78,Rack_3,13,7,coke_z_big,469
frame_78,Rack_3,1,7,coke_z_big,431
frame_78,Rack_3,39,5,coke_v_big,395
frame_78,Rack_3,4,5,coke_v_big,359
frame_78,Rack_3,33,5,coke_v_big,324
frame_78,Rack_3,18,5,coke_v_big,290
frame_78,Rack_3,10,5,coke_v_big,255
frame_78,Rack_3,9,14,pepsi_big,220
frame_78,Rack_3,11,14,pepsi_big,187
frame_78,Rack_3,54,14,pepsi_big,156
frame_78,Rack_3,19,10,fanta_grape_big,120
frame_78,Rack_3,51,10,fanta_grape_big,89
frame_78,Rack_3,59,10,fanta_grape_big,63
frame_78,Rack_3,23,12,fanta_straw_big,30
frame_79,Rack_3,6,9,empty,549
frame_79,Rack_3,13,7,coke_z_big,469
frame_79,Rack_3,1,7,coke_z_big,432
frame_79,Rack_3,39,5,coke_v_big,395
frame_79,Rack_3,4,5,coke_v_big,359
frame_79,Rack_3,33,5,coke_v_big,324
frame_79,Rack_3,18,5,coke_v_big,290
frame_79,Rack_3,10,5,coke_v_big,255
frame_79,Rack_3,9,14,pepsi_big,220
frame_79,Rack_3,11,14,pepsi_big,188
frame_79,Rack_3,54,14,pepsi_big,156
frame_79,Rack_3,19,10,fanta_grape_big,121
frame_79,Rack_3,51,10,fanta_grape_big,89
frame_79,Rack_3,59,10,fanta_grape_big,63
frame_79,Rack_3,23,12,fanta_straw_big,30
frame_8,Rack_3,6,9,empty,537
frame_8,Rack_3,13,7,coke_z_big,458
frame_8,Rack_3,1,7,coke_z_big,421
frame_8,Rack_3,39,5,coke_v_big,385
frame_8,Rack_3,4,5,coke_v_big,349
frame_8,Rack_3,33,5,coke_v_big,315
frame_8,Rack_3,18,5,coke_v_big,281
frame_8,Rack_3,10,5,coke_v_big,246
frame_8,Rack_3,9,14,pepsi_big,212
frame_8,Rack_3,11,14,pepsi_big,179
frame_8,Rack_3,54,14,pepsi_big,147
frame_8,Rack_3,19,10,fanta_grape_big,113
frame_8,Rack_3,51,10,fanta_grape_big,82
frame_8,Rack_3,23,12,fanta_straw_big,23
frame_80,Rack_3,6,9,empty,549
frame_80,Rack_3,13,7,coke_z_big,469
frame_80,Rack_3,1,7,coke_z_big,432
frame_80,Rack_3,39,5,coke_v_big,395
frame_80,Rack_3,4,5,coke_v_big,360
frame_80,Rack_3,33,5,coke_v_big,324
frame_80,Rack_3,18,5,coke_v_big,291
frame_80,Rack_3,10,5,coke_v_big,255
frame_80,Rack_3,9,14,pepsi_big,221
frame_80,Rack_3,11,14,pepsi_big,188
frame_80,Rack_3,54,14,pepsi_big,156
frame_80,Rack_3,19,10,fanta_grape_big,121
frame_80,Rack_3,51,10,fanta_grape_big,90
frame_80,Rack_3,59,10,fanta_grape_big,63
frame_80,Rack_3,23,12,fanta_straw_big,30
frame_81,Rack_3,6,9,empty,549
frame_81,Rack_3,13,7,coke_z_big,469
frame_81,Rack_3,1,7,coke_z_big,432
frame_81,Rack_3,39,5,coke_v_big,395
frame_81,Rack_3,4,5,coke_v_big,360
frame_81,Rack_3,33,5,coke_v_big,325
frame_81,Rack_3,18,5,coke_v_big,291
frame_81,Rack_3,10,5,coke_v_big,256
frame_81,Rack_3,9,14,pepsi_big,221
frame_81,Rack_3,11,14,pepsi_big,188
frame_81,Rack_3,54,14,pepsi_big,156
frame_81,Rack_3,19,10,fanta_grape_big,121
frame_81,Rack_3,51,10,fanta_grape_big,90
frame_81,Rack_3,59,10,fanta_grape_big,63
frame_81,Rack_3,23,12,fanta_straw_big,30
frame_82,Rack_3,6,9,empty,549
frame_82,Rack_3,13,7,coke_z_big,469
frame_82,Rack_3,1,7,coke_z_big,432
frame_82,Rack_3,39,5,coke_v_big,395
frame_82,Rack_3,4,5,coke_v_big,360
frame_82,Rack_3,33,5,coke_v_big,325
frame_82,Rack_3,18,5,coke_v_big,291
frame_82,Rack_3,10,5,coke_v_big,256
frame_82,Rack_3,9,14,pepsi_big,221
frame_82,Rack_3,11,14,pepsi_big,188
frame_82,Rack_3,54,14,pepsi_big,156
frame_82,Rack_3,19,10,fanta_grape_big,121
frame_82,Rack_3,51,10,fanta_grape_big,90
frame_82,Rack_3,59,10,fanta_grape_big,63
frame_82,Rack_3,23,12,fanta_straw_big,30
frame_83,Rack_3,6,9,empty,549
frame_83,Rack_3,13,7,coke_z_big,469
frame_83,Rack_3,1,7,coke_z_big,432
frame_83,Rack_3,39,5,coke_v_big,395
frame_83,Rack_3,4,5,coke_v_big,360
frame_83,Rack_3,33,5,coke_v_big,325
frame_83,Rack_3,18,5,coke_v_big,291
frame_83,Rack_3,10,5,coke_v_big,256
frame_83,Rack_3,9,14,pepsi_big,221
frame_83,Rack_3,11,14,pepsi_big,188
frame_83,Rack_3,54,14,pepsi_big,156
frame_83,Rack_3,19,10,fanta_grape_big,121
frame_83,Rack_3,51,10,fanta_grape_big,90
frame_83,Rack_3,59,10,fanta_grape_big,63
frame_83,Rack_3,23,12,fanta_straw_big,30
frame_84,Rack_3,6,9,empty,549
frame_84,Rack_3,13,7,coke_z_big,469
frame_84,Rack_3,1,7,coke_z_big,432
frame_84,Rack_3,39,5,coke_v_big,396
frame_84,Rack_3,4,5,coke_v_big,360
frame_84,Rack_3,33,5,coke_v_big,325
frame_84,Rack_3,18,5,coke_v_big,291
frame_84,Rack_3,10,5,coke_v_big,256
frame_84,Rack_3,9,14,pepsi_big,221
frame_84,Rack_3,11,14,pepsi_big,188
frame_84,Rack_3,54,14,pepsi_big,156
frame_84,Rack_3,19,10,fanta_grape_big,121
frame_84,Rack_3,51,10,fanta_grape_big,90
frame_84,Rack_3,59,10,fanta_grape_big,63
frame_84,Rack_3,23,12,fanta_straw_big,30
frame_85,Rack_3,6,9,empty,549
frame_85,Rack_3,13,7,coke_z_big,469
frame_85,Rack_3,1,7,coke_z_big,432
frame_85,Rack_3,39,5,coke_v_big,396
frame_85,Rack_3,4,5,coke_v_big,360
frame_85,Rack_3,33,5,coke_v_big,325
frame_85,Rack_3,18,5,coke_v_big,291
frame_85,Rack_3,10,5,coke_v_big,256
frame_85,Rack_3,9,14,pepsi_big,221
frame_85,Rack_3,11,14,pepsi_big,189
frame_85,Rack_3,54,14,pepsi_big,157
frame_85,Rack_3,19,10,fanta_grape_big,121
frame_85,Rack_3,51,10,fanta_grape_big,90
frame_85,Rack_3,59,10,fanta_grape_big,64
frame_85,Rack_3,23,12,fanta_straw_big,31
frame_86,Rack_3,6,9,empty,550
frame_86,Rack_3,13,7,coke_z_big,470
frame_86,Rack_3,1,7,coke_z_big,433
frame_86,Rack_3,39,5,coke_v_big,396
frame_86,Rack_3,4,5,coke_v_big,360
frame_86,Rack_3,33,5,coke_v_big,325
frame_86,Rack_3,18,5,coke_v_big,291
frame_86,Rack_3,10,5,coke_v_big,256
frame_86,Rack_3,9,14,pepsi_big,221
frame_86,Rack_3,11,14,pepsi_big,189
frame_86,Rack_3,54,14,pepsi_big,157
frame_86,Rack_3,19,10,fanta_grape_big,121
frame_86,Rack_3,51,10,fanta_grape_big,90
frame_86,Rack_3,59,10,fanta_grape_big,64
frame_86,Rack_3,23,12,fanta_straw_big,31
frame_87,Rack_3,6,9,empty,550
frame_87,Rack_3,13,7,coke_z_big,470
frame_87,Rack_3,1,7,coke_z_big,433
frame_87,Rack_3,39,5,coke_v_big,396
frame_87,Rack_3,4,5,coke_v_big,360
frame_87,Rack_3,33,5,coke_v_big,325
frame_87,Rack_3,18,5,coke_v_big,291
frame_87,Rack_3,10,5,coke_v_big,256
frame_87,Rack_3,9,14,pepsi_big,221
frame_87,Rack_3,11,14,pepsi_big,189
frame_87,Rack_3,54,14,pepsi_big,157
frame_87,Rack_3,19,10,fanta_grape_big,122
frame_87,Rack_3,51,10,fanta_grape_big,91
frame_87,Rack_3,59,10,fanta_grape_big,64
frame_87,Rack_3,23,12,fanta_straw_big,32
frame_88,Rack_3,6,9,empty,550
frame_88,Rack_3,13,7,coke_z_big,470
frame_88,Rack_3,1,7,coke_z_big,433
frame_88,Rack_3,39,5,coke_v_big,396
frame_88,Rack_3,4,5,coke_v_big,360
frame_88,Rack_3,33,5,coke_v_big,326
frame_88,Rack_3,18,5,coke_v_big,291
frame_88,Rack_3,10,5,coke_v_big,256
frame_88,Rack_3,9,14,pepsi_big,222
frame_88,Rack_3,11,14,pepsi_big,189
frame_88,Rack_3,54,14,pepsi_big,157
frame_88,Rack_3,19,10,fanta_grape_big,122
frame_88,Rack_3,51,10,fanta_grape_big,91
frame_88,Rack_3,59,10,fanta_grape_big,64
frame_88,Rack_3,23,12,fanta_straw_big,32
frame_89,Rack_3,6,9,empty,550
frame_89,Rack_3,13,7,coke_z_big,470
frame_89,Rack_3,1,7,coke_z_big,433
frame_89,Rack_3,39,5,coke_v_big,396
frame_89,Rack_3,4,5,coke_v_big,360
frame_89,Rack_3,33,5,coke_v_big,326
frame_89,Rack_3,18,5,coke_v_big,292
frame_89,Rack_3,10,5,coke_v_big,257
frame_89,Rack_3,9,14,pepsi_big,222
frame_89,Rack_3,11,14,pepsi_big,189
frame_89,Rack_3,54,14,pepsi_big,158
frame_89,Rack_3,19,10,fanta_grape_big,122
frame_89,Rack_3,51,10,fanta_grape_big,91
frame_89,Rack_3,59,10,fanta_grape_big,65
frame_89,Rack_3,23,12,fanta_straw_big,32
frame_9,Rack_3,6,9,empty,536
frame_9,Rack_3,13,7,coke_z_big,458
frame_9,Rack_3,1,7,coke_z_big,421
frame_9,Rack_3,39,5,coke_v_big,385
frame_9,Rack_3,4,5,coke_v_big,349
frame_9,Rack_3,33,5,coke_v_big,315
frame_9,Rack_3,18,5,coke_v_big,281
frame_9,Rack_3,10,5,coke_v_big,246
frame_9,Rack_3,9,14,pepsi_big,212
frame_9,Rack_3,11,14,pepsi_big,179
frame_9,Rack_3,54,14,pepsi_big,147
frame_9,Rack_3,19,10,fanta_grape_big,113
frame_9,Rack_3,51,10,fanta_grape_big,81
frame_9,Rack_3,23,12,fanta_straw_big,23
frame_90,Rack_3,6,9,empty,550
frame_90,Rack_3,13,7,coke_z_big,471
frame_90,Rack_3,1,7,coke_z_big,433
frame_90,Rack_3,39,5,coke_v_big,396
frame_90,Rack_3,4,5,coke_v_big,361
frame_90,Rack_3,33,5,coke_v_big,326
frame_90,Rack_3,18,5,coke_v_big,292
frame_90,Rack_3,10,5,coke_v_big,257
frame_90,Rack_3,9,14,pepsi_big,222
frame_90,Rack_3,11,14,pepsi_big,189
frame_90,Rack_3,54,14,pepsi_big,158
frame_90,Rack_3,19,10,fanta_grape_big,122
frame_90,Rack_3,51,10,fanta_grape_big,91
frame_90,Rack_3,59,10,fanta_grape_big,65
frame_90,Rack_3,23,12,fanta_straw_big,33
frame_91,Rack_3,6,9,empty,551
frame_91,Rack_3,13,7,coke_z_big,471
frame_91,Rack_3,1,7,coke_z_big,433
frame_91,Rack_3,39,5,coke_v_big,397
frame_91,Rack_3,4,5,coke_v_big,361
frame_91,Rack_3,33,5,coke_v_big,326
frame_91,Rack_3,18,5,coke_v_big,292
frame_91,Rack_3,10,5,coke_v_big,257
frame_91,Rack_3,9,14,pepsi_big,222
frame_91,Rack_3,11,14,pepsi_big,190
frame_91,Rack_3,54,14,pepsi_big,158
frame_91,Rack_3,19,10,fanta_grape_big,122
frame_91,Rack_3,51,10,fanta_grape_big,91
frame_91,Rack_3,59,10,fanta_grape_big,65
frame_91,Rack_3,23,12,fanta_straw_big,32
frame_92,Rack_3,6,9,empty,552
frame_92,Rack_3,13,7,coke_z_big,471
frame_92,Rack_3,1,7,coke_z_big,433
frame_92,Rack_3,39,5,coke_v_big,397
frame_92,Rack_3,4,5,coke_v_big,361
frame_92,Rack_3,33,5,coke_v_big,326
frame_92,Rack_3,18,5,coke_v_big,292
frame_92,Rack_3,10,5,coke_v_big,257
frame_92,Rack_3,9,14,pepsi_big,222
frame_92,Rack_3,11,14,pepsi_big,190
frame_92,Rack_3,54,14,pepsi_big,158
frame_92,Rack_3,19,10,fanta_grape_big,122
frame_92,Rack_3,51,10,fanta_grape_big,91
frame_92,Rack_3,59,10,fanta_grape_big,65
frame_92,Rack_3,23,12,fanta_straw_big,32
frame_93,Rack_3,6,9,empty,552
frame_93,Rack_3,13,7,coke_z_big,471
frame_93,Rack_3,1,7,coke_z_big,433
frame_93,Rack_3,39,5,coke_v_big,397
frame_93,Rack_3,4,5,coke_v_big,361
frame_93,Rack_3,33,5,coke_v_big,326
frame_93,Rack_3,18,5,coke_v_big,292
frame_93,Rack_3,10,5,coke_v_big,257
frame_93,Rack_3,9,14,pepsi_big,222
frame_93,Rack_3,11,14,pepsi_big,190
frame_93,Rack_3,54,14,pepsi_big,158
frame_93,Rack_3,19,10,fanta_grape_big,122
frame_93,Rack_3,51,10,fanta_grape_big,91
frame_93,Rack_3,59,10,fanta_grape_big,65
frame_93,Rack_3,23,12,fanta_straw_big,32
frame_94,Rack_3,6,9,empty,552
frame_94,Rack_3,13,7,coke_z_big,471
frame_94,Rack_3,1,7,coke_z_big,433
frame_94,Rack_3,39,5,coke_v_big,397
frame_94,Rack_3,4,5,coke_v_big,361
frame_94,Rack_3,33,5,coke_v_big,326
frame_94,Rack_3,18,5,coke_v_big,292
frame_94,Rack_3,10,5,coke_v_big,257
frame_94,Rack_3,9,14,pepsi_big,222
frame_94,Rack_3,11,14,pepsi_big,190
frame_94,Rack_3,54,14,pepsi_big,158
frame_94,Rack_3,19,10,fanta_grape_big,123
frame_94,Rack_3,51,10,fanta_grape_big,92
frame_94,Rack_3,59,10,fanta_grape_big,65
frame_94,Rack_3,23,12,fanta_straw_big,32
frame_95,Rack_3,6,9,empty,552
frame_95,Rack_3,13,7,coke_z_big,471
frame_95,Rack_3,1,7,coke_z_big,433
frame_95,Rack_3,39,5,coke_v_big,397
frame_95,Rack_3,4,5,coke_v_big,361
frame_95,Rack_3,33,5,coke_v_big,326
frame_95,Rack_3,18,5,coke_v_big,292
frame_95,Rack_3,10,5,coke_v_big,257
frame_95,Rack_3,9,14,pepsi_big,222
frame_95,Rack_3,11,14,pepsi_big,190
frame_95,Rack_3,54,14,pepsi_big,158
frame_95,Rack_3,19,10,fanta_grape_big,122
frame_95,Rack_3,51,10,fanta_grape_big,92
frame_95,Rack_3,59,10,fanta_grape_big,65
frame_95,Rack_3,23,12,fanta_straw_big,33
frame_96,Rack_3,6,9,empty,553
frame_96,Rack_3,13,7,coke_z_big,471
frame_96,Rack_3,1,7,coke_z_big,434
frame_96,Rack_3,39,5,coke_v_big,397
frame_96,Rack_3,4,5,coke_v_big,361
frame_96,Rack_3,33,5,coke_v_big,326
frame_96,Rack_3,18,5,coke_v_big,293
frame_96,Rack_3,10,5,coke_v_big,257
frame_96,Rack_3,9,14,pepsi_big,222
frame_96,Rack_3,11,14,pepsi_big,190
frame_96,Rack_3,54,14,pepsi_big,158
frame_96,Rack_3,19,10,fanta_grape_big,122
frame_96,Rack_3,51,10,fanta_grape_big,92
frame_96,Rack_3,59,10,fanta_grape_big,65
frame_96,Rack_3,23,12,fanta_straw_big,33
frame_97,Rack_3,6,9,empty,552
frame_97,Rack_3,13,7,coke_z_big,471
frame_97,Rack_3,1,7,coke_z_big,434
frame_97,Rack_3,39,5,coke_v_big,397
frame_97,Rack_3,4,5,coke_v_big,361
frame_97,Rack_3,33,5,coke_v_big,326
frame_97,Rack_3,18,5,coke_v_big,293
frame_97,Rack_3,10,5,coke_v_big,258
frame_97,Rack_3,9,14,pepsi_big,223
frame_97,Rack_3,11,14,pepsi_big,190
frame_97,Rack_3,54,14,pepsi_big,158
frame_97,Rack_3,19,10,fanta_grape_big,123
frame_97,Rack_3,51,10,fanta_grape_big,92
frame_97,Rack_3,59,10,fanta_grape_big,66
frame_97,Rack_3,23,12,fanta_straw_big,33
frame_98,Rack_3,6,9,empty,552
frame_98,Rack_3,13,7,coke_z_big,472
frame_98,Rack_3,1,7,coke_z_big,434
frame_98,Rack_3,39,5,coke_v_big,398
frame_98,Rack_3,4,5,coke_v_big,361
frame_98,Rack_3,33,5,coke_v_big,327
frame_98,Rack_3,18,5,coke_v_big,293
frame_98,Rack_3,10,5,coke_v_big,258
frame_98,Rack_3,9,14,pepsi_big,223
frame_98,Rack_3,11,14,pepsi_big,190
frame_98,Rack_3,54,14,pepsi_big,159
frame_98,Rack_3,19,10,fanta_grape_big,123
frame_98,Rack_3,51,10,fanta_grape_big,92
frame_98,Rack_3,59,10,fanta_grape_big,66
frame_98,Rack_3,23,12,fanta_straw_big,33
frame_99,Rack_3,6,9,empty,553
frame_99,Rack_3,13,7,coke_z_big,472
frame_99,Rack_3,1,7,coke_z_big,434
frame_99,Rack_3,39,5,coke_v_big,398
frame_99,Rack_3,4,5,coke_v_big,362
frame_99,Rack_3,33,5,coke_v_big,327
frame_99,Rack_3,18,5,coke_v_big,293
frame_99,Rack_3,10,5,coke_v_big,258
frame_99,Rack_3,9,14,pepsi_big,223
frame_99,Rack_3,11,14,pepsi_big,191
frame_99,Rack_3,54,14,pepsi_big,159
frame_99,Rack_3,19,10,fanta_grape_big,123
frame_99,Rack_3,51,10,fanta_grape_big,92
frame_99,Rack_3,59,10,fanta_grape_big,66
frame_99,Rack_3,23,12,fanta_straw_big,33
